	date	high	low	open	close	volume	quoteVolume	weightedAverage
0	2016-12-31 23:00:00	966.17368384	966.17368384	966.17368384	966.17368384	0.0	0.0	966.17368384
1	2017-01-01 00:00:00	967.0	961.7	965.00000055	966.75	24033.08385062	24.91153002	964.73736584
2	2017-01-01 02:00:00	968.0	957.02	966.99999999	960.54319521	42584.36294734	44.25581965	962.23193433
3	2017-01-01 04:00:00	967.46186749	960.19226674	960.97761407	964.50000015	39965.22611123	41.44027597	964.40540454
4	2017-01-01 06:00:00	967.99989999	962.61528653	964.49999766	967.8	19650.72157597	20.36129483	965.10176489
5	2017-01-01 08:00:00	967.85	962.72003911	966.99999999	963.85195701	23073.87040708	23.91176962	964.9587117
6	2017-01-01 10:00:00	976.301	964.67378955	965.61528862	974.51000806	81718.71529224	84.16283853	970.95959118
7	2017-01-01 12:00:00	976.301	970.71223893	974.51001253	974.99999999	12385.89848927	12.71955921	973.76790223
8	2017-01-01 14:00:00	980.00000001	972.54763186	973.73407716	979.15442978	71748.25860157	73.37417979	977.8406901
9	2017-01-01 16:00:00	999.9	979.15442979	979.15442979	994.29353106	218056.30931107	219.89695608	991.62950319
10	2017-01-01 18:00:00	1002.0	993.00000159	993.00000159	999.70000119	165222.77878366	165.49940302	998.32854843
11	2017-01-01 20:00:00	1008.54999326	997.90001872	997.90001872	1005.99999956	159561.34911817	159.05849007	1003.16147253
12	2017-01-01 22:00:00	1007.40360648	993.71208086	1005.99999939	999.36463982	338867.68710064	337.74651914	1003.31955445
13	2017-01-02 00:00:00	1002.29527406	997.11485556	999.92218873	998.79014392	76089.40994376	76.16714509	998.97941368
14	2017-01-02 02:00:00	1017.0	997.18400001	1001.99999991	1012.99999844	131041.42812068	130.02176558	1007.84224499
15	2017-01-02 04:00:00	1017.99999999	1005.36570622	1011.70463477	1014.78896246	53013.21216846	52.32040814	1013.24156391
16	2017-01-02 06:00:00	1019.94999999	1010.0	1013.45820897	1018.92603154	74740.55090347	73.69599879	1014.17379682
17	2017-01-02 08:00:00	1020.0	1011.0	1019.0	1019.81726804	97897.90603498	96.4326753	1015.19433874
18	2017-01-02 10:00:00	1034.32896003	1017.96518928	1019.81726794	1033.5	131581.35639701	128.26654545	1025.84314511
19	2017-01-02 12:00:00	1033.9990995	1000.00000001	1033.5	1017.20000677	368109.90502477	361.27650444	1018.91460003
20	2017-01-02 14:00:00	1029.72687521	1015.76373813	1019.00519518	1028.0	91714.89749691	89.49952029	1024.75295062
21	2017-01-02 16:00:00	1033.9990995	1022.08670546	1027.53000002	1024.49999964	147495.34458145	143.41816989	1028.42857843
22	2017-01-02 18:00:00	1028.98386194	1011.0713565	1024.49999964	1013.66007041	202831.10502337	198.88127522	1019.86023972
23	2017-01-02 20:00:00	1025.0	994.00000044	1012.18140289	1017.0	412214.99455651	408.71142189	1008.57224065
24	2017-01-02 22:00:00	1024.99999999	1014.85898962	1017.49999997	1019.00000076	61051.27609351	59.89559998	1019.29484158
25	2017-01-03 00:00:00	1030.35455897	1018.00000023	1019.00000076	1028.78073475	94551.31829265	92.10264047	1026.58640197
26	2017-01-03 02:00:00	1028.999	1020.0	1028.6797353	1027.90845791	60788.24845289	59.3988122	1023.39165046
27	2017-01-03 04:00:00	1028.999	1021.7999948	1028.36329008	1023.45001295	44894.70325175	43.77541724	1025.56882566
28	2017-01-03 06:00:00	1025.00000491	1015.40000001	1023.45001295	1020.60000451	123523.00730521	121.08188446	1020.16092544
29	2017-01-03 08:00:00	1025.00000491	1011.0	1021.99999999	1012.814399	122467.20897397	120.11686192	1019.56716997
30	2017-01-03 10:00:00	1022.0	1010.0	1016.85820444	1020.44	123880.24574845	122.1247694	1014.37444964
31	2017-01-03 12:00:00	1025.98126518	1012.9	1020.44	1018.32000001	97527.18305872	95.68446821	1019.25824413
32	2017-01-03 14:00:00	1021.17574655	1012.23593031	1018.38100001	1018.06785697	142562.69905541	140.33004359	1015.91003186
33	2017-01-03 16:00:00	1020.0178	1013.0	1017.99999999	1020.0	106865.36681377	105.12204779	1016.58376202
34	2017-01-03 18:00:00	1025.5	1013.63738292	1020.0	1023.29999998	94294.65631316	92.31674366	1021.42528619
35	2017-01-03 20:00:00	1028.99	1016.93177388	1023.0	1027.94999998	139388.22460096	136.10382139	1024.13160172
36	2017-01-03 22:00:00	1042.02336482	1025.01589058	1027.95	1037.1	216498.28319597	209.61370293	1032.84413265
37	2017-01-04 00:00:00	1045.99999999	1035.9006986	1037.1	1043.02205141	105991.50272315	101.7461737	1041.72470441
38	2017-01-04 02:00:00	1052.86383786	1039.46521035	1043.02205362	1050.56828404	118808.29474074	113.51798303	1046.603292
39	2017-01-04 04:00:00	1058.80000008	1044.68794903	1048.77041661	1058.47673621	180793.81450957	171.37423833	1054.96494847
40	2017-01-04 06:00:00	1065.0	1055.00000073	1058.06685329	1058.41310249	103849.49256848	98.00987697	1059.58190928
41	2017-01-04 08:00:00	1065.0	1055.00000001	1058.41310249	1063.40900442	102197.46190717	96.37008729	1060.46870746
42	2017-01-04 10:00:00	1086.48000004	1063.40900335	1065.0	1079.99999989	326226.85948802	303.14135901	1076.15424221
43	2017-01-04 12:00:00	1095.0	1075.0	1079.99999989	1094.49006004	333397.27182549	306.48556977	1087.80740338
44	2017-01-04 14:00:00	1095.23421286	1057.02770894	1094.49006004	1085.75	584349.00686569	542.84987004	1076.44680254
45	2017-01-04 16:00:00	1133.08023293	1083.47618919	1085.75	1131.42250006	579243.17379665	521.79691991	1110.09312568
46	2017-01-04 18:00:00	1135.99999998	1091.0	1131.42250004	1120.0	778811.89978294	695.37299767	1119.9915763
47	2017-01-04 20:00:00	1129.99999999	1089.0	1120.0	1095.0	437003.82463383	394.88020849	1106.67441729
48	2017-01-04 22:00:00	1148.0	1094.0000011	1095.0	1136.0	488836.55632233	432.68247933	1129.78125917
49	2017-01-05 00:00:00	1140.0	1097.00000009	1134.10000001	1129.01000001	327404.66818354	292.46990605	1119.44737359
50	2017-01-05 02:00:00	1139.0	1120.0	1128.5	1137.74514047	151740.81334129	134.16708741	1130.98388189
51	2017-01-05 04:00:00	1159.103	1128.0	1135.74514048	1145.0	291567.84991902	253.86854634	1148.49930849
52	2017-01-05 06:00:00	1155.93937902	1135.0	1145.0	1146.62889542	196815.51920254	172.1884739	1143.02377357
53	2017-01-05 08:00:00	1148.79999697	1035.0	1146.62889524	1067.00000001	1258204.7872729	1157.31823482	1087.17269754
54	2017-01-05 10:00:00	1111.0	1064.0	1070.00000001	1088.74884984	517366.05375754	476.78066562	1085.12381282
55	2017-01-05 12:00:00	1087.24166247	882.01	1085.51000021	944.09290145	3444808.2375764	3538.15910183	973.61597894
56	2017-01-05 14:00:00	995.0	937.81854879	946.71481478	994.99999999	1146843.7083128	1191.05910503	962.87724384
57	2017-01-05 16:00:00	995.0	940.338	994.99999999	960.01000051	822968.83792047	856.11556946	961.28241008
58	2017-01-05 18:00:00	985.058661	953.0	960.01000052	959.99999998	463882.11045761	479.20190681	968.03060226
59	2017-01-05 20:00:00	977.99999	950.0	958.956	965.05975	251501.09888493	261.06650925	963.36025485
60	2017-01-05 22:00:00	1018.99148415	962.8168758	965.05975	998.8	751641.45203689	755.53927892	994.84100033
61	2017-01-06 00:00:00	1024.88	993.73480452	998.8	1004.91582196	261494.07508191	257.91819795	1013.86438475
62	2017-01-06 02:00:00	1007.0	950.0	1005.0	979.81575992	444729.51214626	455.19022752	977.0190247
63	2017-01-06 04:00:00	985.01	970.0	979.81575995	979.84378433	240472.81548772	247.11806099	973.10902539
64	2017-01-06 06:00:00	981.21899961	937.913	979.84378433	974.99999999	337454.95948564	351.52092029	959.98542336
65	2017-01-06 08:00:00	975.01000003	910.99999979	974.0	932.99999997	634976.57501205	678.62933439	935.67510691
66	2017-01-06 10:00:00	940.74999998	870.0	933.48999993	892.43999996	1332974.4763726	1481.24448041	899.90173398
67	2017-01-06 12:00:00	907.89999998	874.148117	890.00000007	903.33179786	680692.60123684	764.30107387	890.60793515
68	2017-01-06 14:00:00	919.98291433	880.39694749	900.10000005	914.01000287	509204.71752579	563.98862939	902.86344615
69	2017-01-06 16:00:00	923.00000023	900.0	915.0	910.10000107	293811.5838357	322.65714409	910.59996413
70	2017-01-06 18:00:00	913.3	880.92005365	912.68029404	890.99999795	433853.18909545	485.63976474	893.3642189
71	2017-01-06 20:00:00	903.75895	875.2	886.8860016	895.071704	328958.23153924	369.49704468	890.28650235
72	2017-01-06 22:00:00	898.0410951	883.0000004	896.99999785	896.0	220115.00597435	247.31415605	890.02186324
73	2017-01-07 00:00:00	898.96838814	856.201	896.0	865.27842296	257337.40385665	293.50359164	876.77769944
74	2017-01-07 02:00:00	866.0000001	825.0	865.27842298	837.76000239	938345.74471357	1109.53364503	845.71184381
75	2017-01-07 04:00:00	852.0	820.0	837.40000239	830.2670016	358070.99633479	427.98503534	836.64372996
76	2017-01-07 06:00:00	841.99999899	828.0	831.99999999	838.1	242563.80728701	290.73702208	834.3065687
77	2017-01-07 08:00:00	889.99899915	818.45971802	838.41599726	889.99899915	621958.71127995	733.128724	848.36221923
78	2017-01-07 10:00:00	894.76127981	874.19591181	890.0	878.86999998	305904.8617991	346.85275753	881.94444229
79	2017-01-07 12:00:00	898.58599994	860.0	877.76263342	875.56100158	391555.10138198	445.98314079	877.95942395
80	2017-01-07 14:00:00	898.0	871.42100001	875.56100169	891.0	400154.01164163	450.52829244	888.18841869
81	2017-01-07 16:00:00	910.8275191	890.95402091	891.0	903.00000091	355185.87670157	392.32333602	905.33966269
82	2017-01-07 18:00:00	907.99999702	878.0	904.99999938	888.99999999	248427.11023017	277.95971342	893.75221744
83	2017-01-07 20:00:00	896.44	884.0	888.99999999	889.70129829	202008.49364442	227.25509552	888.90633313
84	2017-01-07 22:00:00	907.99989999	889.70129829	889.70129829	907.19047915	124565.9311991	138.31035017	900.62624413
85	2017-01-08 00:00:00	907.25	895.52637828	907.0	901.70823398	97199.83521367	107.72740469	902.27584608
86	2017-01-08 02:00:00	922.0	897.85000315	901.70823398	921.99999981	266261.80913737	291.15680131	914.49627121
87	2017-01-08 04:00:00	939.65955395	917.91194132	921.99999982	934.99999999	494801.75530845	532.83401319	928.62269123
88	2017-01-08 06:00:00	938.0	925.44600001	933.87000371	931.99999847	128613.48751074	137.74764998	933.68915933
89	2017-01-08 08:00:00	938.0	927.3	931.99999892	936.89999857	126709.34628462	135.6616126	934.01032065
90	2017-01-08 10:00:00	936.99999581	910.000001	936.8999977	912.0	321046.96751675	346.82383543	925.67734601
91	2017-01-08 12:00:00	928.965	912.00000083	913.99999985	919.00000002	204971.11338964	222.74521875	920.20432375
92	2017-01-08 14:00:00	928.59999988	898.00000138	920.99999128	913.15999863	360767.83907129	396.53472543	909.80137661
93	2017-01-08 16:00:00	918.22864384	891.1	912.75	915.00000001	239815.87398454	265.4178319	903.5409274
94	2017-01-08 18:00:00	918.22864384	897.00000005	917.50563069	907.94999997	187890.66143329	206.89224669	908.15709355
95	2017-01-08 20:00:00	919.0	906.0000001	907.94999999	911.47999852	164433.64692272	179.90680756	913.9934678
96	2017-01-08 22:00:00	917.99989971	901.69999598	911.0	916.0	119833.24229482	131.39269767	912.02360876
97	2017-01-09 00:00:00	916.41833046	880.0	916.41832969	881.99999955	514095.94760713	575.91855353	892.65390818
98	2017-01-09 02:00:00	895.10000005	883.19491365	883.19491365	890.0	55356.17392267	62.14293012	890.78795956
99	2017-01-09 04:00:00	898.67291085	883.01000001	893.85999803	895.99999997	166239.17738386	186.14746576	893.05098355
100	2017-01-09 06:00:00	898.0	889.97999999	895.99999994	889.99999999	60488.28032217	67.6964393	893.52233215
101	2017-01-09 08:00:00	892.87464475	882.52000001	889.66063704	886.79	119155.70806517	134.21695144	887.78434308
102	2017-01-09 10:00:00	911.0	886.5	886.5	906.0	116331.5482711	128.96058152	902.07059319
103	2017-01-09 12:00:00	911.0	903.02000507	906.00999964	905.98999697	109196.06435827	120.31268568	907.60225109
104	2017-01-09 14:00:00	905.9899945	900.52000008	904.92000507	901.05458313	32831.31730297	36.3395067	903.46073142
105	2017-01-09 16:00:00	905.08458416	890.08999205	902.0	897.3206348	122419.09870806	136.48629626	896.93326042
106	2017-01-09 18:00:00	897.20834255	890.47278299	895.0000091	894.0000014	86327.86471514	96.58650959	893.78801534
107	2017-01-09 20:00:00	902.94999996	894.00000141	894.7	897.5400111	70737.24377294	78.7187038	898.60783216
108	2017-01-09 22:00:00	907.98888878	895.27687875	901.49999891	902.0	108148.09376134	119.89814533	901.99972204
109	2017-01-10 00:00:00	915.83230945	902.00003575	903.00000001	911.0	114932.55889272	126.17644727	910.88758147
110	2017-01-10 02:00:00	913.99999999	903.88000001	911.7	908.86999948	15278.62331277	16.77243703	910.93639436
111	2017-01-10 04:00:00	908.86999944	898.0	908.86999944	900.0	47930.63135272	53.11550116	902.38499695
112	2017-01-10 06:00:00	906.9	900.0	900.0	903.15195191	69410.0376764	76.77140054	904.11321388
113	2017-01-10 08:00:00	914.3	903.15194953	905.00000026	911.51000047	72027.39058238	79.18096966	909.65532364
114	2017-01-10 10:00:00	915.0	901.18	911.51000133	906.81743258	203091.59079948	223.32956244	909.38068646
115	2017-01-10 12:00:00	912.65999999	904.3	906.81743258	909.29999981	71206.9161425	78.34844042	908.84918398
116	2017-01-10 14:00:00	910.69999	902.00500001	909.29999959	905.75000482	29688.02773691	32.7836716	905.57360685
117	2017-01-10 16:00:00	907.99999977	904.10000001	906.03568146	905.99899997	42323.55431444	46.69158197	906.44935401
118	2017-01-10 18:00:00	907.40798311	904.08	904.81000001	906.15000002	21456.2072598	23.68221059	906.00525564
119	2017-01-10 20:00:00	912.21672002	905.5	906.5	912.09999667	56059.40639094	61.63374756	909.55699775
120	2017-01-10 22:00:00	912.07834632	907.1	912.07834632	907.1	40507.6329838	44.4992151	910.29994333
121	2017-01-11 00:00:00	910.83433919	907.10000001	907.92945179	910.00000001	54863.94296356	60.29596019	909.91076003
122	2017-01-11 02:00:00	914.33340002	910.0	910.83433794	914.0	73945.3852354	81.15076208	911.20999162
123	2017-01-11 04:00:00	927.82810365	914.0	914.16670001	921.0000088	330158.6988551	358.19133855	921.73836528
124	2017-01-11 06:00:00	924.9999	918.0	921.00001191	919.17999343	103869.36841453	112.79312354	920.88387265
125	2017-01-11 08:00:00	919.22997286	846.0	918.00000004	867.4827916	881079.07575648	1005.70635249	876.07985529
126	2017-01-11 10:00:00	878.0	831.1	867.48279159	844.0	684019.7836002	802.09187342	852.79480601
127	2017-01-11 12:00:00	844.00000202	790.320679	844.0	816.00000011	1735709.4950616	2130.4804331	814.70332611
128	2017-01-11 14:00:00	818.72837499	798.0	814.99	799.89999927	450396.51186557	559.11321537	805.55511743
129	2017-01-11 16:00:00	817.99999978	751.0	799.0	767.00000001	1020781.6718503	1316.77832068	775.21148079
130	2017-01-11 18:00:00	813.99999994	765.0	769.0	794.99999999	548568.6136598	696.41492929	787.70369586
131	2017-01-11 20:00:00	805.00000001	775.03841069	793.81586619	784.72748462	460694.58663638	584.53949901	788.13251699
132	2017-01-11 22:00:00	795.34975779	780.0	782.58437616	781.81160101	178454.19766988	226.84174075	786.69030258
133	2017-01-12 00:00:00	784.99999999	754.999992	781.85160104	771.39246813	580240.94346041	757.72572908	765.76645241
134	2017-01-12 02:00:00	785.398	765.16200038	768.95459637	779.87033055	179697.68438315	231.23948753	777.10639433
135	2017-01-12 04:00:00	779.87033019	765.00001001	779.87033018	768.99999916	138626.96450599	180.14345647	769.53649731
136	2017-01-12 06:00:00	773.97999752	752.0102	768.99999916	757.00000001	187648.55145162	245.89820553	763.1147655
137	2017-01-12 08:00:00	772.0759613	756.36590849	756.77000007	763.84965373	101211.72068645	132.56432606	763.49138335
138	2017-01-12 10:00:00	782.49899998	760.9545389	760.9545389	768.49999926	226846.51587171	294.66095467	769.85604056
139	2017-01-12 12:00:00	780.70000001	766.80000272	768.49999892	777.00000002	121896.21870599	157.83160942	772.31816335
140	2017-01-12 14:00:00	802.86012262	777.8353803	777.8353803	797.49999951	409547.43063072	519.23321517	788.75429896
141	2017-01-12 16:00:00	813.99	796.00000002	797.00000001	807.76369577	284956.7176878	353.79503335	805.42882411
142	2017-01-12 18:00:00	819.999	803.44861063	807.20636957	819.00000001	143953.18673802	177.2183744	812.29267126
143	2017-01-12 20:00:00	832.09999999	814.50349551	819.99	826.99999997	285596.27040305	347.34590218	822.22438385
144	2017-01-12 22:00:00	832.87989967	798.12111111	826.99999922	803.6952791	417727.14592487	513.16785529	814.01658661
145	2017-01-13 00:00:00	814.1319989	802.58703917	805.00000361	807.99999999	61521.05980009	76.14280069	807.96948946
146	2017-01-13 02:00:00	812.01899497	788.0	808.0	788.00000001	184341.74459165	230.79561555	798.72290533
147	2017-01-13 04:00:00	789.39999854	780.0	788.00000001	784.00000004	230853.73118766	294.86098462	782.92396494
148	2017-01-13 06:00:00	793.16660999	776.02899497	785.0	780.68833696	116837.07742931	148.7873659	785.26208675
149	2017-01-13 08:00:00	805.8585361	780.10000215	780.68833696	803.0	176357.86766969	221.9074169	794.73624691
150	2017-01-13 10:00:00	804.98999993	791.69674587	801.59723148	800.57700018	100971.19689277	126.3526359	799.12220408
151	2017-01-13 12:00:00	805.99943569	792.00000028	802.52014563	805.99943569	125311.08616107	157.12727765	797.5132519
152	2017-01-13 14:00:00	821.85048198	801.63603586	805.00000033	816.30948948	189897.09975898	233.05508475	814.81637683
153	2017-01-13 16:00:00	830.59290797	815.00000013	817.0	823.35861316	410256.81707353	497.43939177	824.73729234
154	2017-01-13 18:00:00	828.6	817.09013543	824.0	821.3749542	145001.75311535	176.32054165	822.37583754
155	2017-01-13 20:00:00	829.99888	817.0	821.3749542	829.0	206701.2641675	250.95540279	823.65735851
156	2017-01-13 22:00:00	830.0	821.0	826.00200001	826.0	61663.41291421	74.65872926	825.93708097
157	2017-01-14 00:00:00	836.04000001	824.32452386	827.0	836.04000001	143603.5226684	172.79311615	831.07201182
158	2017-01-14 02:00:00	836.04000001	816.17353591	836.03999996	818.1879795	117061.5684618	141.70374428	826.10074318
159	2017-01-14 04:00:00	824.89999983	816.7	818.18797951	822.99999999	19245.12097458	23.42517072	821.55734123
160	2017-01-14 06:00:00	827.50199999	821.37516096	821.37516097	825.105	33948.8972142	41.20460873	823.91019501
161	2017-01-14 08:00:00	831.00000001	822.45373698	825.105	827.50000026	43937.65194277	53.12670882	827.03508119
162	2017-01-14 10:00:00	834.6999	826.32	827.00000001	834.69989999	55312.97243097	66.54743181	831.18117298
163	2017-01-14 12:00:00	836.0	821.1048368	833.67	821.1048368	121184.87434838	145.87601902	830.73883673
164	2017-01-14 14:00:00	832.68979574	820.14	822.0	830.1	115273.98994588	139.73979987	824.91881377
165	2017-01-14 16:00:00	832.49999999	823.33	830.96749484	827.99999999	35713.08225918	43.20829149	826.53308028
166	2017-01-14 18:00:00	829.99999999	824.4	827.99999999	825.0	23741.46791369	28.67814283	827.85932319
167	2017-01-14 20:00:00	830.19	805.01	825.0	816.8135096	274848.47625017	335.2463658	819.84028549
168	2017-01-14 22:00:00	819.121212	801.97500223	816.81350996	817.47703098	127119.58776306	156.83838362	810.51324828
169	2017-01-15 00:00:00	822.7029242	815.57384549	817.47703099	819.00116132	51388.75648343	62.6228402	820.6072468
170	2017-01-15 02:00:00	820.99999999	812.57281779	819.00116132	816.0	48517.47935724	59.36100504	817.32914266
171	2017-01-15 04:00:00	817.99999999	812.85285172	816.0	812.85285172	33709.17789523	41.28963759	816.40769604
172	2017-01-15 06:00:00	815.4088766	805.0	814.11480305	808.69593493	108062.07059934	133.37941446	810.18552253
173	2017-01-15 08:00:00	823.08237983	805.23447585	807.1460251	818.97952499	85545.60021102	105.25414035	812.75282783
174	2017-01-15 10:00:00	821.15529059	817.23198188	821.15529059	819.9908239	29300.86820217	35.73549316	819.93742386
175	2017-01-15 12:00:00	823.498	817.000005	819.99999799	819.01000033	73731.87644594	89.88829858	820.26111975
176	2017-01-15 14:00:00	820.49999358	809.66	820.00000243	813.97999594	44788.83853427	55.03979272	813.7537647
177	2017-01-15 16:00:00	817.73093664	809.65999994	813.97999594	812.71282318	69324.516371	85.39059234	811.85192034
178	2017-01-15 18:00:00	813.69999808	806.65297109	812.87999999	809.44000065	73742.36808449	91.00272383	810.33143823
179	2017-01-15 20:00:00	816.1	807.44000067	809.45000065	814.88837798	54526.41675372	67.15332026	811.96903656
180	2017-01-15 22:00:00	821.7200101	810.95800001	814.88837798	818.7012449	59742.1950495	73.14192666	816.79821379
181	2017-01-16 00:00:00	829.0	817.54469374	818.762	829.0	106344.77226227	129.30899833	822.40813582
182	2017-01-16 02:00:00	834.15680536	824.29264586	828.06141968	829.0	90685.40756953	109.26788023	829.93655023
183	2017-01-16 04:00:00	829.0	823.77539026	829.0	826.0	12940.5662504	15.65744324	826.48016359
184	2017-01-16 06:00:00	830.0	825.31200001	825.72342244	828.99	48486.26119427	58.58493856	827.62331729
185	2017-01-16 08:00:00	830.9	825.3	828.621	830.9	32201.75600914	38.90653429	827.66960863
186	2017-01-16 10:00:00	830.9	816.0	830.9	818.445	85308.7146506	103.92242589	820.88840709
187	2017-01-16 12:00:00	827.0	817.56765385	818.445	825.20731926	35744.16306974	43.4616955	822.42909896
188	2017-01-16 14:00:00	828.93821481	822.86678792	824.53858028	828.93821481	25730.31075719	31.16336674	825.6588889
189	2017-01-16 16:00:00	830.00000001	826.2487981	828.91413358	827.00000002	36217.34648954	43.72027332	828.38792485
190	2017-01-16 18:00:00	832.8914193	824.08002305	827.99899351	830.89999918	76580.60357743	92.37385895	829.02895308
191	2017-01-16 20:00:00	830.89999778	826.0	830.7331087	827.16995457	28156.3521936	33.99241771	828.31272649
192	2017-01-16 22:00:00	834.0	826.11	827.0339759	829.00000001	65395.96127879	78.76037222	830.31554366
193	2017-01-17 00:00:00	831.99999999	827.75970935	829.00000001	831.00000205	24385.32100929	29.36110096	830.53156087
194	2017-01-17 02:00:00	843.51540827	831.0	831.8	843.51540827	138270.32613877	165.00005086	838.00171829
195	2017-01-17 04:00:00	858.80000004	843.41	843.52062606	858.00000001	141980.78675869	166.43190956	853.08632902
196	2017-01-17 06:00:00	888.99999999	855.5	858.00000001	880.000005	364826.77170703	417.32886894	874.19490684
197	2017-01-17 08:00:00	893.49999999	875.4	880.000005	878.19113494	420765.26827275	475.54681382	884.80304366
198	2017-01-17 10:00:00	889.55	870.4	879.0	874.0	163656.98235065	185.50522213	882.22304726
199	2017-01-17 12:00:00	883.9	867.08	871.99000086	879.99999999	294378.26891478	336.01736392	876.08052596
200	2017-01-17 14:00:00	884.98999999	875.01110001	877.80000466	879.16999925	128503.3683246	145.95569468	880.42723243
201	2017-01-17 16:00:00	901.0	875.91597447	879.16999821	899.99999999	282175.83353147	316.08505839	892.72120285
202	2017-01-17 18:00:00	907.0	890.8120895	899.2	905.31111	358824.19378103	399.01946815	899.26487909
203	2017-01-17 20:00:00	908.53017772	891.11000001	905.96594059	898.02111	159101.98543401	177.04082176	898.67401118
204	2017-01-17 22:00:00	908.30000002	896.5998	897.96907708	902.70000066	202514.18747458	223.8498402	904.6876571
205	2017-01-18 00:00:00	912.0	885.99999999	902.27579339	889.725544	314904.88685827	349.08091733	902.09711051
206	2017-01-18 02:00:00	893.49424601	880.0	889.72554315	888.85	149493.37516774	168.51992979	887.09611589
207	2017-01-18 04:00:00	900.80521098	888.780011	888.78001101	898.67094062	96926.35182427	107.90710318000001	898.23884589
208	2017-01-18 06:00:00	898.67094061	890.16642296	898.67094061	893.0	73147.83740087	81.66721571	895.68178325
209	2017-01-18 08:00:00	894.49999903	881.1415926	894.49999903	890.95000003	134573.47119468	151.67343143	887.25803804
210	2017-01-18 10:00:00	900.49125578	890.31685033	890.95000003	898.16478901	77057.27532749	85.96853227	896.34280466
211	2017-01-18 12:00:00	900.0	855.14564564	898.16478901	867.00000014	457215.92139422	523.08893077	874.06919645
212	2017-01-18 14:00:00	876.9487	850.0	867.00000013	872.59999965	294589.89935284	342.86250731	859.20709634
213	2017-01-18 16:00:00	876.9487	862.02	872.59999909	873.09822882	150299.14324677	172.33514799	872.13284695
214	2017-01-18 18:00:00	876.4000175	867.0	871.00000728	870.22299773	57655.86069975	66.18818916	871.08986409
215	2017-01-18 20:00:00	875.0	864.0	870.22299829	873.5	85063.76193612	97.85155563000001	869.31435467
216	2017-01-18 22:00:00	889.00000041	873.00000001	874.0	886.20000033	68935.56534516	78.3710266	879.60523596
217	2017-01-19 00:00:00	899.98	886.20000046	886.20000054	887.89999999	174547.28267296	195.27782717	893.84076626
218	2017-01-19 02:00:00	896.0	883.3	887.9	894.269	87710.55517849	98.39719573	891.39283419
219	2017-01-19 04:00:00	894.26899999	888.6	894.26899999	889.88899988	36783.61482912	41.30324863	890.57437487
220	2017-01-19 06:00:00	891.0	886.24991111	889.88899988	889.4999972	66589.37286313	74.91459618	888.87047729
221	2017-01-19 08:00:00	897.12000001	887.10000629	889.49998985	894.49949918	134089.33190628	150.08401286	893.42848282
222	2017-01-19 10:00:00	894.74999902	885.00000141	893.00000001	887.0	73078.60075821	82.16525023	889.41006756
223	2017-01-19 12:00:00	894.2	886.38000069	886.38000069	889.0	74491.08682826	83.79543779	888.96351392
224	2017-01-19 14:00:00	894.0	886.38000001	888.00003016	892.04883208	56052.81481516	62.84634339	891.90256412
225	2017-01-19 16:00:00	904.25487963	892.01	894.0	903.00000001	182278.6289927	203.03502406	897.76938652
226	2017-01-19 18:00:00	904.86200041	898.00000001	903.00000001	901.50000006	87183.29221454	96.71884971	901.40952333
227	2017-01-19 20:00:00	906.999999	900.94172922	901.50000008	903.33999998	128259.26047224	141.86217499	904.11175834
228	2017-01-19 22:00:00	905.00000232	891.10000001	903.33999998	900.23240036	118048.54642852	131.52589277	897.53085071
229	2017-01-20 00:00:00	902.0	895.0	900.30000001	896.0	64050.83983896	71.291801	898.43206288
230	2017-01-20 02:00:00	901.86	895.00002738	897.21255685	899.00000001	45329.29586567	50.4543449	898.4220478
231	2017-01-20 04:00:00	900.30688287	886.53000002	900.30688287	893.87932761	132473.08060896	148.70648143	890.8359564
232	2017-01-20 06:00:00	896.99999997	889.00000011	894.35202687	896.89999999	49024.77466481	54.89547866	893.05669358
233	2017-01-20 08:00:00	897.99999859	889.0000001	896.75241328	894.0	78680.8992914	88.07544111	893.33528506
234	2017-01-20 10:00:00	896.45	882.5432	894.0	891.77999792	96480.94295527	108.71799796	887.44223372
235	2017-01-20 12:00:00	898.99999999	890.42858561	891.77998999	896.24336186	69469.70433131	77.60501176	895.17033443
236	2017-01-20 14:00:00	900.0	895.04536168	896.24336186	899.74999997	94369.37599667	105.0885539	897.99861635
237	2017-01-20 16:00:00	902.42999999	896.15000001	899.43149294	900.398	59652.0898012	66.3244605	899.39804035
238	2017-01-20 18:00:00	900.398	895.0	900.398	898.62000536	53371.36659468	59.49022886	897.14508781
239	2017-01-20 20:00:00	902.0	894.05074897	898.62000536	900.0	61814.07928161	68.86931739	897.55614872
240	2017-01-20 22:00:00	900.87105033	893.53000001	900.18596391	895.0	37048.68282869	41.30493929	896.9552665
241	2017-01-21 00:00:00	896.77699999	894.00000001	895.09971139	894.34931485	15018.45351116	16.77966092	895.03915381
242	2017-01-21 02:00:00	922.4348548	894.10010012	894.10010012	921.68860335	363567.17229033	398.19979686	913.02701597
243	2017-01-21 04:00:00	924.00000001	908.20000001	921.00000018	914.00000001	236588.88755979	258.36719981	915.70790616
244	2017-01-21 06:00:00	920.00002932	914.0	914.00000001	917.96250105	53690.60409933	58.49898651	917.80400486
245	2017-01-21 08:00:00	922.43485479	915.07820376	917.96250105	919.55006764	74103.73675831	80.62009107	919.1720795
246	2017-01-21 10:00:00	926.99999001	918.76	920.0	922.99999999	93305.39150577	101.15811681	922.3717725
247	2017-01-21 12:00:00	928.0	921.23968182	922.99999999	925.7387455	115936.82773801	125.13543412	926.49079418
248	2017-01-21 14:00:00	926.7	918.76	925.60000001	921.0	128773.99897364	139.82591748	920.95944224
249	2017-01-21 16:00:00	924.04761688	916.50000014	921.0	920.2	199189.98347227	216.44617912	920.27488903
250	2017-01-21 18:00:00	923.97941468	920.0	920.2	921.9	36224.11830484	39.28108751	922.17707301
251	2017-01-21 20:00:00	928.51849391	920.39790165	921.89999964	928.24119911	58909.42424561	63.66661321	925.27969174
252	2017-01-21 22:00:00	928.24119714	924.00000034	928.24118776	925.70599998	22575.39364853	24.37916931	926.01160283
253	2017-01-22 00:00:00	935.1743001	925.40599999	925.70599998	934.0	109036.95322248	117.03626363	931.65101004
254	2017-01-22 02:00:00	939.06071045	932.09335524	934.0	936.12812748	123706.38275705	132.10857418	936.39934822
255	2017-01-22 04:00:00	938.98602714	932.0	937.99999998	932.0	32437.77579131	34.70022906	934.80004801
256	2017-01-22 06:00:00	936.000001	931.00000001	932.30999999	936.000001	52322.87877838	56.02367083	933.94234978
257	2017-01-22 08:00:00	938.0	933.41000001	936.00000099	934.0	30290.53416459	32.3606742	936.02914381
258	2017-01-22 10:00:00	934.0	925.82666496	934.0	932.05084579	175168.03453787	188.51281966	929.21019829
259	2017-01-22 12:00:00	931.86647005	903.51	931.00000207	908.99999911	468375.07367421	513.48915708	912.14209144
260	2017-01-22 14:00:00	915.64092646	894.10010012	908.32066427	912.49999998	260229.13589023	288.02311266	903.50088049
261	2017-01-22 16:00:00	919.99999999	911.60000002	912.49999998	919.99999939	97082.85038797	105.81429244	917.48333943
262	2017-01-22 18:00:00	919.99999998	910.63565114	918.00000036	911.90933725	93443.25979642	102.33950598	913.07124166
263	2017-01-22 20:00:00	922.0	911.70000091	911.70000091	921.97999953	62044.4451446	67.5440274	918.57781558
264	2017-01-22 22:00:00	924.11939955	917.25000001	921.0	924.11939955	63032.73134721	68.48210179	920.4263552
265	2017-01-23 00:00:00	924.11939955	913.49	923.99	916.81750915	68936.5188252	74.96074827	919.63488113
266	2017-01-23 02:00:00	926.0	914.5	915.99700184	922.99999506	73781.17995942	79.95360571	922.79990757
267	2017-01-23 04:00:00	922.0	917.36593974	921.00000001	918.9882109	20733.41467817	22.55226099	919.34971342
268	2017-01-23 06:00:00	922.0	917.0	918.9582114	921.99999999	45418.59472308	49.42508961	918.93803494
269	2017-01-23 08:00:00	922.91	919.53000001	919.53000038	919.53000001	31774.63989872	34.49275598	921.19748033
270	2017-01-23 10:00:00	924.0	918.29545	919.53	924.0	54908.08263898	59.57136534	921.71939195
271	2017-01-23 12:00:00	925.18706602	918.02072569	924.0	922.24023159	79686.49510835	86.50762505	921.14995715
272	2017-01-23 14:00:00	927.2351	914.17625754	922.24023143	919.08765049	801402.26669866	872.27571799	918.74879716
273	2017-01-23 16:00:00	921.999	912.49	917.10000246	918.25285484	104954.26959369	114.40591088	917.38502658
274	2017-01-23 18:00:00	921.78312391	916.44525227	920.0991549	917.90419447	37714.37093524	41.02420875	919.31988658
275	2017-01-23 20:00:00	919.99999999	916.03	916.04000067	919.9889947	14827.72000945	16.16182053	917.45357411
276	2017-01-23 22:00:00	922.0	912.22165	919.9889947	912.22165	91167.64597265	99.35950932	917.55330311
277	2017-01-24 00:00:00	913.83830686	891.31347357	912.22165	901.06598868	601381.01685438	667.32974142	901.17520549
278	2017-01-24 02:00:00	912.99999999	898.74805824	901.06599083	912.2999891	93985.04069113	103.76794409	905.72326083
279	2017-01-24 04:00:00	923.0	911.08807922	911.08807922	916.6793542	161712.59184219	176.33589948	917.07129585
280	2017-01-24 06:00:00	917.99488918	912.35342936	916.49999949	917.64999977	58679.65055304	64.07458426	915.80228308
281	2017-01-24 08:00:00	917.99999999	910.379	915.00000001	914.50000082	120281.47722819	131.7192335	913.16563293
282	2017-01-24 10:00:00	917.35999943	892.0	915.87	904.0	206704.67053917	228.95599006	902.81398833
283	2017-01-24 12:00:00	909.74999846	902.3	904.0	906.41604486	100988.87991896	111.47205693	905.95690705
284	2017-01-24 14:00:00	905.99999951	899.0	905.99999951	902.5	111822.31980386	124.05256369	901.41079295
285	2017-01-24 16:00:00	909.99	900.50000476	900.50000476	907.4	64124.91071072	70.68926556	907.13788299
286	2017-01-24 18:00:00	908.77125025	902.50000001	907.4	903.090001	60324.95614265	66.72470504	904.08726582
287	2017-01-24 20:00:00	904.88999974	896.08898463	903.00000001	898.11788378	186309.18121294	207.11102633	899.5618655
288	2017-01-24 22:00:00	898.59999998	884.281	896.60735602	885.00000008	383320.3591445	430.69435553	890.00553228
289	2017-01-25 00:00:00	895.96003477	884.90000009	885.10000044	893.76260143	226360.28959425	254.61135891	889.04238429
290	2017-01-25 02:00:00	899.99	892.07968401	893.76260143	896.01572809	101297.49945266	113.06410418	895.92979299
291	2017-01-25 04:00:00	898.0	892.24205828	895.0	895.9	37196.94818302	41.55757519	895.07022517
292	2017-01-25 06:00:00	897.14924106	891.52	892.36870177	892.16903834	28721.1047799	32.16327756	892.97817134
293	2017-01-25 08:00:00	898.50350415	892.14594804	893.63259821	892.89619927	70170.03077607	78.41745772	894.82664723
294	2017-01-25 10:00:00	894.41999998	886.51000001	892.89619927	892.0	38607.11171388	43.42045395	889.14574127
295	2017-01-25 12:00:00	896.79999971	882.08	892.01000001	886.00000001	117515.04135978	132.45020517	887.239406
296	2017-01-25 14:00:00	893.77551579	883.0000026	886.00000001	887.0	58372.28874042	65.64297463	889.23893332
297	2017-01-25 16:00:00	894.00000034	885.001	887.0	893.82970966	111765.02852793	125.46867478	890.78033799
298	2017-01-25 18:00:00	896.89620022	891.3	893.82144116	895.76080103	53654.85457331	59.99266368	894.35693103
299	2017-01-25 20:00:00	898.12666992	893.01000002	893.01000002	896.79999931	67350.97909962	75.12881292	896.47335665
300	2017-01-25 22:00:00	896.79999768	892.1	894.08232001	892.66777263	37844.73792887	42.33907585	893.84893668
301	2017-01-26 00:00:00	903.57735491	892.66777263	892.66777263	903.577	168955.2405407	187.99808498	898.70724246
302	2017-01-26 02:00:00	903.577	895.99985559	900.00000005	901.99999999	79859.46059032	88.71906508000001	900.13866262
303	2017-01-26 04:00:00	903.0	898.89553927	901.99999999	901.31803056	38103.65172555	42.2778157	901.26822057
304	2017-01-26 06:00:00	901.83068778	894.54873118	901.1	899.43999473	33036.28821844	36.80660076	897.56422859
305	2017-01-26 08:00:00	905.0	897.10097247	899.43999137	901.49	74366.07050825	82.4300032	902.17235983
306	2017-01-26 10:00:00	904.989	901.49	901.49	903.0	21954.03834279	24.30214491	903.37862868
307	2017-01-26 12:00:00	908.3199	901.69871207	902.99999996	908.0	96446.7515076	106.42672121	906.22684238
308	2017-01-26 14:00:00	916.648749	905.56007546	907.8	916.49140779	173474.24501827	190.12237631	912.43465595
309	2017-01-26 16:00:00	918.0	912.24347474	916.4	913.50000455	117623.77413346	128.64059271	914.35970291
310	2017-01-26 18:00:00	917.0	910.05000016	913.50000553	917.0	87691.28115773	95.85707998	914.81277309
311	2017-01-26 20:00:00	917.3	910.50000009	917.0	915.11285	58951.42355245	64.50412873	913.91705791
312	2017-01-26 22:00:00	916.85	913.18448284	915.00000477	914.09767069	47102.5278157	51.48402361	914.8960107
313	2017-01-27 00:00:00	920.77699999	913.6182191	916.00000001	920.6099999	130275.60391328	142.05976452	917.04786611
314	2017-01-27 02:00:00	920.77699999	910.33800001	920.6099999	913.5214761	84962.5299626	92.81783451	915.36858634
315	2017-01-27 04:00:00	914.85126594	907.8	911.0	912.02999961	58544.68041582	64.25042112	911.19527927
316	2017-01-27 06:00:00	918.0	909.0	909.0	918.0	40816.13554402	44.64849777	914.16593127
317	2017-01-27 08:00:00	917.71422496	912.356	917.71422495	916.0	33258.43835926	36.33278618	915.3836481
318	2017-01-27 10:00:00	918.0	913.00000001	916.0	916.38025536	56860.08886757	62.02957123	916.66100119
319	2017-01-27 12:00:00	918.5	914.50171124	915.76599397	917.99999999	32286.84459136	35.21765144	916.78017332
320	2017-01-27 14:00:00	920.19310934	914.07566115	915.70100001	920.0	70738.768928	77.16903805	916.67293924
321	2017-01-27 16:00:00	921.65	917.0	918.42548281	919.79526601	89798.89937543	97.65716389	919.5321244
322	2017-01-27 18:00:00	919.999	914.777	917.0	917.74999998	66265.39664393	72.27753569	916.81870461
323	2017-01-27 20:00:00	919.81435096	913.74664024	915.11211	918.0	75820.7020962	82.83084124	915.36800738
324	2017-01-27 22:00:00	918.41255499	914.034	918.0	917.02745093	41580.81579109	45.3798297	916.28408625
325	2017-01-28 00:00:00	918.50000002	909.9873	917.43677492	911.03940505	141088.06637268	154.46535921	913.3961627
326	2017-01-28 02:00:00	918.67286548	910.30343197	914.99999999	916.99999999	64442.22765344	70.38746221	915.53560293
327	2017-01-28 04:00:00	918.67286548	914.24545873	916.97999999	918.67286548	16289.70650482	17.76102333	917.16035738
328	2017-01-28 06:00:00	919.10000001	915.4097893	918.67286548	917.10000002	26328.8745006	28.66089162	918.63417404
329	2017-01-28 08:00:00	923.80705883	917.04000001	919.0	921.12686404	94986.10473377	103.23615846	920.08561874
330	2017-01-28 10:00:00	923.80705935	918.00000601	922.99999998	922.75200771	77233.91085677	83.77278655	921.94510935
331	2017-01-28 12:00:00	922.99999996	919.00000003	922.75200851	922.15151496	51138.79754802	55.49053501	921.5769417
332	2017-01-28 14:00:00	922.15151478	918.12000001	922.15151478	919.55	20814.39451662	22.63451533	919.5864905
333	2017-01-28 16:00:00	919.55	916.59999999	918.12000001	916.69632576	29916.25878227	32.57949862	918.25411837
334	2017-01-28 18:00:00	920.5	916.0	918.0	919.256	56473.40134358	61.45128971	918.99456642
335	2017-01-28 20:00:00	926.0	917.50000018	919.256	921.99999969	214452.00523352	232.00866899	924.32755278
336	2017-01-28 22:00:00	921.99999999	918.51134956	921.99999969	918.58600386	35170.08018795	38.19737348	920.74603523
337	2017-01-29 00:00:00	921.99999995	918.52	918.99000001	921.0	31120.0351717	33.83265384	919.82246852
338	2017-01-29 02:00:00	922.0	918.520025	921.0	918.81200988	16028.8593468	17.43014378	919.60568708
339	2017-01-29 04:00:00	922.0	918.81201132	918.81201967	920.47759991	16037.02429729	17.43712987	919.70550296
340	2017-01-29 06:00:00	923.0	918.5	922.0	920.99999999	32295.00391921	35.07088499	920.84941479
341	2017-01-29 08:00:00	922.05672369	919.75	919.75	919.75000001	8750.12841904	9.50626525	920.45910659
342	2017-01-29 10:00:00	920.92010009	919.34	919.75000001	919.35000002	17740.10930413	19.26859261	920.67488597
343	2017-01-29 12:00:00	921.99999999	919.0	919.35000002	921.86588557	38145.34771576	41.40360721	921.3049366
344	2017-01-29 14:00:00	921.86588558	918.5000002	921.86588558	919.99999999	15568.84279952	16.91066796	920.65214906
345	2017-01-29 16:00:00	919.75000001	916.00000002	918.5000002	916.00000008	42770.03651392	46.56573933	918.48722106
346	2017-01-29 18:00:00	918.0	911.99999999	916.738	911.99999999	73859.37606213	80.75073428	914.65887859
347	2017-01-29 20:00:00	918.00000001	911.86040584	911.89841915	915.05346258	64205.25911901	70.26817362	913.71748846
348	2017-01-29 22:00:00	915.68441248	912.17463951	914.96066102	914.9998	16044.29084949	17.55618434	913.88256917
349	2017-01-30 00:00:00	915.99999998	911.16052226	913.0	914.99999999	31328.62133851	34.27941931	913.91925444
350	2017-01-30 02:00:00	917.99999998	913.6919471	913.98937691	914.73278818	9961.15012159	10.87382597	916.06672288
351	2017-01-30 04:00:00	917.99999996	914.02466812	917.660417	917.0	16775.87123728	18.30773579	916.32692484
352	2017-01-30 06:00:00	917.65802007	914.00001264	914.63925875	916.7360526	6330.85587484	6.91419649	915.63146693
353	2017-01-30 08:00:00	917.658018	911.24682037	916.7360526	916.11256012	26296.07686642	28.76002536	914.32731846
354	2017-01-30 10:00:00	916.7523996	912.08435898	916.28006143	914.99922704	20291.74968688	22.18723599	914.56861485
355	2017-01-30 12:00:00	917.63280858	914.00213589	915.7	917.50000002	18237.59943909	19.90655296	916.16059675
356	2017-01-30 14:00:00	920.0	917.45890885	917.50000002	918.00000001	39699.45144605	43.22011539	918.54107949
357	2017-01-30 16:00:00	920.0	915.28	918.0	916.11683091	43154.87611651	47.00647179	918.06243849
358	2017-01-30 18:00:00	920.0	916.10000001	916.11683091	919.00000001	45428.77286399	49.42069018	919.22578779
359	2017-01-30 20:00:00	920.0	916.0	919.5	918.00000001	54842.31410869	59.78107355	917.38590246
360	2017-01-30 22:00:00	920.0	916.61000032	918.00000002	918.0	15185.61345885	16.53067821	918.63221012
361	2017-01-31 00:00:00	921.0	916.75	919.1191873	921.0	57510.08513605	62.56147128	919.25723547
362	2017-01-31 02:00:00	921.97258483	918.01494841	920.99999999	921.22707361	13114.00355511	14.24674822	920.49100276
363	2017-01-31 04:00:00	921.97258483	918.90440375	921.22707361	921.86843322	31646.56847964	34.35398847	921.19051932
364	2017-01-31 06:00:00	933.525	919.5	921.86843322	933.50000002	109159.36311554	117.56212532	928.52492091
365	2017-01-31 08:00:00	933.52	928.5	933.50000001	928.51010002	98799.63279399	106.19959361	930.32025298
366	2017-01-31 10:00:00	941.0	928.51010002	930.0	941.0	220078.21107714	235.0630842	936.25169526
367	2017-01-31 12:00:00	957.0	940.17947143	941.0	951.12445805	450657.08062455	474.55693133	949.63754793
368	2017-01-31 14:00:00	956.82030001	948.4572642	950.714888	956.00795386	93335.66967655	97.99876609	952.41678441
369	2017-01-31 16:00:00	963.3643772	950.09797118	956.00795386	953.96999999	310943.86911191	324.75702536	957.46618188
370	2017-01-31 18:00:00	958.00000006	951.06550001	953.96999979	956.87527026	44409.38678858	46.48350556	955.37946748
371	2017-01-31 20:00:00	957.0	950.09797117	954.22027199	956.2114456	45979.75562123	48.24537283	953.03969943
372	2017-01-31 22:00:00	970.0	955.04466978	956.21144568	967.12176383	171900.99106736	178.46943051	963.19571691
373	2017-02-01 00:00:00	975.99999998	964.03321995	967.75582245	972.0	115666.53386762	119.07989646	971.33552603
374	2017-02-01 02:00:00	974.23744744	967.50632	971.99999999	970.99999999	62285.1987702	64.24042029	969.56399863
375	2017-02-01 04:00:00	970.99999999	960.00000001	970.01000003	968.9	118804.17772097	123.06727741	965.35960022
376	2017-02-01 06:00:00	973.55945408	966.11813437	967.35446773	973.49999992	41776.55506588	43.05063228	970.40514513
377	2017-02-01 08:00:00	976.26720533	965.27500001	973.3999111	967.5	162104.55395108	167.03625546	970.47526301
378	2017-02-01 10:00:00	968.79999999	955.4	965.27500002	962.00100003	329388.23866562	343.04212234	960.19764692
379	2017-02-01 12:00:00	966.88393555	959.001	962.00100004	962.095	101565.75586867	105.45508475	963.11862163
380	2017-02-01 14:00:00	968.0	958.31	965.99909998	966.84700003	266373.85947827	277.13820934	961.15891097
381	2017-02-01 16:00:00	974.60400001	963.50000002	966.84700004	971.36399998	165698.17437889	170.53440093	971.64075679
382	2017-02-01 18:00:00	976.43432656	967.62270293	967.62270293	974.6789	68008.29259623	69.82705965	973.95326306
383	2017-02-01 20:00:00	975.6	970.59759089	974.67889999	974.3	38690.02907959	39.77987788	972.60301291
384	2017-02-01 22:00:00	986.0	974.3	974.88999999	983.0	174140.9653997	177.77606108	979.55238934
385	2017-02-02 00:00:00	989.98765432	982.24539701	983.0	986.00000468	98656.18459517	99.97172974	986.84082841
386	2017-02-02 02:00:00	987.90952862	968.2776983	987.90952861	976.61878644	185292.06741053	189.85294182	975.97680412
387	2017-02-02 04:00:00	981.49110644	974.27601449	977.75781812	980.09000001	65553.58804044	67.09693646	976.99822822
388	2017-02-02 06:00:00	983.5	980.09	980.09000001	982.5	20891.91679538	21.28032181	981.74816066
389	2017-02-02 08:00:00	988.44279633	981.09165697	982.5	984.55556	71380.25188545	72.43032989	985.50223357
390	2017-02-02 10:00:00	990.12368	984.55556001	987.31999999	990.12367	46590.96820113	47.15677147	988.00165381
391	2017-02-02 12:00:00	991.9	983.5	990.12367998	991.7	64715.68499954	65.50168624	988.00028998
392	2017-02-02 14:00:00	994.0	988.40000001	991.7	993.4	72607.52032169	73.27963414	990.82809533
393	2017-02-02 16:00:00	1003.19999996	991.41601116	993.4	995.89	516789.8409239	517.95204344	997.75615806
394	2017-02-02 18:00:00	1003.27002522	989.02	995.89	1000.00000002	247086.41131168	248.06333479	996.06179817
395	2017-02-02 20:00:00	1009.49990204	996.12	1000.00000002	1008.00000003	710639.40598188	709.01017112	1002.29790054
396	2017-02-02 22:00:00	1009.999999	1005.20000001	1008.90000003	1007.99699708	142491.90321602	141.54652122	1006.67894899
397	2017-02-03 00:00:00	1014.49939999	997.80319965	1007.99699708	1014.49939998	239159.49690256	237.3848242	1007.47593157
398	2017-02-03 02:00:00	1017.84369136	1009.99990001	1014.49939998	1016.79999999	116067.04118059	114.47764033	1013.8839414
399	2017-02-03 04:00:00	1023.0	1011.11219489	1013.60000001	1013.62314222	230743.20120224	226.70242759	1017.82413031
400	2017-02-03 06:00:00	1020.01	989.0	1013.62314222	1012.0	437694.76620274	437.26674854	1000.97884795
401	2017-02-03 08:00:00	1015.50000005	1003.00000001	1012.38440447	1009.99322758	75816.10674006	75.14317936	1008.95526893
402	2017-02-03 10:00:00	1014.98999999	999.04720199	1009.99322758	1005.83598813	166588.55943382	165.68786128	1005.43611431
403	2017-02-03 12:00:00	1007.55296661	990.12000001	1006.0	1003.64000009	340106.74001968	340.61819466	998.49845179
404	2017-02-03 14:00:00	1015.0	1003.75	1003.9	1013.0	152480.72584891	150.90785858	1010.42269954
405	2017-02-03 16:00:00	1017.0	1011.66000046	1014.0	1016.73	66745.88249033	65.79762639	1014.41170681
406	2017-02-03 18:00:00	1017.49999999	1011.49400105	1016.73978667	1011.49400105	50443.17735777	49.7790143	1013.34222999
407	2017-02-03 20:00:00	1012.09690509	1007.83884559	1011.49400105	1012.09690509	41430.31487256	41.03889381	1009.53780733
408	2017-02-03 22:00:00	1016.29936809	1009.000002	1010.0	1015.04315425	43324.27716838	42.7923599	1012.43019243
409	2017-02-04 00:00:00	1020.0	1012.7300731	1015.87273408	1019.21899978	104677.344063	102.80419863	1018.2205149
410	2017-02-04 02:00:00	1019.21899978	1004.01000076	1019.21899978	1005.42000066	99700.53430772	98.85815209	1008.52112041
411	2017-02-04 04:00:00	1010.81832172	1005.2648	1008.3497	1006.40608765	59111.02927356	58.66969846	1007.52229558
412	2017-02-04 06:00:00	1014.79943322	1002.23999999	1006.4060876	1013.5	46211.0469707	45.84690625	1007.94253637
413	2017-02-04 08:00:00	1014.99999999	1006.10000001	1013.49999999	1012.10939777	37326.82524515	36.93031871	1010.73661287
414	2017-02-04 10:00:00	1013.97048288	1006.2	1012.10939777	1012.07236637	56406.42605847	55.8723606	1009.55867002
415	2017-02-04 12:00:00	1012.90700004	1009.00000001	1012.07236637	1010.18875441	48067.42952594	47.5569605	1010.73384464
416	2017-02-04 14:00:00	1014.99999999	1009.889	1012.90700004	1010.01431981	76504.89010503	75.59274287	1012.06659793
417	2017-02-04 16:00:00	1037.68800001	1009.89	1013.09900998	1037.68800001	497197.85627508	484.26801805	1026.69975662
418	2017-02-04 18:00:00	1040.0	1036.00000003	1037.68800001	1039.999	29416.25261794	28.30907775	1039.11024151
419	2017-02-04 20:00:00	1034.99999988	1022.58818444	1034.999999	1025.20000003	143908.10959309	139.83487419	1029.12889525
420	2017-02-04 22:00:00	1034.512	1024.00000001	1025.79999999	1032.95	111634.60268908	108.27448525	1031.03332637
421	2017-02-05 00:00:00	1034.0	1021.65180908	1033.0	1029.2	116496.36242551	113.42020588	1027.1217683
422	2017-02-05 02:00:00	1030.850436	1026.7360074	1028.5	1029.99999999	17200.37265854	16.70915321	1029.39822517
423	2017-02-05 04:00:00	1030.0	1022.00000002	1029.99999999	1025.80000001	45288.38934239	44.18808469	1024.90048301
424	2017-02-05 06:00:00	1030.0	1025.80000003	1029.23093956	1029.10000001	8284.45088242	8.04929782	1029.21410881
425	2017-02-05 08:00:00	1029.97	1025.001	1029.1	1029.96999998	45893.21822904	44.68349621	1027.07312814
426	2017-02-05 10:00:00	1032.773	1018.5	1029.96999991	1025.499	299484.93335358	291.64893826	1026.867902
427	2017-02-05 12:00:00	1025.0	1006.77	1025.0	1015.86699332	239343.95590356	235.9709749	1014.29405038
428	2017-02-05 14:00:00	1019.6	1013.251	1016.92250002	1014.0	47665.84620651	46.90069574	1016.31426686
429	2017-02-05 16:00:00	1015.9	999.10000001	1013.251	1002.41500002	300095.95083672	298.37290729	1005.77479893
430	2017-02-05 18:00:00	1009.65267928	999.0	1003.2	1009.0	150754.19518977	150.42705058	1002.17477247
431	2017-02-05 20:00:00	1015.999	1001.49267926	1009.0	1010.15	123866.10726167	122.5572974	1010.67916712
432	2017-02-05 22:00:00	1012.0739179	1006.94464527	1010.1	1010.0	53848.65886264	53.39378273	1008.51927152
433	2017-02-06 00:00:00	1016.84999999	1007.30000001	1008.57261956	1014.00000001	54251.57618803	53.49313975	1014.17820007
434	2017-02-06 02:00:00	1017.49	1008.98348795	1014.00000001	1017.0	39644.76841144	39.09295087	1014.11552541
435	2017-02-06 04:00:00	1018.0	1012.33589219	1016.8	1016.689999	50476.30963205	49.75224096	1014.5534886
436	2017-02-06 06:00:00	1019.56	1012.94277766	1016.7959	1019.56	33964.72604457	33.41660556	1016.40263801
437	2017-02-06 08:00:00	1024.0	1016.84261008	1018.0	1024.0	53580.69934564	52.50529547	1020.48181742
438	2017-02-06 10:00:00	1025.0	1015.001	1023.0	1020.0	51518.37027293	50.44779282	1021.22149241
439	2017-02-06 12:00:00	1022.99999998	1016.0	1020.0	1016.0	21097.57306668	20.69264775	1019.56855988
440	2017-02-06 14:00:00	1023.58060782	1015.80000001	1016.0	1022.79999999	46937.89870363	46.07141395	1018.80742697
441	2017-02-06 16:00:00	1022.79999999	1015.0	1022.79999999	1019.99999994	65969.72368115	64.78317158	1018.31574577
442	2017-02-06 18:00:00	1022.92733293	1017.00001001	1017.00001001	1022.0	84481.4119496	82.81449176	1020.12836345
443	2017-02-06 20:00:00	1023.99999999	1018.0	1019.2	1022.63665	40909.39942111	40.04193253	1021.66396165
444	2017-02-06 22:00:00	1024.0	1020.00268522	1023.0	1021.20000021	17918.78354009	17.52580943	1022.42259404
445	2017-02-07 00:00:00	1027.99999999	1020.60000001	1022.69999279	1025.0	37173.16630614	36.3144121	1023.64775185
446	2017-02-07 02:00:00	1027.0	1022.15382477	1025.76790036	1027.0	19361.60981495	18.88677175	1025.14130372
447	2017-02-07 04:00:00	1037.0	1026.0	1026.99999999	1035.5	83061.28408476	80.48907354	1031.95726365
448	2017-02-07 06:00:00	1049.00000005	1029.92763347	1035.5	1046.000001	220659.48517375	211.85653996	1041.55144427
449	2017-02-07 08:00:00	1046.18	1039.40000001	1046.18	1042.8888879	101657.31564521	97.56114681	1041.98565688
450	2017-02-07 10:00:00	1045.0	1040.00100001	1042.00000001	1044.999	44999.54727695	43.12811662	1043.39235755
451	2017-02-07 12:00:00	1053.30911581	1043.72155707	1044.999	1053.3091158	138355.92934973	131.89862431	1048.9565761
452	2017-02-07 14:00:00	1055.29399983	1045.0	1053.3	1047.0	162418.06115954	154.83663566	1048.96402887
453	2017-02-07 16:00:00	1050.9	1044.51081253	1047.0	1050.75786485	66111.24664533	63.12402826	1047.32299993
454	2017-02-07 18:00:00	1053.5	1046.26598753	1048.00000001	1048.0	75343.26519257	71.73731504	1050.2660317
455	2017-02-07 20:00:00	1050.0	1046.26598753	1047.99999999	1049.99999998	92597.88960097	88.35850463	1047.97936529
456	2017-02-07 22:00:00	1054.44337046	1048.50000001	1048.50000001	1052.00000003	60912.70243505	57.95710356	1050.99631785
457	2017-02-08 00:00:00	1064.99999998	1052.00000002	1052.00000003	1061.6	101656.48780743	96.09246966	1057.90274895
458	2017-02-08 02:00:00	1065.90000001	1059.79009991	1061.58750573	1064.92048102	125185.12686868	117.63856509	1064.15040656
459	2017-02-08 04:00:00	1069.06999999	1062.38862229	1064.92048102	1066.99999797	85074.86580484	79.78241014	1066.33612165
460	2017-02-08 06:00:00	1067.9	1058.93518294	1066.99999885	1059.0	73299.14284651	68.90686059	1063.74230691
461	2017-02-08 08:00:00	1059.6	1015.0	1059.6	1028.59342789	868202.50841545	842.34977261	1030.69121242
462	2017-02-08 10:00:00	1044.31085492	1027.80000001	1028.38900001	1034.64	225594.11536001	217.31556799	1038.09458957
463	2017-02-08 12:00:00	1040.0	1028.0	1034.64000011	1039.27415622	131970.27214456	127.64841785	1033.85748423
464	2017-02-08 14:00:00	1049.68911194	1035.05200732	1039.27415622	1048.10000008	104399.11750948	100.07899788	1043.1670952
465	2017-02-08 16:00:00	1054.54	1044.48622952	1048.10000008	1051.99999999	85012.59307634	81.01437954	1049.35189973
466	2017-02-08 18:00:00	1060.0	1051.99999999	1051.99999999	1060.0	98972.42768393	93.56315072	1057.81418135
467	2017-02-08 20:00:00	1061.99999999	1048.22585999	1059.99999999	1056.17995304	152548.82466862	144.4823764	1055.82998058
468	2017-02-08 22:00:00	1058.79999996	1045.87836738	1056.17995304	1050.98999999	90837.94688704	86.39547221	1051.42022566
469	2017-02-09 00:00:00	1064.65879834	1041.0	1050.6	1060.16596167	107552.53568084	101.86457365	1055.83847089
470	2017-02-09 02:00:00	1072.0	1056.26881278	1060.40796235	1070.01000001	133491.18122744	125.11123254	1066.97998666
471	2017-02-09 04:00:00	1077.99999998	1068.2	1071.0	1072.4635	106893.19846279	99.64976252	1072.68894335
472	2017-02-09 06:00:00	1073.40399945	1048.0	1072.0	1056.09957397	248726.60439268	234.98696798	1058.46978039
473	2017-02-09 08:00:00	1066.49999999	1057.00336993	1057.00337004	1062.5	80912.68239384	76.18783477	1062.01577506
474	2017-02-09 10:00:00	1066.4	1058.5	1062.5	1065.18599858	52324.24122409	49.21034347	1063.27730177
475	2017-02-09 12:00:00	1065.29999999	952.00001	1065.18599858	977.69879	2124773.6102743	2128.60640319	998.19938861
476	2017-02-09 14:00:00	991.42860199	898.18028762	979.99999999	979.99999999	2193336.1280668	2299.18077485	953.96419109
477	2017-02-09 16:00:00	984.61209901	950.00000001	980.0	960.0	695335.92269363	716.21004182	970.85475222
478	2017-02-09 18:00:00	972.57002192	926.0	961.32043156	936.0	466292.37789105	493.40692833	945.04627137
479	2017-02-09 20:00:00	974.0	934.0	936.0	969.42596075	483411.16720699	504.72770949	957.7662532
480	2017-02-09 22:00:00	998.02224401	967.42596075	969.42596075	987.00000001	265547.89326836	270.89225645	980.27125894
481	2017-02-10 00:00:00	998.123	901.99999995	988.23458713	965.94000001	588515.46345368	612.17815322	961.3467262
482	2017-02-10 02:00:00	976.67	961.07600522	969.99999987	975.67012357	107189.84749859	110.4909908	970.12296407
483	2017-02-10 04:00:00	979.98488937	970.0	976.58099476	974.03895851	89353.14057147	91.67554672	974.66711427
484	2017-02-10 06:00:00	977.01000538	953.48603747	971.00000001	968.99999999	159011.40376763	164.95125594	963.99025797
485	2017-02-10 08:00:00	970.0	945.0	968.99999999	964.0	207183.78819557	216.92741656	955.08346285
486	2017-02-10 10:00:00	971.69999	958.46250243	963.27698217	970.0	50929.23794022	52.76060466	965.28912563
487	2017-02-10 12:00:00	974.62783425	960.02	969.0	965.99999998	82888.3271116	85.67320357	967.49419488
488	2017-02-10 14:00:00	980.1	961.00000001	965.99999998	977.00000031	502946.70904463	516.62548131	973.52284631
489	2017-02-10 16:00:00	980.312879	972.0	977.0	978.2	108874.77106241	111.36883505	977.6053688
490	2017-02-10 18:00:00	987.99900666	977.0	978.2	987.99	97502.56870903	99.04975392	984.37971676
491	2017-02-10 20:00:00	1004.99	985.00000001	985.5	995.0	390562.90023987	392.12520755	996.01579475
492	2017-02-10 22:00:00	1000.82970281	988.24681962	994.70000328	995.29110341	102900.42252857	103.41774462	994.99774344
493	2017-02-11 00:00:00	995.29110353	985.0	994.0	987.09899477	47810.58744545	48.28679968	990.13783813
494	2017-02-11 02:00:00	1000.0001	984.457	991.49800666	995.90999477	119510.10990772	120.15798963	994.60810118
495	2017-02-11 04:00:00	1007.49900665	992.0	994.0	1004.50000019	108290.48973078	108.16633736	1001.1477912
496	2017-02-11 06:00:00	1005.2	996.78000021	1004.09100146	1005.2	68568.39219302	68.4417024	1001.85106139
497	2017-02-11 08:00:00	1010.0	1003.0	1005.49900666	1004.00000019	106415.56044304	105.59174893	1007.80185498
498	2017-02-11 10:00:00	1008.24999999	984.1	1004.00000042	995.7	236661.71924659	237.41651958	996.82077584
499	2017-02-11 12:00:00	1005.481006	988.0	997.99900665	1004.48100667	91756.47022402	92.00996099	997.24496387
500	2017-02-11 14:00:00	1005.481006	995.73733593	1003.48100666	997.99899999	138722.24737245	138.78548435	999.54435452
501	2017-02-11 16:00:00	1004.12900666	994.0	997.99899999	1003.89999994	58090.17682155	58.19850348	998.13866934
502	2017-02-11 18:00:00	1007.899999	1001.0	1003.89999994	1007.65	36112.17051341	35.90953744	1005.64287617
503	2017-02-11 20:00:00	1007.0	1000.02	1004.2	1003.72	95566.28471868	95.28546447	1002.94714676
504	2017-02-11 22:00:00	1005.0	1000.50000022	1003.22	1000.50000023	28395.21785301	28.33155549	1002.24704792
505	2017-02-12 00:00:00	1004.15323049	997.8630873	1000.50000023	1000.0	45031.70100308	45.03046544	1000.02743838
506	2017-02-12 02:00:00	1000.54347207	991.57565803	1000.0	997.6903377	49585.70490507	49.73034847	997.09144276
507	2017-02-12 04:00:00	1002.20837147	997.79999801	997.79999801	1000.0	22762.78641797	22.76893035	999.73016158
508	2017-02-12 06:00:00	1002.4	994.54843869	999.9999999	999.9999999	49243.44866651	49.32961263	998.25330143
509	2017-02-12 08:00:00	1003.5	995.5000682	999.99999999	1001.52394381	20013.08134353	19.98549828	1001.3801539
510	2017-02-12 10:00:00	1005.0	995.1746357	1003.5	999.00000009	26474.39088582	26.47622341	999.93078604
511	2017-02-12 12:00:00	1005.0	997.46928198	1000.99624939	999.99999996	99975.80470836	99.74233733	1002.3407049
512	2017-02-12 14:00:00	1001.0	996.10000001	999.99999995	1001.0	54142.88969658	54.16829065	999.53107338
513	2017-02-12 16:00:00	1001.49900666	993.96918585	1000.99874971	995.1	136484.88113997	136.47085338	1000.10278942
514	2017-02-12 18:00:00	999.621	993.96918599	995.99899967	998.29999964	20511.24050205	20.56076492	997.59131442
515	2017-02-12 20:00:00	1000.2	994.535	997.79900666	997.0	86800.07668965	86.91808542	998.64229947
516	2017-02-12 22:00:00	998.0	996.5	997.5	996.50000001	10531.98994809	10.56307468	997.05722691
517	2017-02-13 00:00:00	999.47567615	993.1	996.50000001	998.48803455	59509.14706289	59.82585253	994.70621054
518	2017-02-13 02:00:00	1001.99900666	996.5	998.48803455	998.00000002	29927.95424809	29.97009194	998.59400858
519	2017-02-13 04:00:00	1004.0	998.00000002	1001.32130615	998.95027654	20221.83059673	20.19856763	1001.15171368
520	2017-02-13 06:00:00	1004.20000001	998.95027653	999.45	1002.9991	16576.05222577	16.51892953	1003.45801437
521	2017-02-13 08:00:00	1002.9991	975.85416898	1001.20000002	989.37963814	414378.35024724	420.47688062	985.49615768
522	2017-02-13 10:00:00	992.0	986.0	989.37963815	991.06170447	45010.35882963	45.51634879	988.8833359
523	2017-02-13 12:00:00	993.49400666	988.1	991.06170447	992.00003359	33431.53015222	33.71536754	991.58136456
524	2017-02-13 14:00:00	992.09692192	986.33	992.00003357	989.5	39500.24323453	39.88794984	990.28010697
525	2017-02-13 16:00:00	995.99900666	989.02999998	989.5000002	995.0	47678.38411109	48.06130575	992.03264179
526	2017-02-13 18:00:00	1000.0	992.01	992.01	997.36999998	88433.65860534	88.56936809	998.46776049
527	2017-02-13 20:00:00	999.999999	995.11	996.0	998.0	41982.84511864	42.07373585	997.83972757
528	2017-02-13 22:00:00	999.99999999	995.11	998.0	995.11000001	20617.65578204	20.68087674	996.94302331
529	2017-02-14 00:00:00	999.0	992.90660016	995.11	995.0	16876.19446743	16.94304459	996.0544209
530	2017-02-14 02:00:00	1001.236	988.91109699	995.006	996.68999443	76836.1063769	77.19967651	995.29052258
531	2017-02-14 04:00:00	1005.11164397	990.06	996.68999443	1005.0	122152.7572494	122.2589189	999.13166539
532	2017-02-14 06:00:00	1006.39999999	1001.11414806	1004.99999994	1005.0	91300.05711505	90.94784837	1003.87264516
533	2017-02-14 08:00:00	1018.629	1004.0	1005.0	1016.0	196878.63325009	194.52986458	1012.07407754
534	2017-02-14 10:00:00	1019.0	995.1	1016.0000002	998.99999999	186370.97601368	184.95832363	1007.63767942
535	2017-02-14 12:00:00	1011.9999949	996.00000018	998.99999995	1007.9557882	113055.67523993	112.21718856	1007.47199863
536	2017-02-14 14:00:00	1013.89999999	1007.13532529	1007.9557882	1011.6471378	38832.14119606	38.41357032	1010.89643249
537	2017-02-14 16:00:00	1015.0	1008.00000241	1011.6471378	1011.5	84231.8888407	83.09851648	1013.63890005
538	2017-02-14 18:00:00	1013.62562962	1005.69059488	1013.62562772	1010.10101009	112322.45311537	111.3450548	1008.7781026
539	2017-02-14 20:00:00	1010.76999529	1004.10000077	1007.00000001	1007.11000609	70336.996054	69.85641536	1006.87954988
540	2017-02-14 22:00:00	1015.72978138	1004.20000001	1007.11000952	1012.10000524	97916.50138386	96.77392528	1011.80665246
541	2017-02-15 00:00:00	1015.72977463	1009.66500004	1011.19293063	1009.66500004	54994.24784638	54.29813919	1012.82011992
542	2017-02-15 02:00:00	1014.99999999	1006.28420982	1009.66500003	1007.31999479	86098.36819816	85.2105275	1010.41937803
543	2017-02-15 04:00:00	1012.40339514	1007.0	1009.90547516	1010.0	34314.02828009	33.99879838	1009.27179533
544	2017-02-15 06:00:00	1012.6999878	1002.32721451	1010.0	1003.00000002	106394.45277215	105.89566449	1004.71018605
545	2017-02-15 08:00:00	1009.88761871	1003.0	1003.00000001	1007.90000034	51587.64074823	51.32286251	1005.15906996
546	2017-02-15 10:00:00	1010.8824055	1005.53100517	1009.00000001	1009.99899999	32231.63759292	31.95176827	1008.75911844
547	2017-02-15 12:00:00	1012.42133189	1006.00000063	1007.19211228	1009.99999999	49341.90388442	48.88913672	1009.26109959
548	2017-02-15 14:00:00	1012.89991	1009.5	1009.99999999	1011.9	40757.5581463	40.31868347	1010.88514402
549	2017-02-15 16:00:00	1013.15990685	1009.70000399	1010.09990931	1011.5	32416.20281003	32.04452579	1011.59876799
550	2017-02-15 18:00:00	1015.19000028	1011.0	1011.99099999	1015.00000166	104194.13936777	102.83360413	1013.23045369
551	2017-02-15 20:00:00	1016.0	1012.02000036	1015.00000176	1015.0	18402.56768413	18.13653143	1014.66852993
552	2017-02-15 22:00:00	1018.0	1010.55565636	1014.11000005	1014.83589839	70255.52521258	69.27275646	1014.18694451
553	2017-02-16 00:00:00	1017.99999989	1011.6	1011.6	1014.00000001	65760.60305483	64.63739063	1017.37713131
554	2017-02-16 02:00:00	1032.13660417	1014.00000001	1017.03090157	1023.99999999	160890.35443773	157.05299441	1024.43353622
555	2017-02-16 04:00:00	1027.99955133	1023.0	1023.99999999	1027.99955132	28768.51783525	28.07438232	1024.72487221
556	2017-02-16 06:00:00	1028.0	1020.0	1027.99777	1021.75360065	61505.97057595	60.14004494	1022.71241462
557	2017-02-16 08:00:00	1029.89999999	1021.75360206	1024.7	1029.89999999	27706.22212973	26.98352362	1026.7829554
558	2017-02-16 10:00:00	1029.89999976	1023.19910115	1029.89999976	1029.8	37611.93746132	36.60522826	1027.50178729
559	2017-02-16 12:00:00	1030.0	1025.00000001	1029.87999451	1028.81229999	42812.86612568	41.60398003	1029.05698192
560	2017-02-16 14:00:00	1039.957	1026.5961	1028.7123	1035.0	107254.2814639	103.63380427	1034.93529181
561	2017-02-16 16:00:00	1042.0	1033.50000001	1035.0	1038.67	161476.04586328	155.63578302	1037.5251933
562	2017-02-16 18:00:00	1045.0	1035.00000026	1037.28856	1039.0	110856.60235467	106.3996096	1041.88918334
563	2017-02-16 20:00:00	1041.99779987	1034.11450875	1039.0	1040.0	129321.29391658	124.72243993	1036.87270702
564	2017-02-16 22:00:00	1041.11573153	1035.0	1039.99999999	1039.49925987	30297.99509123	29.17291719	1038.56583467
565	2017-02-17 00:00:00	1044.0	1036.00000003	1039.49925949	1043.98999477	51956.41919882	49.93509887	1040.47894916
566	2017-02-17 02:00:00	1043.98999477	1039.00000001	1041.52434247	1042.99999999	20005.97485446	19.20957894	1041.45827021
567	2017-02-17 04:00:00	1044.99999989	1038.0	1042.7	1038.00000001	41727.00011993	40.07069417	1041.33459587
568	2017-02-17 06:00:00	1044.001	1035.5	1041.99999978	1043.99999999	48311.84283314	46.40723934	1041.04108583
569	2017-02-17 08:00:00	1045.5	1039.88	1042.31	1045.5	91439.22504814	87.68833066	1042.775297
570	2017-02-17 10:00:00	1049.4	1035.00000001	1045.5	1044.1	219046.88989221	210.37734736	1041.20948686
571	2017-02-17 12:00:00	1055.91405357	1041.0	1044.1	1055.91405356	219640.31468317	208.93776904	1051.22360448
572	2017-02-17 14:00:00	1061.23797463	1052.70128769	1055.0	1058.00000021	171411.38404157	161.98326382	1058.20428604
573	2017-02-17 16:00:00	1063.58	1055.7	1058.00435357	1058.9	191210.3477254	180.51034896	1059.27637294
574	2017-02-17 18:00:00	1058.9	1052.00000011	1058.9	1055.6000001	72537.49860671	68.75711382	1054.98172591
575	2017-02-17 20:00:00	1063.498	1053.99719099	1055.70000104	1058.00000001	127212.95756314	120.15587768	1058.73270637
576	2017-02-17 22:00:00	1059.99999962	1053.67070767	1059.99999932	1053.67070767	56953.03164489	53.80035874	1058.59947737
577	2017-02-18 00:00:00	1057.5	1051.11500341	1055.11944577	1056.50000006	40215.98489368	38.15153132	1054.11194524
578	2017-02-18 02:00:00	1063.98699999	1052.52342242	1053.28084434	1063.98699999	69597.13244451	65.6853685	1059.55304862
579	2017-02-18 04:00:00	1069.30872618	1060.00000263	1063.9869999	1066.0	82770.00249281	77.65744599	1065.83472373
580	2017-02-18 06:00:00	1069.0	1064.5500009	1066.85	1066.50000001	118120.68807912	110.64961833	1067.52006795
581	2017-02-18 08:00:00	1070.0	1066.50000001	1066.50000001	1067.99999959	86965.26111178	81.38112661	1068.61707049
582	2017-02-18 10:00:00	1069.99999999	1062.22	1067.99999959	1062.6	75515.63231449	70.83737878	1066.04216043
583	2017-02-18 12:00:00	1068.53999999	1062.5	1064.6	1063.01119001	52876.05436618	49.65425253	1064.88471121
584	2017-02-18 14:00:00	1069.9	1061.09	1063.01119012	1069.9	113583.7418652	106.62630281	1065.25068272
585	2017-02-18 16:00:00	1070.0	1065.5	1069.9	1067.85487976	83611.53404678	78.25503962	1068.44919449
586	2017-02-18 18:00:00	1069.19999928	1064.0	1065.5	1064.00000001	70742.95533592	66.31647741	1066.74778424
587	2017-02-18 20:00:00	1069.19999999	1064.00000001	1064.00000001	1066.0	32591.91815683	30.53308012	1067.42975254
588	2017-02-18 22:00:00	1067.89999899	1055.52	1067.89999899	1057.7862231	93061.68266884	87.84243612	1059.41600414
589	2017-02-19 00:00:00	1060.0	1049.27420219	1059.219	1055.00000185	144435.25074267	136.95240961	1054.63825831
590	2017-02-19 02:00:00	1059.61163215	1053.33848821	1058.0	1057.36201837	44900.08916457	42.49935229	1056.48878736
591	2017-02-19 04:00:00	1064.13079295	1055.01	1056.0	1060.99999999	67733.10648231	63.85525583	1060.72876229
592	2017-02-19 06:00:00	1066.19785215	1057.79469405	1060.99999999	1062.20481603	33577.6709048	31.61170339	1062.19112872
593	2017-02-19 08:00:00	1065.2	1060.00000536	1062.20481741	1063.8903439	24147.74897926	22.7308714	1062.33274362
594	2017-02-19 10:00:00	1064.99999999	1056.5	1064.56512884	1057.30000001	33560.2836555	31.59872425	1062.0771709
595	2017-02-19 12:00:00	1061.17044078	1045.00000001	1057.30000001	1050.51000761	147211.21630234	140.23863052	1049.71943719
596	2017-02-19 14:00:00	1057.99999999	1050.51000772	1050.51000772	1057.0	42246.63106781	40.0504899	1054.83431471
597	2017-02-19 16:00:00	1058.63600555	1052.93500011	1057.002001	1057.988	39913.8907896	37.75949505	1057.0557349
598	2017-02-19 18:00:00	1058.62999997	1050.0	1056.30000001	1052.00000005	78521.02499256	74.42688791	1055.00884421
599	2017-02-19 20:00:00	1056.72476573	1052.0	1052.0000001	1055.0	19882.09580469	18.86477506	1053.92700106
600	2017-02-19 22:00:00	1059.81999222	1052.65345897	1053.09891311	1058.17262239	31805.46315982	30.09939202	1056.68124919
601	2017-02-20 00:00:00	1059.51181653	1050.21000001	1058.08301527	1052.74374483	43996.34674338	41.71076551	1054.79595508
602	2017-02-20 02:00:00	1057.00298364	1040.00755062	1052.74400519	1045.67700456	133617.15466158	127.8083319	1045.4494842
603	2017-02-20 04:00:00	1052.23499249	1045.67700676	1049.99999944	1049.50000347	44500.20422084	42.42526836	1048.9080197
604	2017-02-20 06:00:00	1060.55	1049.99500004	1050.37371302	1060.0	151672.74041887	143.71023282	1055.40668498
605	2017-02-20 08:00:00	1066.999	1060.0	1060.0	1064.25460159	165714.47721839	155.68104801	1064.44862323
606	2017-02-20 10:00:00	1064.25460243	1057.28000105	1061.53813266	1060.85465535	62486.52645317	58.957630280000004	1059.85478311
607	2017-02-20 12:00:00	1063.99999988	1056.41963459	1058.5	1063.99999988	46517.85778914	43.86635064	1060.44512731
608	2017-02-20 14:00:00	1064.28999999	1058.11211	1063.99999965	1061.00001159	22691.4359224	21.36267478	1062.20012971
609	2017-02-20 16:00:00	1066.55	1061.00000792	1061.00001187	1063.99999999	96007.09642953	90.14364415	1065.0456539
610	2017-02-20 18:00:00	1066.65998949	1058.66000125	1063.99999999	1066.65998323	197328.6906664	185.99010549	1060.96337838
611	2017-02-20 20:00:00	1066.78497042	1059.80000797	1066.66	1060.24275	41985.05853689	39.53250274	1062.03897114
612	2017-02-20 22:00:00	1095.0	1060.31000001	1064.39999999	1094.71027735	380523.33975718	351.43957715	1082.7560824
613	2017-02-21 00:00:00	1094.99	1085.0	1092.24051989	1087.48215096	181501.74949157	166.58747478	1089.5281877
614	2017-02-21 02:00:00	1091.0	1083.333	1087.48215128	1083.99000001	130720.63617882	120.52526058	1084.59119316
615	2017-02-21 04:00:00	1088.65103573	1083.99	1083.99000001	1087.80000001	192676.87704048	177.3389891	1086.48909085
616	2017-02-21 06:00:00	1103.0	1086.14593001	1086.92009244	1090.0	436864.51633223	398.63308244	1095.90632482
617	2017-02-21 08:00:00	1109.00000002	1089.19934573	1090.00000001	1099.0	224963.12015537	204.139158	1102.00866095
618	2017-02-21 10:00:00	1116.28999999	1098.60000001	1098.60000001	1114.00000083	121122.11720104	109.2116756	1109.05831758
619	2017-02-21 12:00:00	1123.12000114	1111.0	1114.70000001	1119.0	253396.88336171	226.90705128	1116.74309781
620	2017-02-21 14:00:00	1122.0	1099.73661028	1119.0	1106.70100025	372164.09010584	336.05812644	1107.43963863
621	2017-02-21 16:00:00	1122.28294143	1104.001	1106.70100536	1122.0	185902.46292441	167.38893823	1110.60184077
622	2017-02-21 18:00:00	1124.0	1116.39	1122.5	1123.1	168486.07450626	150.23333166	1121.49595994
623	2017-02-21 20:00:00	1123.1722683	1115.84828571	1123.1	1122.000001	172084.01537629	153.7546732	1119.21161025
624	2017-02-21 22:00:00	1133.55363963	1119.62204011	1122.000001	1127.0	216460.60627978	191.82884839	1128.40486765
625	2017-02-22 00:00:00	1131.09436545	1112.99852143	1126.99999999	1122.18987113	156454.6924204	139.66636378	1120.20309103
626	2017-02-22 02:00:00	1123.5	1113.84426901	1122.18987089	1122.79490375	69163.85133363	61.82080923	1118.77945622
627	2017-02-22 04:00:00	1123.01419441	1108.55	1122.79490375	1110.779842	65400.8378253	58.74304379	1113.33757336
628	2017-02-22 06:00:00	1119.99998735	1110.777	1110.779842	1117.47	42940.0001596	38.44944351	1116.79120007
629	2017-02-22 08:00:00	1119.8	1110.379842	1117.0	1119.6999962	125571.53324828	112.63383937	1114.8650703
630	2017-02-22 10:00:00	1119.99999999	1115.00000004	1116.00000004	1116.0998811	26523.65688537	23.71396271	1118.48269349
631	2017-02-22 12:00:00	1130.00001118	1116.0998811	1117.09988109	1129.99899998	116362.32942571	103.45709177	1124.74000027
632	2017-02-22 14:00:00	1131.99999999	1121.00000032	1128.00000198	1131.99999902	75011.23573012	66.56087936	1126.95680182
633	2017-02-22 16:00:00	1132.96999999	1122.29889997	1128.02240048	1131.92300055	111715.47333733	99.05591438	1127.8021513
634	2017-02-22 18:00:00	1136.10774405	1128.00000197	1131.92300066	1135.49099911	119200.39336879	105.17252429	1133.37959864
635	2017-02-22 20:00:00	1138.9786543	1128.0	1135.49099866	1128.0	160547.50917734	141.53376577	1134.34068756
636	2017-02-22 22:00:00	1131.99900665	1124.79102634	1128.0	1126.0	113804.59414775	100.94104916	1127.43621247
637	2017-02-23 00:00:00	1132.10000021	1124.79102984	1126.49999999	1131.0	53503.90708447	47.38453387	1129.1428387
638	2017-02-23 02:00:00	1135.0	1120.0	1131.0	1128.4275944	96350.64500507	85.29540973	1129.6111398
639	2017-02-23 04:00:00	1129.99999999	1124.18255677	1129.84787235	1129.1	39474.48982152	34.99067395	1128.14316974
640	2017-02-23 06:00:00	1131.0	1126.45767645	1129.1	1127.57131553	46173.64195179	40.89515954	1129.07352535
641	2017-02-23 08:00:00	1143.0	1127.56000286	1127.56000286	1135.97147357	162413.57275918	142.81622475	1137.22073975
642	2017-02-23 10:00:00	1144.0	1132.70911776	1137.50000001	1143.0	113341.58329106	99.37512064	1140.54284977
643	2017-02-23 12:00:00	1155.0	1142.99000052	1142.99000052	1153.59999999	295502.61515263	256.8881939	1150.31606033
644	2017-02-23 14:00:00	1160.0	1147.74402963	1151.00000001	1157.3	104881.47030284	90.81026312	1154.95172791
645	2017-02-23 16:00:00	1159.39999913	1150.99989999	1156.285	1155.11900681	85075.90390256	73.60471184	1155.84861044
646	2017-02-23 18:00:00	1170.0	1155.11900732	1157.91190017	1168.99999999	311901.41686423	267.72278766	1165.01632001
647	2017-02-23 20:00:00	1170.0	1163.50000001	1168.2	1168.87	124867.49003655	107.01374169	1166.83603492
648	2017-02-23 22:00:00	1195.0	1165.67850022	1168.87	1188.0	503494.03643207	425.45113905	1183.43562919
649	2017-02-24 00:00:00	1191.99999998	1177.21129848	1186.16100001	1187.00000002	220610.94902011	186.13605059	1185.21344103
650	2017-02-24 02:00:00	1209.70000085	1184.34999976	1187.00000001	1206.00000001	251660.62271086	210.34418859	1196.42298842
651	2017-02-24 04:00:00	1225.0	1200.05660988	1206.10000003	1214.99999999	469234.77695649	386.60478746	1213.73245282
652	2017-02-24 06:00:00	1218.52500002	1107.51	1214.99999999	1173.14999997	2816696.1418039	2429.53776857	1159.35474568
653	2017-02-24 08:00:00	1193.42782233	1161.81875395	1173.14999992	1183.59999997	596031.47256063	506.64168849	1176.43590352
654	2017-02-24 10:00:00	1183.59999997	1141.0	1183.5	1168.73338567	643927.95190898	552.43657487	1165.61426451
655	2017-02-24 12:00:00	1195.00000519	1163.00000001	1163.00000742	1195.00000519	313900.40540124	265.85965748	1180.69965325
656	2017-02-24 14:00:00	1209.0	1193.00000001	1193.00000001	1198.0	375730.40538084	312.73376062	1201.43858033
657	2017-02-24 16:00:00	1209.0	1184.13938566	1197.99999999	1200.00000001	450963.51704106	375.81685793	1199.95553026
658	2017-02-24 18:00:00	1200.00000001	1185.10000003	1200.00000001	1186.02750044	160314.53788737	134.44036209	1192.45839117
659	2017-02-24 20:00:00	1192.99	1161.3808254	1188.39999917	1178.30605133	432673.42569296	367.88680438	1176.10477065
660	2017-02-24 22:00:00	1191.26199979	1175.95414302	1178.30605133	1188.11048987	286379.85954614	241.8494865	1184.12432331
661	2017-02-25 00:00:00	1191.116	1176.23259617	1188.11048987	1187.0	229988.92198338	194.09295417	1184.94214778
662	2017-02-25 02:00:00	1190.0	1184.00000105	1187.0	1185.01000071	57066.76128436	48.0866218	1186.74922771
663	2017-02-25 04:00:00	1189.0	1176.96650695	1185.01000008	1177.211943	40726.05992796	34.45857728	1181.88454494
664	2017-02-25 06:00:00	1183.99999999	1171.5	1179.99999998	1183.1	123016.48836333	104.60705007	1175.9865925
665	2017-02-25 08:00:00	1187.99999834	1178.00000001	1183.1	1180.20000001	125741.62841004	106.4090546	1181.68166123
666	2017-02-25 10:00:00	1188.89898989	1180.02000001	1180.20000001	1185.0	75513.1783687	63.77570082	1184.04309788
667	2017-02-25 12:00:00	1185.0	1168.7	1185.0	1169.00000075	183134.69594764	155.92877013	1174.47662669
668	2017-02-25 14:00:00	1179.46458463	1151.1126	1172.99999999	1160.08656679	383807.90776431	330.52329134	1161.21289428
669	2017-02-25 16:00:00	1162.5	1129.0	1160.0	1142.5000005	912547.69544709	798.96800783	1142.15799193
670	2017-02-25 18:00:00	1158.99	1142.50000048	1145.20000002	1152.7	263733.14606685	228.59884813	1153.69411624
671	2017-02-25 20:00:00	1157.0	1142.85000002	1152.7	1157.0	143163.71855472	124.62933774	1148.71603388
672	2017-02-25 22:00:00	1158.999	1146.66951359	1156.05	1153.0	96028.34098351	83.34808117	1152.1361936
673	2017-02-26 00:00:00	1156.12598413	1134.93354496	1153.0	1139.99999999	108497.35126193	95.06036333	1141.35216257
674	2017-02-26 02:00:00	1145.99999998	1134.0	1139.99999999	1142.99998778	60023.74889635	52.61965082	1140.70975312
675	2017-02-26 04:00:00	1161.6786178	1141.99999219	1142.99999111	1158.25159122	114608.79454012	99.23987884	1154.86632873
676	2017-02-26 06:00:00	1169.2314194	1151.00001178	1155.00000205	1169.0	101296.64407851	87.33092312	1159.91724877
677	2017-02-26 08:00:00	1175.0	1164.48000038	1167.00503348	1173.9000003	81099.2698772	69.39607494	1168.64347079
678	2017-02-26 10:00:00	1179.9800012	1167.20999979	1173.20000008	1173.98999834	74756.62034296	63.7075177	1173.43483221
679	2017-02-26 12:00:00	1177.99999989	1167.0	1173.9979998	1169.0	67661.4598089	57.63101846	1174.04588044
680	2017-02-26 14:00:00	1174.99999999	1168.00000385	1169.0	1174.499	38558.48675504	32.91086341	1171.60362141
681	2017-02-26 16:00:00	1189.0	1171.858	1171.858	1174.73500253	219836.82367842	185.70739723	1183.78065148
682	2017-02-26 18:00:00	1182.276	1172.00000001	1174.83500253	1174.1	183879.82395892	156.28048041	1176.60134827
683	2017-02-26 20:00:00	1178.09999105	1172.0	1174.1	1174.1	73970.25301048	62.95374021	1174.99377739
684	2017-02-26 22:00:00	1180.5	1174.10000001	1175.00000113	1179.0	91931.91674155	78.10035832	1177.09980746
685	2017-02-27 00:00:00	1192.99999989	1177.00000013	1179.0	1192.99999988	171452.79140642	144.19995472	1188.99337894
686	2017-02-27 02:00:00	1192.99999988	1184.82200001	1192.99999987	1188.5000004	58531.37129835	49.21606133	1189.27378007
687	2017-02-27 04:00:00	1188.5000004	1171.37648778	1188.50000039	1179.88110863	205748.61617536	173.97293101	1182.6472945
688	2017-02-27 06:00:00	1185.93850908	1177.768	1179.88110863	1185.21202993	95454.74062018	80.80245101	1181.33471728
689	2017-02-27 08:00:00	1185.21202825	1175.0	1185.21202825	1184.9	58176.12247244	49.34202222	1179.03806643
690	2017-02-27 10:00:00	1186.44650104	1181.83554301	1184.84	1185.03333821	31999.98129538	27.02241328	1184.20146135
691	2017-02-27 12:00:00	1185.93906478	1172.0	1185.03333811	1176.878	176900.0704511	150.35709561	1176.53290477
692	2017-02-27 14:00:00	1184.0	1174.71083434	1175.72743926	1181.00000001	67399.25315869	57.17170826	1178.89171427
693	2017-02-27 16:00:00	1199.0	1180.00000003	1181.00100001	1191.0	316851.01447478	265.51749848	1193.33383407
694	2017-02-27 18:00:00	1197.74602509	1190.01	1194.0	1192.0	59090.48431861	49.52798602	1193.07262554
695	2017-02-27 20:00:00	1198.0	1189.0	1192.00777	1191.00000003	80028.70519088	67.1037995	1192.61063884
696	2017-02-27 22:00:00	1197.0	1189.00100194	1191.00000004	1192.2	131934.80345411	110.540767	1193.53978658
697	2017-02-28 00:00:00	1208.0	1192.11100101	1196.48999991	1198.1000052	384219.03453273	319.6797811	1201.88719227
698	2017-02-28 02:00:00	1208.092	1180.0	1205.00000524	1188.1010052	307632.31631072	257.76711843	1193.45057734
699	2017-02-28 04:00:00	1200.5	1180.09999999	1188.1010052	1200.49999323	101099.74814781	84.96669743	1189.87498874
700	2017-02-28 06:00:00	1201.79503729	1194.0	1194.30000563	1195.84402121	70003.13304279	58.55670343	1195.47599066
701	2017-02-28 08:00:00	1197.59999999	1185.5	1195.81064625	1192.9199999	120395.68811845	101.01283169	1191.88509127
702	2017-02-28 10:00:00	1195.2	1183.65796463	1192.91999999	1188.66362528	134890.08822231	113.52971867	1188.14782422
703	2017-02-28 12:00:00	1191.52959786	1180.33942329	1188.66362505	1185.82800001	199352.54037469	168.36612543	1184.04186035
704	2017-02-28 14:00:00	1191.99999999	1178.11	1185.82800001	1187.3	201897.49103152	170.3440871	1185.2333384
705	2017-02-28 16:00:00	1195.55061624	1184.28614052	1189.69998217	1193.9999997	209260.28204979	175.72435742	1190.8439167
706	2017-02-28 18:00:00	1197.99999999	1189.10100001	1193.9999999	1197.68999998	137498.78021928	115.18180989	1193.75429462
707	2017-02-28 20:00:00	1199.0	1190.2	1193.22000016	1194.00000001	149605.75892257	125.32073391	1193.78297792
708	2017-02-28 22:00:00	1197.74999997	1183.13639164	1197.69999999	1185.00000201	151779.25828675	127.69039809	1188.65052155
709	2017-03-01 00:00:00	1192.64052778	1183.0000001	1188.04216581	1190.0	126139.36159136	106.2965782	1186.67377376
710	2017-03-01 02:00:00	1196.22265274	1183.00000038	1191.11216721	1189.95012715	122315.84003514	102.75382951	1190.37743525
711	2017-03-01 04:00:00	1198.01000001	1186.314	1189.95012713	1194.92579467	145829.67570906	122.20766957	1193.29397428
712	2017-03-01 06:00:00	1194.92579489	1185.5	1194.92579488	1188.0	131750.11993569	110.76856974	1189.41790297
713	2017-03-01 08:00:00	1194.93809999	1185.50000001	1188.0	1194.03607019	107391.71065801	90.188908	1190.74188876
714	2017-03-01 10:00:00	1200.955	1189.5	1194.03607019	1198.27516276	136062.30426704	113.62889594	1197.42696733
715	2017-03-01 12:00:00	1225.0	1198.30000009	1198.30000009	1224.94155165	726833.87032519	599.07664838	1213.25688839
716	2017-03-01 14:00:00	1234.48999999	1217.65752073	1224.94155165	1220.5	473200.43466038	386.32081533	1224.88982183
717	2017-03-01 16:00:00	1228.0	1218.53063598	1218.53063599	1222.00000003	241842.25237559	197.61206399	1223.82332076
718	2017-03-01 18:00:00	1228.9	1221.90631986	1222.25	1225.00000028	269261.4123961	219.77596312	1225.16315512
719	2017-03-01 20:00:00	1229.49	1217.60000002	1225.0	1228.0	375337.87916275	306.44195629	1224.82535912
720	2017-03-01 22:00:00	1234.0	1220.19999482	1228.0	1234.0	427771.33109733	348.58437852	1227.16724402
721	2017-03-02 00:00:00	1238.55	1225.99999999	1231.17972735	1226.0000055	277165.07041961	225.01845929	1231.74370357
722	2017-03-02 02:00:00	1233.99999998	1219.0851	1232.89999456	1219.08510087	194844.36532784	158.91404801	1226.09906278
723	2017-03-02 04:00:00	1228.0039999	1212.26243937	1220.52001	1222.0	273194.13099256	223.83612664	1220.50955354
724	2017-03-02 06:00:00	1227.20000007	1218.00000355	1219.3348903	1224.99999997	122503.89401217	100.12004404	1223.57011712
725	2017-03-02 08:00:00	1234.89999999	1221.00000591	1224.99999997	1233.69999999	209329.04449782	170.27765032	1229.33951757
726	2017-03-02 10:00:00	1235.0	1222.0	1230.00000001	1234.99999998	331181.9371733	269.27713028	1229.8925528
727	2017-03-02 12:00:00	1240.0	1229.217848	1232.1	1233.1040017	471692.14792356	382.37732511	1233.57771747
728	2017-03-02 14:00:00	1254.999	1228.54	1231.81	1250.00000001	813494.04973714	656.32738103	1239.46383047
729	2017-03-02 16:00:00	1279.47505452	1244.0	1254.0	1279.31650005	1064559.8101236	847.03672237	1256.80479016
730	2017-03-02 18:00:00	1279.50000001	1256.15	1279.31650006	1268.49999997	633475.20837268	500.10241678	1266.69095592
731	2017-03-02 20:00:00	1272.99999958	1241.43157354	1268.49999997	1258.0	1033286.9465646	821.48806596	1257.82344185
732	2017-03-02 22:00:00	1266.77099993	1247.0	1251.13800021	1258.43	559090.52248913	444.35722479	1258.20059019
733	2017-03-03 00:00:00	1273.80139504	1252.50000002	1258.45	1266.1	333805.82455894	263.87059299	1265.03609506
734	2017-03-03 02:00:00	1272.99999999	1261.0	1267.10000072	1272.87834374	383724.40926161	302.68688633	1267.72723428
735	2017-03-03 04:00:00	1273.0	1258.12084338	1272.87834374	1258.13001667	154808.44212408	122.51789327	1263.55781994
736	2017-03-03 06:00:00	1280.0	1258.13001	1263.81999798	1266.39000024	354002.43012651	279.14963654	1268.14576767
737	2017-03-03 08:00:00	1285.0	1265.28360517	1269.089	1284.4991	420647.33535444	328.56759172	1280.24597055
738	2017-03-03 10:00:00	1292.88882222	1276.00000001	1283.57847976	1288.5	339089.08501264	263.68130767	1285.98074701
739	2017-03-03 12:00:00	1294.97999998	1265.001	1285.05342138	1278.10000001	819764.01902853	639.09629642	1282.69248878
740	2017-03-03 14:00:00	1288.82239549	1270.59	1281.0	1272.50000002	443378.52454435	346.63078425	1279.10890979
741	2017-03-03 16:00:00	1281.15	1266.0	1272.80000002	1274.89766998	497188.29832406	390.64403965	1272.74000844
742	2017-03-03 18:00:00	1278.0	1260.30000001	1275.89999842	1269.69133457	468779.51979099	369.22278658	1269.63864861
743	2017-03-03 20:00:00	1283.0	1267.15	1268.99999979	1275.08200116	179804.47081121	140.8771642	1276.32091284
744	2017-03-03 22:00:00	1288.00000001	1274.70610243	1275.19140647	1287.95000001	193441.32704553	150.84751657	1282.36335237
745	2017-03-04 00:00:00	1291.53675867	1280.65000042	1287.00000002	1284.73807671	158726.45381585	123.21768449	1288.17916415
746	2017-03-04 02:00:00	1289.99899937	1280.65000043	1289.99899937	1283.200002	108846.35481391	84.77143288	1283.99805354
747	2017-03-04 04:00:00	1288.38999913	1281.5	1283.200002	1281.94147491	118232.70606746	92.08642102	1283.93203642
748	2017-03-04 06:00:00	1288.55099924	1280.6500004	1284.9	1280.67000015	82382.2437366	64.20249607	1283.16263041
749	2017-03-04 08:00:00	1290.00000225	1280.6500004	1283.5	1280.84385327	151162.17791044	117.76884313	1283.54982432
750	2017-03-04 10:00:00	1285.99999999	1277.5	1284.0	1277.5	117584.05798517	91.80465281	1280.80717464
751	2017-03-04 12:00:00	1280.99999999	1260.00443743	1279.00000001	1275.00000013	328936.17749873	258.68635057	1271.56371711
752	2017-03-04 14:00:00	1277.838355	1255.30739411	1275.00000006	1261.0	537005.42145101	424.10298852	1266.21466008
753	2017-03-04 16:00:00	1265.03474965	1235.0	1263.22	1250.20000075	1412925.9768007	1131.03845391	1249.228947
754	2017-03-04 18:00:00	1268.99999976	1250.20000077	1250.20000078	1265.00000001	117326.82919331	92.92256598	1262.63010449
755	2017-03-04 20:00:00	1270.499	1256.16400027	1265.00000001	1266.0	225600.24979534	178.24443583	1265.67905889
756	2017-03-04 22:00:00	1269.99999989	1260.01	1264.11000001	1267.99999982	212298.82107723	168.1457678	1262.58795481
757	2017-03-05 00:00:00	1268.9999993	1251.2	1261.30000071	1267.99999877	209461.35844255	166.19408616	1260.34182853
758	2017-03-05 02:00:00	1270.0	1260.0	1261.65999878	1260.00000001	82510.58109704	65.17112267	1266.0604531
759	2017-03-05 04:00:00	1266.99900573	1253.99078364	1260.00000001	1261.83749988	97678.1259705	77.53376859	1259.81398488
760	2017-03-05 06:00:00	1263.58361374	1241.0899	1261.83749988	1250.08990001	239887.28007646	191.98676069	1249.49907594
761	2017-03-05 08:00:00	1261.06888598	1245.85409106	1252.79999952	1253.00000001	252844.43688007	201.52380798	1254.66285802
762	2017-03-05 10:00:00	1262.99	1250.0	1253.00000001	1258.8466019	286904.30171081	228.4963829	1255.61857071
763	2017-03-05 12:00:00	1268.999	1253.01000034	1258.0	1262.00000004	180666.78995091	143.03238828	1263.11804007
764	2017-03-05 14:00:00	1275.0	1261.89	1262.00000006	1273.0	224009.78354931	176.45317686	1269.51402936
765	2017-03-05 16:00:00	1278.56	1270.0	1272.0	1276.08100105	103814.46100942	81.48418582	1274.0442819
766	2017-03-05 18:00:00	1277.99	1265.001	1274.00050053	1273.12300003	372807.44500655	293.59206404	1269.81444892
767	2017-03-05 20:00:00	1276.88	1270.0	1273.12300008	1271.0000016	74279.32902483	58.31811989	1273.69210744
768	2017-03-05 22:00:00	1280.0	1270.0	1271.20000001	1276.00290001	210625.54409643	165.03116065	1276.27742098
769	2017-03-06 00:00:00	1281.0	1272.00000001	1279.87999997	1279.0	239449.48988794	187.39058222	1277.80962656
770	2017-03-06 02:00:00	1283.59419605	1273.28258901	1278.79990007	1276.892	109555.91816704	85.73264754	1277.87862979
771	2017-03-06 04:00:00	1277.54877527	1267.75010435	1276.89999943	1277.54877527	120021.11760534	94.19827226	1274.13289783
772	2017-03-06 06:00:00	1281.78038419	1271.01300001	1277.54877514	1281.65369401	112170.10034348	87.81735205	1277.31134821
773	2017-03-06 08:00:00	1285.10000001	1276.3464	1276.3464002	1280.718	97592.92510992	76.06687041	1282.98856761
774	2017-03-06 10:00:00	1285.0	1278.0	1280.12735459	1283.31090764	254933.14517298	198.6338915	1283.43226449
775	2017-03-06 12:00:00	1287.0	1271.00000001	1282.78999999	1279.99999997	168717.75864733	131.74265163	1280.66162749
776	2017-03-06 14:00:00	1284.74999924	1275.5	1277.70085524	1276.01190013	218322.17950567	170.55671568	1280.05618914
777	2017-03-06 16:00:00	1281.0	1272.01	1279.00000002	1279.78036459	96921.79887045	75.89524017	1277.04713303
778	2017-03-06 18:00:00	1280.7813646	1273.00000002	1279.78036459	1276.79999996	181895.37378659	142.67500453	1274.89306473
779	2017-03-06 20:00:00	1277.0	1273.0	1276.79999996	1274.0	128557.75588007	100.73726609	1276.16879899
780	2017-03-06 22:00:00	1279.0	1273.35715849	1275.0	1274.3162846	162132.16491611	127.03846478	1276.24468067
781	2017-03-07 00:00:00	1280.0	1272.25154612	1274.69300001	1279.0	73202.15686287	57.30805433	1277.34500357
782	2017-03-07 02:00:00	1282.0	1273.3431099	1279.0	1278.4528143	59325.49728884	46.36304526	1279.58586318
783	2017-03-07 04:00:00	1279.0	1258.00000001	1277.5	1268.99999989	175860.54604122	138.79238767	1267.07630723
784	2017-03-07 06:00:00	1274.99900665	1264.40789137	1269.3	1271.99999998	154319.80330756	121.5257814	1269.85238465
785	2017-03-07 08:00:00	1275.0751815	1236.14106345	1271.99999998	1260.99999998	695679.1052775	555.74941203	1251.78558936
786	2017-03-07 10:00:00	1261.53343652	1169.05515973	1261.53343652	1197.9	1587379.6698054	1305.16126562	1216.23259256
787	2017-03-07 12:00:00	1238.2122536	1182.5	1197.41400001	1238.21225349	1328430.7339023	1097.96346032	1209.90432005
788	2017-03-07 14:00:00	1238.2122536	1221.51	1238.21225359	1230.62	401106.10092059	326.37691635	1228.96590054
789	2017-03-07 16:00:00	1255.20023057	1230.6	1233.12	1251.125	541548.00707912	434.12668882	1247.44232737
790	2017-03-07 18:00:00	1252.87	1245.66	1251.125	1250.01	296528.01718832	237.3131909	1249.52184943
791	2017-03-07 20:00:00	1253.0	1235.1	1251.5	1245.49999964	391183.55483029	315.059417	1241.61835426
792	2017-03-07 22:00:00	1245.5	1226.1	1245.49999964	1231.26	320324.84501757	259.79840636	1232.97463408
793	2017-03-08 00:00:00	1243.64892872	1228.60876446	1231.250001	1239.00000001	166512.40106537	134.9217417	1234.14061342
794	2017-03-08 02:00:00	1240.0	1191.50000005	1239.99999989	1199.12599981	502353.74069476	414.63393512	1211.55963886
795	2017-03-08 04:00:00	1223.23344876	1168.00399376	1193.0	1182.21100021	977740.58821189	823.11872394	1187.84879966
796	2017-03-08 06:00:00	1198.87	1157.0	1182.21100021	1167.45499981	810640.79741555	689.58980018	1175.54058543
797	2017-03-08 08:00:00	1209.99999989	1157.62677981	1167.4549998	1209.95276679	550801.40901411	461.20176262	1194.27429306
798	2017-03-08 10:00:00	1224.79999999	1202.0	1209.0082726	1205.60000004	498615.82169946	411.28843261	1212.32639229
799	2017-03-08 12:00:00	1213.91269217	1197.99443012	1205.60000004	1200.00000001	350172.00334005	290.31278946	1206.18869045
800	2017-03-08 14:00:00	1204.99899933	1175.0	1200.00000001	1185.0	524481.90438203	440.53021037	1190.56966363
801	2017-03-08 16:00:00	1198.184	1181.001	1186.87999999	1190.00000038	402105.19070995	337.88830862	1190.05357821
802	2017-03-08 18:00:00	1196.00000039	1174.00500041	1190.00000038	1174.00500041	280333.92935154	236.80162526	1183.83448189
803	2017-03-08 20:00:00	1177.62771639	1151.001	1175.0	1165.5	884987.10722686	759.70763755	1164.90484429
804	2017-03-08 22:00:00	1170.0	1143.00000021	1165.49999999	1146.00000025	654423.5426686	567.36604577	1153.44149962
805	2017-03-09 00:00:00	1156.34220044	1135.0	1146.40800021	1146.0000001	635614.9424174	555.16032017	1144.92142057
806	2017-03-09 02:00:00	1162.71406408	1145.50000011	1146.0	1151.0	239753.11244497	207.76158657	1153.98190976
807	2017-03-09 04:00:00	1160.0	1143.42067611	1151.0	1152.00000449	227951.95028934	197.98207577	1151.37670621
808	2017-03-09 06:00:00	1177.00000001	1152.00000488	1152.00000488	1175.89999979	471479.48834139	402.59435209	1171.1030865
809	2017-03-09 08:00:00	1187.25	1172.00008084	1172.00008084	1176.24000015	508288.15690431	430.57893647	1180.47613074
810	2017-03-09 10:00:00	1180.0	1157.01	1176.24000015	1168.0	475497.45042713	406.54915784	1169.59398699
811	2017-03-09 12:00:00	1185.7	1165.00000044	1165.00000044	1175.19999989	311514.09158407	264.42665247	1178.07372545
812	2017-03-09 14:00:00	1194.96000001	1172.96999977	1175.19999989	1193.0	483633.03957259	407.62493204	1186.46579627
813	2017-03-09 16:00:00	1210.0	1189.00000003	1193.0	1202.94999998	836290.35607887	696.85890718	1200.08562344
814	2017-03-09 18:00:00	1204.97999947	1195.70000026	1202.94999998	1200.0	276553.51533708	230.6400938	1199.06955803
815	2017-03-09 20:00:00	1202.65000025	1190.6	1200.0	1199.99999999	326337.44820495	272.74675415	1196.48517622
816	2017-03-09 22:00:00	1200.00000003	1184.1	1199.99999999	1192.91479877	304430.56492913	255.4796259	1191.60408136
817	2017-03-10 00:00:00	1205.99999986	1188.8	1192.91479876	1196.6	312261.5793683	260.27974056	1199.71527056
818	2017-03-10 02:00:00	1205.99999979	1192.91700021	1196.6	1200.00000011	362691.04082639	302.41255458	1199.32534325
819	2017-03-10 04:00:00	1203.89909978	1191.5300035	1200.00000012	1194.00000197	297137.77360696	248.0457631	1197.91513426
820	2017-03-10 06:00:00	1200.0	1171.03681192	1194.00000202	1188.0	461840.86205899	389.62861476	1185.33609843
821	2017-03-10 08:00:00	1197.91029046	1184.0	1187.0	1192.05550682	160306.00437153	134.63527087	1190.66871062
822	2017-03-10 10:00:00	1206.0	1191.00000024	1192.05550682	1198.681	251576.44670732	209.79768975	1199.13830799
823	2017-03-10 12:00:00	1365.0	1189.0	1198.681	1276.71933744	2926570.8371342	2316.70056893	1263.24950076
824	2017-03-10 14:00:00	1299.99	1224.35168955	1276.71933744	1240.0	2546331.716887	2030.07085051	1254.30682197
825	2017-03-10 16:00:00	1260.4653714	1234.0	1239.00000001	1253.99999999	627068.66189188	502.3535257	1248.26169183
826	2017-03-10 18:00:00	1265.22539998	1236.5719001	1253.99999999	1265.0	991435.45147271	792.52377927	1250.9851154
827	2017-03-10 20:00:00	1289.00000001	1000.0	1264.99999999	1104.24999999	6365851.5302284	5772.87594379	1102.71753493
828	2017-03-10 22:00:00	1119.99999995	1070.55050002	1104.24999998	1113.0	2782952.3829835	2540.19148724	1095.56795106
829	2017-03-11 00:00:00	1145.0	1105.0	1109.99999989	1138.68626685	1061735.0790104	943.57853737	1125.22173508
830	2017-03-11 02:00:00	1145.0	1123.0	1135.19115489	1144.99999936	539118.62691306	474.226441	1136.83797507
831	2017-03-11 04:00:00	1149.89999944	1138.59999969	1144.99999899	1147.49	264165.31321514	230.51847456	1145.96157084
832	2017-03-11 06:00:00	1177.52099999	1145.00000264	1147.0	1172.99999997	425676.53707554	365.97773635	1163.1214
833	2017-03-11 08:00:00	1200.00000001	1168.777	1172.99999997	1172.3547309	1228768.7923406	1037.86731703	1183.93630108
834	2017-03-11 10:00:00	1188.1186101	1167.24183189	1172.3547309	1179.99999999	544466.71481055	461.87432546	1178.82004865
835	2017-03-11 12:00:00	1195.0	1174.40539985	1179.99999999	1194.4	924546.48904141	781.41663727	1183.1671415
836	2017-03-11 14:00:00	1194.4	1171.16999989	1188.99000019	1188.0100002	631212.03572036	535.29729118	1179.18032861
837	2017-03-11 16:00:00	1188.98	1176.22	1183.10000005	1184.97999999	510781.33433304	431.85484246	1182.76162291
838	2017-03-11 18:00:00	1184.97999996	1170.01000021	1184.97999996	1175.0	511914.43062904	434.67445864	1177.69613662
839	2017-03-11 20:00:00	1175.91199981	1150.0	1174.99999999	1160.23	660347.82512218	567.89869738	1162.79158266
840	2017-03-11 22:00:00	1177.28999998	1160.39000009	1164.18000034	1175.00999951	479783.36395952	409.35473234	1172.04792336
841	2017-03-12 00:00:00	1182.99899999	1166.72254864	1174.0	1181.00000019	239967.97889571	204.17486822	1175.30615294
842	2017-03-12 02:00:00	1182.99699901	1170.0	1181.0000002	1170.00000102	223384.14666526	189.84825438	1176.64577635
843	2017-03-12 04:00:00	1182.10000001	1170.00000123	1175.85000081	1178.90999978	178249.05493793	151.3869929	1177.43969626
844	2017-03-12 06:00:00	1179.99999995	1170.50000001	1178.90999967	1173.00000025	256900.61910076	218.43578118	1176.09220299
845	2017-03-12 08:00:00	1181.999	1172.0030005	1178.99999981	1179.0	449449.70531589	381.46452638	1178.22149697
846	2017-03-12 10:00:00	1181.59999993	1169.0	1179.0	1172.31000065	271336.74867247	231.11008785	1174.05843767
847	2017-03-12 12:00:00	1181.10000035	1169.01	1176.31000027	1172.444	509064.05989419	433.54368357	1174.193234
848	2017-03-12 14:00:00	1216.25399999	1173.05	1173.05000004	1207.0	1283475.0341891	1072.01435199	1197.2554582
849	2017-03-12 16:00:00	1227.0	1205.00000006	1207.0	1218.11100046	927185.90325842	761.16172255	1218.11945581
850	2017-03-12 18:00:00	1232.3	1215.00000005	1218.01200025	1226.2001	654658.65688589	533.64282338	1226.77309279
851	2017-03-12 20:00:00	1229.94999971	1216.43394794	1229.94999971	1222.01100001	449815.99124873	368.03056406	1222.22455191
852	2017-03-12 22:00:00	1230.0	1220.21877998	1223.5	1224.4	259802.50032298	212.02592784	1225.33363239
853	2017-03-13 00:00:00	1226.5571902	1216.0395962	1224.4	1218.40000005	270236.78847335	221.38264863	1220.67736629
854	2017-03-13 02:00:00	1230.0	1216.03959621	1218.40000006	1229.99999999	473866.37280936	386.92130483	1224.70995237
855	2017-03-13 04:00:00	1239.0	1171.0	1229.99999999	1208.92499999	1086963.1018758	890.89458396	1220.0804915
856	2017-03-13 06:00:00	1227.95042005	1199.00000001	1215.0	1217.99989994	767915.15113538	633.23455402	1212.68674657
857	2017-03-13 08:00:00	1229.86143721	1211.0	1217.99989989	1222.0	522913.56419653	427.87594159	1222.11490146
858	2017-03-13 10:00:00	1234.97943996	1217.97950018	1222.0	1230.8	564508.18779709	459.71650619	1227.94848606
859	2017-03-13 12:00:00	1249.00000004	1230.3	1234.899999	1233.00000171	1222397.3153461	986.3344363	1239.33350632
860	2017-03-13 14:00:00	1238.09999997	1216.35497621	1238.09999997	1236.7	1232525.430398	1005.91619233	1225.2764592
861	2017-03-13 16:00:00	1240.99999986	1224.01	1234.99999999	1233.0	999443.00846131	811.04705914	1232.28732192
862	2017-03-13 18:00:00	1237.99899999	1215.24620001	1231.00000011	1231.00000002	910246.78284897	741.61979064	1227.37660771
863	2017-03-13 20:00:00	1244.899999	1229.00002333	1231.00000001	1240.0	557558.66961105	449.791226	1239.59436596
864	2017-03-13 22:00:00	1242.49999999	1225.0	1240.00000001	1237.0	378729.99461045	306.59648812	1235.27179627
865	2017-03-14 00:00:00	1240.0	1228.06	1236.99999999	1238.0	369092.73677421	299.06393709	1234.15996046
866	2017-03-14 02:00:00	1239.0	1229.20305453	1235.0	1234.70000007	342120.24759753	277.01517181	1235.023502
867	2017-03-14 04:00:00	1238.98999974	1222.0	1234.70000003	1225.5899795	320178.63020572	260.28439126	1230.11075944
868	2017-03-14 06:00:00	1230.99999953	1220.5	1230.0	1226.00000014	341897.46745968	279.05365413	1225.20333419
869	2017-03-14 08:00:00	1232.6669915	1221.12185211	1226.00000014	1232.66699148	178394.65417838	145.07509958	1229.67107859
870	2017-03-14 10:00:00	1239.99999999	1227.2	1232.66699149	1235.70228263	227103.02250643	184.28210788	1232.36609955
871	2017-03-14 12:00:00	1248.0	1230.0	1235.70228298	1247.9	462213.1672893	371.89897143	1242.84604905
872	2017-03-14 14:00:00	1260.0	1242.45760726	1247.9	1242.50000035	629578.50225963	503.11295483	1251.36611215
873	2017-03-14 16:00:00	1256.99999999	1243.00000015	1247.5	1253.49999999	167497.21401053	133.83984721	1251.47493442
874	2017-03-14 18:00:00	1253.5	1243.2000011	1253.49999999	1243.7500006	261323.50461408	209.34547188	1248.28830672
875	2017-03-14 20:00:00	1259.999	1243.75000224	1243.75000225	1245.20900648	594274.26609315	474.78132531	1251.67995119
876	2017-03-14 22:00:00	1251.9000016	1239.0	1245.20900648	1243.22313985	468059.01401311	375.83134823	1245.39641575
877	2017-03-15 00:00:00	1255.0	1241.58999971	1247.94999989	1249.0	296073.604761	236.80448155	1250.28716865
878	2017-03-15 02:00:00	1255.0	1245.41024552	1248.99999997	1250.54344601	182957.44429274	146.32714571	1250.33153216
879	2017-03-15 04:00:00	1252.6035203	1244.639566	1250.54344601	1250.0	76158.87359883	61.03115531	1247.86878459
880	2017-03-15 06:00:00	1254.1135905	1249.53275024	1249.53275024	1253.99999999	139467.98041313	111.34229683	1252.60556306
881	2017-03-15 08:00:00	1254.0	1246.7298984	1253.99999999	1247.00000001	149323.29547628	119.35591054	1251.07583529
882	2017-03-15 10:00:00	1252.11016402	1245.0	1251.99999681	1250.00000001	333905.85245872	267.42316257	1248.60483007
883	2017-03-15 12:00:00	1256.3	1243.0	1252.11016402	1252.00000001	793482.49435082	634.56386686	1250.43756159
884	2017-03-15 14:00:00	1255.99100009	1246.0	1247.183775	1255.0	564560.71713519	451.38514106	1250.72951185
885	2017-03-15 16:00:00	1255.85	1242.999	1255.0	1250.57750294	772303.33093894	618.56080394	1248.54877001
886	2017-03-15 18:00:00	1255.89	1245.11	1250.57750293	1251.01000102	686476.66619032	549.1107389	1250.16070085
887	2017-03-15 20:00:00	1254.0	1246.31	1247.011	1249.1	436714.1865106	349.06901572	1251.08264223
888	2017-03-15 22:00:00	1267.51000001	1248.15887385	1251.99999999	1255.0099998	578816.15887636	460.02979939	1258.2144888
889	2017-03-16 00:00:00	1265.20000004	1250.0	1255.1099998	1250.78338327	767890.11509373	611.14008926	1256.48787992
890	2017-03-16 02:00:00	1253.84	1220.0	1251.77971965	1225.0	1236843.6694033	998.11189818	1239.18337378
891	2017-03-16 04:00:00	1247.34298054	1175.000001	1225.0	1192.0	1499269.283295	1240.40643975	1208.6919539
892	2017-03-16 06:00:00	1224.96486658	1191.00000001	1191.00000003	1210.0	736617.88264256	608.54389526	1210.45973573
893	2017-03-16 08:00:00	1222.00000003	1193.5	1203.00000021	1210.99999999	953364.23796458	788.67600233	1208.81608562
894	2017-03-16 10:00:00	1218.19300021	1180.034	1204.60000027	1203.0	645302.71985882	535.1495771	1205.83617641
895	2017-03-16 12:00:00	1203.5489998	1171.0	1195.10000001	1199.00000001	1623118.2731492	1366.43520988	1187.84868935
896	2017-03-16 14:00:00	1209.0	1190.0	1199.00000003	1208.99999985	1396899.2792053	1160.67621363	1203.52193212
897	2017-03-16 16:00:00	1218.89899999	1201.16434243	1208.99999985	1218.89899999	720859.77210959	594.71130335	1212.11715339
898	2017-03-16 18:00:00	1219.10001003	1172.0	1215.0100002	1181.49999982	1428802.0079881	1196.56469295	1194.08671875
899	2017-03-16 20:00:00	1190.23999999	1119.31	1181.49999982	1168.482242	2263304.5435478	1966.90098428	1150.69571963
900	2017-03-16 22:00:00	1186.58899998	1143.0	1170.0	1166.0	1241009.9998329	1058.7144463	1172.18576186
901	2017-03-17 00:00:00	1173.99999969	1146.41999996	1166.0	1150.0	1349674.0785784	1166.28304654	1157.24401772
902	2017-03-17 02:00:00	1159.48000001	1080.0	1156.99999977	1089.99999999	1344184.1172212	1208.26505689	1112.49109585
903	2017-03-17 04:00:00	1120.0	1080.0	1089.99999999	1105.03	1295132.6047293	1184.89559578	1093.03520862
904	2017-03-17 06:00:00	1118.0	1060.00000001	1099.23000023	1067.24590625	1493391.6003225	1379.59580628	1082.48487964
905	2017-03-17 08:00:00	1123.72199982	1052.0	1067.24600019	1073.10999981	1886209.7326855	1729.98846941	1090.30191012
906	2017-03-17 10:00:00	1133.56699994	1070.0	1076.00000001	1128.99999999	1168404.1619531	1058.35719258	1103.97904426
907	2017-03-17 12:00:00	1146.64199981	1115.5499998	1125.93000001	1141.83399997	2276694.4461982	2011.45339948	1131.86536997
908	2017-03-17 14:00:00	1164.02249563	1133.0	1141.83399997	1146.1	1298280.3182736	1128.59945333	1150.34640008
909	2017-03-17 16:00:00	1164.8	1125.0	1149.99999999	1131.0	1207592.6327103	1055.50686183	1144.08790352
910	2017-03-17 18:00:00	1131.0	1101.0	1131.0	1117.00000015	1382477.4406158	1235.74787728	1118.73745934
911	2017-03-17 20:00:00	1122.19999981	1074.02225201	1122.19999981	1100.0000002	1680228.9998215	1532.34418564	1096.50887546
912	2017-03-17 22:00:00	1106.43554706	1061.0	1103.99999999	1070.0	1350396.5312647	1250.20883268	1080.13677072
913	2017-03-18 00:00:00	1095.07999999	1065.00000016	1070.0	1074.254724	1064067.8071112	986.85989607	1078.23593941
914	2017-03-18 02:00:00	1088.2547	1052.0	1074.254724	1054.20000001	899312.40279526	848.61180484	1059.74533663
915	2017-03-18 04:00:00	1084.24999999	1049.0	1054.39558392	1060.9006722	971543.66440045	915.96922875	1060.67281946
916	2017-03-18 06:00:00	1076.64597246	1055.72325956	1059.39859432	1071.68456275	855765.67812734	803.44420278	1065.1214797
917	2017-03-18 08:00:00	1090.12000056	1055.0	1071.68456275	1086.12340002	914531.00617669	856.92113112	1067.22891169
918	2017-03-18 10:00:00	1092.51421765	1073.98700097	1086.12340001	1081.5380002	514492.19470584	474.81026314	1083.57429197
919	2017-03-18 12:00:00	1083.49900665	1012.88458974	1081.5380002	1020.96005597	1926910.4485269	1836.39065527	1049.29223147
920	2017-03-18 14:00:00	1040.0	936.0	1020.96005598	967.1	5922929.1937916	6024.97730347	983.0624906
921	2017-03-18 16:00:00	1009.5	950.11	967.10000003	1002.59999998	2476420.8282873	2520.06309418	982.68207411
922	2017-03-18 18:00:00	1004.88888	970.0	1000.99999999	976.00000028	924496.88222654	940.19157337	983.30692213
923	2017-03-18 20:00:00	981.00000029	936.01002101	976.00000028	976.00000001	1886441.8622429	1970.26914832	957.45389093
924	2017-03-18 22:00:00	979.98	935.0	976.01	966.00000029	1729960.7655921	1812.54272269	954.43861484
925	2017-03-19 00:00:00	1003.11100001	965.00000003	971.29066	997.0	1745058.3193272	1770.10280951	985.85139233
926	2017-03-19 02:00:00	1012.65559784	991.48350995	997.0	999.999999	1247516.5820533	1243.45327189	1003.26776265
927	2017-03-19 04:00:00	1004.9	976.74699448	997.0	1002.99999875	732810.51705641	737.62553669	993.47227096
928	2017-03-19 06:00:00	1011.69999973	987.54229688	1000.0	1008.34761752	659556.06311586	657.8540525	1002.58721613
929	2017-03-19 08:00:00	1011.69999973	973.0	1008.0	975.50000015	674732.92727102	676.69088281	997.10657319
930	2017-03-19 10:00:00	995.99999999	975.11	976.54520091	992.00999999	502518.18458909	509.19456802	986.88834514
931	2017-03-19 12:00:00	1002.99	982.78289997	992.00999999	990.0	697630.17087528	702.43440999	993.16058688
932	2017-03-19 14:00:00	1033.0	987.0	991.49999999	1029.89898973	1071114.8239295	1065.25770495	1005.49831177
933	2017-03-19 16:00:00	1050.0	1025.5	1027.00000001	1032.99900666	1435296.6135323	1380.4535553	1039.72828931
934	2017-03-19 18:00:00	1063.456	1028.00000001	1028.00000001	1052.0	1626200.3875178	1551.63833198	1048.05375969
935	2017-03-19 20:00:00	1055.0	1032.0	1051.0	1033.0	840711.0769776	805.809917	1043.31190177
936	2017-03-19 22:00:00	1046.00000019	1000.0	1033.0	1015.1	974183.84538047	950.22825588	1025.21035272
937	2017-03-20 00:00:00	1031.61603684	1010.0	1014.0	1031.61603684	524253.6439648	513.30797496	1021.32378521
938	2017-03-20 02:00:00	1047.26957025	1025.75	1031.61599978	1033.77587672	395910.07594621	381.85622702	1036.80403233
939	2017-03-20 04:00:00	1041.42499999	1023.53329379	1038.38999921	1025.39162463	347663.13882487	336.09857303	1034.40825615
940	2017-03-20 06:00:00	1031.6490926	1010.76891439	1025.41518554	1028.0	648916.53965279	636.73401308	1019.13283462
941	2017-03-20 08:00:00	1031.29	1015.33414457	1028.0	1030.98525383	293881.3892946	287.5235548	1022.11239527
942	2017-03-20 10:00:00	1045.0	1028.21343945	1030.98525384	1045.0	371477.80952284	358.35106628	1036.63095907
943	2017-03-20 12:00:00	1053.49999998	1040.00100002	1044.99999999	1045.8	468544.94367193	447.83549443	1046.24342978
944	2017-03-20 14:00:00	1048.99999972	1036.0	1045.80000001	1043.24900016	704419.63324105	675.11088759	1043.41323209
945	2017-03-20 16:00:00	1051.89999997	1042.0	1043.24900091	1044.0	357108.82918545	340.97947075	1047.30301915
946	2017-03-20 18:00:00	1053.37608344	1011.68207623	1044.0	1030.07340823	749775.54232462	722.62043444	1037.57866037
947	2017-03-20 20:00:00	1048.49975794	1026.1450002	1032.45	1041.70403806	272403.3589075	263.11132542	1035.31597688
948	2017-03-20 22:00:00	1048.69999921	1032.22218252	1043.99999999	1036.88000006	472427.28726804	454.02462293	1040.53230465
949	2017-03-21 00:00:00	1057.26957026	1034.0	1036.88000006	1055.0	856564.88564565	816.46216437	1049.11767259
950	2017-03-21 02:00:00	1068.29633336	1055.0	1055.00000002	1068.29633336	646134.09974836	610.84155684	1057.7769186
951	2017-03-21 04:00:00	1086.88017423	1063.64016736	1067.01	1082.0	724357.33871976	671.20053083	1079.19661181
952	2017-03-21 06:00:00	1084.92	1068.42269217	1080.50000001	1076.00000022	627828.05483067	582.19284359	1078.38504327
953	2017-03-21 08:00:00	1082.89999932	1071.0	1079.09900565	1074.96500666	398212.22435372	369.66964173	1077.21105387
954	2017-03-21 10:00:00	1085.93	1063.12621	1074.49900666	1085.09582697	543984.66935904	508.05024444	1070.73006127
955	2017-03-21 12:00:00	1094.4800102	1080.51387198	1085.46637783	1088.49900666	943714.65814986	866.30072645	1089.36149923
956	2017-03-21 14:00:00	1095.0	1081.7	1088.49900665	1086.00100021	919064.27362658	842.44309089	1090.95116758
957	2017-03-21 16:00:00	1123.4	1084.1325	1086.4000002	1112.001	1686114.4806956	1523.41283478	1106.80075827
958	2017-03-21 18:00:00	1114.83600016	1101.6	1112.00099999	1112.0	751697.88203894	678.54290021	1107.81187424
959	2017-03-21 20:00:00	1116.89999996	1076.0	1112.57716069	1111.69999976	1106561.9533383	1006.77519352	1099.11523492
960	2017-03-21 22:00:00	1120.0	1107.00000018	1111.69999976	1117.97999765	559682.77333505	502.05021964	1114.79439992
961	2017-03-22 00:00:00	1118.0	1093.65083098	1117.97999764	1104.00000001	400300.45349518	362.53664905	1104.16548104
962	2017-03-22 02:00:00	1104.50000101	1087.0	1104.50000011	1092.49	292727.46034482	267.45177251	1094.50559103
963	2017-03-22 04:00:00	1105.99999923	1086.000001	1092.49	1099.0	364313.12437521	332.93877267	1094.23459891
964	2017-03-22 06:00:00	1100.45	1056.0	1096.00000128	1059.89999994	808376.59681807	746.02433129	1083.57939937
965	2017-03-22 08:00:00	1075.99	1044.99999999	1059.89999975	1069.1999999	1142284.5869886	1077.53719295	1060.08831478
966	2017-03-22 10:00:00	1084.0	1055.0	1069.19999892	1062.3	1262871.1889669	1181.14055259	1069.19636803
967	2017-03-22 12:00:00	1072.49999995	1010.77117583	1062.3	1019.9999998	2571378.8951966	2461.86076142	1044.48591711
968	2017-03-22 14:00:00	1028.99999977	1005.7194439	1013.19433611	1016.15255751	1213271.1485821	1194.56642634	1015.65816837
969	2017-03-22 16:00:00	1035.0	1011.2	1016.99999999	1016.91300026	529668.00574512	518.19190807	1022.14642393
970	2017-03-22 18:00:00	1027.15820246	986.22000007	1018.0	1014.3	1697917.0601673	1693.01510429	1002.89539996
971	2017-03-22 20:00:00	1023.0	1000.0	1014.3	1018.99399973	689962.99895511	682.45040408	1011.00826496
972	2017-03-22 22:00:00	1050.85918246	1007.70380002	1016.00161616	1037.69999999	628915.40400146	611.71905721	1028.11151064
973	2017-03-23 00:00:00	1045.99999998	1023.0	1034.82316026	1029.95599812	492403.60807546	475.89113515	1034.69800487
974	2017-03-23 02:00:00	1037.96500666	1026.29	1027.00000001	1036.8	219665.28033048	212.45733301	1033.92656406
975	2017-03-23 04:00:00	1041.00000003	1002.52000002	1036.98354563	1020.00700093	528130.89412903	513.66649487	1028.15912543
976	2017-03-23 06:00:00	1039.85292855	1020.0	1020.00700105	1038.89	223367.36906535	217.02078192	1029.24414468
977	2017-03-23 08:00:00	1042.43	1029.5	1038.8	1029.5	298730.63427734	288.2546403	1036.34284591
978	2017-03-23 10:00:00	1057.006	1027.13409301	1031.00000007	1043.12000001	533538.47867133	512.17710779	1041.70700048
979	2017-03-23 12:00:00	1056.27999989	1043.12	1044.0	1050.51000001	408662.02586021	389.47596454	1049.26122037
980	2017-03-23 14:00:00	1053.30821107	1043.12	1052.89999847	1049.4	424547.09289652	405.23342447	1047.66060068
981	2017-03-23 16:00:00	1049.39999958	1034.34111141	1049.39999958	1036.66600112	220902.82064487	212.19514581	1041.03616414
982	2017-03-23 18:00:00	1045.307334	1034.34111111	1036.66600121	1042.01	290081.09984292	278.91285727	1040.04204998
983	2017-03-23 20:00:00	1046.89999	1027.20000002	1042.00999998	1030.0	840221.96794294	808.40437987	1039.3585053
984	2017-03-23 22:00:00	1039.72799996	1020.568209	1030.0	1034.99999987	627437.84842794	608.17734461	1031.66922278
985	2017-03-24 00:00:00	1037.50588201	1015.3799	1034.99999983	1015.49999	693735.54042422	676.14779254	1026.01169164
986	2017-03-24 02:00:00	1024.72280628	1013.00000123	1018.0	1015.21199999	284258.71856928	279.30775815	1017.72582491
987	2017-03-24 04:00:00	1017.59866992	992.01396169	1015.21199999	1014.20703142	956339.31075942	949.32498664	1007.38874907
988	2017-03-24 06:00:00	1019.99999999	1003.00000003	1017.59866835	1015.9999999	477547.13805193	471.39429819	1013.05242741
989	2017-03-24 08:00:00	1020.0	1003.0	1017.50000041	1008.0000002	644963.96936294	636.44957892	1013.37794968
990	2017-03-24 10:00:00	1014.37582498	980.99999984	1013.99999999	991.99999997	1265076.7763685	1267.66256347	997.96019289
991	2017-03-24 12:00:00	998.04106804	955.0	988.10000019	974.60001082	2588860.0373341	2654.96051734	975.10302711
992	2017-03-24 14:00:00	997.0	974.7381508	977.99999999	989.49900666	880563.02827596	891.2141646	988.04873536
993	2017-03-24 16:00:00	989.99999959	972.87714899	989.49900666	983.50000003	866823.81878667	883.93135429	980.64608137
994	2017-03-24 18:00:00	987.24499938	965.17995673	983.50000004	978.0	864014.66018454	887.59360303	973.43497884
995	2017-03-24 20:00:00	979.0	950.0	977.00000006	954.00000001	1366148.5924106	1422.55799481	960.34650073
996	2017-03-24 22:00:00	960.0	930.1	952.69850374	942.51000039	2493068.4589684	2644.55052353	942.7191641
997	2017-03-25 00:00:00	967.40187689	933.0	946.79999997	936.4	1485828.1110612	1569.28616855	946.81782127
998	2017-03-25 02:00:00	945.0	925.49900667	936.41	927.99999997	536197.3848619	572.94349526	935.86433792
999	2017-03-25 04:00:00	930.12699977	903.0	927.99999997	905.01	1441006.4277718	1576.4701626	914.07148828
1000	2017-03-25 06:00:00	944.0	901.0	905.01	934.00000005	1739517.2764827	1894.7590851	918.06778506
1001	2017-03-25 08:00:00	933.98	888.98999998	932.0	917.99900666	1324009.8719274	1457.99728821	908.10173834
1002	2017-03-25 10:00:00	919.0	897.829036	917.99900666	909.0	725326.39105685	799.53187794	907.1888327
1003	2017-03-25 12:00:00	952.99	909.0	909.0	939.00000001	1326036.1580144	1422.48628839	932.19609133
1004	2017-03-25 14:00:00	947.0	929.0	940.99	934.75101922	645991.58485578	688.36215466	938.44727006
1005	2017-03-25 16:00:00	955.00030013	920.98142601	935.49900666	950.33	1202388.0807143	1281.83519699	938.02080293
1006	2017-03-25 18:00:00	957.0	940.44	950.33	942.80838859	727891.4330494	766.90559522	949.12781649
1007	2017-03-25 20:00:00	965.99999999	938.60000002	942.80838861	959.99999981	837466.20749446	879.90074772	951.77349225
1008	2017-03-25 22:00:00	980.08958297	951.20000001	958.00000001	971.95083163	1547868.5362924	1600.94920498	966.84425182
1009	2017-03-26 00:00:00	976.00000018	955.0	971.95083163	964.18	912597.09333982	945.6328791	965.06489305
1010	2017-03-26 02:00:00	973.0	958.00000001	964.18	971.99999966	300996.68758245	311.76039296	965.47442965
1011	2017-03-26 04:00:00	972.99999999	963.0	971.55555548	969.49999468	504263.48052621	520.6777182	968.47524466
1012	2017-03-26 06:00:00	974.61300007	951.87475752	969.49999465	955.01000497	383745.72662903	399.35787058	960.90688302
1013	2017-03-26 08:00:00	968.6149425	948.42378187	957.99999881	967.19999987	279447.20009631	291.34640201	959.1578896
1014	2017-03-26 10:00:00	981.46712149	964.00000287	966.00000255	971.00200079	437010.17054677	448.33961834	974.73021047
1015	2017-03-26 12:00:00	1006.74171679	973.00099999	976.79099955	991.49900666	1266598.962961	1277.5248148	991.44764022
1016	2017-03-26 14:00:00	1008.49999999	981.12965017	991.49900666	996.0	1083799.6561272	1089.29516718	994.95498445
1017	2017-03-26 16:00:00	1002.16549562	973.34886842	1000.0	984.9	936238.97500132	947.25609362	988.36944022
1018	2017-03-26 18:00:00	990.0	971.3344	984.9	981.16383051	564134.91178428	575.87496504	979.61353771
1019	2017-03-26 20:00:00	989.88722592	952.14	985.47757723	956.50999637	1184740.7989511	1227.82413407	964.91082564
1020	2017-03-26 22:00:00	969.99999665	951.00000011	956.08272111	963.04740785	564945.99008007	588.31777795	960.27353116
1021	2017-03-27 00:00:00	974.786001	957.673528	966.99999999	970.51	458950.45671523	475.59047695	965.01187252
1022	2017-03-27 02:00:00	980.0	963.51749999	970.51000013	971.0	274411.8977482	281.8513901	973.60491161
1023	2017-03-27 04:00:00	979.98	968.20351999	973.42729705	971.94497041	182056.92279081	186.99488058	973.59308568
1024	2017-03-27 06:00:00	992.0	967.0	970.0	991.89000001	441756.03536333	450.62762672	980.31281077
1025	2017-03-27 08:00:00	996.0	980.69	992.0	992.0300001	502992.00190207	508.64407322	988.88796387
1026	2017-03-27 10:00:00	995.2	981.99	992.03000001	990.28842769	314502.1186038	317.54159518	990.42809942
1027	2017-03-27 12:00:00	1031.42941672	987.82538096	990.74999998	1031.42941672	2456513.8024032	2421.90709726	1014.28903081
1028	2017-03-27 14:00:00	1033.79999999	1006.510396	1030.00000001	1030.5	1223054.2465972	1197.1278562	1021.65716073
1029	2017-03-27 16:00:00	1032.99999991	1016.46	1030.83172524	1022.99999999	941677.6994799	919.11483137	1024.5484757
1030	2017-03-27 18:00:00	1027.31535627	1012.51	1021.00000012	1015.0	818796.44507244	802.33713424	1020.51420796
1031	2017-03-27 20:00:00	1036.33306974	1010.0	1015.0	1036.01926971	639022.31327999	623.83513712	1024.34485532
1032	2017-03-27 22:00:00	1046.52104237	1031.27303012	1036.01926971	1040.25000001	1411889.1787212	1357.22541617	1040.27611176
1033	2017-03-28 00:00:00	1045.68013392	1028.0	1042.70581575	1028.63866723	890174.24728666	859.41124446	1035.79543905
1034	2017-03-28 02:00:00	1041.17105118	1027.43999986	1028.17587199	1036.85989491	313057.82963308	302.7116973	1034.17817159
1035	2017-03-28 04:00:00	1041.14083887	1025.43999975	1035.31	1027.57602136	283278.23065415	273.41033379	1036.09189428
1036	2017-03-28 06:00:00	1047.0	1025.44000044	1027.18754617	1047.0	360115.73081197	347.60425541	1035.99344716
1037	2017-03-28 08:00:00	1058.0	1042.32721306	1047.0	1057.09	627794.18064674	597.40606343	1050.86677065
1038	2017-03-28 10:00:00	1065.70114175	1046.678	1057.09	1065.69	932814.24968768	883.39319534	1055.94457214
1039	2017-03-28 12:00:00	1066.0	1053.00000001	1065.69	1059.99999995	905615.61004292	854.29061071	1060.0790863
1040	2017-03-28 14:00:00	1061.45321988	1046.41822122	1058.00000016	1057.3	953951.47473323	905.59592243	1053.39638916
1041	2017-03-28 16:00:00	1058.12676884	1046.98999999	1058.01	1047.0	391356.1597765	371.98342613	1052.0795613
1042	2017-03-28 18:00:00	1047.0	1015.5	1046.926	1027.71415376	1278670.331406	1241.96656717	1029.55294063
1043	2017-03-28 20:00:00	1040.89999999	1022.70460874	1026.9999997	1034.01000001	562074.51870279	544.75154719	1031.7997656
1044	2017-03-28 22:00:00	1046.4367886	1032.93000068	1036.62698001	1042.34645781	289015.50572493	277.60051483	1041.12020794
1045	2017-03-29 00:00:00	1045.0	1025.11111112	1042.0	1032.8999999	561590.95792992	543.50303858	1033.28025432
1046	2017-03-29 02:00:00	1032.99897517	1008.0	1030.00000001	1012.0	717976.1841014	705.94858727	1017.03749684
1047	2017-03-29 04:00:00	1031.97999978	1012.10000001	1012.689277	1029.84909186	450400.31926372	439.97953205	1023.68470907
1048	2017-03-29 06:00:00	1031.47660823	1012.1	1029.1	1022.20536134	579465.88541225	568.20682343	1019.81507704
1049	2017-03-29 08:00:00	1039.99999987	1019.00000001	1022.20536134	1039.0	544831.95710077	527.88055722	1032.11218835
1050	2017-03-29 10:00:00	1057.98	1036.01	1038.83747873	1051.00000001	761257.32170562	727.24153002	1046.77371998
1051	2017-03-29 12:00:00	1055.54269519	1036.10974033	1051.00000001	1042.12300008	468401.28337752	446.11539735	1049.95542893
1052	2017-03-29 14:00:00	1051.99999976	1038.82839517	1042.12340001	1041.10000003	397052.13571982	379.92256239	1045.08701252
1053	2017-03-29 16:00:00	1048.8	1030.00000001	1041.11595489	1030.3	361945.42483183	347.70930765	1040.94258298
1054	2017-03-29 18:00:00	1040.88572491	1021.00000001	1030.3	1040.78075063	388436.39408838	376.5341978	1031.60986799
1055	2017-03-29 20:00:00	1045.0	1036.0	1040.78075063	1042.43265432	435397.35264165	419.14510283	1038.77475771
1056	2017-03-29 22:00:00	1045.00000007	1034.74019294	1045.0	1040.0	482356.38598155	464.68030707	1038.03922533
1057	2017-03-30 00:00:00	1053.29999995	1039.44990428	1040.0	1040.0	505810.93722579	482.79678753	1047.66839856
1058	2017-03-30 02:00:00	1049.37873913	1038.33000002	1040.00000001	1043.00566862	294041.51388682	281.45289808	1044.72725593
1059	2017-03-30 04:00:00	1046.06780842	1039.99999999	1042.93552158	1043.0	166939.66765354	160.12608054	1042.55138882
1060	2017-03-30 06:00:00	1048.86674165	1040.0	1044.99999997	1047.53880204	388284.88127806	371.80098628	1044.33526431
1061	2017-03-30 08:00:00	1048.46847319	1026.26513972	1044.00000008	1031.94599972	889380.12082019	859.84720271	1034.34670487
1062	2017-03-30 10:00:00	1040.0	1028.7552368	1031.99999981	1030.69999998	606755.5721692	586.2994906	1034.89015749
1063	2017-03-30 12:00:00	1037.85621753	1022.0	1031.00000054	1028.69999999	843116.54316156	818.36655555	1030.24315625
1064	2017-03-30 14:00:00	1035.0	1023.0	1028.69999999	1029.88	796632.22304327	774.44542392	1028.64862834
1065	2017-03-30 16:00:00	1040.0	1025.00000001	1029.88	1034.49459826	876290.51910113	847.531582	1033.93258459
1066	2017-03-30 18:00:00	1039.0	1026.0	1034.5	1031.0	457313.52190446	443.08174427	1032.11998196
1067	2017-03-30 20:00:00	1040.0	1029.0	1031.3	1037.8	1009484.2299257	974.71126492	1035.67514427
1068	2017-03-30 22:00:00	1044.27394255	1030.6799461	1037.8	1040.59908959	694515.57217114	670.15750908	1036.34677334
1069	2017-03-31 00:00:00	1050.0	1036.79880654	1040.59908959	1048.81267129	605248.85585223	578.47146361	1046.28991043
1070	2017-03-31 02:00:00	1058.56999999	1041.4990049	1049.17471846	1049.0	1040852.384419	990.45003697	1050.88832911
1071	2017-03-31 04:00:00	1054.79727912	1044.84995016	1047.09370538	1046.14850306	1045968.7031227	996.6444746	1049.49029446
1072	2017-03-31 06:00:00	1053.1	1041.00000001	1046.14850306	1044.7564631	772718.46759337	738.03878633	1046.98896847
1073	2017-03-31 08:00:00	1055.48962299	1045.09527698	1048.38602312	1050.4211283	881287.09836365	838.8356695	1050.60756284
1074	2017-03-31 10:00:00	1052.41359578	1042.13474729	1050.11804764	1042.13474729	599080.0382244	571.89827326	1047.52902086
1075	2017-03-31 12:00:00	1052.83743016	1042.12931639	1042.5	1052.18091007	788542.28174406	752.58283083	1047.78138623
1076	2017-03-31 14:00:00	1095.0	1045.92742884	1051.80994722	1089.66999	1973517.0763273	1852.80187684	1065.15278346
1077	2017-03-31 16:00:00	1090.00000001	1065.0	1090.00000001	1074.96513047	1083373.4313863	1006.63817508	1076.2292333
1078	2017-03-31 18:00:00	1082.55394364	1072.0	1072.04855948	1079.98999998	759787.5804197	705.61556707	1076.77270156
1079	2017-03-31 20:00:00	1086.50999998	1068.15273595	1079.99	1079.94999999	678496.15424577	630.3756293	1076.33627112
1080	2017-03-31 22:00:00	1085.0	1075.0	1079.94999999	1081.36295113	443291.49583746	410.38662131	1080.18018331
1081	2017-04-01 00:00:00	1085.99999997	1075.24167953	1078.15705958	1078.40203881	459984.6625048	425.87100655	1080.10325997
1082	2017-04-01 02:00:00	1082.81238693	1074.0	1078.40203881	1080.38336464	269991.47473672	250.12994486	1079.4048465
1083	2017-04-01 04:00:00	1085.99999997	1076.37372554	1080.0	1084.38394507	314122.16936503	290.6566833	1080.73265613
1084	2017-04-01 06:00:00	1096.0	1082.0	1084.38394507	1095.99999999	640738.2261278	587.9667194	1089.75254038
1085	2017-04-01 08:00:00	1107.11526922	1090.0	1095.99999999	1095.21619009	849767.1155938	773.81339974	1098.1550796
1086	2017-04-01 10:00:00	1106.74421081	1095.21619005	1095.30000005	1096.05999994	463806.69084093	420.8052302	1102.18851277
1087	2017-04-01 12:00:00	1105.0	1094.54175209	1096.05999989	1099.0	537817.07237573	489.07694207	1099.65738744
1088	2017-04-01 14:00:00	1099.87999999	1072.0	1097.2631992	1081.00895054	965926.633237	891.18347855	1083.86954705
1089	2017-04-01 16:00:00	1085.85971829	1074.78989823	1081.99999998	1078.29925547	441687.75786121	409.02497457	1079.85522968
1090	2017-04-01 18:00:00	1087.33541078	1077.0	1078.29925539	1081.10689875	346416.72966232	319.96554808	1082.66884275
1091	2017-04-01 20:00:00	1083.36867359	1069.00000101	1079.0	1077.52000017	527314.71307765	489.94791369	1076.26688132
1092	2017-04-01 22:00:00	1097.0	1077.5200004	1080.39139999	1095.87488705	517006.62634021	476.39160262	1085.25554081
1093	2017-04-02 00:00:00	1095.05	1084.23098191	1095.0	1088.15386152	329032.1429161	301.92359224	1089.78612924
1094	2017-04-02 02:00:00	1090.79016297	1081.78915102	1089.99999999	1083.88524682	217329.01983499	200.06158253	1086.31061039
1095	2017-04-02 04:00:00	1087.61224997	1081.67936042	1085.99999999	1086.99572583	215082.72007131	198.2960801	1084.65442162
1096	2017-04-02 06:00:00	1100.10344202	1086.00000004	1086.99572583	1095.81874867	918550.5033967	839.73598335	1093.85630913
1097	2017-04-02 08:00:00	1099.0	1082.40487427	1098.99999998	1083.54509976	649579.00207598	596.42181563	1089.12683113
1098	2017-04-02 10:00:00	1099.46720217	1081.68000001	1083.54509978	1089.04767051	1600249.8869358	1467.85630144	1090.1951951
1099	2017-04-02 12:00:00	1096.6	1075.0	1087.0	1089.61539049	2155926.9598086	1985.48423377	1085.84441172
1100	2017-04-02 14:00:00	1111.6000002	1079.97000023	1089.93446617	1108.10286898	1794561.0587664	1639.41874314	1094.63251306
1101	2017-04-02 16:00:00	1111.59	1078.05694337	1108.10286898	1092.05700022	3332520.6220844	3030.36439695	1099.70953507
1102	2017-04-02 18:00:00	1120.0	1082.07502124	1092.05700022	1107.00000036	1998195.2570047	1801.89572901	1108.940559
1103	2017-04-02 20:00:00	1140.0	1093.99999992	1115.0	1106.07344016	2721242.7225792	2445.22851077	1112.87869849
1104	2017-04-02 22:00:00	1114.05055076	1098.0	1106.07344016	1106.63248382	1246448.6458993	1127.12109967	1105.86932164
1105	2017-04-03 00:00:00	1145.0	1101.01	1107.797979	1123.11976517	2490629.5187767	2204.41098496	1129.83900723
1106	2017-04-03 02:00:00	1145.0	1122.25547344	1123.0	1144.87999999	1538312.3843316	1352.73775892	1137.18447954
1107	2017-04-03 04:00:00	1150.0	1128.00000092	1144.88	1142.17199975	2208315.9209371	1938.01050583	1139.47572229
1108	2017-04-03 06:00:00	1147.33354189	1132.50000001	1142.87947372	1135.09999996	1134095.1299189	995.07648939	1139.70648689
1109	2017-04-03 08:00:00	1142.4110075	1120.41818297	1135.09999982	1138.47735519	1443543.1905426	1275.76462484	1131.51216332
1110	2017-04-03 10:00:00	1140.90913381	1127.71122895	1138.47735519	1135.5712312	968599.13441647	853.58869265	1134.73754134
1111	2017-04-03 12:00:00	1140.0189132	1126.0	1135.57123119	1128.39195277	1086574.8018773	960.62682012	1131.11020754
1112	2017-04-03 14:00:00	1142.86403888	1128.0	1131.21658083	1139.25935821	768669.39205514	676.95021105	1135.48881366
1113	2017-04-03 16:00:00	1142.18760897	1131.0	1139.63000004	1139.59990099	829178.71848282	728.4069577	1138.34541215
1114	2017-04-03 18:00:00	1151.73346751	1130.0	1137.00000012	1149.00000001	1535804.7741687	1346.86143846	1140.28416755
1115	2017-04-03 20:00:00	1161.0	1144.0	1149.00000006	1156.78179999	1766847.054627	1531.32667285	1153.80152775
1116	2017-04-03 22:00:00	1158.70921648	1133.7337003	1158.1	1151.2102033	1622828.7081661	1410.20253236	1150.77704863
1117	2017-04-04 00:00:00	1159.79797979	1140.19000001	1151.2102033	1142.95	1618942.3613088	1405.87164811	1151.55772825
1118	2017-04-04 02:00:00	1154.69112671	1140.81883406	1145.58967012	1148.17526983	613160.38504362	533.9202902	1148.41184404
1119	2017-04-04 04:00:00	1152.49900001	1144.0	1151.84211821	1149.9999983	510775.29674399	444.63400385	1148.75446394
1120	2017-04-04 06:00:00	1152.49900001	1143.8	1149.99999822	1152.49900001	872386.67067829	759.98842276	1147.89468438
1121	2017-04-04 08:00:00	1163.90495495	1148.63071703	1148.63071703	1155.60752322	955559.07799589	826.46389234	1156.20184602
1122	2017-04-04 10:00:00	1164.43609029	1140.0	1155.60752308	1147.99999999	967036.02560538	838.74937114	1152.94992625
1123	2017-04-04 12:00:00	1150.91305193	1132.27362748	1147.99999998	1140.86491187	1262497.42751	1105.25791105	1142.26499976
1124	2017-04-04 14:00:00	1142.71866197	1122.38204087	1140.86491187	1132.69999994	1449172.7179445	1280.1832372	1132.0041349
1125	2017-04-04 16:00:00	1139.09374648	1124.00000004	1131.4	1135.59	680704.40619282	601.47225137	1131.7303577
1126	2017-04-04 18:00:00	1149.0	1131.90000001	1135.56909004	1137.41237539	603608.24910779	530.04158684	1138.79413256
1127	2017-04-04 20:00:00	1141.0	1131.88888853	1139.69999999	1140.0	580066.64978021	510.27757986	1136.76687488
1128	2017-04-04 22:00:00	1143.90818148	1135.35	1140.0	1143.90818147	432983.70278963	380.3981746	1138.23811916
1129	2017-04-05 00:00:00	1147.88568475	1139.03730076	1143.90818147	1142.31000001	664992.25283708	581.10606928	1144.35606164
1130	2017-04-05 02:00:00	1144.99999999	1133.8290159	1142.31000001	1139.99999999	352708.66319517	309.81699847	1138.44193487
1131	2017-04-05 04:00:00	1141.585532	1130.0	1139.99999999	1134.00010122	526108.62504147	463.54760131	1134.96137948
1132	2017-04-05 06:00:00	1140.71139284	1123.95075011	1134.00010112	1128.00516042	645297.5081492	570.23834261	1131.6277071
1133	2017-04-05 08:00:00	1128.3826955	1113.49769376	1128.00516042	1122.00000005	1414053.4281566	1265.28680654	1117.57541519
1134	2017-04-05 10:00:00	1131.65528846	1118.25739395	1122.8	1127.271	993006.2908738	882.1302705	1125.6912092
1135	2017-04-05 12:00:00	1132.10467609	1123.78361718	1127.99999999	1126.88241077	591553.84790836	524.56355873	1127.70671554
1136	2017-04-05 14:00:00	1130.91853481	1121.0	1127.31161441	1121.445658	731530.28203633	649.32116527	1126.6077885
1137	2017-04-05 16:00:00	1132.57533939	1120.97217789	1121.44565801	1123.86227151	1041419.9628429	925.25338964	1125.55109173
1138	2017-04-05 18:00:00	1138.0429235	1122.19730224	1123.86227151	1130.57	1532079.0364478	1355.09770928	1130.6041077
1139	2017-04-05 20:00:00	1134.660339	1122.0	1130.88144324	1129.84752648	632377.75320235	560.79710303	1127.64090574
1140	2017-04-05 22:00:00	1139.99999999	1121.409633	1128.66541484	1139.99999994	1258286.8946156	1112.66222834	1130.87949115
1141	2017-04-06 00:00:00	1150.97550242	1137.23976888	1137.2656011	1145.57264203	988731.38956828	863.0165477	1145.66909777
1142	2017-04-06 02:00:00	1157.777777	1142.87116371	1147.0	1151.28610141	1005504.1243518	872.48048675	1152.46603175
1143	2017-04-06 04:00:00	1166.6332027	1150.052	1151.38610136	1154.56009119	617857.29459398	532.77797106	1159.69001752
1144	2017-04-06 06:00:00	1168.79334329	1152.07783917	1154.56009118	1155.71019643	951200.58073073	817.97945385	1162.86610409
1145	2017-04-06 08:00:00	1163.0	1150.052	1155.75514356	1160.09463057	766897.31473323	662.77765132	1157.09591777
1146	2017-04-06 10:00:00	1180.50000009	1160.09463061	1160.15823028	1180.3155009	1082810.6561429	922.96063587	1173.19267372
1147	2017-04-06 12:00:00	1184.0613	1162.94577098	1179.93091717	1164.2946741	1041930.9177227	887.47298988	1174.04239859
1148	2017-04-06 14:00:00	1173.15108996	1164.60554599	1166.34946045	1167.98	648375.4935146	554.01813849	1170.31455916
1149	2017-04-06 16:00:00	1179.82	1167.98000053	1170.8793811	1174.42999962	679639.96756998	578.17407308	1175.49367779
1150	2017-04-06 18:00:00	1198.0	1174.04000073	1174.43999999	1189.36363126	2683307.4998054	2256.98335328	1188.89113466
1151	2017-04-06 20:00:00	1220.0	1189.37	1192.17463132	1202.65962956	2750638.9519264	2284.692777	1203.94259552
1152	2017-04-06 22:00:00	1220.0	1190.0	1202.65962947	1193.92000001	1590655.2577795	1324.03396812	1201.37043012
1153	2017-04-07 00:00:00	1199.98999999	1187.80414998	1194.11636853	1195.03	608451.21465906	510.52496424	1191.81481274
1154	2017-04-07 02:00:00	1200.0	1180.86161196	1195.02999993	1180.86161196	711006.89533572	598.25206788	1188.47377804
1155	2017-04-07 04:00:00	1191.87180002	1176.52610038	1180.86161196	1181.92	602865.0568753	508.86604796	1184.72250072
1156	2017-04-07 06:00:00	1195.01000074	1180.27305202	1181.89	1195.01000074	378138.1105348	318.25088809	1188.17613614
1157	2017-04-07 08:00:00	1200.49072498	1192.90313541	1195.01000074	1198.01000001	585598.26523965	489.16320647	1197.14291159
1158	2017-04-07 10:00:00	1200.0	1187.90572196	1199.49999998	1193.73000006	1669082.5029647	1394.32127295	1197.05733201
1159	2017-04-07 12:00:00	1196.0	1190.79999981	1193.73000031	1192.40792597	664071.90166133	556.49104763	1193.32000845
1160	2017-04-07 14:00:00	1198.49999999	1185.0	1195.2156098	1198.49999976	1354039.3213775	1134.87731057	1193.1151577
1161	2017-04-07 16:00:00	1198.78999999	1186.269999	1198.49999972	1191.71402022	736821.93875838	617.79630877	1192.66160755
1162	2017-04-07 18:00:00	1203.83653589	1190.0	1191.71402022	1202.78313529	1181788.8372372	988.72968825	1195.25978766
1163	2017-04-07 20:00:00	1208.0	1196.0	1202.7	1197.9	482115.96947513	400.71908874	1203.12703592
1164	2017-04-07 22:00:00	1200.02999985	1190.89999995	1197.42	1197.58999997	735040.74194015	615.26581853	1194.67183094
1165	2017-04-08 00:00:00	1197.77880899	1181.0	1197.58999997	1194.27999996	855101.76749405	719.5940944	1188.31126345
1166	2017-04-08 02:00:00	1207.76999999	1193.73000002	1194.73545205	1203.99	610248.18686211	508.03279031	1201.1984236
1167	2017-04-08 04:00:00	1204.72499865	1196.44582413	1201.96215435	1199.36999997	264077.94310659	220.17040084	1199.42527287
1168	2017-04-08 06:00:00	1201.99999999	1195.0	1199.26131248	1200.0	426255.24756639	355.5168013	1198.97356751
1169	2017-04-08 08:00:00	1202.25313762	1197.03000004	1200.0	1198.0	220630.92996027	183.93805811	1199.48493654
1170	2017-04-08 10:00:00	1199.0	1189.39766113	1198.0	1198.0	427438.55535079	358.15560439	1193.44371583
1171	2017-04-08 12:00:00	1198.0	1192.43000001	1197.5	1192.89	331611.73917376	277.56516492	1194.7167047
1172	2017-04-08 14:00:00	1194.98999999	1186.255	1194.17509432	1187.21000001	513617.08271609	431.27911134	1190.91574159
1173	2017-04-08 16:00:00	1193.69467539	1186.255	1187.0	1190.66999998	348600.90858668	292.80644269	1190.55067704
1174	2017-04-08 18:00:00	1191.70999998	1172.40000002	1190.66999997	1182.76312615	1350828.4708604	1144.34236059	1180.44085177
1175	2017-04-08 20:00:00	1184.96285008	1180.00000001	1182.76312615	1184.00000001	388902.28092587	328.8399757	1182.64903802
1176	2017-04-08 22:00:00	1189.68903824	1184.0	1184.00000001	1189.68903824	205146.24494346	173.08224502	1185.25296988
1177	2017-04-09 00:00:00	1195.59174038	1185.37	1189.68903823	1188.60907445	408481.13902244	343.21739635	1190.15278178
1178	2017-04-09 02:00:00	1195.50932647	1184.0	1188.66934784	1191.13718451	433715.40089445	364.84350906	1188.77104874
1179	2017-04-09 04:00:00	1194.4	1186.0	1189.02000019	1189.0	280335.9046689	235.53654851	1190.20129335
1180	2017-04-09 06:00:00	1192.14389847	1187.00000001	1189.0	1190.5052	261605.63570967	219.74592327	1190.49141761
1181	2017-04-09 08:00:00	1191.11864859	1185.71827505	1190.5052	1188.99999999	359523.52128761	302.35676843	1189.07052471
1182	2017-04-09 10:00:00	1189.0	1180.00000002	1188.99999999	1183.11	448910.34053794	379.0089491	1184.43203413
1183	2017-04-09 12:00:00	1197.7400005	1180.45363817	1183.10999999	1194.22788489	521932.81784687	438.36805317	1190.62694936
1184	2017-04-09 14:00:00	1210.0	1191.04000141	1194.22788488	1209.99999989	990474.52214113	824.19576346	1201.74667967
1185	2017-04-09 16:00:00	1226.94799995	1206.02381846	1209.99999986	1220.28275185	1546245.5104184	1268.29945202	1219.14860718
1186	2017-04-09 18:00:00	1227.32926696	1214.0	1220.28275185	1226.17615746	780912.05915043	639.16410339	1221.7708332
1187	2017-04-09 20:00:00	1226.99999934	1213.9781537	1226.17615746	1214.71347918	499680.52460863	409.71990959	1219.5661302
1188	2017-04-09 22:00:00	1218.99999999	1211.13	1215.15845889	1216.54157433	501802.22041808	412.77106401	1215.69137027
1189	2017-04-10 00:00:00	1219.55532369	1211.07556381	1216.54157429	1216.0	272117.63812071	224.04526856	1214.56543077
1190	2017-04-10 02:00:00	1224.0	1213.63088859	1216.76999998	1222.63494647	225234.53355425	184.65674501	1219.74712346
1191	2017-04-10 04:00:00	1224.0	1213.15038394	1222.63494647	1213.20000101	305404.88186519	250.32864483	1220.01572002
1192	2017-04-10 06:00:00	1220.57431549	1210.99999001	1214.99999999	1212.00197202	410025.14695005	337.49535033	1214.90606181
1193	2017-04-10 08:00:00	1228.0	1212.00197204	1213.85738843	1226.43610034	293876.85807314	240.68421949	1221.00592509
1194	2017-04-10 10:00:00	1228.99999993	1221.55000019	1227.0	1225.24661633	376062.76835681	306.75348409	1225.94457067
1195	2017-04-10 12:00:00	1224.72221897	1217.47068606	1224.67568005	1223.6354966	656286.94926977	537.20141227	1221.67763203
1196	2017-04-10 14:00:00	1225.0	1217.0	1223.63549659	1218.04435616	480822.72443943	393.90104628	1220.66881766
1197	2017-04-10 16:00:00	1223.13730584	1217.0	1218.04435616	1217.72577003	376707.20783012	308.86176883	1219.66279367
1198	2017-04-10 18:00:00	1222.0	1212.59077905	1218.7049999	1216.0	378540.50974649	311.11725736	1216.71331561
1199	2017-04-10 20:00:00	1216.49869866	1202.0	1216.01	1208.0	588124.79500119	486.22983434	1209.5613092
1200	2017-04-10 22:00:00	1220.91	1205.82109703	1208.0	1219.49999999	346858.1949475	285.69734365	1214.07567363
1201	2017-04-11 00:00:00	1222.64111228	1216.82106474	1219.54999997	1219.98999994	268468.3641374	220.08676718	1219.82964981
1202	2017-04-11 02:00:00	1220.99999934	1205.98	1220.99999916	1209.0	233684.82959325	192.7406085	1212.43173097
1203	2017-04-11 04:00:00	1211.99047686	1206.73490305	1209.0	1209.98	306693.14682271	253.68444374	1208.95527648
1204	2017-04-11 06:00:00	1216.399999	1205.98000001	1209.98	1207.79000318	301456.78816876	248.96870578	1210.82200762
1205	2017-04-11 08:00:00	1213.95999999	1206.25497776	1210.39999	1213.73999998	325468.21421446	268.92430078	1210.25959078
1206	2017-04-11 10:00:00	1219.0999	1211.42000023	1213.67	1219.0999	344892.22105672	283.4411672	1216.80355914
1207	2017-04-11 12:00:00	1222.25	1217.80020015	1219.0999	1222.22999997	298323.95982499	244.3894466	1220.69084395
1208	2017-04-11 14:00:00	1234.35000001	1221.02000001	1222.2399	1233.79792644	631178.92717805	514.13888865	1227.64284342
1209	2017-04-11 16:00:00	1244.81454032	1230.63382787	1231.88370002	1238.31305122	726358.21790152	587.02909516	1237.3461961
1210	2017-04-11 18:00:00	1238.63785194	1227.2900001	1237.81598834	1231.00030001	552743.9007563	448.58290719	1232.20009478
1211	2017-04-11 20:00:00	1246.17325885	1231.0	1233.75999997	1239.34578614	381717.46273246	308.03258809	1239.21129611
1212	2017-04-11 22:00:00	1240.69629197	1232.33929313	1236.69	1235.99999901	192152.8346447	155.26403833	1237.58751035
1213	2017-04-12 00:00:00	1237.99999899	1227.51156845	1235.3121445	1230.30000001	249407.74716575	202.27981626	1232.98385265
1214	2017-04-12 02:00:00	1240.24999996	1230.0	1230.30000034	1236.95856916	288143.63632915	233.4824057	1234.11284659
1215	2017-04-12 04:00:00	1236.95856998	1224.15513295	1236.95856897	1234.01628899	509304.41170326	414.13371807	1229.80667712
1216	2017-04-12 06:00:00	1234.39124995	1220.57	1233.33845465	1230.0	894760.25013568	729.89651306	1225.8727561
1217	2017-04-12 08:00:00	1237.699976	1226.75	1230.0	1231.0	507636.98668994	411.81800844	1232.67311357
1218	2017-04-12 10:00:00	1234.5	1224.0	1234.34597845	1232.76599812	413918.74743035	336.66681917	1229.4610691
1219	2017-04-12 12:00:00	1235.25	1221.47106842	1231.33999979	1232.78	518469.18401246	422.0898086	1228.33855129
1220	2017-04-12 14:00:00	1236.09316599	1228.0	1232.78	1232.28345595	570657.37871968	462.9108581	1232.75868071
1221	2017-04-12 16:00:00	1234.45	1221.0	1232.28345557	1227.8	746980.70854176	609.64865999	1225.26425064
1222	2017-04-12 18:00:00	1235.00000003	1221.0	1228.09999999	1226.54655104	742140.27579977	604.49529469	1227.70232013
1223	2017-04-12 20:00:00	1232.29000001	1221.41030618	1226.54655104	1223.44000002	672206.52238672	547.95542396	1226.75402595
1224	2017-04-12 22:00:00	1230.0	1223.0	1223.44000002	1227.00000044	400679.87708932	326.58892726	1226.86301844
1225	2017-04-13 00:00:00	1235.68005091	1224.0	1227.00000035	1234.89999927	448536.01561474	364.19348122	1231.58716106
1226	2017-04-13 02:00:00	1240.0	1222.10407402	1234.89999973	1223.0	725508.74086577	589.80049782	1230.09177433
1227	2017-04-13 04:00:00	1234.00014	1218.09265861	1227.8360432	1223.34999987	733224.73013324	598.92142612	1224.24194252
1228	2017-04-13 06:00:00	1223.32999998	1180.0	1223.32999998	1205.92	1818306.8408528	1521.949934	1194.72185006
1229	2017-04-13 08:00:00	1206.77	1193.00000002	1205.91999995	1193.00000013	533247.80520979	444.36166258	1200.03107854
1230	2017-04-13 10:00:00	1207.95999997	1190.2	1193.99999988	1205.00000048	514716.24658952	429.10942303	1199.49882003
1231	2017-04-13 12:00:00	1209.50000035	1195.0	1205.00000051	1195.00000002	449034.85287931	373.37885286	1202.62529449
1232	2017-04-13 14:00:00	1196.99999997	1180.00000001	1195.50000012	1185.15177342	1389284.9058708	1171.31655885	1186.08833399
1233	2017-04-13 16:00:00	1192.0	1160.99998944	1185.15177339	1170.74782143	1188162.2022523	1009.38522502	1177.11471577
1234	2017-04-13 18:00:00	1187.0	1168.03805085	1170.74782143	1183.8889997	689583.60070714	586.71591244	1175.32793313
1235	2017-04-13 20:00:00	1190.5	1174.19	1183.8889997	1189.99999987	550755.11809554	465.11964442	1184.11493623
1236	2017-04-13 22:00:00	1191.09300016	1180.35000038	1189.99999971	1186.00000004	520410.82108124	438.58324029	1186.57252095
1237	2017-04-14 00:00:00	1199.87558885	1183.98989962	1188.98989872	1193.00000003	305259.05719455	256.51664773	1190.01655407
1238	2017-04-14 02:00:00	1199.0	1191.0	1194.99999344	1193.50000198	482886.21211969	404.28701341	1194.41435441
1239	2017-04-14 04:00:00	1199.0	1192.89000002	1196.69999961	1197.79999204	395635.95367428	330.8651094	1195.76208682
1240	2017-04-14 06:00:00	1210.99999999	1196.00000015	1197.79999178	1201.10099567	534315.93305023	443.59106113	1204.52367026
1241	2017-04-14 08:00:00	1208.0	1188.0	1201.10099567	1190.50000018	470208.48797617	393.92081337	1193.66246214
1242	2017-04-14 10:00:00	1196.0	1185.0	1190.5000002	1194.00000012	387251.42510937	324.76268945	1192.41353052
1243	2017-04-14 12:00:00	1209.99999999	1193.0	1194.00000012	1209.83527978	400804.17839937	334.23367684	1199.17353089
1244	2017-04-14 14:00:00	1221.73333333	1199.1	1206.00000016	1214.99999964	1052831.8318243	870.17555466	1209.90738729
1245	2017-04-14 16:00:00	1219.0	1200.0500755	1212.00000023	1217.49899998	644889.0150831	532.35124554	1211.3975885
1246	2017-04-14 18:00:00	1218.14995674	1207.333	1217.49899995	1208.10000154	384692.42516725	316.82349863	1214.21683312
1247	2017-04-14 20:00:00	1215.992703	1205.1100008	1209.0	1207.99999939	467973.19792531	386.78238985	1209.91340403
1248	2017-04-14 22:00:00	1210.41171628	1201.73214082	1207.99999939	1207.5051791	248118.26487155	205.75203686	1205.90915481
1249	2017-04-15 00:00:00	1213.992703	1197.0	1207.5051791	1211.1	566926.06891001	470.79276999	1204.19450987
1250	2017-04-15 02:00:00	1213.99099999	1203.0	1211.1	1209.29012396	191988.37326768	159.06913381	1206.94925954
1251	2017-04-15 04:00:00	1209.29012396	1200.002907	1208.0	1204.00000012	174580.34700533	144.78171549	1205.81764357
1252	2017-04-15 06:00:00	1212.0	1203.00000001	1205.84136232	1208.49999995	285793.24088016	236.50843673	1208.38497277
1253	2017-04-15 08:00:00	1212.29313679	1204.99999968	1208.38615444	1209.43250025	234247.49860635	193.97824817	1207.59673219
1254	2017-04-15 10:00:00	1210.35500086	1205.0000005	1209.43250025	1206.177494	171846.24579342	142.25362469	1208.02718502
1255	2017-04-15 12:00:00	1210.0152317	1206.00000002	1206.177494	1210.0152317	268489.69016784	222.20399392	1208.30271963
1256	2017-04-15 14:00:00	1218.0	1208.0	1210.01523169	1214.85103432	524033.41011933	431.67598576	1213.95080432
1257	2017-04-15 16:00:00	1216.7770705	1208.09491377	1214.85103432	1210.86346094	697419.5667907	575.61953896	1211.59814701
1258	2017-04-15 18:00:00	1211.72208262	1200.567	1209.0	1209.12717995	460532.93509623	381.54251606	1207.02914016
1259	2017-04-15 20:00:00	1210.4134021	1201.0	1209.12717982	1205.09999843	294083.58693092	243.95389816	1205.48836951
1260	2017-04-15 22:00:00	1205.09999837	1185.99999959	1205.09999837	1194.54959853	1077229.015282	901.8380353	1194.4816842
1261	2017-04-16 00:00:00	1205.70290605	1190.00000009	1193.94839339	1202.0	334402.11783386	279.03306983	1198.43184909
1262	2017-04-16 02:00:00	1207.0	1201.73723005	1202.0	1205.98	177211.63001979	147.04724585	1205.13396218
1263	2017-04-16 04:00:00	1210.0	1205.00000001	1205.97	1207.29131733	266896.09146253	220.95345813	1207.92900786
1264	2017-04-16 06:00:00	1210.83299998	1205.99978257	1209.18139999	1210.5	274448.86231895	226.97708652	1209.14787711
1265	2017-04-16 08:00:00	1210.833	1205.390679	1210.5	1208.99999985	193816.63263175	160.51403872	1207.47464942
1266	2017-04-16 10:00:00	1210.49067902	1205.39067901	1208.63499038	1207.301	207331.57409164	171.49183335	1208.98803191
1267	2017-04-16 12:00:00	1209.1499993	1201.11000008	1207.31	1204.49999999	262066.16463778	217.50502687	1204.87405927
1268	2017-04-16 14:00:00	1210.388144	1203.50000002	1204.49999999	1206.2100017	228817.73846531	189.54956857	1207.16570442
1269	2017-04-16 16:00:00	1211.99999999	1206.2100015	1206.2100017	1211.99999898	293398.97313776	242.59038697	1209.44187773
1270	2017-04-16 18:00:00	1217.00000001	1210.00000001	1211.99999895	1214.99999999	584778.70144438	481.86990345	1213.56137259
1271	2017-04-16 20:00:00	1216.0	1212.0	1214.10989999	1213.99999998	240523.39789862	198.06293443	1214.3786448
1272	2017-04-16 22:00:00	1215.99999999	1210.16762594	1213.99999997	1212.5	189334.57527037	156.02319235	1213.50276467
1273	2017-04-17 00:00:00	1212.56	1205.26	1212.56	1209.99999998	297811.70255402	246.38976995	1208.70157317
1274	2017-04-17 02:00:00	1211.99999998	1207.0	1209.0	1211.5	226620.53357089	187.35696611	1209.56555966
1275	2017-04-17 04:00:00	1212.05047172	1206.0	1211.5	1209.53670358	281561.15627542	232.7632333	1209.64618115
1276	2017-04-17 06:00:00	1211.0	1205.99	1206.51237485	1208.0188292	243605.08047346	201.67759706	1207.89360853
1277	2017-04-17 08:00:00	1217.0	1208.0188292	1208.1188292	1212.01591409	347389.07389293	286.44997112	1212.73907808
1278	2017-04-17 10:00:00	1216.35	1206.0	1214.57999885	1209.49612818	553849.21756712	457.6108975	1210.3060058
1279	2017-04-17 12:00:00	1215.67599997	1206.0	1209.49612818	1214.99999981	343432.50025199	283.54062121	1211.22856677
1280	2017-04-17 14:00:00	1233.57599553	1209.21937495	1214.99999982	1228.88888886	1093512.8627503	895.14244977	1221.60764806
1281	2017-04-17 16:00:00	1240.0	1224.00000012	1225.10000171	1229.89999988	845310.57061356	686.63151827	1231.09782775
1282	2017-04-17 18:00:00	1240.0	1222.565	1229.89999988	1232.51130823	1312560.574629	1066.32700455	1230.91750375
1283	2017-04-17 20:00:00	1238.6005106	1230.00000002	1232.52	1232.00000001	758461.53062586	614.84937489	1233.57290679
1284	2017-04-17 22:00:00	1240.48624047	1229.76676897	1232.99999999	1238.99999999	1192907.1497961	965.31359832	1235.77162061
1285	2017-04-18 00:00:00	1247.888	1236.50000223	1238.99999999	1242.99999971	720703.43513247	579.90767024	1242.78996833
1286	2017-04-18 02:00:00	1254.6	1240.00000001	1244.0	1252.00000002	829591.3573778	664.81778694	1247.84771658
1287	2017-04-18 04:00:00	1262.55199997	1248.63409373	1254.59999999	1253.75000014	1193056.3387514	949.73077856	1256.20477474
1288	2017-04-18 06:00:00	1270.0	1251.00000154	1253.9999	1268.41798975	982911.75897111	779.0601181	1261.66355604
1289	2017-04-18 08:00:00	1268.0	1256.17473887	1268.0	1257.5	539805.1125322	427.99018761	1261.25581417
1290	2017-04-18 10:00:00	1268.0	1256.00000001	1259.89999999	1267.66999999	352074.90596923	278.93996502	1262.1888224
1291	2017-04-18 12:00:00	1279.99999999	1262.2	1267.66999999	1262.2	1311547.5363532	1032.37386866	1270.41915353
1292	2017-04-18 14:00:00	1268.96397596	1253.65295172	1262.2	1262.29999999	1094314.6403023	866.84619067	1262.40923947
1293	2017-04-18 16:00:00	1269.9	1255.10000001	1262.29999999	1265.0	748633.44844487	592.58012776	1263.34551797
1294	2017-04-18 18:00:00	1273.74999972	1263.36299665	1265.0	1267.78899996	762249.59737875	600.81257509	1268.69780857
1295	2017-04-18 20:00:00	1268.87	1261.5	1266.99	1266.00000061	550312.73686918	434.94598203	1265.24386844
1296	2017-04-18 22:00:00	1269.49999999	1261.5	1266.01000008	1268.04810031	369874.79644447	292.08802979	1266.31275068
1297	2017-04-19 00:00:00	1268.6	1260.60000001	1265.0	1266.0	305163.13448403	241.20617799	1265.15471961
1298	2017-04-19 02:00:00	1272.0	1264.00000051	1266.00000001	1265.0000001	502274.97663696	395.99507043	1268.38694252
1299	2017-04-19 04:00:00	1271.18	1264.00000101	1265.00000003	1268.99999985	305721.78114827	241.16368546	1267.69409981
1300	2017-04-19 06:00:00	1271.18	1260.71000044	1266.00000063	1264.40000035	845372.33352939	668.6759861	1264.24808293
1301	2017-04-19 08:00:00	1267.74999942	1259.0	1264.40000035	1259.99999998	458239.35186344	363.02704645	1262.27331088
1302	2017-04-19 10:00:00	1267.38	1257.00000001	1259.00000001	1265.9999992	344811.29163621	273.42734298	1261.0709956
1303	2017-04-19 12:00:00	1267.38	1259.10000001	1264.00000048	1263.00000261	354762.60335521	281.04288752	1262.30770856
1304	2017-04-19 14:00:00	1272.99999999	1260.0	1266.69999936	1263.0	650256.24494745	514.03656366	1264.99998427
1305	2017-04-19 16:00:00	1271.0	1261.2000005	1262.93380012	1267.02000032	466310.04114223	368.33966616	1265.97834548
1306	2017-04-19 18:00:00	1272.0	1262.0	1267.02000032	1266.65874999	366582.51583101	289.52918634	1266.13320219
1307	2017-04-19 20:00:00	1272.0	1262.60000005	1263.10931247	1270.00000166	561608.67444018	442.72988215	1268.5131433
1308	2017-04-19 22:00:00	1293.0	1262.1	1270.00000166	1262.88999999	1379016.56382	1084.32691789	1271.77195462
1309	2017-04-20 00:00:00	1270.06300003	1262.5	1262.89	1266.30000614	459229.31331543	362.32220265	1267.46114358
1310	2017-04-20 02:00:00	1269.9	1262.5	1266.30000614	1264.50551758	294880.43416897	232.96690645	1265.76104161
1311	2017-04-20 04:00:00	1268.499997	1260.0	1263.00000002	1265.00000079	323283.22202493	255.94490139	1263.09694105
1312	2017-04-20 06:00:00	1272.0	1262.25	1262.25000002	1270.99999975	325050.25619813	256.49907168	1267.25704724
1313	2017-04-20 08:00:00	1272.99999993	1266.5	1270.99999958	1270.98	360130.4578392	283.49505753	1270.32358509
1314	2017-04-20 10:00:00	1277.49999982	1268.0	1270.97999999	1273.21111113	573134.33141563	450.69622772	1271.66436318
1315	2017-04-20 12:00:00	1281.0	1268.00000101	1273.0	1279.99999986	837448.33747692	657.35340822	1273.9697201
1316	2017-04-20 14:00:00	1303.72598853	1274.59500001	1276.10000029	1297.00000035	1250078.2994904	968.25689726	1291.06056773
1317	2017-04-20 16:00:00	1328.0	1296.0	1297.00000006	1310.90000001	2249219.321526	1712.09248938	1313.72535974
1318	2017-04-20 18:00:00	1313.0	1293.6389045	1311.002	1299.49999998	1046366.3163438	803.72707511	1301.89258113
1319	2017-04-20 20:00:00	1309.70006911	1290.99999981	1298.0	1294.0	622726.16111291	478.63526661	1301.04529389
1320	2017-04-20 22:00:00	1306.65000023	1293.38164438	1293.38164438	1306.65000023	287542.42132918	221.06837618	1300.69450139
1321	2017-04-21 00:00:00	1314.46035301	1305.55	1306.65000023	1310.79999999	357488.98678371	272.91831043	1309.87542103
1322	2017-04-21 02:00:00	1326.21855984	1308.25000008	1310.79999999	1321.0	617057.85281545	467.68557853	1319.38610284
1323	2017-04-21 04:00:00	1324.0000013	1311.78677138	1321.0	1321.17541029	481243.81660119	364.97792048	1318.55597173
1324	2017-04-21 06:00:00	1324.0	1312.0	1320.10000061	1318.9799992	417562.45821298	317.20132279	1316.3957027
1325	2017-04-21 08:00:00	1325.0	1312.50000001	1318.9799992	1324.99999996	454483.76910764	344.94444415	1317.5564263
1326	2017-04-21 10:00:00	1334.99999999	1320.0	1324.4	1329.33499957	591007.125365	445.64018382	1326.19801091
1327	2017-04-21 12:00:00	1331.36264259	1313.11	1329.0	1314.25100045	1176978.1353044	892.52088075	1318.71215642
1328	2017-04-21 14:00:00	1321.51557496	1311.0	1314.25100045	1315.99999999	798735.54400045	606.76010682	1316.39429656
1329	2017-04-21 16:00:00	1321.45508046	1308.00000001	1314.1160673	1314.99999951	819468.83248256	623.39394679	1314.52805517
1330	2017-04-21 18:00:00	1324.99999999	1314.9999995	1314.99999951	1324.34074501	352389.65326851	266.84771067	1320.56464859
1331	2017-04-21 20:00:00	1325.00002	1319.8099997	1324.34074501	1323.78900007	486922.05226631	368.17194202	1322.53981548
1332	2017-04-21 22:00:00	1329.53087304	1320.99999985	1324.99359999	1328.0	270505.38233174	204.18446286	1324.80884462
1333	2017-04-22 00:00:00	1329.97	1324.16796499	1328.0	1327.20881442	293233.98150773	220.91406461	1327.36673885
1334	2017-04-22 02:00:00	1326.87102794	1320.44390653	1324.025	1321.2238271	293122.28353688	221.46746898	1323.54555225
1335	2017-04-22 04:00:00	1323.08729919	1318.0	1321.22382709	1319.87473863	329389.40701987	249.49848362	1320.20604791
1336	2017-04-22 06:00:00	1325.75656822	1317.99999984	1319.87473862	1320.66767971	321510.04736244	243.49183161	1320.41409864
1337	2017-04-22 08:00:00	1321.02336679	1317.07999997	1320.21804715	1319.17157248	208523.82577188	158.1297932	1318.68777889
1338	2017-04-22 10:00:00	1319.99999	1313.10100114	1319.0	1313.7	439968.66353668	334.10656773	1316.85128648
1339	2017-04-22 12:00:00	1313.76141624	1291.63403611	1313.7	1299.24797265	1304569.211253	1000.7527034	1303.58799613
1340	2017-04-22 14:00:00	1315.0	1296.76276021	1298.62324145	1308.19086133	860624.80757724	658.97872009	1305.99787419
1341	2017-04-22 16:00:00	1322.53701752	1308.40639368	1309.99999998	1317.75928678	757869.48225981	575.31639067	1317.30903994
1342	2017-04-22 18:00:00	1336.96606802	1317.60194151	1320.70337414	1327.56044156	861188.56068807	649.12211453	1326.69730611
1343	2017-04-22 20:00:00	1347.35127973	1324.70248015	1329.95568048	1345.972	772752.65957272	577.55156187	1337.98038234
1344	2017-04-22 22:00:00	1349.0	1338.0001	1347.30802775	1346.0	428263.10233466	318.66771965	1343.91742848
1345	2017-04-23 00:00:00	1353.58456762	1338.0001	1345.3667575	1352.99999998	965674.44881816	717.20765606	1346.43633633
1346	2017-04-23 02:00:00	1354.1	1336.91281766	1352.99999998	1342.9410445	712963.42051222	529.35817814	1346.84500958
1347	2017-04-23 04:00:00	1349.8	1339.76000404	1345.93171222	1342.07294282	559829.24221802	416.44869353	1344.29342897
1348	2017-04-23 06:00:00	1348.0	1338.7188518	1342.07294282	1347.2	464435.89107014	345.5836996	1343.91723801
1349	2017-04-23 08:00:00	1350.28961387	1342.0	1347.19999999	1350.28961387	569836.46707473	423.00289825	1347.12189782
1350	2017-04-23 10:00:00	1351.0	1339.35859168	1350.28961387	1342.63904804	497662.0556957	369.60405469	1346.47347446
1351	2017-04-23 12:00:00	1345.39069652	1336.33991796	1341.00000527	1340.0	656239.88357744	489.44216299	1340.79148303
1352	2017-04-23 14:00:00	1366.9	1338.00001199	1340.0	1357.8888878	1001707.6004161	739.88190609	1353.87497946
1353	2017-04-23 16:00:00	1362.1819334	1341.0	1357.88887277	1349.85697821	803474.11591778	594.19968272	1352.19546439
1354	2017-04-23 18:00:00	1350.24547942	1342.00335	1348.40531327	1348.0	357814.93773997	265.77417072	1346.31193381
1355	2017-04-23 20:00:00	1355.00605903	1340.64921961	1349.83494036	1352.25034278	483040.9280165	358.3122583	1348.1004817
1356	2017-04-23 22:00:00	1355.32	1345.59169177	1352.25034298	1352.19356875	390088.44188111	288.78344701	1350.79917467
1357	2017-04-24 00:00:00	1357.76054805	1348.09100584	1352.19356875	1354.23334159	583011.66031347	430.67554185	1353.71434794
1358	2017-04-24 02:00:00	1357.53494799	1348.46385243	1353.13116387	1350.19999997	602972.64627553	446.42647801	1350.66506127
1359	2017-04-24 04:00:00	1353.0	1349.01000271	1350.19999997	1351.0	413888.68194256	306.36530017	1350.96462201
1360	2017-04-24 06:00:00	1351.0	1328.46	1351.0	1330.0	1140491.9978694	849.90315647	1341.90817999
1361	2017-04-24 08:00:00	1340.50225686	1325.95555477	1330.0	1333.2	1089582.684765	816.98313969	1333.66605971
1362	2017-04-24 10:00:00	1338.99999989	1330.00000004	1333.55776762	1336.41908971	362018.50673957	271.17637988	1334.99277075
1363	2017-04-24 12:00:00	1340.0	1330.0	1336.02	1339.61401311	545560.742102	408.80224076	1334.53461773
1364	2017-04-24 14:00:00	1340.80469142	1333.56929622	1337.86590606	1334.44500899	469364.60634747	351.00461275	1337.20352752
1365	2017-04-24 16:00:00	1341.5989998	1332.58774082	1334.04038867	1340.30000019	368829.79931325	275.8407827	1337.11119763
1366	2017-04-24 18:00:00	1354.99999999	1337.20851594	1340.30000019	1351.00000204	824757.70418687	612.753764	1345.98553716
1367	2017-04-24 20:00:00	1354.50000042	1345.55000001	1351.00000202	1347.71379501	315124.23802915	233.53265635	1349.37975251
1368	2017-04-24 22:00:00	1350.0	1342.48640152	1347.71379501	1347.39901051	391630.9750696	290.91854658	1346.18772049
1369	2017-04-25 00:00:00	1349.99999998	1343.09835229	1346.86288997	1347.81415194	363438.80101697	269.77312197	1347.20167214
1370	2017-04-25 02:00:00	1350.0	1343.00000001	1346.12	1348.28733285	480360.92609506	357.00149735	1345.54316903
1371	2017-04-25 04:00:00	1350.0	1341.0960042	1347.82285539	1347.22360001	526035.43527417	390.66563815	1346.51063186
1372	2017-04-25 06:00:00	1356.19999998	1345.34554389	1347.22360001	1355.0	1181349.1524149	872.93468229	1353.30761439
1373	2017-04-25 08:00:00	1357.5	1348.40000001	1355.0	1355.56847329	486190.79137136	359.38828091	1352.82872925
1374	2017-04-25 10:00:00	1365.0	1352.86383745	1354.99999999	1364.89599999	553731.77386137	407.18790144	1359.89250147
1375	2017-04-25 12:00:00	1365.0	1355.185144	1364.75999998	1357.93634397	532215.4594591	390.8808063	1361.57992636
1376	2017-04-25 14:00:00	1361.74615782	1356.20000001	1360.68437692	1360.0	285620.41154067	210.08888096	1359.52179018
1377	2017-04-25 16:00:00	1378.99999998	1360.0	1360.0	1372.73662683	941713.53949956	686.5793533	1371.60189127
1378	2017-04-25 18:00:00	1375.0	1368.018	1372.6769933	1375.0	327175.27419679	238.46543433	1372.00292829
1379	2017-04-25 20:00:00	1380.81459654	1372.83230001	1372.83230001	1377.40729822	440902.4456772	320.31807588	1376.4519672
1380	2017-04-25 22:00:00	1377.40729761	1366.00000001	1374.37561618	1371.30000001	511271.32865497	373.1341572	1370.20778931
1381	2017-04-26 00:00:00	1378.34616022	1365.42020597	1372.98	1365.42020597	265518.81339567	193.31267338	1373.51994958
1382	2017-04-26 02:00:00	1372.3392311	1364.65264554	1365.42020597	1370.49999999	330086.75633465	241.29363241	1367.9878455
1383	2017-04-26 04:00:00	1372.113537	1365.04633609	1370.49999999	1368.00000002	732633.51941976	535.61692189	1367.83116716
1384	2017-04-26 06:00:00	1378.81717971	1366.09958637	1368.0	1376.70735012	365391.66682396	265.97009344	1373.80734088
1385	2017-04-26 08:00:00	1383.99999997	1374.26624193	1376.70735007	1377.74171214	620797.0161632	450.14147332	1379.11535141
1386	2017-04-26 10:00:00	1386.5	1373.77892712	1377.74171209	1386.5	685874.66169765	496.66333944	1380.96494593
1387	2017-04-26 12:00:00	1409.98765432	1386.0	1386.5	1395.50412316	1611510.8823337	1153.52664115	1397.02961756
1388	2017-04-26 14:00:00	1408.0	1395.00000009	1395.00000009	1407.99999975	925586.9688803	661.14607951	1399.97346662
1389	2017-04-26 16:00:00	1412.93003847	1397.00584128	1407.99999956	1410.99999998	957908.05929667	681.27569582	1406.05053897
1390	2017-04-26 18:00:00	1412.93003847	1396.43098492	1410.97611545	1402.20061145	628864.20248557	448.31312286	1402.73431764
1391	2017-04-26 20:00:00	1402.20112496	1395.00000002	1401.71993644	1396.27878152	530261.0427256	379.32685765	1397.90007491
1392	2017-04-26 22:00:00	1409.088552	1396.27878152	1398.8921385	1398.62832429	492804.36097982	351.09535614	1403.61970718
1393	2017-04-27 00:00:00	1405.44597899	1390.00000009	1398.62832429	1403.81165114	351257.72588721	251.3819191	1397.30704238
1394	2017-04-27 02:00:00	1409.0	1401.44535994	1403.81165111	1402.67383475	377859.93479383	268.85243959	1405.45473706
1395	2017-04-27 04:00:00	1414.99999004	1400.43359038	1405.49999964	1414.99999004	481378.3794229	341.99622358	1407.55466356
1396	2017-04-27 06:00:00	1418.88882222	1410.48527021	1414.99998998	1413.92202312	449854.98882951	317.97782843	1414.73696782
1397	2017-04-27 08:00:00	1415.74882779	1399.73721202	1414.44412969	1405.17286808	1223415.4056193	868.32179344	1408.94241612
1398	2017-04-27 10:00:00	1412.99999999	1398.71944803	1407.24608625	1412.00927844	723524.81312346	515.36408967	1403.91002715
1399	2017-04-27 12:00:00	1423.97	1396.83256558	1411.68011633	1421.93915909	1623543.1668798	1151.10307652	1410.42379261
1400	2017-04-27 14:00:00	1437.36999998	1419.0	1423.96999996	1436.99999975	1113947.5732808	780.24551347	1427.68853399
1401	2017-04-27 16:00:00	1438.8888222	1430.0	1436.34991898	1434.39848005	705754.39210962	491.92403325	1434.68166709
1402	2017-04-27 18:00:00	1437.86025093	1420.8739971	1434.50000004	1430.31638129	741843.22247878	518.94155421	1429.53135369
1403	2017-04-27 20:00:00	1441.34648136	1429.55337772	1430.31638126	1440.14395442	725176.80694871	504.7320438	1436.75602897
1404	2017-04-27 22:00:00	1448.88882222	1433.75996161	1439.0	1439.38101398	1359457.548015	942.28832391	1442.71929675
1405	2017-04-28 00:00:00	1442.75867688	1420.1	1439.38101398	1421.63389004	858362.64664949	600.82792986	1428.63306446
1406	2017-04-28 02:00:00	1450.0	1420.1	1423.21615922	1436.02813177	1601709.4887884	1111.74331428	1440.71879562
1407	2017-04-28 04:00:00	1439.99999998	1422.26541824	1435.25903401	1431.99999985	899965.8779518	628.678383	1431.52031672
1408	2017-04-28 06:00:00	1432.82497221	1417.53336581	1430.75000011	1427.94736017	947599.29172207	665.26042789	1424.40351476
1409	2017-04-28 08:00:00	1427.97829497	1418.100558	1427.94736017	1424.39819137	495048.24482662	347.76137099	1423.52856332
1410	2017-04-28 10:00:00	1426.30630072	1370.74649004	1424.39819137	1383.0	2017767.9017237	1443.04736724	1398.26865529
1411	2017-04-28 12:00:00	1408.8	1380.99999499	1383.999996	1387.0	951128.92165569	680.48577116	1397.72051373
1412	2017-04-28 14:00:00	1396.88930335	1378.83695751	1387.0	1396.12496355	866731.05262692	624.08536906	1388.80207035
1413	2017-04-28 16:00:00	1399.03660575	1381.9492848	1396.12496352	1390.0	940693.53003383	676.46056023	1390.61105013
1414	2017-04-28 18:00:00	1391.34216907	1369.54757195	1390.0	1383.95716293	767370.32685855	557.06463963	1377.52474716
1415	2017-04-28 20:00:00	1390.00000002	1373.34745763	1383.95716293	1388.55927237	901105.87669039	651.87085642	1382.33803185
1416	2017-04-28 22:00:00	1425.99999997	1385.0	1388.47920198	1413.29999998	787335.82198851	558.60556863	1409.46647545
1417	2017-04-29 00:00:00	1429.696551	1405.38165417	1413.29999997	1413.14331814	1072422.1374915	757.32631634	1416.06347799
1418	2017-04-29 02:00:00	1420.2275165	1406.48150718	1413.14331814	1412.99999999	652876.05749755	461.94183087	1413.32958798
1419	2017-04-29 04:00:00	1426.01121488	1411.0	1415.26169921	1423.77870397	724659.37007043	510.60271761	1419.22348839
1420	2017-04-29 06:00:00	1425.90000002	1406.79400001	1423.77870395	1415.23938078	1517163.5716901	1070.16999283	1417.68464996
1421	2017-04-29 08:00:00	1422.5	1406.47322626	1415.23938078	1418.09892148	931135.96054474	657.81873513	1415.49018113
1422	2017-04-29 10:00:00	1422.99999999	1406.7843241	1418.09892147	1412.54048605	841214.09208392	594.84066146	1414.18390938
1423	2017-04-29 12:00:00	1417.99999999	1404.1203479	1410.9999997	1411.76826032	1064856.9242163	754.22889876	1411.8484799
1424	2017-04-29 14:00:00	1416.9999999	1405.00000001	1411.76826028	1415.0	767025.74091544	543.5491028	1411.14342193
1425	2017-04-29 16:00:00	1423.54809721	1408.52464139	1415.0	1420.00000002	841517.34382368	593.64106281	1417.55245137
1426	2017-04-29 18:00:00	1438.0	1420.0	1420.00000003	1432.229	947495.45209246	661.97466302	1431.31679356
1427	2017-04-29 20:00:00	1433.87015522	1422.00000001	1430.5870812	1430.3	883987.64758612	619.03238895	1428.01517879
1428	2017-04-29 22:00:00	1431.674619	1417.50000001	1430.29999995	1424.63835519	906760.25670227	636.57469188	1424.43654808
1429	2017-04-30 00:00:00	1428.51999956	1415.0	1424.63835515	1422.02337105	736928.67970342	518.41035831	1421.51611728
1430	2017-04-30 02:00:00	1427.67178195	1418.83888914	1422.04914903	1425.54467441	523139.55513579	367.63525484	1422.98527752
1431	2017-04-30 04:00:00	1430.00000109	1422.29654808	1425.54467413	1424.40315078	604415.14935523	423.90035404	1425.84252075
1432	2017-04-30 06:00:00	1432.33168081	1422.3316808	1426.0	1426.99999964	635755.48602958	445.05656837	1428.48242496
1433	2017-04-30 08:00:00	1426.9355009	1409.99999999	1424.5332362	1411.02219992	704116.95835625	496.88455931	1417.0634711
1434	2017-04-30 10:00:00	1420.0	1407.20000002	1411.02219986	1414.81901053	594591.5713387	420.62783248	1413.58114091
1435	2017-04-30 12:00:00	1425.10574282	1411.11000001	1418.43064191	1423.0755666	664069.17563046	468.05822929	1418.77470381
1436	2017-04-30 14:00:00	1427.77773329	1419.02495254	1422.99999999	1425.10385295	940874.00042261	661.0012631	1423.40726553
1437	2017-04-30 16:00:00	1430.00000001	1414.00000001	1425.07033016	1415.20694743	1017517.4646568	716.2515644	1420.61464886
1438	2017-04-30 18:00:00	1421.0	1402.0	1415.20694746	1416.27184807	1202186.6963693	851.75431506	1411.42425123
1439	2017-04-30 20:00:00	1440.22999999	1413.69203568	1416.27184797	1434.24125805	1082779.7351621	757.58565028	1429.25058673
1440	2017-04-30 22:00:00	1442.75347154	1423.58980941	1435.99999999	1435.08977391	815327.49246385	567.62930043	1436.37316087
1441	2017-05-01 00:00:00	1444.3030372	1429.01149368	1435.08977389	1438.27452587	1054899.5944028	734.39857206	1436.412916
1442	2017-05-01 02:00:00	1462.3113681	1434.7489946	1438.48763866	1462.31136809	1320455.0264818	909.68946333	1451.54481799
1443	2017-05-01 04:00:00	1466.60801208	1451.99643821	1462.31136808	1464.78472151	937586.80037898	641.71352894	1461.0675295
1444	2017-05-01 06:00:00	1466.88882222	1459.34054836	1464.78472151	1461.39600001	893768.68195294	610.56044872	1463.84962181
1445	2017-05-01 08:00:00	1466.0	1447.0	1461.396	1450.124	1271872.224211	872.00897302	1458.5540557
1446	2017-05-01 10:00:00	1460.6	1446.31137746	1450.124	1458.99999999	1064477.190303	732.76149209	1452.69259069
1447	2017-05-01 12:00:00	1475.57160573	1456.67347114	1458.85206037	1470.80000021	1605821.0718137	1094.92623375	1466.60206168
1448	2017-05-01 14:00:00	1512.00000003	1469.5940729	1472.55	1497.2	3592935.1827307	2405.26227961	1493.78103718
1449	2017-05-01 16:00:00	1585.16	1490.02	1500.99999994	1521.82121013	4109635.2701552	2682.59249958	1531.96404999
1450	2017-05-01 18:00:00	1539.0	1512.31122347	1519.0	1536.43871749	1740167.3179749	1141.34952052	1524.65768521
1451	2017-05-01 20:00:00	1568.0687612	1529.0000002	1535.68531662	1537.5	1561872.2417727	1009.14846903	1547.71303698
1452	2017-05-01 22:00:00	1544.14487759	1520.0	1540.14449521	1529.99999999	884905.20006586	577.59711119	1532.04575113
1453	2017-05-02 00:00:00	1542.86569155	1520.00000004	1529.99999999	1539.75118822	949167.77732071	620.42892768	1529.85738571
1454	2017-05-02 02:00:00	1549.85244697	1535.15887432	1536.81880813	1538.45425315	553844.55320588	358.88847533	1543.22189559
1455	2017-05-02 04:00:00	1562.89999998	1538.45425315	1538.45425315	1557.99999953	601684.08399692	386.79380153	1555.56806137
1456	2017-05-02 06:00:00	1558.0	1543.00000012	1557.99999953	1548.99999812	400705.59297148	258.65281239	1549.20253628
1457	2017-05-02 08:00:00	1565.18601189	1538.59447002	1548.9999981	1564.0129901	868139.18677605	558.29978104	1554.96959923
1458	2017-05-02 10:00:00	1615.02380427	1557.0	1561.99999999	1587.21603531	2099049.636626	1324.72629473	1584.51571843
1459	2017-05-02 12:00:00	1601.79722033	1572.93416006	1587.21603531	1575.0	1118385.6998747	704.00187345	1588.61182342
1460	2017-05-02 14:00:00	1581.0	1554.30975332	1575.0	1558.99999999	1203066.4939529	767.56225164	1567.38621705
1461	2017-05-02 16:00:00	1576.12672579	1556.78287872	1559.18845514	1566.51	616162.27171541	392.81823985	1568.56838407
1462	2017-05-02 18:00:00	1569.91756942	1510.0	1566.51	1543.3713232	1721403.9673244	1119.05128004	1538.2708532
1463	2017-05-02 20:00:00	1554.4845822	1527.954419	1543.3713232	1533.60646415	683556.20624941	444.6954652	1537.13329624
1464	2017-05-02 22:00:00	1565.5785018	1533.60646412	1533.60646415	1561.907	755888.24833615	486.25226539	1554.51871824
1465	2017-05-03 00:00:00	1594.0	1561.28999999	1562.14433334	1589.99999987	803104.25606689	508.50520421	1579.3432386
1466	2017-05-03 02:00:00	1592.63059487	1568.21145116	1589.99999985	1572.88999999	498841.48644876	315.88804797	1579.17176561
1467	2017-05-03 04:00:00	1572.88999999	1556.0	1572.88999999	1556.0	556777.0673944	355.06739313	1568.08841973
1468	2017-05-03 06:00:00	1562.38525448	1550.0	1558.3	1554.51636583	947420.42874026	609.39169218	1554.69862963
1469	2017-05-03 08:00:00	1575.73752643	1552.00000001	1554.00000001	1575.73752643	813078.32695397	521.25735336	1559.84049282
1470	2017-05-03 10:00:00	1575.73752643	1564.31544085	1575.73752643	1566.47639095	623031.59368412	396.79910314	1570.14365393
1471	2017-05-03 12:00:00	1581.37777817	1550.0	1565.00000001	1557.53880425	1141387.3920142	730.59810727	1562.26437032
1472	2017-05-03 14:00:00	1575.0	1545.30940914	1558.97795242	1574.0	1333956.3737934	855.16281806	1559.88584351
1473	2017-05-03 16:00:00	1600.0	1556.8505303	1574.59798989	1600.0	2899323.4373927	1838.64182315	1576.88321938
1474	2017-05-03 18:00:00	1620.37795292	1590.0	1600.0	1616.0	2142948.4960768	1332.29866245	1608.45954174
1475	2017-05-03 20:00:00	1628.88882222	1600.13208038	1616.00000032	1609.99999998	2037743.4050659	1262.61567903	1613.90630491
1476	2017-05-03 22:00:00	1619.65186569	1603.52983259	1609.99999999	1615.62000002	1263244.3477476	784.20580569	1610.85819383
1477	2017-05-04 00:00:00	1626.27424996	1613.17487495	1615.62	1619.56428553	941219.34462269	581.21896603	1619.3885603
1478	2017-05-04 02:00:00	1623.86587912	1604.0	1623.80980912	1609.20000026	1070005.1231241	663.44353283	1612.80511479
1479	2017-05-04 04:00:00	1617.9286838	1599.97004998	1611.99	1599.97004998	1566286.3446139	973.35275294	1609.16619373
1480	2017-05-04 06:00:00	1612.70300764	1597.004	1599.97004997	1608.15245	869025.33336198	540.78479792	1606.97071497
1481	2017-05-04 08:00:00	1634.81407213	1606.94585159	1606.94585161	1624.0	1133300.1742511	698.03237316	1623.56391741
1482	2017-05-04 10:00:00	1628.18158845	1607.1964282	1625.0	1620.32430341	1470279.6851966	909.72773622	1616.17550686
1483	2017-05-04 12:00:00	1641.27441162	1620.28869408	1623.61109307	1634.99999988	1531147.6579535	939.83404416	1629.1681148
1484	2017-05-04 14:00:00	1655.89999998	1631.40383836	1635.5	1651.0	2096703.8825462	1273.84982956	1645.95844336
1485	2017-05-04 16:00:00	1666.66666666	1641.84759884	1650.45000022	1666.0	1993919.4733631	1207.47630898	1651.31146552
1486	2017-05-04 18:00:00	1699.13	1575.0	1666.66666666	1613.0	5125623.2581422	3114.4114971	1645.77585939
1487	2017-05-04 20:00:00	1630.0	1515.0	1612.99999999	1585.0	6019726.2340499	3829.04045419	1572.12395796
1488	2017-05-04 22:00:00	1615.14500454	1568.0	1585.0	1603.89857162	2512004.1367762	1576.88262483	1593.01909807
1489	2017-05-05 00:00:00	1636.59999994	1600.79315497	1603.89857162	1630.17628202	1402180.4910443	867.61196542	1616.13779769
1490	2017-05-05 02:00:00	1646.91966551	1622.07117183	1630.17628203	1630.16714437	1825930.5087625	1118.52429663	1632.44599537
1491	2017-05-05 04:00:00	1659.23703201	1630.0	1630.16714438	1651.7379802	1875295.4095477	1140.09962511	1644.85222891
1492	2017-05-05 06:00:00	1663.9717299	1629.0	1651.7379802	1641.0	1785445.815062	1084.2658363	1646.68640778
1493	2017-05-05 08:00:00	1661.0	1636.72708923	1641.0	1646.0	2564095.1169781	1555.1972338	1648.7266446
1494	2017-05-05 10:00:00	1649.72186549	1588.91978617	1645.99999999	1627.57300816	3109938.6820533	1916.18479798	1622.98473786
1495	2017-05-05 12:00:00	1640.3329136	1597.25430263	1627.57300813	1630.69006571	2822842.2599455	1737.23132227	1624.908683
1496	2017-05-05 14:00:00	1630.76479648	1550.59999999	1630.69006569	1586.15031634	3429924.2283641	2151.92161319	1593.88901869
1497	2017-05-05 16:00:00	1596.96495416	1454.12233181	1589.9557245	1581.00000024	7171213.7196471	4682.32675143	1531.54918491
1498	2017-05-05 18:00:00	1595.0	1545.6028036	1581.00000024	1554.72386	2341391.0304055	1493.57223815	1567.64498602
1499	2017-05-05 20:00:00	1564.89593116	1530.3099999	1554.72386	1563.82012378	2435382.3173059	1573.67407865	1547.57732261
1500	2017-05-05 22:00:00	1584.34913478	1510.0	1561.43478466	1543.4	1633545.1526905	1050.70910274	1554.70733853
1501	2017-05-06 00:00:00	1576.76802995	1540.34490983	1543.40000001	1568.565022	1361482.5604194	870.90069375	1563.30402557
1502	2017-05-06 02:00:00	1584.74288058	1560.52188134	1568.0	1577.0	1765644.0944443	1122.00108252	1573.6563199
1503	2017-05-06 04:00:00	1591.99999999	1563.83147357	1577.0	1570.79452494	1284600.4360742	815.58343983	1575.06929804
1504	2017-05-06 06:00:00	1575.49999992	1560.0	1570.77438121	1568.24697561	1071064.4893931	683.08747741	1567.9755885
1505	2017-05-06 08:00:00	1581.31680498	1560.37051385	1569.23973851	1568.00000005	991791.85975599	630.59854093	1572.77855145
1506	2017-05-06 10:00:00	1591.37	1560.0	1569.07682541	1588.45811203	1688858.6464562	1069.68715225	1578.83418801
1507	2017-05-06 12:00:00	1590.80503932	1568.11483792	1590.18941217	1580.0	1396351.9234249	883.8237865	1579.89855529
1508	2017-05-06 14:00:00	1585.63029984	1550.0407688	1579.62852777	1554.0	1962297.4502402	1248.14633699	1572.16937796
1509	2017-05-06 16:00:00	1585.96658967	1553.96874023	1554.5	1581.72623949	1874932.1229024	1190.5656618	1574.82462585
1510	2017-05-06 18:00:00	1605.99999999	1572.10815816	1581.72623948	1583.37421972	2546846.8780805	1602.83192882	1588.96689807
1511	2017-05-06 20:00:00	1629.48	1582.0	1583.37421965	1603.00000001	3702986.0539675	2309.48646257	1603.38071427
1512	2017-05-06 22:00:00	1609.79999995	1589.25954198	1603.00000003	1598.2058167	1750992.4746986	1094.80942599	1599.35823818
1513	2017-05-07 00:00:00	1614.97499999	1590.61103195	1598.2058167	1600.40199987	1677447.8315146	1048.14716454	1600.3934259
1514	2017-05-07 02:00:00	1611.38736283	1593.63089603	1599.635	1605.0	1520015.7734373	948.08408295	1603.24996566
1515	2017-05-07 04:00:00	1609.99999999	1596.95704356	1607.0	1603.0	993896.91758698	619.81117976	1603.54790304
1516	2017-05-07 06:00:00	1608.1319	1581.14590731	1603.0	1581.76747703	1525214.8901123	954.27390639	1598.29885308
1517	2017-05-07 08:00:00	1609.5816254	1573.61031605	1581.76747703	1603.50000001	2406486.3232454	1513.11783148	1590.41567892
1518	2017-05-07 10:00:00	1607.0	1585.96673407	1603.50000001	1599.46274812	3200174.655865	2001.6479566	1598.76997616
1519	2017-05-07 12:00:00	1600.63553708	1580.0	1598.95941897	1584.29840001	1893968.9165048	1190.87425521	1590.40210015
1520	2017-05-07 14:00:00	1588.34054794	1568.0	1585.99999997	1571.41382256	3040927.2776268	1926.34169301	1578.60222236
1521	2017-05-07 16:00:00	1589.7811372	1571.28023226	1571.41382256	1585.17622722	2242026.6005809	1417.11000501	1582.11189862
1522	2017-05-07 18:00:00	1596.01796281	1575.21210436	1587.52281781	1593.99999966	3116351.086255	1964.49265556	1586.33888369
1523	2017-05-07 20:00:00	1610.0	1581.1	1591.0	1603.89	3759488.061365	2353.18101951	1597.61957545
1524	2017-05-07 22:00:00	1657.0	1592.97519338	1603.99140393	1620.15	5047502.8570964	3114.07265813	1620.86868587
1525	2017-05-08 00:00:00	1664.45299999	1609.99000001	1621.99999994	1644.99999988	3290162.9415534	2007.82092346	1638.67350076
1526	2017-05-08 02:00:00	1660.23346021	1631.20296622	1644.99999988	1647.70370051	2690324.7930633	1634.68075072	1645.77994319
1527	2017-05-08 04:00:00	1682.10000018	1628.00000002	1646.446	1675.67939967	5466433.4514053	3303.73856751	1654.62046699
1528	2017-05-08 06:00:00	1690.0	1661.0000001	1678.0646566	1666.63092483	2894283.2671516	1729.15467188	1673.81398218
1529	2017-05-08 08:00:00	1687.0	1659.024652	1666.63092483	1672.63304182	2532348.6889925	1515.13139964	1671.37232427
1530	2017-05-08 10:00:00	1675.81994999	1649.02037643	1673.68031734	1664.98	2069749.5958507	1246.38844435	1660.59754904
1531	2017-05-08 12:00:00	1673.56256632	1647.73700468	1664.98	1652.37325797	3681846.85367	2215.06173141	1662.18701784
1532	2017-05-08 14:00:00	1670.0	1643.73278187	1652.37325797	1655.65357632	2639887.6963143	1595.65746325	1654.4200476
1533	2017-05-08 16:00:00	1666.0	1649.8080511	1655.01385454	1665.31549183	1909163.7329545	1151.98288732	1657.28480341
1534	2017-05-08 18:00:00	1682.9	1660.29178699	1665.31549183	1677.26938682	2103802.6370119	1257.82187307	1672.57596807
1535	2017-05-08 20:00:00	1723.99999999	1673.12649575	1677.26938682	1690.0	4060487.0421018	2385.47899	1702.16843624
1536	2017-05-08 22:00:00	1716.49999999	1677.00000001	1691.42612009	1705.6743542	2348966.9484922	1385.89003632	1694.91582083
1537	2017-05-09 00:00:00	1716.90125522	1690.09940342	1705.6743542	1716.25000013	1833201.896721	1076.17608284	1703.44047405
1538	2017-05-09 02:00:00	1749.99	1711.33330674	1716.31628964	1749.00000001	1150975.0491282	667.12742936	1725.2701635
1539	2017-05-09 04:00:00	1769.0	1690.832483	1749.99	1735.99999999	3364388.3193325	1950.53414784	1724.8548676
1540	2017-05-09 06:00:00	1775.00000001	1725.10703769	1729.71000218	1775.00000001	2501567.8376623	1428.9535056	1750.6292737
1541	2017-05-09 08:00:00	1788.88882222	1725.20000001	1775.00000039	1766.39432082	4964762.1762333	2809.29717366	1767.26130036
1542	2017-05-09 10:00:00	1798.88882222	1750.99999999	1768.4741483	1797.29999998	3141242.7076995	1771.1232495	1773.5878678
1543	2017-05-09 12:00:00	1798.79999998	1739.5751	1795.0	1772.79999979	2856496.7411907	1609.23486487	1775.06515894
1544	2017-05-09 14:00:00	1788.7	1761.36200009	1774.52730623	1761.99999999	1505810.1295493	848.40988059	1774.86161347
1545	2017-05-09 16:00:00	1790.84515074	1751.00000001	1765.93	1788.99999999	1727654.896509	975.76868142	1770.55784778
1546	2017-05-09 18:00:00	1813.8000001	1778.88	1790.0	1789.4	2727435.2599364	1519.69406344	1794.72653447
1547	2017-05-09 20:00:00	1799.8999999	1702.0	1789.400028	1749.99	3114094.1621427	1782.25065823	1747.28181345
1548	2017-05-09 22:00:00	1776.0	1742.24891015	1749.98999999	1758.51393978	2143753.4134322	1219.21375495	1758.30809382
1549	2017-05-10 00:00:00	1763.1260942	1732.0	1758.89751477	1749.870819	1393892.2279219	796.4686035	1750.09061474
1550	2017-05-10 02:00:00	1761.48690303	1720.0	1749.870819	1725.33992234	1673042.5717481	956.92833243	1748.34678319
1551	2017-05-10 04:00:00	1763.89999999	1705.1	1725.76961873	1755.18841334	2245873.4420522	1290.90132252	1739.77158662
1552	2017-05-10 06:00:00	1777.01000001	1742.98226394	1755.18841334	1755.0	2089865.5052594	1191.96078412	1753.30055577
1553	2017-05-10 08:00:00	1781.21834166	1745.66851877	1748.00000001	1762.03496785	1799148.660571	1017.91033973	1767.49227348
1554	2017-05-10 10:00:00	1773.07	1751.0	1762.07285358	1769.29011859	687105.12550574	389.25465895	1765.18150703
1555	2017-05-10 12:00:00	1806.82490985	1762.00000001	1769.29011859	1791.36245673	2218455.9765313	1241.87594561	1786.37486648
1556	2017-05-10 14:00:00	1816.38960565	1785.86276524	1794.95739678	1802.03989321	1706104.372483	946.36204583	1802.80303928
1557	2017-05-10 16:00:00	1809.15318012	1770.19934344	1801.60000002	1790.0	1888368.5982488	1052.85726612	1793.56562281
1558	2017-05-10 18:00:00	1805.0	1783.44044049	1789.99999994	1793.0	988368.11733086	551.27145918	1792.88824203
1559	2017-05-10 20:00:00	1801.01399289	1756.28797796	1793.0	1780.20930765	1894948.5540578	1065.14774938	1779.04760645
1560	2017-05-10 22:00:00	1804.88459634	1772.54426032	1780.20930765	1799.99999997	1005013.0927793	563.40515132	1783.81949548
1561	2017-05-11 00:00:00	1799.99999997	1765.49665724	1799.99999997	1778.10268359	914108.80434946	513.85812883	1778.91280309
1562	2017-05-11 02:00:00	1797.0	1757.41238003	1781.85265357	1788.95591418	1366193.0543336	767.80904432	1779.33962153
1563	2017-05-11 04:00:00	1860.8	1785.06577644	1786.5606278	1860.8	3256711.9061745	1781.64877758	1827.92026529
1564	2017-05-11 06:00:00	1896.99999999	1838.9694418	1860.0	1888.1575308	2406088.8504864	1290.01798219	1865.15915569
1565	2017-05-11 08:00:00	1900.99899995	1861.0	1890.0	1899.5	1958147.5561191	1038.65905006	1885.26500202
1566	2017-05-11 10:00:00	1899.5	1845.654	1899.5	1876.19391708	2027947.0041706	1083.91461938	1870.94718339
1567	2017-05-11 12:00:00	1880.02275031	1851.5	1876.84881873	1871.63249527	913565.85085395	489.27513653	1867.18225114
1568	2017-05-11 14:00:00	1892.0	1856.88	1871.63249527	1882.08141752	1571102.8443091	838.71350395	1873.22946025
1569	2017-05-11 16:00:00	1893.0	1861.7291312	1882.58249787	1872.31871563	1543860.560064	822.16786211	1877.79239643
1570	2017-05-11 18:00:00	1876.06833984	1842.38465599	1874.28681899	1858.90689886	2352001.618682	1267.04388767	1856.29056859
1571	2017-05-11 20:00:00	1861.94469594	1811.0	1858.31560464	1855.6327702	3357165.0366398	1829.07854407	1835.44060889
1572	2017-05-11 22:00:00	1876.25165897	1846.16802774	1855.6327702	1860.10327257	1441899.8813194	775.64982615	1858.95726745
1573	2017-05-12 00:00:00	1876.88899399	1846.0577	1857.5438325	1849.36402373	874457.57549114	471.88783867	1853.104708
1574	2017-05-12 02:00:00	1852.65212167	1799.81245028	1848.77286819	1818.50404601	1807925.0697997	990.82654163	1824.66354486
1575	2017-05-12 04:00:00	1829.30697354	1759.55437169	1821.0	1793.64430447	2927699.2739745	1639.38542214	1785.85171884
1576	2017-05-12 06:00:00	1832.17290261	1796.0	1796.0	1819.05892674	1420887.6438151	782.13116424	1816.68716038
1577	2017-05-12 08:00:00	1855.0	1818.06138127	1819.05892674	1855.0	889306.09481376	484.73958634	1834.60587885
1578	2017-05-12 10:00:00	1858.85794054	1826.7487856	1855.49542253	1830.00000001	1577318.4726505	857.9601692	1838.4518644
1579	2017-05-12 12:00:00	1844.52749717	1801.818181	1833.06835222	1802.93616526	2396849.9368785	1315.54930614	1821.9385056
1580	2017-05-12 14:00:00	1834.46369179	1800.0	1805.23498789	1808.291	1707213.7237732	939.5916435	1816.97414571
1581	2017-05-12 16:00:00	1824.20843162	1802.9093511	1808.291	1812.48795115	1458789.9749366	805.21022863	1811.68833065
1582	2017-05-12 18:00:00	1814.0	1716.0	1812.48795115	1721.97116743	1902732.8294916	1079.45218092	1762.68376045
1583	2017-05-12 20:00:00	1764.13	1704.0	1721.97116743	1764.12999998	3780799.359873	2181.28356917	1733.29108297
1584	2017-05-12 22:00:00	1774.13	1725.826694	1764.12999998	1735.70623556	1927179.5065442	1099.7987834	1752.30190797
1585	2017-05-13 00:00:00	1738.368	1666.0	1735.70623556	1682.11861761	2987729.7694581	1750.27994241	1707.00108997
1586	2017-05-13 02:00:00	1712.39200753	1651.95470847	1682.078534	1700.0	2717182.3389363	1614.95001931	1682.51791476
1587	2017-05-13 04:00:00	1744.0	1664.66320732	1696.0000001	1735.09999999	1859146.1535553	1090.0306482	1705.59071584
1588	2017-05-13 06:00:00	1746.0	1697.43525895	1735.09999999	1725.50000004	1651704.3083633	961.31990971	1718.16300867
1589	2017-05-13 08:00:00	1752.90817064	1723.00000002	1723.00000002	1746.1	925611.22276191	531.47262294	1741.59718263
1590	2017-05-13 10:00:00	1761.01000021	1746.111	1749.20008	1761.01000021	370719.61727336	211.5529003	1752.37312628
1591	2017-05-13 12:00:00	1761.01000021	1750.1	1761.01000021	1754.0	36774.44094194	20.94815586	1755.4977721
1592	2017-05-13 14:00:00	1769.0	1741.63788896	1760.09999996	1749.0	333373.03631073	189.84956565	1755.98524636
1593	2017-05-13 16:00:00	1780.0	1730.11800009	1757.0	1779.86999999	1221730.9117311	694.96158513	1757.98337328
1594	2017-05-13 18:00:00	1785.97805874	1765.00000001	1779.86899994	1775.00000001	913844.94384034	514.75967159	1775.28465083
1595	2017-05-13 20:00:00	1828.56892521	1774.32781329	1775.0	1816.0	1396690.5261092	775.557452	1800.88595952
1596	2017-05-13 22:00:00	1827.67793219	1805.08109486	1818.34396015	1822.18209573	1072816.8097353	591.02344325	1815.18486616
1597	2017-05-14 00:00:00	1849.0	1813.601518	1822.18209573	1838.5	1307911.9194007	713.6343805	1832.74791004
1598	2017-05-14 02:00:00	1844.30087261	1808.27969401	1839.0	1825.34942993	1259714.1258529	690.70238798	1823.81608602
1599	2017-05-14 04:00:00	1834.25569647	1812.00000002	1825.34943	1824.36462823	553307.13124928	303.82397617	1821.14373666
1600	2017-05-14 06:00:00	1849.246862	1813.63907246	1824.36462823	1846.00000004	780532.05544108	426.62353474	1829.55695568
1601	2017-05-14 08:00:00	1850.0	1828.90687395	1849.0	1848.99999899	1061959.7090147	576.70224986	1841.43500267
1602	2017-05-14 10:00:00	1855.0	1807.210457	1848.99999898	1820.00000001	1162865.0759424	634.44756934	1832.87813231
1603	2017-05-14 12:00:00	1835.0	1805.00000001	1822.20003011	1830.79999999	942503.83265449	518.67849655	1817.125327
1604	2017-05-14 14:00:00	1831.97878395	1809.1	1830.79999998	1809.1	692209.5519055	379.94293543	1821.87767518
1605	2017-05-14 16:00:00	1814.0	1785.58319241	1809.1	1789.62103789	1306324.4873163	728.25619521	1793.77051085
1606	2017-05-14 18:00:00	1800.0	1776.777	1789.61	1787.7	873664.9453683	488.84955544	1787.18572134
1607	2017-05-14 20:00:00	1821.86816891	1780.68225533	1787.69	1818.0	1004685.2010595	554.40598598	1812.18317706
1608	2017-05-14 22:00:00	1830.0	1809.7838103	1818.1818	1826.0	949183.9706463	521.89319178	1818.73223409
1609	2017-05-15 00:00:00	1835.0	1805.73539426	1821.00000004	1823.49999993	1009274.97764	553.80737466	1822.42964579
1610	2017-05-15 02:00:00	1825.0	1788.0	1823.49999993	1789.00000066	1000420.6624921	554.5109936	1804.14937492
1611	2017-05-15 04:00:00	1800.0	1766.0	1799.89999999	1783.99999993	2307399.1768062	1295.80070103	1780.67443162
1612	2017-05-15 06:00:00	1789.14864317	1766.2	1783.99999993	1769.59999998	756434.74225401	424.46847818	1782.07518611
1613	2017-05-15 08:00:00	1776.99999978	1721.001	1769.59999998	1755.90000001	2220835.8994616	1270.80714746	1747.5790122
1614	2017-05-15 10:00:00	1784.99999999	1753.90770932	1755.90000001	1778.00000001	943729.66400073	533.34018286	1769.47039493
1615	2017-05-15 12:00:00	1784.5	1755.0	1778.00000001	1767.99999999	1048912.7784071	593.00771231	1768.8012426
1616	2017-05-15 14:00:00	1770.02724795	1720.0	1764.25819345	1734.8785587	3065229.5323099	1764.64646218	1737.02188965
1617	2017-05-15 16:00:00	1763.49243188	1725.2	1734.8785587	1747.30048294	1332561.2781187	763.06558219	1746.32601603
1618	2017-05-15 18:00:00	1759.3	1727.888	1747.30048294	1737.10411111	1459495.3666254	837.54457926	1742.5882786
1619	2017-05-15 20:00:00	1786.00000001	1730.0	1735.50847909	1775.44522058	1831930.2709083	1040.25452758	1761.04042072
1620	2017-05-15 22:00:00	1783.09999999	1767.07889855	1781.44522036	1771.09832331	1019754.6273587	574.38814846	1775.37546708
1621	2017-05-16 00:00:00	1777.68007911	1745.0	1774.4785105	1753.0	2406505.5673652	1365.96782304	1761.75860571
1622	2017-05-16 02:00:00	1763.48440639	1719.0	1754.99999998	1729.99999977	3165148.7209566	1820.47479446	1738.63913446
1623	2017-05-16 04:00:00	1750.97813005	1725.8	1729.8789087	1728.00000001	2007028.1400521	1155.28860992	1737.25259889
1624	2017-05-16 06:00:00	1749.0	1728.0	1729.4891	1738.52843991	1072262.1550643	616.42857143	1739.4751067
1625	2017-05-16 08:00:00	1761.0	1735.00001	1735.00001006	1751.92077503	993144.92286473	567.40511259	1750.32776552
1626	2017-05-16 10:00:00	1776.99	1748.10000001	1758.15923144	1760.00000001	2127709.2147623	1205.0150815	1765.71168894
1627	2017-05-16 12:00:00	1779.98594706	1753.333	1767.99999999	1775.00000033	1397023.7790647	789.38387295	1769.76478356
1628	2017-05-16 14:00:00	1799.99	1764.27902233	1775.00000057	1799.98999997	1547006.5316168	866.94977164	1784.42463707
1629	2017-05-16 16:00:00	1799.98999997	1781.001	1794.0	1787.30463306	1682122.9374403	940.31040581	1788.90175738
1630	2017-05-16 18:00:00	1798.99	1780.1466401	1787.305	1795.98	1046193.7668107	584.47188012	1789.98135307
1631	2017-05-16 20:00:00	1798.5	1775.99999981	1795.99	1785.06360429	1558964.1255004	871.40949258	1789.01439423
1632	2017-05-16 22:00:00	1793.70626284	1775.99999982	1785.0	1787.00000024	1532396.6588508	858.60792417	1784.74553485
1633	2017-05-17 00:00:00	1798.99999998	1770.13994165	1790.98999949	1787.0	3362971.4306249	1883.90950695	1785.10242568
1634	2017-05-17 02:00:00	1850.04690691	1773.05922563	1780.00000046	1839.98999997	3510882.5252182	1937.74198176	1811.84211224
1635	2017-05-17 04:00:00	1855.0	1827.36664977	1838.25	1853.13017562	2989961.1686244	1623.7675202	1841.37269124
1636	2017-05-17 06:00:00	1891.8	1839.01525907	1853.13017564	1853.93950213	3535672.1892592	1893.89164348	1866.88198421
1637	2017-05-17 08:00:00	1892.79999999	1846.52582226	1853.93950213	1880.00000004	1757374.2351223	941.74407935	1866.0847184
1638	2017-05-17 10:00:00	1895.989	1861.001	1888.0	1872.99999991	1130705.3276049	600.41417488	1883.20891629
1639	2017-05-17 12:00:00	1897.9	1861.05200001	1870.0	1882.702	1190995.7600562	633.52469441	1879.95159551
1640	2017-05-17 14:00:00	1896.9	1874.0	1882.702	1882.99999996	994274.47280003	527.64636528	1884.35766495
1641	2017-05-17 16:00:00	1890.2	1863.22390512	1882.99999996	1865.00000001	1778817.1423002	946.66772066	1879.0301005
1642	2017-05-17 18:00:00	1878.05744882	1854.77559674	1865.00000001	1864.0	1624033.5880723	869.22717426	1868.36495241
1643	2017-05-17 20:00:00	1869.1241854	1834.00000001	1864.9219529	1845.72915137	1960548.9123657	1059.37055886	1850.67339843
1644	2017-05-17 22:00:00	1876.70972759	1845.7291514	1849.99999984	1872.99999994	1576862.1059888	846.65728885	1862.45618711
1645	2017-05-18 00:00:00	1888.99999999	1862.0	1872.99999999	1873.7497927	1157816.3880303	617.3684843	1875.40572198
1646	2017-05-18 02:00:00	1890.0	1852.28556046	1888.99999998	1864.0	1974145.3673323	1052.98290958	1874.8123539
1647	2017-05-18 04:00:00	1890.15	1858.00020014	1864.0	1880.05354234	2013847.4363916	1073.28803254	1876.33456754
1648	2017-05-18 06:00:00	1899.96	1864.00000001	1878.78393498	1884.86348697	2279080.4204519	1210.14567169	1883.3108061
1649	2017-05-18 08:00:00	1891.38791	1861.10785901	1880.0	1866.83494274	1564929.8912099	834.16392898	1876.04598669
1650	2017-05-18 10:00:00	1883.45723878	1860.0	1866.83494274	1874.01000001	1019103.3937335	544.38089451	1872.04107273
1651	2017-05-18 12:00:00	1890.31419588	1864.09831132	1874.01	1886.00000001	1470615.7260473	782.13045497	1880.26909923
1652	2017-05-18 14:00:00	1940.88206838	1878.33090611	1886.22632	1919.16969898	2001055.6368069	1044.14692922	1916.45024355
1653	2017-05-18 16:00:00	1930.98	1915.0390241	1919.16969898	1920.28539581	1392473.1318192	723.24797573	1925.3052598
1654	2017-05-18 18:00:00	1929.67999997	1915.03902411	1921.252249	1918.33585713	957454.24623053	498.04272221	1922.43396707
1655	2017-05-18 20:00:00	1939.0	1918.33585712	1924.99999998	1937.0	1194842.3131496	619.36721461	1929.13393696
1656	2017-05-18 22:00:00	1948.0	1929.01000001	1937.09027781	1942.14469914	1343610.3492568	692.26123795	1940.90074035
1657	2017-05-19 00:00:00	1977.88899995	1939.14469917	1942.2612287	1964.32115147	2404005.315503	1223.66252434	1964.59830033
1658	2017-05-19 02:00:00	1968.0	1935.0	1963.2824078	1953.99999992	1873618.4703373	959.81443346	1952.06323745
1659	2017-05-19 04:00:00	1975.12959628	1941.4	1947.0	1963.99999984	1534304.3071173	784.5967059	1955.53243542
1660	2017-05-19 06:00:00	1974.56194423	1951.19524	1956.99999994	1972.11	1719718.7922525	876.45959547	1962.11987539
1661	2017-05-19 08:00:00	1986.0	1963.19741833	1972.85471489	1976.74666659	1908289.309005	966.81593567	1973.78760382
1662	2017-05-19 10:00:00	1994.0	1970.0	1976.74666659	1971.5	1368099.770678	689.92185201	1982.97787886
1663	2017-05-19 12:00:00	1988.71419811	1962.61914469	1971.5	1974.99999567	1665198.4605393	843.87873005	1973.26748647
1664	2017-05-19 14:00:00	1980.0	1960.0	1974.99999567	1971.2272176	1624642.0093799	824.82260424	1969.68657385
1665	2017-05-19 16:00:00	1971.22721751	1935.0	1969.61403793	1952.34821384	2049194.4520821	1052.00573842	1947.89284624
1666	2017-05-19 18:00:00	1956.0	1925.99999996	1952.34821384	1950.67876999	1247948.5762013	643.06198645	1940.63496598
1667	2017-05-19 20:00:00	1982.39263026	1942.46394331	1950.67876999	1971.10000005	1752272.5896662	894.35463189	1959.25925486
1668	2017-05-19 22:00:00	1993.99900002	1960.0	1971.21043618	1966.99999984	2156106.2620174	1091.83262931	1974.75895493
1669	2017-05-20 00:00:00	1997.00000008	1964.39597417	1966.9999998	1992.77990148	1088401.6394611	548.2862278	1985.09753532
1670	2017-05-20 02:00:00	2000.0	1976.25	1992.972	1988.3359066	1622265.9416083	814.94426658	1990.64648729
1671	2017-05-20 04:00:00	1997.70000002	1971.46248012	1988.2359066	1997.70000002	1282187.6816908	646.01721681	1984.75775618
1672	2017-05-20 06:00:00	1998.2180342	1978.0	1996.11975	1994.99999971	1025488.6715955	515.64170923	1988.76206722
1673	2017-05-20 08:00:00	1998.8998	1981.84100001	1995.00443906	1986.246504	954428.86723678	478.69649669	1993.80792179
1674	2017-05-20 10:00:00	1999.0	1959.94713601	1985.0	1975.59215136	2256113.8732424	1140.90458303	1977.47814041
1675	2017-05-20 12:00:00	1996.28364225	1975.59215127	1980.66398139	1984.0	1027296.832761	517.59713717	1984.7421073
1676	2017-05-20 14:00:00	1994.25	1978.54980205	1981.66218408	1989.99999995	1302453.0597218	655.18407919	1987.91927504
1677	2017-05-20 16:00:00	2033.82710486	1981.70587403	1985.28411911	2025.0	2204805.484074	1100.4266083	2003.59157752
1678	2017-05-20 18:00:00	2040.82257438	2011.95196426	2025.0	2032.54397346	1993178.1616399	983.7854016	2026.02941494
1679	2017-05-20 20:00:00	2063.1180776	2020.45000006	2035.4	2044.0	1993695.7789502	975.02264083	2044.76870122
1680	2017-05-20 22:00:00	2075.51461898	2044.1326406	2044.1326406	2074.60645908	1678163.1897752	814.93431078	2059.26191544
1681	2017-05-21 00:00:00	2079.97999984	2055.42957002	2073.0	2069.0095543	1155457.3422568	558.40398517	2069.21399729
1682	2017-05-21 02:00:00	2072.0	2050.51840189	2067.39899997	2068.5	846418.987141	410.67912492	2061.02267142
1683	2017-05-21 04:00:00	2084.99999992	2055.0	2068.00000001	2064.49999996	1262637.5047608	610.37661129	2068.62039174
1684	2017-05-21 06:00:00	2079.99999999	2059.0	2068.49999979	2060.0	1006255.5215392	485.76526435	2071.48512952
1685	2017-05-21 08:00:00	2089.99999999	2048.77403953	2060.0	2088.2278072	1546630.8666895	746.97804206	2070.51717668
1686	2017-05-21 10:00:00	2099.99999999	2065.0606063	2088.35305814	2082.06969694	1483247.7173921	709.7967397	2089.67952997
1687	2017-05-21 12:00:00	2091.37154923	2012.0	2082.06969694	2053.0	2481573.985201	1208.65363282	2053.17215603
1688	2017-05-21 14:00:00	2066.425762	1985.0	2052.12288	2028.0	2175259.1882984	1072.5032757	2028.20750069
1689	2017-05-21 16:00:00	2037.42043716	2000.0	2028.0	2017.35655802	1607863.629864	795.41518297	2021.41430574
1690	2017-05-21 18:00:00	2045.5980356	2002.07054878	2017.35655802	2030.85905865	2408376.1226488	1189.62672927	2024.48050585
1691	2017-05-21 20:00:00	2047.22920292	2011.90451987	2030.85905865	2022.2	1954149.0237926	964.093515	2026.92891653
1692	2017-05-21 22:00:00	2040.68380514	2019.8910806	2025.8786881	2030.99999999	1713532.6997112	843.97241132	2030.31838094
1693	2017-05-22 00:00:00	2045.0	2012.66542897	2030.99999996	2042.5	1428063.0866412	703.04424171	2031.25635901
1694	2017-05-22 02:00:00	2086.0	2032.9793983	2042.5	2083.69140621	2264870.6113839	1100.90725784	2057.27648287
1695	2017-05-22 04:00:00	2145.0	2077.14536498	2083.8164215	2136.00000007	1793663.1744654	853.06330721	2102.61437727
1696	2017-05-22 06:00:00	2160.44	2120.98038385	2136.00000007	2154.66732494	3073499.3751546	1431.07744649	2147.68207177
1697	2017-05-22 08:00:00	2160.85000003	2039.00000003	2154.66732494	2089.90503057	3583159.3033999	1695.37849853	2113.48634331
1698	2017-05-22 10:00:00	2147.00000001	2089.72684263	2089.90503057	2139.55832713	2495718.1615909	1179.19585921	2116.45770471
1699	2017-05-22 12:00:00	2148.99999999	2119.00000002	2143.0	2135.0	1630977.8270124	762.58372956	2138.75245929
1700	2017-05-22 14:00:00	2182.0	2109.9	2142.0	2178.0	2693311.674201	1246.69025309	2160.36956054
1701	2017-05-22 16:00:00	2200.0	2165.00000099	2172.99999986	2177.00000006	3019556.3223822	1382.61312578	2183.94883288
1702	2017-05-22 18:00:00	2229.19999997	2132.0	2177.00000006	2145.40897913	2015023.245422	917.83032965	2195.42019949
1703	2017-05-22 20:00:00	2196.0	2098.0	2155.0	2137.48249917	3299567.1432916	1538.74116482	2144.32889606
1704	2017-05-22 22:00:00	2139.94999998	1975.19120351	2137.48249917	2090.00000006	5195048.5213491	2529.6052059	2053.6993319
1705	2017-05-23 00:00:00	2139.93	2070.0	2092.00000003	2124.0	2324967.9046271	1103.3580037	2107.17454972
1706	2017-05-23 02:00:00	2142.8674925	2065.0	2116.32200001	2129.86422206	1568916.1336605	746.85992567	2100.68324693
1707	2017-05-23 04:00:00	2171.00000016	2117.27763846	2129.7879999	2169.0	1677602.1798692	780.56273367	2149.22146229
1708	2017-05-23 06:00:00	2170.0	2099.01000001	2169.0	2142.00000028	1718401.3190567	804.42752581	2136.17916334
1709	2017-05-23 08:00:00	2150.82412007	2105.0	2142.00000028	2114.99999989	1484212.3930774	698.92412061	2123.56727906
1710	2017-05-23 10:00:00	2170.0	2110.0001	2114.99999993	2163.0	1388742.8058308	647.48952998	2144.81121551
1711	2017-05-23 12:00:00	2194.0	2134.99999995	2163.12978	2173.50000001	2169722.9351248	998.91243129	2172.08522705
1712	2017-05-23 14:00:00	2230.0	2171.74602568	2174.00000003	2219.02	2697338.6382809	1219.31601012	2212.17355951
1713	2017-05-23 16:00:00	2228.73171948	2182.0	2219.02000003	2209.0	2387298.5362239	1080.71135534	2209.00661812
1714	2017-05-23 18:00:00	2230.0	2191.0	2211.0	2221.88999998	2332243.9897824	1050.50960984	2220.10723932
1715	2017-05-23 20:00:00	2221.99000002	2194.95989466	2221.88999998	2219.8999999	1481253.4686915	669.88593213	2211.20253112
1716	2017-05-23 22:00:00	2245.0	2210.00060171	2219.8999999	2244.89495691	1880747.8763225	842.6181573	2232.02865975
1717	2017-05-24 00:00:00	2304.8674688	2241.60939168	2244.0	2290.1374	3003810.002029	1319.57408376	2276.34813308
1718	2017-05-24 02:00:00	2315.0	2270.0	2290.1374	2301.43521678	2413180.7706904	1051.0274226	2296.0207496
1719	2017-05-24 04:00:00	2320.0	2268.61168019	2305.72442001	2282.97	2530473.3482172	1102.68809466	2294.82240759
1720	2017-05-24 06:00:00	2300.0	2244.0	2283.99999995	2290.0	1802915.5342835	789.36195309	2284.01625797
1721	2017-05-24 08:00:00	2297.63140529	2246.0	2290.0	2274.39000001	1800744.9446235	791.36026283	2275.50589687
1722	2017-05-24 10:00:00	2300.0	2253.00005005	2274.39000001	2295.1	1680703.6641093	736.74640463	2281.25126033
1723	2017-05-24 12:00:00	2320.84807	2252.864929	2295.1	2255.0	3250785.9756035	1414.50171946	2298.18453444
1724	2017-05-24 14:00:00	2300.0	2220.0	2255.0	2298.74999997	3719201.9048041	1642.69549671	2264.0847998
1725	2017-05-24 16:00:00	2372.0	2296.21474132	2296.21474132	2370.99999999	3049251.1315282	1308.91300937	2329.605642
1726	2017-05-24 18:00:00	2425.0	2346.88652137	2369.30956409	2421.0225	3525984.9659287	1471.69443571	2395.86756623
1727	2017-05-24 20:00:00	2447.99999999	2319.7912186	2421.03042853	2423.35929744	4511111.9321214	1878.6738294	2401.22146884
1728	2017-05-24 22:00:00	2432.03397014	2346.30411871	2423.35929744	2389.00000017	3260101.5569425	1360.62342148	2396.03515967
1729	2017-05-25 00:00:00	2495.30393601	2381.03692485	2389.0000002	2469.99999999	5345033.9214654	2189.77294521	2440.90782706
1730	2017-05-25 02:00:00	2490.0	2400.0	2474.00000004	2454.94473528	4717712.8640576	1921.60654046	2455.08784692
1731	2017-05-25 04:00:00	2480.73847861	2289.7939183	2457.70453614	2441.86562748	5102859.5524026	2146.78910392	2376.97291414
1732	2017-05-25 06:00:00	2510.0	2416.58181388	2456.99999999	2465.11	3102951.323289	1255.9668041	2470.56794268
1733	2017-05-25 08:00:00	2513.0	2457.36810003	2479.86139975	2512.99999997	2991569.0146006	1202.31549917	2488.17304332
1734	2017-05-25 10:00:00	2588.0	2504.00000001	2512.99999997	2581.64999992	3460045.9011998	1352.11681898	2558.98444027
1735	2017-05-25 12:00:00	2650.0	2572.0	2572.00000003	2643.0	3565570.708493	1363.1520203	2615.68090381
1736	2017-05-25 14:00:00	2698.36062429	2521.0	2642.99999999	2625.04051976	5748593.6625007	2189.53803177	2625.48244382
1737	2017-05-25 16:00:00	2648.43656131	2075.05493865	2625.04051976	2335.0	16721498.338032	7226.76551517	2313.82882188
1738	2017-05-25 18:00:00	2385.18017819	2180.0	2330.0	2290.00000001	8953168.0158067	3927.42940571	2279.65090926
1739	2017-05-25 20:00:00	2449.99989999	2290.2061	2290.2061	2432.99999984	4761094.5540918	2000.01778156	2380.52611231
1740	2017-05-25 22:00:00	2456.99999998	2112.10000001	2432.99999984	2210.0	7083263.5821219	3137.63158392	2257.51921239
1741	2017-05-26 00:00:00	2330.99999999	2208.02000001	2210.0	2255.01000004	3685946.7009106	1620.30782327	2274.84348836
1742	2017-05-26 02:00:00	2354.99	2255.01000003	2255.02	2337.97999997	2874693.8662542	1241.40319869	2315.68105293
1743	2017-05-26 04:00:00	2427.92899993	2311.96928588	2337.97999996	2427.92899993	2246457.6891621	950.67656031	2363.0094429
1744	2017-05-26 06:00:00	2436.2929094	2314.75232375	2418.00000011	2379.12460001	3345209.760347	1414.2616509	2365.34007566
1745	2017-05-26 08:00:00	2484.45555317	2371.82591924	2379.12459997	2428.4652686	3209206.1020599	1315.02001687	2440.42376609
1746	2017-05-26 10:00:00	2465.29299781	2424.10321159	2428.4652686	2436.06300044	2290818.8231726	936.16636828	2447.02106462
1747	2017-05-26 12:00:00	2446.18853679	2244.0	2436.23362306	2273.30999999	3893728.2197477	1648.16770358	2362.45875422
1748	2017-05-26 14:00:00	2339.05881359	2212.0	2273.30999999	2320.44946817	5466572.8974597	2385.64910096	2291.44047012
1749	2017-05-26 16:00:00	2375.0	2181.0	2320.44946817	2181.34814877	4601834.7445988	2017.10749738	2281.40282586
1750	2017-05-26 18:00:00	2240.0	1928.0	2181.34814877	2138.11747838	16707543.69451	8010.84849442	2085.61473933
1751	2017-05-26 20:00:00	2200.00457715	2011.03199998	2136.0	2050.0	7887751.8281198	3756.06655867	2100.00320945
1752	2017-05-26 22:00:00	2170.0	1989.50380303	2049.395729	2130.82794284	8104787.4192203	3896.11741542	2080.22155265
1753	2017-05-27 00:00:00	2205.56738819	2065.00000045	2135.5	2156.99999999	3661394.7027571	1716.78731518	2132.70139543
1754	2017-05-27 02:00:00	2156.99999948	1977.0	2156.99999948	2042.0	4907301.2128942	2401.51154906	2043.42186687
1755	2017-05-27 04:00:00	2043.0	1880.78	2029.27848836	1905.0	9786623.8098924	5054.42733391	1936.24780086
1756	2017-05-27 06:00:00	1999.0	1812.0	1905.0000001	1926.0	12424924.563551	6516.83838406	1906.58780091
1757	2017-05-27 08:00:00	1948.0	1615.0	1925.99999997	1616.122	13782784.275744	7805.3269567	1765.81767198
1758	2017-05-27 10:00:00	1929.0	1538.0	1615.0	1922.0	13510421.892509	7720.42430516	1749.9584684
1759	2017-05-27 12:00:00	1988.87	1850.0	1920.0	1909.8	9011668.1833548	4708.7277196	1913.82231464
1760	2017-05-27 14:00:00	2030.00000004	1881.0	1905.00001023	2005.71984493	5485067.4912985	2820.43101842	1944.76214999
1761	2017-05-27 16:00:00	2073.0	1953.0	2005.33000001	2020.0	7803802.6283307	3858.74615921	2022.36744951
1762	2017-05-27 18:00:00	2042.84111437	1995.76050806	2020.0	2038.0	2585790.8008501	1281.16130493	2018.31790493
1763	2017-05-27 20:00:00	2046.0	1871.0	2038.0	1907.0	6553101.9698461	3389.91045256	1933.11949137
1764	2017-05-27 22:00:00	1975.0	1896.88099164	1902.51591971	1972.76599998	3152985.4722035	1622.32430919	1943.49887648
1765	2017-05-28 00:00:00	2046.0	1971.62	1971.62	2030.0	3993341.1568124	1983.9849539	2012.78802491
1766	2017-05-28 02:00:00	2099.0	2019.00000001	2030.0	2089.9119077	3538560.916541	1710.87975112	2068.26979758
1767	2017-05-28 04:00:00	2120.19412441	2013.00000001	2089.9119077	2031.18199999	5011191.7168376	2404.01924042	2084.50566142
1768	2017-05-28 06:00:00	2133.0	2027.08768055	2029.7510222	2133.0	3775947.8761154	1817.41687131	2077.64544047
1769	2017-05-28 08:00:00	2196.0	2097.82798083	2133.0	2184.77124023	4263217.1667696	1986.42837869	2146.17210089
1770	2017-05-28 10:00:00	2188.15385318	2076.3330102	2184.77124023	2132.0	4663582.1088097	2181.38554755	2137.89905871
1771	2017-05-28 12:00:00	2174.85007732	2111.10000001	2131.90000012	2119.907157	3489473.4136051	1629.33558073	2141.65421468
1772	2017-05-28 14:00:00	2137.95003475	1850.0	2113.68384947	1928.0	10790814.27389	5483.72483079	1967.78915916
1773	2017-05-28 16:00:00	2040.0	1886.22	1928.0	1981.92648458	6043414.1008818	3065.85653444	1971.19924986
1774	2017-05-28 18:00:00	2055.0	1983.82648458	1984.0	2017.12015743	2819620.7248089	1390.87999148	2027.22071068
1775	2017-05-28 20:00:00	2039.99999998	1960.0	2014.00200009	2024.0	3253022.3566732	1629.10811092	1996.81183518
1776	2017-05-28 22:00:00	2066.51050441	2013.91658378	2025.0	2057.10000001	2013645.0830301	986.14755984	2041.93080734
1777	2017-05-29 00:00:00	2079.0532654	2030.96562527	2054.60213318	2044.1768339	1983816.799923	964.00908597	2057.88184862
1778	2017-05-29 02:00:00	2051.732	1976.01000001	2040.0	2031.01000008	2856893.0167525	1417.51782882	2015.41945975
1779	2017-05-29 04:00:00	2050.02999999	2005.93937733	2038.001	2046.30881618	1726992.2015407	851.93798562	2027.13370068
1780	2017-05-29 06:00:00	2094.70086541	2027.81043836	2049.9	2083.108	1872824.9906822	904.8126156	2069.84845082
1781	2017-05-29 08:00:00	2112.0	2069.06949077	2083.47399997	2099.99999969	2001621.6315586	956.36217871	2092.9535652
1782	2017-05-29 10:00:00	2189.0	2095.20000023	2098.00000106	2105.111	3711274.0085466	1737.99487358	2135.37684429
1783	2017-05-29 12:00:00	2136.99999998	2085.20000001	2105.11100001	2095.0	2134735.3737799	1007.68994385	2118.44465334
1784	2017-05-29 14:00:00	2150.0	2090.00000012	2095.0	2135.00000024	3148253.5051376	1485.51017797	2119.30793327
1785	2017-05-29 16:00:00	2183.0	2135.0	2139.99	2173.00000025	2934151.271566	1355.47267448	2164.67017506
1786	2017-05-29 18:00:00	2247.1639452	2168.83005288	2173.00000025	2213.74547292	4879367.5239127	2197.76771552	2220.14705624
1787	2017-05-29 20:00:00	2252.3002892	2196.4068492	2214.85231	2238.00000001	2690763.2691185	1208.91265987	2225.77143778
1788	2017-05-29 22:00:00	2246.6794496	2161.00000001	2239.7159	2207.0	4055696.3948396	1846.8222073	2196.04051695
1789	2017-05-30 00:00:00	2219.53664379	2142.5282288	2207.00000001	2166.71589542	2478292.2928297	1137.99096618	2177.77852942
1790	2017-05-30 02:00:00	2239.99980034	2157.28607918	2166.71589542	2225.85386671	1659978.3266364	753.05953059	2204.31222128
1791	2017-05-30 04:00:00	2284.0	2220.01505103	2225.85386671	2245.26514961	3996803.5757082	1778.13562842	2247.74955961
1792	2017-05-30 06:00:00	2255.999	2226.0	2245.26514961	2246.96999979	2094821.4566062	935.23884227	2239.87858708
1793	2017-05-30 08:00:00	2255.21199684	2183.1	2246.96999998	2228.88522292	3320461.3634353	1496.24638942	2219.19423626
1794	2017-05-30 10:00:00	2261.95	2216.86869435	2226.98568077	2249.69999897	2305466.5434275	1027.75014228	2243.21695379
1795	2017-05-30 12:00:00	2251.0	2193.9637282	2246.8347557	2205.0	2499599.2000103	1122.1249625	2227.55867977
1796	2017-05-30 14:00:00	2222.14020794	2130.99999999	2206.0	2172.626369	5986338.3614594	2760.40719491	2168.64322499
1797	2017-05-30 16:00:00	2212.99999999	2165.00000001	2172.626369	2206.09999999	2138834.985557	973.81370861	2196.34922639
1798	2017-05-30 18:00:00	2215.01111099	2174.00000002	2206.09999999	2180.00000016	2436718.6816202	1109.85903931	2195.52086824
1799	2017-05-30 20:00:00	2239.99999999	2165.0	2180.00000016	2179.00000004	3307588.3566757	1503.58554313	2199.80058453
1800	2017-05-30 22:00:00	2181.62452004	2050.5	2180.0	2139.99999999	7933061.5792692	3755.22034135	2112.54223671
1801	2017-05-31 00:00:00	2186.0	2085.0	2139.99999998	2086.82091199	3191324.7073221	1485.95302312	2147.66190967
1802	2017-05-31 02:00:00	2128.0	2028.00000002	2086.82091199	2037.0	4774828.1845066	2297.88943933	2077.91902551
1803	2017-05-31 04:00:00	2084.0	2005.93937735	2033.02000006	2068.432599	3542371.4268698	1730.32584897	2047.22794205
1804	2017-05-31 06:00:00	2115.74544872	2065.90049226	2070.0	2102.03751279	2452153.8005915	1172.59502882	2091.2196797
1805	2017-05-31 08:00:00	2124.56464269	2083.43737507	2102.18917	2115.0	1585406.0675796	752.96802488	2105.54235398
1806	2017-05-31 10:00:00	2160.0	2108.0	2110.00000023	2148.60207396	1702713.1301771	796.58967795	2137.50338136
1807	2017-05-31 12:00:00	2153.10375435	2108.011	2148.60207396	2125.21527102	1946887.1497204	915.51541139	2126.54765337
1808	2017-05-31 14:00:00	2230.13260566	2113.01745226	2125.21527102	2214.99	3906446.6336143	1791.42361326	2180.63812751
1809	2017-05-31 16:00:00	2237.0	2201.02200001	2214.99999999	2233.99999994	2816148.2007288	1266.83983635	2222.97098648
1810	2017-05-31 18:00:00	2240.50000002	2172.99698502	2231.99999995	2189.10000001	2539006.0790113	1148.8293703	2210.08110051
1811	2017-05-31 20:00:00	2199.0	2159.86055776	2188.44766653	2173.00000001	1979387.4596862	906.20529919	2184.25941831
1812	2017-05-31 22:00:00	2208.0	2164.01000001	2173.50000001	2196.99999967	1869740.3625235	852.96946571	2192.03668793
1813	2017-06-01 00:00:00	2238.999	2171.08644538	2196.99899999	2227.0	2241842.7492467	1013.20972554	2212.61471612
1814	2017-06-01 02:00:00	2273.0	2227.00000001	2229.7509295	2249.9999818	2785214.0464958	1240.13688033	2245.89244193
1815	2017-06-01 04:00:00	2315.0	2245.89	2249.9999818	2285.57368992	5605431.5600516	2448.64134423	2289.20073299
1816	2017-06-01 06:00:00	2325.3402656	2282.0	2285.57368992	2324.84026559	3020634.8134491	1313.20187667	2300.20598288
1817	2017-06-01 08:00:00	2350.00000008	2312.38	2324.84026558	2325.21000005	3441036.1877097	1474.03059268	2334.4401431
1818	2017-06-01 10:00:00	2341.10000018	2307.6316381	2324.71000013	2339.79999899	3222069.0512154	1386.20653586	2324.37877607
1819	2017-06-01 12:00:00	2367.80000999	2329.00000005	2332.60000004	2354.008	2975325.4147675	1265.53912894	2351.03391647
1820	2017-06-01 14:00:00	2368.55663483	2249.85	2356.99999996	2280.0	5812275.9540485	2531.69785512	2295.80158718
1821	2017-06-01 16:00:00	2289.9	2196.05999157	2280.00000005	2259.99999994	5052952.5665987	2250.08335116	2245.67350538
1822	2017-06-01 18:00:00	2295.90151511	2247.03800003	2255.0	2289.8970722	2169696.251955	954.1551611	2273.94488906
1823	2017-06-01 20:00:00	2334.99999998	2284.20556012	2284.20556031	2299.98999985	2345749.2766452	1014.6407817	2311.90123534
1824	2017-06-01 22:00:00	2323.00000009	2275.0	2300.0	2314.59525181	2272652.8857648	987.28786579	2301.91513996
1825	2017-06-02 00:00:00	2322.37939501	2274.92388313	2322.20898	2299.0	1587568.9077311	691.14604033	2297.0093368
1826	2017-06-02 02:00:00	2336.92803787	2293.42836527	2295.8843767	2334.5	1205292.4693465	520.31721355	2316.4570342
1827	2017-06-02 04:00:00	2341.02887804	2312.275	2334.5	2334.666164	1841957.5597044	790.68629626	2329.56808334
1828	2017-06-02 06:00:00	2349.9999996	2322.13060341	2337.7478825	2326.81991371	1844381.3977604	790.51698215	2333.13317665
1829	2017-06-02 08:00:00	2334.33990895	2268.5238484	2329.0	2303.6107606	2814611.6647949	1226.79770629	2294.27529116
1830	2017-06-02 10:00:00	2320.62447363	2286.23486575	2304.6107606	2309.4808575	1358801.4900868	590.38080458	2301.56786864
1831	2017-06-02 12:00:00	2320.0	2267.9299436	2304.40076354	2283.89999999	2073805.9100876	902.63910981	2297.49175229
1832	2017-06-02 14:00:00	2322.21614484	2271.0	2277.0	2317.0	2074641.4689397	905.07922901	2292.22083817
1833	2017-06-02 16:00:00	2332.0	2291.22351	2322.13099997	2322.1	1769915.10439	765.16111818	2313.12734316
1834	2017-06-02 18:00:00	2337.56482201	2322.1	2324.0	2333.99999993	1275892.8768331	547.66540916	2329.69410792
1835	2017-06-02 20:00:00	2386.98841849	2330.15768229	2332.47388817	2379.6838558	2350937.4064795	994.48911753	2363.96493942
1836	2017-06-02 22:00:00	2413.92321999	2366.58212315	2379.8980716	2408.0	2166751.1682383	906.00976034	2391.53181685
1837	2017-06-03 00:00:00	2413.4658303	2377.0	2413.0	2394.99999992	2404638.0986746	1004.73431995	2393.30741563
1838	2017-06-03 02:00:00	2407.33459002	2382.13662993	2394.99999992	2385.799571	1249551.6889525	520.61783561	2400.13231104
1839	2017-06-03 04:00:00	2387.41549611	2344.2680156	2385.799571	2365.0	2479155.6763841	1047.86140899	2365.9194385
1840	2017-06-03 06:00:00	2400.0	2364.13111111	2365.0	2395.00000001	1447577.2315983	607.28413522	2383.6901833
1841	2017-06-03 08:00:00	2417.50000001	2391.7098741	2397.99999991	2417.5	1829520.6800141	760.17124825	2406.72175411
1842	2017-06-03 10:00:00	2429.89999999	2396.83925632	2417.5	2419.989	2270417.5774041	940.22357003	2414.76351984
1843	2017-06-03 12:00:00	2434.0	2398.001	2419.989	2417.999999	1310098.2725034	541.71723041	2418.41720912
1844	2017-06-03 14:00:00	2456.3	2406.97099621	2416.99999995	2451.0	2099488.4533087	861.79280294	2436.18703491
1845	2017-06-03 16:00:00	2475.0	2435.14641289	2451.00000001	2452.19480664	2430634.0458926	989.5434499	2456.31866507
1846	2017-06-03 18:00:00	2473.47723743	2425.30306754	2455.0	2445.01930126	2534945.2207539	1038.23031742	2441.60200123
1847	2017-06-03 20:00:00	2475.00000007	2430.0	2443.99999997	2451.28516155	2165996.2036295	882.78256256	2453.60102871
1848	2017-06-03 22:00:00	2482.25	2447.38720011	2451.28516148	2455.30084836	1465255.812453	593.29328264	2469.69897574
1849	2017-06-04 00:00:00	2463.92381509	2419.70179575	2460.22139999	2432.72326629	2551985.136046	1046.28472832	2439.09240665
1850	2017-06-04 02:00:00	2433.23578756	2374.0	2428.00000006	2424.65169443	3070046.3908169	1276.25352428	2405.51452545
1851	2017-06-04 04:00:00	2453.01278208	2413.77226906	2424.65169443	2436.69280679	1232047.6050217	505.33027878	2438.10366557
1852	2017-06-04 06:00:00	2447.99999997	2412.88	2436.69280679	2446.02188572	1478787.2620988	608.03466336	2432.07723376
1853	2017-06-04 08:00:00	2484.51099992	2441.67944395	2447.01094284	2474.4342093	1613333.6204085	652.89177406	2471.05827413
1854	2017-06-04 10:00:00	2485.27944395	2452.10864488	2475.0000002	2483.34683514	1466797.9864875	593.83226377	2470.054384
1855	2017-06-04 12:00:00	2497.21329063	2464.36583603	2483.34683514	2480.15334675	1915743.9885852	770.9863768	2484.79616012
1856	2017-06-04 14:00:00	2494.0	2470.0	2480.0	2478.60087615	2020137.2644422	814.36286186	2480.63530282
1857	2017-06-04 16:00:00	2483.0	2467.369567	2478.60087615	2475.74	1919288.8584478	774.71693413	2477.40661639
1858	2017-06-04 18:00:00	2490.0	2456.19452001	2475.74000001	2456.19452001	852506.31637357	344.07798545	2477.65434704
1859	2017-06-04 20:00:00	2477.81972229	2425.0	2457.41420395	2468.33428476	2005917.084423	818.04597287	2452.08356369
1860	2017-06-04 22:00:00	2485.00010002	2450.4530677	2468.33428472	2483.55	1205429.7350675	487.10108165	2474.70141307
1861	2017-06-05 00:00:00	2520.0	2478.00000001	2483.55	2505.01000099	1278974.9453933	511.15142239	2502.14494056
1862	2017-06-05 02:00:00	2535.0	2495.00000005	2505.01000086	2526.79127587	1169982.7244218	465.24824123	2514.74937622
1863	2017-06-05 04:00:00	2532.99999996	2497.00000001	2529.99999999	2499.63347167	1292194.5014639	513.25428213	2517.64972344
1864	2017-06-05 06:00:00	2526.03642309	2498.05000005	2501.99979121	2509.50000015	1250651.1367586	497.54982817	2513.61987473
1865	2017-06-05 08:00:00	2509.99999996	2477.48999998	2506.0	2496.85064219	1913555.4161124	767.78863012	2492.29454702
1866	2017-06-05 10:00:00	2526.54	2496.85064221	2496.85064221	2516.93278514	1463386.7624726	582.1942093	2513.5714837
1867	2017-06-05 12:00:00	2532.5	2501.25487612	2517.50000004	2531.0	1083243.7042089	429.93428388	2519.55646438
1868	2017-06-05 14:00:00	2575.0	2517.01558223	2530.55	2546.0	2085815.9902122	821.0747911	2540.34834928
1869	2017-06-05 16:00:00	2566.99999999	2535.05550001	2546.0	2563.64999971	1927588.9654161	755.27063558	2552.18311769
1870	2017-06-05 18:00:00	2599.0	2551.08796242	2563.64999971	2576.57771044	2978742.5349998	1155.31310204	2578.29893016
1871	2017-06-05 20:00:00	2632.0	2575.000001	2576.57771045	2597.5	3581276.0591491	1376.64668959	2601.4489311
1872	2017-06-05 22:00:00	2635.35652085	2596.93593537	2597.999	2635.35652085	2346817.0972964	896.65853078	2617.29188619
1873	2017-06-06 00:00:00	2689.442028	2580.0	2635.00000005	2666.96962469	7497334.2425677	2838.94421719	2640.88818553
1874	2017-06-06 02:00:00	2795.09	2648.96825573	2667.01	2757.99999999	11506419.267841	4211.91536389	2731.87333403
1875	2017-06-06 04:00:00	2797.0	2720.1	2757.99999999	2755.20999999	6054827.5912417	2189.78376035	2765.03447549
1876	2017-06-06 06:00:00	2799.99	2748.0	2758.4733266	2758.0	5002088.6085448	1802.1203355	2775.66847785
1877	2017-06-06 08:00:00	2829.0	2750.0	2758.0	2823.60000004	3759854.856625	1342.47860058	2800.68140751
1878	2017-06-06 10:00:00	2828.9999998	2785.0	2823.60000004	2819.9	2824049.491067	1004.95398482	2810.12815882
1879	2017-06-06 12:00:00	2894.99999999	2815.76636802	2819.89999999	2873.0	7581619.9706594	2648.67944962	2862.41506942
1880	2017-06-06 14:00:00	2873.0	2757.111	2873.0	2790.0	10745289.448119	3836.90089546	2800.5126379
1881	2017-06-06 16:00:00	2796.6	2652.0	2790.0	2767.0	15547766.371543	5731.94495423	2712.47656697
1882	2017-06-06 18:00:00	2847.0	2757.0	2760.0	2840.2	5334087.903263	1904.23598229	2801.16957817
1883	2017-06-06 20:00:00	2852.96849674	2800.0	2840.200001	2839.00000002	2957431.5128642	1043.93506146	2832.96502057
1884	2017-06-06 22:00:00	2882.1299999	2820.06318	2840.6187102	2846.0	3112415.1818297	1092.87280709	2847.92078422
1885	2017-06-07 00:00:00	2862.54525257	2800.0	2846.00000001	2818.00000003	3235066.7533792	1142.86556498	2830.66254904
1886	2017-06-07 02:00:00	2855.0	2818.00000003	2818.00000006	2840.99794644	2333623.990542	822.29554799	2837.93825254
1887	2017-06-07 04:00:00	2860.0	2826.2432378	2840.99794643	2829.80431395	2201653.0596713	774.72964409	2841.83402102
1888	2017-06-07 06:00:00	2830.0	2752.67800586	2829.58575077	2793.70516897	4684444.317196	1678.27205851	2791.23059544
1889	2017-06-07 08:00:00	2826.1464077	2758.00000001	2793.70516897	2826.0	2599660.3083778	932.606643	2787.52068505
1890	2017-06-07 10:00:00	2826.0	2791.39995291	2819.0	2800.0	2661722.9942965	947.71297951	2808.57501357
1891	2017-06-07 12:00:00	2820.0	2795.0	2800.0	2807.26309012	3048041.7716809	1085.43057412	2808.14069951
1892	2017-06-07 14:00:00	2814.0	2715.0	2800.10000001	2750.0	5294169.0630713	1912.71693252	2767.87901704
1893	2017-06-07 16:00:00	2790.53523786	2721.09762359	2750.0	2774.88131583	3556847.966872	1290.43543201	2756.31610744
1894	2017-06-07 18:00:00	2784.48090654	2752.70457538	2774.88131583	2759.40406492	1973731.2996977	713.13307428	2767.69002992
1895	2017-06-07 20:00:00	2762.71239281	2600.00000004	2757.00000001	2622.0	7534483.4315939	2812.35295698	2679.06750925
1896	2017-06-07 22:00:00	2686.57628789	2564.0	2622.00000001	2645.50430872	9946985.4003448	3783.76353085	2628.86021265
1897	2017-06-08 00:00:00	2670.99999996	2558.9	2645.50430872	2659.99	6264082.5072713	2401.60910393	2608.28562692
1898	2017-06-08 02:00:00	2695.8424839	2634.02985325	2661.9	2690.99999999	2641185.2291287	988.4552706	2672.03312854
1899	2017-06-08 04:00:00	2769.62399999	2690.99999999	2690.99999999	2764.26561561	3632898.7398059	1330.9811181	2729.48931461
1900	2017-06-08 06:00:00	2784.51972156	2718.38206689	2764.26561561	2730.1	3659886.3380407	1330.21980668	2751.33953025
1901	2017-06-08 08:00:00	2762.99999997	2726.80000001	2730.1	2762.59999994	1454206.4626822	530.64781068	2740.43618651
1902	2017-06-08 10:00:00	2778.61	2724.21000001	2762.59999994	2726.70000012	1921093.6276258	697.32979717	2754.92835014
1903	2017-06-08 12:00:00	2734.0264794	2676.22000001	2729.99999999	2680.2412	2789300.7647354	1031.50094996	2704.1184643
1904	2017-06-08 14:00:00	2725.0	2656.4261801	2680.2412	2694.0	2905741.9169878	1081.73644533	2686.1828771
1905	2017-06-08 16:00:00	2726.41595319	2679.28548797	2694.0	2710.50000002	2018094.5309887	746.84989825	2702.14207127
1906	2017-06-08 18:00:00	2735.80544432	2687.0	2709.99999999	2735.49999999	2345188.6643817	866.42469204	2706.74264702
1907	2017-06-08 20:00:00	2772.0	2720.00000002	2735.0	2760.0	2260390.3953523	822.77082508	2747.29040754
1908	2017-06-08 22:00:00	2797.14511794	2741.01023815	2760.0	2788.0	2121343.7635536	764.52812601	2774.70990455
1909	2017-06-09 00:00:00	2812.99999999	2769.11589253	2786.16326382	2811.77251524	2504192.8550753	897.27833573	2790.87631491
1910	2017-06-09 02:00:00	2830.4285873	2785.51	2811.77251524	2785.51	2999836.3212288	1066.01286832	2814.07139667
1911	2017-06-09 04:00:00	2808.0	2785.51	2785.51	2786.00000001	1739844.0371306	621.99590525	2797.19532306
1912	2017-06-09 06:00:00	2798.04707031	2772.37523782	2788.6890594	2793.99999979	2064322.8298231	741.00414308	2785.84519277
1913	2017-06-09 08:00:00	2815.0	2785.61002026	2793.99999979	2803.0	1389398.8945484	495.75684886	2802.58134152
1914	2017-06-09 10:00:00	2810.0	2787.12000002	2799.99999999	2806.0	1334199.9649772	476.27107895	2801.34575443
1915	2017-06-09 12:00:00	2826.55	2800.0	2801.81717994	2826.55	1501314.0878178	533.15478151	2815.90663702
1916	2017-06-09 14:00:00	2850.99999949	2825.9	2827.0	2839.99999991	3646385.4353505	1284.29178246	2839.2188482
1917	2017-06-09 16:00:00	2850.0	2820.65342139	2839.0	2844.0	2188003.5369224	771.99995683	2834.20163118
1918	2017-06-09 18:00:00	2844.0	2801.90000001	2842.0	2825.93962197	1994700.8548881	707.97091197	2817.48984479
1919	2017-06-09 20:00:00	2833.96725944	2809.08604848	2825.93962197	2828.49999999	1779073.3491419	629.9963644	2823.9422474
1920	2017-06-09 22:00:00	2828.54509719	2793.01496208	2824.54603157	2816.09973687	2134153.8298762	759.01143956	2811.75449886
1921	2017-06-10 00:00:00	2832.49216067	2812.62426283	2813.0	2827.80009234	1632509.170515	578.18655767	2823.49900539
1922	2017-06-10 02:00:00	2840.7	2820.23132011	2827.80009234	2834.98989989	1644780.3284868	581.04438748	2830.73094573
1923	2017-06-10 04:00:00	2837.97999998	2808.99999998	2834.98989986	2814.08346819	1466971.0839991	520.18359292	2820.10256372
1924	2017-06-10 06:00:00	2823.79089997	2785.0009	2809.67562753	2787.73458182	2813157.0946978	1002.58877551	2805.89326692
1925	2017-06-10 08:00:00	2820.01	2785.12041544	2794.6479774	2810.1466555	1400045.2811019	499.40152727	2803.44613432
1926	2017-06-10 10:00:00	2880.0	2810.14665551	2815.26167044	2867.99999989	2587340.4413248	907.16394971	2852.11999677
1927	2017-06-10 12:00:00	2906.16026926	2857.51467542	2863.1	2883.25947	3206590.2940468	1113.19205	2880.53646632
1928	2017-06-10 14:00:00	2890.48124338	2825.09669757	2881.11876462	2834.96956942	2475360.4440836	865.59767462	2859.71244685
1929	2017-06-10 16:00:00	2874.56873189	2820.0	2834.96956942	2820.50641474	4226442.3224486	1480.53894575	2854.66473852
1930	2017-06-10 18:00:00	2840.02355068	2800.0	2821.0	2829.35000003	2512893.6722757	889.40398539	2825.36812691
1931	2017-06-10 20:00:00	2847.01505705	2760.0	2829.35000004	2780.37792766	3366906.9019435	1204.08524158	2796.23633416
1932	2017-06-10 22:00:00	2838.23500629	2778.00000002	2783.08074735	2811.82022002	3287795.0118118	1171.28820782	2806.99061926
1933	2017-06-11 00:00:00	2875.0	2799.72506628	2803.99990001	2846.4052936	3552724.1112304	1255.6345776	2829.42519631
1934	2017-06-11 02:00:00	2850.0	2816.0	2849.99999999	2821.92761639	1830270.27945	645.21141851	2836.69852538
1935	2017-06-11 04:00:00	2823.99999999	2784.00000002	2821.92761625	2822.17988356	2277770.0997897	812.25639881	2804.25011502
1936	2017-06-11 06:00:00	2832.81163198	2805.24227107	2817.25363919	2822.58849565	1137532.9182713	403.44075961	2819.57856556
1937	2017-06-11 08:00:00	2838.02633059	2807.11717069	2822.58849564	2815.5705085	1668772.4399896	591.23476361	2822.52083723
1938	2017-06-11 10:00:00	2836.2486363	2806.09	2817.69111775	2826.46527482	2063376.6036956	730.9064339	2823.03795396
1939	2017-06-11 12:00:00	2879.99999999	2822.47656195	2829.36527479	2875.0	3142143.9192873	1103.00264727	2848.71838437
1940	2017-06-11 14:00:00	2975.0	2859.73135599	2875.59294448	2944.0	5481610.8804481	1879.99865281	2915.75255772
1941	2017-06-11 16:00:00	2977.0	2920.00542547	2944.0	2923.599999	3275621.4844142	1112.28785188	2944.94044763
1942	2017-06-11 18:00:00	2942.1825182	2905.00000001	2923.6	2928.27415191	2304474.7884238	787.86080682	2924.97706254
1943	2017-06-11 20:00:00	2953.0	2910.86049806	2924.41612886	2932.81015288	2313124.4355836	789.36067953	2930.37707041
1944	2017-06-11 22:00:00	2944.69596656	2919.71	2923.46674593	2937.1	1783256.6352419	608.66773979	2929.77024847
1945	2017-06-12 00:00:00	2960.0	2932.00000056	2937.1	2960.0	1571496.9226921	532.67045245	2950.2235678
1946	2017-06-12 02:00:00	2965.0	2920.0	2960.0	2940.77048798	2272060.2287953	772.95784393	2939.43614989
1947	2017-06-12 04:00:00	2951.31685009	2892.0	2940.77048798	2899.88571124	3443025.2475734	1179.88721198	2918.09692707
1948	2017-06-12 06:00:00	2905.0	2855.25952321	2899.99990002	2887.0	3231487.6940106	1120.13942871	2884.89772896
1949	2017-06-12 08:00:00	2895.36866193	2812.34560002	2887.0	2835.0	3621689.8042552	1273.68549184	2843.47260564
1950	2017-06-12 10:00:00	2847.0	2520.000027	2835.14175	2625.0	16381571.471848	6173.67736162	2653.45441821
1951	2017-06-12 12:00:00	2735.00000006	2616.00000101	2625.0	2716.0	8842640.5945769	3305.85252669	2674.84424159
1952	2017-06-12 14:00:00	2730.00000001	2560.0	2716.0	2648.0	7186399.6202687	2710.61308806	2651.20819047
1953	2017-06-12 16:00:00	2666.87499999	2300.0	2648.0	2455.0	17268310.451147	6988.95410241	2470.80037987
1954	2017-06-12 18:00:00	2550.0	2380.00000003	2456.85931299	2430.08498173	10981995.973089	4462.52260275	2460.9390138
1955	2017-06-12 20:00:00	2580.0	2419.99990002	2419.99990002	2557.0	7990806.4174438	3185.73151821	2508.31131618
1956	2017-06-12 22:00:00	2588.0	2477.0	2557.0	2571.05013426	5913226.2097388	2323.60664758	2544.84820651
1957	2017-06-13 00:00:00	2648.0	2530.0	2566.50556852	2559.71940169	5634169.7096081	2176.12308486	2589.08595235
1958	2017-06-13 02:00:00	2595.00471885	2513.58496152	2555.39075255	2535.83800035	4826495.0392398	1889.01509092	2555.03254708
1959	2017-06-13 04:00:00	2622.80762074	2532.2265517	2535.83800034	2604.00000002	3871949.5267829	1495.89224444	2588.38799463
1960	2017-06-13 06:00:00	2715.0	2604.00000002	2604.00000002	2699.91115489	4455323.9062313	1664.46480616	2676.73061619
1961	2017-06-13 08:00:00	2700.78231635	2613.0	2699.91115489	2617.5	4040091.8607496	1513.54290791	2669.29456683
1962	2017-06-13 10:00:00	2652.99999998	2566.0	2617.5	2611.71240925	3471213.8882457	1329.33737189	2611.23621561
1963	2017-06-13 12:00:00	2668.39832121	2595.00350767	2611.71240926	2658.88018352	2765070.7791818	1049.8579318	2633.75709743
1964	2017-06-13 14:00:00	2688.0	2626.00000001	2664.0	2680.0	2136163.5168662	804.06264724	2656.71278749
1965	2017-06-13 16:00:00	2733.27899999	2672.82059966	2685.25265161	2713.42	3427101.2549434	1264.55848923	2710.11683851
1966	2017-06-13 18:00:00	2750.0	2658.45451447	2713.42	2695.999999	2844562.1959659	1054.10992463	2698.54417409
1967	2017-06-13 20:00:00	2698.9999	2650.0	2695.999999	2677.83433526	3115239.1433398	1164.58388462	2674.98046682
1968	2017-06-13 22:00:00	2689.27634276	2665.99999999	2685.40224416	2676.77469678	1663915.9464843	622.33991498	2673.64491081
1969	2017-06-14 00:00:00	2719.99999998	2665.40423003	2671.00086237	2708.89466318	1919317.7436295	713.37839869	2690.46237894
1970	2017-06-14 02:00:00	2729.21	2696.00000001	2708.89466318	2696.00000001	1610970.5571555	594.29634732	2710.71926391
1971	2017-06-14 04:00:00	2709.78320393	2690.25391796	2696.00000001	2699.2178393	1850026.4473754	685.26282207	2699.73269786
1972	2017-06-14 06:00:00	2723.99999993	2628.0	2703.00000002	2648.8	3891310.4700555	1452.81302291	2678.46612653
1973	2017-06-14 08:00:00	2672.0	2613.44133315	2648.8	2660.0000001	3185003.2023617	1205.09535145	2642.94704857
1974	2017-06-14 10:00:00	2675.0	2645.80253875	2660.0000001	2647.57645706	1786134.8907173	670.85283115	2662.48394249
1975	2017-06-14 12:00:00	2661.25990666	2415.0	2647.57645707	2509.0	9290815.1480906	3640.12555316	2552.33370728
1976	2017-06-14 14:00:00	2543.64299999	2402.11010101	2510.0	2510.0	9609586.1611138	3860.78614273	2489.02316933
1977	2017-06-14 16:00:00	2510.0	2350.0	2510.0	2470.0	9670629.8423696	3966.13283738	2438.30205363
1978	2017-06-14 18:00:00	2529.95	2445.02082148	2470.0	2476.337771	5570689.1374488	2242.16716122	2484.51107205
1979	2017-06-14 20:00:00	2505.07334548	2371.03	2476.04781446	2394.99999995	4682528.4836296	1920.74178715	2437.87505168
1980	2017-06-14 22:00:00	2417.5	2273.1	2394.99999995	2386.78070979	10116076.051953	4314.12504049	2344.87316825
1981	2017-06-15 00:00:00	2440.0	2306.8	2386.7807098	2433.30426794	5465337.2922956	2305.2195505	2370.85326259
1982	2017-06-15 02:00:00	2459.85750006	2380.000303	2434.60879045	2404.53258412	2841174.1617351	1171.83974094	2424.54156696
1983	2017-06-15 04:00:00	2404.56789094	2220.0	2400.66811167	2222.81839612	6941889.9231638	3026.34131292	2293.82254193
1984	2017-06-15 06:00:00	2350.0	2115.0	2221.99999995	2350.0	13874537.660793	6204.81981901	2236.09034033
1985	2017-06-15 08:00:00	2380.12067829	2253.12	2350.0	2261.39666675	5755508.2143398	2459.40419105	2340.20428007
1986	2017-06-15 10:00:00	2317.03633733	2151.00000002	2265.0	2182.30000006	10286224.9205	4628.40429899	2222.41279197
1987	2017-06-15 12:00:00	2302.18310212	2050.104	2182.0	2050.10400001	14312033.684499	6628.26229216	2159.2437133
1988	2017-06-15 14:00:00	2190.92239817	2012.0	2051.00000003	2168.99999992	17386146.416585	8212.50688033	2117.03279765
1989	2017-06-15 16:00:00	2310.0	2168.99999992	2169.1	2193.0	10013508.565582	4443.09301569	2253.72472064
1990	2017-06-15 18:00:00	2350.49229795	2175.2	2181.380205	2329.91432611	5073197.0980778	2259.97273727	2244.80455645
1991	2017-06-15 20:00:00	2391.5004	2267.12474805	2329.91432611	2367.80879244	5894787.8706604	2515.56660459	2343.32410833
1992	2017-06-15 22:00:00	2410.00000003	2324.48352944	2367.80879244	2374.46992685	6833188.1658876	2880.88602517	2371.90506885
1993	2017-06-16 00:00:00	2391.02770249	2265.83659837	2374.46992799	2280.9310546	5235656.4572006	2239.54832279	2337.81803407
1994	2017-06-16 02:00:00	2337.24228999	2240.0	2278.77944586	2325.84500326	4009580.1006859	1748.76767369	2292.80318993
1995	2017-06-16 04:00:00	2390.74335293	2323.95407253	2329.83517237	2371.4180818	2804852.1519643	1185.35773588	2366.24950178
1996	2017-06-16 06:00:00	2429.99999999	2360.1111	2371.0	2370.0	3936481.846451	1638.32927982	2402.74155808
1997	2017-06-16 08:00:00	2442.0	2366.00000003	2370.0	2438.79479638	3100535.8241565	1288.67518294	2405.98706734
1998	2017-06-16 10:00:00	2454.42544815	2335.32	2437.92129	2365.0	4393575.1834408	1829.2470136	2401.84903994
1999	2017-06-16 12:00:00	2394.66	2318.0	2356.54386862	2378.35514377	4992597.852927	2119.33250948	2355.74070165
2000	2017-06-16 14:00:00	2406.67156618	2370.86153259	2378.29896829	2393.62324123	3472354.884249	1452.49034297	2390.62166647
2001	2017-06-16 16:00:00	2455.0	2395.55211023	2397.0734951	2435.0	3387462.8716869	1391.65922459	2434.11807418
2002	2017-06-16 18:00:00	2474.0	2421.41678976	2435.0	2470.76213669	2879151.6035995	1177.76934255	2444.58019035
2003	2017-06-16 20:00:00	2477.48703455	2416.0	2470.7621367	2439.07	2429559.4787359	993.44017876	2445.60219193
2004	2017-06-16 22:00:00	2442.0	2387.67982769	2439.07	2435.00000001	2838158.3699714	1175.71751721	2413.979828
2005	2017-06-17 00:00:00	2438.49136377	2369.61451577	2438.49136377	2386.8	3228702.5995267	1345.10086835	2400.34236502
2006	2017-06-17 02:00:00	2437.00000003	2373.59325802	2388.0	2430.78625841	2823864.9999263	1178.66796157	2395.81043347
2007	2017-06-17 04:00:00	2455.00000013	2415.50000001	2419.0	2450.9	2252221.2554439	922.67497207	2440.96927262
2008	2017-06-17 06:00:00	2480.0	2442.83735343	2450.9	2452.6564837	2772378.6515728	1128.8113136	2456.01600388
2009	2017-06-17 08:00:00	2499.73743735	2450.55278567	2452.7791328	2499.73743735	1944498.2703239	784.76249904	2477.81752148
2010	2017-06-17 10:00:00	2550.5906714	2494.22440018	2499.7374373	2538.51142487	3822592.5164725	1511.01373193	2529.81983928
2011	2017-06-17 12:00:00	2548.2372239	2496.03644398	2539.62145184	2517.82649786	3327668.2087766	1315.58117523	2529.42826442
2012	2017-06-17 14:00:00	2579.11111	2508.48940113	2512.75000001	2579.11110999	2703187.6760128	1063.71420685	2541.27251342
2013	2017-06-17 16:00:00	2616.38291276	2554.0	2579.11110999	2596.0	4780243.1876149	1847.40796667	2587.54063739
2014	2017-06-17 18:00:00	2630.00000002	2592.5	2592.5	2622.54750733	3616373.1823624	1382.76624186	2615.31781214
2015	2017-06-17 20:00:00	2640.0	2596.00000001	2622.54750735	2617.0	2536407.9299439	970.44470374	2613.65528625
2016	2017-06-17 22:00:00	2638.76999999	2601.846487	2620.10471778	2607.14769572	2992781.2372047	1142.36685067	2619.8074948
2017	2017-06-18 00:00:00	2620.52753992	2556.32051439	2607.14769572	2610.18	3892293.7335582	1501.6963595	2591.93125756
2018	2017-06-18 02:00:00	2640.44856603	2607.94849264	2610.18	2628.8020398	2940640.8011848	1120.10512115	2625.32573564
2019	2017-06-18 04:00:00	2638.02733796	2592.00000001	2628.80203972	2607.975241	3997952.4294838	1528.19557706	2616.12616179
2020	2017-06-18 06:00:00	2616.299529	2430.99999999	2603.95312766	2430.99999999	6687150.7276219	2657.0402657	2516.76680024
2021	2017-06-18 08:00:00	2538.0	2408.0	2431.12	2513.086911	6689876.7317194	2689.29412179	2487.59578861
2022	2017-06-18 10:00:00	2570.0	2507.00000001	2513.086911	2563.43619716	2708354.7624372	1063.45590092	2546.74853944
2023	2017-06-18 12:00:00	2569.64527234	2500.900781	2563.4667438	2516.73502804	3120298.2347223	1231.8833839	2532.94936477
2024	2017-06-18 14:00:00	2536.9	2480.0	2508.74234595	2533.0	3889972.7238824	1549.35074097	2510.71150064
2025	2017-06-18 16:00:00	2559.46914473	2523.31349001	2531.0	2529.19999999	1862175.3598899	732.86888538	2540.93930993
2026	2017-06-18 18:00:00	2530.96106769	2441.95771243	2529.19999999	2467.82971279	3850847.1148801	1553.47515685	2478.85979888
2027	2017-06-18 20:00:00	2492.96272249	2413.33496422	2465.00000005	2466.52130294	4901390.9781872	1996.00189714	2455.60436851
2028	2017-06-18 22:00:00	2499.3107361	2434.94528092	2464.66850555	2492.3	1870805.8807648	757.1145665	2470.96801929
2029	2017-06-19 00:00:00	2525.0	2485.18461046	2491.12119074	2490.36921363	2344285.8176231	935.14388176	2506.8717909
2030	2017-06-19 02:00:00	2554.9162803	2483.15057429	2490.36921363	2537.53275937	2224337.0796547	881.19665992	2524.22323055
2031	2017-06-19 04:00:00	2564.99999999	2531.38957503	2539.37780507	2562.02181227	1231637.1765425	483.62250275	2546.69120965
2032	2017-06-19 06:00:00	2596.3421559	2552.0	2564.01843299	2559.87407602	3168688.5430816	1232.15715524	2571.65941017
2033	2017-06-19 08:00:00	2571.50274137	2495.0	2559.87407602	2519.89604549	2760734.6787186	1088.23330053	2536.89597384
2034	2017-06-19 10:00:00	2540.17032436	2481.49782383	2511.21408014	2504.0	2737459.8651356	1091.1975857	2508.67478173
2035	2017-06-19 12:00:00	2556.60988505	2500.0	2503.2300952	2552.0	2304313.9601439	912.27735947	2525.89186416
2036	2017-06-19 14:00:00	2565.575	2527.72589565	2552.0	2532.36245383	3147973.59333	1234.94419666	2549.0816523
2037	2017-06-19 16:00:00	2589.56112856	2531.00000006	2533.74407273	2583.0	2744707.8468115	1071.12681637	2562.44900684
2038	2017-06-19 18:00:00	2596.31121928	2537.67777234	2582.84863952	2546.77509322	2210922.7156204	860.25805014	2570.0691964
2039	2017-06-19 20:00:00	2575.66899958	2541.87181802	2546.77509323	2558.54625331	1233051.0874059	481.61422848	2560.24638494
2040	2017-06-19 22:00:00	2591.0	2554.41918774	2556.37184892	2583.04709526	2186294.2591552	850.06632637	2571.91020433
2041	2017-06-20 00:00:00	2620.358887	2580.98559748	2584.99999992	2608.07209568	2329898.8847145	895.18543161	2602.69973398
2042	2017-06-20 02:00:00	2610.62356698	2584.94882026	2608.07209567	2593.08951091	1610679.0514774	619.41506166	2600.32270955
2043	2017-06-20 04:00:00	2600.0	2573.2761859	2595.26005268	2597.8	1971807.1154758	761.72728267	2588.59983137
2044	2017-06-20 06:00:00	2612.0	2584.98054738	2597.8	2599.87	2730504.6322473	1050.86260294	2598.34599176
2045	2017-06-20 08:00:00	2600.0	2563.73	2599.86999996	2576.96595671	2243111.3943225	867.97867627	2584.29320402
2046	2017-06-20 10:00:00	2603.92272769	2570.00000111	2576.96595681	2603.92272769	1414052.1257218	547.17251436	2584.28939431
2047	2017-06-20 12:00:00	2632.82075136	2595.77216898	2603.94973249	2626.4314	2671910.3383208	1020.92212502	2617.15391687
2048	2017-06-20 14:00:00	2660.01000004	2622.21101112	2628.36940231	2647.29989476	3309895.7176021	1251.25540571	2645.2598746
2049	2017-06-20 16:00:00	2703.35750419	2626.45034091	2649.0	2692.53825027	3154954.5833528	1180.49902798	2672.56008567
2050	2017-06-20 18:00:00	2785.52657367	2686.0	2686.99999999	2735.0	7816673.1947777	2854.21416526	2738.64284254
2051	2017-06-20 20:00:00	2755.0	2712.0	2742.0	2745.0	4214420.4127762	1537.84736949	2740.46728978
2052	2017-06-20 22:00:00	2745.00000001	2664.0	2745.00000001	2668.00000301	3435946.6018368	1270.72627702	2703.92346799
2053	2017-06-21 00:00:00	2713.49928045	2661.0	2668.00000301	2692.44470515	2071417.3547436	770.23246432	2689.34049225
2054	2017-06-21 02:00:00	2739.71646537	2674.5766176	2697.0	2739.0	2292973.0803421	847.01358331	2707.12669256
2055	2017-06-21 04:00:00	2775.81626497	2692.00000002	2739.0	2692.00000003	3971333.0237641	1447.66982596	2743.25882362
2056	2017-06-21 06:00:00	2706.91693961	2620.0	2694.0	2706.88871042	5925695.4810319	2224.78853467	2663.48706346
2057	2017-06-21 08:00:00	2725.8863438	2666.42743791	2706.88871042	2671.0	2207334.1008838	815.44702786	2706.90066364
2058	2017-06-21 10:00:00	2706.0	2639.96380343	2670.99999999	2690.89687625	2607497.5987916	975.05516809	2674.20519794
2059	2017-06-21 12:00:00	2726.65098314	2684.25103289	2696.01160685	2695.23787684	2636461.527236	974.1854189	2706.32415152
2060	2017-06-21 14:00:00	2715.16396638	2640.0	2702.52266131	2676.06996599	3296422.8288505	1233.23707772	2672.9838799
2061	2017-06-21 16:00:00	2700.0	2641.89261591	2676.069966	2660.99279469	2526169.2874305	946.87263473	2667.90822205
2062	2017-06-21 18:00:00	2692.33333333	2643.11000022	2660.99279469	2652.0	3359796.7536409	1257.88349058	2670.99201062
2063	2017-06-21 20:00:00	2666.68414065	2541.20794418	2652.0	2579.9999999	7587633.0447682	2900.34665778	2616.11246518
2064	2017-06-21 22:00:00	2632.1044394	2564.40023363	2579.9999999	2620.0	5332921.9288754	2052.52700873	2598.22253553
2065	2017-06-22 00:00:00	2640.0	2588.00000001	2624.90653876	2615.52594849	2323756.4488363	887.06772752	2619.5930443
2066	2017-06-22 02:00:00	2629.03548547	2601.87550947	2615.52594849	2609.99999989	1422112.5280452	543.59026975	2616.1478731
2067	2017-06-22 04:00:00	2614.34499999	2544.0	2614.0	2582.837832	2579413.037091	998.36962489	2583.62531549
2068	2017-06-22 06:00:00	2623.98142495	2582.83783201	2582.8380916	2600.0	1812223.948581	696.48762972	2601.94707163
2069	2017-06-22 08:00:00	2618.36410617	2569.3353848	2600.0	2617.00000001	2591817.9772145	998.36998989	2596.04956425
2070	2017-06-22 10:00:00	2654.20650219	2617.59361035	2617.99	2639.99	2026042.5912782	767.600794	2639.44827456
2071	2017-06-22 12:00:00	2670.38009305	2628.33333333	2639.99999	2666.35752503	2096358.7207144	790.14814826	2653.12109549
2072	2017-06-22 14:00:00	2700.0	2662.55201375	2666.35752503	2697.99999997	2036794.1459893	759.4322843	2681.99573299
2073	2017-06-22 16:00:00	2704.39216362	2683.21342001	2699.0	2690.0	1390461.2984132	515.79679954	2695.75402494
2074	2017-06-22 18:00:00	2704.94331536	2660.0	2690.0	2673.0	1184461.9390041	441.79165377	2681.04190945
2075	2017-06-22 20:00:00	2690.0	2644.0	2673.0	2672.38336033	1743563.3969117	653.86062627	2666.56734915
2076	2017-06-22 22:00:00	2691.7	2661.001	2670.0930251	2673.37636987	1097641.5359828	410.15384257	2676.17030991
2077	2017-06-23 00:00:00	2706.8	2671.04789953	2675.32267508	2701.0	1074381.1925728	399.20694735	2691.28881575
2078	2017-06-23 02:00:00	2714.81657054	2690.0	2701.23525888	2696.11191357	972805.24769279	360.35791426	2699.55288671
2079	2017-06-23 04:00:00	2702.54441479	2682.12000008	2691.54	2691.7	1033211.1852099	383.75767184	2692.35317239
2080	2017-06-23 06:00:00	2691.82667865	2666.0	2691.7	2684.99999997	1020180.6517676	380.48764497	2681.24514752
2081	2017-06-23 08:00:00	2687.3674724	2650.0	2684.99999997	2672.58342966	1249819.0956141	469.194357	2663.75559929
2082	2017-06-23 10:00:00	2688.2964534	2669.34481986	2672.58342966	2681.87391695	545321.28351643	203.44910729	2680.38179562
2083	2017-06-23 12:00:00	2691.79630093	2675.0	2681.87391695	2687.5	1451175.3564893	540.6184334	2684.28759885
2084	2017-06-23 14:00:00	2714.92092529	2683.91482966	2687.5	2699.49999999	1102027.0243737	408.46169242	2697.99358134
2085	2017-06-23 16:00:00	2720.0	2692.68533458	2699.0	2714.0	1244161.955399	459.01818503	2710.48510925
2086	2017-06-23 18:00:00	2713.35952433	2695.0	2713.33907269	2704.0	756972.26611684	279.86055547	2704.81942282
2087	2017-06-23 20:00:00	2715.64071202	2676.00999999	2702.1	2692.61665412	1561717.7021778	580.56620744	2689.9907059
2088	2017-06-23 22:00:00	2700.0	2665.23294815	2692.7378678	2670.0	1078458.9034571	401.68713558	2684.82310716
2089	2017-06-24 00:00:00	2687.99999999	2669.47738267	2670.881526	2680.0	854794.92292227	319.14890115	2678.35771905
2090	2017-06-24 02:00:00	2685.20849386	2664.00000001	2680.0	2664.90169157	1041980.7074861	389.21266308	2677.15006814
2091	2017-06-24 04:00:00	2687.48950324	2660.0	2664.90169157	2680.0	1224281.9271271	457.55125219	2675.72631758
2092	2017-06-24 06:00:00	2685.25131397	2662.80874299	2677.62140379	2670.94798999	1014765.1615536	379.36428526	2674.90958158
2093	2017-06-24 08:00:00	2674.99999	2653.11142324	2672.3849426	2665.0	895864.35839487	336.1328928	2665.20884324
2094	2017-06-24 10:00:00	2674.0	2651.68	2660.66547273	2664.88218724	822553.18795073	308.85339496	2663.24800495
2095	2017-06-24 12:00:00	2672.0	2494.0	2664.88218724	2500.0	6296478.5832095	2444.55295877	2575.71780583
2096	2017-06-24 14:00:00	2600.0	2487.11	2500.0	2597.00000001	6949613.924958	2726.38727602	2549.01935102
2097	2017-06-24 16:00:00	2611.98	2567.32000218	2599.09999999	2575.0	2871314.5994185	1109.68718946	2587.49909586
2098	2017-06-24 18:00:00	2581.40424279	2465.0	2577.19596926	2477.01000001	5672131.5512467	2253.60134442	2516.91878214
2099	2017-06-24 20:00:00	2541.7373393	2450.92370001	2480.0	2520.77406384	4124129.9911484	1650.92345998	2498.0746177
2100	2017-06-24 22:00:00	2525.45454544	2458.0	2523.65907988	2503.48203847	2320654.8167774	930.65006577	2493.58475557
2101	2017-06-25 00:00:00	2507.39978733	2431.69446947	2503.4303456	2475.2	4205998.5322776	1706.72652801	2464.36582736
2102	2017-06-25 02:00:00	2499.0	2453.86502856	2475.2	2481.94224365	3052735.2286699	1230.87119633	2480.14190093
2103	2017-06-25 04:00:00	2534.26580237	2476.76572208	2481.9	2530.23049143	1242720.3892055	494.80770964	2511.5218801
2104	2017-06-25 06:00:00	2549.99999999	2512.51159982	2530.23049143	2512.51159982	2023347.0837342	798.7128191	2533.25980921
2105	2017-06-25 08:00:00	2573.41317028	2512.51159982	2514.0	2566.00000001	1752839.549937	687.7109711	2548.80265634
2106	2017-06-25 10:00:00	2598.448888	2542.9090909	2566.00000001	2588.10375282	2788368.649397	1087.01923447	2565.15115922
2107	2017-06-25 12:00:00	2602.08518563	2562.76304931	2588.10375282	2583.0	2460036.026552	955.11496057	2575.64390477
2108	2017-06-25 14:00:00	2586.88886374	2518.00000001	2583.0	2524.00000003	3167399.0706523	1244.32179286	2545.48227703
2109	2017-06-25 16:00:00	2554.99999999	2522.63432139	2524.00000003	2552.41025813	1288062.1944398	507.97805274	2535.66504988
2110	2017-06-25 18:00:00	2561.80499999	2436.30000001	2552.99999999	2454.0	4626874.6684295	1865.14572205	2480.70411535
2111	2017-06-25 20:00:00	2486.49999998	2359.10291486	2450.99999999	2428.0	8013210.5623132	3311.29199109	2419.9649514
2112	2017-06-25 22:00:00	2488.07664344	2381.20088211	2427.99999999	2481.8117977	6938612.4780107	2839.91325181	2443.24803709
2113	2017-06-26 00:00:00	2500.0	2446.55228983	2479.9	2500.0	2679299.6733299	1083.66519466	2472.44230647
2114	2017-06-26 02:00:00	2507.0	2472.76336981	2499.99999999	2503.98777909	2098851.1045197	842.79953117	2490.33254872
2115	2017-06-26 04:00:00	2508.92659464	2432.00000001	2503.98777909	2457.05295238	2698556.8297316	1094.61815064	2465.29516083
2116	2017-06-26 06:00:00	2458.28493065	2358.00000001	2457.05295238	2382.0	6494101.5465806	2714.00136044	2392.81440357
2117	2017-06-26 08:00:00	2462.70790437	2367.80000001	2382.00000001	2460.44093373	5087413.9085329	2109.74914961	2411.38331989
2118	2017-06-26 10:00:00	2458.31358101	2383.79786544	2458.31358101	2412.42229687	3548788.7527783	1468.08039904	2417.29864052
2119	2017-06-26 12:00:00	2455.0	2389.93661101	2412.11583576	2413.00000004	2886122.7851003	1189.50813487	2426.31613899
2120	2017-06-26 14:00:00	2418.48957454	2286.0	2413.00000004	2311.49300695	8588142.8524439	3659.93505584	2346.52875567
2121	2017-06-26 16:00:00	2373.3998639	2261.0	2311.49300694	2325.23051835	12684136.214086	5482.77952853	2313.44998427
2122	2017-06-26 18:00:00	2338.99999999	2222.89290482	2322.90479717	2235.20000006	8767971.7071189	3870.35945307	2265.41534796
2123	2017-06-26 20:00:00	2400.0	2192.00000001	2235.20000006	2379.05614238	11600980.216268	5014.90987751	2313.29784574
2124	2017-06-26 22:00:00	2439.75310916	2330.0	2379.0	2395.28891992	6706115.1624473	2803.46925494	2392.07729873
2125	2017-06-27 00:00:00	2427.11574372	2308.10791	2393.38025002	2423.26195735	4935178.3467938	2074.71010755	2378.7315292
2126	2017-06-27 02:00:00	2463.08758765	2406.0417232	2423.26195735	2422.80241237	3081307.5591077	1266.37304059	2433.17526538
2127	2017-06-27 04:00:00	2434.99005	2371.60661606	2421.5	2423.26116291	3262608.37133	1355.22855017	2407.42299217
2128	2017-06-27 06:00:00	2431.13188863	2315.00000001	2425.29537857	2324.12183767	5783639.2453637	2449.22562514	2361.41545556
2129	2017-06-27 08:00:00	2358.3	2300.71	2324.12183767	2332.10000002	3691066.8269333	1585.69479632	2327.72840996
2130	2017-06-27 10:00:00	2368.0	2299.66666666	2334.0	2308.0	3590852.9217816	1536.96650385	2336.32477531
2131	2017-06-27 12:00:00	2360.97756511	2251.11	2306.0	2265.10000004	4910783.7063869	2133.64243009	2301.59638612
2132	2017-06-27 14:00:00	2292.98893046	2168.333	2269.99999999	2291.81034548	10867877.77486	4845.9036574	2242.69373541
2133	2017-06-27 16:00:00	2322.17034171	2237.51096483	2292.98893044	2317.0	5501431.8808453	2413.13766692	2279.78368423
2134	2017-06-27 18:00:00	2399.23551693	2294.82	2317.0	2381.58305954	5056460.1562382	2154.93096825	2346.46038816
2135	2017-06-27 20:00:00	2438.48745705	2380.23000001	2381.24796	2400.00474907	5518417.813399	2292.06079271	2407.62279558
2136	2017-06-27 22:00:00	2515.99999999	2397.59020004	2399.10000005	2510.0	6226695.1758997	2517.50607373	2473.35855149
2137	2017-06-28 00:00:00	2512.0	2404.00000005	2510.0	2420.99999999	4932456.4580213	2002.74376251	2462.84949195
2138	2017-06-28 02:00:00	2482.89	2417.35666044	2420.99999999	2482.88999999	3333772.74244	1359.594774	2452.03409588
2139	2017-06-28 04:00:00	2484.80710929	2390.38105202	2480.85557619	2429.7299198	2801171.6350955	1151.38433095	2432.87281214
2140	2017-06-28 06:00:00	2478.89437957	2415.53963219	2431.54119759	2474.09359893	2504997.320943	1023.48375498	2447.52035267
2141	2017-06-28 08:00:00	2478.89437955	2428.88415274	2474.09359893	2470.0	2624811.0688889	1068.72797017	2456.01419832
2142	2017-06-28 10:00:00	2490.0	2452.0	2470.09842078	2482.07273054	2247522.6932259	909.33754353	2471.6044215
2143	2017-06-28 12:00:00	2517.30391393	2470.06283975	2482.0	2507.0	4382863.7566033	1758.71445108	2492.08377966
2144	2017-06-28 14:00:00	2511.79999999	2440.0	2508.0	2477.0	4791524.789118	1935.28688774	2475.8731222
2145	2017-06-28 16:00:00	2493.62669122	2440.0	2476.99999999	2485.97112553	2732416.8831876	1109.45205446	2462.85260566
2146	2017-06-28 18:00:00	2504.65572391	2464.50146281	2484.10000001	2495.00000024	1851842.495924	745.43839622	2484.23277539
2147	2017-06-28 20:00:00	2560.79000002	2500.0	2502.0	2550.0	4395426.2314896	1735.32119865	2532.91796061
2148	2017-06-28 22:00:00	2556.0000007	2480.0	2550.0	2513.00000002	3078033.1084895	1222.93242403	2516.92820306
2149	2017-06-29 00:00:00	2525.240626	2490.0	2517.99999998	2520.69450162	2139845.4405346	853.14451064	2508.18637856
2150	2017-06-29 02:00:00	2537.48020931	2498.78529443	2520.5810738	2525.99999999	1264991.8768872	502.52519952	2517.27053309
2151	2017-06-29 04:00:00	2537.99999999	2503.5	2523.36242512	2504.86538045	1392579.697831	552.47567842	2520.6172004
2152	2017-06-29 06:00:00	2528.90913337	2502.95500001	2504.86538045	2506.88731412	999688.86010083	397.36427988	2515.7995087
2153	2017-06-29 08:00:00	2523.21108238	2473.00413382	2509.0	2476.0	3275746.1702167	1308.84793293	2502.77063347
2154	2017-06-29 10:00:00	2485.15547777	2398.9622295	2476.0	2471.39913167	8895367.0900364	3637.12922785	2445.71103548
2155	2017-06-29 12:00:00	2475.46814866	2421.0	2471.39913167	2437.20202003	3088148.842986	1263.69350289	2443.74829491
2156	2017-06-29 14:00:00	2495.32695341	2436.0	2437.20202002	2488.9972177	2382013.8570592	964.43346122	2469.8581632
2157	2017-06-29 16:00:00	2539.5783773	2482.85705324	2487.18839999	2528.1517424	3367101.3436527	1338.31092219	2515.93354565
2158	2017-06-29 18:00:00	2530.0	2499.00398407	2528.30247227	2504.0	1675111.6609775	666.31411402	2513.99696589
2159	2017-06-29 20:00:00	2526.37045009	2488.96894644	2504.0	2503.0951649	1570887.4858057	626.31305343	2508.15064
2160	2017-06-29 22:00:00	2508.32353	2456.61471407	2507.08516489	2468.47472319	1687225.2449019	679.89618795	2481.5924472
2161	2017-06-30 00:00:00	2493.11070281	2466.4160497	2466.44776592	2478.33	1110518.2894887	447.52519716	2481.46539353
2162	2017-06-30 02:00:00	2480.99999999	2442.88651501	2478.59651025	2460.78462373	1636495.661487	664.10174949	2464.22428903
2163	2017-06-30 04:00:00	2472.60603211	2448.0	2455.67229913	2460.0	1374556.1963311	558.46258219	2461.3219223
2164	2017-06-30 06:00:00	2474.59682618	2441.94855418	2460.0	2442.99999993	1335332.9271397	543.42129219	2457.27016282
2165	2017-06-30 08:00:00	2478.50000999	2442.10000004	2442.99999	2472.7550352	1577682.6183407	640.68187303	2462.5054723
2166	2017-06-30 10:00:00	2507.99999999	2467.66263062	2472.765	2497.99989998	2358636.2108742	947.402135	2489.58295927
2167	2017-06-30 12:00:00	2497.99989997	2455.11466189	2497.99989997	2468.64803445	1808747.3451476	729.1956846	2480.46907482
2168	2017-06-30 14:00:00	2501.6643256	2460.45888188	2467.513793	2493.89228832	1836254.3282231	739.42096811	2483.3679425
2169	2017-06-30 16:00:00	2508.33654	2484.0	2493.0	2508.0	1158181.2086511	464.05020484	2495.81014418
2170	2017-06-30 18:00:00	2510.0	2466.0	2507.0000001	2485.03799985	1496002.700389	601.1422757	2488.60005503
2171	2017-06-30 20:00:00	2489.88460338	2443.02352824	2484.99999989	2445.16292501	1899541.6239291	771.14639735	2463.26978957
2172	2017-06-30 22:00:00	2466.95295522	2402.11	2445.16292501	2423.6613876	4872966.6979315	2011.98240673	2421.97281727
2173	2017-07-01 00:00:00	2436.0	2372.0	2423.66138761	2378.0	2792562.6602382	1162.40700107	2402.39662843
2174	2017-07-01 02:00:00	2399.868029	2357.60182514	2381.490483	2372.00001002	2835924.7980747	1194.37459952	2374.40146434
2175	2017-07-01 04:00:00	2410.03282104	2365.0	2372.00001002	2396.74599998	1529166.4166793	639.42644698	2391.46570164
2176	2017-07-01 06:00:00	2436.0	2390.74855812	2396.74599994	2432.20700001	1581295.7141005	655.16436556	2413.5862651
2177	2017-07-01 08:00:00	2441.99999996	2390.0	2432.20700001	2437.0	684897.3267842	282.49898762	2424.42400432
2178	2017-07-01 10:00:00	2437.34913399	2405.00000002	2437.0	2423.0	730357.94111234	301.25224558	2424.40662875
2179	2017-07-01 12:00:00	2430.0	2368.378768	2423.0	2368.378768	1484180.7077828	617.91526104	2401.91625188
2180	2017-07-01 14:00:00	2406.13016432	2362.8935797	2369.00000018	2404.04346038	2046937.2039583	859.96006203	2380.27007803
2181	2017-07-01 16:00:00	2404.05353273	2353.51616747	2404.04346038	2377.94571888	1938674.6584605	815.26910885	2377.95672302
2182	2017-07-01 18:00:00	2380.0	2290.0	2375.7675004	2337.55	4709350.8482792	2016.31307868	2335.6248085
2183	2017-07-01 20:00:00	2339.1310792	2284.0	2337.55	2310.39077239	4543426.9465491	1965.26586753	2311.86376439
2184	2017-07-01 22:00:00	2356.0060155	2297.17053295	2312.8933797	2346.54237323	2443433.7976329	1047.70888248	2332.16863815
2185	2017-07-02 00:00:00	2348.38339855	2305.00000014	2346.0	2327.0	2065588.5337153	889.15099646	2323.10208495
2186	2017-07-02 02:00:00	2327.0	2295.4139943	2327.0	2305.47290062	2017653.2166001	874.26808479	2307.81982289
2187	2017-07-02 04:00:00	2349.0	2303.68835847	2305.47290062	2348.45376002	1810220.7813355	779.05619693	2323.60744766
2188	2017-07-02 06:00:00	2350.0	2322.80480001	2349.0	2350.0	1327492.8797751	568.01917989	2337.05643536
2189	2017-07-02 08:00:00	2397.6983	2348.55466751	2350.0	2362.0	2799124.5235416	1176.7866239	2378.6168764
2190	2017-07-02 10:00:00	2384.22317905	2350.33824176	2376.0	2378.0	1458487.6025307	616.32848934	2366.41276163
2191	2017-07-02 12:00:00	2390.24382829	2340.80605732	2378.09730638	2348.0	1660353.4747719	702.70945821	2362.78799918
2192	2017-07-02 14:00:00	2386.0	2341.00000001	2347.64099794	2385.0	2025476.0528465	857.85382353	2361.09695765
2193	2017-07-02 16:00:00	2425.65818196	2380.25861776	2386.0	2412.52353103	2520210.0059105	1048.76917748	2403.01685063
2194	2017-07-02 18:00:00	2437.99999999	2402.70588235	2414.99989997	2424.0	2698189.769623	1114.54771154	2420.88314541
2195	2017-07-02 20:00:00	2460.444	2418.30000001	2424.42458909	2460.44399999	1595240.4625761	654.50332211	2437.32981741
2196	2017-07-02 22:00:00	2465.0	2424.20779373	2460.44399999	2435.14325217	2480160.342495	1013.87001557	2446.23107933
2197	2017-07-03 00:00:00	2453.34504846	2421.0909091	2438.58276941	2445.13985135	1910969.9256207	784.2965092	2436.54013909
2198	2017-07-03 02:00:00	2445.13985127	2419.37918424	2442.64366248	2422.0	1011427.6336549	416.37724857	2429.1135914
2199	2017-07-03 04:00:00	2459.0	2421.31623636	2425.69999999	2444.00000001	1634762.0686786	668.70972682	2444.65124868
2200	2017-07-03 06:00:00	2455.27263113	2417.54545454	2444.0	2428.4360888	2007015.6463113	822.06334003	2441.43674651
2201	2017-07-03 08:00:00	2436.55273146	2421.38697434	2428.43608904	2430.0	1120674.0069453	461.60831024	2427.75960069
2202	2017-07-03 10:00:00	2465.0	2423.0	2430.0	2464.0	1864991.067264	763.20053383	2443.64486736
2203	2017-07-03 12:00:00	2589.0	2461.91886922	2464.0	2559.76888365	8112893.1955119	3208.0307341	2528.93250344
2204	2017-07-03 14:00:00	2591.89899	2530.0	2559.76888365	2563.65622768	4906462.3358524	1920.05489226	2555.37607577
2205	2017-07-03 16:00:00	2563.65622768	2516.26033211	2563.65622768	2530.00000002	2389287.4316005	941.69635838	2537.21638651
2206	2017-07-03 18:00:00	2544.38739997	2510.296206	2533.69999994	2538.99999991	1851459.017196	734.45268632	2520.86901128
2207	2017-07-03 20:00:00	2563.22200017	2524.62662464	2538.99999991	2560.22	1409246.4490525	554.62985166	2540.87738846
2208	2017-07-03 22:00:00	2590.31	2528.0	2561.0	2536.4577091	4145046.6599571	1611.79298674	2571.69915371
2209	2017-07-04 00:00:00	2578.55378104	2530.01475643	2535.69695163	2574.0	1821893.8927192	711.71234892	2559.8739371
2210	2017-07-04 02:00:00	2624.12345003	2572.0	2574.0	2610.0	4630262.1857334	1779.85668855	2601.48034137
2211	2017-07-04 04:00:00	2615.39	2600.0	2610.58	2603.0000001	1420233.8610358	544.86084786	2606.59921999
2212	2017-07-04 06:00:00	2631.31499997	2608.02423635	2614.99999999	2615.0	2379015.8281374	907.40925589	2621.76720448
2213	2017-07-04 08:00:00	2618.7854619	2589.42495722	2615.0	2604.0	3681864.4152358	1414.87739314	2602.24980135
2214	2017-07-04 10:00:00	2610.0	2582.00210006	2604.2187345	2606.99999998	1738893.6330337	669.73281384	2596.39903719
2215	2017-07-04 12:00:00	2612.05160792	2594.88139392	2606.99999998	2608.3920249	1098172.3589385	421.30590562	2606.59142036
2216	2017-07-04 14:00:00	2617.67440564	2550.31421426	2604.42216331	2554.5501	3801965.2232253	1474.61929324	2578.26900858
2217	2017-07-04 16:00:00	2572.96211325	2522.10000004	2554.5501	2559.16787086	3224053.9023559	1267.94786944	2542.73379849
2218	2017-07-04 18:00:00	2564.76986904	2519.96744	2556.0	2519.96744	1565243.6387281	615.53508545	2542.89913885
2219	2017-07-04 20:00:00	2562.7986	2516.0	2519.96744	2550.00000003	1186934.8586626	467.2169026	2540.43646977
2220	2017-07-04 22:00:00	2595.65462186	2550.00000001	2551.90325768	2580.0	1636038.3069781	634.96332411	2576.58709543
2221	2017-07-05 00:00:00	2582.57410686	2532.0	2579.9544137	2542.0	1901937.0974263	744.82833331	2553.52409725
2222	2017-07-05 02:00:00	2545.49999999	2528.07662992	2540.89092444	2539.07765943	730075.04297437	287.95372623	2535.39015637
2223	2017-07-05 04:00:00	2543.448	2517.29053646	2540.0	2530.07220257	998795.13618269	395.04276571	2528.32154611
2224	2017-07-05 06:00:00	2538.18666626	2480.61	2528.05848648	2495.0	2362792.1131245	945.42029285	2499.19758544
2225	2017-07-05 08:00:00	2523.50794447	2493.63	2495.0	2515.49999999	1084356.3525828	432.02254734	2509.95314772
2226	2017-07-05 10:00:00	2522.0	2493.611	2515.5	2516.17671775	1290754.8415869	514.44102834	2509.0433509
2227	2017-07-05 12:00:00	2550.96	2492.001	2516.17671775	2550.87999996	2427665.7351549	960.89716885	2526.45737114
2228	2017-07-05 14:00:00	2556.85	2532.58606085	2550.87999996	2555.0	1627424.0713588	639.98893158	2542.89408934
2229	2017-07-05 16:00:00	2569.0921426	2547.30434782	2555.0	2568.0	1307478.2306552	511.34556434	2556.93668203
2230	2017-07-05 18:00:00	2603.9385512	2563.58668375	2568.00000001	2602.49999996	2051692.7090751	794.04630997	2583.84515275
2231	2017-07-05 20:00:00	2608.9385512	2580.0	2602.4	2589.76280504	1825312.4638076	703.37205782	2595.0881095
2232	2017-07-05 22:00:00	2619.90012345	2585.86167981	2589.66063772	2599.00010597	1767577.3644591	678.87694798	2603.67857491
2233	2017-07-06 00:00:00	2604.87873116	2573.45617531	2599.00014572	2582.25700163	1344141.3823454	518.7935238	2590.89853801
2234	2017-07-06 02:00:00	2600.15600628	2571.07760879	2584.1057648	2600.09	883846.31116203	342.16296655	2583.11505793
2235	2017-07-06 04:00:00	2605.44380335	2561.96644127	2600.1560063	2572.66442247	920900.11827355	356.60337711	2582.42119224
2236	2017-07-06 06:00:00	2591.81081187	2568.15077254	2572.29835999	2585.70736964	1246831.4979322	483.13468906	2580.71201709
2237	2017-07-06 08:00:00	2599.79999991	2551.0	2584.99	2567.67203196	1926898.8256648	747.62776954	2577.35052678
2238	2017-07-06 10:00:00	2575.863971	2546.38790528	2567.67203213	2565.25645401	1227447.6647611	479.1546814	2561.69398402
2239	2017-07-06 12:00:00	2579.98999985	2557.25789939	2565.25645401	2571.23464222	1064146.7324511	414.24909655	2568.85709905
2240	2017-07-06 14:00:00	2581.90316694	2563.0	2577.39583925	2573.0	1623842.0199347	631.50785494	2571.37263967
2241	2017-07-06 16:00:00	2590.65	2568.2	2573.0	2588.65715524	868322.96603455	336.59069298	2579.7592867
2242	2017-07-06 18:00:00	2590.25656509	2570.0	2588.65715524	2577.45457262	770238.26296173	298.53657214	2580.04658337
2243	2017-07-06 20:00:00	2591.5199	2574.25755148	2575.81268216	2584.21911291	706732.52957575	273.51812027	2583.85999756
2244	2017-07-06 22:00:00	2602.93242467	2583.0	2585.2907129	2589.9457086	1402091.9142273	540.90870192	2592.10456265
2245	2017-07-07 00:00:00	2599.81347213	2575.71144861	2587.05608579	2577.86176002	809097.5984295	312.34618315	2590.38733968
2246	2017-07-07 02:00:00	2583.14444202	2551.55078406	2579.99999989	2562.73731961	2270375.0218737	885.13739522	2564.99729209
2247	2017-07-07 04:00:00	2575.11060047	2553.63288299	2562.73731961	2572.88878989	771794.8518233	300.92570758	2564.73552236
2248	2017-07-07 06:00:00	2590.35	2509.94322816	2575.11060047	2520.73278697	5012352.1142326	1968.5832285	2546.17231401
2249	2017-07-07 08:00:00	2526.43977276	2490.0	2522.52043443	2520.22026269	2504075.1224807	997.35647646	2510.71224941
2250	2017-07-07 10:00:00	2531.41328583	2480.0	2520.22026269	2484.0	2082324.3790988	830.70643884	2506.69103035
2251	2017-07-07 12:00:00	2502.85821333	2423.0	2484.0	2482.22176567	5026325.4144687	2032.8331092	2472.57160055
2252	2017-07-07 14:00:00	2503.33940759	2459.40134451	2482.22176568	2499.99909999	3008965.0503028	1210.33195592	2486.06593884
2253	2017-07-07 16:00:00	2512.66852533	2478.27653601	2499.0	2509.46225475	2289744.5849372	916.26414765	2499.00052382
2254	2017-07-07 18:00:00	2511.1111479	2484.27440401	2509.46225477	2503.72566103	1277661.5335177	511.17318641	2499.46900088
2255	2017-07-07 20:00:00	2503.72566102	2469.75986127	2500.03433881	2471.99104572	1503509.0769186	604.85249292	2485.74502794
2256	2017-07-07 22:00:00	2478.31	2433.9	2471.99104572	2477.0	3771649.0616601	1535.57186263	2456.18531665
2257	2017-07-08 00:00:00	2476.99999997	2437.58962332	2476.99999997	2448.0	2280586.3432091	930.12751293	2451.90719713
2258	2017-07-08 02:00:00	2473.51667721	2420.0	2447.10000001	2464.96099996	3850652.9800799	1573.69030998	2446.89374755
2259	2017-07-08 04:00:00	2493.53675849	2456.45033922	2464.96099996	2461.10618371	1516703.473852	612.98119695	2474.30668574
2260	2017-07-08 06:00:00	2468.6039099	2431.47373599	2461.10618371	2448.48000005	1811948.6545906	739.52141162	2450.16388453
2261	2017-07-08 08:00:00	2471.99	2443.6	2448.48000005	2465.44594499	1525787.043105	620.80835586	2457.74243967
2262	2017-07-08 10:00:00	2480.18677805	2455.01405734	2470.55291387	2458.07360185	1098658.948938	444.12950105	2473.73558014
2263	2017-07-08 12:00:00	2503.50347942	2456.0	2458.07360185	2496.00556215	1992638.9463103	800.9036059	2487.98848154
2264	2017-07-08 14:00:00	2525.0	2491.06274134	2494.4495239	2509.05879527	2187567.216814	870.57979465	2512.77048957
2265	2017-07-08 16:00:00	2525.260164	2480.63024259	2510.0	2493.61696514	2181486.9786213	871.65391753	2502.69853063
2266	2017-07-08 18:00:00	2539.761	2491.58	2491.62446255	2536.6	1550203.943938	614.58447792	2522.36104169
2267	2017-07-08 20:00:00	2540.01072016	2524.31310554	2534.89999999	2530.70915306	1012517.0212314	399.7082692	2533.1400405
2268	2017-07-08 22:00:00	2549.27253246	2530.69691034	2533.0	2549.27253246	1051063.2266148	413.3652021	2542.6988563
2269	2017-07-09 00:00:00	2559.0	2536.15026867	2549.27253246	2544.67889344	1624708.4511472	637.80779938	2547.33236678
2270	2017-07-09 02:00:00	2557.0507669	2530.0	2544.0	2539.66225815	1199702.3596938	471.58817878	2543.96190082
2271	2017-07-09 04:00:00	2545.9	2520.59956085	2539.68369205	2526.87759894	1200829.0567676	473.98005068	2533.50126243
2272	2017-07-09 06:00:00	2526.87759894	2503.06236779	2526.87759894	2515.02483791	982980.69714018	390.83762135	2515.06160984
2273	2017-07-09 08:00:00	2517.89482571	2491.00010001	2516.2571622	2505.59611902	1378693.2475532	551.23021417	2501.12060644
2274	2017-07-09 10:00:00	2518.45454542	2500.0	2505.59611903	2510.00000001	855859.1749544	340.87256421	2510.789265
2275	2017-07-09 12:00:00	2517.16087158	2492.1	2510.0	2509.5084	1075181.9608241	429.75810436	2501.83056448
2276	2017-07-09 14:00:00	2535.71139965	2504.7001	2509.5084	2530.83047215	1209306.253164	479.75416604	2520.67900346
2277	2017-07-09 16:00:00	2533.48434112	2519.4	2530.83047215	2527.56658494	1246209.1425865	493.27893979	2526.37816468
2278	2017-07-09 18:00:00	2531.65698364	2505.11317507	2526.15111102	2517.53193684	1177262.54471	467.09816524	2520.3750139
2279	2017-07-09 20:00:00	2521.70318961	2499.625237	2515.45540318	2507.63149322	1107376.305203	441.03922147	2510.83407392
2280	2017-07-09 22:00:00	2513.15356482	2470.0	2510.0000001	2473.1147386	1436197.5740672	577.11385382	2488.58620281
2281	2017-07-10 00:00:00	2489.65709304	2455.59642	2474.88862999	2481.1976658	2073208.5116492	838.8355086	2471.53165357
2282	2017-07-10 02:00:00	2491.18262395	2468.0	2481.19866586	2468.0	971538.77781424	391.81540616	2479.58289168
2283	2017-07-10 04:00:00	2476.00000001	2459.03520769	2468.0	2476.00000001	1196854.7461631	485.08530132	2467.30779701
2284	2017-07-10 06:00:00	2499.59999999	2467.02577701	2475.05665401	2498.9878494	1671951.9058765	673.2239509	2483.50033245
2285	2017-07-10 08:00:00	2498.98784899	2484.711	2495.78799721	2492.58655524	1348014.2658009	540.56176378	2493.72848048
2286	2017-07-10 10:00:00	2493.1582514	2437.75271737	2488.62988246	2444.41741001	2229065.8391473	905.44076015	2461.85718299
2287	2017-07-10 12:00:00	2456.6	2380.43629523	2441.00010001	2407.99999997	6391282.549787	2635.69789545	2424.89192741
2288	2017-07-10 14:00:00	2420.0	2300.0	2404.0	2343.26773522	8904623.6268778	3767.68005979	2363.42350878
2289	2017-07-10 16:00:00	2409.0	2343.26773522	2348.99999997	2388.6268105	4355673.0615851	1826.5994881	2384.58024868
2290	2017-07-10 18:00:00	2395.63534784	2355.00010001	2388.6268105	2382.66	2513359.9425188	1058.26710472	2374.97691396
2291	2017-07-10 20:00:00	2384.98432194	2290.00000104	2382.66000001	2293.0	4823415.6169968	2069.3085601	2330.9310704
2292	2017-07-10 22:00:00	2339.0	2244.0	2291.6	2316.0	9392931.229893	4094.64160353	2293.95686836
2293	2017-07-11 00:00:00	2359.0	2305.30833841	2316.0	2327.87388166	4158117.1248018	1780.82683734	2334.93624288
2294	2017-07-11 02:00:00	2330.55000001	2250.00000005	2327.87388166	2252.77605342	5248304.7908081	2299.57765005	2282.29074616
2295	2017-07-11 04:00:00	2298.93443576	2239.0	2261.97368776	2244.69911336	5487610.4842615	2420.89908509	2266.76548314
2296	2017-07-11 06:00:00	2308.0	2183.00000001	2244.01000001	2306.90893393	8624049.0435979	3866.10228638	2230.68310271
2297	2017-07-11 08:00:00	2323.49999999	2244.95874267	2305.43855671	2318.0	5959991.33313	2616.12561116	2278.17475877
2298	2017-07-11 10:00:00	2321.0	2268.6796469	2318.0	2316.052573	3910670.7329935	1700.51026267	2299.7042822
2299	2017-07-11 12:00:00	2375.425162	2286.6	2313.98000001	2331.73099995	7994476.0659853	3417.08751436	2339.55847849
2300	2017-07-11 14:00:00	2338.33128601	2301.0	2331.73099995	2310.0	3688459.7537621	1590.18285836	2319.51925174
2301	2017-07-11 16:00:00	2345.0	2310.00999999	2310.19062942	2327.93700502	2300673.6053599	986.62473857	2331.86288101
2302	2017-07-11 18:00:00	2326.98240092	2251.0	2326.98240092	2278.1011553	4183986.7396494	1827.11760327	2289.93838829
2303	2017-07-11 20:00:00	2328.0	2268.19817529	2279.99999999	2305.4692461	3374611.6776582	1467.97350896	2298.82328057
2304	2017-07-11 22:00:00	2330.92107039	2280.37451175	2305.46924609	2283.99552336	2488172.5833487	1078.57226596	2306.91318688
2305	2017-07-12 00:00:00	2294.21874316	2199.401721	2283.99552336	2219.11598357	5635041.7693736	2520.81346079	2235.40609292
2306	2017-07-12 02:00:00	2263.0	2195.00000004	2220.36237575	2234.99999995	2747235.456876	1229.55623015	2234.33088256
2307	2017-07-12 04:00:00	2298.64975347	2230.0	2237.0115	2281.0284738	3076546.6977919	1352.32507765	2275.00528433
2308	2017-07-12 06:00:00	2300.0	2270.00000001	2280.0	2282.99552532	2369932.063598	1037.67737168	2283.88141466
2309	2017-07-12 08:00:00	2320.0	2270.123	2282.10000001	2310.78839994	3348356.7637502	1456.71992	2298.55905571
2310	2017-07-12 10:00:00	2339.00000001	2281.50881642	2310.78839994	2330.50685473	2181238.6883364	944.99499749	2308.20130702
2311	2017-07-12 12:00:00	2350.0	2300.0	2327.90488499	2308.078	2563385.5866247	1104.53780966	2320.77667618
2312	2017-07-12 14:00:00	2369.98	2306.766	2306.766	2347.76942182	3323062.6312109	1418.70572407	2342.31988694
2313	2017-07-12 16:00:00	2398.445	2347.7694218	2351.46461729	2389.10000003	5350191.3695905	2249.60922499	2378.27588461
2314	2017-07-12 18:00:00	2398.43324232	2360.83652508	2389.10000012	2364.47971412	3291908.7645777	1381.91121589	2382.14201225
2315	2017-07-12 20:00:00	2390.89999997	2326.9472415	2377.99999999	2352.86749997	3544005.8846401	1503.64110418	2356.9493244
2316	2017-07-12 22:00:00	2375.92499999	2345.21	2352.86749997	2375.92499996	2681482.9526428	1135.36355193	2361.78354332
2317	2017-07-13 00:00:00	2390.0	2359.50121888	2376.0	2374.99999999	2333692.2148712	983.45999856	2372.94065675
2318	2017-07-13 02:00:00	2400.0	2371.675	2372.51533979	2390.38886153	2150960.8029906	899.99794584	2389.96190261
2319	2017-07-13 04:00:00	2400.0	2335.89999999	2390.38886153	2359.5975527	4784100.8355548	2022.59054027	2365.33333875
2320	2017-07-13 06:00:00	2362.0	2320.011	2359.99999999	2320.1311	2950089.1157275	1260.94078133	2339.59370607
2321	2017-07-13 08:00:00	2350.0	2320.13110001	2320.13111029	2328.51110009	2376932.8937716	1016.58260962	2338.16009764
2322	2017-07-13 10:00:00	2357.61295262	2311.75298804	2328.51110012	2357.5999999	1709515.6466287	732.22783527	2334.67721969
2323	2017-07-13 12:00:00	2371.77224363	2325.11000001	2357.59999989	2341.00000004	2412497.9289964	1026.41911686	2350.402374
2324	2017-07-13 14:00:00	2349.99999997	2284.01	2341.00000005	2299.99999999	4073171.2591385	1758.4974025	2316.279372
2325	2017-07-13 16:00:00	2323.187	2288.11	2299.99999999	2291.00000011	3493954.3169245	1515.86678885	2304.92174023
2326	2017-07-13 18:00:00	2328.26787638	2287.11100001	2292.0	2320.75200011	3241574.9256028	1401.58016478	2312.80022867
2327	2017-07-13 20:00:00	2360.0	2310.4439666	2320.75200011	2324.18729085	1950671.1704947	837.64514563	2328.75601401
2328	2017-07-13 22:00:00	2345.09420438	2322.0	2322.23220001	2327.26714203	1398373.9667837	599.01432863	2334.45829247
2329	2017-07-14 00:00:00	2350.0	2274.36587827	2327.3	2282.0	2763390.7283731	1195.42163851	2311.64522989
2330	2017-07-14 02:00:00	2298.13562991	2271.08729085	2282.0	2292.99999861	1227467.1662435	536.89809358	2286.22001255
2331	2017-07-14 04:00:00	2306.73726765	2285.90000016	2288.35052026	2306.23000001	1034067.6610995	449.58477823	2300.0504269
2332	2017-07-14 06:00:00	2346.68	2298.63227204	2306.31	2332.41004708	1432084.8232458	616.26433873	2323.81582584
2333	2017-07-14 08:00:00	2335.51999974	2316.60519643	2332.41004709	2324.05	1059744.0412142	456.27736548	2322.58735889
2334	2017-07-14 10:00:00	2331.32620041	2304.0	2324.0494012	2304.0	801003.26994378	345.4910954	2318.44837857
2335	2017-07-14 12:00:00	2305.78999996	2251.1	2304.0	2255.34221001	4447941.8619497	1957.96542805	2271.71624086
2336	2017-07-14 14:00:00	2267.89113706	2228.51571429	2255.22222268	2236.01110001	3553552.1853581	1582.19857975	2245.95839665
2337	2017-07-14 16:00:00	2257.80861881	2159.66300759	2236.01110001	2191.00000011	7567348.8621659	3455.87782715	2189.70381496
2338	2017-07-14 18:00:00	2218.13312026	2173.0	2192.69605506	2188.0	2870608.1316868	1307.20966944	2195.98140894
2339	2017-07-14 20:00:00	2189.6355793	2133.99999997	2188.0	2175.55517869	3779651.7823606	1748.26600617	2161.94318771
2340	2017-07-14 22:00:00	2221.98814534	2156.00000003	2175.41823775	2205.90730017	2756665.3365637	1253.90442898	2198.46526804
2341	2017-07-15 00:00:00	2213.87290324	2161.00000001	2205.90730018	2165.02000007	2082069.552253	953.62080989	2183.33066
2342	2017-07-15 02:00:00	2168.38944755	2057.32	2168.2999999	2073.11999999	5485101.5601247	2605.36702732	2105.30858132
2343	2017-07-15 04:00:00	2135.00000014	2054.11000001	2073.11999999	2077.88688195	6687662.6397662	3179.984705	2103.04868109
2344	2017-07-15 06:00:00	2110.85579951	2000.0	2079.00000045	2039.0	6923316.6148801	3387.50786391	2043.77875801
2345	2017-07-15 08:00:00	2077.39	2019.06934001	2039.00000001	2058.11460023	5463276.5538306	2665.56271251	2049.57719741
2346	2017-07-15 10:00:00	2084.0	2038.94703858	2058.11460023	2048.94703814	3710597.7538006	1802.57413344	2058.49938982
2347	2017-07-15 12:00:00	2055.00000024	2001.0	2045.3704067	2011.080001	6400590.1982769	3160.48635356	2025.19153138
2348	2017-07-15 14:00:00	2042.83971315	1972.00001	2011.080001	2024.5	7974969.223355	3981.65748001	2002.92698791
2349	2017-07-15 16:00:00	2119.0	2022.0	2024.3	2083.00000027	5627944.2454994	2712.43104143	2074.87090345
2350	2017-07-15 18:00:00	2103.0	2062.0	2084.8	2086.50000001	2094756.6945552	1003.41756182	2087.62211691
2351	2017-07-15 20:00:00	2093.99999877	2001.1	2088.01430228	2029.3	3573240.5943265	1756.95135936	2033.77320339
2352	2017-07-15 22:00:00	2055.99999999	1975.0	2029.11100011	1977.5	3251726.831192	1613.51139809	2015.31072853
2353	2017-07-16 00:00:00	2020.0	1957.0	1977.5	1992.22301612	5285349.8340584	2662.15734356	1985.36342971
2354	2017-07-16 02:00:00	2054.0	1989.43390389	1989.43390391	2024.00000039	4188514.584592	2060.49978998	2032.76632444
2355	2017-07-16 04:00:00	2040.69730066	2003.25533998	2026.99999955	2008.99999993	2357696.0296484	1166.37695815	2021.38426447
2356	2017-07-16 06:00:00	2014.49	1968.71005001	2004.0100005	1984.1111308	2580979.592636	1297.76136745	1988.7936699
2357	2017-07-16 08:00:00	2005.0	1929.13701258	1985.00000002	1929.9923211	4246913.1887405	2164.78093838	1961.82122331
2358	2017-07-16 10:00:00	1948.9999999	1875.0	1929.9923211	1888.395	7347575.5820419	3849.66609744	1908.6267214
2359	2017-07-16 12:00:00	1938.79999	1835.00027699	1888.0	1913.88552753	13495781.472367	7175.58009022	1880.79309305
2360	2017-07-16 14:00:00	1930.89551106	1853.36874501	1909.99999994	1902.0	6106979.8988421	3218.29904197	1897.58000086
2361	2017-07-16 16:00:00	1965.21391673	1898.0	1902.59970018	1929.0	6082937.5842701	3145.748455	1933.70120697
2362	2017-07-16 18:00:00	1931.94097866	1861.58447686	1927.00100007	1866.01000004	4413687.9770595	2329.14089802	1894.98539174
2363	2017-07-16 20:00:00	1914.25000012	1850.0	1866.01000005	1890.0	4414830.9017249	2348.17921679	1880.10815791
2364	2017-07-16 22:00:00	1970.0	1877.32302718	1890.00000001	1925.89999989	5882268.6252774	3046.70806963	1930.69650614
2365	2017-07-17 00:00:00	1994.91799888	1922.19330015	1922.19330015	1992.32127205	3798273.6662438	1931.2372063	1966.75667486
2366	2017-07-17 02:00:00	1996.5599996	1952.554682	1992.32127206	1972.62112351	3344559.4521795	1693.48763685	1974.95356883
2367	2017-07-17 04:00:00	2002.00225027	1972.62112351	1972.62112351	2000.100012	2309560.0899094	1160.88890096	1989.47555446
2368	2017-07-17 06:00:00	2087.99186371	1996.00000018	2000.10001199	2055.0	6846591.8032934	3346.99960098	2045.59086331
2369	2017-07-17 08:00:00	2088.0	2019.0	2054.99999999	2050.0	4463519.0818683	2174.09750734	2053.04456989
2370	2017-07-17 10:00:00	2050.83	1981.38976	2050.83	1989.82185433	3847893.2119751	1899.84652875	2025.37055164
2371	2017-07-17 12:00:00	2031.88889841	1968.0	1988.9	2015.0	4926211.6381466	2462.07190931	2000.83986967
2372	2017-07-17 14:00:00	2085.0	2015.028	2015.028	2046.59796848	6024244.2659661	2928.06523082	2057.41463767
2373	2017-07-17 16:00:00	2149.0	2043.82904526	2047.863	2130.999999	6328186.3725041	3007.60186011	2104.06385779
2374	2017-07-17 18:00:00	2149.95	2102.50810204	2128.00000002	2124.0443703	4786386.1434677	2249.08678007	2128.146493
2375	2017-07-17 20:00:00	2185.10479927	2121.0	2126.99183043	2150.99999989	7112851.5671957	3284.20788338	2165.77385469
2376	2017-07-17 22:00:00	2224.84499999	2151.00000004	2152.0	2223.40308238	5640944.4901099	2570.16385659	2194.78010152
2377	2017-07-18 00:00:00	2230.5	2117.27096332	2223.40308238	2178.0	6300011.1045758	2901.66072784	2171.17426724
2378	2017-07-18 02:00:00	2194.04921009	2138.24000005	2178.0	2154.99999978	2988455.6643947	1377.64151063	2169.25494864
2379	2017-07-18 04:00:00	2236.39086	2139.00120001	2149.96102794	2236.39086	3796980.494635	1735.63563682	2187.65990631
2380	2017-07-18 06:00:00	2287.60802	2220.22250001	2234.0	2252.77810643	5770515.106777	2561.7411287	2252.57542306
2381	2017-07-18 08:00:00	2278.34421395	2204.04073317	2253.0	2241.38395397	4461719.0803689	1994.83624715	2236.63425343
2382	2017-07-18 10:00:00	2300.45219042	2208.0	2241.38395396	2280.99999999	4881858.3156409	2158.43418684	2261.75917033
2383	2017-07-18 12:00:00	2315.0	2265.00000001	2280.99999999	2312.03232001	5515439.6901929	2401.3433782	2296.81424999
2384	2017-07-18 14:00:00	2349.79999998	2304.4349545	2312.03232001	2347.82999998	8704420.2572054	3737.44537373	2328.9759145
2385	2017-07-18 16:00:00	2349.79999998	2248.0972743	2345.50000006	2320.43965948	8438023.9287043	3680.8661968	2292.40170045
2386	2017-07-18 18:00:00	2363.89780009	2314.00002085	2316.00002004	2356.696	5839345.4875983	2492.87234707	2342.41656796
2387	2017-07-18 20:00:00	2390.0	2280.0	2356.69600001	2328.00000001	11404959.404946	4859.61785212	2346.88400446
2388	2017-07-18 22:00:00	2343.87708681	2261.5	2330.52793395	2299.99999958	6085637.2461956	2650.04711894	2296.42605322
2389	2017-07-19 00:00:00	2299.99999951	2237.0	2299.99999951	2269.6541478	4174912.338792	1847.11148559	2260.23841623
2390	2017-07-19 02:00:00	2349.98998999	2241.0	2269.6541478	2334.0001	4401590.8587351	1913.47890838	2300.30800938
2391	2017-07-19 04:00:00	2350.0	2301.13748951	2334.0001	2345.11026258	2986232.8842511	1282.09418676	2329.18370201
2392	2017-07-19 06:00:00	2409.90497	2344.92747205	2349.75216545	2382.99999999	5967213.2176019	2510.8016347	2376.61674866
2393	2017-07-19 08:00:00	2399.7	2337.86827066	2382.41345054	2357.00000003	3664638.6234889	1547.3402744	2368.34695258
2394	2017-07-19 10:00:00	2384.9	2325.0	2357.00000003	2337.0	3200449.4156365	1358.47918468	2355.90611304
2395	2017-07-19 12:00:00	2337.0	2280.755993	2337.0	2280.755993	5109661.8954573	2215.04072066	2306.80269116
2396	2017-07-19 14:00:00	2359.70561229	2280.0	2280.755993	2307.00000004	5021537.7679151	2166.02763765	2318.31657206
2397	2017-07-19 16:00:00	2312.08526963	2266.0993	2310.0	2285.00000048	3043388.9301573	1328.53987716	2290.77725289
2398	2017-07-19 18:00:00	2288.00000015	2214.00000001	2282.31070635	2217.0	6361129.789938	2824.254891	2252.3214212
2399	2017-07-19 20:00:00	2283.99999999	2210.0	2217.0	2250.76411118	6379050.6798285	2844.96161263	2242.22732971
2400	2017-07-19 22:00:00	2269.99999997	2226.01671103	2250.76411118	2249.99999972	2855502.7749614	1270.36848032	2247.7752079
2401	2017-07-20 00:00:00	2315.0	2246.91570781	2249.99999972	2310.25541266	3088560.1145048	1353.26062137	2282.30990079
2402	2017-07-20 02:00:00	2340.0	2289.47350623	2310.25541266	2323.21214481	4085977.6120669	1757.10262392	2325.40635728
2403	2017-07-20 04:00:00	2349.99999999	2313.98790001	2323.21214481	2344.43417832	2681335.7144695	1150.4992283	2330.58453974
2404	2017-07-20 06:00:00	2347.09772158	2287.24464166	2344.43417832	2317.13808315	2212735.766354	954.36999707	2318.53031124
2405	2017-07-20 08:00:00	2332.00000031	2302.64496884	2316.0	2322.0	1776125.2062032	766.22705008	2318.01423092
2406	2017-07-20 10:00:00	2485.62999999	2319.35816493	2322.53988771	2467.99999995	8477254.5094945	3526.20269519	2404.07464978
2407	2017-07-20 12:00:00	2630.78515991	2450.00000001	2465.00000001	2610.01	18301144.440601	7212.51238804	2537.41601483
2408	2017-07-20 14:00:00	2672.0	2557.4	2610.00000001	2625.0	16992592.022065	6490.55979797	2618.04721795
2409	2017-07-20 16:00:00	2682.40891813	2580.52179432	2625.0	2600.0	12030157.44523	4574.08938259	2630.06610474
2410	2017-07-20 18:00:00	2675.0	2550.0	2600.0	2648.09427856	8090617.2090274	3085.16603807	2622.42521445
2411	2017-07-20 20:00:00	2770.0	2643.00103	2644.00100012	2735.12000008	14289497.767102	5253.79712248	2719.84194173
2412	2017-07-20 22:00:00	2925.99999999	2732.0	2732.0	2855.0	23970551.207878	8534.30947263	2808.72767559
2413	2017-07-21 00:00:00	2864.00000006	2674.64610203	2850.95	2815.0	15251318.742619	5508.80525471	2768.53474345
2414	2017-07-21 02:00:00	2815.0	2649.89999998	2814.99999999	2725.0	8006012.5301862	2954.08660784	2710.14820924
2415	2017-07-21 04:00:00	2818.65997	2678.0	2725.0	2806.27544497	6724336.1969171	2437.85140442	2758.30437602
2416	2017-07-21 06:00:00	2820.00000001	2732.64734777	2814.66719998	2767.74000001	6687094.5257207	2407.00073903	2778.18548922
2417	2017-07-21 08:00:00	2770.0998999	2696.003	2768.0	2742.999999	4633898.8109576	1694.43700185	2734.77196608
2418	2017-07-21 10:00:00	2767.68967415	2665.18915001	2739.5	2765.0	6220650.8009042	2295.61856999	2709.79285593
2419	2017-07-21 12:00:00	2805.8858002	2742.72893817	2767.68967413	2757.39999996	5246224.5380264	1891.06873688	2774.21144758
2420	2017-07-21 14:00:00	2779.7	2710.3	2754.00010001	2722.02000005	3830864.287278	1395.62918871	2744.90123756
2421	2017-07-21 16:00:00	2755.0	2678.8889	2722.02000005	2682.37145557	4826093.3618331	1779.25433729	2712.42467177
2422	2017-07-21 18:00:00	2720.41119083	2610.11859983	2682.37145557	2616.10000057	6853923.8967787	2579.33804217	2657.24142579
2423	2017-07-21 20:00:00	2663.90649303	2600.5	2616.10000057	2640.00000025	3716173.8671162	1410.76804504	2634.14944801
2424	2017-07-21 22:00:00	2696.0	2623.59467341	2640.67901428	2666.69902964	2811095.1011547	1052.79678654	2670.121278
2425	2017-07-22 00:00:00	2719.99999999	2646.5026124	2669.65585919	2712.49999953	2539399.7107666	944.70210096	2688.0428319
2426	2017-07-22 02:00:00	2749.99999999	2693.57000001	2712.49999952	2717.5	3008141.0580477	1103.69003974	2725.53067413
2427	2017-07-22 04:00:00	2764.99999997	2700.19564774	2716.61163407	2755.37609939	2801197.8978849	1022.88723158	2738.52073953
2428	2017-07-22 06:00:00	2796.0	2748.50000005	2755.37609939	2790.0	3145924.9469333	1136.41978346	2768.27717426
2429	2017-07-22 08:00:00	2850.0	2789.3672448	2789.77176932	2840.90000007	9609245.755615	3407.39979794	2820.11103053
2430	2017-07-22 10:00:00	2909.51102727	2834.15275599	2842.0	2847.99999998	8893057.3547027	3096.53007307	2871.94283435
2431	2017-07-22 12:00:00	2853.26170483	2760.00000001	2846.77425411	2778.00000001	7083216.3853384	2517.88227383	2813.16424479
2432	2017-07-22 14:00:00	2819.12326912	2774.61145255	2778.00000001	2804.99999996	4468558.9945266	1598.65627484	2795.19685679
2433	2017-07-22 16:00:00	2859.0	2800.10740003	2804.99999996	2852.99999999	6109754.3617115	2154.94607241	2835.22378584
2434	2017-07-22 18:00:00	2852.0	2790.53239087	2852.0	2829.99999997	3267712.7650715	1158.37355288	2820.94904268
2435	2017-07-22 20:00:00	2850.0	2801.0	2829.60900199	2848.0	3572966.0575596	1262.70303745	2829.61706085
2436	2017-07-22 22:00:00	2856.0	2828.0	2848.0	2847.0	3752039.8828627	1320.36707826	2841.66421947
2437	2017-07-23 00:00:00	2880.1512172	2847.0	2847.00000004	2856.15286724	3751533.5906558	1309.22077361	2865.4705656
2438	2017-07-23 02:00:00	2859.99999939	2812.0	2859.27896554	2833.00000001	3011222.7740571	1064.53614226	2828.67124423
2439	2017-07-23 04:00:00	2836.12391479	2740.0	2836.12391479	2788.00000007	7814654.5638949	2799.6279138	2791.31899113
2440	2017-07-23 06:00:00	2807.87967403	2712.99999993	2792.11555852	2713.0001	3379443.2604585	1224.26502294	2760.38537174
2441	2017-07-23 08:00:00	2773.99999952	2711.66	2713.0001	2740.00000007	3308754.6449503	1206.31513626	2742.86092041
2442	2017-07-23 10:00:00	2747.33722254	2655.0	2747.33722254	2695.99999999	6127237.4084175	2276.34431897	2691.70061723
2443	2017-07-23 12:00:00	2766.96228343	2671.10000002	2695.99999999	2752.00000001	4927020.632112	1808.73170811	2724.01960446
2444	2017-07-23 14:00:00	2820.0	2734.0	2754.83456	2784.99999999	4016372.9003456	1441.3206175	2786.59227626
2445	2017-07-23 16:00:00	2810.0	2750.0	2783.19933153	2776.27160526	2844970.9373771	1022.5526434	2782.22442212
2446	2017-07-23 18:00:00	2806.0	2769.00000004	2780.0	2781.0	1518096.0813366	544.51646	2787.97096663
2447	2017-07-23 20:00:00	2800.0	2758.38362857	2781.0	2778.33673509	1759286.0049159	632.61586781	2780.9704031
2448	2017-07-23 22:00:00	2779.38002003	2713.87293658	2778.33673509	2751.43083445	3027866.7947685	1103.23637655	2744.5313254
2449	2017-07-24 00:00:00	2780.85376291	2727.99999999	2751.43083446	2770.78999999	1707634.7009431	617.93700636	2763.44462844
2450	2017-07-24 02:00:00	2789.5	2754.0	2770.0	2766.10334	1570957.5726859	566.28026367	2774.1697415
2451	2017-07-24 04:00:00	2769.13975753	2707.82670881	2766.10334001	2715.00000007	3878603.5241193	1417.02538366	2737.14470385
2452	2017-07-24 06:00:00	2758.49	2705.01	2715.0	2740.0	2799416.8943476	1025.5696953	2729.62130918
2453	2017-07-24 08:00:00	2767.5	2717.99999999	2739.99999998	2754.99998999	2222122.5420393	808.85258293	2747.25282323
2454	2017-07-24 10:00:00	2767.5	2747.334	2754.99999	2762.9898	1558621.4468229	564.64321078	2760.36515992
2455	2017-07-24 12:00:00	2815.51744787	2756.10000105	2762.9898	2785.0	5673646.2210355	2039.12501743	2782.39253235
2456	2017-07-24 14:00:00	2810.9315939	2765.0	2785.0	2770.0	3556646.5727772	1275.6825663	2788.03416048
2457	2017-07-24 16:00:00	2792.97027124	2720.0	2769.79808873	2740.37966506	3426222.942949	1242.76781342	2756.92925577
2458	2017-07-24 18:00:00	2780.0	2735.0	2740.37966506	2777.00000001	2497769.0096693	907.47424624	2752.44065605
2459	2017-07-24 20:00:00	2779.99999999	2752.06823698	2777.00000001	2761.48631382	1479898.2022006	535.2963078	2764.63368163
2460	2017-07-24 22:00:00	2783.0	2752.25324885	2761.21016517	2769.36363636	2615492.3847167	943.09776547	2773.29931262
2461	2017-07-25 00:00:00	2790.0	2752.25324888	2769.36363637	2765.78367887	2485165.8170353	896.11157275	2773.27722641
2462	2017-07-25 02:00:00	2772.85	2754.0	2759.90909091	2759.19395836	1827502.1741249	661.97071779	2760.69941617
2463	2017-07-25 04:00:00	2782.0	2756.0	2756.12274297	2780.0	932399.02022037	336.54891508	2770.47103241
2464	2017-07-25 06:00:00	2800.0	2625.63	2778.92060345	2654.41399982	16522563.691593	6137.11248151	2692.23739036
2465	2017-07-25 08:00:00	2705.0	2641.10000002	2654.41399982	2648.02315001	8236715.4141107	3082.9542189	2671.69566243
2466	2017-07-25 10:00:00	2674.898	2528.0	2650.0	2564.0	16269418.349958	6307.81887622	2579.2462766
2467	2017-07-25 12:00:00	2602.00000002	2505.98985115	2564.00000001	2553.1	12941416.244865	5075.54662169	2549.75812645
2468	2017-07-25 14:00:00	2619.64687	2539.71998	2555.0	2575.39699996	7285975.6180927	2822.03204767	2581.81887909
2469	2017-07-25 16:00:00	2580.00000001	2510.44176569	2575.39699995	2558.81921304	6891373.65058	2716.07889713	2537.25090897
2470	2017-07-25 18:00:00	2559.99999998	2421.0	2554.00000001	2471.05000002	9589923.9780553	3884.25488333	2468.92242298
2471	2017-07-25 20:00:00	2585.75	2417.33001	2471.05000002	2550.0	15132972.493853	6026.17142261	2511.20843278
2472	2017-07-25 22:00:00	2569.99999999	2522.0	2547.63869995	2565.99999948	4530275.0144526	1779.34748546	2546.03165006
2473	2017-07-26 00:00:00	2619.96493511	2551.00000001	2565.99999948	2567.0	4379985.7443928	1693.60160156	2586.19603356
2474	2017-07-26 02:00:00	2571.62095207	2465.13083277	2567.43256742	2514.32303682	5452997.0017637	2173.28463559	2509.10392153
2475	2017-07-26 04:00:00	2544.0	2441.60000001	2514.32303681	2469.5304695	5644068.7346662	2265.46904733	2491.3466557
2476	2017-07-26 06:00:00	2492.53246749	2430.0	2468.5686885	2484.39999997	4452421.9726802	1811.22773329	2458.23420812
2477	2017-07-26 08:00:00	2527.49999998	2469.533246	2481.66358438	2492.7542	5039026.4346548	2020.01388428	2494.55039585
2478	2017-07-26 10:00:00	2552.0	2477.27572617	2497.99999996	2535.12457545	4708335.8258728	1866.78903615	2522.15742362
2479	2017-07-26 12:00:00	2561.9	2460.40758278	2535.12457545	2487.18999998	5828304.5842398	2320.41768507	2511.74804507
2480	2017-07-26 14:00:00	2508.82231509	2410.0	2487.18999996	2434.512	4283939.5367646	1741.00194292	2460.61732106
2481	2017-07-26 16:00:00	2479.999	2400.0	2434.512	2469.71924562	4698558.7298346	1926.4827854	2438.93107451
2482	2017-07-26 18:00:00	2495.0	2440.37876	2466.39800001	2473.86553323	2653087.0537817	1073.03082169	2472.51709844
2483	2017-07-26 20:00:00	2512.30541308	2450.00000005	2470.00000002	2451.00000014	2642999.710307	1063.23599604	2485.80721509
2484	2017-07-26 22:00:00	2540.0	2451.00000011	2452.00000001	2526.35064673	2321197.3869451	928.42862129	2500.13553408
2485	2017-07-27 00:00:00	2559.58904766	2506.44022736	2526.35064674	2546.0	2034973.9067092	800.26660437	2542.86995808
2486	2017-07-27 02:00:00	2555.1574	2516.23675017	2549.65	2548.47433496	1875494.1987001	739.3464585	2536.69193534
2487	2017-07-27 04:00:00	2579.42159804	2542.08737362	2548.3	2570.000098	2314469.2670337	902.68755746	2563.97603789
2488	2017-07-27 06:00:00	2575.0	2529.62977906	2568.00000001	2537.94499992	2207050.4170563	865.50756854	2550.00706785
2489	2017-07-27 08:00:00	2567.45257878	2525.70279553	2533.10000001	2566.60000002	1310445.4678032	514.68023774	2546.13519562
2490	2017-07-27 10:00:00	2599.0	2566.6	2566.6	2576.0	2733439.1947194	1057.89895106	2583.83770206
2491	2017-07-27 12:00:00	2588.50000001	2558.00000001	2574.0	2577.08319639	2487669.9366224	966.39835622	2574.16615064
2492	2017-07-27 14:00:00	2576.89103229	2530.99989941	2576.89103229	2537.79999998	3295431.0642232	1289.73693648	2555.11877733
2493	2017-07-27 16:00:00	2582.0	2528.12	2537.8	2582.0	3430306.3666109	1341.35820262	2557.33804729
2494	2017-07-27 18:00:00	2587.90321119	2561.53207878	2582.0	2565.00915018	2680194.2882464	1041.27711112	2573.94910502
2495	2017-07-27 20:00:00	2660.00000031	2540.0	2565.00915019	2648.26530002	6978810.4769572	2665.52819002	2618.17170161
2496	2017-07-27 22:00:00	2695.65148429	2632.92256414	2648.26530002	2669.999998	4972588.206465	1865.97026083	2664.88073837
2497	2017-07-28 00:00:00	2740.59430688	2667.33266731	2669.99999799	2705.0	6583860.2974479	2435.90243464	2702.84236503
2498	2017-07-28 02:00:00	2710.96492376	2660.38499999	2703.96492376	2680.0	2340654.0047051	872.51199951	2682.66110497
2499	2017-07-28 04:00:00	2694.11199999	2660.0	2679.99999999	2688.99999999	2152377.259501	803.36025014	2679.21802096
2500	2017-07-28 06:00:00	2738.999988	2679.50000016	2689.20679924	2738.999988	3802893.7491901	1405.77044611	2705.20251703
2501	2017-07-28 08:00:00	2783.0	2724.51524874	2738.999988	2766.78500266	6625934.369719	2403.51758921	2756.76550047
2502	2017-07-28 10:00:00	2844.23	2730.76562814	2766.78500267	2830.09999995	8523768.6895912	3052.04259957	2792.80790208
2503	2017-07-28 12:00:00	2840.0	2741.0	2830.09999994	2764.99999999	6773287.9424427	2427.1548545	2790.6286778
2504	2017-07-28 14:00:00	2792.89999999	2709.0	2766.29999999	2748.43999993	4181633.8162368	1520.7338369	2749.74733564
2505	2017-07-28 16:00:00	2814.60801005	2726.63821307	2748.43999993	2767.42859344	6587510.5581962	2373.82364164	2775.06316924
2506	2017-07-28 18:00:00	2778.84228127	2736.00000004	2767.42859344	2749.5	1933706.9944927	700.57725558	2760.16239335
2507	2017-07-28 20:00:00	2783.76499997	2717.99999999	2749.5	2783.0	2060864.7959194	750.64181827	2745.47027058
2508	2017-07-28 22:00:00	2811.76999999	2773.37334245	2778.15512507	2789.98120002	2505895.8622502	897.02248027	2793.57086067
2509	2017-07-29 00:00:00	2794.9	2748.34234098	2788.5	2752.0	1186711.4631669	428.41651534	2769.99466798
2510	2017-07-29 02:00:00	2758.0087073	2700.47492385	2749.93704796	2706.99999996	2598082.2551563	949.96674651	2734.91915869
2511	2017-07-29 04:00:00	2745.05797235	2681.0	2709.99999987	2737.00000009	4257010.6999755	1573.35493951	2705.68998327
2512	2017-07-29 06:00:00	2768.19475858	2718.88111889	2737.00000008	2738.478511	1865318.4371189	679.94399697	2743.34128315
2513	2017-07-29 08:00:00	2762.0	2723.75130325	2738.22405147	2730.0	1622683.7405057	591.29973151	2744.26598564
2514	2017-07-29 10:00:00	2735.79748	2659.00000005	2729.916	2673.50258968	3561325.9828871	1323.5538071	2690.73003589
2515	2017-07-29 12:00:00	2703.99999999	2663.00168162	2673.50258964	2678.23811762	2338281.4342902	870.21029591	2687.03030207
2516	2017-07-29 14:00:00	2724.99998994	2665.60846793	2675.00000001	2703.3	1689154.3915607	626.69615934	2695.33228564
2517	2017-07-29 16:00:00	2733.92744747	2686.96908485	2703.3	2716.10000002	1577404.2226632	581.80289672	2711.23473526
2518	2017-07-29 18:00:00	2754.99839695	2716.1	2716.10000001	2733.97196514	2001159.0782252	731.76369941	2734.70668173
2519	2017-07-29 20:00:00	2735.0	2702.0	2733.97196514	2719.16359311	1388959.1678587	510.57208284	2720.39779404
2520	2017-07-29 22:00:00	2730.35	2682.35520001	2719.16359311	2719.00000003	1815666.2568222	670.65883388	2707.28746882
2521	2017-07-30 00:00:00	2739.0	2690.07330002	2723.5697957	2716.99616587	1819868.3017349	670.3259698	2714.90048681
2522	2017-07-30 02:00:00	2724.99999999	2690.0	2716.27999999	2714.59750556	941493.78404105	347.90416249	2706.18717897
2523	2017-07-30 04:00:00	2725.00666303	2654.32625478	2711.0	2664.42060177	2156141.919248	799.52486973	2696.77905075
2524	2017-07-30 06:00:00	2684.00006001	2619.97526495	2662.90479088	2639.15835632	4101833.2553681	1551.45416594	2643.86363801
2525	2017-07-30 08:00:00	2675.6	2626.0	2635.0	2648.26724743	1624123.2670387	612.00520335	2653.77362504
2526	2017-07-30 10:00:00	2665.0	2626.262626	2644.00000002	2653.4161	1425828.8096039	538.4153059	2648.19516454
2527	2017-07-30 12:00:00	2678.0	2653.0	2653.41610001	2672.99999989	1031841.2929254	386.84496741	2667.32510399
2528	2017-07-30 14:00:00	2740.0	2669.38250001	2672.99999989	2734.99999998	2687816.2130036	990.95733712	2712.34301651
2529	2017-07-30 16:00:00	2734.99999998	2696.61843163	2732.0	2719.32474042	1659394.555812	611.78052436	2712.40173516
2530	2017-07-30 18:00:00	2749.99999998	2712.0	2719.29525187	2723.27107225	2070985.5029669	757.61767106	2733.54962809
2531	2017-07-30 20:00:00	2738.69697501	2710.0	2720.76433648	2730.99999999	1896781.1682944	696.60791796	2722.88201065
2532	2017-07-30 22:00:00	2753.48609939	2725.95878582	2730.99999999	2753.0	1284200.518998	468.93752212	2738.53223174
2533	2017-07-31 00:00:00	2755.79747996	2696.00000001	2753.48609939	2706.1	1772720.3516197	649.78839292	2728.15022695
2534	2017-07-31 02:00:00	2724.31999998	2705.7419518	2706.1	2711.52999999	773876.8444385	285.19932027	2713.45963835
2535	2017-07-31 04:00:00	2724.74006234	2692.17417055	2711.52999999	2724.74006233	1209494.0157447	447.51027828	2702.71784682
2536	2017-07-31 06:00:00	2751.80164978	2714.00000014	2724.74006231	2741.0	1716891.5068255	628.7866678	2730.4833177
2537	2017-07-31 08:00:00	2749.999999	2710.00000001	2742.99999997	2720.0	1201389.3156555	439.02707487	2736.48115212
2538	2017-07-31 10:00:00	2795.766	2719.2807193	2720.0	2779.99990993	3871522.0429986	1399.2244417	2766.90567118
2539	2017-07-31 12:00:00	2823.09	2774.56360462	2780.0	2787.60000001	4534347.8913899	1621.05409051	2797.16014285
2540	2017-07-31 14:00:00	2787.60000001	2758.0	2787.59999999	2777.82815083	2414054.3286487	870.23464734	2774.02690875
2541	2017-07-31 16:00:00	2800.0	2770.99999998	2771.91117951	2780.0	2098772.0292753	752.92435193	2787.49388819
2542	2017-07-31 18:00:00	2844.69692748	2779.84939	2786.99999965	2840.0	2531194.4287427	899.68345216	2813.42779248
2543	2017-07-31 20:00:00	2882.99999994	2835.00000001	2840.0	2846.00000001	5197450.8174228	1814.19658706	2864.87740881
2544	2017-07-31 22:00:00	2865.0	2835.0	2846.0	2855.0	2031675.1117834	712.54446496	2851.29590038
2545	2017-08-01 00:00:00	2859.18085065	2816.6758872	2855.0	2856.25923203	2395772.2209144	843.92143771	2838.85692892
2546	2017-08-01 02:00:00	2867.44575001	2843.55962521	2856.98709109	2866.44575	1606270.2426369	562.56943907	2855.23907109
2547	2017-08-01 04:00:00	2927.00000002	2856.67982076	2866.44575	2902.00000004	3841391.7812475	1327.851244	2892.93834577
2548	2017-08-01 06:00:00	2916.9870729	2770.0	2906.0	2770.0	5862482.0840956	2054.3043628	2853.75535887
2549	2017-08-01 08:00:00	2824.40437	2671.28691011	2770.0	2736.93233934	7227307.6464148	2642.45219582	2735.0760244
2550	2017-08-01 10:00:00	2799.99998999	2726.06494303	2736.93233934	2765.1	4489512.9176813	1623.74492689	2764.91266782
2551	2017-08-01 12:00:00	2767.0	2640.0	2765.10000001	2700.99999998	10114207.865141	3724.22051861	2715.79188573
2552	2017-08-01 14:00:00	2750.0	2686.92723009	2701.11	2749.99999999	3378134.8423507	1238.54979672	2727.49214548
2553	2017-08-01 16:00:00	2780.0	2720.46	2750.0	2729.49999958	3629681.2067647	1322.21511943	2745.1517937
2554	2017-08-01 18:00:00	2782.11500004	2724.0	2729.0	2780.89999999	4849133.448643	1759.63247467	2755.76492162
2555	2017-08-01 20:00:00	2782.146654	2721.99999999	2780.89999999	2742.82386367	2485545.5508375	904.96517114	2746.56487354
2556	2017-08-01 22:00:00	2742.82386363	2692.22222229	2739.62423489	2736.48268487	2177538.9037872	799.95933934	2722.06198077
2557	2017-08-02 00:00:00	2742.53	2692.22230001	2736.38268496	2719.5	2097604.4725538	772.59316018	2715.01817601
2558	2017-08-02 02:00:00	2750.0	2714.87849513	2719.5	2734.25997743	1208575.5898838	441.72025872	2736.06556644
2559	2017-08-02 04:00:00	2760.46813195	2728.13467898	2734.25997742	2749.45079021	1550969.9428063	564.9075641	2745.52872252
2560	2017-08-02 06:00:00	2759.71	2712.16633301	2748.99999999	2719.999999	2130841.5963104	777.71972847	2739.85796978
2561	2017-08-02 08:00:00	2741.64	2707.00000001	2715.00000001	2730.10292683	2202415.8906982	809.61443482	2720.3268568
2562	2017-08-02 10:00:00	2756.87	2710.00000002	2736.4500655	2756.0	2653152.162351	972.96149803	2726.88299354
2563	2017-08-02 12:00:00	2758.5	2667.6606257	2756.0	2680.67800001	5842813.7202913	2157.45422182	2708.19823716
2564	2017-08-02 14:00:00	2709.18320786	2680.17079969	2682.0169562	2702.99999999	3036323.4330848	1127.09148709	2693.94584899
2565	2017-08-02 16:00:00	2719.9	2697.00000002	2703.0	2706.00000001	1972487.5127468	728.5447158	2707.4350688
2566	2017-08-02 18:00:00	2719.88999	2706.00000001	2706.00000001	2706.001	69193.40044768	25.50459779	2712.97751948
2567	2017-08-02 20:00:00	2717.213	2691.929	2713.04276222	2695.0	190264.1764779	70.35264377	2704.43534574
2568	2017-08-02 22:00:00	2699.99999999	2680.1	2692.3076923	2699.0	760012.05303396	282.46100021	2690.67960698
2569	2017-08-03 00:00:00	2721.99999999	2698.0	2699.0	2713.3568627	810470.66172702	298.95877562	2710.97799369
2570	2017-08-03 02:00:00	2720.81589277	2705.0	2718.22036051	2718.5	551244.90903405	203.21974498	2712.55585468
2571	2017-08-03 04:00:00	2724.61999999	2707.0	2718.5	2719.99999994	422294.19065849	155.44774428	2716.63119085
2572	2017-08-03 06:00:00	2729.0000003	2713.47605395	2719.99999994	2720.00321438	975617.01383262	358.52081924	2721.2283401
2573	2017-08-03 08:00:00	2755.99999999	2717.09393586	2720.00324159	2754.0	1870200.6912374	682.5561741	2739.99527394
2574	2017-08-03 10:00:00	2753.99999999	2738.26844564	2752.00000001	2740.0	1487962.6293947	541.72120588	2746.73136891
2575	2017-08-03 12:00:00	2748.0	2726.00000001	2740.34443877	2742.40000001	1499049.6474097	547.07784434	2740.10300895
2576	2017-08-03 14:00:00	2767.73396225	2725.73790078	2742.40000001	2765.13954915	1652676.9819425	601.90389999	2745.74891767
2577	2017-08-03 16:00:00	2779.0	2753.58797837	2765.13954916	2759.00000002	1936603.0266828	699.54296732	2768.38324042
2578	2017-08-03 18:00:00	2799.3	2756.1239534	2758.5	2798.53667049	1343593.443533	482.93434443	2782.14514877
2579	2017-08-03 20:00:00	2808.00000001	2780.26453568	2798.99989999	2792.01	1669697.1627937	597.06752534	2796.49636252
2580	2017-08-03 22:00:00	2808.77059872	2786.21	2793.5635429	2794.88999995	1120135.2799463	400.77428018	2794.92805636
2581	2017-08-04 00:00:00	2804.53435312	2773.0	2789.12000004	2784.00000001	1351822.4227362	484.49511701	2790.16727986
2582	2017-08-04 02:00:00	2802.96770998	2781.62606399	2787.0	2784.000001	1112166.1938906	398.18209952	2793.10947235
2583	2017-08-04 04:00:00	2789.0	2762.00000002	2784.000001	2785.936	1032669.244904	371.94819579	2776.37922859
2584	2017-08-04 06:00:00	2810.0	2779.17223329	2785.93600001	2808.00000002	1029392.4557159	368.581435	2792.84944374
2585	2017-08-04 08:00:00	2855.5174811	2808.00000002	2808.00000002	2855.5174811	2530064.9005957	892.2389471	2835.6360242
2586	2017-08-04 10:00:00	2879.90000004	2839.00000001	2855.00000001	2839.00000003	2787161.3534874	975.31159226	2857.71375589
2587	2017-08-04 12:00:00	2862.0	2834.47467489	2840.92781001	2842.29999997	1646026.0809611	578.52810507	2845.19639847
2588	2017-08-04 14:00:00	2878.44126398	2833.84019982	2845.99999999	2870.0	1630840.2800703	570.70195114	2857.60417817
2589	2017-08-04 16:00:00	2873.4310775	2839.801001	2869.99999998	2854.35600001	1428226.6234445	500.5063536	2853.56342266
2590	2017-08-04 18:00:00	2856.87110246	2825.5920769	2854.35600001	2832.2802587	954570.63675413	336.09794405	2840.15613202
2591	2017-08-04 20:00:00	2849.50479184	2825.28	2832.2802587	2837.00100001	991860.93939783	349.6767053	2836.50847873
2592	2017-08-04 22:00:00	2865.15	2836.99359457	2837.00100001	2863.0099985	864264.39490598	302.5897084	2856.2253471
2593	2017-08-05 00:00:00	2883.99999999	2852.82382318	2858.00002018	2873.99999994	1176029.03124	410.00148042	2868.35313383
2594	2017-08-05 02:00:00	3142.0	2872.08913357	2873.99999995	3090.0	13152487.735435	4345.83795617	3026.45608696
2595	2017-08-05 04:00:00	3199.00000001	3065.50569696	3090.0	3110.0	10504355.096866	3355.3058806	3130.66989141
2596	2017-08-05 06:00:00	3181.0	3106.27008889	3114.99999999	3121.7	3902218.3857792	1241.43996647	3143.3001121
2597	2017-08-05 08:00:00	3246.0	3121.0	3121.525384	3190.00000002	5087621.2034693	1595.19762691	3189.3359905
2598	2017-08-05 10:00:00	3201.942	3130.49897026	3186.70000001	3149.69457999	3522490.5623342	1112.16464213	3167.23840059
2599	2017-08-05 12:00:00	3196.699	3140.0210971	3149.69457999	3185.0	2379672.3752547	750.04725823	3172.69658563
2600	2017-08-05 14:00:00	3240.99999998	3165.0	3180.00000001	3204.82262855	3381327.2195636	1056.00930028	3201.9862123
2601	2017-08-05 16:00:00	3333.0	3198.0	3202.25593817	3294.99999999	7518721.7551122	2286.67060125	3288.06508073
2602	2017-08-05 18:00:00	3325.79099072	3255.48538644	3293.96570267	3276.5	4590714.8836111	1398.3211579	3283.01896719
2603	2017-08-05 20:00:00	3289.0	3165.0	3276.5	3238.99999997	3653023.0364356	1131.98283472	3227.10108704
2604	2017-08-05 22:00:00	3268.29707657	3206.76287801	3230.00000012	3256.53665595	2326650.1975596	718.95851848	3236.13969061
2605	2017-08-06 00:00:00	3294.99999998	3207.0	3253.00000004	3255.0	3009001.6845315	920.53393875	3268.75692233
2606	2017-08-06 02:00:00	3273.0	3198.685	3255.0	3215.98575585	3452782.1071281	1070.29760745	3226.00189245
2607	2017-08-06 04:00:00	3243.53218832	3197.04274311	3223.72314948	3205.2877977	1548081.6944658	481.1809336	3217.25485439
2608	2017-08-06 06:00:00	3230.0	3143.0	3205.78460855	3173.96788546	2666597.9449165	836.17741437	3189.0336896
2609	2017-08-06 08:00:00	3221.08281287	3151.00000001	3173.96788546	3214.01889626	1950216.1344121	612.46731451	3184.19626355
2610	2017-08-06 10:00:00	3214.01889626	3181.0	3213.8917801	3181.5	1267917.2654417	396.51109968	3197.68416688
2611	2017-08-06 12:00:00	3222.9925	3181.50082578	3181.50082578	3209.89000048	1392367.049976	434.05713472	3207.79671292
2612	2017-08-06 14:00:00	3270.0	3209.89000053	3216.8788493	3253.99999999	4958622.6067933	1525.06449682	3251.41829551
2613	2017-08-06 16:00:00	3309.0	3249.26258726	3253.99999999	3278.99999998	3909999.3951801	1188.83356871	3288.93757552
2614	2017-08-06 18:00:00	3295.01542002	3260.10000001	3278.99999998	3273.56600973	1412405.1198773	431.04371159	3276.70972084
2615	2017-08-06 20:00:00	3289.71329477	3250.0	3268.65393548	3261.00000003	1915193.9331429	586.6013317	3264.89871339
2616	2017-08-06 22:00:00	3270.0	3220.99999999	3261.00000003	3228.99999993	1322604.4721645	407.35885628	3246.77971713
2617	2017-08-07 00:00:00	3253.5563446	3191.0	3228.99991998	3200.0	2008235.9137824	624.22776746	3217.15248578
2618	2017-08-07 02:00:00	3270.40000001	3198.97187888	3200.0	3260.97999997	1686540.1203028	520.8934439	3237.78335099
2619	2017-08-07 04:00:00	3260.89844296	3224.00000013	3260.89844296	3254.47777	1126450.6868461	347.04257833	3245.85730162
2620	2017-08-07 06:00:00	3264.99999951	3237.51005759	3254.47777	3244.0	1255108.7344269	386.20616376	3249.84128219
2621	2017-08-07 08:00:00	3282.0	3231.00000043	3245.79213465	3280.18481389	1350643.6934831	413.62260737	3265.40104292
2622	2017-08-07 10:00:00	3387.99998999	3272.64692065	3278.0	3362.45062003	4989219.8877196	1496.36052278	3334.23651036
2623	2017-08-07 12:00:00	3436.20089999	3358.99999999	3364.655	3405.94618554	5094792.0117201	1499.71998309	3397.16218305
2624	2017-08-07 14:00:00	3409.0	3358.0	3408.05562064	3387.00000001	3684056.1390234	1089.54318623	3381.28509781
2625	2017-08-07 16:00:00	3389.99887819	3344.99999999	3388.99999999	3347.70653134	2528572.5395335	750.5392287	3369.00783176
2626	2017-08-07 18:00:00	3374.99999999	3330.99999999	3347.70653136	3372.29999999	2347896.8019212	699.89776424	3354.62823555
2627	2017-08-07 20:00:00	3381.99999998	3350.0	3372.29999999	3367.0	1513104.8398333	449.25135824	3368.05846455
2628	2017-08-07 22:00:00	3407.0	3352.5	3366.41898642	3398.99999999	2310051.9911161	682.2325498	3386.01843578
2629	2017-08-08 00:00:00	3407.06807267	3361.8366419	3397.99999999	3384.37015232	1860528.9713113	549.48411427	3385.95588661
2630	2017-08-08 02:00:00	3454.0	3384.37015232	3384.37015232	3451.25574197	3524299.1250911	1028.50805218	3426.61306114
2631	2017-08-08 04:00:00	3464.99999999	3414.07614857	3451.30000001	3432.74853862	4004705.9633566	1162.39764685	3445.21169172
2632	2017-08-08 06:00:00	3449.23719001	3407.00976231	3432.74853861	3446.60887568	2437222.1669512	710.39501923	3430.7985008
2633	2017-08-08 08:00:00	3480.0	3428.0	3446.60887569	3450.93999999	3465064.3789165	1001.15828701	3461.0554833
2634	2017-08-08 10:00:00	3455.44200001	3406.29308953	3450.93999999	3449.99999996	2900014.2696775	845.69523523	3429.14817166
2635	2017-08-08 12:00:00	3453.0	3350.0	3449.99999996	3369.00000002	4985581.7090269	1466.32536804	3400.0514604
2636	2017-08-08 14:00:00	3409.59396144	3369.00000004	3369.00000004	3397.00000001	2762918.8873998	815.29922057	3388.84033946
2637	2017-08-08 16:00:00	3400.0	3350.0	3397.00000001	3397.40007997	2681700.9106756	794.9988252	3373.21367739
2638	2017-08-08 18:00:00	3443.0	3363.31397089	3397.40007997	3430.00000002	3452079.3871457	1012.88388054	3408.16894559
2639	2017-08-08 20:00:00	3444.26475826	3398.00000001	3431.6763715	3425.00000002	3630275.0323597	1059.38218298	3426.78505517
2640	2017-08-08 22:00:00	3444.26475825	3405.0	3425.00000002	3411.0	2564353.7146656	748.57640442	3425.64058862
2641	2017-08-09 00:00:00	3429.42220025	3365.10999999	3405.99999998	3374.20638311	2701458.9289717	796.02248617	3393.69675594
2642	2017-08-09 02:00:00	3409.95565718	3343.00000006	3370.0	3381.28778667	3898352.439934	1152.80450971	3381.62490439
2643	2017-08-09 04:00:00	3393.0	3350.00000001	3381.22121623	3378.99999999	2166421.6375417	642.33986344	3372.70308266
2644	2017-08-09 06:00:00	3401.00000004	3366.35000003	3372.796423	3393.29806441	1749103.021324	516.55808834	3386.07227493
2645	2017-08-09 08:00:00	3407.001	3352.0	3394.79997988	3353.00000016	1705845.3778846	505.45357618	3374.88042082
2646	2017-08-09 10:00:00	3355.00000002	3256.0	3353.00000016	3310.00000002	7355854.6184795	2229.59662785	3299.18628625
2647	2017-08-09 12:00:00	3324.60424442	3283.12447594	3311.98999999	3289.00000999	2517243.466917	761.58725211	3305.2594564
2648	2017-08-09 14:00:00	3298.51785209	3229.18977781	3289.99999998	3280.19000002	4848007.8390412	1485.90525569	3262.66282488
2649	2017-08-09 16:00:00	3329.99999999	3265.99857569	3285.0	3329.99999999	1632776.9163272	495.04097047	3298.26623193
2650	2017-08-09 18:00:00	3340.0	3309.00000001	3327.33	3328.69999911	1474977.8500017	443.70669941	3324.21811967
2651	2017-08-09 20:00:00	3368.42703125	3327.04640001	3328.69999917	3350.00000005	1683444.6466188	502.15076679	3352.46853724
2652	2017-08-09 22:00:00	3356.99999983	3288.00000007	3356.99999983	3334.33601873	2095926.5773635	630.31629607	3325.19814326
2653	2017-08-10 00:00:00	3357.93574092	3320.00000001	3337.0	3356.99999999	1332052.8180592	398.2960175	3344.37895317
2654	2017-08-10 02:00:00	3357.0	3306.19746171	3356.99999997	3318.70000115	1137093.9366216	342.0310129	3324.53459989
2655	2017-08-10 04:00:00	3359.12399996	3315.14561462	3318.80000103	3359.001212	1305058.3428034	390.68124607	3340.46836374
2656	2017-08-10 06:00:00	3399.9999	3355.00000005	3359.12	3399.00000003	2060302.7719692	610.27613918	3376.01724808
2657	2017-08-10 08:00:00	3425.0	3378.00000001	3399.00000003	3414.00000002	2160516.7521852	634.94726632	3402.6711615
2658	2017-08-10 10:00:00	3414.99999999	3380.1	3414.93999999	3400.98500158	1959881.0020255	576.53728762	3399.40025408
2659	2017-08-10 12:00:00	3406.79508488	3381.65873922	3400.98500158	3399.70000037	1654648.9315817	487.17766294	3396.39736681
2660	2017-08-10 14:00:00	3444.999999	3399.05949433	3399.70000037	3443.98999904	2427532.5080992	707.04030593	3433.37216809
2661	2017-08-10 16:00:00	3443.98999003	3412.11000001	3440.0	3426.60000012	2128493.7582911	620.54776009	3430.0240774
2662	2017-08-10 18:00:00	3429.84827471	3390.23202791	3426.61804637	3418.67316553	1702549.6753372	499.35515827	3409.49652194
2663	2017-08-10 20:00:00	3440.0	3390.01	3418.61888608	3431.84080392	1491067.6632109	435.96481493	3420.15596705
2664	2017-08-10 22:00:00	3439.0	3392.30880507	3430.79609092	3415.86609324	1695010.0936497	495.56260062	3420.37533003
2665	2017-08-11 00:00:00	3428.49198984	3400.88	3418.86609323	3405.26937474	1587091.9846151	465.3039332	3410.871629
2666	2017-08-11 02:00:00	3429.58355554	3404.08482914	3410.0	3420.00000001	1186510.591236	347.17934022	3417.57257354
2667	2017-08-11 04:00:00	3481.00000001	3414.9	3424.86609322	3480.80000001	2236762.5998821	647.2734313	3455.66879732
2668	2017-08-11 06:00:00	3497.72623199	3458.00000101	3474.6878	3493.51188878	2587855.4169346	743.91015945	3478.72035898
2669	2017-08-11 08:00:00	3499.999998	3471.43823917	3493.51188878	3491.0	1604167.3823806	460.07140424	3486.77915557
2670	2017-08-11 10:00:00	3495.9999999	3467.0	3491.0	3484.99999998	1975694.1870929	567.51031342	3481.33618081
2671	2017-08-11 12:00:00	3550.0	3484.66580203	3491.99999961	3548.1666666	3009896.4693503	853.61424272	3526.06167835
2672	2017-08-11 14:00:00	3561.0	3533.0	3548.1666666	3545.09999999	2093972.6412947	590.22344656	3547.76255246
2673	2017-08-11 16:00:00	3545.70795958	3513.0	3545.09999999	3539.99999799	1452755.6948087	411.63781554	3529.20854198
2674	2017-08-11 18:00:00	3550.00000001	3528.0	3539.99999799	3539.89999996	1379242.0236604	389.71513938	3539.10301215
2675	2017-08-11 20:00:00	3613.0	3534.61522653	3539.89999996	3611.81939994	2218317.5523114	619.00286343	3583.69513837
2676	2017-08-11 22:00:00	3674.9	3590.00000002	3611.81939994	3641.33709998	4698296.3643893	1290.43693227	3640.85702051
2677	2017-08-12 00:00:00	3667.71244129	3591.56508346	3648.99999994	3592.0	2715220.9783542	746.29143713	3638.28504959
2678	2017-08-12 02:00:00	3665.0	3591.58819578	3592.0	3665.0	1371693.2525721	377.9630706	3629.17268714
2679	2017-08-12 04:00:00	3714.42194564	3650.0	3664.11248907	3709.98	3079901.6455823	834.6209176	3690.18027302
2680	2017-08-12 06:00:00	3767.50499997	3702.20900015	3709.98	3767.50499997	3687469.4851138	985.3998919	3742.10461704
2681	2017-08-12 08:00:00	3786.30926575	3709.12128457	3786.30926575	3758.7	3601274.1328392	963.59414074	3737.33502579
2682	2017-08-12 10:00:00	3780.0	3729.05341011	3759.92028995	3750.00000002	2518082.1021256	670.92298316	3753.16119037
2683	2017-08-12 12:00:00	3769.0	3721.4739	3750.00000002	3752.54429651	2334799.0105047	624.01923632	3741.54973855
2684	2017-08-12 14:00:00	3890.0	3755.04444285	3756.99026865	3862.00000001	5398019.4467747	1414.50797072	3816.18171018
2685	2017-08-12 16:00:00	3952.0	3793.00000003	3863.0	3869.45382019	8625559.8264378	2230.73597776	3866.68790588
2686	2017-08-12 18:00:00	3909.99900001	3827.52066367	3869.45382019	3883.00000001	2964519.5055322	764.18505182	3879.32150527
2687	2017-08-12 20:00:00	3883.80579999	3730.0	3883.00000001	3807.00000012	5915403.7654757	1558.80509541	3794.83219736
2688	2017-08-12 22:00:00	3877.4756	3785.47550217	3807.00000012	3863.50000002	1986977.0131996	518.47620758	3832.33981453
2689	2017-08-13 00:00:00	3969.0	3859.22961041	3865.0	3958.74767445	2742317.7031361	701.82578561	3907.40517
2690	2017-08-13 02:00:00	4096.22153768	3988.02215	4084.1	4067.00000009	5326559.4472206	1317.67675801	4042.38703827
2691	2017-08-13 04:00:00	4072.48970948	3970.00000011	4038.00000002	4016.0	4468244.4660801	1113.92735541	4011.25301787
2692	2017-08-13 06:00:00	4159.999999	4001.00999995	4016.0	4151.93739805	4211001.3119388	1025.75346076	4105.27624134
2693	2017-08-13 08:00:00	4193.1419898	4070.16132531	4154.99999999	4070.16132531	7206199.4539407	1740.32197441	4140.72772734
2694	2017-08-13 10:00:00	4092.1283	3970.0001	4070.3864	4042.00000003	7051091.8722503	1751.81991518	4025.00954073
2695	2017-08-13 12:00:00	3998.0	3833.0	3976.99999997	3990.0	8473732.8680611	2164.47373837	3914.91599913
2696	2017-08-13 14:00:00	3998.0	3936.99999998	3990.99999998	3969.99999996	1431790.3353727	360.65934096	3969.92444882
2697	2017-08-13 16:00:00	4083.39749992	3970.0	4012.00960351	3990.8025492	4140533.0943087	1027.47389454	4029.81829155
2698	2017-08-13 18:00:00	4032.48324579	3988.20166005	3990.8025492	4025.0	521803.60303108	129.91567344	4016.47922236
2699	2017-08-13 20:00:00	4110.690186	3951.00000007	3956.44113155	4110.0	4159320.3139656	1030.13957632	4037.62791914
2700	2017-08-13 22:00:00	4130.00000004	4035.80808277	4109.99999999	4051.69740424	3072199.5670529	751.44742694	4088.37592213
2701	2017-08-14 00:00:00	4106.57804413	4051.69740436	4051.69740436	4070.00000005	2119678.5009954	518.73145617	4086.27330342
2702	2017-08-14 02:00:00	4095.00002001	3965.0	4072.5	3987.52391585	3759535.8238085	932.49483575	4031.6961335
2703	2017-08-14 04:00:00	4051.22591108	3976.00000001	3982.527249	4037.19999999	1612725.5070395	400.93542312	4022.40713601
2704	2017-08-14 06:00:00	4097.99996993	4021.00000008	4029.22196945	4062.65755519	2166521.6155989	532.69991336	4067.05832169
2705	2017-08-14 08:00:00	4224.97620439	4062.6575552	4062.6575552	4189.99999999	4822848.6125728	1161.8367944	4151.0551532
2706	2017-08-14 10:00:00	4245.0	4172.97717621	4205.17036153	4186.0	2937922.9245504	697.25908859	4213.53120041
2707	2017-08-14 12:00:00	4295.0	4131.85	4160.0	4246.00800796	5293011.0436929	1252.8416487	4224.80450676
2708	2017-08-14 14:00:00	4326.0	4200.0	4245.2328556	4245.99	6746144.0658493	1579.57678217	4270.85542279
2709	2017-08-14 16:00:00	4327.61729842	4205.0	4245.98	4274.00000002	4316803.5423888	1010.56811853	4271.66013179
2710	2017-08-14 18:00:00	4293.99999974	4203.0	4274.00000002	4215.99999997	2627570.0333855	618.35014837	4249.32385042
2711	2017-08-14 20:00:00	4285.0	4204.00000001	4215.99999997	4277.00000049	2097387.0642191	493.08596042	4253.59315124
2712	2017-08-14 22:00:00	4320.39182072	4190.0	4283.99919106	4310.92800002	3435351.6779093	807.58714493	4253.84641085
2713	2017-08-15 00:00:00	4365.01010101	4310.92800001	4310.92800002	4364.52070425	2176036.6827751	501.45766279	4339.42253602
2714	2017-08-15 02:00:00	4426.0	4365.0	4365.0	4395.26684829	3912392.9233346	889.62126914	4397.81855386
2715	2017-08-15 04:00:00	4409.12999999	4320.77282788	4395.26684829	4363.80986131	4986215.0740127	1142.72888626	4363.42787337
2716	2017-08-15 06:00:00	4365.3516848	4200.0	4363.80986131	4295.0	6289606.5041909	1473.0599245	4269.75603611
2717	2017-08-15 08:00:00	4340.41663525	4069.00346997	4295.0	4130.0000001	8485355.9749643	2024.7712849	4190.77257675
2718	2017-08-15 10:00:00	4145.3989	3917.0	4130.06400008	4089.15799997	11350503.38254	2812.36040694	4035.93485192
2719	2017-08-15 12:00:00	4100.0	3929.176	4089.00000009	3937.0	7604073.9691516	1896.66025316	4009.19139655
2720	2017-08-15 14:00:00	4038.53411999	3761.70461157	3937.0	3990.00000001	16503671.541215	4229.27955629	3902.2418172
2721	2017-08-15 16:00:00	4099.0	3945.00000001	3990.0	4085.0	6057904.5899435	1496.04163551	4049.2887672
2722	2017-08-15 18:00:00	4142.79119999	4038.66204446	4085.0	4049.99999998	5285294.8310417	1289.15399848	4099.81649769
2723	2017-08-15 20:00:00	4149.0	3985.23300001	4049.49490125	4121.0	4266087.2817619	1050.19034888	4062.20385315
2724	2017-08-15 22:00:00	4195.023	4121.0	4121.0	4149.0	3292194.4247675	790.73424673	4163.46508119
2725	2017-08-16 00:00:00	4189.0	4082.0	4146.00000001	4149.46300051	2803990.2205211	677.15531561	4140.83764224
2726	2017-08-16 02:00:00	4157.89139737	4025.0	4150.0	4078.99999929	2511095.8822573	616.50580288	4073.10988887
2727	2017-08-16 04:00:00	4078.99999901	3951.53646179	4078.99999901	3983.72700003	3705050.7636728	925.43552804	4003.57523718
2728	2017-08-16 06:00:00	4115.96999993	3926.0	3983.72700003	4059.03336785	4223179.8928989	1046.96313417	4033.74269357
2729	2017-08-16 08:00:00	4165.35797999	4045.0	4069.45209885	4130.09	3053936.9743774	741.10904695	4120.7660154
2730	2017-08-16 10:00:00	4151.30000019	4059.0	4130.09	4090.98937202	2365835.2447614	577.60349023	4095.95039638
2731	2017-08-16 12:00:00	4131.630819	4039.24583421	4085.7199398	4123.99999998	2292537.4330444	560.0304413	4093.59431912
2732	2017-08-16 14:00:00	4315.9808	4100.4500054	4127.9999996	4299.99999991	6098452.3476679	1439.72122703	4235.85638189
2733	2017-08-16 16:00:00	4358.0	4279.0	4293.00000001	4288.0	4888327.4180594	1132.23657819	4317.40813909
2734	2017-08-16 18:00:00	4317.00000006	4240.00000001	4288.0	4310.0	2783622.097082	650.44414624	4279.57129474
2735	2017-08-16 20:00:00	4366.27700002	4309.96999997	4310.73429998	4330.89999976	2804518.0257911	646.61091347	4337.25748725
2736	2017-08-16 22:00:00	4395.55499999	4287.00000001	4330.89999976	4380.99999999	2896740.3642691	666.94379253	4343.30508314
2737	2017-08-17 00:00:00	4400.0	4300.99999998	4380.99999999	4349.99999999	3233013.1082288	740.44436769	4366.3146744
2738	2017-08-17 02:00:00	4349.98	4243.77461063	4349.98	4272.00000019	3378420.8322689	787.30321062	4291.13051578
2739	2017-08-17 04:00:00	4358.44301763	4245.5821532	4272.00000019	4320.62	2267231.7082602	527.57776255	4297.43607331
2740	2017-08-17 06:00:00	4365.0	4286.21060075	4309.86250075	4361.48992133	3070853.7533677	710.61016798	4321.4323292
2741	2017-08-17 08:00:00	4450.99999999	4330.00100001	4361.48992133	4450.0000012	5315958.1232445	1206.87354494	4404.73498282
2742	2017-08-17 10:00:00	4489.20999994	4418.0	4450.99999999	4420.0	3953406.8469873	887.0005301	4457.0512788
2743	2017-08-17 12:00:00	4473.5	4403.77187405	4420.0	4473.5	2630357.553996	593.72242068	4430.28166425
2744	2017-08-17 14:00:00	4475.00000001	4300.80316994	4473.55975037	4335.99999987	4872878.7309485	1104.50580894	4411.81811042
2745	2017-08-17 16:00:00	4355.67961806	4250.99999983	4344.78535528	4270.04320073	7027818.6570545	1631.17288122	4308.44500786
2746	2017-08-17 18:00:00	4316.74779759	4180.0	4270.04320073	4311.0	6685565.7459523	1573.79775097	4248.04632096
2747	2017-08-17 20:00:00	4354.33895204	4251.0	4310.96348102	4316.28254136	2620778.6594182	607.70918459	4312.55397462
2748	2017-08-17 22:00:00	4340.99991984	4262.0	4316.5	4262.0	2328929.7535147	540.9317981	4305.40367879
2749	2017-08-18 00:00:00	4308.57633241	4152.57062	4262.00000001	4238.99999984	6375544.4549203	1505.07582259	4236.02874966
2750	2017-08-18 02:00:00	4299.0	4229.00000002	4231.14883607	4266.3	2922837.2592912	686.94435285	4254.83847005
2751	2017-08-18 04:00:00	4319.46109998	4220.0	4266.3	4296.2673014	1893324.3602546	442.56597659	4278.06126183
2752	2017-08-18 06:00:00	4312.25696271	4260.0	4296.2673014	4281.81800001	2061216.3577803	481.48926512	4280.91861459
2753	2017-08-18 08:00:00	4299.95	4240.00000013	4281.81800001	4286.99999999	2767161.1216051	646.31959673	4281.41299692
2754	2017-08-18 10:00:00	4354.0	4283.00000002	4286.00000003	4314.99999991	2513768.929159	580.78117554	4328.25483164
2755	2017-08-18 12:00:00	4332.0	4228.00001222	4314.99999998	4269.98	3638873.2129298	850.61168746	4277.94875919
2756	2017-08-18 14:00:00	4280.73679924	4188.0	4269.97999999	4219.0	4080840.5235103	965.55865893	4226.40352895
2757	2017-08-18 16:00:00	4269.99999998	4101.1	4220.0	4175.49	4251659.8491188	1017.2699877	4179.48027615
2758	2017-08-18 18:00:00	4175.49	4011.0	4175.48999999	4118.0	7473273.5182119	1824.04280363	4097.09328275
2759	2017-08-18 20:00:00	4119.63	3960.0	4108.29016491	4031.0	8484276.3065071	2114.39911757	4012.61816466
2760	2017-08-18 22:00:00	4125.039876	4005.00002001	4031.0	4090.0	7002972.6134318	1716.45509602	4079.90435034
2761	2017-08-19 00:00:00	4179.4	4078.57711646	4090.0	4138.0	4177180.7838121	1009.41246172	4138.22985372
2762	2017-08-19 02:00:00	4178.85721	4088.423	4132.95367521	4108.00000008	3296247.748444	796.63182419	4137.73044002
2763	2017-08-19 04:00:00	4145.81818727	4050.5	4113.48290763	4051.99990001	2871838.1062818	699.54982769	4105.26597621
2764	2017-08-19 06:00:00	4069.99999997	3923.82844729	4051.99990001	4035.0	5673336.6660295	1419.93443505	3995.49199314
2765	2017-08-19 08:00:00	4072.19015	3980.0	4029.89675702	4030.89140058	2897553.099715	720.29742338	4022.71756869
2766	2017-08-19 10:00:00	4045.80338989	3913.92864913	4038.1	3938.3	4901735.6478158	1233.5102117	3973.8103514
2767	2017-08-19 12:00:00	4145.04438012	3910.0	3930.55423464	4048.9751	10604221.142567	2627.33474837	4036.11346028
2768	2017-08-19 14:00:00	4067.70994726	3961.44940836	4048.9751	3997.510752	6632469.3084869	1648.70734149	4022.82997205
2769	2017-08-19 16:00:00	4077.13866875	3964.36194418	4004.68405233	4040.0	6474934.1189587	1611.15426758	4018.81697441
2770	2017-08-19 18:00:00	4099.6	4013.48591001	4040.0	4078.56857478	5400976.6155522	1331.19391512	4057.24256564
2771	2017-08-19 20:00:00	4164.34036109	4056.03093099	4078.16071792	4115.96265203	3946655.6052427	959.7902221	4111.99813705
2772	2017-08-19 22:00:00	4187.8917385	4107.41065888	4114.99999996	4137.62063907	3513652.0901487	845.70413482	4154.70605555
2773	2017-08-20 00:00:00	4151.99999996	4035.33083709	4148.31645086	4096.30969059	3532976.2383189	865.82894447	4080.45522257
2774	2017-08-20 02:00:00	4120.0000003	4075.42939388	4089.61146349	4084.53996458	1635309.4240116	399.08778097	4097.61837367
2775	2017-08-20 04:00:00	4150.32505262	4076.15844839	4084.53996455	4101.17674926	2221484.798724	540.45696714	4110.38238711
2776	2017-08-20 06:00:00	4158.2553941	4086.20300002	4101.17674926	4130.00000001	1524032.9778475	369.94581652	4119.61133169
2777	2017-08-20 08:00:00	4180.0	4106.57068892	4131.10634435	4127.15643692	2484010.5586847	599.25081808	4145.19343777
2778	2017-08-20 10:00:00	4149.9	4066.30617372	4127.1564369	4113.54908418	2453116.090158	597.70061938	4104.25555975
2779	2017-08-20 12:00:00	4123.64802705	4070.0321582	4113.54908418	4077.32770114	1483668.5881478	361.91318731	4099.51513282
2780	2017-08-20 14:00:00	4105.48350063	4058.0	4077.32770114	4093.74210658	2788292.4626946	682.56119232	4085.04394048
2781	2017-08-20 16:00:00	4118.04602657	4080.0	4100.68166412	4109.00000001	2575560.5506607	627.62722215	4103.64697349
2782	2017-08-20 18:00:00	4185.5046549	4097.0	4109.41090001	4149.9999999	3074415.8878801	741.8326983	4144.35208224
2783	2017-08-20 20:00:00	4154.99999998	4101.13517003	4149.99999981	4131.61701803	1418379.1525705	343.94115441	4123.90065679
2784	2017-08-20 22:00:00	4153.7748524	4040.11111111	4132.4132	4074.84913119	1915435.2693144	465.89133292	4111.33484134
2785	2017-08-21 00:00:00	4100.6799598	4058.52359814	4074.0	4078.0	1469266.7656315	360.09824857	4080.18303745
2786	2017-08-21 02:00:00	4082.90218539	4038.52552031	4076.51100001	4062.05803382	1764228.6262229	434.77752864	4057.77325185
2787	2017-08-21 04:00:00	4089.49499989	4000.01000001	4060.40600001	4010.59999983	2424092.969144	599.18521002	4045.64887217
2788	2017-08-21 06:00:00	4033.22845899	3960.0	4007.55720366	4019.99999973	5066644.2736836	1268.06937778	3995.55762678
2789	2017-08-21 08:00:00	4082.81942485	4011.43137481	4011.43137481	4071.99999994	5047966.9838374	1246.17448983	4050.77059836
2790	2017-08-21 10:00:00	4094.99999996	4041.4949999	4062.4	4046.5813083	4419227.0355777	1086.46750751	4067.51882134
2791	2017-08-21 12:00:00	4062.1499997	3980.00000001	4044.98000003	4000.85529995	3928617.0284736	975.97961502	4025.30643879
2792	2017-08-21 14:00:00	4064.99999998	3973.99999997	3998.0	4010.9999999	3426104.5322711	853.35444719	4014.8669097
2793	2017-08-21 16:00:00	4025.0	3991.0	4006.00000031	3995.00000001	1789216.6066846	446.73924653	4005.05803011
2794	2017-08-21 18:00:00	4030.0	3950.0	4000.0	4010.0	3008594.8933991	752.36244253	3998.86374349
2795	2017-08-21 20:00:00	4049.97279472	3991.0	4007.8567	4018.00000016	3107143.3863472	774.65206047	4011.01803622
2796	2017-08-21 22:00:00	4030.99999979	3980.0	4024.71831207	3994.00000003	3634720.8250298	907.20051981	4006.52418694
2797	2017-08-22 00:00:00	4007.99999979	3815.78	4003.56396757	3845.0	8712414.8052209	2236.82732259	3894.98765382
2798	2017-08-22 02:00:00	3897.09631998	3820.00000014	3840.50000001	3831.02099644	3608637.3218583	934.10842366	3863.18893016
2799	2017-08-22 04:00:00	3839.099999	3601.00000005	3831.02099644	3744.00000001	11096421.49474	2984.58659612	3717.9090428
2800	2017-08-22 06:00:00	3832.01350098	3735.0	3748.03220977	3780.0	5439508.7131992	1437.55059728	3783.87287619
2801	2017-08-22 08:00:00	3907.53024	3750.0	3780.0	3890.99999995	4579538.1153112	1193.53219177	3836.96237679
2802	2017-08-22 10:00:00	3898.0	3838.0000003	3890.99999993	3881.999999	2768432.9565144	714.38722064	3875.25543084
2803	2017-08-22 12:00:00	3959.0	3870.38883327	3881.999999	3900.0	4190396.1058077	1067.52993834	3925.31952061
2804	2017-08-22 14:00:00	3916.48274882	3838.4845461	3897.0	3890.00000057	2933908.0590398	755.50879462	3883.35394628
2805	2017-08-22 16:00:00	4000.0	3877.02191236	3880.25922244	3955.80000013	5103384.3749586	1289.32154551	3958.19366606
2806	2017-08-22 18:00:00	4095.0	3955.80000013	3955.80000013	4058.4593	5994176.6316267	1481.93854496	4044.82132677
2807	2017-08-22 20:00:00	4067.0	4007.92079205	4059.00000006	4021.00000006	3727437.7395015	923.27059549	4037.2104968
2808	2017-08-22 22:00:00	4070.0	3958.0	4018.00000003	4064.5176	3861207.6749345	960.3141094	4020.77574112
2809	2017-08-23 00:00:00	4121.204	4020.00000003	4060.0	4110.62000007	2962024.3330502	728.44116528	4066.25061052
2810	2017-08-23 02:00:00	4146.27500003	4050.94250001	4110.62000007	4081.00000001	3826784.9064717	932.53949239	4103.61699177
2811	2017-08-23 04:00:00	4115.8999997	4047.7	4081.00000001	4068.59557907	3184410.4915481	779.94111573	4082.88578114
2812	2017-08-23 06:00:00	4120.0	4050.5971051	4067.0	4117.38000002	2626038.8996488	641.76035921	4091.93067468
2813	2017-08-23 08:00:00	4237.90695325	4095.82051584	4117.38000002	4232.99999995	5475303.6637129	1308.84285825	4183.3163005
2814	2017-08-23 10:00:00	4246.0806024	4191.23678946	4225.00000002	4219.0	2907916.7816124	689.6536666	4216.48853974
2815	2017-08-23 12:00:00	4249.0	4155.87649402	4219.0	4189.9	3640757.2537521	866.49549168	4201.70363113
2816	2017-08-23 14:00:00	4217.0	4157.58649041	4189.9	4200.10000024	2104383.9159555	502.5170825	4187.68632796
2817	2017-08-23 16:00:00	4237.673997	4171.0	4208.14959205	4175.0	3841335.2376886	912.94590162	4207.62635647
2818	2017-08-23 18:00:00	4195.89078763	4112.00000006	4176.00000001	4121.49749784	3081300.0866406	741.57422925	4155.07978177
2819	2017-08-23 20:00:00	4143.0	4080.0	4115.0000013	4087.00000001	6426674.4453409	1564.90426149	4106.75247265
2820	2017-08-23 22:00:00	4161.57999999	4081.5	4087.00000001	4136.0	2606021.073102	631.01136763	4129.91145134
2821	2017-08-24 00:00:00	4208.35991084	4132.0	4132.00000001	4162.99999964	3531077.3172177	847.95800741	4164.21248028
2822	2017-08-24 02:00:00	4205.99	4105.0	4152.0	4125.00000026	2288010.997433	550.70398099	4154.70212022
2823	2017-08-24 04:00:00	4164.36444933	4110.00000001	4125.00000086	4158.53600972	1182120.21583	286.10265758	4131.80438737
2824	2017-08-24 06:00:00	4190.0	4130.0001238	4158.53600972	4175.0	1733420.2348847	416.22432228	4164.62984524
2825	2017-08-24 08:00:00	4225.00000025	4165.00000004	4174.99999999	4170.0	2096725.8550783	499.74315687	4195.60693579
2826	2017-08-24 10:00:00	4196.2869071	4159.0	4178.58210996	4185.00000003	1720712.7168539	411.77632709	4178.75580418
2827	2017-08-24 12:00:00	4199.70610549	4145.17000915	4194.0	4185.0	2051170.325779	491.46255683	4173.60447357
2828	2017-08-24 14:00:00	4240.0	4178.00000009	4184.99999998	4239.8	3201537.7011957	758.61767522	4220.22555731
2829	2017-08-24 16:00:00	4250.0	4189.1	4239.80000001	4211.12467361	3782342.0082002	894.07167085	4230.46846412
2830	2017-08-24 18:00:00	4249.79999998	4183.44969582	4207.5	4244.29999996	2546175.2302253	603.56189018	4218.58184164
2831	2017-08-24 20:00:00	4240.0	4212.00000003	4240.0	4231.0	1502815.2026763	355.75368657	4224.31378622
2832	2017-08-24 22:00:00	4365.0	4226.00003	4226.00083466	4321.0	5701608.5663208	1319.74735896	4320.22729775
2833	2017-08-25 00:00:00	4390.0	4321.0	4321.0	4355.99999997	3585430.9809925	822.51622539	4359.10061141
2834	2017-08-25 02:00:00	4370.0	4315.0548351	4355.99999993	4335.0	2239183.743778	515.90907774	4340.2681604
2835	2017-08-25 04:00:00	4360.0	4286.00000001	4335.0	4312.0	2323000.0951868	537.67991735	4320.41447007
2836	2017-08-25 06:00:00	4348.3022	4286.00000002	4306.5000004	4344.99999989	1771144.9714086	410.1106156	4318.70062377
2837	2017-08-25 08:00:00	4373.0	4311.00000001	4344.99999982	4359.0	1515202.3602503	348.32713206	4349.94067585
2838	2017-08-25 10:00:00	4369.99999986	4322.033898	4356.92921203	4335.00000162	1505333.2407136	346.641729	4342.61981399
2839	2017-08-25 12:00:00	4349.99	4320.0	4339.7223968	4344.9808385	1895057.4404278	437.10397852	4335.48430934
2840	2017-08-25 14:00:00	4432.86906655	4334.2960124	4344.98083847	4410.00000001	3300826.837409	752.10984198	4388.75634005
2841	2017-08-25 16:00:00	4455.123	4397.00000001	4412.49999969	4416.00007263	3571273.0319073	806.32557589	4429.07076085
2842	2017-08-25 18:00:00	4442.39568718	4261.19417368	4420.4160727	4318.78404986	3039457.0639817	697.99471834	4354.55596456
2843	2017-08-25 20:00:00	4364.29999999	4275.1	4316.52553523	4325.0	3000307.3625943	695.22741456	4315.57688859
2844	2017-08-25 22:00:00	4378.99999999	4310.0067147	4325.00000004	4352.00000091	2722242.2082135	625.2393093	4353.92043929
2845	2017-08-26 00:00:00	4375.0	4295.00000007	4352.43520091	4301.01000023	1832841.2604396	422.98194324	4333.14303301
2846	2017-08-26 02:00:00	4327.99999967	4254.0	4301.1	4302.99999993	3089805.6142123	720.43088953	4288.83000315
2847	2017-08-26 04:00:00	4327.99999896	4266.20239252	4302.99999991	4305.93849953	1956980.9468462	454.94497308	4301.57725141
2848	2017-08-26 06:00:00	4342.91692538	4286.46330993	4305.93849953	4338.99999919	1943075.9740225	450.31869293	4314.89077519
2849	2017-08-26 08:00:00	4345.0	4273.00000001	4330.0000011	4300.34248668	1643995.4085921	381.70519061	4306.97682147
2850	2017-08-26 10:00:00	4331.92351007	4290.9901	4299.91245137	4308.00000056	1798584.1474958	417.15139099	4311.58612039
2851	2017-08-26 12:00:00	4315.00000004	4248.61386148	4308.0000006	4279.00000027	3307799.5707498	773.94984588	4273.9198003
2852	2017-08-26 14:00:00	4312.74349475	4258.00000017	4279.00000027	4298.99999994	2589370.0382486	603.56328066	4290.13845145
2853	2017-08-26 16:00:00	4305.44809514	4266.53486065	4305.44809514	4285.00000002	1288683.3014749	300.61385302	4286.83937392
2854	2017-08-26 18:00:00	4358.99999989	4267.00000239	4285.00000002	4330.86703993	1724112.8407776	398.50353956	4326.46807273
2855	2017-08-26 20:00:00	4356.99999998	4317.0	4322.42478544	4333.44950851	1200550.1876675	276.45600503000003	4342.6446372
2856	2017-08-26 22:00:00	4355.0	4304.99780937	4334.89901685	4354.95	1600532.7614583	368.95654377	4337.99803387
2857	2017-08-27 00:00:00	4398.0	4325.00000006	4354.94999999	4395.99999998	1460490.9506725	335.03463722	4359.22375904
2858	2017-08-27 02:00:00	4397.99999998	4328.93426294	4395.0	4334.00000003	2088212.4409592	478.47410173	4364.31655006
2859	2017-08-27 04:00:00	4359.52114727	4305.00000004	4346.56729977	4334.40000001	1716064.192194	395.94773232	4334.06748446
2860	2017-08-27 06:00:00	4354.32199998	4305.99999963	4334.4	4339.99999997	987959.58922154	227.76736428	4337.58186711
2861	2017-08-27 08:00:00	4340.49999993	4249.39291	4339.99999997	4309.0727	2372469.4230588	552.20496387	4296.35656737
2862	2017-08-27 10:00:00	4357.99999967	4274.46955461	4309.0727	4347.35	1749590.4998373	404.29209528	4327.54070698
2863	2017-08-27 12:00:00	4359.13500049	4309.00698647	4346.17500158	4320.05508904	1785909.3834535	412.18052612	4332.83299496
2864	2017-08-27 14:00:00	4351.0	4321.18410352	4321.18410354	4340.76520731	1779325.8828775	410.69815333	4332.44188816
2865	2017-08-27 16:00:00	4361.99999999	4330.16099163	4340.76520731	4349.0	1554535.8480801	357.58041059	4347.37419064
2866	2017-08-27 18:00:00	4365.0	4334.0	4349.0	4357.99999978	1245680.1805971	286.27854054	4351.28731007
2867	2017-08-27 20:00:00	4374.99999996	4347.37152053	4357.99999979	4355.31459201	1481982.2195384	339.85793982	4360.59319468
2868	2017-08-27 22:00:00	4355.31459215	4320.28675971	4355.31459205	4321.66862636	1634983.0089033	376.90178147	4337.95511001
2869	2017-08-28 00:00:00	4335.98732895	4288.09760951	4330.0	4310.1767995	2103405.8231744	488.56650771	4305.25995945
2870	2017-08-28 02:00:00	4321.56739988	4273.00728927	4297.0	4280.0	1986002.4571895	461.59892285	4302.44170616
2871	2017-08-28 04:00:00	4284.97960007	4170.0000005	4279.99999999	4220.99999957	7001226.7754126	1661.34860214	4214.18284301
2872	2017-08-28 06:00:00	4284.98999984	4215.87599978	4216.10000001	4279.01003887	1869086.6768272	439.38616565	4253.85873053
2873	2017-08-28 08:00:00	4301.8098811	4245.61713404	4271.79999985	4288.80467934	1927962.4797668	451.0020223	4274.84220566
2874	2017-08-28 10:00:00	4340.0	4270.0	4300.99849796	4310.93769748	2447745.700159	568.02550479	4309.21794799
2875	2017-08-28 12:00:00	4343.89349942	4253.26141016	4322.19088928	4319.99999998	3048662.5594965	707.35171004	4309.96704499
2876	2017-08-28 14:00:00	4335.0	4276.00149993	4319.99999996	4295.00000018	2743632.2737105	636.19713445	4312.5505054
2877	2017-08-28 16:00:00	4399.99	4295.22222231	4295.849	4353.00000102	4920124.5757648	1131.07092987	4349.96996725
2878	2017-08-28 18:00:00	4367.06199983	4324.00000005	4353.00000102	4339.99999993	1395812.0672329	321.56345564	4340.70489899
2879	2017-08-28 20:00:00	4390.00000009	4323.23030871	4339.9999999	4389.97840037	1645862.4420363	378.2282979	4351.50529765
2880	2017-08-28 22:00:00	4399.000099	4353.00000001	4389.97840037	4380.009999	1508716.3454091	344.62833219	4377.80705904
2881	2017-08-29 00:00:00	4390.0	4360.0	4380.009999	4362.77308106	887862.56061205	203.00272517	4373.64848116
2882	2017-08-29 02:00:00	4395.00001343	4353.0	4367.5631999	4385.49999978	1131762.2145039	258.7764064	4373.51391592
2883	2017-08-29 04:00:00	4389.9999999	4360.00000013	4381.0	4370.0	715854.11489999	163.48626734	4378.68040262
2884	2017-08-29 06:00:00	4379.98057795	4337.00000001	4370.0	4347.70989893	1058893.6644451	242.63233552	4364.19021469
2885	2017-08-29 08:00:00	4378.85283498	4338.00000001	4347.709899	4363.00049045	1546881.729801	354.75160298	4360.46438354
2886	2017-08-29 10:00:00	4402.65407916	4336.0	4355.02722492	4382.99999999	2107238.9210972	481.45438674	4376.81944361
2887	2017-08-29 12:00:00	4636.50347097	4364.14914334	4380.916303	4598.9	8663376.9281824	1922.43196102	4506.4673829
2888	2017-08-29 14:00:00	4620.0	4546.29862916	4598.9	4589.99999999	5363012.7750152	1170.26609645	4582.72933932
2889	2017-08-29 16:00:00	4590.0	4530.65799996	4580.0	4558.76452029	2947674.0783569	647.55065161	4552.03630948
2890	2017-08-29 18:00:00	4594.1107	4555.00014446	4558.76452029	4588.0	1542538.1936144	337.04812693	4576.61108419
2891	2017-08-29 20:00:00	4650.0	4585.94366631	4586.00000001	4621.0	3423137.0931917	740.84552874	4620.5814308
2892	2017-08-29 22:00:00	4627.99999984	4571.99999992	4621.00000001	4590.00000001	2361993.2207827	513.47318788	4600.0322442
2893	2017-08-30 00:00:00	4625.60249998	4560.403	4590.00000002	4618.0	1912030.6802213	416.14049323	4594.67586386
2894	2017-08-30 02:00:00	4620.64786996	4590.0	4616.72483759	4593.01000015	1135160.1290739	246.59046259	4603.42268371
2895	2017-08-30 04:00:00	4632.19603703	4576.46667216	4597.99999883	4604.55785974	2321451.0826706	504.89780357	4597.86330274
2896	2017-08-30 06:00:00	4630.0	4565.88	4609.41430631	4572.0	1978111.6211864	430.3370774	4596.65626103
2897	2017-08-30 08:00:00	4595.60706999	4501.6883681	4574.99999899	4510.99999998	3381015.2365232	743.19258447	4549.31239516
2898	2017-08-30 10:00:00	4554.56522556	4465.89999997	4510.99999998	4520.18183415	3162103.3283667	700.97700877	4510.99435331
2899	2017-08-30 12:00:00	4580.00000001	4511.35086061	4520.18183415	4571.99999999	2183102.5399157	479.83368352	4549.7067315
2900	2017-08-30 14:00:00	4577.900047	4530.18183419	4570.2	4556.00000005	1792563.8991372	393.69126615	4553.22241884
2901	2017-08-30 16:00:00	4590.18193418	4556.00000007	4556.0000001	4590.18000001	1284939.2016438	280.72794221	4577.16888289
2902	2017-08-30 18:00:00	4599.18193418	4545.0	4590.18193418	4557.25139963	2205377.7177252	481.02105059	4584.78421062
2903	2017-08-30 20:00:00	4576.0	4538.58208596	4557.51406786	4565.11500186	806249.58260027	176.92077972	4557.12202871
2904	2017-08-30 22:00:00	4581.89999991	4560.1216127	4569.99999999	4573.3974586	1163628.0289089	254.42485383	4573.56272939
2905	2017-08-31 00:00:00	4609.0	4563.93900054	4567.7	4597.99999984	1510676.5215092	328.93470161	4592.63347441
2906	2017-08-31 02:00:00	4629.99	4585.0	4597.99999983	4618.13999999	1657006.8196839	359.17369537	4613.38578254
2907	2017-08-31 04:00:00	4630.0	4600.00000019	4618.13999999	4618.38210651	1138463.9611695	246.60101759	4616.62312789
2908	2017-08-31 06:00:00	4624.99999973	4580.3450666	4620.0000003	4611.00000059	1479122.6777075	321.69619673	4597.88674141
2909	2017-08-31 08:00:00	4620.0	4590.00000002	4617.50381615	4600.00000001	988355.85068562	214.64425368	4604.62292253
2910	2017-08-31 10:00:00	4688.95544621	4600.00000004	4600.46000001	4688.95544621	2672949.1147607	574.33585782	4653.98264511
2911	2017-08-31 12:00:00	4725.0	4671.7363103	4684.35000003	4714.99999996	2512930.8608811	535.27767649	4694.63041567
2912	2017-08-31 14:00:00	4715.0	4665.0	4713.0	4693.99999946	2979562.4809311	634.63965965	4694.88856491
2913	2017-08-31 16:00:00	4728.59572519	4688.84986698	4689.49	4719.99999999	3395518.2834247	721.24444017	4707.8606008
2914	2017-08-31 18:00:00	4742.4189453	4700.0	4719.99999999	4710.09646678	2230858.5443221	472.66618666	4719.73373023
2915	2017-08-31 20:00:00	4735.99999995	4701.00000006	4710.09646678	4709.22307715	1304329.4047089	276.36777169	4719.54235739
2916	2017-08-31 22:00:00	4734.91829738	4708.00000002	4709.22307727	4715.15472512	1822577.3043707	386.25248421	4718.61639439
2917	2017-09-01 00:00:00	4750.0	4710.00000003	4715.15472512	4749.99	1906923.4159173	402.75077005	4734.74803209
2918	2017-09-01 02:00:00	4749.99999999	4727.00000019	4749.99999999	4734.00000008	1776522.1352473	374.78292253	4740.13629878
2919	2017-09-01 04:00:00	4735.99999998	4675.0	4734.00000008	4678.80774774	2817085.950675	599.658919	4697.81380951
2920	2017-09-01 06:00:00	4730.11	4664.63384397	4678.33986696	4730.11	1896577.704272	403.30701978	4702.56556731
2921	2017-09-01 08:00:00	4770.0	4722.88257349	4730.00000209	4758.36186111	1943136.9200147	408.65069408	4755.00702229
2922	2017-09-01 10:00:00	4790.0	4750.99999953	4754.35583209	4774.99999983	2531141.2596361	530.23099065	4773.65771573
2923	2017-09-01 12:00:00	4829.0	4750.73969172	4770.6218671	4800.50000057	5370579.9317476	1119.59733926	4796.88522241
2924	2017-09-01 14:00:00	4803.84837	4721.011	4800.50000099	4777.88169984	4399943.975205	923.77271258	4763.01574541
2925	2017-09-01 16:00:00	4818.00999997	4756.68503227	4777.88169984	4814.99999999	4286187.9448337	894.37262433	4792.39617608
2926	2017-09-01 18:00:00	4865.55901952	4771.12000004	4811.00000011	4860.0	5109692.8655657	1060.78784219	4816.88483063
2927	2017-09-01 20:00:00	4899.0	4816.5748562	4860.48600002	4845.90648318	6363844.1556656	1309.35171032	4860.30155649
2928	2017-09-01 22:00:00	4900.0	4830.83135125	4845.89832746	4899.00000047	2729459.436856	560.65388519	4868.35016925
2929	2017-09-02 00:00:00	4940.0	4886.24474198	4899.99999999	4939.0	3320098.9692541	675.66967892	4913.79008535
2930	2017-09-02 02:00:00	4950.0	4800.0	4940.0	4807.00000007	8931506.0289981	1836.89635296	4862.28088732
2931	2017-09-02 04:00:00	4850.58281271	4530.0	4807.00000007	4544.99999967	11453838.137209	2460.52168298	4655.04458523
2932	2017-09-02 06:00:00	4765.01333328	4530.0	4535.71576561	4719.19999999	11209193.920572	2400.58393336	4669.36138528
2933	2017-09-02 08:00:00	4719.07060243	4540.14	4706.0	4621.15918432	6571358.1059456	1421.9127082	4621.49192988
2934	2017-09-02 10:00:00	4693.999996	4570.0	4620.45900009	4647.99999986	3436847.299381	740.50664987	4641.21058195
2935	2017-09-02 12:00:00	4683.59999799	4549.99799993	4642.00060001	4616.43079985	5222722.1723781	1134.91933827	4601.84437454
2936	2017-09-02 14:00:00	4621.14138777	4361.18000002	4600.00000004	4494.99999982	15325300.422723	3440.08205445	4454.9229292
2937	2017-09-02 16:00:00	4558.09799994	4397.0	4494.99999982	4550.0	7708735.383415	1716.40965541	4491.19786708
2938	2017-09-02 18:00:00	4557.0959995	4465.00000028	4550.0	4500.00000811	3806053.5121665	842.51411333	4517.49525847
2939	2017-09-02 20:00:00	4513.99999989	4367.0	4504.00000026	4413.156	6552801.7329736	1484.47205705	4414.23043421
2940	2017-09-02 22:00:00	4511.0	4405.24929666	4414.9999999	4511.0	4909844.0374824	1100.6710143	4460.77344973
2941	2017-09-03 00:00:00	4610.27128698	4505.0	4511.0	4570.75478118	4859879.490264	1063.63807232	4569.11012941
2942	2017-09-03 02:00:00	4603.18799985	4525.0	4570.06999991	4603.18799981	2298590.3073119	502.0239791	4578.6464452
2943	2017-09-03 04:00:00	4730.0	4600.10000072	4603.18799985	4706.86535838	4107380.0575217	878.07473049	4677.71126408
2944	2017-09-03 06:00:00	4723.42800001	4608.0	4702.09762165	4636.49999961	4453275.49489	954.93669237	4663.4248432
2945	2017-09-03 08:00:00	4670.0	4518.56569845	4636.49999961	4550.0	3662003.0430582	797.24770068	4593.30649675
2946	2017-09-03 10:00:00	4572.31199977	4470.92373714	4550.0	4514.0	2916606.5086187	645.70043527	4516.96537481
2947	2017-09-03 12:00:00	4550.0	4348.56	4514.0	4349.0	5823009.1749413	1307.84115135	4452.38259167
2948	2017-09-03 14:00:00	4455.3	4330.0	4349.99999999	4448.04412787	5510189.7022738	1255.45510156	4388.99781874
2949	2017-09-03 16:00:00	4524.99999998	4426.29186966	4441.33216714	4499.39064847	3287280.9025945	732.50131389	4487.74744872
2950	2017-09-03 18:00:00	4552.87098399	4447.0	4500.59376836	4552.0	2342766.005516	520.66116244	4499.59815427
2951	2017-09-03 20:00:00	4600.00271251	4490.0	4552.43361705	4598.54011145	2032939.8529351	447.62193467	4541.64484685
2952	2017-09-03 22:00:00	4626.09681531	4562.00000005	4598.54011145	4604.23005	2946786.5010243	641.88015429	4590.8671289
2953	2017-09-04 00:00:00	4609.41189999	4500.20000032	4604.23005	4523.63760219	2595921.9734292	571.11931219	4545.32339919
2954	2017-09-04 02:00:00	4548.38015799	4490.0	4523.63760225	4542.90966316	1513260.8846687	334.80087926	4519.88324526
2955	2017-09-04 04:00:00	4544.052575	4510.60166607	4543.36398824	4514.33145255	1265748.9537261	279.70151943	4525.35601631
2956	2017-09-04 06:00:00	4517.49624931	4367.1	4514.3314525	4369.99999997	5466082.6238355	1230.60797454	4441.77409615
2957	2017-09-04 08:00:00	4390.0	4271.30000002	4369.11000001	4340.0696	14373291.353342	3318.09777875	4331.78655716
2958	2017-09-04 10:00:00	4430.99999998	4230.512	4336.36842547	4268.42681077	7091118.0420538	1638.46544003	4327.90211426
2959	2017-09-04 12:00:00	4347.85163148	4200.0	4268.5	4289.7855	8199940.5538457	1923.06689654	4263.99131959
2960	2017-09-04 14:00:00	4289.78549996	4050.0	4289.78549996	4162.99999998	11481395.07938	2773.79168154	4139.24201871
2961	2017-09-04 16:00:00	4194.29314925	4021.8	4162.99999998	4040.10000006	8779197.9219203	2146.85870141	4089.32265367
2962	2017-09-04 18:00:00	4283.06313178	4043.79724996	4051.00827	4235.0	9193393.7837518	2198.92657271	4180.85528541
2963	2017-09-04 20:00:00	4346.44694449	4159.27202599	4232.48107222	4318.56367694	6337535.6528607	1484.68923516	4268.59406182
2964	2017-09-04 22:00:00	4336.68655585	4165.37373766	4315.00000005	4208.99999996	4931599.4890602	1160.95049154	4247.89818773
2965	2017-09-05 00:00:00	4219.99999991	3919.53956894	4208.99999996	3920.0	8062766.7906413	1980.08614758	4071.92727472
2966	2017-09-05 02:00:00	4084.99999999	3910.0	3920.0	3990.8055	7565115.4607663	1900.2158794	3981.18737075
2967	2017-09-05 04:00:00	4060.35739324	3937.0	3991.005	3956.99999994	4412139.7592937	1103.45586355	3998.47416198
2968	2017-09-05 06:00:00	4182.12547017	3956.99999998	3957.0	4171.79089996	5215999.3804436	1279.1416473	4077.73399564
2969	2017-09-05 08:00:00	4194.12341	4065.87152457	4174.00000002	4150.0	5378094.2039926	1300.55414987	4135.23281943
2970	2017-09-05 10:00:00	4244.99999996	4125.10874503	4150.0	4243.89999992	3743132.1785151	894.86175078	4182.91671898
2971	2017-09-05 12:00:00	4299.0	4200.49150416	4243.89999992	4287.0	4931083.4637514	1159.43098382	4253.02025956
2972	2017-09-05 14:00:00	4289.99999999	4203.00000609	4287.94707928	4203.00000609	4513585.2300563	1061.06840028	4253.81175131
2973	2017-09-05 16:00:00	4368.448	4150.0	4203.0	4345.0	4464102.5130736	1043.39260652	4278.44944
2974	2017-09-05 18:00:00	4450.00000004	4330.0	4339.2000002	4422.99999998	4837477.4299611	1099.06704544	4401.43979389
2975	2017-09-05 20:00:00	4439.27302009	4350.0	4422.99999998	4380.57364969	3146752.1295835	716.34057823	4392.81568741
2976	2017-09-05 22:00:00	4472.35273107	4364.0717071	4385.70150793	4385.95793389	3496223.405106	790.45372827	4423.05890916
2977	2017-09-06 00:00:00	4489.0	4368.0	4385.8548202	4485.65973401	2951371.0684393	664.49711925	4441.51070477
2978	2017-09-06 02:00:00	4495.0	4446.36676047	4487.40470686	4455.90812965	3415797.2886139	764.48837561	4468.08270418
2979	2017-09-06 04:00:00	4470.4471886	4355.0	4459.0069	4398.568942	4999851.8847799	1134.29220403	4407.90465368
2980	2017-09-06 06:00:00	4489.452145	4349.09835001	4398.568942	4465.0	3034296.2386227	686.14860243	4422.21441226
2981	2017-09-06 08:00:00	4542.18062056	4465.22325007	4465.22325007	4492.7995037	3806308.3314519	844.5513815	4506.89965682
2982	2017-09-06 10:00:00	4539.00000003	4481.0	4497.0	4530.0	2557506.8243165	566.86520872	4511.66659194
2983	2017-09-06 12:00:00	4568.00217	4432.23133345	4530.0	4501.28771197	3924116.5677736	872.27008412	4498.74028608
2984	2017-09-06 14:00:00	4589.93454671	4471.00000001	4501.28771197	4589.89989999	3409896.905241	752.52272307	4531.28762853
2985	2017-09-06 16:00:00	4630.57664352	4553.00000015	4589.0	4628.0	3384907.8207507	737.78925252	4587.90611165
2986	2017-09-06 18:00:00	4628.76855	4550.0	4624.23120002	4588.78941159	2328835.4766233	507.300896	4590.6393917
2987	2017-09-06 20:00:00	4592.62829736	4511.2305501	4588.78941159	4585.0	2246908.5863978	494.21301337	4546.43751906
2988	2017-09-06 22:00:00	4608.989	4542.8443201	4580.55444101	4589.00866529	1785471.4124899	389.62029684	4582.59342999
2989	2017-09-07 00:00:00	4593.78166078	4450.0	4592.0	4457.2275	4651143.2895003	1030.48842141	4513.53279946
2990	2017-09-07 02:00:00	4543.99999996	4447.22235	4457.2275	4500.0	2603093.5199541	579.25921809	4493.8318436
2991	2017-09-07 04:00:00	4547.788206	4488.73584309	4500.0	4530.0	1037534.8348027	229.25698112	4525.64118106
2992	2017-09-07 06:00:00	4534.50417397	4466.55081111	4530.2265	4476.61152828	2151835.8187847	478.86062332	4493.65789123
2993	2017-09-07 08:00:00	4591.4	4462.11000002	4476.83537001	4591.4	2576922.3291043	568.90406191	4529.62547051
2994	2017-09-07 10:00:00	4630.0	4569.0	4591.4	4609.99999999	2483755.5449671	540.42203696	4595.95533694
2995	2017-09-07 12:00:00	4685.12007432	4583.69716486	4609.30853439	4679.1	3151636.5895818	678.186104	4647.15595172
2996	2017-09-07 14:00:00	4685.12007423	4632.20510443	4685.12007423	4683.0	3028226.7915329	650.10169601	4658.08166648
2997	2017-09-07 16:00:00	4683.0	4588.00000004	4683.0	4615.3	2092126.4532923	452.45175917	4623.97683485
2998	2017-09-07 18:00:00	4628.22370368	4583.92635	4615.29999993	4607.9	1306729.4775306	283.56214889	4608.26482887
2999	2017-09-07 20:00:00	4621.224	4555.22775001	4607.9	4621.224	2346203.6850839	512.40486531	4578.80836799
3000	2017-09-07 22:00:00	4644.15372977	4602.12686519	4621.42818997	4613.67058239	1149474.831833	248.5482806	4624.75471187
3001	2017-09-08 00:00:00	4620.0	4561.77920774	4613.67058241	4580.695916	1571615.9433631	342.39838879	4590.02143356
3002	2017-09-08 02:00:00	4611.41333329	4571.33169639	4584.0	4601.47596894	1473954.5157842	320.71019316	4595.90791693
3003	2017-09-08 04:00:00	4609.30421636	4564.0	4607.76970001	4591.25740597	1116277.3477541	243.20006641	4589.95494627
3004	2017-09-08 06:00:00	4638.99999999	4590.0	4591.00000004	4632.76835	1224512.132412	265.25204065	4616.40984706
3005	2017-09-08 08:00:00	4678.1	4624.50394582	4632.7683	4652.11038284	2294479.6078909	493.46088238	4649.77000167
3006	2017-09-08 10:00:00	4656.16714992	4615.34811837	4652.11038284	4628.99999992	1363586.2216243	294.52928638	4629.71352826
3007	2017-09-08 12:00:00	4649.99999999	4321.0	4621.18133125	4389.99999999	10461736.412591	2349.93767869	4451.92079239
3008	2017-09-08 14:00:00	4389.99999999	4050.0	4389.99999999	4330.88686803	27064099.526214	6390.38990397	4235.12491927
3009	2017-09-08 16:00:00	4390.0	4201.47	4330.30399995	4255.0	8741214.1373799	2026.86013936	4312.68737671
3010	2017-09-08 18:00:00	4315.87499986	4160.0	4255.21275	4183.55874618	5866755.1809899	1376.74926795	4261.30982421
3011	2017-09-08 20:00:00	4230.000001	4105.34100001	4183.55874618	4168.0	7728484.3474252	1854.97124614	4166.36342126
3012	2017-09-08 22:00:00	4337.13697141	4163.0	4167.99999999	4301.07510754	5543635.3386542	1300.30029985	4263.35004251
3013	2017-09-09 00:00:00	4323.47514644	4189.66386654	4308.52943341	4204.89453629	2996290.7454183	705.81944819	4245.12352713
3014	2017-09-09 02:00:00	4299.10469946	4150.0	4205.104781	4255.99999998	2540890.4414351	601.54450715	4223.94421565
3015	2017-09-09 04:00:00	4377.59999999	4200.13250019	4255.57441056	4370.65247792	2465244.3702746	574.29721024	4292.62814848
3016	2017-09-09 06:00:00	4374.78124984	4308.59624373	4370.65247791	4336.85817619	1930478.2362099	444.47722539	4343.2556854
3017	2017-09-09 08:00:00	4353.75800197	4277.77583547	4336.6413441	4337.1938875	2172838.7691808	504.05066865	4310.75466083
3018	2017-09-09 10:00:00	4353.99999999	4301.988	4337.19388748	4350.19	1577251.5717324	364.38861138	4328.48756101
3019	2017-09-09 12:00:00	4368.99999997	4262.456576	4350.18999999	4287.0	1884061.3107769	436.96154495	4311.73253699
3020	2017-09-09 14:00:00	4305.86652428	4251.00000001	4287.0	4274.89461197	2081436.3856861	486.08506621	4282.04141697
3021	2017-09-09 16:00:00	4295.4180152	4214.00000001	4275.50692143	4238.78804999	1924970.3544435	452.57219011	4253.39956035
3022	2017-09-09 18:00:00	4294.572	4164.0	4238.0	4269.24725003	3178084.0897939	755.06410553	4209.0255205
3023	2017-09-09 20:00:00	4299.47796037	4255.0	4269.24725003	4264.31067903	705260.78265667	165.01737685	4273.85767559
3024	2017-09-09 22:00:00	4340.0	4262.39551154	4264.31067903	4321.06375806	1574509.4232746	365.07867586	4312.7948231
3025	2017-09-10 00:00:00	4322.14135638	4272.14270452	4322.14135638	4291.78539999	861097.87053877	200.59999664	4292.61159003
3026	2017-09-10 02:00:00	4291.14166432	4186.00000004	4291.14166432	4188.25704144	2266096.200876	536.79674567	4221.51627996
3027	2017-09-10 04:00:00	4230.0	4068.0	4188.40951002	4121.2920983	5009459.8047027	1213.24076496	4128.99067471
3028	2017-09-10 06:00:00	4132.39444229	3973.65663723	4121.086044	4094.99999962	8071019.6088127	1992.9021862	4049.88246021
3029	2017-09-10 08:00:00	4135.29683914	4025.20125002	4094.99999983	4032.01083873	3666857.5182559	897.88495028	4083.88348319
3030	2017-09-10 10:00:00	4125.0	4030.00000003	4033.32129194	4125.0	2568366.8904297	631.37462422	4067.89692189
3031	2017-09-10 12:00:00	4142.0	4080.57644412	4125.01333332	4140.61503096	1878355.3676711	456.40962004	4115.5034539
3032	2017-09-10 14:00:00	4199.66421422	4117.32133059	4140.61503096	4128.0	2483886.940415	597.10925524	4159.85335785
3033	2017-09-10 16:00:00	4322.93224359	4119.0	4128.0	4270.0	4814778.5447147	1136.99172945	4234.66452745
3034	2017-09-10 18:00:00	4309.7845	4250.0	4269.7865	4309.7845	2897909.5013237	677.67294376	4276.26560571
3035	2017-09-10 20:00:00	4309.7845	4226.36100972	4306.86	4239.99999999	1513169.8182487	355.74216634	4253.55766457
3036	2017-09-10 22:00:00	4288.2099999	4213.0	4238.4434721	4230.0	1244563.722007	293.08915492	4246.36565739
3037	2017-09-11 00:00:00	4330.0	4203.0	4229.99998942	4330.0	2160446.3831529	506.50934019	4265.36336396
3038	2017-09-11 02:00:00	4370.0	4294.05539867	4324.70864149	4342.21710006	2703393.9885886	624.98492755	4325.53469599
3039	2017-09-11 04:00:00	4348.83012512	4120.786	4342.21710006	4164.58351032	6401408.5043113	1523.60870453	4201.47803388
3040	2017-09-11 06:00:00	4232.83426269	4123.00000001	4164.58351032	4173.30865001	3550438.7271464	846.98677745	4191.84669899
3041	2017-09-11 08:00:00	4220.0	4125.00000001	4178.1230724	4182.58170925	2580002.411089	618.61880971	4170.58513351
3042	2017-09-11 10:00:00	4211.0	4155.00000007	4181.98325868	4180.0	1868086.6762787	446.21606105	4186.50702953
3043	2017-09-11 12:00:00	4287.0	4162.30000001	4180.0	4257.81107997	2158618.0100798	511.98856881	4216.14493287
3044	2017-09-11 14:00:00	4275.21305	4206.29967449	4257.81107997	4232.0	1347486.7800305	317.29787409	4246.75640798
3045	2017-09-11 16:00:00	4271.0	4203.39804839	4232.0	4212.544718	1636087.6345265	385.1493997	4247.92985735
3046	2017-09-11 18:00:00	4225.15650101	4168.00001	4212.544718	4196.79999993	1448135.1166718	344.76739561	4200.32501655
3047	2017-09-11 20:00:00	4201.1483919	4161.2000004	4196.79999991	4182.10989552	833758.04736226	199.6248914	4176.6236741
3048	2017-09-11 22:00:00	4219.99999925	4181.00000004	4181.00000004	4200.21000001	975339.43541842	231.81460262	4207.41154523
3049	2017-09-12 00:00:00	4252.12054275	4200.20998967	4200.21000003	4225.56063359	1338988.6029589	316.39446574	4232.02283209
3050	2017-09-12 02:00:00	4292.99999999	4221.00000002	4225.34935551	4292.99999991	1805114.7175822	423.98978148	4257.44863775
3051	2017-09-12 04:00:00	4315.0	4259.46400005	4292.99999991	4314.99999999	1563060.6292	363.98328184	4294.31984155
3052	2017-09-12 06:00:00	4376.40009654	4311.31959994	4315.0	4353.6	3172655.5120694	730.11227906	4345.43508315
3053	2017-09-12 08:00:00	4366.34498271	4255.53017263	4360.0	4326.0	2323522.0314595	539.50895105	4306.73490576
3054	2017-09-12 10:00:00	4368.341341	4290.0	4325.1348647	4331.0	1709130.4767975	394.7269965	4329.90520524
3055	2017-09-12 12:00:00	4353.78999999	4251.61561343	4331.00000001	4263.21315001	1927704.6623038	448.66492844	4296.53520948
3056	2017-09-12 14:00:00	4294.78524999	4230.00000001	4266.24539202	4234.99999999	1902408.231164	445.42457909	4270.99967193
3057	2017-09-12 16:00:00	4272.89945492	4181.00000001	4235.0	4185.18100002	2601295.2993967	614.87251431	4230.62543674
3058	2017-09-12 18:00:00	4185.26770738	4050.7196195	4185.18100002	4156.66799988	10260877.700225	2494.59336463	4113.24660993
3059	2017-09-12 20:00:00	4198.885	4115.10000002	4155.66799986	4184.91846055	2168107.0029923	520.92723647	4162.0150593
3060	2017-09-12 22:00:00	4185.0	4105.7277539	4184.91846055	4143.7887779	1433950.5592891	345.77275723	4147.08946643
3061	2017-09-13 00:00:00	4158.54014199	4085.0	4143.7887779	4094.26969094	1637954.5176195	398.44122228	4110.90626679
3062	2017-09-13 02:00:00	4102.47463722	3933.90000001	4097.65909502	3950.2591024	7289929.8708809	1822.29842548	4000.40397826
3063	2017-09-13 04:00:00	4022.82023656	3899.0	3941.0000001	3967.92146879	7661786.0000159	1936.98784745	3955.51578194
3064	2017-09-13 06:00:00	4042.0	3901.0	3967.89999999	3944.2000001	3910666.2106207	983.30545062	3977.06145954
3065	2017-09-13 08:00:00	3991.69999979	3898.0	3944.2000001	3909.99950112	3398703.6535068	861.17910795	3946.5700249
3066	2017-09-13 10:00:00	3938.02383309	3793.7288683	3909.99950112	3826.79999987	7017706.0075061	1823.21410385	3849.0849718
3067	2017-09-13 12:00:00	3920.0	3779.47201703	3815.99999995	3827.5479226	7822212.5115763	2034.31619695	3845.13111742
3068	2017-09-13 14:00:00	3875.762955	3738.0	3827.5479226	3822.00000001	7706441.8983222	2030.4007014	3795.52759857
3069	2017-09-13 16:00:00	3946.4903669	3800.00000048	3824.99999999	3901.182	5637858.4118397	1446.08080219	3898.7160353
3070	2017-09-13 18:00:00	3927.91000441	3827.32999999	3903.99999984	3839.0148118	2982262.6217871	769.35831544	3876.29867896
3071	2017-09-13 20:00:00	3909.99999992	3827.10000009	3838.99999967	3875.99999997	1822095.2831819	469.74188884	3878.92867651
3072	2017-09-13 22:00:00	3967.85522144	3851.77912049	3873.31729995	3863.99999999	2882758.7992097	737.09854971	3910.95437692
3073	2017-09-14 00:00:00	3931.34184627	3855.39376009	3860.40366478	3910.42560083	1620213.1231845	415.05414661	3903.61868786
3074	2017-09-14 02:00:00	3918.24645187	3780.00000031	3918.24645187	3791.00000005	3741995.5964494	978.16972694	3825.50746909
3075	2017-09-14 04:00:00	3837.00000002	3743.87385967	3791.00000005	3786.99142333	1744274.8109451	459.9394189	3792.40121474
3076	2017-09-14 06:00:00	3899.89999988	3781.54000003	3789.9171959	3859.0000004	2934477.7736715	761.40177898	3854.04638481
3077	2017-09-14 08:00:00	3890.99999999	3752.00000001	3859.00000039	3752.01714152	3697879.3345939	967.38136269	3822.56623624
3078	2017-09-14 10:00:00	3799.99999997	3530.0	3752.2	3585.00000008	15662276.138588	4281.85764448	3657.82271131
3079	2017-09-14 12:00:00	3665.0	3430.0	3590.0	3546.45	20574687.181975	5812.97442734	3539.44223205
3080	2017-09-14 14:00:00	3600.99999995	3475.01	3546.45	3528.97999987	8877120.8391185	2509.6445951	3537.20238174
3081	2017-09-14 16:00:00	3528.97999995	3308.0	3528.97999987	3308.0	12636608.56509	3710.61238987	3405.53181991
3082	2017-09-14 18:00:00	3494.99999991	3255.0	3307.99999999	3361.64109984	10340500.533723	3070.21619224	3368.00403823
3083	2017-09-14 20:00:00	3450.0	3290.0	3361.64109979	3292.0000001	7112730.0087703	2117.2836697	3359.36563936
3084	2017-09-14 22:00:00	3358.0	3203.0	3297.05043336	3225.00000019	7721870.8747593	2361.71764391	3269.59951993
3085	2017-09-15 00:00:00	3438.93333331	3225.00000059	3225.00000059	3413.15999992	8539283.1283866	2546.66153974	3353.12839776
3086	2017-09-15 02:00:00	3487.53287471	3352.112	3413.15999995	3369.99999996	6766800.5777798	1983.55566254	3411.44980479
3087	2017-09-15 04:00:00	3378.0	3250.00000001	3369.99999993	3337.00000007	4502046.3684772	1359.63581789	3311.21489242
3088	2017-09-15 06:00:00	3363.13289986	3059.0	3337.34999985	3132.0	11260629.796684	3563.69716778	3159.81669219
3089	2017-09-15 08:00:00	3199.99999999	3040.3	3132.0	3040.30000011	9501251.9432269	3069.23482621	3095.64190465
3090	2017-09-15 10:00:00	3125.08083157	2927.40000002	3049.99999981	3010.0	12635867.874118	4194.18408335	3012.71179876
3091	2017-09-15 12:00:00	3457.0	3000.0	3010.0	3406.0	24193469.939876	7340.97751734	3295.67416365
3092	2017-09-15 14:00:00	3750.0	3385.00000002	3405.00000003	3714.99999997	21658403.634054	5993.54777881	3613.61991817
3093	2017-09-15 16:00:00	3770.0	3460.0	3710.33840003	3597.99999987	18473461.258257	5142.32285212	3592.43512893
3094	2017-09-15 18:00:00	3774.98263993	3553.00000007	3595.0	3671.51	8132467.3693323	2227.05048551	3651.67625172
3095	2017-09-15 20:00:00	3817.74999997	3645.0	3671.51	3790.24427071	7532482.4406289	2014.83987109	3738.50177808
3096	2017-09-15 22:00:00	3800.0	3640.46640022	3788.00000003	3696.0	6035625.5706233	1625.51234196	3713.06043936
3097	2017-09-16 00:00:00	3779.63480521	3680.0	3696.0	3765.87210013	2396715.1349445	641.62519523	3735.3818908
3098	2017-09-16 02:00:00	3806.89503914	3704.59165502	3765.87210014	3768.07495217	3314606.1695446	880.70721073	3763.57332966
3099	2017-09-16 04:00:00	3895.00000002	3757.99999934	3765.0	3821.44530147	5532228.4042239	1442.07135685	3836.30697464
3100	2017-09-16 06:00:00	3836.99999995	3720.50000004	3821.44530147	3810.00000003	5460230.2934821	1444.22388035	3780.73674571
3101	2017-09-16 08:00:00	3850.0	3641.0	3810.69199999	3681.00000001	4730867.4959032	1263.0049522	3745.72363129
3102	2017-09-16 10:00:00	3686.81475994	3522.99999998	3682.65959995	3671.0000001	9900670.4585619	2749.59486215	3600.77427945
3103	2017-09-16 12:00:00	3671.0000001	3504.761	3671.0000001	3620.23999941	5631727.2781052	1571.39943537	3583.89289912
3104	2017-09-16 14:00:00	3660.0	3550.1	3609.00000002	3576.00000016	4275778.7796707	1184.2100561	3610.65906985
3105	2017-09-16 16:00:00	3647.90999999	3568.53606898	3584.9999997	3647.90999999	2711065.9502786	749.6194321	3616.58974432
3106	2017-09-16 18:00:00	3749.0	3632.07812452	3632.07812452	3701.00429302	3578326.1908875	965.9222417	3704.56961896
3107	2017-09-16 20:00:00	3717.69999992	3630.0	3701.00429306	3703.83120004	1870481.8692612	509.23683388	3673.10796237
3108	2017-09-16 22:00:00	3739.05060356	3680.0	3703.83120004	3686.19615279	1346701.2636216	363.38653259	3705.97461062
3109	2017-09-17 00:00:00	3690.19500356	3589.90324231	3685.1	3625.0	1759425.7084154	483.67942132	3637.5864485
3110	2017-09-17 02:00:00	3677.86666663	3591.85347473	3628.38528327	3634.08063457	1931099.7167235	531.07224019	3636.22793771
3111	2017-09-17 04:00:00	3640.19217576	3565.00000019	3637.13699997	3576.55531481	1660105.4567343	461.17637056	3599.71924562
3112	2017-09-17 06:00:00	3589.99999993	3531.99999983	3576.55531481	3533.00000002	1979843.9819969	555.36690924	3564.92968712
3113	2017-09-17 08:00:00	3610.0	3470.11000004	3531.99999991	3595.0	5709902.8619066	1616.93308026	3531.31674502
3114	2017-09-17 10:00:00	3618.99999999	3535.90605641	3594.9595959	3559.55500001	1663691.3208571	464.58251926	3581.04588934
3115	2017-09-17 12:00:00	3677.0	3557.10000001	3569.39999993	3669.61517001	2397894.8600231	661.23278512	3626.40043564
3116	2017-09-17 14:00:00	3696.99999999	3628.0	3668.99999985	3675.00000006	2490266.5648643	678.82849198	3668.47678653
3117	2017-09-17 16:00:00	3772.0	3658.69542826	3675.00000001	3750.31687613	4159491.2803912	1117.00831913	3723.7782469
3118	2017-09-17 18:00:00	3770.00000038	3686.100303	3750.31687619	3715.0	2120982.2439681	568.65483486	3729.82363631
3119	2017-09-17 20:00:00	3752.97062403	3678.0	3715.99999996	3692.4752	1804010.9404278	486.75827232	3706.17417928
3120	2017-09-17 22:00:00	3728.0	3654.74058205	3692.47520007	3677.99675073	1636789.9616078	444.16077142	3685.12950023
3121	2017-09-18 00:00:00	3776.99999999	3671.0002	3671.0002	3759.0	2901086.9135263	775.49774865	3740.93531357
3122	2017-09-18 02:00:00	3832.25495499	3759.0	3759.0	3792.29729205	4277702.7239549	1126.81514214	3796.27728096
3123	2017-09-18 04:00:00	3872.00000014	3768.0	3792.95000004	3872.00000014	2789907.9268496	730.0108022	3821.73512835
3124	2017-09-18 06:00:00	3975.0	3843.09321045	3872.0	3940.00000002	6906130.3093944	1762.41939457	3918.5510161
3125	2017-09-18 08:00:00	3990.14649	3906.0	3940.00000002	3906.99999996	5114707.8417309	1294.05370476	3952.46953269
3126	2017-09-18 10:00:00	3984.99999999	3877.0	3906.0	3940.30000001	2797637.5887838	711.91902227	3929.71321353
3127	2017-09-18 12:00:00	4086.75778548	3940.30000003	3940.30000004	4063.00000001	5931278.3108045	1468.30667522	4039.53643397
3128	2017-09-18 14:00:00	4082.16726623	3971.0	4065.99999999	4012.09999999	4435472.4249047	1104.4381441	4016.04421994
3129	2017-09-18 16:00:00	4015.555	3936.1	4012.1	3981.88371849	2772486.8937442	697.47976526	3975.00692039
3130	2017-09-18 18:00:00	4035.6	3979.992256	3988.5	4009.55788218	1940916.2098007	484.28875874	4007.7663889
3131	2017-09-18 20:00:00	4076.0	3985.30000002	4000.58125588	4062.72000003	1299994.4789308	322.56828646	4030.1372872
3132	2017-09-18 22:00:00	4114.27670678	4041.0	4061.85691148	4078.0	2689605.6226003	659.36537237	4079.08230444
3133	2017-09-19 00:00:00	4109.69756083	3949.5	4077.61645508	3961.0	3925308.9801659	978.15108542	4012.98842139
3134	2017-09-19 02:00:00	4002.0	3925.0	3972.0	3975.1	2838031.0176115	715.77791338	3964.96031039
3135	2017-09-19 04:00:00	3984.99999971	3830.00000001	3979.35019087	3891.90137316	4462717.2347299	1148.8868263	3884.38367693
3136	2017-09-19 06:00:00	3972.89999998	3877.00000001	3891.90137315	3899.99999999	3435965.736454	877.5688396	3915.323313
3137	2017-09-19 08:00:00	3977.02250001	3891.30000011	3899.99999999	3946.99000002	1734052.2397255	439.80084057	3942.81247275
3138	2017-09-19 10:00:00	4022.7	3947.0	3947.0	3986.40960025	1850126.4364144	463.64609673	3990.38501448
3139	2017-09-19 12:00:00	4032.39595296	3932.92431747	3986.40960041	3940.50400044	2297507.8087458	577.2384451	3980.171155
3140	2017-09-19 14:00:00	4011.22622339	3935.50400053	3938.62770999	4004.23517038	1650796.4394958	415.5807666	3972.26381047
3141	2017-09-19 16:00:00	4035.0	3980.42399963	4004.23517039	3999.89999995	2311654.5314411	576.55514271	4009.42487578
3142	2017-09-19 18:00:00	4017.99999988	3871.0	3999.89999994	3891.74286767	4884684.9034026	1242.97675415	3929.8280415
3143	2017-09-19 20:00:00	3942.31769983	3851.91737122	3886.00000013	3899.54402974	2429637.0209459	623.75599632	3895.1722072
3144	2017-09-19 22:00:00	3949.99999957	3873.32950486	3903.00000015	3900.0	1504711.0823381	383.64220936	3922.17291431
3145	2017-09-20 00:00:00	3919.0	3867.00000003	3900.0	3871.53195755	1347433.5053859	345.57719608	3899.08107557
3146	2017-09-20 02:00:00	3930.3434706	3862.95063703	3867.00000001	3888.50104515	1449858.6013871	372.31383028	3894.18410886
3147	2017-09-20 04:00:00	3899.99999994	3831.10000001	3886.94695008	3898.99999998	2517946.065238	652.96204399	3856.19055259
3148	2017-09-20 06:00:00	3962.78463164	3869.5522076	3898.99999999	3953.69999959	2165102.8536202	550.28076095	3934.54215968
3149	2017-09-20 08:00:00	3954.72995518	3913.50000025	3949.22049166	3923.99999999	1067673.0721225	271.19628047	3936.90160599
3150	2017-09-20 10:00:00	3933.02519993	3880.00000003	3923.99999998	3903.6942715	1170819.5516393	299.65621072	3907.2093611
3151	2017-09-20 12:00:00	4009.799	3902.51	3903.6942715	4001.06219203	1692158.3136489	428.37574235	3950.1730522
3152	2017-09-20 14:00:00	4048.47	3983.50399463	4001.06219203	3999.99999998	3330238.3936438	829.02594443	4017.04966656
3153	2017-09-20 16:00:00	4036.99	3982.51910254	3995.00000017	4008.33999555	1466579.7172808	365.84657	4008.72889769
3154	2017-09-20 18:00:00	4014.54841044	3942.0	4008.33999557	3955.0	1722545.0029742	432.35848361	3984.06662127
3155	2017-09-20 20:00:00	3982.9999996	3939.78500001	3955.0	3948.99999935	1055994.0987704	266.31360952	3965.22769029
3156	2017-09-20 22:00:00	3974.06573585	3860.64552635	3948.99999935	3875.95761909	1896076.5277142	484.09549136	3916.74072895
3157	2017-09-21 00:00:00	3918.21099997	3801.9999998	3875.00000015	3839.99999994	4587919.9092702	1194.46532626	3840.98207658
3158	2017-09-21 02:00:00	3884.0	3810.0	3839.99999985	3819.0	1881717.0896939	488.81226257	3849.57013926
3159	2017-09-21 04:00:00	3892.78036903	3801.0	3815.99999999	3860.00000001	2788785.9035686	725.46303164	3844.14612728
3160	2017-09-21 06:00:00	3912.99999998	3852.34959651	3863.99999994	3893.0	1206213.963392	310.71207815	3882.09550968
3161	2017-09-21 08:00:00	3905.0	3825.68000005	3895.99999856	3844.10000002	941506.12714545	244.1305677	3856.56796695
3162	2017-09-21 10:00:00	3894.0	3840.00000003	3844.10000002	3854.89767894	912496.53739016	235.77287433	3870.23545428
3163	2017-09-21 12:00:00	3882.79999996	3835.0	3854.89767894	3862.89999999	1010959.5530604	262.16487938	3856.19750231
3164	2017-09-21 14:00:00	3872.00000011	3683.0	3862.89999999	3743.99999985	6830796.3408888	1825.18613897	3742.52039013
3165	2017-09-21 16:00:00	3748.0	3636.0	3736.57900004	3671.67647729	6141521.9958592	1672.04785641	3673.05395734
3166	2017-09-21 18:00:00	3710.0	3600.0	3671.67647729	3623.98401693	4029045.2544462	1109.2984016	3632.06622188
3167	2017-09-21 20:00:00	3686.96366404	3558.00000001	3623.98401693	3633.00000124	4261840.8250318	1175.95651437	3624.14831922
3168	2017-09-21 22:00:00	3672.69650031	3580.0	3635.00000058	3600.00000001	1900315.5096381	525.20011615	3618.26940094
3169	2017-09-22 00:00:00	3682.44563961	3580.00000001	3600.0	3644.4501	2227104.0662394	611.66329456	3641.06214325
3170	2017-09-22 02:00:00	3695.0	3602.0	3644.33080004	3686.3	2177968.2251057	596.70388651	3649.99839006
3171	2017-09-22 04:00:00	3744.0	3666.49253077	3686.3	3705.00000022	2797289.5772785	753.66126146	3711.60058281
3172	2017-09-22 06:00:00	3745.37997275	3632.41090779	3702.87000022	3654.0	2347160.0911589	633.99049719	3702.20074521
3173	2017-09-22 08:00:00	3674.8210869	3593.00000037	3655.0	3596.3	2413076.2097861	665.0264511	3628.54170055
3174	2017-09-22 10:00:00	3619.7407658	3522.0602149	3596.30000001	3537.30000008	3592733.8537951	1005.94142718	3571.51396365
3175	2017-09-22 12:00:00	3604.38244272	3518.1	3537.30000008	3563.9659738	2450933.7745876	688.34960455	3560.59443978
3176	2017-09-22 14:00:00	3631.78666663	3497.0	3560.0	3517.10000017	4227201.7300329	1189.48218622	3553.81676077
3177	2017-09-22 16:00:00	3575.39253058	3490.20653793	3524.62	3540.59445281	3353496.36324	948.19879415	3536.70178018
3178	2017-09-22 18:00:00	3599.00000001	3534.46628607	3540.00000012	3597.99999862	1437452.9089355	402.82059155	3568.46928654
3179	2017-09-22 20:00:00	3630.00000001	3571.89962716	3597.99999845	3624.88644984	2680416.02887	743.32949873	3605.95944792
3180	2017-09-22 22:00:00	3649.0	3584.06623839	3624.88644984	3590.0	1332201.4900281	368.55548272	3614.65655101
3181	2017-09-23 00:00:00	3613.98758155	3556.00001	3589.99999959	3570.10000259	585215.36611036	163.47772644	3579.78654862
3182	2017-09-23 02:00:00	3640.0	3556.00001001	3570.1000028	3608.0	1258834.5473058	348.41788351	3613.00210719
3183	2017-09-23 04:00:00	3720.0	3602.01110001	3608.0	3686.57423159	2245532.4164853	610.36555678	3678.99595831
3184	2017-09-23 06:00:00	3710.97999999	3674.80000089	3689.17366479	3680.24469971	1000347.6634391	270.75981199	3694.59431991
3185	2017-09-23 08:00:00	3738.0	3681.87857387	3681.87857387	3722.0	1338738.931527	359.62100938	3722.63826808
3186	2017-09-23 10:00:00	3799.0	3712.18799859	3712.18799859	3793.10000046	2900650.4386926	770.46543596	3764.80281049
3187	2017-09-23 12:00:00	3811.0	3725.24999145	3798.99999989	3777.99999997	2975888.7973928	788.55149023	3773.86744462
3188	2017-09-23 14:00:00	3787.938	3710.00001101	3777.9999999	3725.00000002	1660389.7348064	442.92424677	3748.6991216
3189	2017-09-23 16:00:00	3769.98500016	3701.00000001	3725.00000003	3742.0	1170751.032486	313.44308871	3735.13111201
3190	2017-09-23 18:00:00	3774.93178552	3729.63762316	3742.00000002	3774.93178552	586841.6101441	156.45159142	3750.94688917
3191	2017-09-23 20:00:00	3780.0	3719.9656875	3774.93178552	3720.0	848394.32157583	226.2229762	3750.25709513
3192	2017-09-23 22:00:00	3795.5	3719.99999999	3720.0	3784.99999999	1492326.4955488	395.85477965	3769.88373581
3193	2017-09-24 00:00:00	3789.37061995	3740.2752825	3784.99999999	3775.80000013	739812.03728207	196.55818755	3763.83220919
3194	2017-09-24 02:00:00	3802.26862745	3742.00000015	3775.80000013	3772.00000004	802963.8217343	212.46730844	3779.23468617
3195	2017-09-24 04:00:00	3779.99999778	3655.99999999	3779.99999778	3691.0	2286756.0620477	617.57154974	3702.81963767
3196	2017-09-24 06:00:00	3705.94399998	3612.27878477	3691.00000001	3667.55180399	1313649.5845872	360.43803144	3644.59205189
3197	2017-09-24 08:00:00	3678.83171286	3644.99999999	3659.22142492	3670.99999999	1078648.8075697	294.47156663	3662.99816282
3198	2017-09-24 10:00:00	3690.9	3635.00000018	3670.99999999	3676.39999999	724671.94637822	197.38714979	3671.32281482
3199	2017-09-24 12:00:00	3736.00000017	3670.2077178	3676.39999999	3720.00000001	841084.86163375	226.98561555	3705.4544606
3200	2017-09-24 14:00:00	3719.9999996	3671.30935351	3715.18170011	3697.18688894	661333.66232056	178.87324325	3697.21960816
3201	2017-09-24 16:00:00	3713.5831	3678.00000002	3697.18688894	3685.00000003	593387.07891203	160.69745303	3692.5730167
3202	2017-09-24 18:00:00	3685.00000014	3633.19999863	3685.00000014	3677.14490448	817469.13517915	223.36467341	3659.79598608
3203	2017-09-24 20:00:00	3683.5	3644.22948658	3677.14490475	3659.04429697	565512.54701472	154.3561409	3663.68674234
3204	2017-09-24 22:00:00	3691.62575518	3658.96981615	3661.29690018	3659.45499703	424932.3721935	115.6697374	3673.66937753
3205	2017-09-25 00:00:00	3685.0	3655.88281585	3659.45499703	3677.00000001	407989.08662807	111.10749799	3672.02118676
3206	2017-09-25 02:00:00	3781.0	3677.0	3679.999991	3758.79979953	2167815.8939732	578.77846466	3745.50199487
3207	2017-09-25 04:00:00	3812.3284754	3758.79979938	3758.79979938	3771.0000006	4016695.4569141	1057.46627981	3798.4146952
3208	2017-09-25 06:00:00	3800.0	3761.1	3771.00000061	3790.99989963	771775.0932423	204.43395953	3775.1804789
3209	2017-09-25 08:00:00	3789.69379997	3744.0	3788.00000003	3762.58549814	609828.66811119	162.08808669	3762.32874706
3210	2017-09-25 10:00:00	3784.49999999	3749.0	3763.00000027	3765.3288	994610.96868291	264.34857835	3762.49789157
3211	2017-09-25 12:00:00	3789.08841704	3755.0	3765.3288	3770.00000016	1131496.7530302	299.84501945	3773.60529484
3212	2017-09-25 14:00:00	3950.25729968	3770.0	3773.86999991	3932.99899997	8111886.2723236	2084.06119774	3892.34552282
3213	2017-09-25 16:00:00	3975.3307	3886.70792	3924.73970223	3906.99999909	2911553.7683648	741.22942268	3928.00620061
3214	2017-09-25 18:00:00	3932.0	3885.70000001	3901.00000041	3932.0	860613.10849422	220.00423901	3911.80239238
3215	2017-09-25 20:00:00	3960.0	3915.0	3931.00000042	3957.99999999	1314943.4484743	334.00654658	3936.8792676
3216	2017-09-25 22:00:00	3961.001299	3908.40000007	3957.99999999	3925.95699997	1230165.0263785	312.62755025	3934.92200349
3217	2017-09-26 00:00:00	3950.0	3919.85155268	3925.93999999	3936.00000006	901393.55677882	228.76212255	3940.30946526
3218	2017-09-26 02:00:00	3954.35769997	3909.83442861	3936.00000057	3918.0	1525599.478767	387.77458076	3934.24312593
3219	2017-09-26 04:00:00	3931.34990835	3845.0	3918.0	3853.32395596	1969761.8014688	507.44707479	3881.70885068
3220	2017-09-26 06:00:00	3926.31960597	3855.23682054	3855.23682054	3918.00000021	1483391.3905841	380.95618624	3893.86350494
3221	2017-09-26 08:00:00	3923.69288998	3889.10260414	3918.00000027	3919.99999994	496107.56789067	126.95560464	3907.72482473
3222	2017-09-26 10:00:00	3961.000003	3915.45313513	3919.99999994	3961.000003	644357.76184221	163.27470397	3946.46412564
3223	2017-09-26 12:00:00	3990.9	3931.00000001	3961.000003	3935.00000247	2260999.0679173	570.22549133	3965.09644394
3224	2017-09-26 14:00:00	3955.0	3904.42481127	3932.191	3928.75329977	2178344.8338235	555.29937714	3922.82960057
3225	2017-09-26 16:00:00	3940.0	3890.64899999	3928.75329981	3915.99999997	1597528.6039346	407.62095354	3919.15231555
3226	2017-09-26 18:00:00	3925.70099999	3895.90999078	3910.30000257	3918.1	690468.48335763	176.47955588	3912.45592111
3227	2017-09-26 20:00:00	3925.35799	3905.0	3918.20000144	3919.00000003	522406.73190819	133.41112285	3915.76594775
3228	2017-09-26 22:00:00	3924.22149831	3880.729	3919.00000003	3880.729	991276.9029602	254.14978911	3900.36484559
3229	2017-09-27 00:00:00	3924.99999999	3879.00000001	3880.729	3900.0	564674.18993147	144.63124338	3904.23380685
3230	2017-09-27 02:00:00	3966.0	3890.00000034	3900.0	3948.99999999	1446573.697575	368.23738616	3928.37270723
3231	2017-09-27 04:00:00	3964.99999999	3923.51000013	3948.99999968	3950.0000008	1733793.0741377	439.25291861	3947.14070341
3232	2017-09-27 06:00:00	3963.0	3932.89710217	3957.10099878	3942.00000117	1231557.6898918	311.86456802	3949.0144639
3233	2017-09-27 08:00:00	3968.0	3938.236012	3948.79999883	3958.66930007	918735.06902091	232.48444991	3951.81298954
3234	2017-09-27 10:00:00	4114.00325	3958.66930081	3966.99999992	4098.99999985	7404554.2995618	1820.67977813	4066.9174165
3235	2017-09-27 12:00:00	4105.00000168	4049.4652143	4098.99999971	4059.49999999	2318230.8097306	568.32611691	4079.05028601
3236	2017-09-27 14:00:00	4119.0	4051.0	4059.49999999	4090.00000001	2840823.1634636	693.33282399	4097.34411118
3237	2017-09-27 16:00:00	4104.6444	4082.00000003	4087.99999786	4100.0	1163545.4419831	284.15441022	4094.7646777
3238	2017-09-27 18:00:00	4205.0	4095.10000016	4100.0	4195.89999997	4525626.9219164	1084.83099786	4171.73451979
3239	2017-09-27 20:00:00	4207.48	4153.89985844	4195.0	4205.0	2086743.2488451	499.01384547	4181.73416987
3240	2017-09-27 22:00:00	4234.25902018	4170.27350011	4205.0	4202.0	2363242.5260002	562.11231261	4204.21768565
3241	2017-09-28 00:00:00	4214.63070716	4160.0	4204.21290001	4177.00000001	1679996.8318334	401.62317634	4183.01764142
3242	2017-09-28 02:00:00	4220.0	4149.294192	4177.00000001	4204.35299935	3303760.5979435	790.52839926	4179.18015473
3243	2017-09-28 04:00:00	4264.8	4193.60872724	4195.81527662	4226.80900023	3282561.7348848	775.19454704	4234.50054882
3244	2017-09-28 06:00:00	4258.0	4216.03000003	4233.33299997	4224.99699988	2217740.538206	523.84731384	4233.56287149
3245	2017-09-28 08:00:00	4277.99999989	4223.0	4224.99699973	4262.0	2720704.6689396	639.40394562	4255.06393505
3246	2017-09-28 10:00:00	4266.09497861	4155.74000004	4266.09497861	4187.00001	4356917.0828755	1040.05928283	4189.10455855
3247	2017-09-28 12:00:00	4217.75288003	4175.00000001	4187.00001001	4189.00700013	1474488.8820316	351.4287723	4195.69767262
3248	2017-09-28 14:00:00	4189.00699983	4110.00000002	4180.10000063	4139.2805997	2861619.1119528	691.24384522	4139.81134405
3249	2017-09-28 16:00:00	4215.0	4132.50000011	4132.50000011	4177.99999998	1546262.5583652	370.44200228	4174.10161063
3250	2017-09-28 18:00:00	4190.51627926	4133.0	4178.9999999	4154.3483	925492.00474964	222.62820905	4157.11921098
3251	2017-09-28 20:00:00	4200.0	4132.0156548	4154.21829994	4198.95770047	1100768.6667451	264.07493417	4168.39511938
3252	2017-09-28 22:00:00	4208.7	4170.14474166	4191.10170032	4190.00838781	588817.53691226	140.56926425	4188.807134
3253	2017-09-29 00:00:00	4215.10989997	4151.00000001	4189.8783878	4164.58759549	1309255.5912878	312.49740883	4189.65263164
3254	2017-09-29 02:00:00	4159.80728907	4010.1	4151.4	4044.51992048	5776819.8287325	1418.57659313	4072.26501318
3255	2017-09-29 04:00:00	4106.36288	4020.0	4038.49855968	4030.0	3301738.4997323	812.29405776	4064.70842448
3256	2017-09-29 06:00:00	4115.0625	4024.99999837	4031.32250697	4096.49999502	2067430.86405	508.26660156	4067.61108777
3257	2017-09-29 08:00:00	4139.36	4082.79301595	4096.42999503	4104.82635124	1516973.2391604	368.8140512	4113.11129341
3258	2017-09-29 10:00:00	4222.79999999	4086.7	4103.92	4205.9	2523899.1574569	606.23996556	4163.20153872
3259	2017-09-29 12:00:00	4245.0	4166.99999958	4208.93	4192.99999975	2591527.8993628	616.42176398	4204.14730756
3260	2017-09-29 14:00:00	4211.0	4173.00000001	4187.9999995	4199.99999999	1361062.7048901	324.6612203	4192.25524881
3261	2017-09-29 16:00:00	4240.0	4145.20401895	4196.10000002	4186.86999854	2019781.1515334	480.45502828	4203.89221185
3262	2017-09-29 18:00:00	4199.99999998	4165.99999999	4186.86999817	4177.99999992	536118.25288563	128.17984397	4182.54724206
3263	2017-09-29 20:00:00	4211.0	4175.00000033	4181.07189999	4191.85	372258.98984409	88.77010264	4193.51762331
3264	2017-09-29 22:00:00	4200.0	4138.89999999	4191.20000001	4168.0678793	952755.79173258	228.77893981	4164.5257755
3265	2017-09-30 00:00:00	4261.74527304	4164.00000001	4170.0	4241.48853268	1306609.0154891	309.24334868	4225.1806581
3266	2017-09-30 02:00:00	4245.5	4194.40000001	4241.48853271	4208.79890005	851173.4161726	201.64222682	4221.20619076
3267	2017-09-30 04:00:00	4258.51961642	4205.48146996	4212.18606983	4257.99999999	746613.61138862	176.06271176	4240.61179068
3268	2017-09-30 06:00:00	4325.0	4255.00468247	4257.99999999	4319.99999991	2148562.4257712	500.99080519	4288.62646482
3269	2017-09-30 08:00:00	4329.37399349	4275.0	4323.99999993	4293.88977743	1315786.0703524	306.17607154	4297.48171937
3270	2017-09-30 10:00:00	4338.86248237	4287.42300018	4287.42300018	4303.17884461	1300502.43123	300.970046	4321.03609151
3271	2017-09-30 12:00:00	4330.99887697	4300.0	4303.17884464	4320.06499996	962515.95627245	223.10145228	4314.25231183
3272	2017-09-30 14:00:00	4359.99999998	4309.00000001	4318.99999996	4350.43775547	1721926.3671498	396.40892388	4343.81332866
3273	2017-09-30 16:00:00	4377.89999998	4311.99999001	4350.43775547	4333.99999993	2063680.1662692	475.34943922	4341.39602574
3274	2017-09-30 18:00:00	4373.9999999	4328.59082985	4330.99999988	4351.0	880626.36368908	202.44284714	4349.99989443
3275	2017-09-30 20:00:00	4390.0	4316.83462032	4351.0	4342.86066721	1469801.0314345	337.33245157	4357.12907131
3276	2017-09-30 22:00:00	4366.99999999	4297.84282791	4342.86066714	4365.00000006	1306825.9823527	300.86419474	4343.57429431
3277	2017-10-01 00:00:00	4390.35579999	4320.0	4365.00000006	4358.19082139	1301253.0998221	298.4051218	4360.69291295
3278	2017-10-01 02:00:00	4358.19082139	4285.00000004	4358.19082119	4320.0	1423952.2982264	330.0364128	4314.53089113
3279	2017-10-01 04:00:00	4332.0639935	4297.68386705	4319.99999996	4323.42089672	989102.83490056	229.24941917	4314.52711409
3280	2017-10-01 06:00:00	4347.86796132	4311.1	4323.58085625	4337.91864424	516731.03068332	119.21701535	4334.37315274
3281	2017-10-01 08:00:00	4342.39999988	4301.00000009	4336.9277571	4316.0	973580.49332396	225.34604045	4320.37985393
3282	2017-10-01 10:00:00	4338.16262654	4315.59753009	4316.0	4317.66628897	555422.05362672	128.33654537	4327.85573295
3283	2017-10-01 12:00:00	4317.29682798	4255.51288978	4317.2	4282.99999997	1742038.9096518	406.67928733	4283.56929876
3284	2017-10-01 14:00:00	4318.04106037	4280.00000001	4282.99999997	4313.25580401	1058640.5200682	246.44305311	4295.68010422
3285	2017-10-01 16:00:00	4330.71290232	4295.0	4317.0	4307.00000004	638043.08203	147.88551111	4314.43944197
3286	2017-10-01 18:00:00	4338.80047401	4300.00000001	4313.76594704	4326.59999999	895738.25406271	207.1729308	4323.62592257
3287	2017-10-01 20:00:00	4379.0	4319.0	4326.59999999	4368.0	929496.86880133	213.17602428	4360.23174717
3288	2017-10-01 22:00:00	4421.0	4367.92999996	4367.99999999	4412.79348634	2012065.9598092	457.04179247	4402.36755797
3289	2017-10-02 00:00:00	4440.0	4393.96745495	4412.79348634	4416.99875025	1464951.3910543	331.22602636	4422.81485894
3290	2017-10-02 02:00:00	4436.31757916	4397.0	4420.59999996	4426.0	897419.87766889	203.06712034	4419.32635951
3291	2017-10-02 04:00:00	4466.0	4424.8955487	4426.0	4465.99999999	1214759.6710104	273.42651308	4442.72816606
3292	2017-10-02 06:00:00	4470.00000006	4430.69260205	4464.80999996	4430.69260205	1235210.4064021	277.31185072	4454.22870748
3293	2017-10-02 08:00:00	4485.99999989	4430.14030268	4435.0	4478.56987589	1594267.3371013	357.57540827	4458.54860325
3294	2017-10-02 10:00:00	4486.99999999	4388.3	4478.56987589	4388.51	1816601.4304398	408.88778179	4442.78726668
3295	2017-10-02 12:00:00	4429.8	4375.0	4388.31000001	4426.0	2713490.2121668	615.43424456	4409.06601501
3296	2017-10-02 14:00:00	4442.0	4373.00000008	4425.00449572	4394.9999993	1446421.4664474	328.34497121	4405.18842459
3297	2017-10-02 16:00:00	4429.99999995	4370.0	4394.99999927	4382.50000003	1698526.6059529	386.40143577	4395.75645615
3298	2017-10-02 18:00:00	4430.0	4358.0	4382.5	4410.0	1045432.8404028	237.88796249	4394.64371992
3299	2017-10-02 20:00:00	4420.7163	4371.0871283	4410.0	4375.00000006	883924.63295281	201.01765722	4397.24870529
3300	2017-10-02 22:00:00	4406.52490234	4363.91952207	4375.00000014	4401.0	492100.30298873	112.18997106	4386.31277233
3301	2017-10-03 00:00:00	4425.93490968	4380.6677	4401.0	4412.23956908	504320.45290063	114.62725878	4399.6555293
3302	2017-10-03 02:00:00	4434.01234	4407.00400118	4412.23956899	4426.0	625063.3085771	141.27739676	4424.36881562
3303	2017-10-03 04:00:00	4430.00950784	4300.0	4426.0	4304.0	2083340.3079411	478.91786408	4350.09938905
3304	2017-10-03 06:00:00	4327.6	4250.0	4304.0	4284.99999976	4216090.3970594	983.11609362	4288.49697855
3305	2017-10-03 08:00:00	4335.0	4270.07056448	4285.0	4288.0	1335383.3538542	310.33168783	4303.08410717
3306	2017-10-03 10:00:00	4317.87156981	4233.0	4288.5	4295.01209551	1848767.1005826	432.62031232	4273.41723893
3307	2017-10-03 12:00:00	4299.19659106	4216.0	4297.36587429	4233.00000009	2320493.9193109	545.95010866	4250.37724602
3308	2017-10-03 14:00:00	4294.0	4230.1124756	4239.09785397	4294.0	1092463.2292833	255.9263381	4268.66276208
3309	2017-10-03 16:00:00	4308.0099996	4260.0	4292.99999999	4286.33410028	956414.41268775	223.06245744	4287.65299039
3310	2017-10-03 18:00:00	4300.0	4254.88402555	4290.79999997	4269.79270082	687075.59261776	160.39419976	4283.66857184
3311	2017-10-03 20:00:00	4290.0	4257.36254638	4269.79270121	4272.82918964	898799.43378504	210.38268875	4272.21193495
3312	2017-10-03 22:00:00	4315.0	4258.24510125	4258.24510125	4308.88	1060462.1874584	247.15821662	4290.62080945
3313	2017-10-04 00:00:00	4313.74999997	4280.0	4311.05341807	4307.73649162	458189.17504791	106.53698894	4300.75206373
3314	2017-10-04 02:00:00	4310.97232094	4281.97892103	4307.73649162	4299.99999787	489553.69236574	113.94247446	4296.49869099
3315	2017-10-04 04:00:00	4350.835	4296.1380102	4299.99999784	4341.65889805	757404.79049094	175.21087466	4322.81838647
3316	2017-10-04 06:00:00	4350.83575743	4327.00074506	4341.0	4332.47209568	745124.11984228	171.68849245	4339.97706665
3317	2017-10-04 08:00:00	4336.99999988	4238.0	4336.99999988	4253.9	1393753.7572069	325.35333843	4283.8157553
3318	2017-10-04 10:00:00	4255.44709996	4220.0	4242.76600003	4248.28133454	1250844.5348413	295.11685759	4238.47199057
3319	2017-10-04 12:00:00	4263.79999999	4173.30560003	4248.28133454	4227.99999991	2550984.2459211	606.39850837	4206.77856345
3320	2017-10-04 14:00:00	4230.0	4191.50354664	4226.21990146	4221.99999993	836548.47439334	198.49943943	4214.36189842
3321	2017-10-04 16:00:00	4225.83947744	4181.2009999	4221.9999999	4205.36376908	881160.51416812	209.64716856	4203.06422557
3322	2017-10-04 18:00:00	4211.14879408	4176.0	4205.78430545	4204.08888615	1530598.5182847	365.41882784	4188.61427401
3323	2017-10-04 20:00:00	4221.64257885	4182.70433034	4204.57949999	4217.6	712452.52188311	169.50088518	4203.23776555
3324	2017-10-04 22:00:00	4228.69595353	4202.76109234	4217.6	4213.30042629	550356.28766908	130.57173482	4214.97262349
3325	2017-10-05 00:00:00	4242.0	4206.04246258	4213.30042629	4231.766	571668.12286501	135.31615607	4224.68491175
3326	2017-10-05 02:00:00	4241.99999996	4157.50059197	4232.1891766	4170.30000065	1318038.3636635	313.63103387	4202.51257472
3327	2017-10-05 04:00:00	4175.30000086	4136.81955342	4171.0	4146.0	1375087.3572437	331.37761103	4149.60851751
3328	2017-10-05 06:00:00	4166.39348117	4142.28571615	4145.5854	4155.74247402	655250.0488647	157.59285971	4157.86635302
3329	2017-10-05 08:00:00	4207.17499996	4131.00000007	4155.74247402	4206.14014752	1365588.4678361	328.10834594	4162.00466929
3330	2017-10-05 10:00:00	4250.0	4201.30940003	4206.14014753	4239.5	1083308.7017707	255.65462553	4237.39136158
3331	2017-10-05 12:00:00	4330.50139449	4238.36672133	4238.54395002	4308.4239	2121599.8690347	493.82776285	4296.23449437
3332	2017-10-05 14:00:00	4339.5	4280.48183102	4308.4239	4326.0	1050107.9028414	243.56329423	4311.43742804
3333	2017-10-05 16:00:00	4326.79448674	4285.7800248	4326.79448674	4296.357	1255765.6680891	291.29654396	4310.95285586
3334	2017-10-05 18:00:00	4368.58692255	4292.57944225	4296.357	4364.71443905	1598745.9906852	368.83083114	4334.63218284
3335	2017-10-05 20:00:00	4368.58692254	4328.74332593	4368.58692254	4328.74332593	915983.91725696	210.66776786	4348.00219588
3336	2017-10-05 22:00:00	4361.0	4310.0	4328.11104071	4317.0654709	790936.00494478	182.51984434	4333.42471776
3337	2017-10-06 00:00:00	4341.21	4298.32	4317.06547089	4333.27999927	830469.4338312	192.33132912	4317.91033541
3338	2017-10-06 02:00:00	4339.99999966	4317.06547091	4333.27999887	4326.00000078	564638.89937322	130.46736305	4327.8172117
3339	2017-10-06 04:00:00	4386.09179096	4311.19053766	4330.9999993	4386.09179096	698287.60797647	160.96712291	4338.07597074
3340	2017-10-06 06:00:00	4414.04799988	4377.09179096	4386.09179096	4408.99999939	1407507.4287699	320.21365376	4395.52596287
3341	2017-10-06 08:00:00	4410.427159	4385.2242005	4409.0	4406.10000062	989742.55210691	225.04065583	4398.06109014
3342	2017-10-06 10:00:00	4423.75492629	4389.0000003	4410.0	4399.99393	762057.34093714	172.97295558	4405.64444529
3343	2017-10-06 12:00:00	4410.55556843	4334.06328791	4400.35299599	4351.0	1192252.2657083	272.68430664	4372.28046013
3344	2017-10-06 14:00:00	4400.23926133	4346.0	4350.59029962	4384.60001204	884375.66965001	201.63440006	4386.03566349
3345	2017-10-06 16:00:00	4400.9999999	4331.11423994	4384.60001204	4348.64428586	928167.86948144	212.46431059	4368.58250171
3346	2017-10-06 18:00:00	4360.0	4311.00000001	4346.0	4338.95127074	668953.25626383	154.21134749	4337.89904019
3347	2017-10-06 20:00:00	4359.89999999	4334.46724643	4346.54279962	4335.13096891	355766.52319355	81.89872569	4343.98118158
3348	2017-10-06 22:00:00	4378.9207812	4335.56448203	4335.56448203	4371.63623916	402221.23530089	92.28324254	4358.55117603
3349	2017-10-07 00:00:00	4394.6875	4356.07764485	4371.63623912	4373.42749395	1105009.7306607	252.43057805	4377.47969836
3350	2017-10-07 02:00:00	4380.621906	4358.0	4380.621906	4371.63136949	398762.92990973	91.34915446	4365.26131267
3351	2017-10-07 04:00:00	4399.99	4363.05529015	4371.63136949	4382.99999876	1164280.064431	265.71224864	4381.73275936
3352	2017-10-07 06:00:00	4383.25188216	4328.44602872	4377.81317941	4329.75207844	819793.59308172	188.46010185	4349.9583468
3353	2017-10-07 08:00:00	4357.82150643	4325.00000001	4329.75207884	4344.54620003	1089628.9697176	250.98826016	4341.35432877
3354	2017-10-07 10:00:00	4347.18451778	4314.00000001	4338.69139318	4330.08823872	1283335.2024012	296.48956479	4328.4329528
3355	2017-10-07 12:00:00	4368.7667	4320.11000005	4330.07409981	4356.01817339	743149.47951924	170.99880129	4345.93385399
3356	2017-10-07 14:00:00	4369.84521494	4334.55591985	4363.9	4356.99999997	1333027.050525	306.28432883	4352.25352735
3357	2017-10-07 16:00:00	4365.0	4327.0	4349.36820514	4359.78747846	798857.71341381	183.67427809	4349.31728993
3358	2017-10-07 18:00:00	4369.845215	4336.00000006	4359.78747846	4338.97416748	626620.39328556	144.01382058	4351.11290542
3359	2017-10-07 20:00:00	4359.99999988	4335.74623841	4345.19999678	4345.95120773	638450.65624827	146.8650046	4347.1939281
3360	2017-10-07 22:00:00	4480.0	4346.04189837	4353.0	4440.0	2567563.2545771	578.85308091	4435.60436879
3361	2017-10-08 00:00:00	4475.76925203	4433.0	4440.0	4448.68184011	1105946.320727	248.40480064	4452.1938299
3362	2017-10-08 02:00:00	4458.04373117	4422.0	4448.68184019	4440.60000159	513396.67190867	115.74565224	4435.55902077
3363	2017-10-08 04:00:00	4447.35609888	4420.71604367	4440.60000159	4439.99999982	447123.87928959	100.86755629	4432.78191457
3364	2017-10-08 06:00:00	4468.45638796	4434.61000193	4434.61000193	4453.0	653517.09591798	146.6458312	4456.43146191
3365	2017-10-08 08:00:00	4469.3	4451.18523977	4453.0	4457.10000009	585245.23619799	131.1974082	4460.79876292
3366	2017-10-08 10:00:00	4489.29931641	4457.0	4457.10000009	4470.5	1608445.8525712	359.16302362	4478.31693908
3367	2017-10-08 12:00:00	4542.89999999	4465.99999945	4470.5	4533.31072925	2710869.0800799	601.06395632	4510.11752006
3368	2017-10-08 14:00:00	4586.0	4520.0	4532.99999997	4585.99999997	2037207.3627305	447.01938434	4557.31324881
3369	2017-10-08 16:00:00	4590.87464371	4541.4	4585.99999997	4578.99999997	2711996.1020111	593.8175701	4567.05264135
3370	2017-10-08 18:00:00	4612.7704151	4545.0	4580.0	4600.0	1448993.1406312	316.6439441	4576.09617246
3371	2017-10-08 20:00:00	4626.26806638	4575.84257779	4596.2	4586.00000162	4005438.9487235	869.22662479	4608.04908005
3372	2017-10-08 22:00:00	4633.39225828	4583.0	4585.99999999	4611.00000019	1954213.297117	423.80396539	4611.12555971
3373	2017-10-09 00:00:00	4622.0	4580.0	4617.75757253	4610.69582651	1301323.7078164	282.78364687	4601.83508565
3374	2017-10-09 02:00:00	4641.58160548	4609.0	4610.2969803	4638.99999935	961203.096766	207.83062214	4624.93489587
3375	2017-10-09 04:00:00	4645.30000004	4580.0	4638.99999938	4601.00000221	1589895.7422711	344.78189463	4611.30867668
3376	2017-10-09 06:00:00	4609.80790371	4553.12640386	4609.80790371	4585.48470545	1275384.4426204	279.12696854	4569.19103622
3377	2017-10-09 08:00:00	4589.00000275	4564.70514114	4585.48470542	4589.00000042	852559.27818909	186.24705032	4577.57197616
3378	2017-10-09 10:00:00	4625.00000996	4584.0	4589.00000273	4600.00000024	1358106.5375643	294.6482797	4609.24645121
3379	2017-10-09 12:00:00	4620.09999985	4588.84909875	4603.32528762	4620.09999985	913309.55891475	198.35623445	4604.39048687
3380	2017-10-09 14:00:00	4679.0	4616.81273705	4620.1950354	4653.08314465	2778984.7796235	596.71310442	4657.15393048
3381	2017-10-09 16:00:00	4729.9	4635.99999945	4649.755823	4720.0	2350430.2218182	502.19977928	4680.26932466
3382	2017-10-09 18:00:00	4888.0	4704.43878868	4720.0	4800.2	8647997.9842135	1802.67474775	4797.31465424
3383	2017-10-09 20:00:00	4845.0	4742.0	4800.2	4821.81515338	4315466.2319741	899.16557651	4799.4121936
3384	2017-10-09 22:00:00	4833.22026929	4750.0	4811.68934199	4787.65755	2255510.6195005	471.11469025	4787.60409339
3385	2017-10-10 00:00:00	4889.87854204	4775.12680303	4782.86989244	4822.91273755	2619673.0081063	540.54828358	4846.3256432
3386	2017-10-10 02:00:00	4835.4615696	4779.25750082	4820.18054283	4789.895	1538445.6866578	320.04578096	4806.95506137
3387	2017-10-10 04:00:00	4839.34109229	4783.74469011	4784.00000001	4839.34109227	912179.17975507	189.31901505	4818.21215641
3388	2017-10-10 06:00:00	4859.35460942	4785.00010002	4839.34109224	4788.0	1490473.4370603	308.54081494	4830.71725
3389	2017-10-10 08:00:00	4824.04435528	4755.1237755	4785.00010001	4780.50000036	1503796.5076324	314.65724726	4779.15738705
3390	2017-10-10 10:00:00	4839.00000003	4765.09097945	4780.50000036	4810.1	1053036.8386618	218.90053212	4810.57231091
3391	2017-10-10 12:00:00	4855.54447107	4802.33764992	4813.30367306	4831.99999988	1136334.9711756	235.1298264	4832.79806978
3392	2017-10-10 14:00:00	4840.00000021	4787.28500692	4831.99999984	4798.32111052	1477345.8065982	306.83672666	4814.76198328
3393	2017-10-10 16:00:00	4918.0	4796.45671223	4810.07999884	4900.0	2997378.3771314	614.12984246	4880.69162235
3394	2017-10-10 18:00:00	4939.13	4865.8720918	4900.0	4889.58099985	2218141.0327474	452.37971661	4903.27251931
3395	2017-10-10 20:00:00	4905.0	4843.0	4894.49949568	4847.22077389	1373981.6821899	282.12127943	4870.18095538
3396	2017-10-10 22:00:00	4847.22077392	4714.83272866	4845.395	4770.0	3825698.7433102	801.41035038	4773.70767858
3397	2017-10-11 00:00:00	4795.22766216	4730.35368966	4770.0	4770.0	1349939.0755892	283.26330532	4765.66872671
3398	2017-10-11 02:00:00	4809.21339997	4730.6399758	4769.9999993	4742.0	1072656.6166224	224.54242509	4777.07772236
3399	2017-10-11 04:00:00	4777.99999999	4720.0	4742.87725461	4760.20000107	712885.68012864	150.04764848	4751.06199497
3400	2017-10-11 06:00:00	4814.99999999	4760.2	4763.52048429	4793.94236962	1004578.8479672	209.98533479	4784.04289028
3401	2017-10-11 08:00:00	4825.1	4787.1000046	4797.2769692	4809.15792485	845884.95103409	175.75676002	4812.81602447
3402	2017-10-11 10:00:00	4838.39999996	4800.0	4802.7060156	4800.72733239	664287.08547218	137.81990216	4819.96486037
3403	2017-10-11 12:00:00	4806.82499971	4753.44912063	4802.99999999	4782.99999985	730785.70373262	152.9617948	4777.57014219
3404	2017-10-11 14:00:00	4840.0	4768.09200664	4781.99999997	4839.9999998	1210240.2916078	251.50496209	4811.99369408
3405	2017-10-11 16:00:00	4869.0	4824.7478087	4839.99999989	4836.89999994	1401630.4311831	289.15913923	4847.26311924
3406	2017-10-11 18:00:00	4875.47850202	4820.0	4840.0	4847.79999691	1108896.7627307	228.62271268	4850.33507708
3407	2017-10-11 20:00:00	4856.79765286	4789.00000001	4847.09999967	4811.09300229	921151.28106695	191.33560644	4814.32232194
3408	2017-10-11 22:00:00	4835.0	4794.73000042	4807.6	4820.00000001	378926.70761861	78.60409089	4820.69957591
3409	2017-10-12 00:00:00	4850.0	4820.00000001	4826.0	4847.99989856	483716.67679311	99.92833352	4840.63588127
3410	2017-10-12 02:00:00	4872.8	4837.0	4847.99989819	4868.99999994	856270.92826278	176.23110777	4858.79558437
3411	2017-10-12 04:00:00	4916.99999999	4847.59546034	4863.1	4912.47271619	1159805.6954414	237.70151324	4879.25246933
3412	2017-10-12 06:00:00	5050.0	4895.00000079	4915.47271508	5044.00000007	3991581.3915385	805.06018588	4958.11550682
3413	2017-10-12 08:00:00	5216.7773023	5027.38966678	5044.00000018	5152.1	9306052.854831	1813.99475058	5130.14321119
3414	2017-10-12 10:00:00	5276.99999967	5110.0	5164.51935974	5180.50670594	4170206.9969272	802.56795371	5196.0796312
3415	2017-10-12 12:00:00	5249.37113	5177.0	5180.50670594	5190.42305967	3165560.7788932	607.51878391	5210.638523
3416	2017-10-12 14:00:00	5335.9	5190.0	5190.42305967	5330.0	2962150.2669571	562.98628743	5261.49629767
3417	2017-10-12 16:00:00	5420.0	5265.0	5330.0000099	5292.0	8385445.6997936	1570.90944687	5337.95612248
3418	2017-10-12 18:00:00	5360.0	5246.9451718	5292.0	5314.0	4240637.0246489	799.40536617	5304.73925258
3419	2017-10-12 20:00:00	5380.00000003	5280.00000001	5314.0	5299.04546582	1948218.1564857	365.50595414	5330.19540288
3420	2017-10-12 22:00:00	5444.36749996	5288.2899993	5288.28999942	5441.55460001	1840019.2317643	341.96140822	5380.78036741
3421	2017-10-13 00:00:00	5541.0	5385.60000002	5444.36749995	5540.0	5058031.261614	928.47558261	5447.67289129
3422	2017-10-13 02:00:00	5862.0	5534.46000003	5541.00000001	5740.00000001	13237324.089527	2326.81854244	5689.02295047
3423	2017-10-13 04:00:00	5825.00000004	5480.68789646	5748.0	5542.13301204	10576723.855679	1869.49893379	5657.51799292
3424	2017-10-13 06:00:00	5678.0	5487.0	5541.0	5650.0	7381936.8949909	1322.75914869	5580.71127483
3425	2017-10-13 08:00:00	5767.99999999	5644.6074392	5650.0	5755.79999958	4506070.8094652	790.09067747	5703.23247439
3426	2017-10-13 10:00:00	5765.99999996	5585.30000001	5750.00000003	5655.04000003	3484397.0384295	616.46097249	5652.25893271
3427	2017-10-13 12:00:00	5677.99999997	5556.0	5665.1055174	5670.0	3288075.6848578	585.06830655	5619.98598804
3428	2017-10-13 14:00:00	5823.99999998	5670.0	5670.0	5749.0	6127932.7852246	1062.9921228	5764.79604485
3429	2017-10-13 16:00:00	5760.39998994	5682.39489434	5744.00000003	5722.96561392	2305746.2721806	402.9860568	5721.65273034
3430	2017-10-13 18:00:00	5727.32738415	5500.0	5725.0	5526.10000045	5403447.9323829	964.94241597	5599.76206139
3431	2017-10-13 20:00:00	5647.99000001	5526.10000053	5526.10000053	5603.76269882	2604027.3146565	466.19388746	5585.71741222
3432	2017-10-13 22:00:00	5652.0	5520.60672641	5603.63269867	5646.6291435	1688971.4269553	301.98967441	5592.81184118
3433	2017-10-14 00:00:00	5646.81105826	5590.0	5646.81105826	5629.78392709	1260782.4277937	224.50023248	5615.95154653
3434	2017-10-14 02:00:00	5718.87867233	5616.13669035	5629.78392719	5687.23019333	2096752.8332895	369.47209563	5674.99645599
3435	2017-10-14 04:00:00	5709.20144528	5587.75818465	5687.23019333	5614.00000001	1314483.541332	233.16682628	5637.52383777
3436	2017-10-14 06:00:00	5644.99999997	5560.176205	5614.00000003	5625.0	1019431.1737763	181.91789387	5603.79824155
3437	2017-10-14 08:00:00	5669.10000001	5596.13	5625.00000009	5639.99999987	1207702.9071346	214.44276454	5631.81933288
3438	2017-10-14 10:00:00	5775.07480001	5616.5607359	5638.0	5715.0	2990532.3326333	523.13696577	5716.53797821
3439	2017-10-14 12:00:00	5740.08332984	5660.0	5715.39990234	5713.99999996	1591251.8807505	279.05447714	5702.29833636
3440	2017-10-14 14:00:00	5770.0	5680.59999999	5713.99999996	5719.99998974	1955370.3643884	340.82301233	5737.20169603
3441	2017-10-14 16:00:00	5780.68042598	5710.01000033	5719.99998974	5750.0	1844774.3940463	320.54819459	5755.06093991
3442	2017-10-14 18:00:00	5773.99999999	5671.0	5750.0	5716.0	1501966.8246375	263.0586476	5709.62725742
3443	2017-10-14 20:00:00	5749.99999987	5686.92008463	5716.0	5734.99999987	919156.092094	161.0222838	5708.25397828
3444	2017-10-14 22:00:00	5850.0	5719.39729075	5734.99999979	5832.72549999	2728973.2754595	471.08797639	5792.91642374
3445	2017-10-15 00:00:00	5875.0	5790.00000019	5839.99999995	5865.0	1626137.419675	278.61995448	5836.39970335
3446	2017-10-15 02:00:00	5880.87	5781.00000002	5863.0	5796.4082618	1714443.2268648	293.85579233	5834.30128523
3447	2017-10-15 04:00:00	5829.0	5744.94662363	5796.4082618	5794.00000072	1274790.6946133	220.74393498	5774.97494881
3448	2017-10-15 06:00:00	5820.60300008	5750.00000004	5794.0	5771.49650213	1139495.1949734	196.6353784	5794.96530199
3449	2017-10-15 08:00:00	5783.51215003	5454.13763	5783.51215003	5549.99999994	11082616.200936	1992.52796083	5562.0881708
3450	2017-10-15 10:00:00	5605.0	5438.0	5545.02928839	5438.0	5659936.9853516	1024.75507913	5523.20949719
3451	2017-10-15 12:00:00	5551.4177826	5434.14000003	5438.0	5551.4177826	3464644.0826185	629.82815366	5500.93555279
3452	2017-10-15 14:00:00	5591.77590993	5508.20000003	5551.4177826	5527.00000036	1711319.2929741	308.33116633	5550.26374188
3453	2017-10-15 16:00:00	5546.73647255	5458.5	5528.0	5501.3096004	2161701.7949199	392.67768196	5505.02840938
3454	2017-10-15 18:00:00	5533.79999998	5485.87557169	5503.0	5514.0	1118451.1506656	202.92509945	5511.64520158
3455	2017-10-15 20:00:00	5562.7466836	5460.8	5514.0	5562.7466836	1943787.7025364	353.22830846	5502.92164014
3456	2017-10-15 22:00:00	5750.00000003	5558.04645313	5558.04645313	5715.0	4016812.2384365	706.50598378	5685.46103027
3457	2017-10-16 00:00:00	5735.0	5652.61035359	5715.00000001	5673.6159979	1349952.2730348	237.3210791	5688.29485418
3458	2017-10-16 02:00:00	5714.0	5615.65327159	5673.6159979	5617.49999973	1163500.5772598	205.04722448	5674.30542018
3459	2017-10-16 04:00:00	5698.0000014	5602.60983298	5615.65327159	5657.99999994	4229435.1232026	746.90478247	5662.61620285
3460	2017-10-16 06:00:00	5674.67129443	5568.80951381	5659.61675401	5639.9	3791486.8106662	673.37080625	5630.60764659
3461	2017-10-16 08:00:00	5664.0	5565.0	5639.9	5654.99999954	3760129.7087326	669.90150641	5612.95902868
3462	2017-10-16 10:00:00	5761.8	5629.1	5654.99999953	5755.99999997	4000157.4499928	700.73505638	5708.51624101
3463	2017-10-16 12:00:00	5765.0	5668.1	5755.49923831	5692.20000009	3395123.2105779	593.7757619	5717.85416048
3464	2017-10-16 14:00:00	5729.08963988	5670.0	5692.203	5706.0	2126701.2137619	373.06192088	5700.66547865
3465	2017-10-16 16:00:00	5709.99999989	5638.34682449	5706.0	5689.10000079	1945382.5722417	342.61933337	5677.9708054
3466	2017-10-16 18:00:00	5731.0	5679.0	5699.8999997	5731.0	1965494.5725118	344.28119803	5708.98028634
3467	2017-10-16 20:00:00	5750.0	5682.99999955	5731.00000016	5728.60208105	1782495.2229809	311.30113787	5725.95151812
3468	2017-10-16 22:00:00	5800.0	5700.45330928	5723.04641499	5765.0	1833635.611577	318.40795463	5758.76194333
3469	2017-10-17 00:00:00	5780.10765528	5600.99999994	5765.0	5609.54063888	2776756.3857943	487.92334229	5690.96852952
3470	2017-10-17 02:00:00	5666.00000003	5595.99999997	5607.20375171	5650.39049999	2951018.5937628	523.50796484	5637.00801508
3471	2017-10-17 04:00:00	5669.26780494	5605.0	5641.27902908	5609.99999996	2027658.4166019	359.6817464	5637.36813696
3472	2017-10-17 06:00:00	5678.49999997	5594.1432489	5609.99999996	5633.00000003	2608208.9741262	461.85873798	5647.20066904
3473	2017-10-17 08:00:00	5689.0	5627.68133054	5633.00000003	5676.90370051	1730034.3307949	305.34473207	5665.83978399
3474	2017-10-17 10:00:00	5681.54638768	5525.0	5681.54638768	5560.0011	3540083.1653766	633.87169991	5584.85757587
3475	2017-10-17 12:00:00	5606.93816769	5512.68447392	5560.00110001	5586.55610822	3261279.6050433	586.48659133	5560.70616661
3476	2017-10-17 14:00:00	5609.4	5560.54992913	5590.0	5588.0	1986758.3754866	355.5034099	5588.57754991
3477	2017-10-17 16:00:00	5642.38418387	5555.26064098	5589.99999982	5619.99999967	1863570.8665332	332.8857941	5598.22888078
3478	2017-10-17 18:00:00	5648.47367277	5604.90492908	5613.00000003	5622.99999917	1501159.6385401	266.85440004	5625.38837026
3479	2017-10-17 20:00:00	5642.1	5557.00000001	5622.99999914	5571.03069993	1615456.419122	288.94608402	5590.85763214
3480	2017-10-17 22:00:00	5619.073017	5558.67741788	5571.03069993	5609.38701781	1096966.2403784	196.53274119	5581.59538067
3481	2017-10-18 00:00:00	5609.3870178	5466.0	5609.3870178	5475.0	2958750.3639618	536.6500766	5513.36987168
3482	2017-10-18 02:00:00	5512.66104206	5438.0	5475.00000001	5493.09	2461562.3844919	450.14310808	5468.39958294
3483	2017-10-18 04:00:00	5552.17076875	5480.0	5493.09	5499.49889926	1405240.4963531	254.51246575	5521.30321873
3484	2017-10-18 06:00:00	5500.0	5255.3	5499.49889911	5278.891	6929031.1441931	1293.82430833	5355.46526648
3485	2017-10-18 08:00:00	5399.0	5219.00000004	5278.89099997	5344.99999961	2647697.1551238	498.19359902	5314.59488907
3486	2017-10-18 10:00:00	5344.99999961	5212.26751878	5344.99999961	5298.3639771	3175965.356255	602.24838018	5273.51415259
3487	2017-10-18 12:00:00	5335.90192127	5160.50104118	5295.5555	5160.50104118	3926631.4422854	750.01781123	5235.3842582
3488	2017-10-18 14:00:00	5365.02672779	5100.0	5160.50104118	5337.99999995	7803644.5488726	1505.77340857	5182.48263945
3489	2017-10-18 16:00:00	5435.56830255	5320.00000001	5336.6533	5375.99999985	4735902.5718745	878.46827111	5391.09120684
3490	2017-10-18 18:00:00	5435.79084317	5355.15584583	5374.99999994	5382.00000132	1758823.4152866	326.02755581	5394.70785196
3491	2017-10-18 20:00:00	5540.2307	5380.00000129	5388.99999972	5487.00949695	2771787.7875118	506.04699368	5477.33278159
3492	2017-10-18 22:00:00	5596.0	5485.99900086	5485.99900089	5562.99999973	2153601.8369621	387.97577011	5550.86683983
3493	2017-10-19 00:00:00	5645.0	5495.86543267	5569.64953294	5637.90918112	2485056.0682076	444.81539642	5586.71324825
3494	2017-10-19 02:00:00	5644.99999979	5568.04224982	5637.90918112	5626.78894057	2824348.9960894	502.66307034	5618.77162406
3495	2017-10-19 04:00:00	5661.77156384	5583.19438213	5626.78894147	5590.0999997	2096080.1715974	371.8912309	5636.2721071
3496	2017-10-19 06:00:00	5620.41588929	5532.0	5583.19438244	5607.05685507	2016627.7602089	362.01762326	5570.52372768
3497	2017-10-19 08:00:00	5700.00000009	5578.29448999	5607.05685507	5698.99999982	2041858.8723194	360.93792761	5657.09147232
3498	2017-10-19 10:00:00	5717.85005808	5661.1	5688.79425611	5678.0079082	1949624.325771	342.42375245	5693.60131072
3499	2017-10-19 12:00:00	5737.90918111	5630.53951223	5679.99999997	5725.0	1825367.0282245	321.07421083	5685.18730765
3500	2017-10-19 14:00:00	5737.7999997	5614.42929333	5737.7999997	5640.5	2475187.9717076	434.25012186	5699.91313095
3501	2017-10-19 16:00:00	5688.06605277	5622.22222223	5640.5	5669.81193793	1200322.9134117	212.17484114	5657.23488686
3502	2017-10-19 18:00:00	5675.26059243	5610.0	5663.97000005	5626.87	1003576.4851302	177.7249148	5646.79682789
3503	2017-10-19 20:00:00	5719.23411429	5608.0	5626.87	5718.50000001	1485600.2722522	261.63768023	5678.08226607
3504	2017-10-19 22:00:00	5728.99999978	5686.11349231	5718.5	5696.65487095	970080.60785984	169.85891019	5711.09638449
3505	2017-10-20 00:00:00	5719.99999999	5681.0	5696.65487095	5688.0	619793.03744952	108.69055057	5702.36358357
3506	2017-10-20 02:00:00	5702.99999997	5657.60233651	5687.89459423	5693.07332306	523541.21637233	92.12321748	5683.05396504
3507	2017-10-20 04:00:00	5714.5	5649.98549997	5693.07332302	5672.58980869	678446.4274767	119.42204321	5681.0820619
3508	2017-10-20 06:00:00	5690.09056776	5600.09056759	5672.58980869	5636.00000999	1166831.0135196	206.93313625	5638.68617015
3509	2017-10-20 08:00:00	5676.06304251	5629.55112798	5643.99999897	5647.99999974	745022.68327929	131.89191413	5648.73660522
3510	2017-10-20 10:00:00	5677.99999994	5636.21810639	5647.99999959	5649.4045783	636593.22465986	112.36916225	5665.19507588
3511	2017-10-20 12:00:00	5698.0	5638.0	5649.40457833	5690.999999	697893.2222031	123.14590712	5667.20598779
3512	2017-10-20 14:00:00	6000.0	5688.15449917	5691.999999	5939.8	13660723.431495	2311.42982044	5910.07492881
3513	2017-10-20 16:00:00	5983.995	5890.0	5939.8	5950.03	4178407.6755132	702.50422804	5947.87548421
3514	2017-10-20 18:00:00	6078.81485359	5959.13366275	5960.09999993	6077.99999994	3653524.8582665	608.53923783	6003.76217529
3515	2017-10-20 20:00:00	6095.0	5927.79999996	6077.99999994	5959.6	4131501.8338918	687.6554828	6008.09844061
3516	2017-10-20 22:00:00	6014.64962499	5945.1	5959.6	5992.0	978831.97518239	163.52296734	5985.89905201
3517	2017-10-21 00:00:00	6077.13499463	5943.00000001	5990.0	6050.0	2026771.2430987	336.906447	6015.82801738
3518	2017-10-21 02:00:00	6121.75294894	6043.00000006	6052.99999999	6103.60999988	2407352.9273102	395.35498683	6089.09210077
3519	2017-10-21 04:00:00	6158.84265999	6020.0	6103.60999985	6080.99999957	3044434.0183662	500.53256989	6082.38944178
3520	2017-10-21 06:00:00	6115.0	6040.0	6080.0	6109.99999983	1422911.5242221	233.88321472	6083.8548244
3521	2017-10-21 08:00:00	6109.99999951	6051.0	6103.00000027	6090.0	1353919.0498665	222.99671276	6071.47537337
3522	2017-10-21 10:00:00	6118.20019775	6065.08	6093.1160192	6115.99999994	1852594.6838079	303.56835239	6102.72668156
3523	2017-10-21 12:00:00	6148.17698082	6067.0	6115.99999994	6098.99999361	2318967.2667971	379.69467389	6107.45271467
3524	2017-10-21 14:00:00	6180.0	6098.99999364	6099.89999888	6151.0000002	2963361.5873829	481.83605343	6150.14498456
3525	2017-10-21 16:00:00	6175.00000067	5865.0	6160.0	5988.89736092	9979523.6670816	1658.65190724	6016.64738907
3526	2017-10-21 18:00:00	6053.00051038	5950.0	5987.0	6026.65262414	2341829.1041449	389.19386003	6017.12756713
3527	2017-10-21 20:00:00	6111.29736605	6023.97316356	6026.65262414	6049.09999997	1902310.278958	312.85864111	6080.4146953
3528	2017-10-21 22:00:00	6085.01743534	5980.0	6049.0	6009.33864396	2302743.1322959	381.54111881	6035.37343361
3529	2017-10-22 00:00:00	6069.99999999	6000.77133606	6009.33864396	6019.81777841	1258610.7594328	208.79960996	6027.84056768
3530	2017-10-22 02:00:00	6030.66974729	5925.5312458	6019.81777841	5938.13300013	2330187.286431	391.21418765	5956.29545142
3531	2017-10-22 04:00:00	5939.03200511	5759.0	5938.13300026	5864.7455954	4524778.7480579	774.67426986	5840.87909473
3532	2017-10-22 06:00:00	5948.66605469	5785.0	5863.99999986	5922.28852662	2392509.8383317	407.06883935	5877.40845541
3533	2017-10-22 08:00:00	5925.0	5781.0	5922.39999997	5785.91650001	1917383.233674	326.10581337	5879.63524433
3534	2017-10-22 10:00:00	5846.99999997	5707.36180313	5785.0	5800.00000026	5198206.3490384	901.13599318	5768.50374236
3535	2017-10-22 12:00:00	5886.99999992	5762.03612189	5800.00000026	5847.90000435	1716895.0506928	294.27015677	5834.41783406
3536	2017-10-22 14:00:00	6029.44602503	5840.0	5847.90000435	6000.00000003	3395967.1346542	570.34559329	5954.22700658
3537	2017-10-22 16:00:00	6000.00000015	5933.00000001	6000.00000006	5975.63519697	1780432.6162382	298.44887584	5965.62011241
3538	2017-10-22 18:00:00	5981.99999996	5830.60000015	5964.00000015	5868.52598339	2300399.3125764	389.8557505	5900.64224941
3539	2017-10-22 20:00:00	5921.8135783	5830.00000001	5860.97855931	5886.75487619	1388890.4146466	236.33719236	5876.73231105
3540	2017-10-22 22:00:00	6016.26	5880.12444603	5886.75487619	5963.68434001	1193395.1480964	200.12472927	5963.25677715
3541	2017-10-23 00:00:00	6015.32682083	5910.13592016	5975.0	6009.00000003	778341.6789706	130.41369909	5968.25091536
3542	2017-10-23 02:00:00	6007.99999999	5919.66207013	6007.99999999	5950.21000024	1370298.4257912	229.63407369	5967.31314204
3543	2017-10-23 04:00:00	6058.99999998	5912.69375071	5966.99999914	5952.99999969	1951500.3386299	324.89184406	6006.6153531
3544	2017-10-23 06:00:00	5949.57972156	5845.00836225	5939.00000001	5883.99999994	2635128.3140231	447.48162152	5888.79674001
3545	2017-10-23 08:00:00	5899.391929	5775.8160001	5874.5	5849.99999991	2307389.5795785	396.86628263	5814.02270882
3546	2017-10-23 10:00:00	5900.01124015	5837.22000006	5846.88249005	5880.216	1753522.5112287	298.34714856	5877.45691451
3547	2017-10-23 12:00:00	5890.46101323	5500.0	5880.216	5707.50000004	11905894.915915	2096.17886512	5679.80868141
3548	2017-10-23 14:00:00	5816.00405634	5635.10000006	5707.50000004	5778.59999934	6841249.653977	1195.00027266	5724.89380169
3549	2017-10-23 16:00:00	5856.60991406	5709.2298791	5776.82965398	5835.00000016	2067243.3417927	356.07863791	5805.58090742
3550	2017-10-23 18:00:00	5938.79999998	5759.99999999	5840.0	5909.59999999	1913064.704832	326.3831449	5861.40778016
3551	2017-10-23 20:00:00	5992.91828522	5855.0	5909.8	5884.99999978	3392696.7121587	573.00102768	5920.9260512
3552	2017-10-23 22:00:00	5925.0	5798.03347769	5884.99999976	5899.99999999	2347779.3119265	400.25405555	5865.72273127
3553	2017-10-24 00:00:00	5900.0	5572.0	5900.0	5612.67988574	7832650.0179052	1378.18655449	5683.30172166
3554	2017-10-24 02:00:00	5693.0	5522.15689561	5624.43749952	5639.71406038	6678631.617716	1190.30124079	5610.87512038
3555	2017-10-24 04:00:00	5722.98228768	5563.91072926	5639.98829824	5717.0	2941925.0336055	521.87996038	5637.16804045
3556	2017-10-24 06:00:00	5783.32656123	5670.80339976	5717.0	5717.76969348	3748285.4612893	653.2567125	5737.84454038
3557	2017-10-24 08:00:00	5765.0	5600.0	5722.87643572	5654.67026861	2303070.0758027	405.29995598	5682.38422388
3558	2017-10-24 10:00:00	5711.0	5639.16253421	5647.63711215	5708.72524766	1443853.259136	254.49704389	5673.35964719
3559	2017-10-24 12:00:00	5708.73519995	5571.9999999	5708.72524766	5643.9758654	2679960.0119718	476.19698636	5627.83908494
3560	2017-10-24 14:00:00	5672.47849943	5589.76255134	5646.921238	5628.99999987	1857161.7612958	329.62920138	5634.09356185
3561	2017-10-24 16:00:00	5731.85964989	5620.38741333	5620.38741333	5703.52618603	2491264.6093689	437.29626806	5696.97203321
3562	2017-10-24 18:00:00	5720.99999999	5628.27259977	5703.08939906	5670.00000001	1265336.8449417	222.90200917	5676.65069351
3563	2017-10-24 20:00:00	5670.00000001	5465.38751001	5669.99999995	5465.38751001	4678531.7215858	846.52529718	5526.74767921
3564	2017-10-24 22:00:00	5540.0	5460.0	5465.00000049	5508.76	2021638.9711373	367.72140166	5497.74628838
3565	2017-10-25 00:00:00	5530.0	5370.00000052	5500.00000003	5382.0	3090309.3814578	568.96894099	5431.4201687
3566	2017-10-25 02:00:00	5542.00000019	5362.39	5383.0	5542.00000019	2943918.9334293	540.94397493	5442.18822995
3567	2017-10-25 04:00:00	5569.58549532	5450.881232	5542.00000022	5490.056771	1655079.0926639	300.43098617	5509.01594327
3568	2017-10-25 06:00:00	5589.49708833	5464.27559331	5488.1608264	5559.99999998	1266874.2644424	228.61179674	5541.59620154
3569	2017-10-25 08:00:00	5636.31103731	5552.00000004	5552.00000004	5602.0	1884017.8186434	335.84276915	5609.82099871
3570	2017-10-25 10:00:00	5615.10990552	5476.15204752	5602.00000001	5513.42772826	1924251.9197798	347.21867829	5541.90209252
3571	2017-10-25 12:00:00	5534.0	5424.23700073	5513.42772826	5519.0	1626913.909643	296.26121021	5491.48472218
3572	2017-10-25 14:00:00	5529.99999999	5400.70917166	5519.0	5460.00000003	1592592.9089729	291.61741333	5461.24077704
3573	2017-10-25 16:00:00	5550.0	5457.9999999	5460.00000006	5514.95034719	1601278.5800725	290.80329118	5506.39772189
3574	2017-10-25 18:00:00	5648.12	5503.86300021	5514.95034719	5641.0	1319493.2735498	236.98222318	5567.89980211
3575	2017-10-25 20:00:00	5690.0	5614.95848808	5641.0	5650.9	2598110.2595187	459.24013047	5657.41120415
3576	2017-10-25 22:00:00	5745.0	5626.00088	5650.9	5709.31000001	2193065.2770627	385.50689567	5688.78352552
3577	2017-10-26 00:00:00	5743.3497883	5684.737471	5709.31000001	5684.737471	1607940.4451322	281.45948299	5712.86647744
3578	2017-10-26 02:00:00	5778.00000001	5680.99999975	5684.737471	5767.0	1410216.6935101	246.19003666	5728.16314032
3579	2017-10-26 04:00:00	5774.99999996	5690.698	5762.900001	5710.00000022	1406212.4878449	245.18193894	5735.3836662
3580	2017-10-26 06:00:00	5732.79999996	5669.10470001	5711.00000001	5731.99999996	1364958.6660862	239.11914621	5708.27843658
3581	2017-10-26 08:00:00	5749.00000001	5689.84999961	5715.1000026	5737.0	902776.87073064	157.83799413	5719.64231873
3582	2017-10-26 10:00:00	5870.0	5720.0	5737.0	5870.0	2305156.1518889	397.30567951	5801.97130514
3583	2017-10-26 12:00:00	5968.0	5863.43328089	5870.0	5886.0	4935316.8063769	834.94153458	5910.97292681
3584	2017-10-26 14:00:00	5950.0	5862.03083431	5887.00000015	5934.99999992	3112667.7275057	525.60321646	5922.08652844
3585	2017-10-26 16:00:00	5960.0	5912.29751053	5934.99999992	5940.0	1579583.7687101	266.23673504	5933.00458132
3586	2017-10-26 18:00:00	5954.99999964	5825.02325276	5940.76612412	5883.85639995	2341665.9751088	398.66318972	5873.79531266
3587	2017-10-26 20:00:00	5903.27761984	5785.29990002	5885.0	5824.11552079	1934195.3916815	331.69803092	5831.1934693
3588	2017-10-26 22:00:00	5915.0	5784.21	5824.11552074	5880.00000001	1589304.6228762	270.91107682	5866.5176837
3589	2017-10-27 00:00:00	5999.00201	5866.59999999	5882.00000001	5950.0	1940575.5061605	325.7601938	5957.06763163
3590	2017-10-27 02:00:00	5975.48799944	5900.01847684	5950.0	5932.90000007	1105793.6998314	186.38412942	5932.87477465
3591	2017-10-27 04:00:00	5937.67357432	5807.00000017	5932.90000011	5828.72960599	2400854.8688099	409.42376456	5863.98513381
3592	2017-10-27 06:00:00	5880.86816668	5784.0	5821.14819757	5874.99999996	1547952.858204	265.65934208	5826.83389217
3593	2017-10-27 08:00:00	5910.6820151	5840.34471436	5875.0	5899.0	860390.59101845	146.25542014	5882.79456716
3594	2017-10-27 10:00:00	5905.0	5809.824974	5899.0	5817.49153416	1611171.2504669	275.62360546	5845.54885194
3595	2017-10-27 12:00:00	5835.09188951	5685.98000001	5823.04653868	5760.94836656	3502165.9646583	608.27113985	5757.5737779
3596	2017-10-27 14:00:00	5786.44432222	5727.0000001	5760.94836656	5749.0	1665858.1735573	289.62951877	5751.68643248
3597	2017-10-27 16:00:00	5798.99999974	5725.95351925	5752.66699662	5728.99999938	849412.80366208	147.31480341	5765.97045239
3598	2017-10-27 18:00:00	5773.511239	5683.1844118	5728.99999916	5736.65973875	1427485.5342359	249.61009994	5718.86127435
3599	2017-10-27 20:00:00	5781.0	5700.11	5736.65973875	5745.32	683778.13516194	119.03822313	5744.18969959
3600	2017-10-27 22:00:00	5780.0	5730.74210964	5748.97373645	5756.51178353	459028.90150249	79.78104769	5753.60834174
3601	2017-10-28 00:00:00	5870.32000074	5756.51178354	5756.51178354	5821.4636136	1163374.5998313	199.47750095	5832.10935714
3602	2017-10-28 02:00:00	5822.80823022	5715.0	5821.17254041	5729.45417235	1395533.2707704	242.57310874	5753.04195101
3603	2017-10-28 04:00:00	5783.25999881	5711.87614481	5723.50334439	5769.0	434913.06261149	75.76151842	5740.55367001
3604	2017-10-28 06:00:00	5796.38790953	5749.0	5771.95259093	5784.03041556	628966.31229655	108.88606964	5776.37079174
3605	2017-10-28 08:00:00	5789.34329789	5720.0	5770.30416398	5722.9029132	592630.97700891	102.89877826	5759.35873127
3606	2017-10-28 10:00:00	5757.99999999	5654.0	5721.3	5664.46813187	1967389.415939	345.43524373	5695.39284612
3607	2017-10-28 12:00:00	5719.718576	5641.0	5665.03457927	5717.57999974	1383109.4452053	243.7278179	5674.81158746
3608	2017-10-28 14:00:00	5727.0	5650.0	5717.08	5685.74486477	876583.53545528	154.28142803	5681.71779745
3609	2017-10-28 16:00:00	5720.55381786	5680.38418744	5685.74486477	5717.971436	433329.69393793	75.99962394	5701.73471226
3610	2017-10-28 18:00:00	5779.16500025	5710.2678212	5718.00000001	5779.16499972	822822.02661485	143.30497027	5741.75497936
3611	2017-10-28 20:00:00	5775.34111275	5698.83519237	5768.00000003	5734.44525441	593766.71460431	103.645934	5728.79891848
3612	2017-10-28 22:00:00	5753.0	5707.0	5733.99999964	5719.0	777809.44931299	135.70305563	5731.70180805
3613	2017-10-29 00:00:00	5723.80656965	5680.0	5719.0	5688.54053471	742782.10469042	130.3195658	5699.69750996
3614	2017-10-29 02:00:00	5730.97601203	5670.0	5690.54053452	5728.06090088	505068.37134691	88.59523019	5700.85285927
3615	2017-10-29 04:00:00	5775.5	5702.28462698	5726.0	5760.6	1000571.559615	173.9047643	5753.5603676
3616	2017-10-29 06:00:00	5850.0	5736.0	5762.29924963	5801.77649693	1689611.4802093	290.96262603	5806.97082392
3617	2017-10-29 08:00:00	5820.0	5760.50000009	5815.17514859	5769.84793729	1149807.4054731	198.62395556	5788.86570973
3618	2017-10-29 10:00:00	5838.47702961	5747.00001	5769.84793729	5816.2913233	2276480.9502062	393.01798127	5792.30737191
3619	2017-10-29 12:00:00	5817.45082249	5750.00000001	5796.70710397	5774.20105295	1385464.5864344	239.59952744	5782.41785882
3620	2017-10-29 14:00:00	5990.0	5775.00000025	5785.82216745	5975.00000028	4250036.6557346	721.3090925	5892.11573779
3621	2017-10-29 16:00:00	5990.0	5921.29113235	5975.00000036	5944.46200407	4010010.5436269	672.28324815	5964.76344555
3622	2017-10-29 18:00:00	6142.87533362	5944.46200407	5949.99999997	6140.36461888	4400593.8612738	729.52780578	6032.112589
3623	2017-10-29 20:00:00	6248.63	6069.83142857	6142.0	6140.00000041	8747975.9072108	1418.76176741	6165.92306626
3624	2017-10-29 22:00:00	6230.0	6099.99	6140.00000049	6155.0	3018332.1858466	488.2485406	6181.9584389
3625	2017-10-30 00:00:00	6172.61738845	6100.0	6155.0	6149.99999961	1759821.6304955	287.04324982	6130.8587873
3626	2017-10-30 02:00:00	6172.79844211	6096.9540977	6146.93251059	6155.83302014	1458234.4307532	237.64557615	6136.17326431
3627	2017-10-30 04:00:00	6186.37981609	6132.90989482	6155.83302011	6135.0	1227538.6832089	199.19441639	6162.51552355
3628	2017-10-30 06:00:00	6190.99999999	6101.1	6135.0	6159.99999988	1081887.0654019	176.15043773	6141.83580434
3629	2017-10-30 08:00:00	6190.0	6128.17920004	6159.99999976	6160.0	1043418.8060534	169.40430852	6159.34042746
3630	2017-10-30 10:00:00	6246.07500019	6153.0	6160.0	6162.6	2050485.8086755	330.35717818	6206.87529773
3631	2017-10-30 12:00:00	6189.53264975	6119.04503644	6162.6	6156.43992673	1719917.8489539	279.6364409	6150.54977605
3632	2017-10-30 14:00:00	6163.15484997	6004.39742146	6156.43992634	6079.738278	3406584.1457457	561.09069028	6071.36102016
3633	2017-10-30 16:00:00	6118.3135	6045.29336846	6079.999998	6118.31349997	1105270.1565686	181.99458838	6073.09352661
3634	2017-10-30 18:00:00	6140.8895	6071.31	6118.31349997	6084.85999909	1077916.9891553	176.41076582	6110.26761402
3635	2017-10-30 20:00:00	6130.71527248	6073.00000006	6078.0	6099.86500211	960291.2649946	157.14417933	6110.89299704
3636	2017-10-30 22:00:00	6150.00000057	6091.0	6094.93089474	6125.0	654350.03117015	106.91031604	6120.55090104
3637	2017-10-31 00:00:00	6163.68199142	6119.4	6121.35190656	6142.99601341	716427.14243141	116.53318913	6147.8377772
3638	2017-10-31 02:00:00	6150.0	6109.40946052	6142.99601341	6134.0	655627.32241581	107.00457491	6127.09618226
3639	2017-10-31 04:00:00	6180.96639011	6131.0	6140.02785199	6159.00000069	942426.5130499	152.86522626	6165.08107244
3640	2017-10-31 06:00:00	6174.24489073	6091.09	6167.0	6106.99999987	1123508.7265843	183.45583907	6124.13718898
3641	2017-10-31 08:00:00	6173.0	6099.99999999	6106.99999983	6166.90000019	842609.14705032	137.45069321	6130.2648053
3642	2017-10-31 10:00:00	6240.0	6150.70000041	6169.215955	6239.0	1924770.1025605	310.62742874	6196.39453723
3643	2017-10-31 12:00:00	6345.1	6195.0005007	6240.0	6342.0	3079343.6167213	491.75085236	6261.99955107
3644	2017-10-31 14:00:00	6425.0	6290.0	6335.99999992	6355.0000001	6593625.4179672	1036.52923279	6361.25370069
3645	2017-10-31 16:00:00	6395.72	6323.95885101	6355.00000011	6355.00000006	2068238.1524089	325.07245322	6362.39131283
3646	2017-10-31 18:00:00	6369.99999995	6290.0	6364.99999997	6352.10966654	1840176.2580352	290.69042047	6330.36429291
3647	2017-10-31 20:00:00	6395.00100292	6335.00000008	6350.39613216	6390.98967833	1976609.2129686	310.70601183	6361.67031763
3648	2017-10-31 22:00:00	6475.44007663	6376.63183066	6395.00100292	6450.02162843	2355094.5119592	366.6874773	6422.62050861
3649	2017-11-01 00:00:00	6458.16855047	6370.0	6455.0	6411.61841158	1699063.4910064	265.26143468	6405.24127849
3650	2017-11-01 02:00:00	6449.999777	6392.25484	6407.0000003	6405.52060937	1117979.9190256	174.13899199	6420.04358845
3651	2017-11-01 04:00:00	6420.80786751	6351.0	6405.52060948	6397.76782114	2155100.5219749	337.63573734	6382.91591687
3652	2017-11-01 06:00:00	6399.72000009	6369.0	6397.76782112	6386.0	1292374.2765852	202.29630459	6388.52142753
3653	2017-11-01 08:00:00	6546.42689468	6386.0	6386.0	6536.99999999	3633776.1607737	561.04776123	6476.76795431
3654	2017-11-01 10:00:00	6599.0	6494.46889654	6534.99000001	6560.00000009	4146551.6345594	632.07985757	6560.17049886
3655	2017-11-01 12:00:00	6579.02811362	6450.71901605	6560.00000009	6468.85054501	3846660.1042911	592.31627506	6494.26711076
3656	2017-11-01 14:00:00	6555.98599831	6468.85054502	6471.6629145	6553.98305585	1786057.6115633	273.47543418	6530.96179157
3657	2017-11-01 16:00:00	6621.0	6540.80002104	6553.98305585	6587.30956867	2790589.8426057	423.587372	6587.99111368
3658	2017-11-01 18:00:00	6610.0	6554.5044647	6590.0	6608.10295333	1694322.3116805	257.66578114	6575.65899586
3659	2017-11-01 20:00:00	6606.99999997	6530.0	6604.34716563	6565.0	1445982.4048521	220.56918394	6555.68642465
3660	2017-11-01 22:00:00	6739.791199	6562.79490487	6565.00000001	6739.791199	5212811.1636193	781.82301836	6667.50791573
3661	2017-11-02 00:00:00	6909.34639556	6710.42971257	6739.79119899	6779.60760518	8775220.6663278	1287.14732826	6817.57284008
3662	2017-11-02 02:00:00	6889.0	6702.08831439	6780.0	6868.86921621	5557980.8690343	817.91974528	6795.26432893
3663	2017-11-02 04:00:00	6888.90100358	6810.71276132	6878.92362658	6838.33736164	2962328.5965401	432.33029008	6852.0033514
3664	2017-11-02 06:00:00	6948.44200001	6838.33736164	6840.0	6912.99999979	5301432.8066955	769.26984189	6891.51259806
3665	2017-11-02 08:00:00	6960.1936538	6890.0	6912.99999971	6957.00000026	3557714.8860005	512.80102959	6937.80761096
3666	2017-11-02 10:00:00	7281.42800003	6607.30296794	6957.00000026	6897.0	19642385.447282	2820.15139901	6965.01097571
3667	2017-11-02 12:00:00	7055.0	6684.66797491	6900.0	7000.0	11076455.147374	1598.43969896	6929.54207442
3668	2017-11-02 14:00:00	7045.0	6884.63064596	7019.99999989	7027.50999986	4205420.6719517	602.2970899	6982.30282442
3669	2017-11-02 16:00:00	7027.50999986	6850.0	7027.50999986	6950.0	3592094.7023707	517.62179608	6939.61253095
3670	2017-11-02 18:00:00	6980.00000009	6820.00000001	6962.04795176	6959.99989993	3106188.7959572	450.74658778	6891.20867504
3671	2017-11-02 20:00:00	7120.99999987	6935.00000006	6960.0	7080.1651269	4307477.5614075	610.24513617	7058.60203727
3672	2017-11-02 22:00:00	7087.79984862	6984.54899997	7080.1651269	7025.0	2317088.762688	329.37972123	7034.70375782
3673	2017-11-03 00:00:00	7043.35726519	6921.23923663	7025.0	6984.16567547	3522228.7379153	504.95389474	6975.34720418
3674	2017-11-03 02:00:00	7224.99999996	6982.31629575	6990.00000003	7189.84388448	3888405.022346	546.04760796	7121.0000111
3675	2017-11-03 04:00:00	7259.0	7121.32683409	7189.84388501	7213.9393628	3065158.9607658	426.75159697	7182.53659161
3676	2017-11-03 06:00:00	7291.00000002	7160.0	7213.9393628	7276.99999997	2560883.087758	354.57857923	7222.3288088
3677	2017-11-03 08:00:00	7388.00000047	7231.10000001	7276.99999997	7354.99999997	4430971.9089002	606.35079749	7307.60465268
3678	2017-11-03 10:00:00	7438.62920135	7214.07459859	7350.31073344	7285.00000028	4973413.5324158	678.0740477	7334.61713995
3679	2017-11-03 12:00:00	7312.59645776	7137.57854676	7285.00000039	7207.00000073	3173326.9619038	439.19071393	7225.39630564
3680	2017-11-03 14:00:00	7355.0	7140.0	7209.99999994	7330.47280429	3421119.0481618	470.68995443	7268.30690981
3681	2017-11-03 16:00:00	7349.99999959	7230.0	7345.18655348	7266.0	1990629.9190465	273.39078988	7281.26181544
3682	2017-11-03 18:00:00	7320.0	7225.0	7266.0	7244.77069653	2005706.5758486	275.66517814	7275.8793453
3683	2017-11-03 20:00:00	7265.8596293	7000.0	7248.0	7058.99999989	6032924.6907184	847.60221071	7117.63680472
3684	2017-11-03 22:00:00	7200.00000003	7052.09980065	7058.99999989	7124.35999982	3538662.3325646	496.29713337	7130.12849487
3685	2017-11-04 00:00:00	7124.35999982	6864.16306531	7124.35999982	7031.82525868	5933717.3721429	847.93863346	6997.81462713
3686	2017-11-04 02:00:00	7170.00000011	7031.82525868	7034.99999973	7152.52841212	3413050.1918971	480.76330401	7099.23191605
3687	2017-11-04 04:00:00	7217.72136217	7124.57748652	7157.90326614	7124.99917911	2046480.8859533	285.28548692	7173.44898279
3688	2017-11-04 06:00:00	7205.31131381	7077.00000004	7126.0	7179.99999999	2264758.5465543	316.82936498	7148.19646435
3689	2017-11-04 08:00:00	7190.0	7090.74	7176.2	7115.5999999	1535983.3643579	215.01095933	7143.74452885
3690	2017-11-04 10:00:00	7122.53833162	7049.00000004	7106.0	7088.992911	1666002.5573139	235.3367578	7079.22796629
3691	2017-11-04 12:00:00	7295.0	7080.0	7088.992911	7292.10000024	4469445.5043202	622.93696019	7174.79582999
3692	2017-11-04 14:00:00	7348.99999	7253.32096763	7290.0	7320.0	2811589.3373252	384.82964668	7306.06220591
3693	2017-11-04 16:00:00	7400.0	7291.97454161	7320.0	7332.7359997	3652574.7328316	496.49891173	7356.66211252
3694	2017-11-04 18:00:00	7385.02456519	7299.18820148	7327.26047039	7371.10967651	1740805.5619636	236.89224866	7348.51212654
3695	2017-11-04 20:00:00	7440.00000004	7348.09656717	7371.10967651	7387.0	4589779.6822756	620.00926237	7402.75986318
3696	2017-11-04 22:00:00	7424.59999987	7310.49999955	7390.57512467	7365.99999999	2638519.8476016	357.59715136	7378.46998379
3697	2017-11-05 00:00:00	7400.0	7250.3	7360.00000009	7369.46177909	2197184.9236256	299.71792251	7330.84263104
3698	2017-11-05 02:00:00	7412.34846367	7315.99999995	7369.46177906	7381.40053178	1451218.9639348	196.98074168	7367.3139392
3699	2017-11-05 04:00:00	7456.86666639	7384.601466	7396.12198948	7428.56519992	1030223.5899867	138.75377356	7424.83295087
3700	2017-11-05 06:00:00	7478.687	7338.22497949	7428.56520025	7425.00000039	2760352.0556057	372.47547755	7410.82895916
3701	2017-11-05 08:00:00	7457.0	7392.14481246	7430.0	7429.1159774	1397812.601417	188.03136029	7433.93335697
3702	2017-11-05 10:00:00	7551.100269	7400.9999999	7429.11597783	7551.100269	3471834.3246811	463.00664547	7498.4546305
3703	2017-11-05 12:00:00	7599.0	7470.0	7550.0	7569.4305694	3675344.5251634	486.91773303	7548.18376051
3704	2017-11-05 14:00:00	7596.95	7495.76556368	7569.43056937	7512.1	3120699.29006	413.51242611	7546.80897843
3705	2017-11-05 16:00:00	7550.0	7481.49661283	7510.00000027	7505.0	1807019.557459	240.58585512	7510.91354293
3706	2017-11-05 18:00:00	7577.98844409	7501.90000011	7508.55900168	7570.0	2073581.4270296	274.69015891	7548.801294
3707	2017-11-05 20:00:00	7578.5835498	7340.0	7570.0	7340.99999991	5652382.2816013	760.11754257	7436.19501595
3708	2017-11-05 22:00:00	7440.75652925	7301.00010001	7340.99999993	7379.16813705	3593983.858272	487.44089207	7373.1685559
3709	2017-11-06 00:00:00	7413.4	7300.0	7379.16813705	7347.99999994	2067326.0186176	281.60573108	7341.20719308
3710	2017-11-06 02:00:00	7379.0	7187.93529866	7347.99999994	7233.0	4825536.2611032	665.64476689	7249.41665754
3711	2017-11-06 04:00:00	7329.0	7080.99999997	7235.0	7299.83522757	4688617.817337	652.36022909	7187.16072541
3712	2017-11-06 06:00:00	7337.47413412	7234.50000001	7299.99999919	7286.72663436	1672299.282925	229.47597805	7287.46990049
3713	2017-11-06 08:00:00	7370.0	7250.58209851	7286.72663436	7310.0	2163257.1543795	295.87663152	7311.34846056
3714	2017-11-06 10:00:00	7350.0	7243.92430279	7312.99999988	7334.69490909	1582256.77295	216.91571117	7294.33919016
3715	2017-11-06 12:00:00	7420.0	7313.24999985	7334.69490909	7334.00000012	2220058.2361955	300.69476621	7383.09570258
3716	2017-11-06 14:00:00	7339.0	7200.0	7334.00000013	7273.00000001	3214545.5544031	443.32510925	7250.98914392
3717	2017-11-06 16:00:00	7278.49999997	7011.45881959	7273.00000001	7123.85430183	6670693.4221042	938.87573568	7104.98010396
3718	2017-11-06 18:00:00	7135.22967997	6930.8555386	7123.8543018	7015.93594817	8534635.4053552	1219.32311542	6999.48627022
3719	2017-11-06 20:00:00	7139.82858771	7000.00000001	7020.80636533	7113.0	3262876.9591295	460.28388292	7088.83599927
3720	2017-11-06 22:00:00	7178.00000004	6908.51315854	7119.99999965	6929.97042124	6190474.4803042	884.32715701	7000.20849889
3721	2017-11-07 00:00:00	7100.0000046	6929.97042124	6929.97042124	7034.41050456	2472191.092249	351.01580888	7042.96225328
3722	2017-11-07 02:00:00	7141.33801399	6980.0	7034.4105046	7101.33686511	2231110.4395784	315.53265321	7070.93360031
3723	2017-11-07 04:00:00	7198.05979996	7069.92463357	7115.80386201	7121.2	1917161.2674507	268.1242734	7150.27119007
3724	2017-11-07 06:00:00	7180.25892002	7062.96421168	7121.17001596	7152.0	1317456.7961157	184.78349592	7129.73195769
3725	2017-11-07 08:00:00	7201.80232508	7110.17865877	7152.0	7132.09879971	1247390.5235783	173.99608972	7169.0721647
3726	2017-11-07 10:00:00	7189.99999943	7109.06339935	7120.60000003	7171.00000006	1141971.5503129	159.64863151	7153.03062426
3727	2017-11-07 12:00:00	7250.99999997	6982.28627172	7171.00000006	7028.6	4863653.4444396	682.73683916	7123.76008657
3728	2017-11-07 14:00:00	7079.79999995	6950.0	7041.59999936	7033.0000002	4069705.1506935	581.09731089	7003.48302156
3729	2017-11-07 16:00:00	7092.22	6960.0000004	7044.39999999	7069.05429974	4017898.4009267	573.82415902	7001.9680032
3730	2017-11-07 18:00:00	7120.0	7036.1	7077.39728629	7079.99999994	2447900.3319361	345.59329208	7083.1824229
3731	2017-11-07 20:00:00	7079.99999994	6981.1	7079.99999994	7048.7331413	2084847.0061418	296.98120734	7020.1310878
3732	2017-11-07 22:00:00	7118.0	7015.52379773	7050.0	7084.87344467	1302779.7340948	184.22108372	7071.82754431
3733	2017-11-08 00:00:00	7300.0	7030.88975355	7084.87344467	7273.99999994	3968667.0030334	551.60468834	7194.76662712
3734	2017-11-08 02:00:00	7366.95	7230.63736033	7270.69151789	7319.61978687	2780801.430179	380.58873408	7306.57841699
3735	2017-11-08 04:00:00	7385.74499995	7284.81165815	7326.0	7385.3585	1767602.1510368	241.15227282	7329.81750645
3736	2017-11-08 06:00:00	7413.0	7300.0	7385.74499995	7331.77000114	2355192.0676394	319.44296734	7372.80925997
3737	2017-11-08 08:00:00	7367.7806	7318.33459	7337.39019838	7367.00000002	1120490.8252207	152.4862011	7348.14571507
3738	2017-11-08 10:00:00	7470.0	7338.71517482	7367.78059997	7427.83999998	2570088.4153296	346.77566801	7411.38624309
3739	2017-11-08 12:00:00	7500.00000028	7420.0	7430.00009997	7450.01000038	3457936.3462199	463.07018245	7467.41309907
3740	2017-11-08 14:00:00	7523.64484037	7433.00000003	7450.01000038	7485.0	3280827.8864698	438.80831086	7476.67672938
3741	2017-11-08 16:00:00	7770.99929997	7400.0	7479.0000001	7641.00000001	12973467.712316	1702.55087215	7620.01765969
3742	2017-11-08 18:00:00	7664.28109465	7000.0	7650.0	7200.0	20973243.849455	2879.88309383	7282.67195789
3743	2017-11-08 20:00:00	7230.0	7105.0	7212.20499992	7144.0	7584677.0236535	1058.02502194	7168.71233323
3744	2017-11-08 22:00:00	7414.57633078	7135.0	7144.0	7409.99999999	5614774.5767435	769.6740992	7295.00262848
3745	2017-11-09 00:00:00	7409.99999999	7280.0	7398.0	7378.72719952	6311588.1424688	859.75393741	7341.15642608
3746	2017-11-09 02:00:00	7441.99999994	7308.68707625	7378.72719952	7308.68707625	4074851.2005773	551.58278712	7387.56048181
3747	2017-11-09 04:00:00	7419.28000008	7263.06248912	7311.0	7370.15807729	3046374.5948336	414.39212393	7351.42976643
3748	2017-11-09 06:00:00	7385.05499978	7320.53848661	7370.1580773	7340.50000172	1935417.4264311	263.47281799	7345.7954456
3749	2017-11-09 08:00:00	7384.00010002	7148.2759595	7348.99999989	7226.99999998	5761222.2035451	797.96765909	7219.8692991
3750	2017-11-09 10:00:00	7246.99999997	7060.93180556	7229.99999997	7102.10000035	3923897.4936235	550.58974956	7126.71730042
3751	2017-11-09 12:00:00	7173.79936013	7020.0	7109.18545833	7103.39413578	4044093.9930767	569.44577577	7101.80699401
3752	2017-11-09 14:00:00	7210.0	7096.30420051	7116.44779433	7145.90105671	3242497.065238	453.58681543	7148.56992076
3753	2017-11-09 16:00:00	7165.0	7113.0	7154.99999997	7156.82301482	2504952.8953092	350.99208439	7136.7788811
3754	2017-11-09 18:00:00	7203.99999978	7100.0	7162.78018693	7141.1	2285448.8987718	319.31246398	7157.40585345
3755	2017-11-09 20:00:00	7178.60618708	7030.0	7141.1	7033.01	3008573.5026311	423.94585889	7096.59839704
3756	2017-11-09 22:00:00	7088.99999996	6955.47946617	7033.01	7020.0	4422176.7175099	629.81227169	7021.42037601
3757	2017-11-10 00:00:00	7254.44524168	7001.762	7020.0	7228.0	4016337.711023	559.727273	7175.52619777
3758	2017-11-10 02:00:00	7259.999999	7169.60293157	7228.00000083	7225.0	2521251.3870841	349.02502144	7223.69810818
3759	2017-11-10 04:00:00	7277.39199995	7182.4499999	7225.0	7190.00999999	3214560.9283276	444.26569115	7235.6722393
3760	2017-11-10 06:00:00	7212.00000022	7132.2226164	7194.69999993	7141.0	1834933.8361206	255.93358256	7169.57039309
3761	2017-11-10 08:00:00	7199.22261702	7063.0	7143.43319803	7073.90176241	2567869.7175633	360.20120924	7128.9869431
3762	2017-11-10 10:00:00	7118.17080843	6810.0	7073.90176242	6846.65426867	10872994.342519	1565.35404042	6946.02886105
3763	2017-11-10 12:00:00	6867.673949	6652.21	6849.99315	6800.0	13805263.205561	2040.03586753	6767.16690392
3764	2017-11-10 14:00:00	6824.85999995	6701.00462347	6802.00080006	6821.07	7704069.9313104	1140.34638666	6755.90331274
3765	2017-11-10 16:00:00	6900.0	6685.0	6821.07	6726.94517984	8048919.3765315	1185.70516006	6788.29750232
3766	2017-11-10 18:00:00	6729.73276594	6418.88888888	6729.73276594	6529.00000001	15322401.671589	2343.59493827	6537.99059785
3767	2017-11-10 20:00:00	6630.0	6315.0	6528.99999994	6568.63642362	12656999.785354	1960.07300744	6457.41242153
3768	2017-11-10 22:00:00	6736.0	6521.0	6562.0	6543.20421755	8261792.2464795	1245.50415937	6633.2915746
3769	2017-11-11 00:00:00	6800.0	6521.00000013	6544.4404005	6798.14900859	5932906.0624596	888.52985208	6677.21635752
3770	2017-11-11 02:00:00	6798.4862799	6678.252092	6785.10000006	6730.00000008	2813510.8822265	417.85751265	6733.1824774
3771	2017-11-11 04:00:00	6769.06336458	6565.65	6734.00000012	6602.00005031	4573518.1017701	684.96275446	6677.0318123
3772	2017-11-11 06:00:00	6692.87550381	6550.58522106	6626.28614428	6580.08376021	4131625.0329338	623.06290705	6631.1523061
3773	2017-11-11 08:00:00	6716.78526336	6580.08376021	6586.627191	6643.0	2228505.8375642	334.42705608	6663.65294628
3774	2017-11-11 10:00:00	6677.82	6401.0	6647.9999999	6434.9099324	7249863.0563873	1112.63823228	6515.92120965
3775	2017-11-11 12:00:00	6500.0	6150.0	6426.0	6449.12387836	16971986.947697	2688.40470234	6313.03275616
3776	2017-11-11 14:00:00	6577.37174763	6229.3051407	6449.12387843	6290.00000004	11546124.065671	1806.45160621	6391.60441717
3777	2017-11-11 16:00:00	6426.35000015	6222.0	6290.00000008	6330.0000003	7661299.6219459	1208.05568042	6341.84313365
3778	2017-11-11 18:00:00	6400.56000033	6151.71000012	6330.63300039	6293.07597586	9549743.5126286	1524.78287162	6263.01861751
3779	2017-11-11 20:00:00	6473.07000003	6240.0	6293.07597586	6460.26100096	5366867.5136977	842.47193271	6370.38138046
3780	2017-11-11 22:00:00	6472.15747622	6200.0	6460.26100099	6300.00000041	4323768.8179263	685.90379994	6303.75399335
3781	2017-11-12 00:00:00	6318.99999999	6151.71000011	6318.99999999	6151.71000011	6162064.0718341	990.43009663	6221.60422305
3782	2017-11-12 02:00:00	6220.0	5980.0	6154.99999999	5988.0	14310956.034458	2358.60721572	6067.54526106
3783	2017-11-12 04:00:00	6161.95183113	5617.001	5988.00000001	5759.99999997	19652393.933774	3360.3821647	5848.26158769
3784	2017-11-12 06:00:00	6098.7855838	5151.0	5750.00000001	6011.89657884	24322475.412322	4323.96677737	5625.03753257
3785	2017-11-12 08:00:00	6430.0	5867.67433324	6069.9	6204.10230632	29984369.499483	4857.73067819	6172.50553516
3786	2017-11-12 10:00:00	6549.00000006	6118.76731585	6204.10230629	6348.11401494	17598655.311783	2770.85765241	6351.33865374
3787	2017-11-12 12:00:00	6350.0	5935.10000003	6348.11401494	6144.00000012	13423560.634566	2185.01444389	6143.46540001
3788	2017-11-12 14:00:00	6330.87999997	6040.0	6144.73728012	6243.0	8151211.7940845	1318.16674203	6183.74863678
3789	2017-11-12 16:00:00	6264.0	6001.1	6243.0	6054.99999985	5278313.2235475	861.9990094	6123.34024284
3790	2017-11-12 18:00:00	6199.8603326	5969.66523272	6054.99999982	6044.90342815	7639415.2729148	1257.14281874	6076.80778908
3791	2017-11-12 20:00:00	6118.77194869	5803.0	6049.99999994	5879.7358	8145488.7902104	1377.55313129	5913.01243138
3792	2017-11-12 22:00:00	5923.46783173	5610.09507705	5883.99999994	5834.99999999	15371965.612667	2674.90821909	5746.72637474
3793	2017-11-13 00:00:00	6008.12447816	5774.08034988	5840.54588383	5840.0	12922085.076246	2188.03709013	5905.78886186
3794	2017-11-13 02:00:00	6050.79931002	5773.22256332	5835.0	5977.12098277	6079516.5756214	1026.98546317	5919.76887078
3795	2017-11-13 04:00:00	6295.123	5920.00000005	5967.4147	6212.19999997	11148199.305584	1822.52720634	6116.89047318
3796	2017-11-13 06:00:00	6297.0	6124.78560201	6215.0	6212.0911	7901326.0112705	1269.44139292	6224.25427068
3797	2017-11-13 08:00:00	6395.0	6148.84761771	6202.82460012	6360.00000003	7057978.9734321	1123.34726878	6282.98939213
3798	2017-11-13 10:00:00	6499.0	6300.1	6362.0083	6431.25477436	7827450.6431053	1218.81961094	6422.15679239
3799	2017-11-13 12:00:00	6701.98532544	6410.40000002	6431.25477439	6543.25784774	15108326.502794	2297.44589459	6576.1402862
3800	2017-11-13 14:00:00	6597.11999992	6364.66406238	6542.0	6590.11100003	11396834.632431	1760.4649969	6473.76383654
3801	2017-11-13 16:00:00	6597.9841	6306.0	6590.11100003	6350.18356348	7155346.9680007	1114.12924652	6422.36705512
3802	2017-11-13 18:00:00	6489.77	6180.0	6350.18356348	6318.11000001	13072195.125584	2075.2485126	6299.09866033
3803	2017-11-13 20:00:00	6499.1748	6250.0	6323.79680446	6400.0	8728616.0722566	1360.04251175	6417.89943832
3804	2017-11-13 22:00:00	6500.0	6378.52645565	6400.0	6475.7786365	5251248.7777001	815.83014933	6436.69369416
3805	2017-11-14 00:00:00	6650.00000001	6475.77863649	6477.99999999	6594.85585207	6013485.6960269	914.54501452	6575.38513747
3806	2017-11-14 02:00:00	6687.99999997	6530.90000013	6594.4793	6611.58165487	5277825.733298	796.02154824	6630.25485298
3807	2017-11-14 04:00:00	6645.90329996	6510.99999994	6615.00000002	6533.51309993	5012813.8989979	762.6904397	6572.54062469
3808	2017-11-14 06:00:00	6594.0	6517.21780783	6534.99999997	6560.68396839	1863591.1552951	284.38682962	6553.01498239
3809	2017-11-14 08:00:00	6569.89687392	6425.0	6560.9314	6540.0	2912289.2934657	448.58902638	6492.1099764
3810	2017-11-14 10:00:00	6578.0	6405.123	6540.0	6423.0	3729672.8530308	574.79089992	6488.74721842
3811	2017-11-14 12:00:00	6448.94598489	6299.35892763	6416.36860001	6380.0	4269152.6273456	669.92478089	6372.58502614
3812	2017-11-14 14:00:00	6500.0	6371.00000001	6371.00000014	6468.6408138	2420409.691199	375.3181457	6448.95462404
3813	2017-11-14 16:00:00	6550.0	6402.75995725	6461.0	6511.60041076	3035092.7458774	467.49537246	6492.24125985
3814	2017-11-14 18:00:00	6593.0	6460.0	6500.99000009	6589.0	2924076.2430649	448.22004518	6523.75161376
3815	2017-11-14 20:00:00	6625.00000145	6549.00332855	6591.99999991	6582.11038591	3883436.6439943	588.95276537	6593.79982969
3816	2017-11-14 22:00:00	6595.0	6480.00000001	6558.15237474	6554.91826454	2973629.0809335	454.82865402	6537.91060578
3817	2017-11-15 00:00:00	6793.78060726	6554.91826453	6554.91826454	6750.00000014	6770997.6506918	1010.4407064	6701.03412085
3818	2017-11-15 02:00:00	6860.0	6725.61391888	6750.00000014	6846.0	4512009.9982342	662.04091916	6815.30380925
3819	2017-11-15 04:00:00	6848.54256612	6750.583	6846.0	6785.99900006	3766663.8184628	553.50559845	6805.10518594
3820	2017-11-15 06:00:00	6899.00000121	6764.247	6785.999	6867.52011218	3127330.4382947	456.50859298	6850.54013524
3821	2017-11-15 08:00:00	6899.0000012	6822.42287331	6862.00000019	6822.42287331	2484970.3262706	361.53068184	6873.47008454
3822	2017-11-15 10:00:00	7000.0	6800.90000001	6827.4088	6999.99999999	5900761.2562379	853.0153719	6917.5321461
3823	2017-11-15 12:00:00	7158.9571311	6996.69223979	6999.99999999	7057.0	13006986.774652	1838.59951524	7074.39911021
3824	2017-11-15 14:00:00	7250.0	7055.00000005	7060.0	7240.07265048	9372886.1651532	1308.1726889	7164.86916802
3825	2017-11-15 16:00:00	7250.0	7080.00000001	7240.07265048	7170.97142072	5405809.7390736	755.11892485	7158.8852579
3826	2017-11-15 18:00:00	7230.0	7064.94581525	7170.0	7180.0	4271947.6436362	598.75287466	7134.74260321
3827	2017-11-15 20:00:00	7298.35	7164.59908606	7179.55960439	7277.99899845	4513196.3959045	622.12696	7254.46200869
3828	2017-11-15 22:00:00	7281.16754775	7156.17339534	7277.99899849	7275.1192	3994654.2632068	552.85113463	7225.55135186
3829	2017-11-16 00:00:00	7283.8683614	7082.12862336	7275.1192	7147.25969523	4265101.4571	595.55056974	7161.61090898
3830	2017-11-16 02:00:00	7268.23371742	7095.0042	7154.66865351	7250.0000002	2748432.4612112	383.51978501	7166.33813595
3831	2017-11-16 04:00:00	7254.74724044	7150.0	7254.74724044	7213.69092736	3406564.281719	473.07997493	7200.82113436
3832	2017-11-16 06:00:00	7400.0	7207.0	7213.69092736	7365.99999998	5328162.0333732	730.33869938	7295.46720979
3833	2017-11-16 08:00:00	7457.28	7352.0	7378.99999984	7457.28	5281550.2865654	712.23367436	7415.47398936
3834	2017-11-16 10:00:00	7529.93884999	7365.0	7457.28	7404.99999996	7911777.1346923	1060.94527715	7457.29049847
3835	2017-11-16 12:00:00	7498.00000006	7339.123	7403.999	7389.04470037	8636864.5501589	1165.4052968	7411.03938164
3836	2017-11-16 14:00:00	7501.26999986	7367.88936378	7394.1	7460.52616075	7001578.0379754	941.20531495	7438.94868288
3837	2017-11-16 16:00:00	7704.0	7413.17067603	7467.12777816	7700.00000003	7887917.8040522	1042.21092122	7568.44669677
3838	2017-11-16 18:00:00	7813.09999971	7635.24632266	7700.00000003	7753.99999981	12530598.086132	1619.06206735	7739.417987
3839	2017-11-16 20:00:00	7902.0	7665.0	7753.99999981	7897.9999997	6584239.7839787	844.60483425	7795.64539175
3840	2017-11-16 22:00:00	7980.0	7680.00000001	7897.9999997	7858.00100004	12043884.724371	1535.70665165	7842.56857351
3841	2017-11-17 00:00:00	8022.0	7850.99999959	7858.999	7875.99999983	9012074.4225197	1133.08065173	7953.60366339
3842	2017-11-17 02:00:00	7990.0	7764.83770926	7875.99999983	7940.0	6402637.6544405	812.42205546	7880.92545175
3843	2017-11-17 04:00:00	7955.77933101	7810.63402868	7940.00399991	7922.50138407	3726281.7684198	472.0173357	7894.37481759
3844	2017-11-17 06:00:00	7938.0	7511.0	7922.50138407	7511.0	11511396.519211	1490.91472772	7721.02944936
3845	2017-11-17 08:00:00	7825.0	7511.0	7512.0	7780.95700011	8340659.5113997	1084.74949353	7689.01904185
3846	2017-11-17 10:00:00	7920.0	7750.09430603	7784.0	7817.74118827	4462664.5893947	569.80874059	7831.86404752
3847	2017-11-17 12:00:00	7900.00000001	7695.0	7825.58581672	7804.99999973	5783680.4135553	740.51303536	7810.36948356
3848	2017-11-17 14:00:00	7976.672	7791.01000032	7804.99999973	7949.99999995	4772657.5749056	603.64157109	7906.44283541
3849	2017-11-17 16:00:00	7978.0	7771.615	7950.0	7815.00079569	3629562.6648762	461.97208274	7856.67099914
3850	2017-11-17 18:00:00	7865.38490268	7766.73812631	7820.90403614	7820.4921464	2326570.7911593	297.74594005	7813.94631533
3851	2017-11-17 20:00:00	7827.449	7583.0	7827.449	7715.00000001	5938752.2954347	773.58405266	7676.93216401
3852	2017-11-17 22:00:00	7807.566	7655.0	7715.99999986	7687.51011467	3917376.6886095	505.74083635	7745.81842526
3853	2017-11-18 00:00:00	7687.51011468	7457.97197097	7687.51011467	7477.9999999	8859472.1923492	1169.15784487	7577.65277906
3854	2017-11-18 02:00:00	7642.0	7413.00000009	7478.0	7571.67577203	8176750.0897078	1087.21579743	7520.81611492
3855	2017-11-18 04:00:00	7719.74694726	7500.0	7571.67577199	7666.19573294	3984135.8852729	522.50380843	7625.08487209
3856	2017-11-18 06:00:00	7695.39999993	7568.19	7666.19573312	7686.03305577	3047804.4244204	399.32833137	7632.32704768
3857	2017-11-18 08:00:00	7785.0	7647.3	7690.99558169	7762.99999993	2965788.912594	383.21244388	7739.28133065
3858	2017-11-18 10:00:00	7780.0	7668.00000001	7762.99999972	7778.27357163	2587662.5237187	335.62695214	7709.93660437
3859	2017-11-18 12:00:00	7785.0	7630.0	7780.0	7649.30999982	2480806.5633224	322.28486928	7697.55827775
3860	2017-11-18 14:00:00	7711.94328977	7640.0000004	7649.0	7678.99899991	2186771.4295946	284.76313218	7679.26456228
3861	2017-11-18 16:00:00	7750.0	7625.00000001	7667.60841054	7716.42958045	3071595.8134562	400.0232906	7678.54243898
3862	2017-11-18 18:00:00	7776.0	7710.40086537	7720.99282377	7735.36	1923484.3633144	248.39500553	7743.65152475
3863	2017-11-18 20:00:00	7855.180018	7711.0	7735.3744373	7838.9	3188353.4291534	408.7475204	7800.30035664
3864	2017-11-18 22:00:00	7849.0	7760.77800007	7849.0	7770.0	2344532.7953196	300.78778031	7794.64110178
3865	2017-11-19 00:00:00	7820.0	7740.00000201	7768.3834313	7819.00000009	1951724.6883653	251.17624192	7770.33955698
3866	2017-11-19 02:00:00	7830.70399997	7780.0	7819.00000008	7788.47639075	1872194.0897799	239.80401635	7807.18404252
3867	2017-11-19 04:00:00	7833.95647461	7734.29710867	7788.47639062	7750.99999994	1692295.0626047	217.13706126	7793.67212941
3868	2017-11-19 06:00:00	7775.499999	7650.00000001	7750.999	7719.0	3131685.341736	406.10562988	7711.5043755
3869	2017-11-19 08:00:00	7791.00000014	7690.0	7720.59999982	7763.40000066	1883492.9616461	243.36499186	7739.3751141
3870	2017-11-19 10:00:00	7799.0	7728.18147158	7771.0	7743.09000001	1527860.52452	196.60743105	7771.12297516
3871	2017-11-19 12:00:00	7815.06638791	7700.13884304	7743.09000001	7797.80221673	1719605.3319929	221.79521562	7753.12184794
3872	2017-11-19 14:00:00	7800.0	7728.14031918	7797.80221674	7762.0	1453232.8571547	186.94954421	7773.39609623
3873	2017-11-19 16:00:00	7980.0	7759.00002857	7762.0	7963.09691129	6322232.5245725	803.59678009	7867.41893597
3874	2017-11-19 18:00:00	8077.99999999	7942.60114285	7971.98900003	8043.0	10418307.765047	1299.60444062	8016.52213505
3875	2017-11-19 20:00:00	8131.29887311	8026.78109796	8045.14743354	8034.19999997	4753935.3510556	588.05370005	8084.18576509
3876	2017-11-19 22:00:00	8090.0	7952.0	8034.19999997	8060.0	4735562.8864871	590.73130303	8016.44142133
3877	2017-11-20 00:00:00	8084.99999999	8007.43598962	8076.49966669	8025.0	1650290.7020513	204.99898819	8050.23827981
3878	2017-11-20 02:00:00	8025.00000001	7951.0	8025.00000001	7957.82696343	1953340.4767051	244.5357699	7987.95398114
3879	2017-11-20 04:00:00	8036.28387703	7957.74247238	7959.82696338	8003.00000045	1780223.5152976	222.63875509	7996.01809926
3880	2017-11-20 06:00:00	8049.0	7970.0	8003.00000003	8026.75426909	1722463.5215512	214.85946369	8016.69841285
3881	2017-11-20 08:00:00	8072.70098358	8026.0	8036.0	8034.36416834	1401864.97397	174.08530307	8052.74741318
3882	2017-11-20 10:00:00	8080.83536203	8015.0	8040.99777085	8058.00285684	1978798.4761018	246.02028672	8043.23294832
3883	2017-11-20 12:00:00	8200.00000049	8058.00285708	8058.00285708	8163.22000019	5377731.3010324	659.33429463	8156.30454055
3884	2017-11-20 14:00:00	8275.0	8163.22000019	8169.99999999	8217.99999987	5877064.0737066	714.84799284	8221.41788544
3885	2017-11-20 16:00:00	8288.00000012	8202.4549525	8216.99999999	8242.10000042	2973803.6643486	360.48820117	8249.37863346
3886	2017-11-20 18:00:00	8267.85764153	8189.0	8242.10000042	8215.17602033	3705379.1610475	450.47428206	8225.50655745
3887	2017-11-20 20:00:00	8280.0	8178.0000001	8215.17602033	8275.00000001	2139844.3530282	259.96423587	8231.30284005
3888	2017-11-20 22:00:00	8299.754	8231.00000001	8275.00000001	8249.00000001	3719476.767323	449.346137	8277.53141966
3889	2017-11-21 00:00:00	8280.0	8208.0	8249.00000001	8271.22760556	2661954.8120019	322.47762281	8254.69621366
3890	2017-11-21 02:00:00	8271.22760558	7809.99999997	8271.22760556	7899.8621379	15969987.676065	1994.96013631	8005.16631154
3891	2017-11-21 04:00:00	8139.99899999	7807.0	7899.8621379	8090.094	13806522.701251	1740.97361734	7930.34573513
3892	2017-11-21 06:00:00	8189.28748936	8053.64999996	8094.16092642	8150.0	3463988.8550991	426.54198871	8121.09697705
3893	2017-11-21 08:00:00	8218.59572935	8150.0	8150.0	8210.3493045	3141438.3589514	383.57051665	8189.98912217
3894	2017-11-21 10:00:00	8245.49345125	8160.5	8212.99999997	8210.00000005	3023539.4674299	368.50016668	8204.98805921
3895	2017-11-21 12:00:00	8263.79129545	8199.93225208	8215.15272533	8225.00000042	2723911.9486999	330.65146897	8238.01556722
3896	2017-11-21 14:00:00	8389.16699997	8220.99999686	8239.99999968	8370.78724119	5816398.2836687	698.80334836	8323.36922443
3897	2017-11-21 16:00:00	8370.7872412	8264.9	8370.78724119	8298.99999952	3344294.0960609	402.49739319	8308.85902031
3898	2017-11-21 18:00:00	8313.99999991	8046.72676618	8298.99999943	8128.0	4576441.9401604	559.68262923	8176.85184629
3899	2017-11-21 20:00:00	8234.4095781	8068.20475648	8128.0	8140.0	4051247.3498842	496.36618053	8161.81180103
3900	2017-11-21 22:00:00	8151.13146252	8000.42056597	8147.92999992	8107.0	4814272.0659055	595.58852402	8083.21831557
3901	2017-11-22 00:00:00	8187.340873	8077.8244035	8107.0	8156.05783309	2258953.5555019	278.05379525	8124.16012329
3902	2017-11-22 02:00:00	8185.1	8100.00000002	8150.63600032	8162.49999985	1862868.4055801	228.29913735	8159.76979678
3903	2017-11-22 04:00:00	8183.00692599	8100.0	8162.5	8163.99999964	2344826.13582	287.72550643	8149.52474986
3904	2017-11-22 06:00:00	8240.0	8142.68	8148.57885734	8235.00000001	1786132.5699716	217.88132336	8197.73141831
3905	2017-11-22 08:00:00	8300.0	8235.0	8240.0	8258.0	3000914.7588675	362.72259438	8273.30528994
3906	2017-11-22 10:00:00	8319.0	8250.10000251	8258.0	8270.00000004	3359293.7451825	405.07794298	8292.95646282
3907	2017-11-22 12:00:00	8290.0	8142.14433702	8280.0000011	8173.82897165	5287023.3151033	642.50800617	8228.72752453
3908	2017-11-22 14:00:00	8252.4391401	8113.0264125	8170.0	8247.4839	4789560.9300103	584.92866291	8188.28215082
3909	2017-11-22 16:00:00	8248.78034466	8140.0	8232.55124652	8140.0	3339378.9284755	407.73259761	8190.1200641
3910	2017-11-22 18:00:00	8200.00000001	8106.1343875	8144.61014222	8191.00000001	2749644.9506428	337.59572187	8144.78612291
3911	2017-11-22 20:00:00	8212.30999999	8170.0	8191.00000006	8187.414216	1938872.044586	236.70392554	8191.12754536
3912	2017-11-22 22:00:00	8280.85969196	8182.01745811	8182.01745811	8213.64556508	3153630.8533836	382.68259671	8240.85255116
3913	2017-11-23 00:00:00	8268.31399996	8176.0	8213.64556508	8191.9714113	2749151.1468307	334.35996628	8222.13011149
3914	2017-11-23 02:00:00	8234.99999993	8151.0	8191.97141126	8200.99999903	2434483.8363444	297.06993847	8194.98549359
3915	2017-11-23 04:00:00	8250.0	8163.60866759	8200.99999903	8236.00000097	3037377.5791674	369.8853134	8211.67391386
3916	2017-11-23 06:00:00	8250.00000149	8125.0	8236.00000088	8142.11989935	4797935.4330182	584.33802454	8210.89032635
3917	2017-11-23 08:00:00	8198.9733597	8090.0	8143.0	8166.47000051	5408973.4560877	664.34128426	8141.8595897
3918	2017-11-23 10:00:00	8183.78132227	8090.0	8166.47000051	8130.00000011	4749290.85392	584.42398806	8126.44749522
3919	2017-11-23 12:00:00	8230.99	8111.09624803	8130.00000011	8195.0	3400333.2705701	415.82936521	8177.23218958
3920	2017-11-23 14:00:00	8209.6672605	8150.0	8195.0	8161.99999997	3752911.6211249	458.64200177	8182.66012846
3921	2017-11-23 16:00:00	8188.74402314	8112.00000001	8161.59999762	8155.15385791	3607684.0249834	442.60738752	8150.98013884
3922	2017-11-23 18:00:00	8155.1538581	8101.78915591	8155.1538581	8128.0	3124026.1837368	384.30392006	8129.05104701
3923	2017-11-23 20:00:00	8201.2	8121.48542493	8133.99999999	8161.00008163	2488985.403873	304.58229513	8171.79935823
3924	2017-11-23 22:00:00	8177.43	8000.0	8160.00000001	8000.0	5374920.7125353	665.29568869	8078.99525565
3925	2017-11-24 00:00:00	8074.727591	7890.0	8000.0	7933.23084368	10293068.233054	1291.99147651	7966.82363637
3926	2017-11-24 02:00:00	8124.1313553	7930.00000004	7930.00000004	8078.26600792	3685526.7706935	457.82202396	8050.12991471
3927	2017-11-24 04:00:00	8098.0	8000.00000005	8078.26600798	8086.01000014	2377312.7387009	295.4187765	8047.26350459
3928	2017-11-24 06:00:00	8250.0	8082.0	8091.50000003	8250.0	4453153.2187723	545.00539163	8170.84250387
3929	2017-11-24 08:00:00	8338.58061257	8074.67696566	8249.90750037	8196.99899985	10697067.37006	1299.67846379	8230.54906893
3930	2017-11-24 10:00:00	8267.42320719	8142.64528427	8191.00000003	8236.0000004	3398289.1945966	414.84796194	8191.64972802
3931	2017-11-24 12:00:00	8242.97486843	8150.0	8238.48743425	8187.51162882	4820585.8381383	588.36343397	8193.21113416
3932	2017-11-24 14:00:00	8210.2463	8135.00000026	8187.999	8177.0	3466414.3842691	423.97592764	8175.96980933
3933	2017-11-24 16:00:00	8225.0742	8135.37808705	8177.0	8220.0	4064615.31807	497.05454526	8177.40297685
3934	2017-11-24 18:00:00	8279.0	8200.34509239	8220.0	8206.23393075	3638611.7497792	441.5947176	8239.70850365
3935	2017-11-24 20:00:00	8290.0	8160.40229046	8209.48	8232.0	3600736.7848805	437.61689138	8228.05713354
3936	2017-11-24 22:00:00	8248.0	8180.0	8232.0	8198.93	3231414.905564	393.3067257	8216.01740934
3937	2017-11-25 00:00:00	8218.0	8150.0	8190.00050001	8168.43498768	4502224.7808302	550.67461927	8175.83491826
3938	2017-11-25 02:00:00	8222.22838545	8144.52362511	8168.43498747	8186.32715753	3519325.6210298	429.85288447	8187.27929526
3939	2017-11-25 04:00:00	8275.00000244	8183.5	8186.32715765	8248.99999996	3138672.900221	381.07348913	8236.39793832
3940	2017-11-25 06:00:00	8320.46871145	8218.47768136	8248.99999997	8312.0000002	3177579.7914346	383.76845632	8279.93999794
3941	2017-11-25 08:00:00	8498.99999999	8312.0000002	8319.09999996	8449.999	10371793.583361	1233.24924063	8410.13579547
3942	2017-11-25 10:00:00	8496.99999999	8410.05	8449.24444803	8462.75846413	2985151.1206409	352.85772768	8459.92842573
3943	2017-11-25 12:00:00	8643.53077274	8449.00000001	8462.75846416	8600.0	8047383.5709727	938.28718248	8576.67430743
3944	2017-11-25 14:00:00	8613.33480418	8539.999999	8599.99999999	8595.0	5395474.2799804	629.43940904	8571.87237165
3945	2017-11-25 16:00:00	8676.92484776	8582.73711173	8596.0	8650.0	5105861.4367376	591.47175805	8632.46869735
3946	2017-11-25 18:00:00	8680.0	8558.4211242	8647.00000108	8615.10000001	3128407.789939	362.71802925	8624.90292089
3947	2017-11-25 20:00:00	8680.0	8615.10000001	8616.89	8647.35389859	2383417.6569977	275.5108446	8650.90323561
3948	2017-11-25 22:00:00	8709.99999914	8625.00000001	8647.35389859	8709.0	3998460.020545	460.50374636	8682.79585595
3949	2017-11-26 00:00:00	8822.02	8682.99999994	8709.0	8790.0	4378272.2638779	499.57717614	8763.95574695
3950	2017-11-26 02:00:00	8850.00000098	8739.99999995	8789.121	8814.6607802	3853293.3500872	437.85321487	8800.4226513
3951	2017-11-26 04:00:00	8901.0	8758.2527397	8814.66077999	8886.6464358	3828156.0411482	432.36856072	8853.91859845
3952	2017-11-26 06:00:00	8970.0	8834.99999956	8892.87017414	8903.08181126	5008160.9829385	561.52954956	8918.7843932
3953	2017-11-26 08:00:00	8962.07028967	8789.69486516	8910.00000063	8858.50910615	5125197.6641065	577.67011859	8872.18760183
3954	2017-11-26 10:00:00	8950.0	8808.0	8858.50910599	8941.99999999	3350025.5001695	376.97913346	8886.50114244
3955	2017-11-26 12:00:00	8963.25208974	8900.27499999	8943.25208967	8935.0	2965344.3532172	332.01609912	8931.32700816
3956	2017-11-26 14:00:00	9046.00000013	8935.0	8935.0	9044.99999997	3932272.1614806	437.98363944	8978.12568183
3957	2017-11-26 16:00:00	9280.0	9040.0000003	9040.00000033	9159.00000002	9659774.5770263	1054.5410233	9160.16955584
3958	2017-11-26 18:00:00	9350.0	9000.0	9160.00000003	9125.282	12381990.441195	1351.45223365	9161.98895743
3959	2017-11-26 20:00:00	9230.0	9040.0	9130.456	9195.00000007	6989347.775276	764.04680126	9147.80058466
3960	2017-11-26 22:00:00	9290.00000011	9059.99999914	9195.00000004	9284.33658751	7645038.8307039	832.56458828	9182.51741465
3961	2017-11-27 00:00:00	9649.0	9276.32600001	9284.33658751	9604.75199989	12187620.049389	1285.24997736	9482.68450813
3962	2017-11-27 02:00:00	9645.528	9357.9754035	9600.95621039	9480.36089808	6596725.4184356	692.38337109	9527.56188822
3963	2017-11-27 04:00:00	9598.9	9462.95959575	9491.99999997	9561.00010015	5954638.7354139	623.81305484	9545.55004774
3964	2017-11-27 06:00:00	9705.78852305	9561.00010015	9564.99999985	9701.00000009	5081142.9620353	527.54271029	9631.71865125
3965	2017-11-27 08:00:00	9715.99999949	9211.0	9701.00000009	9414.99899985	14875196.298065	1571.85794863	9463.44821491
3966	2017-11-27 10:00:00	9607.99999996	9346.69546319	9414.99899985	9596.99999997	6672407.3574206	702.41963416	9499.17546852
3967	2017-11-27 12:00:00	9650.0	9510.99999997	9596.99999998	9619.77718979	5865920.3573658	611.55216423	9591.85610069
3968	2017-11-27 14:00:00	9668.441	9570.99999999	9611.00000013	9649.9	4199328.8121797	436.26655478	9625.60335228
3969	2017-11-27 16:00:00	9658.9035207	9431.0	9641.90220888	9581.97805959	6170671.7610511	647.58134613	9528.7978845
3970	2017-11-27 18:00:00	9604.81405767	9467.0	9561.07337333	9509.00000101	3322940.5322024	348.87085759	9524.84410752
3971	2017-11-27 20:00:00	9663.32328956	9480.30865817	9509.00000098	9631.0	3678641.3881405	383.4013801	9594.75259891
3972	2017-11-27 22:00:00	9730.00000016	9572.50871096	9627.9999997	9711.00000013	5137863.9815111	531.86644695	9660.06412131
3973	2017-11-28 00:00:00	9729.90912182	9599.99999987	9711.00000014	9660.035095	4004648.8627204	413.50894937	9684.55185509
3974	2017-11-28 02:00:00	9715.0	9608.63698291	9655.0	9695.00000116	4381818.7823004	453.71959495	9657.54803422
3975	2017-11-28 04:00:00	9874.00000007	9635.46500002	9695.00000119	9862.00000014	6508334.773688	665.24559563	9783.35642722
3976	2017-11-28 06:00:00	9879.00000023	9800.4351042	9862.00000017	9854.99899992	4272571.7260972	433.86603011	9847.6751568
3977	2017-11-28 08:00:00	9885.0	9750.0	9850.0	9832.00000009	4179796.9476704	425.24129408	9829.2357912
3978	2017-11-28 10:00:00	9927.0	9800.0	9836.455	9926.99999993	6217901.3181723	630.33740775	9864.4015756
3979	2017-11-28 12:00:00	9939.99999995	9702.0	9927.0	9780.07695529	8752807.3314857	891.02811318	9823.26730438
3980	2017-11-28 14:00:00	9890.0	9780.07695523	9786.0	9881.99999999	5268739.7799652	534.6508884	9854.54227099
3981	2017-11-28 16:00:00	9919.530202	9831.91900568	9875.3	9909.0	3530046.6089917	357.13934838	9884.22761312
3982	2017-11-28 18:00:00	9951.42766235	9820.0	9909.0	9939.99999871	6157489.951424	621.01497487	9915.20365948
3983	2017-11-28 20:00:00	9940.0	9830.0	9939.99999868	9926.99999989	3325701.9738314	336.53512421	9882.18386309
3984	2017-11-28 22:00:00	9934.0	9850.0	9926.9999999	9879.96875865	4646957.5091673	469.75032349	9892.39874204
3985	2017-11-29 00:00:00	10031.04065789	9879.96875865	9882.09865999	10031.04065787	8369387.7497543	840.39282936	9958.89952574
3986	2017-11-29 02:00:00	10371.38399999	9970.61000005	10027.5203289	10274.93116695	11472071.124451	1131.05591569	10142.79750922
3987	2017-11-29 04:00:00	10750.0	9911.63184923	10279.0	9950.00000027	22803128.709815	2194.80691235	10389.58305694
3988	2017-11-29 06:00:00	10550.0	9950.0	9950.00000027	10514.99999997	16440651.015726	1594.51952233	10310.72419339
3989	2017-11-29 08:00:00	10750.0	10500.00000016	10513.94850006	10700.0	7650701.7987692	720.37157122	10620.49379018
3990	2017-11-29 10:00:00	10868.48574322	10551.00000001	10677.00000024	10786.00000013	9286020.9285196	863.00890341	10760.05229126
3991	2017-11-29 12:00:00	11180.28451282	10790.0	10794.93591361	11180.0	13734127.377901	1259.5882098	10903.66460327
3992	2017-11-29 14:00:00	11447.09553169	10342.0	11180.0	10816.99999998	36614327.736233	3373.74089518	10852.7385101
3993	2017-11-29 16:00:00	11000.0	10390.10000003	10811.3	10550.0	15649526.485774	1458.49735897	10729.89703377
3994	2017-11-29 18:00:00	10704.99999997	8700.0	10550.99999981	9600.0	51065306.712308	5294.28493883	9645.36425642
3995	2017-11-29 20:00:00	10286.56431167	9030.0	9585.664	10080.00000008	42983545.042102	4447.44729024	9664.76772786
3996	2017-11-29 22:00:00	10285.0	9500.0	9999.99999999	9702.0	19625571.708664	1984.32105511	9890.32075133
3997	2017-11-30 00:00:00	10449.03475477	9650.0	9730.99999955	10400.00000126	12047337.942455	1197.91545964	10056.91832884
3998	2017-11-30 02:00:00	10430.0	10150.00000001	10400.00000126	10376.13517959	8574506.7909776	829.28278617	10339.66571352
3999	2017-11-30 04:00:00	10570.10000001	10113.78126663	10380.70726524	10265.00000213	10571153.088702	1019.27493452	10371.24796331
4000	2017-11-30 06:00:00	10288.43624986	9775.49899962	10266.00000004	10072.15325072	10242967.211633	1022.42556903	10018.30110855
4001	2017-11-30 08:00:00	10301.99999995	9899.99999501	10072.15325073	10056.98199997	6877128.7969192	679.15723861	10125.97437817
4002	2017-11-30 10:00:00	10100.0	9466.55777695	10042.00000003	9600.37707254	13002595.511494	1342.61759916	9684.51144959
4003	2017-11-30 12:00:00	9813.792	8908.67657281	9634.99999973	9105.30173473	19840240.13798	2137.41370571	9282.35843392
4004	2017-11-30 14:00:00	9388.0	8861.0	9105.30173473	9145.88148201	18709413.062139	2055.39180457	9102.60176212
4005	2017-11-30 16:00:00	9553.10263538	9066.11716266	9145.88148201	9500.98767912	10193705.656362	1097.32103117	9289.62934893
4006	2017-11-30 18:00:00	9825.0	9440.0	9490.99383958	9760.76372103	11277042.148806	1169.19188131	9645.15947217
4007	2017-11-30 20:00:00	9760.763721	9359.90088505	9760.763721	9645.69144538	9187281.8236385	960.53535669	9564.75132294
4008	2017-11-30 22:00:00	10110.0	9608.61677923	9649.68126674	9907.67682035	8567699.6911357	865.09922647	9903.71905208
4009	2017-12-01 00:00:00	10036.60726115	9619.97684	9907.76	9730.9048347	8598424.0711143	873.59904906	9842.52911031
4010	2017-12-01 02:00:00	9788.08319	9520.4724756	9730.90483464	9659.09950232	5045476.6631485	522.61109555	9654.36192631
4011	2017-12-01 04:00:00	9899.0	9525.0704986	9659.09950232	9566.0	4255542.1814186	438.26287119	9710.02213777
4012	2017-12-01 06:00:00	9645.50000025	9350.3	9567.99999997	9541.0	5587523.7837221	588.96930306	9486.95246881
4013	2017-12-01 08:00:00	10050.01066468	9539.68129002	9541.0	10013.0	6025218.7477942	612.84321431	9831.5827068
4014	2017-12-01 10:00:00	10039.87480257	9775.0	10013.0	9950.0	4023402.9991521	407.07288189	9883.74116318
4015	2017-12-01 12:00:00	10675.58	9949.00000003	9963.37245221	10647.8120375	13283392.866534	1286.14577586	10328.06165199
4016	2017-12-01 14:00:00	10756.51000101	10335.00000002	10649.0	10519.99999985	8946628.2964596	851.15015919	10511.222021
4017	2017-12-01 16:00:00	10645.41812719	10288.8697788	10519.49695247	10330.0	6417235.4782363	612.27476615	10480.97330319
4018	2017-12-01 18:00:00	10609.99999999	10307.95129683	10358.31673474	10544.0	3532239.7112595	336.21393797	10505.92885169
4019	2017-12-01 20:00:00	10826.43	10531.00000001	10544.0	10800.0	5350054.5943715	499.89249304	10702.41035594
4020	2017-12-01 22:00:00	10829.585001	10429.60443	10800.0	10699.888888	5650637.9447065	532.20520703	10617.40447118
4021	2017-12-02 00:00:00	11100.00000001	10595.00515206	10699.888888	11033.6526875	12664549.185154	1160.02788187	10917.45240186
4022	2017-12-02 02:00:00	11075.59602496	10851.86092608	11040.00017	10898.99999999	6458401.253771	588.38883488	10976.41707475
4023	2017-12-02 04:00:00	10917.41952001	10649.99999967	10898.99999999	10890.0	7799875.1549478	725.7511513	10747.31351231
4024	2017-12-02 06:00:00	10980.0	10783.18240285	10887.14570664	10928.23161969	3335329.6484557	306.05778738	10897.7120857
4025	2017-12-02 08:00:00	11150.0	10847.2142562	10930.37902508	11140.00000012	7348314.1238436	664.93867505	11051.11553827
4026	2017-12-02 10:00:00	11197.80895967	10810.0	11150.0	10950.00000018	8363038.8416447	759.60187188	11009.76597246
4027	2017-12-02 12:00:00	11129.99999996	10925.37980699	10959.35051254	10985.0	4538425.7310955	411.62555607	11025.61700596
4028	2017-12-02 14:00:00	11062.11001927	10677.91666733	10985.43999992	10700.21000012	7724349.4985107	715.3076989	10798.63883806
4029	2017-12-02 16:00:00	10915.01166868	10691.99049639	10699.00000002	10887.0	3202962.3672919	296.56353972	10800.25673525
4030	2017-12-02 18:00:00	10986.00000007	10839.34761118	10887.0	10883.15514009	3914205.6232405	357.99150653	10933.79466228
4031	2017-12-02 20:00:00	11048.64000031	10850.65514014	10881.94209858	11024.00100112	3582775.7632258	327.20888172	10949.50645713
4032	2017-12-02 22:00:00	11036.99999964	10848.95314058	11024.00100112	10895.7862823	4521658.1633655	413.14784397	10944.40701884
4033	2017-12-03 00:00:00	10996.0	10761.0	10895.7862823	10887.1155859	4904900.5904101	450.97196771	10876.28709011
4034	2017-12-03 02:00:00	10949.5509906	10850.0	10887.11558587	10938.13801517	2926216.1113904	268.35247579	10904.37531003
4035	2017-12-03 04:00:00	11084.0	10903.74719724	10944.98999991	11035.00000042	5187442.6798296	470.89645101	11016.10060705
4036	2017-12-03 06:00:00	11180.0	10953.95000042	11048.99999951	11141.00000022	5682695.2975952	512.12214407	11096.36707452
4037	2017-12-03 08:00:00	11179.8	11020.0	11163.999999	11035.01010081	3389357.6743988	304.91218436	11115.84858936
4038	2017-12-03 10:00:00	11647.54659051	11036.11360261	11049.99999999	11621.0	10873882.670289	954.27406768	11394.92629903
4039	2017-12-03 12:00:00	11790.93901253	11533.70994924	11623.0	11684.99999979	12506816.954316	1072.73368333	11658.82748781
4040	2017-12-03 14:00:00	11821.524	11550.0	11682.00000039	11733.0	11285978.294344	965.12013771	11693.85846732
4041	2017-12-03 16:00:00	11810.0	11520.0	11733.0	11620.0	8096220.8609695	692.49661324	11691.35084009
4042	2017-12-03 18:00:00	11734.64632999	11602.55380036	11635.0	11731.01000007	3854365.3716664	329.4436588	11699.61924811
4043	2017-12-03 20:00:00	11847.88172105	10617.78150323	11731.01000007	10890.50000021	31369997.181915	2812.71906909	11152.90806204
4044	2017-12-03 22:00:00	11258.1916	10465.0	10900.00000004	11174.99999992	18187775.425146	1668.63837163	10899.77057604
4045	2017-12-04 00:00:00	11475.24101874	11129.59519667	11174.99999992	11391.0	7197780.4140026	636.68893941	11305.01877521
4046	2017-12-04 02:00:00	11410.73121961	11145.0	11384.73513414	11370.00000001	3927456.2844904	347.92497199	11288.2276372
4047	2017-12-04 04:00:00	11538.94999991	11316.6254732	11370.00000001	11419.9999998	5629357.2418454	492.00247777	11441.72539
4048	2017-12-04 06:00:00	11550.0	11305.0	11419.99999977	11536.00000123	3780101.2506565	330.64477024	11432.51486455
4049	2017-12-04 08:00:00	11550.0	11311.40204071	11536.00000126	11349.27309171	3837554.7907639	334.52538094	11471.64014874
4050	2017-12-04 10:00:00	11382.26947903	11050.0	11350.0	11150.0	6828640.2861835	607.62469786	11238.2533334
4051	2017-12-04 12:00:00	11259.63575138	10800.8245999	11150.00000006	11217.50000018	7984072.5256832	721.83832946	11060.74892373
4052	2017-12-04 14:00:00	11432.40644382	11177.85860612	11217.50000021	11331.55268701	5806538.4388339	513.86692431	11299.69290518
4053	2017-12-04 16:00:00	11339.99999996	11183.89999991	11330.44999987	11240.36764498	2945596.5827112	261.43553402	11267.00926005
4054	2017-12-04 18:00:00	11254.02351215	11039.6666283	11217.14000066	11164.08290233	4138217.7127693	372.06265696	11122.36779305
4055	2017-12-04 20:00:00	11509.99999999	11141.75184003	11164.08290233	11430.00000043	6341856.0401212	555.28409279	11420.9215111
4056	2017-12-04 22:00:00	11600.0	11375.0	11449.99999982	11600.0	3717565.7755957	324.02452329	11473.10005381
4057	2017-12-05 00:00:00	11635.0	11493.23012005	11600.0	11506.0	4884885.5516825	422.37163833	11565.37302314
4058	2017-12-05 02:00:00	11652.00416065	11462.0	11506.0	11575.00000145	5037626.8815429	435.82126963	11558.92847042
4059	2017-12-05 04:00:00	11584.20499936	11411.70741524	11571.15720813	11511.37254035	2967966.0643333	258.46712585	11482.95379759
4060	2017-12-05 06:00:00	11755.0	11465.58265827	11514.5	11755.0	5089886.7272799	437.88610268	11623.76859217
4061	2017-12-05 08:00:00	11783.8826416	11624.42110875	11755.0	11655.93960765	5423741.8681221	462.25896849	11733.12415298
4062	2017-12-05 10:00:00	11707.54179947	11459.29472806	11662.1	11675.0	4124502.0451743	355.36242362	11606.46644391
4063	2017-12-05 12:00:00	11867.0	11590.0	11681.9999999	11734.78698102	7838596.4346829	666.89962468	11753.78744356
4064	2017-12-05 14:00:00	11834.47512508	11700.0	11740.8136788	11804.19580397	4345938.5564307	369.07132169	11775.33528351
4065	2017-12-05 16:00:00	11804.19580395	11527.37832328	11804.0	11630.00000006	6811972.9446413	584.31376981	11658.07361831
4066	2017-12-05 18:00:00	11760.0	11611.0	11638.560565	11700.0	3023327.3978023	258.6648751	11688.20233761
4067	2017-12-05 20:00:00	11791.0	11686.68436232	11698.0	11735.7939075	3135175.8921284	267.21086057	11732.96581374
4068	2017-12-05 22:00:00	11766.09	11631.99999997	11735.7939075	11665.13875565	4100281.9369847	350.73319312	11690.60133861
4069	2017-12-06 00:00:00	11869.0	11641.00000001	11665.13875565	11869.0	6453438.2857902	548.25863756	11770.79181918
4070	2017-12-06 02:00:00	12280.0	11853.0	11869.0	12239.99999997	13529893.071447	1119.31707298	12087.63218042
4071	2017-12-06 04:00:00	12281.6	12113.92337037	12239.99999991	12243.9000001	5631060.236109	462.25225811	12181.79065069
4072	2017-12-06 06:00:00	12497.0	12220.0000001	12243.90000015	12392.00000079	9787467.5188252	790.19347046	12386.16602732
4073	2017-12-06 08:00:00	12537.49989867	12270.0	12399.99999997	12499.90000007	8047954.8228919	646.50635776	12448.37692049
4074	2017-12-06 10:00:00	12847.0	12248.28908835	12515.4636425	12536.2437425	17127487.703732	1360.61378227	12588.05983514
4075	2017-12-06 12:00:00	12745.0	12517.00000024	12536.2437425	12607.00000001	9437719.8629227	747.71385412	12622.10110314
4076	2017-12-06 14:00:00	12738.36891558	12251.94658257	12613.73499924	12360.0	14952369.714002	1187.84993689	12587.75982524
4077	2017-12-06 16:00:00	12672.44674603	12220.0	12360.0	12538.30191025	11365850.982941	911.24055041	12472.94249342
4078	2017-12-06 18:00:00	13063.13272503	12538.30191	12538.30191001	13063.13272497	9586827.6440377	748.69590414	12804.70160318
4079	2017-12-06 20:00:00	13215.59897932	12834.67921742	13063.13272497	13186.68632348	14605877.31845	1122.03611724	13017.29694261
4080	2017-12-06 22:00:00	13666.0	13065.93840012	13186.68632347	13580.90538838	20771940.84471	1550.25095603	13399.08275103
4081	2017-12-07 00:00:00	13980.0	13360.11339663	13580.90538838	13830.0	21851529.910965	1588.47350831	13756.30742133
4082	2017-12-07 02:00:00	13874.7682562	13092.27285484	13830.25343037	13626.20696766	14996822.431879	1108.20388056	13532.5482025
4083	2017-12-07 04:00:00	14168.4963175	13525.00000025	13632.89188297	14037.0	10712926.758583	767.92160663	13950.54738151
4084	2017-12-07 06:00:00	14188.06556996	13819.29612963	14038.0	14070.00000004	8886432.8644206	633.93487716	14017.89550407
4085	2017-12-07 08:00:00	14400.23350019	14046.93	14088.99999999	14360.00000006	10858434.446394	760.11028811	14285.34071469
4086	2017-12-07 10:00:00	14790.0	13605.02	14360.00000006	13639.99999994	25976126.811948	1804.69911208	14393.60535951
4087	2017-12-07 12:00:00	14790.99088707	13631.99999995	13639.99999994	14777.66516416	14213980.795055	988.99495011	14372.1469897
4088	2017-12-07 14:00:00	15510.38963855	14706.00000001	14725.00000006	15368.99999997	25287210.205564	1669.1137348	15150.08215338
4089	2017-12-07 16:00:00	15750.2719488	14363.13998135	15368.99999997	15248.9999999	48632901.457271	3228.49037276	15063.66624711
4090	2017-12-07 18:00:00	15812.64749996	14864.6834165	15240.0000002	15337.96771195	23634524.131121	1538.64103505	15360.64851562
4091	2017-12-07 20:00:00	16020.00000003	15199.0	15337.97771198	15899.00000001	16237112.490695	1038.14585587	15640.49251739
4092	2017-12-07 22:00:00	16672.0	15870.06002403	15899.00000001	16563.50743405	22881688.342476	1407.61928569	16255.59451699
4093	2017-12-08 00:00:00	17200.0	16458.00000007	16563.50743405	17132.9229296	26445237.999357	1576.29520481	16776.83083641
4094	2017-12-08 02:00:00	17142.00042007	15222.0	17142.00042007	16299.99999992	33249269.124757	2053.24787192	16193.49985915
4095	2017-12-08 04:00:00	16500.0	13899.9999999	16264.94500004	15370.0	39341889.681061	2625.22362783	14986.10985517
4096	2017-12-08 06:00:00	16174.8225717	14530.16774764	15339.42686231	15799.0	22179128.011186	1427.49797129	15537.06447032
4097	2017-12-08 08:00:00	15900.0	14577.0	15771.0	15115.70799999	15962140.141387	1054.26565838	15140.52934809
4098	2017-12-08 10:00:00	15500.0	13900.0	15130.0	14742.13286719	26764826.594665	1835.77053795	14579.61441333
4099	2017-12-08 12:00:00	15000.0	14266.0	14761.00000009	14940.45243196	14970036.326323	1018.06306518	14704.42926212
4100	2017-12-08 14:00:00	15650.0	14775.00000001	14940.45243196	15200.0	14751695.922147	964.29506009	15297.9067639
4101	2017-12-08 16:00:00	15500.0	14652.63084291	15199.9999999	14680.0	11253758.426918	746.73179072	15070.68343249
4102	2017-12-08 18:00:00	15367.0	14650.0	14680.00000002	15063.3012531	8386902.969514	561.17705113	14945.19947425
4103	2017-12-08 20:00:00	15749.99999999	14700.00000001	15116.9999997	15680.0	9519827.5398233	626.22336837	15201.96789302
4104	2017-12-08 22:00:00	15966.44400018	15520.00000001	15680.0	15847.67803098	7595939.5804873	481.55971585	15773.61920126
4105	2017-12-09 00:00:00	16234.14	15319.05558135	15847.67803098	15359.6403596	11526292.007275	724.72419518	15904.38415597
4106	2017-12-09 02:00:00	15728.15399939	15319.05558135	15359.6403595	15494.99999999	4468818.1116853	287.52038312	15542.61323385
4107	2017-12-09 04:00:00	15662.60337244	14811.08987199	15490.0	14966.0	7507369.8154361	495.27802879	15157.88987001
4108	2017-12-09 06:00:00	15401.00000111	14905.00000003	14975.00000008	15270.6279	4071019.031969	267.27315061	15231.67973542
4109	2017-12-09 08:00:00	15320.5825045	14586.075	15296.58250369	14882.0000005	9823821.1163092	658.78722195	14911.97884383
4110	2017-12-09 10:00:00	14971.51932649	14204.0	14883.1908614	14709.9999999	11339071.519051	777.37449723	14586.36932322
4111	2017-12-09 12:00:00	15021.0	14520.0	14709.9999999	14949.65456528	4799907.6561112	323.88149898	14819.95010899
4112	2017-12-09 14:00:00	14999.0	14300.0	14999.0	14401.0	8047938.7380975	552.55028467	14565.07934459
4113	2017-12-09 16:00:00	14520.69534396	12919.0	14430.0	13608.05821886	37822175.683351	2778.28297192	13613.5073589
4114	2017-12-09 18:00:00	14459.19	13577.0	13600.0	13952.00000009	21849520.057241	1562.72456397	13981.68337594
4115	2017-12-09 20:00:00	14571.04277279	13952.00000012	13995.00999997	14446.84148845	6929535.7017606	483.65751765	14327.36068164
4116	2017-12-09 22:00:00	14800.80021	14260.06407944	14442.12915691	14690.2198385	9174862.9644902	626.3514658	14648.10647927
4117	2017-12-10 00:00:00	14700.0	13200.82921531	14690.21983851	13502.0	11844991.164673	859.10422014	13787.60677341
4118	2017-12-10 02:00:00	14029.71809087	12756.60052809	13507.20000001	12801.00000001	18911642.173488	1421.97506603	13299.55962328
4119	2017-12-10 04:00:00	13664.0	12700.006	12801.0	13210.27650021	14047875.780418	1070.38115441	13124.18078601
4120	2017-12-10 06:00:00	13843.85808924	13067.98957275	13269.90759188	13448.68035013	8832089.1850648	654.51039019	13494.19247951
4121	2017-12-10 08:00:00	13620.0	12928.0	13441.61602747	13512.555349	6652367.9287772	501.73388104	13258.75764058
4122	2017-12-10 10:00:00	13970.16942865	13341.01448437	13537.842219	13628.0099	6754897.7470179	492.88060668	13704.93717031
4123	2017-12-10 12:00:00	14674.3558536	13355.0	13620.0	14658.02999014	9598537.4075391	682.68880894	14059.90149808
4124	2017-12-10 14:00:00	15617.0	14600.148641	14674.3558536	15400.00000009	28732041.333848	1901.73294629	15108.34704204
4125	2017-12-10 16:00:00	15586.19221023	15046.0	15400.00000009	15303.0	9428773.9040396	616.37471066	15297.14594218
4126	2017-12-10 18:00:00	15600.0	14921.0	15300.0	15571.50499997	6786029.1670486	445.18887987	15243.03385347
4127	2017-12-10 20:00:00	15600.0	14291.00000005	15571.50499994	14391.85139994	12633712.731403	851.47678365	14837.41303814
4128	2017-12-10 22:00:00	16000.0	14290.0	14390.2079998	14906.01490599	28174528.890199	1859.15511436	15154.4799423
4129	2017-12-11 00:00:00	16069.0	14906.00000001	14929.8	16016.62500004	13714273.524929	882.61479881	15538.23201629
4130	2017-12-11 02:00:00	16599.18943743	15698.63118175	16016.3409125	16148.0	17314541.277065	1070.26291467	16177.83914563
4131	2017-12-11 04:00:00	16500.0	15820.07665787	16148.0	16085.60290263	10198548.475626	631.23648105	16156.46240638
4132	2017-12-11 06:00:00	16799.1	16080.00000001	16098.99999993	16499.0	11541315.164634	698.9930797	16511.34396006
4133	2017-12-11 08:00:00	16668.68670204	16200.0	16500.0	16365.02000005	9137263.5790387	556.63870425	16415.07051032
4134	2017-12-11 10:00:00	16609.5441963	16070.0	16350.00000011	16084.0	6250850.0940212	381.83720883	16370.45827245
4135	2017-12-11 12:00:00	16438.0	15930.68	16083.99999997	16214.06014365	10776598.154722	664.49132537	16217.81615993
4136	2017-12-11 14:00:00	16400.0	16057.0	16182.47342394	16320.0	7983626.0967677	491.37885413	16247.39450968
4137	2017-12-11 16:00:00	16412.54043032	16200.0	16320.49999998	16271.00000001	6595124.9678529	404.46888531	16305.6423062
4138	2017-12-11 18:00:00	16934.00000002	16270.0000001	16292.99999999	16933.0	10982175.603913	662.91716648	16566.4371949
4139	2017-12-11 20:00:00	17450.0	16800.08773646	16933.0	17133.5084595	24125446.990644	1405.5457207	17164.46973964
4140	2017-12-11 22:00:00	17149.20528121	16345.0	17104.00000001	16478.96	13257645.26947	791.19716291	16756.43681621
4141	2017-12-12 00:00:00	16649.99999999	16300.0	16478.96	16619.99999986	9131268.1344099	554.70963146	16461.34773318
4142	2017-12-12 02:00:00	16647.99999971	15667.0	16603.85912149	16051.00000045	15130965.675365	937.81036996	16134.35525991
4143	2017-12-12 04:00:00	16401.66928554	15838.10465095	16051.00000048	16387.24460616	9056751.6093269	563.06611281	16084.70373777
4144	2017-12-12 06:00:00	16600.0	16241.86416692	16387.24460616	16596.99999973	6401290.6167856	390.17192505	16406.33322339
4145	2017-12-12 08:00:00	16842.99999982	16480.0	16571.00000004	16699.97999945	6878656.6884338	412.26835637	16684.90094413
4146	2017-12-12 10:00:00	16699.0	16290.00000006	16682.0	16436.00000012	7929378.2996453	481.31146315	16474.52617843
4147	2017-12-12 12:00:00	16810.0	16024.00000001	16459.99999973	16788.00000014	16917746.098261	1027.98381661	16457.21053669
4148	2017-12-12 14:00:00	16980.0	16100.0	16788.00000014	16513.0	23647570.949566	1427.39530037	16566.93905566
4149	2017-12-12 16:00:00	16540.0	16099.0	16513.0	16244.00000007	13007072.46077	795.28169604	16355.30218479
4150	2017-12-12 18:00:00	16790.0	16200.0	16260.00000004	16630.00000025	10662260.170592	643.16655204	16577.75911507
4151	2017-12-12 20:00:00	16690.0	16230.0000002	16630.00000028	16250.00000001	9800788.7194587	597.72601875	16396.79119198
4152	2017-12-12 22:00:00	16648.99999999	16051.0	16250.00000001	16227.9999999	15721821.682144	965.00047231	16292.03521995
4153	2017-12-13 00:00:00	16530.000001	16134.4291754	16227.9999999	16305.5047308	10351890.338107	633.47919682	16341.32642409
4154	2017-12-13 02:00:00	16468.5027098	15750.3	16241.00000037	16153.38711811	16306367.316948	1012.88319693	16098.96122906
4155	2017-12-13 04:00:00	16450.0	15958.18423172	16153.38711811	16330.0	7001393.1664371	431.32694416	16232.21841629
4156	2017-12-13 06:00:00	16349.99999992	16036.0	16330.0	16140.00000003	6655282.8439118	411.76955366	16162.63947821
4157	2017-12-13 08:00:00	16200.55190118	15930.99999994	16140.00000003	15939.0	9993120.6506159	622.71338411	16047.70494036
4158	2017-12-13 10:00:00	16200.33149921	15909.01098901	15942.00000001	16095.0	7073874.8001313	440.47229415	16059.74971429
4159	2017-12-13 12:00:00	16450.0	16039.0001	16095.0	16274.99999958	10404736.36402	639.59911143	16267.59039855
4160	2017-12-13 14:00:00	16401.0	15937.0	16274.99999958	15969.99999977	11790720.660271	729.26276732	16168.00032668
4161	2017-12-13 16:00:00	16099.0	15600.0	15969.99999977	15899.99999979	20284145.633684	1277.50424785	15877.94769983
4162	2017-12-13 18:00:00	16102.0	15100.0	15889.99999985	15699.96969696	24885676.164326	1599.46876301	15558.71345526
4163	2017-12-13 20:00:00	15956.0	15240.0	15566.0033812	15908.99999997	13043136.910943	832.17337143	15673.58120163
4164	2017-12-13 22:00:00	16157.80138436	15780.0	15908.99999997	15907.0	12502235.512233	781.54910191	15996.73709774
4165	2017-12-14 00:00:00	16194.47943671	15802.0	15939.0	15850.00010009	7736768.490091	483.83010127	15990.67207638
4166	2017-12-14 02:00:00	15940.41309997	15600.21	15850.00010013	15660.00000047	7586712.9126279	481.95948818	15741.39133825
4167	2017-12-14 04:00:00	15969.39965296	15451.0	15660.00000048	15533.86641873	14115298.770718	896.94810971	15737.0293977
4168	2017-12-14 06:00:00	15835.0	15451.0	15467.97400008	15818.0000004	10107824.451028	645.70884875	15653.84223957
4169	2017-12-14 08:00:00	16450.0	15818.0000004	15818.0000004	16022.00000007	13751240.139214	847.26561181	16230.14075814
4170	2017-12-14 10:00:00	16490.0	16022.00000007	16022.00000007	16318.00000001	7662129.8457251	470.81209504	16274.28421326
4171	2017-12-14 12:00:00	16668.00000001	16261.49200003	16347.99999997	16454.00000031	12273745.779839	743.42434118	16509.74430075
4172	2017-12-14 14:00:00	16469.13735309	15873.10681569	16454.00000031	16265.99999996	16797561.349242	1036.53544923	16205.48661574
4173	2017-12-14 16:00:00	16500.00000014	16170.0	16265.99999995	16255.0	10904319.558115	667.90304055	16326.20140362
4174	2017-12-14 18:00:00	16500.0	16200.00000001	16268.44743448	16372.00000014	17707868.697878	1080.97277991	16381.41961294
4175	2017-12-14 20:00:00	16480.0	16125.00000003	16372.00000014	16370.00000001	11818253.389945	724.59074772	16310.24606252
4176	2017-12-14 22:00:00	16497.0	16254.0	16371.99999991	16401.52900029	7530865.3411048	460.21291778	16363.87213429
4177	2017-12-15 00:00:00	17200.99999985	16300.0	16401.52900033	17089.99999997	26063823.123459	1546.56365791	16852.7321783
4178	2017-12-15 02:00:00	17830.82810636	16949.11765541	17089.99999997	17085.0	25751875.120635	1481.32128199	17384.39556207
4179	2017-12-15 04:00:00	17450.0	16939.0	17085.0	17200.0	7498517.4821966	435.70989711	17209.88559574
4180	2017-12-15 06:00:00	17362.44970213	17002.67636081	17215.1000025	17051.0	7787184.0172635	454.29884405	17141.10462584
4181	2017-12-15 08:00:00	17700.42679139	17030.0	17060.99954851	17699.99999992	12862252.597449	742.96970197	17311.94766535
4182	2017-12-15 10:00:00	18000.0	17600.0	17683.10997537	17969.99999961	16014969.464673	896.81812659	17857.54434465
4183	2017-12-15 12:00:00	18000.0	17571.0	17969.99999962	17812.00000006	13754865.702065	770.96644576	17841.06919011
4184	2017-12-15 14:00:00	17930.0	17600.0	17812.00000006	17603.00000012	9121774.4515644	514.80105124	17719.02840833
4185	2017-12-15 16:00:00	17843.84	17499.0	17627.99999939	17534.99999918	7136402.6502932	404.77553956	17630.51852898
4186	2017-12-15 18:00:00	17850.0000002	17429.33539256	17534.99999918	17693.0	7471074.2220945	423.18095783	17654.56144436
4187	2017-12-15 20:00:00	17849.11111111	17302.0	17709.99999964	17560.00000032	8555118.1900202	486.9544148	17568.62229811
4188	2017-12-15 22:00:00	17633.53909571	17200.99999985	17579.99999996	17540.0	8175738.8311418	468.95623371	17433.90586038
4189	2017-12-16 00:00:00	17620.0	17399.0	17540.00000005	17461.0	4083986.2469643	233.20433137	17512.48024842
4190	2017-12-16 02:00:00	17500.00000035	17250.99999998	17480.00000001	17270.00000087	7134310.3192421	410.73925827	17369.43858079
4191	2017-12-16 04:00:00	17557.58320684	17250.99999998	17299.99999984	17510.0	4920655.5726096	281.55280256	17476.84813601
4192	2017-12-16 06:00:00	17885.0	17501.00000031	17509.0	17810.0	5919351.0447204	333.86536855	17729.75457271
4193	2017-12-16 08:00:00	17888.0	17630.0	17812.0	17877.93999982	4516644.3643626	253.81515719	17795.01434968
4194	2017-12-16 10:00:00	17999.99999999	17761.0000001	17877.93999976	17870.00000002	7321074.3079369	409.3919303	17882.80072489
4195	2017-12-16 12:00:00	18405.0	17870.00000002	17882.21778224	18349.99999999	13062402.756354	719.74167909	18148.73743711
4196	2017-12-16 14:00:00	18890.0	18220.0465795	18349.99999999	18820.00000054	18756312.024782	1009.38528981	18581.91536386
4197	2017-12-16 16:00:00	18876.99999996	18318.00000001	18820.00000051	18730.00000001	11682774.178678	626.29926393	18653.66103956
4198	2017-12-16 18:00:00	19234.5841807	18600.0	18730.00000001	19224.99999995	9899579.5706337	523.7154023	18902.5939034
4199	2017-12-16 20:00:00	19325.35243757	18900.0	19234.58418069	19232.00000004	12041156.430937	628.66016573	19153.68125313
4200	2017-12-16 22:00:00	19764.788462	19104.00000035	19232.00000005	19223.0	17997051.926898	926.4774299	19425.24593269
4201	2017-12-17 00:00:00	19325.99999994	18842.14136654	19222.99999997	18989.0693797	14731051.979749	771.35221009	19097.69854426
4202	2017-12-17 02:00:00	19328.00000005	18876.31213417	18989.0693797	19088.0	8201094.9576366	428.54037672	19137.27481271
4203	2017-12-17 04:00:00	19310.0	18930.00000001	19088.01	19301.0	10422808.603697	545.89621266	19093.02237674
4204	2017-12-17 06:00:00	19628.53859633	19210.00000001	19309.60312453	19560.00000039	8249519.0800204	424.55795489	19430.84326887
4205	2017-12-17 08:00:00	19650.0	19258.09049208	19584.45740795	19592.1	10008478.963406	514.63212218	19447.83182404
4206	2017-12-17 10:00:00	19800.0	19558.1650936	19639.99999997	19775.00000025	10787532.438744	547.62229921	19698.85531379
4207	2017-12-17 12:00:00	19903.4402144	19482.49999963	19798.99999993	19700.0	12845175.600582	651.44969826	19717.83183704
4208	2017-12-17 14:00:00	19700.0	19061.52956764	19700.0	19386.70125007	13886057.176695	715.38036157	19410.73297877
4209	2017-12-17 16:00:00	19454.4000003	18909.49419814	19386.70125007	19051.00000016	10650490.545595	556.00402809	19155.4197587
4210	2017-12-17 18:00:00	19076.71800396	18569.63785309	19064.9999999	18882.66343218	15356831.285299	816.64261418	18804.83704701
4211	2017-12-17 20:00:00	19300.0	18854.3783698	18882.66343218	18911.84989633	9081606.3076665	476.49529057	19059.17327493
4212	2017-12-17 22:00:00	19490.0	18671.61224145	18911.84989634	18959.19999967	15871679.507375	834.19741491	19026.28709187
4213	2017-12-18 00:00:00	18959.19999966	17805.43793687	18959.19999966	18348.99999997	35680443.27598	1960.07640658	18203.59816392
4214	2017-12-18 02:00:00	18746.99999998	17995.00000004	18349.0	18520.0	13998538.779154	761.16934834	18390.83353748
4215	2017-12-18 04:00:00	18925.0	18500.00000006	18520.99999982	18807.74000018	10836135.588584	578.85217578	18720.03948846
4216	2017-12-18 06:00:00	18949.89999999	18500.0	18824.14385497	18555.0	7619359.7627419	405.44209722	18792.71988524
4217	2017-12-18 08:00:00	18935.0	18500.0	18560.0	18658.99999985	9457568.2489958	506.42218536	18675.26447774
4218	2017-12-18 10:00:00	19200.0	18632.00000012	18658.99999982	19089.00000002	11218519.11626	592.45944557	18935.50554412
4219	2017-12-18 12:00:00	19144.99999995	18505.50949021	19109.0	18620.00000003	10816088.803465	574.51334063	18826.52331729
4220	2017-12-18 14:00:00	18758.33098518	18100.0	18595.0	18669.00000009	14678937.666436	794.81644311	18468.33667531
4221	2017-12-18 16:00:00	18739.94345053	18020.0000004	18669.00070009	18481.0	11640695.770759	629.83125216	18482.2454123
4222	2017-12-18 18:00:00	18720.0	18182.22984125	18481.00000038	18719.96999993	9731462.1115323	525.99341077	18501.11030342
4223	2017-12-18 20:00:00	18739.94345057	18464.99999993	18719.96999989	18640.00000001	7490888.1898898	402.13501309	18627.79401457
4224	2017-12-18 22:00:00	18999.0	18580.2568389	18640.00000001	18930.53404981	9277709.7111236	493.8544059	18786.32568685
4225	2017-12-19 00:00:00	19000.0	18615.0	18930.53404981	18719.99999992	7569438.1836634	403.02308104	18781.64933911
4226	2017-12-19 02:00:00	18910.00000004	18580.63341381	18700.00000006	18870.89000032	8435210.0677544	450.67768791	18716.72437761
4227	2017-12-19 04:00:00	18971.91794828	18641.87000114	18850.99000007	18730.00000028	7717507.4726871	410.56255588	18797.39728369
4228	2017-12-19 06:00:00	18800.0	18600.98999987	18754.3775564	18630.00000113	6717815.5434978	359.60993025	18680.83992793
4229	2017-12-19 08:00:00	18780.0	18259.69275005	18630.00000005	18439.3575999	9903180.0925726	532.81153735	18586.64724459
4230	2017-12-19 10:00:00	18461.44835106	17380.0	18439.3575999	17598.0	37083675.487175	2072.19486827	17895.84370418
4231	2017-12-19 12:00:00	18200.0	17574.0	17598.0	17800.09332869	17763872.609927	991.07991249	17923.75406469
4232	2017-12-19 14:00:00	17844.78141596	17500.0	17800.15484529	17720.24155616	17668023.291753	1001.09445651	17648.70754888
4233	2017-12-19 16:00:00	18211.00388855	17639.2123154	17710.0	17947.06848453	13942705.524778	776.67659523	17951.75187511
4234	2017-12-19 18:00:00	18154.30403498	17408.0	17947.06848449	17568.42411032	13228609.218248	743.56109437	17790.88405567
4235	2017-12-19 20:00:00	17784.0	16502.0	17575.00000001	16614.32355127	32580135.470293	1919.8029847	16970.56194304
4236	2017-12-19 22:00:00	17369.97229999	16510.00000001	16614.32355127	17309.99999999	20701313.565368	1219.33381184	16977.56050423
4237	2017-12-20 00:00:00	17349.99999999	15550.00000008	17309.99999999	15863.86791454	45043352.529255	2786.08845251	16167.23707701
4238	2017-12-20 02:00:00	16850.99000003	15863.86791455	15899.99000002	16491.99999999	20683603.755831	1256.11484053	16466.33181015
4239	2017-12-20 04:00:00	16633.0	16000.0	16489.0	16385.87905892	15789306.220775	959.72396263	16451.9245487
4240	2017-12-20 06:00:00	16674.43216105	15800.0	16350.9045225	16251.00000015	21329766.162003	1320.60476394	16151.51387033
4241	2017-12-20 08:00:00	16938.71087439	16190.76088892	16279.99999973	16808.0	11131585.099464	668.6434987	16648.01216359
4242	2017-12-20 10:00:00	17600.0	16778.0000001	16807.99999959	17349.27248077	16361271.091046	947.90096097	17260.52801371
4243	2017-12-20 12:00:00	17835.00000003	16868.68	17353.88539512	17000.0	19616508.878062	1125.25664834	17432.91977612
4244	2017-12-20 14:00:00	17355.0	16391.46462	17000.0	16500.0	14625877.298984	863.96918004	16928.70259365
4245	2017-12-20 16:00:00	17000.0	16000.0	16484.0	16869.15746082	25239585.324609	1529.37450432	16503.20784955
4246	2017-12-20 18:00:00	16885.0	16420.0	16869.15746081	16777.7499997	10525586.797347	631.00816256	16680.58738677
4247	2017-12-20 20:00:00	16799.81247035	16119.96576264	16710.00000001	16259.9999999	14955354.237377	904.84383683	16528.10532452
4248	2017-12-20 22:00:00	16499.00000183	15765.78546988	16259.69999991	16470.0	19235324.451989	1194.91934175	16097.59234779
4249	2017-12-21 00:00:00	16748.22907267	16320.87904707	16403.59874676	16450.0	10887208.670006	658.78973691	16526.07510413
4250	2017-12-21 02:00:00	16999.0128785	16196.16026541	16523.56839471	16913.92368197	15990598.389845	965.52522808	16561.55419329
4251	2017-12-21 04:00:00	17100.0	16569.27120885	16943.45359792	16737.84388656	10083113.677058	597.16017761	16885.10730473
4252	2017-12-21 06:00:00	17375.98798753	16737.84388623	16799.99999999	17148.99999977	11462665.003835	670.95944243	17083.99089268
4253	2017-12-21 08:00:00	17147.99999973	16718.67610153	17127.0	16819.99999974	9111017.8042625	539.96012957	16873.50103334
4254	2017-12-21 10:00:00	16819.99999975	16400.0	16819.99999974	16560.00000026	9706626.2949751	586.09856543	16561.42305663
4255	2017-12-21 12:00:00	16763.94950401	16020.99999573	16619.9999998	16100.0	11995494.644815	729.38434414	16446.05445837
4256	2017-12-21 14:00:00	16300.0	14500.0	16100.0	14600.0	37873946.713496	2474.06698349	15308.37562856
4257	2017-12-21 16:00:00	15499.111	14550.0	14600.0	15079.99999999	30284923.965158	2012.17416654	15050.8462283
4258	2017-12-21 18:00:00	15100.0	14500.99999997	15079.99999999	14749.99999997	15806492.38839	1068.44654805	14793.90093705
4259	2017-12-21 20:00:00	15500.0	14701.00000002	14749.99999997	15250.00000001	13244625.73048	879.40621345	15060.87349385
4260	2017-12-21 22:00:00	15510.57368416	15054.83892725	15250.0	15293.0	10504850.784288	686.56476161	15300.59707645
4261	2017-12-22 00:00:00	15519.79447536	14000.1	15180.00000001	14343.99999999	22045491.663894	1496.98782544	14726.56710311
4262	2017-12-22 02:00:00	14500.0	13164.61	14343.99999999	14270.0	44656493.328608	3247.85665608	13749.5271674
4263	2017-12-22 04:00:00	14521.67895423	13500.000001	14270.0	13826.15770364	27371978.755698	1938.36545776	14121.16515289
4264	2017-12-22 06:00:00	13900.77499983	12347.125	13764.76552662	13065.0	55412623.414626	4266.10715621	12989.03693358
4265	2017-12-22 08:00:00	13800.0	12722.0	13065.0	13485.26066199	29055171.309012	2189.96700827	13267.40138061
4266	2017-12-22 10:00:00	14450.0	13250.0	13485.26066199	13640.00000004	23143844.605305	1677.53066376	13796.37648675
4267	2017-12-22 12:00:00	13850.0	12120.0	13650.00000002	12120.0	30469426.776339	2354.04026805	12943.46030944
4268	2017-12-22 14:00:00	13390.00000006	11362.39	12148.99999999	12566.03103147	64826079.930198	5301.52575638	12227.81570988
4269	2017-12-22 16:00:00	13169.00000001	11967.69	12568.0765355	12829.0	30314715.683481	2423.00199754	12511.2219116
4270	2017-12-22 18:00:00	13650.0	12501.3536904	12829.0	13150.0	20791231.722433	1585.10791246	13116.60332965
4271	2017-12-22 20:00:00	14150.0	13080.95074937	13149.99999999	13568.00000001	25053085.600093	1817.48833998	13784.4546504
4272	2017-12-22 22:00:00	14320.0	12743.0204944	13599.99999993	13247.06419074	22898361.052652	1670.91347752	13704.09740583
4273	2017-12-23 00:00:00	13905.04606819	13000.0	13200.00000001	13610.00000008	13459156.747954	994.36340193	13535.45064292
4274	2017-12-23 02:00:00	14401.18717786	13602.84750007	13610.00000011	14394.99999997	13373051.458754	956.67250715	13978.7140937
4275	2017-12-23 04:00:00	14407.0365778	13469.99999699	14394.99999975	13518.00000006	13662528.854214	984.92520024	13871.64106562
4276	2017-12-23 06:00:00	14032.28399361	13109.96	13518.00000014	13755.10003019	12066332.114461	887.86260056	13590.31465775
4277	2017-12-23 08:00:00	14100.05849968	13650.00000007	13755.10003023	14074.99999975	8088072.4258421	580.94693907	13922.22229243
4278	2017-12-23 10:00:00	14744.99999944	13782.67785823	14074.99999972	14739.99999983	15242163.159014	1065.14723613	14309.91194643
4279	2017-12-23 12:00:00	14823.08709145	14227.00000001	14739.99999983	14537.69630178	15700857.923408	1080.78906286	14527.21762548
4280	2017-12-23 14:00:00	14940.0	14117.0	14537.69630177	14362.99999959	20492710.161634	1396.59232693	14673.36585378
4281	2017-12-23 16:00:00	14690.0	14100.0	14369.99999867	14258.00999893	15884732.990529	1102.75902224	14404.53686632
4282	2017-12-23 18:00:00	14529.99999876	14140.0	14324.99999994	14371.50000003	8755244.1600506	608.86576874	14379.59663616
4283	2017-12-23 20:00:00	14937.99999999	14356.54059282	14356.54059282	14807.98389795	9181716.5023011	623.75979444	14719.955637
4284	2017-12-23 22:00:00	14900.0	13700.0	14807.98389794	13830.0	16648526.431665	1170.65314452	14221.57067582
4285	2017-12-24 00:00:00	13999.0	13131.0	13830.0	13398.84161884	24105874.670993	1774.11723148	13587.5320093
4286	2017-12-24 02:00:00	13603.42631302	12708.78000001	13398.84161881	13321.00000043	19342023.730583	1468.32198521	13172.87619841
4287	2017-12-24 04:00:00	13595.31075204	12783.6778945	13367.9919623	13465.38307537	10304902.70632	779.81222983	13214.59488852
4288	2017-12-24 06:00:00	13839.23566859	13272.65283541	13465.38307537	13358.94883655	8801913.8064214	650.26717472	13535.84211014
4289	2017-12-24 08:00:00	13631.00000011	12709.1	13358.94883654	12823.81000057	10546357.826545	798.00602684	13215.88743923
4290	2017-12-24 10:00:00	12893.64884043	11918.0343922	12865.01224696	12452.16000115	29388306.522152	2367.90276335	12411.11205114
4291	2017-12-24 12:00:00	12800.0	11703.13716406	12450.0	12799.99999988	19296059.74989	1575.94214485	12244.14221863
4292	2017-12-24 14:00:00	13162.59703435	12318.59948177	12778.00000019	12592.11	17008668.804176	1326.28176586	12824.32529949
4293	2017-12-24 16:00:00	12979.86471346	12489.99999999	12619.99999997	12489.99999999	6810134.3776597	533.28092185	12770.25691081
4294	2017-12-24 18:00:00	12570.99999989	12070.0	12489.99999999	12174.59218533	9158980.1571661	744.81478573	12296.99024864
4295	2017-12-24 20:00:00	13000.1601893	12150.0	12174.59218533	12671.25260903	8758228.8976408	688.17818563	12726.68776855
4296	2017-12-24 22:00:00	13550.0	12550.0	12671.25260903	13517.00000009	8967064.3958482	682.74913133	13133.76170597
4297	2017-12-25 00:00:00	13615.31275372	12990.31199461	13510.98484645	13371.39858462	7226061.3743429	540.94108544	13358.31492345
4298	2017-12-25 02:00:00	13379.55778899	12860.0	13371.39858462	12876.21704121	4723280.1700235	361.13593254	13078.95378009
4299	2017-12-25 04:00:00	13578.98344997	12702.8464126	12884.05822398	13380.00000021	6526024.5635376	492.13155102	13260.73191205
4300	2017-12-25 06:00:00	13749.68122009	13317.20223579	13380.00000021	13481.659	7788390.0965981	576.10695692	13519.00025341
4301	2017-12-25 08:00:00	14023.73356491	13404.21975178	13481.65900001	13550.0	9787041.9914871	712.50681856	13736.06783338
4302	2017-12-25 10:00:00	13961.0001	13550.00000001	13569.99999999	13800.0	5416504.35077	394.32380682	13736.18396122
4303	2017-12-25 12:00:00	14300.0	13437.99999992	13800.0	13473.00000004	13654954.843234	976.34479899	13985.79155372
4304	2017-12-25 14:00:00	13655.43174448	13033.92918791	13465.0	13474.99999988	9828899.6052669	734.78236905	13376.61329296
4305	2017-12-25 16:00:00	13744.99999993	13403.07723456	13474.99999988	13589.00483987	5007197.8806777	368.39024915	13592.1021043
4306	2017-12-25 18:00:00	13950.00000001	13536.55229416	13559.26004956	13821.6492041	5033810.8075611	365.58220257	13769.29941384
4307	2017-12-25 20:00:00	13878.1166751	13333.0	13821.6492041	13500.68658685	5607689.829839	412.56226414	13592.34791269
4308	2017-12-25 22:00:00	13749.99999997	13350.057703	13532.45137092	13637.99999972	3350584.2003156	247.16791075	13555.90290887
4309	2017-12-26 00:00:00	13860.0	13510.53958989	13637.99999972	13660.51600967	4380003.1461984	319.33947358	13715.82127663
4310	2017-12-26 02:00:00	14395.24266525	13576.0	13706.5497314	14375.00000001	5630289.3442985	402.72015374	13980.6495702
4311	2017-12-26 04:00:00	15287.0	14309.00000019	14375.00000001	14850.0	21412010.877786	1447.92210326	14788.09587171
4312	2017-12-26 06:00:00	15305.0	14802.0	14897.98999982	15080.0	10640727.26395	706.69034045	15057.12849729
4313	2017-12-26 08:00:00	15200.0	14811.0	15080.0	15179.5	6804626.6114664	453.66896363	14999.10101193
4314	2017-12-26 10:00:00	15260.0	14750.0	15179.49999999	14815.34059979	7313293.7489578	487.39327536	15004.91311365
4315	2017-12-26 12:00:00	15245.00000004	14650.0	14813.2079548	15150.00000025	8327602.1613463	554.102805	15028.98394702
4316	2017-12-26 14:00:00	15909.97999998	15100.0	15137.77700442	15780.39345053	18980818.823839	1212.16582905	15658.59915281
4317	2017-12-26 16:00:00	15975.0	15365.0	15780.3934505	15643.99999994	18966876.912402	1203.33655855	15761.90532701
4318	2017-12-26 18:00:00	15833.46944902	15500.00000005	15649.99999997	15820.0	6711365.2079559	427.82302773	15687.24629799
4319	2017-12-26 20:00:00	16050.65549987	15550.99999906	15820.0	15812.90000007	9028590.7724668	569.39028725	15856.594281
4320	2017-12-26 22:00:00	15989.99999996	15500.0	15820.0	15700.085745	7054102.1109045	449.70653103	15686.01215274
4321	2017-12-27 00:00:00	15967.99999997	15520.0	15690.00000006	15879.41038273	7776379.034544	494.03971481	15740.392526
4322	2017-12-27 02:00:00	15890.00000151	15660.0	15832.26837926	15830.0	3802635.8771553	240.97213915	15780.39640005
4323	2017-12-27 04:00:00	16450.0	15830.0	15830.0	16397.99999999	10803383.257492	664.1669513	16266.06568777
4324	2017-12-27 06:00:00	16500.90800028	16000.0	16397.99999995	16184.87999999	9742446.6506837	598.41124359	16280.52072056
4325	2017-12-27 08:00:00	16251.0944824	15590.0	16184.87999999	15810.00000004	9216624.1918828	576.58493691	15984.8508032
4326	2017-12-27 10:00:00	15950.0	15378.14249985	15810.00000011	15665.0	10392171.895722	665.82144008	15608.04634719
4327	2017-12-27 12:00:00	15950.23096051	15550.01	15674.99999989	15752.65739552	5367507.8236454	340.31254137	15772.28920814
4328	2017-12-27 14:00:00	15785.0	15000.0	15754.19291312	15279.36927401	16708112.969014	1092.23457181	15297.18377374
4329	2017-12-27 16:00:00	15410.0	14454.0	15260.00000001	14902.25422385	19099016.977956	1288.94071178	14817.60705004
4330	2017-12-27 18:00:00	15230.0	14733.8839645	14880.03960191	14803.00000001	9313851.3639421	620.74970631	15004.19777772
4331	2017-12-27 20:00:00	15310.0	14620.2273402	14803.00000001	15176.85000004	11906821.95815	794.56470377	14985.3396478
4332	2017-12-27 22:00:00	15528.25747622	15112.50000002	15180.20872145	15370.01000001	10010390.61576	652.44657719	15342.85099459
4333	2017-12-28 00:00:00	15464.07930619	15010.55243674	15370.01000001	15435.20779499	6514613.0527004	427.18304326	15250.16771027
4334	2017-12-28 02:00:00	15459.7508364	13700.34830799	15435.20779499	14276.95709156	26836319.856003	1866.262778	14379.71124557
4335	2017-12-28 04:00:00	14578.19999998	13560.0	14276.95709156	13656.00000011	13678137.244795	973.96194482	14043.81076441
4336	2017-12-28 06:00:00	14200.0	13656.00000015	13657.0	14090.1499313	10589735.231426	760.17945962	13930.57270544
4337	2017-12-28 08:00:00	14370.00000018	13867.11517945	14066.38	14175.16298388	6414211.2224162	454.68360584	14106.97711558
4338	2017-12-28 10:00:00	14333.82738217	13260.01051	14175.16298371	13751.94112881	13542839.371916	992.93485303	13639.202341
4339	2017-12-28 12:00:00	14109.99999995	13501.0	13738.94112886	13966.99999977	8981673.6529306	649.07585935	13837.63318809
4340	2017-12-28 14:00:00	14400.0	13655.43999999	13999.99999979	14094.0	11740390.360179	832.17641924	14108.05460085
4341	2017-12-28 16:00:00	14279.0858045	13756.79861296	14113.9582184	14063.79597636	9255126.4339486	660.70018474	14008.05788724
4342	2017-12-28 18:00:00	14089.85857228	13335.0	14069.99999973	13743.00000001	11195219.311048	818.77501788	13673.13250474
4343	2017-12-28 20:00:00	14039.99999955	13696.70275894	13760.18798677	13859.99999993	6204086.9387477	448.17942775	13842.86416244
4344	2017-12-28 22:00:00	14310.00000008	13778.00000004	13859.99999986	14307.3458536	5854632.2870813	417.80220003	14012.92833465
4345	2017-12-29 00:00:00	14368.7488525	14007.62220544	14307.3458536	14260.0	4632462.3247092	325.81114231	14218.24401665
4346	2017-12-29 02:00:00	14949.0	14245.00000002	14245.00000002	14826.99999993	8524701.9546416	579.31644574	14715.10435674
4347	2017-12-29 04:00:00	14995.0	14720.35279405	14802.00000021	14900.0	5646248.9917364	380.31640339	14846.18844048
4348	2017-12-29 06:00:00	15100.0	14425.0	14899.99999992	14546.27985515	6223166.9472082	422.72585637	14721.51952248
4349	2017-12-29 08:00:00	14698.34440429	14172.46164467	14517.999999	14199.62700416	7062868.705711	489.65290981	14424.23513515
4350	2017-12-29 10:00:00	14332.61843447	13770.00000005	14172.46164467	14280.99999996	12092884.17299	858.93441142	14078.93782366
4351	2017-12-29 12:00:00	14331.99999993	13852.87411951	14280.99999991	14210.0	11610867.115135	824.4032888	14083.96506039
4352	2017-12-29 14:00:00	14526.80029789	14170.01591148	14207.15892801	14484.21101931	9503224.171329	662.07619502	14353.67143964
4353	2017-12-29 16:00:00	14800.00000003	14260.0000002	14441.98275242	14502.01010013	8980716.9730054	616.34387589	14570.95190576
4354	2017-12-29 18:00:00	14649.9999999	14368.84200924	14532.02989811	14649.99999989	7153938.0343011	493.89507068	14484.73260616
4355	2017-12-29 20:00:00	14656.0	13976.237	14611.99035903	14179.99999988	10532415.942597	737.17569603	14287.52466924
4356	2017-12-29 22:00:00	14560.0	14100.5414998	14179.99999984	14305.53422499	8250234.9266297	576.07874254	14321.36671152
4357	2017-12-30 00:00:00	14365.38790685	13299.99999999	14305.53422499	13566.99999968	19324188.273678	1384.77890854	13954.71013784
4358	2017-12-30 02:00:00	13636.57183417	12950.0	13566.0	13346.55602013	25992290.396475	1963.25553641	13239.38219677
4359	2017-12-30 04:00:00	13444.06103212	12800.0	13343.41005586	13239.99999978	9995917.2446787	761.3940512	13128.44148036
4360	2017-12-30 06:00:00	13548.95520108	13160.61770986	13201.34353375	13430.18895654	10310358.000836	772.9321518	13339.27949151
4361	2017-12-30 08:00:00	13548.50160852	13005.54284178	13430.18895654	13148.61153218	11347444.848342	853.55392559	13294.35025502
4362	2017-12-30 10:00:00	13236.37827405	12800.0	13153.56497541	13154.86175661	10170067.494472	780.90876706	13023.37471861
4363	2017-12-30 12:00:00	13183.34433578	11855.0	13154.86175664	12321.58013364	22291227.728069	1803.30853384	12361.29442619
4364	2017-12-30 14:00:00	12600.0	11922.0	12335.99999993	12280.00000011	13344219.367687	1089.33912849	12249.83021236
4365	2017-12-30 16:00:00	12586.81511348	11701.00000003	12240.0	12586.81511339	15600111.357218	1293.32727911	12061.99823447
4366	2017-12-30 18:00:00	13000.0	12197.95108073	12586.24176703	12989.16764476	12548421.963362	991.85669883	12651.44650246
4367	2017-12-30 20:00:00	13000.0	12530.00000004	12989.16764476	12754.38870541	7483248.2066807	588.21920617	12721.86988827
4368	2017-12-30 22:00:00	12883.08411076	12340.00000001	12754.38870342	12351.93000029	6265803.8058837	493.47109366	12697.40798678
4369	2017-12-31 00:00:00	13100.0	12205.0	12390.0	12905.75920681	8019306.6977599	631.15897037	12705.68442219
4370	2017-12-31 02:00:00	13380.0	12651.80739412	12889.75920688	12957.04618403	14710526.112383	1125.08799401	13075.00052502
4371	2017-12-31 04:00:00	13087.88388527	12647.5519999	12957.04609997	12700.27999969	6607283.7454896	510.83536447	12934.27238019
4372	2017-12-31 06:00:00	12879.6386	12424.77260659	12700.27999965	12831.20758689	6148478.6888862	485.61208379	12661.29673071
4373	2017-12-31 08:00:00	12953.19108141	12363.3448943	12831.20758689	12540.81253235	5481131.9068239	434.42259547	12617.05068746
4374	2017-12-31 10:00:00	13049.7521044	12476.0	12540.08797119	12913.0	4620291.3483778	360.72741228	12808.26239174
4375	2017-12-31 12:00:00	13339.92687315	12870.31199966	12912.0	13058.59864537	8638109.1662492	659.69412207	13094.11267625
4376	2017-12-31 14:00:00	13610.456372	13058.5986456	13058.5986456	13300.0	11025739.213098	827.05048492	13331.39803934
4377	2017-12-31 16:00:00	14119.99999997	13300.0	13300.0	13849.64399995	12568243.99386	907.10189643	13855.38277819
4378	2017-12-31 18:00:00	13939.93584616	13676.62858375	13870.50579429	13850.9999998	5157275.6063745	373.0396699	13825.00581709
4379	2017-12-31 20:00:00	14145.0	13850.99999978	13850.99999978	13914.99999977	6151850.3095946	439.85200269	13986.18233399
4380	2017-12-31 22:00:00	14034.4620217	13720.00000005	13914.99999976	13769.34198361	5113553.654573	369.09784879	13854.19522583
4381	2018-01-01 00:00:00	13799.99999984	13210.99999982	13799.99999984	13266.72000005	7333345.3439393	541.40139547	13545.11718163
4382	2018-01-01 02:00:00	13628.7995799	13218.01287368	13301.00000004	13369.40498774	5954595.7248829	444.09398841	13408.4132645
4383	2018-01-01 04:00:00	13591.43815183	13229.86326373	13350.00990055	13537.04414313	5589380.8218019	415.88867176	13439.60824455
4384	2018-01-01 06:00:00	13891.99999996	13412.79211077	13519.35180014	13621.87701406	5462156.1187406	398.97930107	13690.32454588
4385	2018-01-01 08:00:00	13760.00000008	13390.92993593	13619.99999987	13570.97169782	4699622.4177006	347.60655631	13519.94757403
4386	2018-01-01 10:00:00	13599.99999994	13036.92815333	13577.0	13233.20361876	6546979.4001163	493.01689186	13279.42208109
4387	2018-01-01 12:00:00	13281.99999997	12893.56965857	13245.00239662	12994.93297495	7623566.3263219	582.59949547	13085.43242072
4388	2018-01-01 14:00:00	13300.0	12800.0	12995.73855193	13217.0	7728685.4576734	592.92694805	13034.80215073
4389	2018-01-01 16:00:00	13216.99999984	12951.00000003	13216.99999984	13010.0	5438882.6229071	415.98638816	13074.66488738
4390	2018-01-01 18:00:00	13274.06313447	12950.85575403	13013.99999992	13220.90766079	6628756.8668625	505.02467931	13125.60977399
4391	2018-01-01 20:00:00	13630.00000003	13208.67000001	13259.07182761	13501.13121021	9462487.3690167	702.22808307	13474.9486629
4392	2018-01-01 22:00:00	13629.99606984	13250.23912591	13502.13121	13351.7394064	6364604.608756	472.77681749	13462.17575249
4393	2018-01-02 00:00:00	13923.8701209	13365.71449731	13400.71449717	13617.00000003	8169078.6452305	594.3718296	13744.05420715
4394	2018-01-02 02:00:00	13650.0	13214.70198015	13617.0	13335.44332961	6299654.532068	467.68600362	13469.83763317
4395	2018-01-02 04:00:00	13384.99999996	12875.0	13335.4433296	13079.16846938	8072077.8270343	614.31686176	13139.92554902
4396	2018-01-02 06:00:00	13374.0	13007.73924439	13079.16846934	13350.7	3305379.4456338	250.05120767	13218.81016466
4397	2018-01-02 08:00:00	13550.71909264	13325.19877047	13350.7	13497.99999992	5550675.0983398	413.03543807	13438.73814865
4398	2018-01-02 10:00:00	13700.33815717	13400.5091172	13497.99999989	13524.80958873	5486918.0388375	404.52388804	13563.89128321
4399	2018-01-02 12:00:00	13998.00000014	13489.32978823	13524.80958867	13953.31939007	8439570.4520721	615.20865232	13718.22457347
4400	2018-01-02 14:00:00	13977.319379	13583.0	13953.31939007	13735.5795016	6660270.2909432	483.24524041	13782.38156115
4401	2018-01-02 16:00:00	13899.24556068	13609.84896185	13735.5795016	13890.99999977	7425798.0681487	539.13631616	13773.50745176
4402	2018-01-02 18:00:00	15325.0	13859.2542573	13893.73000007	14831.65720003	29054325.835277	1972.71917206	14728.05974959
4403	2018-01-02 20:00:00	15249.39470132	14720.27338127	14820.00000045	14772.29481431	11112425.92815	742.19746335	14972.33078376
4404	2018-01-02 22:00:00	15050.70607237	14000.67705648	14772.29481431	14738.00000001	9647900.535807	656.68551626	14691.81259052
4405	2018-01-03 00:00:00	14987.10000001	14674.10136356	14731.20000023	14789.74700007	7171347.9966827	484.26524956	14808.7189886
4406	2018-01-03 02:00:00	15280.0	14617.85128976	14846.28957256	14820.26932	10367842.626435	691.93354906	14983.87040275
4407	2018-01-03 04:00:00	15190.99999999	14820.0	14820.26932	15119.96969909	5012290.6293204	332.54184858	15072.66123263
4408	2018-01-03 06:00:00	15440.725015	15050.0	15087.6971226	15249.12694704	6898882.1372546	451.50465106	15279.75873793
4409	2018-01-03 08:00:00	15300.56347375	14691.16150769	15274.563474	14774.0	11149458.15356	743.52976148	14995.30850166
4410	2018-01-03 10:00:00	14924.56672406	14476.14012492	14807.17800023	14869.99999841	11073580.364326	754.0715154	14685.05325844
4411	2018-01-03 12:00:00	14959.53277541	14534.79675245	14869.99999841	14888.01000047	7085170.2499713	479.92306732	14763.13753689
4412	2018-01-03 14:00:00	15128.87968334	14715.68149792	14898.99999997	15076.29546095	12859471.717613	859.10178825	14968.50768266
4413	2018-01-03 16:00:00	15217.97710163	14887.0	15076.29546095	14900.0	8027036.1977473	532.51437004	15073.83959825
4414	2018-01-03 18:00:00	14951.75400878	14716.95299221	14900.0	14761.28755651	10208729.241054	688.42418148	14829.12645384
4415	2018-01-03 20:00:00	15097.14662982	14716.95299222	14761.28755651	15025.077643	9975698.8885975	669.11499607	14908.79586795
4416	2018-01-03 22:00:00	15150.0	14826.18900207	15025.077643	15150.0	6206875.3121236	414.2477512	14983.4858346
4417	2018-01-04 00:00:00	15379.99999999	14924.01639412	15150.0	15303.69816134	11156840.767153	737.99037195	15117.86764598
4418	2018-01-04 02:00:00	15400.00000004	15060.96000004	15303.69816134	15091.53818126	8145700.7817663	535.16826972	15220.82164181
4419	2018-01-04 04:00:00	15078.5394849	14722.0	15070.36909735	14888.99999917	6882970.3737227	462.53471422	14880.98117204
4420	2018-01-04 06:00:00	15052.29232739	14700.99999997	14888.99999917	14771.1500003	6487847.3796529	435.75713143	14888.67745746
4421	2018-01-04 08:00:00	14848.73315724	14083.91135919	14802.7454899	14455.16883171	14515655.164028	1007.92633407	14401.50403196
4422	2018-01-04 10:00:00	14599.99999999	14250.0	14455.16883174	14531.1042005	8981380.2739945	622.4073771	14430.06719464
4423	2018-01-04 12:00:00	14623.54976205	14172.69397638	14539.99999978	14545.66625722	6834074.1672306	472.75192575	14455.94146737
4424	2018-01-04 14:00:00	14655.0	14330.3473933	14545.66625722	14449.14448982	8200666.8144554	565.12691278	14511.19497054
4425	2018-01-04 16:00:00	14750.0	14350.00000002	14479.99999996	14730.38468603	6133353.7896645	421.22533366	14560.74290777
4426	2018-01-04 18:00:00	15064.37	14680.64444794	14730.38468602	14990.57200279	12519496.374995	840.74210844	14891.00670623
4427	2018-01-04 20:00:00	15126.60980031	14633.18949809	14989.99999993	14856.84810829	14687817.852622	980.5377275	14979.35004507
4428	2018-01-04 22:00:00	15217.39	14785.49619663	14862.84810823	15167.62803252	6639666.2910993	442.77841939	14995.46048392
4429	2018-01-05 00:00:00	15178.0	14800.69135797	15167.62803252	15000.0	5574007.9827709	371.40854133	15007.75389497
4430	2018-01-05 02:00:00	15183.99999988	14772.4649684	15000.0	14947.13999999	8917497.8254766	592.57449768	15048.73709616
4431	2018-01-05 04:00:00	15060.10398487	14779.56374999	14947.14	15033.36299914	4576753.6803964	307.01183975	14907.4175254
4432	2018-01-05 06:00:00	15066.04335202	14821.81710933	15033.36299914	14948.99999555	5021531.592967	336.07994509	14941.47944954
4433	2018-01-05 08:00:00	16118.56818701	14902.23188025	14948.99999555	15900.0	20735514.461374	1321.77624434	15687.61320243
4434	2018-01-05 10:00:00	16270.86533577	15860.44082298	15900.99999999	16102.82321222	14119530.744384	878.59323201	16070.61178024
4435	2018-01-05 12:00:00	16139.99997166	15757.05693544	16104.99999999	16047.99999931	9047168.6344514	566.9425032	15957.82391227
4436	2018-01-05 14:00:00	16164.99999999	15795.2155932	16010.00000018	16039.99999999	9832508.3394637	613.76973868	16019.86497511
4437	2018-01-05 16:00:00	16755.70802568	16036.8317601	16039.99999999	16420.50400086	18713762.924676	1139.98156695	16415.84694631
4438	2018-01-05 18:00:00	16599.0	16153.75933657	16420.50400087	16444.99999996	8629577.1618591	526.12539996	16402.12991525
4439	2018-01-05 20:00:00	16907.0	16276.42806814	16445.0	16703.78771502	10677672.784685	641.04338982	16656.70835118
4440	2018-01-05 22:00:00	17108.0	16683.52289501	16703.78771502	16924.0	11226409.674542	663.58261887	16917.87782757
4441	2018-01-06 00:00:00	17062.18999992	16621.44673294	16923.99999996	17016.0	9226326.5420806	546.80485727	16873.16127392
4442	2018-01-06 02:00:00	17105.53248844	16511.555	17015.99999999	16580.97069499	9874143.9946864	588.50944565	16778.22517152
4443	2018-01-06 04:00:00	16700.0	16372.00177263	16555.00000011	16603.48515287	6953043.3010405	420.54024883	16533.59772431
4444	2018-01-06 06:00:00	16698.9999972	16388.98709995	16647.0	16513.24644196	4130499.5285049	249.63599773	16546.08937038
4445	2018-01-06 08:00:00	16699.0	16325.00000031	16509.01999986	16377.99999992	5487909.4233488	332.98955601	16480.725369
4446	2018-01-06 10:00:00	16731.39873926	16350.00000005	16363.00000003	16535.00000003	5868138.7789466	353.93661409	16579.63190396
4447	2018-01-06 12:00:00	16573.83756853	16200.0	16544.62853975	16271.00000004	6709847.2923829	409.9940912	16365.71705885
4448	2018-01-06 14:00:00	16690.87799992	16255.2524544	16271.00000007	16622.00427849	5587613.6037958	338.55926946	16504.09280687
4449	2018-01-06 16:00:00	17000.0	16534.15120071	16619.68499989	16939.99998986	6923014.0530487	411.73620304	16814.1980276
4450	2018-01-06 18:00:00	17019.99999999	16651.00000001	16939.99998986	16746.92362323	4789602.5815924	284.41947802	16839.92465964
4451	2018-01-06 20:00:00	16925.0	16700.0	16758.92362392	16850.03853312	3623098.9327921	215.52265496	16810.75677851
4452	2018-01-06 22:00:00	17257.08719135	16840.76750217	16850.03853312	17158.72758957	6951988.2957596	405.57024499	17141.26808274
4453	2018-01-07 00:00:00	17177.44769997	16826.11043683	17158.7275	16970.00000108	5697842.4682584	335.25463801	16995.56642103
4454	2018-01-07 02:00:00	17001.00000008	16625.0	16971.69700113	16744.18719317	5161193.7570729	307.36572225	16791.70246861
4455	2018-01-07 04:00:00	16796.0029971	16460.0	16744.18719313	16640.75419886	5078800.6441381	305.10768641	16645.92820946
4456	2018-01-07 06:00:00	16785.75599976	16390.0	16640.75419887	16716.2126002	5375722.578285	324.68143733	16556.91382449
4457	2018-01-07 08:00:00	16917.71506623	16621.48680873	16752.36799984	16665.0	3608428.3921503	214.93403727	16788.53865112
4458	2018-01-07 10:00:00	16798.99999998	16600.0	16643.20529785	16606.00000003	3909529.6376665	234.11364591	16699.28133608
4459	2018-01-07 12:00:00	16641.99999996	16300.0	16626.99999981	16421.25738183	6711298.2370623	407.44391248	16471.71066125
4460	2018-01-07 14:00:00	16615.65722945	16388.95744	16445.00000037	16480.53542395	4215379.737255	254.98967063	16531.57058025
4461	2018-01-07 16:00:00	16480.58841125	15739.99999999	16477.88437275	15895.0000003	12527264.518076	780.23677881	16055.72161976
4462	2018-01-07 18:00:00	16200.0	15683.8615253	15889.99000007	16102.00000001	10026764.95751	627.16680271	15987.39747414
4463	2018-01-07 20:00:00	16370.80351401	15900.0	16139.99999989	16229.99999985	5989379.3999294	371.11841909	16138.72848083
4464	2018-01-07 22:00:00	16490.0	16152.70061425	16235.0	16174.43357169	4633942.7782994	283.62522118	16338.26060679
4465	2018-01-08 00:00:00	16277.49999996	15709.10903418	16170.7066618	15910.72670012	6646076.2396209	415.68776804	15988.14483033
4466	2018-01-08 02:00:00	16149.20947568	15510.0	15910.72669907	15591.21251879	7245970.0670925	459.20227882	15779.47323282
4467	2018-01-08 04:00:00	15946.99999995	15510.99999896	15639.99999906	15840.99997573	4724352.0587266	300.24904902	15734.77775915
4468	2018-01-08 06:00:00	15956.84476314	15730.60387329	15820.00000004	15904.99999974	3305944.7310142	208.43233952	15860.99709204
4469	2018-01-08 08:00:00	15909.99999983	15155.0	15880.00000004	15155.0	9914185.1922342	642.64570742	15427.13983422
4470	2018-01-08 10:00:00	15498.99999996	15119.0	15155.0	15498.99999988	8012451.2727323	522.46624315	15335.8257644
4471	2018-01-08 12:00:00	15550.00000043	14558.14534658	15498.99999988	14843.02143488	13964339.53128	930.77558064	15002.90706131
4472	2018-01-08 14:00:00	14880.0	13268.188	14810.00000011	14451.00000004	42546041.767813	2989.98775126	14229.50369943
4473	2018-01-08 16:00:00	14980.0	14400.00000001	14475.49740475	14795.99999991	11434775.398559	778.90607198	14680.55752793
4474	2018-01-08 18:00:00	15108.06163472	14664.09829527	14791.0	15092.94012919	7670771.8343769	513.04222246	14951.54102053
4475	2018-01-08 20:00:00	15140.01000086	14500.0	15092.94012917	14870.0	7816078.4294943	527.70064356	14811.57645888
4476	2018-01-08 22:00:00	15000.0	14429.62019023	14870.00000001	14922.81071439	9105246.7548798	618.32101165	14725.75989384
4477	2018-01-09 00:00:00	15309.40025885	14830.92358269	14915.08478054	15260.0	6270723.0939125	414.6849885	15121.65443122
4478	2018-01-09 02:00:00	15427.83421139	15102.0254355	15260.0	15242.40137408	6666920.4036856	437.14247511	15251.13843491
4479	2018-01-09 04:00:00	15332.72669998	14835.0	15242.40137403	14984.61546139	5443276.5255903	359.25036901	15151.76321346
4480	2018-01-09 06:00:00	15224.125459	14772.45405017	15000.89999997	15100.00000007	5127893.8763145	342.10476645	14989.25001696
4481	2018-01-09 08:00:00	15281.77454604	14851.0	15134.64579152	14885.15324997	5098626.3921849	337.21162843	15119.96017433
4482	2018-01-09 10:00:00	14885.15324905	14386.00000011	14885.15324905	14796.99999998	9846546.7063732	673.87844056	14611.75504916
4483	2018-01-09 12:00:00	14890.41080408	14110.83932393	14796.99999999	14125.12900279	8202253.1316375	566.61513126	14475.88085654
4484	2018-01-09 14:00:00	14724.99999997	14110.83932399	14110.83932399	14670.00000006	7261565.5102581	501.91674313	14467.66940862
4485	2018-01-09 16:00:00	14971.9835995	14578.77879952	14691.97092636	14921.62999998	4987705.6482971	335.93152824	14847.38772341
4486	2018-01-09 18:00:00	15000.003002	14662.1602198	14921.62999998	14700.00000032	4713859.5116541	318.30649789	14809.18405028
4487	2018-01-09 20:00:00	14799.26273139	14464.37025946	14685.84805669	14481.12817547	6227890.7093008	425.51784718	14636.02702113
4488	2018-01-09 22:00:00	14579.0	14170.0	14490.0	14388.06253537	9259381.9593645	644.72705852	14361.70831827
4489	2018-01-10 00:00:00	14483.06709873	13852.41261562	14388.06253538	14150.0	8815792.6046139	625.18493513	14101.09570663
4490	2018-01-10 02:00:00	14353.87503037	14042.04438187	14154.56694271	14099.99999987	6043867.2897439	425.05698552	14218.95768246
4491	2018-01-10 04:00:00	14400.0	13999.0	14099.99999987	14130.57500194	6682245.5439706	471.86941617	14161.21773309
4492	2018-01-10 06:00:00	14315.78999996	13998.99999997	14130.57500302	14105.33283076	8302400.2873664	586.38419885	14158.63576073
4493	2018-01-10 08:00:00	14100.33283028	13270.0	14088.88	13675.0	20532200.548855	1512.55637061	13574.502708
4494	2018-01-10 10:00:00	14059.99999996	13591.00388856	13675.0	13976.52284877	6887319.8469177	498.73812126	13809.4915013
4495	2018-01-10 12:00:00	14030.0	13711.0	13983.52284878	13836.14887921	5997035.7125411	431.8816707	13885.830586
4496	2018-01-10 14:00:00	15000.00000006	13500.00000028	13836.14887918	14378.03952289	18644346.789306	1315.15925536	14176.49361727
4497	2018-01-10 16:00:00	14662.75235252	14268.17566007	14380.05082311	14540.09999896	9138062.83754	630.54168532	14492.40082026
4498	2018-01-10 18:00:00	14716.60620666	14256.0	14540.09999896	14337.87243358	5915074.6702944	409.25389207	14453.31317529
4499	2018-01-10 20:00:00	14600.0	14185.36885654	14359.44838301	14485.46479371	4938270.6561222	341.99739184	14439.49800188
4500	2018-01-10 22:00:00	14912.42039637	14225.1829149	14485.46479378	14854.0	7857397.7674078	541.08826318	14521.47145315
4501	2018-01-11 00:00:00	14931.00000004	14384.63947331	14854.0	14479.93639426	5345613.8803033	364.13789959	14680.19090109
4502	2018-01-11 02:00:00	14537.67306156	13051.48251063	14479.93639426	13226.71	15234100.284042	1114.17704429	13672.96190682
4503	2018-01-11 04:00:00	13620.0	12593.46211929	13226.70807678	13098.35688933	27673865.725554	2113.39725573	13094.49307295
4504	2018-01-11 06:00:00	13626.99999993	13036.06457753	13098.3568894	13546.50468573	11166588.05812	834.76730593	13376.8871622
4505	2018-01-11 08:00:00	13841.00020153	13361.0	13538.59641128	13533.63089928	8487337.7699495	620.42483563	13679.88075675
4506	2018-01-11 10:00:00	13598.99386228	13095.0	13549.99999985	13449.99999998	8291777.7010819	623.74179071	13293.60614372
4507	2018-01-11 12:00:00	13900.00697896	13449.99999999	13449.99999999	13690.00000186	8467897.3590617	616.57648303	13733.73391967
4508	2018-01-11 14:00:00	14300.00000099	13575.51882164	13724.99999994	13999.65346376	15166187.700893	1090.08222427	13912.88415059
4509	2018-01-11 16:00:00	14162.806	13600.0	13978.83841417	13605.00000003	8236752.3049729	592.10757772	13910.90507013
4510	2018-01-11 18:00:00	13914.0	13166.0	13630.84150758	13368.05303275	8175370.7169816	603.46182451	13547.45302011
4511	2018-01-11 20:00:00	13592.97474469	13099.99999985	13353.28000174	13450.00000002	6252049.3748932	468.03523574	13358.07413091
4512	2018-01-11 22:00:00	13525.99999992	12886.89475111	13450.00000002	13291.67567771	9302398.8696708	708.97088897	13120.988484
4513	2018-01-12 00:00:00	13435.17049878	12600.0	13255.00000168	13386.60192769	10627994.712443	813.75475132	13060.43951842
4514	2018-01-12 02:00:00	13699.62907267	13272.32601081	13386.60192847	13629.99999999	5969734.1819715	443.07699766	13473.35612884
4515	2018-01-12 04:00:00	13819.90161419	13388.47887466	13629.99999999	13581.94049677	6414886.7501028	471.39972092	13608.16832386
4516	2018-01-12 06:00:00	13800.0	13559.15693145	13564.66958296	13629.09039978	4801398.1079368	350.51583183	13698.09198879
4517	2018-01-12 08:00:00	13664.62286773	13315.00000002	13615.00000003	13489.99999998	5691020.0288527	420.49807778	13533.99772692
4518	2018-01-12 10:00:00	14119.63214537	13489.79313851	13489.79313851	13958.30935093	8741201.9168278	626.89981783	13943.5387732
4519	2018-01-12 12:00:00	14057.63184204	13784.00000003	13949.0	13819.00000003	5060953.986301	363.1713332	13935.44457847
4520	2018-01-12 14:00:00	13967.66293333	13555.0	13819.00000004	13580.00000007	4737889.6514317	343.91845833	13776.2005402
4521	2018-01-12 16:00:00	13699.99999999	13365.92346236	13580.00000007	13587.9762285	5094065.6555984	376.36762917	13534.81346637
4522	2018-01-12 18:00:00	13800.0	13400.99999996	13587.97622838	13749.9999982	3412576.35977	251.06526771	13592.38731385
4523	2018-01-12 20:00:00	13965.52539135	13664.60027406	13749.99999822	13672.76297678	3984341.3335528	288.40776859	13814.95842858
4524	2018-01-12 22:00:00	13851.83999997	13566.79960119	13672.762977	13812.52734302	3098635.1668637	226.18470681	13699.57859028
4525	2018-01-13 00:00:00	14247.0	13758.0	13812.52734302	14120.00000003	7839152.8184299	558.42893186	14037.87012309
4526	2018-01-13 02:00:00	14180.3693359	13922.61117528	14120.00000009	14129.99999994	3127477.188814	222.3247052	14067.15994968
4527	2018-01-13 04:00:00	14247.0	14053.119575	14135.16740947	14200.0	4849303.6185034	343.38664879	14121.99232436
4528	2018-01-13 06:00:00	14373.99999996	14062.090909	14200.0	14348.99999992	3482245.579361	244.76264928	14227.03010285
4529	2018-01-13 08:00:00	14349.41045705	14066.02599357	14349.41045705	14201.86899992	2864324.3570597	201.57820646	14209.49420754
4530	2018-01-13 10:00:00	14292.2689137	14130.7742811	14201.86899993	14250.0	2130055.7861274	149.96501949	14203.68425497
4531	2018-01-13 12:00:00	14586.99681598	14225.00000128	14225.00000128	14530.00000001	5309434.3289998	367.86394059	14433.14699582
4532	2018-01-13 14:00:00	14591.36669224	14150.0	14530.00000005	14245.00000001	4560637.2622745	318.14442269	14335.11618312
4533	2018-01-13 16:00:00	14395.58575161	14200.0	14250.0	14327.20543666	3443656.8280033	241.11181634	14282.40589895
4534	2018-01-13 18:00:00	14364.9999996	14000.1	14327.20543656	14103.4653988	3461832.6848714	243.70886843	14204.78748751
4535	2018-01-13 20:00:00	14268.75607501	14026.99946587	14103.46539879	14203.72932898	3344586.3562645	235.99111019	14172.50994569
4536	2018-01-13 22:00:00	14367.93956295	14143.6698037	14173.41237779	14204.99999789	2171933.6866745	152.47006412	14244.98441192
4537	2018-01-14 00:00:00	14449.0273932	14137.2055424	14178.00000001	14338.21371064	3741444.8274547	262.3637393	14260.52562536
4538	2018-01-14 02:00:00	14391.65407535	14175.00000001	14338.2137106	14229.41831351	1892344.0878013	132.85958683	14243.18811274
4539	2018-01-14 04:00:00	14262.14230691	13586.0	14229.41831351	13799.99999995	6806041.5293955	493.14104704	13801.40949581
4540	2018-01-14 06:00:00	13914.99999994	13664.9999712	13810.03326702	13727.0	2478451.7583048	179.79723831	13784.70426799
4541	2018-01-14 08:00:00	13812.0	13341.0	13727.0	13521.00000008	5651686.1423307	417.85816607	13525.36961401
4542	2018-01-14 10:00:00	13622.73484665	13370.84996928	13548.18380319	13440.62719937	4172116.6618673	308.96127712	13503.68790794
4543	2018-01-14 12:00:00	13640.69825642	13100.0	13449.0	13519.99999994	10305231.335782	774.89045641	13298.95245261
4544	2018-01-14 14:00:00	13534.59097037	12853.99999974	13519.9999999	13089.0	13832299.963645	1058.82995533	13063.7595716
4545	2018-01-14 16:00:00	13381.87864499	12911.00000001	13088.99999942	13320.27000005	6398091.4210438	487.48303772	13124.7467624
4546	2018-01-14 18:00:00	13468.0	13208.65400001	13320.27000006	13268.59334157	3941739.2485689	295.2829654	13349.02351454
4547	2018-01-14 20:00:00	13542.03891559	13221.06249993	13268.59334157	13310.99999945	2917275.9329259	218.21383615	13368.88615495
4548	2018-01-14 22:00:00	13678.92105912	13286.00000083	13300.0	13560.0	3501963.3632008	259.25035301	13508.03700956
4549	2018-01-15 00:00:00	13778.228	13514.68000001	13560.0	13553.7167253	3502105.8742091	256.69888687	13642.85570892
4550	2018-01-15 02:00:00	13623.07697401	13304.02596262	13553.7167253	13469.2494199	3224701.8451337	239.97976316	13437.39073108
4551	2018-01-15 04:00:00	13619.99999997	13444.74170356	13469.24941984	13579.99999987	2108983.2811077	155.65578011	13549.02002108
4552	2018-01-15 06:00:00	13795.9999999	13551.01438995	13579.99999981	13619.99999997	2830616.7286068	206.67225999	13696.16187844
4553	2018-01-15 08:00:00	13751.00000001	13530.0	13603.94633497	13679.99999951	2492616.1230405	183.17068174	13608.16097512
4554	2018-01-15 10:00:00	13840.0	13486.50495695	13673.31765021	13760.67701812	7356637.6559472	538.17010605	13669.72556306
4555	2018-01-15 12:00:00	14210.0	13646.11054223	13773.83942792	14180.0	7122437.3910011	508.25774794	14013.43593849
4556	2018-01-15 14:00:00	14300.0	14042.07520877	14175.00000044	14051.0	5530230.1189833	390.65099953	14156.44686852
4557	2018-01-15 16:00:00	14189.99999944	13899.0	14051.0	13899.0	5177227.7174965	368.59892945	14045.69385272
4558	2018-01-15 18:00:00	13987.30608758	13749.2286	13899.0	13829.55782445	4725542.5727843	340.59259509	13874.47243688
4559	2018-01-15 20:00:00	13980.0	13608.9435885	13857.0680032	13867.6121199	3964566.2430961	287.08929896	13809.52288175
4560	2018-01-15 22:00:00	13924.15213196	13448.0	13889.0	13580.0	5499619.8731133	404.19515902	13606.34770205
4561	2018-01-16 00:00:00	13589.88232828	12670.91000001	13580.0	13050.1108	17473857.231222	1333.99588398	13098.8839179
4562	2018-01-16 02:00:00	13215.72572451	12671.8410033	13067.8925589	12865.18820667	8672166.1323395	669.63833235	12950.52226461
4563	2018-01-16 04:00:00	13123.7267827	12789.94540379	12871.30377158	13123.7267821	6250076.9769913	483.10980657	12937.17679085
4564	2018-01-16 06:00:00	13187.0	12370.00000004	13123.72678038	12394.63999999	7881197.7620508	617.0092308	12773.22504856
4565	2018-01-16 08:00:00	12541.0	10957.867	12394.63999999	11230.07058797	43193874.789037	3703.57329405	11662.75684578
4566	2018-01-16 10:00:00	12097.99999979	10999.99999997	11212.12360332	12065.0	16315187.929158	1399.48288697	11658.01174209
4567	2018-01-16 12:00:00	12080.09999903	11300.18870751	12070.0	11500.0	11753460.379477	1002.58574511	11723.14730864
4568	2018-01-16 14:00:00	12070.76898238	11339.0651813	11480.72991637	12009.3931729	11717137.467821	998.99907435	11728.87720185
4569	2018-01-16 16:00:00	12000.76139449	11057.196842	12000.76139449	11079.00000006	8504800.3421327	741.44246853	11470.61397628
4570	2018-01-16 18:00:00	11666.90114199	10805.0	11079.00018325	11303.33367175	13949783.230369	1249.06972312	11168.13815286
4571	2018-01-16 20:00:00	11432.0000002	10200.99999999	11303.3336717	10552.5	21993399.077268	2055.65153575	10698.99187424
4572	2018-01-16 22:00:00	11412.0	10000.0	10551.44475	11102.69798098	30498299.29493	2852.6761669	10691.11862355
4573	2018-01-17 00:00:00	11600.12523891	10801.00000004	11041.42197477	11014.90770403	13455761.942963	1206.45582627	11153.13271316
4574	2018-01-17 02:00:00	11212.39877143	10222.05094739	11059.99999988	10728.90354723	12876199.023429	1210.06554251	10640.91040615
4575	2018-01-17 04:00:00	11137.00000001	10344.65111115	10712.72492707	10934.35999999	9586472.352939	889.57879792	10776.41730598
4576	2018-01-17 06:00:00	11265.25391399	10798.95824464	10934.35999999	10870.0	6519099.1452684	591.23794941	11026.18523011
4577	2018-01-17 08:00:00	10910.62189603	10100.0	10864.00000144	10301.18619209	9224714.3695238	882.41982868	10453.88382004
4578	2018-01-17 10:00:00	10398.99999999	9693.03240362	10301.186	9959.99999986	16900381.96448	1688.86416401	10006.95160962
4579	2018-01-17 12:00:00	10466.4051331	9759.99999983	9959.99999985	9808.88477972	10772372.377763	1067.12323789	10094.7781805
4580	2018-01-17 14:00:00	9967.8761119	9150.28999997	9820.0	9506.99999983	24048610.618994	2528.99210545	9509.16792787
4581	2018-01-17 16:00:00	10400.0	9477.5761813	9506.99999983	10051.49984642	17013339.028757	1701.81716474	9997.16031854
4582	2018-01-17 18:00:00	10658.08592971	9621.50771184	10068.06744627	10469.99999995	5981950.718158	592.35215678	10098.63921265
4583	2018-01-17 20:00:00	11800.0	10350.0	10468.953	11725.98	17549362.360347	1605.68898918	10929.49037989
4584	2018-01-17 22:00:00	11793.08	10642.09801453	11730.99	11036.11532467	26743562.937678	2389.19129335	11193.5628646
4585	2018-01-18 00:00:00	11567.1011	10745.0	11088.99122314	11418.25932599	12234152.134145	1097.57927854	11146.4860656
4586	2018-01-18 02:00:00	11691.52084378	11110.0	11418.2593262	11206.8146255	13920000.746491	1213.13240622	11474.42824469
4587	2018-01-18 04:00:00	11457.73130358	10733.24103941	11199.99999997	10899.99999982	10513108.791866	957.39552186	10980.9462775
4588	2018-01-18 06:00:00	11238.04365655	10400.0	10918.93466858	10527.13681162	7548939.2833813	695.86743139	10848.24341944
4589	2018-01-18 08:00:00	11385.02797133	10500.74199759	10527.13681162	11155.99999999	5423548.1165886	493.19613264	10996.73691185
4590	2018-01-18 10:00:00	11600.0	11050.00000005	11156.0	11456.00000001	6782385.8600322	595.73448795	11384.91391252
4591	2018-01-18 12:00:00	11888.99999999	11350.0	11456.0	11506.0	11348147.565208	973.01747152	11662.84049091
4592	2018-01-18 14:00:00	11900.0	11400.02	11506.0	11784.48320674	12910959.739476	1102.61599437	11709.38913039
4593	2018-01-18 16:00:00	11784.48320673	11116.88	11758.00000006	11116.88	9791471.4416216	857.1095849	11423.82679428
4594	2018-01-18 18:00:00	11655.34728737	11075.60041772	11116.88	11642.047888	6342993.8273461	556.66727628	11394.58721147
4595	2018-01-18 20:00:00	11805.99999995	11246.10342855	11642.047888	11406.0	8580519.963319	739.41333452	11604.49719085
4596	2018-01-18 22:00:00	11414.08713611	10756.10499263	11414.08713611	11010.00009	14428004.371142	1311.57236137	11000.54011207
4597	2018-01-19 00:00:00	11385.9999999	10944.06417487	11010.00009	11200.0	4220636.067639	377.90981168	11168.36858211
4598	2018-01-19 02:00:00	11213.91402012	10641.0	11199.99999999	10900.69957836	6587084.175939	607.68624518	10839.61374506
4599	2018-01-19 04:00:00	11288.98209799	10774.9481128	10900.69957819	11187.8313927	4681265.0857719	423.02032408	11066.28882655
4600	2018-01-19 06:00:00	11394.29528545	10931.00000001	11180.00000004	11050.00000001	3585896.8339348	321.0791579	11168.26410467
4601	2018-01-19 08:00:00	11700.0	10933.0	11050.00000001	11455.46439584	8006361.8129175	698.36281689	11464.4732212
4602	2018-01-19 10:00:00	11688.450001	11413.08253443	11455.46439696	11525.00362706	4156742.1230178	359.92415877	11548.93891319
4603	2018-01-19 12:00:00	11750.0	11511.00000001	11579.99999984	11551.30999892	4460834.1052778	382.6480124	11657.80027785
4604	2018-01-19 14:00:00	11666.0	11259.31279432	11566.01999999	11364.81205649	5487214.8689707	480.71199384	11414.76588744
4605	2018-01-19 16:00:00	11562.45	11095.99999989	11364.81205629	11155.0	4765396.0030676	420.0345176	11345.24855313
4606	2018-01-19 18:00:00	11236.36081804	10965.0	11156.00000008	11123.00000001	4636787.1501056	417.72154036	11100.18685201
4607	2018-01-19 20:00:00	11334.07035378	10998.7194261	11130.00000001	11203.99999276	5769516.5000152	516.95110845	11160.66182218
4608	2018-01-19 22:00:00	11420.99999998	11050.0	11200.0	11410.53924928	4289337.6918784	382.66309676	11209.17519404
4609	2018-01-20 00:00:00	11645.00000001	11406.70000101	11412.12	11589.99999999	4113709.628638	357.0896055	11520.10466078
4610	2018-01-20 02:00:00	11749.0844665	11484.02981484	11590.739674	11630.00000001	4809925.0528359	413.29588442	11637.96987619
4611	2018-01-20 04:00:00	12652.0351998	11550.0	11630.00000003	12652.03519978	14130994.541025	1162.9153794	12151.35236092
4612	2018-01-20 06:00:00	12670.55682323	12333.0	12652.03519979	12625.23785675	8375136.4837643	669.84596351	12503.07822992
4613	2018-01-20 08:00:00	12750.0	12422.00983011	12625.23785673	12480.129414	7963285.1635704	631.97404518	12600.65223296
4614	2018-01-20 10:00:00	12583.40318815	12305.0	12480.129414	12331.3203949	5185186.0598832	416.23564939	12457.33292542
4615	2018-01-20 12:00:00	12642.0	12270.04194486	12331.32039486	12460.0	6254512.7385771	501.23053647	12478.3154327
4616	2018-01-20 14:00:00	12675.0	12402.0	12472.46	12530.99999946	4702007.2744942	374.84447636	12543.88838846
4617	2018-01-20 16:00:00	12941.78714865	12500.0000001	12501.24999981	12799.99999995	8639610.1541184	677.60003989	12750.30939419
4618	2018-01-20 18:00:00	13400.0	12662.17045718	12799.9999999	12730.00000012	13907309.312341	1075.32857892	12933.0788607
4619	2018-01-20 20:00:00	12923.42609925	12600.0	12730.00000035	12900.0	2388791.8185189	187.51243903	12739.37788274
4620	2018-01-20 22:00:00	12950.99999996	12659.99999708	12900.0	12750.17487957	2978363.2543965	232.797483	12793.79491571
4621	2018-01-21 00:00:00	12750.17487364	12277.718249	12748.89985765	12487.0	6142857.7923201	493.00014231	12460.15419698
4622	2018-01-21 02:00:00	12627.12964087	12383.76952253	12487.00000001	12477.16699395	2810328.8820712	224.36410764	12525.75071668
4623	2018-01-21 04:00:00	12485.16699383	12030.90056972	12478.16699593	12075.0	8574811.8351916	701.28019944	12227.36909161
4624	2018-01-21 06:00:00	12179.99999998	11650.0	12075.00000001	11899.86488767	9461110.8904855	795.59702321	11891.83797132
4625	2018-01-21 08:00:00	12016.99999996	11600.00000039	11899.86488769	11653.5528922	6738687.6990143	571.63415389	11788.46234634
4626	2018-01-21 10:00:00	12134.95669586	11656.5484589	11684.55289218	12134.95669586	5782653.777481	486.91605782	11876.07942808
4627	2018-01-21 12:00:00	12253.4288435	11922.42889063	12135.29526289	11983.22149162	4520567.3886638	374.12185518	12083.14169854
4628	2018-01-21 14:00:00	12050.0	11452.43300299	11986.78692219	11500.0	9479595.7503328	809.2967344	11713.37452308
4629	2018-01-21 16:00:00	11495.47836185	11124.81886247	11495.4756121	11371.0	11524700.692648	1020.91262821	11288.62585709
4630	2018-01-21 18:00:00	11590.73523805	11199.00000001	11371.0	11449.99999996	4171412.9792096	365.85276009	11401.89014341
4631	2018-01-21 20:00:00	11450.0	10950.0	11449.99999992	11293.99999988	5683376.3066546	509.7738068	11148.81979192
4632	2018-01-21 22:00:00	11521.0691428	11123.17915221	11295.0	11510.0	2887793.8909909	255.46465119	11304.08405835
4633	2018-01-22 00:00:00	11690.85661551	11298.72376007	11510.0	11395.97738126	2985554.0406661	259.13620725	11521.17672921
4634	2018-01-22 02:00:00	11567.35685144	11205.00100388	11399.9999994	11475.0754188	3697450.2142382	324.47721804	11395.09958995
4635	2018-01-22 04:00:00	11772.04179472	11350.000001	11475.0754188	11447.2170343	2996706.2730721	258.48511275	11593.34184158
4636	2018-01-22 06:00:00	11775.0	11392.75000001	11450.0	11724.11061575	4666203.8015097	401.32600693	11626.96591034
4637	2018-01-22 08:00:00	11896.06346557	11591.9764959	11725.28302694	11739.09094662	7303607.6079486	619.29371697	11793.44696678
4638	2018-01-22 10:00:00	11789.04094632	11250.00000003	11789.04094632	11276.11449592	5619256.017672	488.55017001	11501.90167277
4639	2018-01-22 12:00:00	11356.92999999	10357.84457511	11256.03968144	10605.3152354	16519340.040372	1526.33015105	10822.91405238
4640	2018-01-22 14:00:00	10837.28168406	10180.0	10590.00000006	10312.71832388	11004755.424985	1044.28421819	10538.08458779
4641	2018-01-22 16:00:00	10719.99999999	10278.01532984	10312.71832392	10547.99999997	7350165.4801341	697.48659759	10538.0741444
4642	2018-01-22 18:00:00	10685.0	10280.00000001	10547.9999992	10576.2725284	6379670.7605346	608.99863523	10475.67332909
4643	2018-01-22 20:00:00	10650.0	9947.99999998	10562.54506	10300.00000016	17195638.447535	1695.25989388	10143.36415885
4644	2018-01-22 22:00:00	10878.0	10289.59017435	10300.00000016	10767.0	6653287.2854466	629.78836532	10564.3223213
4645	2018-01-23 00:00:00	10919.00000018	10592.00000001	10767.0	10639.99999999	3308123.5467584	307.10368872	10772.00850483
4646	2018-01-23 02:00:00	11000.0	10624.7999167	10639.99999999	10839.6583656	3270964.7368948	302.57771662	10810.32923849
4647	2018-01-23 04:00:00	10929.59999995	10259.99999996	10839.65836556	10291.1538505	5008257.2163532	477.04323596	10498.53941702
4648	2018-01-23 06:00:00	10550.0	10113.49255818	10386.7144677	10219.87833048	4976664.1667384	482.80179762	10307.88242974
4649	2018-01-23 08:00:00	10698.9	10155.33909451	10219.87833049	10418.81416168	3946630.2124303	375.06893665	10522.41288676
4650	2018-01-23 10:00:00	10528.33754527	9880.00000009	10418.81416236	10164.12413712	7984066.320328	783.77646987	10186.66243151
4651	2018-01-23 12:00:00	10440.735566	10011.86249249	10154.00000003	10276.22480909	5162997.2802851	504.35658456	10236.79959445
4652	2018-01-23 14:00:00	10800.0	10199.99999997	10276.2248091	10772.3956258	9098510.8140672	868.56956247	10475.28166678
4653	2018-01-23 16:00:00	11400.0	10745.00499993	10750.00000007	11169.99999952	17233838.954411	1549.80066841	11120.03582505
4654	2018-01-23 18:00:00	11366.666	10929.0	11195.05378018	11000.56138967	5490064.453188	492.77077781	11141.21352241
4655	2018-01-23 20:00:00	11195.56138955	10877.9655	11000.56138955	10969.99999999	4253639.3887588	386.58860262	11003.01291846
4656	2018-01-23 22:00:00	11173.85654309	10735.40253332	10969.99999999	10807.7699848	2647612.1873502	241.74465108	10952.1024582
4657	2018-01-24 00:00:00	10910.0	10501.0	10829.99999963	10560.00000167	4299821.8512439	402.31406628	10687.72437166
4658	2018-01-24 02:00:00	10869.82850466	10519.74728022	10582.58783994	10769.56054323	2519415.3342938	235.00139435	10720.85270499
4659	2018-01-24 04:00:00	10812.38085169	10350.0	10777.40419575	10643.3559663	3263007.1876561	308.87144056	10564.28908331
4660	2018-01-24 06:00:00	11095.83	10519.80496981	10635.42798316	10955.99990592	4411549.9763955	404.78256895	10898.56706981
4661	2018-01-24 08:00:00	11020.0	10749.9573746	10919.00000007	11019.21903112	2582612.4804639	237.00192836	10897.01040972
4662	2018-01-24 10:00:00	11213.83574349	10900.0	11019.21903112	11014.40222674	4788798.4709656	434.11803225	11031.09780108
4663	2018-01-24 12:00:00	11430.58269375	10949.39597515	11046.35750942	11318.6425027	8785937.3383446	780.15248357	11261.82063555
4664	2018-01-24 14:00:00	11516.79592154	11048.77530714	11318.64250273	11050.4	8005756.095968	708.36921126	11301.67145707
4665	2018-01-24 16:00:00	11126.11673426	10879.9999993	11050.4	11126.11673163	4512135.206431	409.66971656	11014.08042634
4666	2018-01-24 18:00:00	11246.99999996	11000.0	11120.00000001	11232.87499977	4230963.5883596	380.10833557	11130.94134601
4667	2018-01-24 20:00:00	11326.62862453	11074.10432219	11211.00000013	11213.90570005	3185006.4217137	283.87177765	11219.87697431
4668	2018-01-24 22:00:00	11402.0	11077.05896948	11214.90570001	11388.8	2832003.9141512	253.32353134	11179.39537306
4669	2018-01-25 00:00:00	11467.43	11258.73909267	11388.7838514	11398.13368288	2951484.0766166	259.7243853	11363.90821834
4670	2018-01-25 02:00:00	11722.64501562	11322.64501568	11413.97591833	11635.0	4040884.3703126	349.62902659	11557.6341293
4671	2018-01-25 04:00:00	11634.9554538	11353.40314913	11634.9554538	11567.99999982	3328332.9488649	289.09023183	11513.12836755
4672	2018-01-25 06:00:00	11625.18194338	11375.00000001	11567.99999982	11422.4886464	2960686.5186439	257.24677985	11509.12956177
4673	2018-01-25 08:00:00	11439.62809058	11120.00000001	11420.0	11334.00000025	4155836.8811931	368.6688538	11272.54672684
4674	2018-01-25 10:00:00	11417.25160912	11150.93385997	11334.5450433	11169.00000001	2581125.1207652	228.28632557	11306.52532218
4675	2018-01-25 12:00:00	11291.74538886	11032.90272037	11169.001	11228.99999995	5039006.3970165	453.1753893	11119.32932809
4676	2018-01-25 14:00:00	11288.69164789	10921.00000001	11215.00000218	10970.0	3615447.7989781	325.69956186	11100.56083075
4677	2018-01-25 16:00:00	11133.16094954	10890.0	10969.99999999	10999.99999998	5101551.0748476	465.09510621	10968.83413033
4678	2018-01-25 18:00:00	11304.08080745	10929.52242574	10990.00000004	11227.96535597	4274961.5908614	382.23267871	11184.18656743
4679	2018-01-25 20:00:00	11372.0	11125.98513051	11215.67174174	11287.49997994	3331441.5982867	295.97251685	11255.91535911
4680	2018-01-25 22:00:00	11322.67507065	11064.99999999	11286.25442475	11170.46487644	2614671.9418164	233.8903533	11179.04994765
4681	2018-01-26 00:00:00	11432.9465511	11145.10147804	11167.46487651	11300.0	2128168.6520917	187.95057743	11323.02268602
4682	2018-01-26 02:00:00	11635.62260994	11294.39509174	11295.5245312	11523.37919707	4729600.652586	410.30510347	11527.03345044
4683	2018-01-26 04:00:00	11550.0	11350.51124999	11548.02773678	11350.51124999	2555348.5092595	223.46454927	11435.14046235
4684	2018-01-26 06:00:00	11461.22861606	11029.5208281	11350.51125	11037.98999994	5617610.6349466	499.2941481	11251.10449686
4685	2018-01-26 08:00:00	11053.99999988	10293.1857382	11037.9899999	10475.0300002	16212507.351111	1529.49985821	10599.87502717
4686	2018-01-26 10:00:00	10620.00000001	10354.0155004	10475.0300002	10511.21298758	7167135.798889	683.54748566	10485.20541622
4687	2018-01-26 12:00:00	10758.70400004	10370.00000004	10511.21298755	10519.99999941	9588853.7796688	905.03960405	10594.95489121
4688	2018-01-26 14:00:00	11043.74041705	10500.0	10519.99999786	11023.52899923	6697912.5057383	618.92461028	10821.85518961
4689	2018-01-26 16:00:00	11284.37928656	10959.24051161	11023.52899923	11160.0	5856434.8124023	526.79621517	11117.07837633
4690	2018-01-26 18:00:00	11160.0	10855.23751951	11160.0	10918.00002799	2398559.7201881	218.42054907	10981.38307224
4691	2018-01-26 20:00:00	11030.56138954	10800.0	10915.00000069	10860.0	2630321.1771588	240.96589363	10915.74055371
4692	2018-01-26 22:00:00	11161.80190467	10732.4713222	10879.99999964	11079.309822	2458538.950232	223.95831995	10977.66294541
4693	2018-01-27 00:00:00	11173.80820003	10909.30122087	11079.309822	10959.24124922	2757876.4010072	250.12912918	11025.8105885
4694	2018-01-27 02:00:00	11210.49879212	10877.222835	10953.5233605	11017.00000011	2113018.7709579	190.93914676	11066.45131086
4695	2018-01-27 04:00:00	11300.00000003	11000.20551916	11016.99999857	11244.9999998	3072072.175307	274.82272083	11178.37770483
4696	2018-01-27 06:00:00	11439.93	11129.7629598	11244.99999979	11226.78725316	4100777.5424117	364.10667729	11262.57165326
4697	2018-01-27 08:00:00	11311.99999997	11100.0	11221.36240129	11272.8690759	2551501.7267505	227.84958679	11198.18456858
4698	2018-01-27 10:00:00	11360.0	10824.81809367	11272.99075873	10972.0	3582749.0126906	324.07604353	11055.27262572
4699	2018-01-27 12:00:00	11099.74888399	10904.93224935	10972.53102862	11047.56138954	1643234.2371398	149.28317206	11007.49812898
4700	2018-01-27 14:00:00	11537.04268124	10929.99999966	11047.56138954	11500.41944188	5604516.1053221	495.55305317	11309.6187572
4701	2018-01-27 16:00:00	11603.0	11386.64791194	11519.99999989	11451.60922085	7580639.9450242	659.449679	11495.40319212
4702	2018-01-27 18:00:00	11561.0	11413.37205137	11439.00480034	11500.0	3395287.428553	295.56407237	11487.48358123
4703	2018-01-27 20:00:00	11650.0	11460.61996563	11499.99999999	11582.43817434	4451534.5935577	384.52474471	11576.7181561
4704	2018-01-27 22:00:00	11605.42304205	11378.99999997	11582.43817466	11480.56138879	4079352.3215249	354.92390233	11493.59706332
4705	2018-01-28 00:00:00	11624.20678152	11428.38147366	11480.56138955	11483.99	1764246.5149145	152.9833333	11532.27921537
4706	2018-01-28 02:00:00	11587.35286234	11425.0	11496.98091082	11539.99999985	3607945.3745576	313.34074336	11514.4469751
4707	2018-01-28 04:00:00	12037.94491737	11522.47970501	11539.99999984	11880.56241234	6327956.4799871	534.44059261	11840.33654532
4708	2018-01-28 06:00:00	12200.0	11869.02503994	11880.56241238	11941.99999999	9857284.4191321	816.99468251	12065.29813492
4709	2018-01-28 08:00:00	12035.56138936	11815.3526375	11941.99999997	11925.00000016	4580267.3558102	384.17122819	11922.46326563
4710	2018-01-28 10:00:00	11990.99000075	11830.0	11944.89182402	11990.99000075	4150935.0502657	348.02122082	11927.24696639
4711	2018-01-28 12:00:00	12074.5682561	11660.0001	11990.99000076	11819.0	6621357.1402784	558.43528602	11856.98201034
4712	2018-01-28 14:00:00	11870.0	11697.56692525	11818.99999999	11766.648	1965398.3862939	166.71137545	11789.22782556
4713	2018-01-28 16:00:00	11883.7525913	11717.49243848	11766.64799914	11827.92838921	3556402.4504326	301.0676816	11812.63439347
4714	2018-01-28 18:00:00	11885.0	11731.16756464	11790.00000064	11885.0	1770833.9783668	150.24547971	11786.27125278
4715	2018-01-28 20:00:00	11980.47579557	11845.88343931	11872.39858574	11954.99999877	2584549.6456953	217.03622908	11908.37887596
4716	2018-01-28 22:00:00	11952.6593259	11810.999999	11940.99999966	11849.99989962	2091536.6781344	175.95402226	11886.83640913
4717	2018-01-29 00:00:00	12000.0	11446.75423844	11849.99989962	11532.00000005	7789987.0593174	662.9453006	11750.57286365
4718	2018-01-29 02:00:00	11615.56138951	11440.34416666	11532.00000006	11555.84402409	2266639.1887037	196.53417044	11533.05393982
4719	2018-01-29 04:00:00	11740.0	11520.87713086	11555.8440241	11600.09999973	2987227.9988204	256.92424463	11626.88248095
4720	2018-01-29 06:00:00	11608.17999982	11276.99999604	11579.90000016	11304.50000003	3441333.9430831	302.25599189	11385.49453251
4721	2018-01-29 08:00:00	11471.70276684	11217.54734002	11304.50000006	11371.99999773	2931307.6435594	258.46882794	11341.04900355
4722	2018-01-29 10:00:00	11492.92255743	11113.16756561	11371.99999716	11235.00000001	3512211.5913945	310.39810719	11315.18366265
4723	2018-01-29 12:00:00	11340.0	11193.18807577	11244.87536969	11340.0	1997323.9486418	177.26958854	11267.15510027
4724	2018-01-29 14:00:00	11436.97993406	11251.0	11330.1082929	11396.99999988	2114191.3199281	186.03222878	11364.65081235
4725	2018-01-29 16:00:00	11450.0	11321.24400004	11396.99999973	11401.00000004	1949862.3404619	171.11969335	11394.727879
4726	2018-01-29 18:00:00	11406.32015352	11221.0	11401.00000004	11224.00000003	2510554.3721884	221.73943945	11322.09217456
4727	2018-01-29 20:00:00	11349.07283999	11221.0	11228.0	11313.28699955	1334369.7803071	118.29073043	11280.42557059
4728	2018-01-29 22:00:00	11313.28699955	11100.0	11313.0	11227.0	2926445.6207254	261.59957695	11186.73682444
4729	2018-01-30 00:00:00	11271.32887049	10902.0	11235.46599465	10904.99999909	4108955.1077771	370.56420791	11088.37556371
4730	2018-01-30 02:00:00	11053.49984563	10826.5108069	10904.99999912	10970.39759961	2811185.3814993	256.9413878	10940.95974793
4731	2018-01-30 04:00:00	11086.75274689	10930.17339113	10970.39759961	11004.52958772	1704858.6605949	154.57538572	11029.30232167
4732	2018-01-30 06:00:00	11100.0	10910.00000001	11004.90000018	11097.26587923	1850661.2911225	168.12672121	11007.53811055
4733	2018-01-30 08:00:00	11155.31960521	10892.03013421	11096.88311996	10923.69064425	2523928.7283887	228.57996592	11041.77576643
4734	2018-01-30 10:00:00	11015.56138913	10851.00000001	10938.90599976	11013.00000016	2590550.5365335	237.22463159	10920.24263741
4735	2018-01-30 12:00:00	11065.24314367	10500.0	11015.56138309	10546.43131608	8809111.8032357	825.06109254	10676.92063398
4736	2018-01-30 14:00:00	10655.56138919	10224.42595026	10553.0	10322.99999938	10081217.363816	965.06186193	10446.18771241
4737	2018-01-30 16:00:00	10495.43134942	10222.0	10322.99999932	10227.18606014	5106841.0639526	491.93181897	10381.19687936
4738	2018-01-30 18:00:00	10444.09469609	9850.0	10223.0	10350.0	17988011.440719	1785.23498497	10075.99088756
4739	2018-01-30 20:00:00	10369.5139437	10026.58071741	10325.46243934	10263.18674924	4788641.7944904	468.60880598	10218.84722049
4740	2018-01-30 22:00:00	10543.68019935	10029.03403812	10263.18674929	10181.53934991	5011583.0568339	487.36964835	10282.91990237
4741	2018-01-31 00:00:00	10195.56138955	9700.46388593	10184.66464945	9972.30015854	8802174.7743634	889.16165647	9899.40885362
4742	2018-01-31 02:00:00	10344.18449999	9936.43196466	9971.30292853	10014.59886075	4922208.5166035	488.31585954	10079.96857042
4743	2018-01-31 04:00:00	10099.0	9791.7501656	10014.59886072	10032.30904043	2742425.0921618	275.76003843	9944.96921227
4744	2018-01-31 06:00:00	10299.0	10003.0002001	10003.0002001	10273.99999997	2975103.7486437	292.1133918	10184.75644102
4745	2018-01-31 08:00:00	10349.98913913	10022.45	10269.0	10142.19399398	2427795.1183287	238.1305973	10195.22541771
4746	2018-01-31 10:00:00	10380.0	10109.2499996	10114.73358636	10288.58148394	2821944.1040366	276.43155718	10208.47305866
4747	2018-01-31 12:00:00	10424.62688464	10141.750165	10288.58148394	10149.99999998	3477345.8808164	336.95496249	10319.91294955
4748	2018-01-31 14:00:00	10189.7493518	9879.48889988	10149.99999999	10007.00000011	6025822.3577152	601.56560544	10016.89974164
4749	2018-01-31 16:00:00	10150.0	9848.99523884	10047.9898769	10005.0	2154171.2208728	215.56161924	9993.2967124
4750	2018-01-31 18:00:00	10125.56138936	9978.09866197	10011.1828711	10069.0	2059514.0706527	205.12863175	10040.11021319
4751	2018-01-31 20:00:00	10181.99999999	10051.021	10068.0	10085.89987121	1709208.5036747	168.75427687	10128.38628671
4752	2018-01-31 22:00:00	10281.2044666	10085.91	10100.0	10261.25665107	2199176.1570747	216.24964578	10169.6173843
4753	2018-02-01 00:00:00	10367.78412393	10150.00000001	10261.25665108	10201.85	3097944.7089588	301.38853824	10278.90684579
4754	2018-02-01 02:00:00	10259.24999908	9980.0	10214.89999608	10050.0	2188819.4039468	217.01367109	10086.08993596
4755	2018-02-01 04:00:00	10310.56138955	10009.99999994	10042.00810591	10226.12632041	2303150.8658605	225.37542984	10219.17459012
4756	2018-02-01 06:00:00	10239.13981337	10109.24999959	10226.12632041	10109.24999959	879234.10448512	86.51316982	10163.00878021
4757	2018-02-01 08:00:00	10114.30462459	9607.00000001	10109.24999959	9635.0	5542523.2492846	561.89487651	9863.98609595
4758	2018-02-01 10:00:00	9701.0	9500.0	9635.52499886	9590.0	5350973.2130567	557.92879334	9590.78161394
4759	2018-02-01 12:00:00	9655.56138953	9250.0	9589.99999996	9318.7072904	5952662.5434729	634.14619212	9386.89314458
4760	2018-02-01 14:00:00	9555.0	9263.40291576	9318.70729017	9312.53405687	3443028.8598801	365.93766264	9408.78518773
4761	2018-02-01 16:00:00	9342.13405683	9021.0	9312.53405687	9114.93263848	7839157.2395496	858.54755486	9130.71989451
4762	2018-02-01 18:00:00	9179.99999945	8949.98181818	9119.25810254	8985.37791746	5548248.7632736	614.00712355	9036.13093476
4763	2018-02-01 20:00:00	9519.24999959	8820.0	8985.37791749	9314.99999689	11461237.026584	1241.36553085	9232.76564537
4764	2018-02-01 22:00:00	9372.91216647	9125.00000001	9330.0	9199.57000007	3887556.7778058	420.49626145	9245.16371299
4765	2018-02-02 00:00:00	9211.44851783	8751.0	9199.57000009	8815.159165	6074950.1805085	682.68252936	8898.64603127
4766	2018-02-02 02:00:00	9100.0	8760.00284106	8815.159165	8851.04393852	5263942.8891835	591.1492154	8904.59253273
4767	2018-02-02 04:00:00	8925.79999881	8731.50956464	8861.60642803	8793.94828217	3095845.4288545	351.89508088	8797.63769676
4768	2018-02-02 06:00:00	8921.26167808	8510.0	8793.94828145	8685.01250185	9055900.7964059	1041.17245803	8697.7913472
4769	2018-02-02 08:00:00	8685.01250181	8300.0	8660.14763383	8531.71058931	13115136.151575	1543.75086166	8495.63001213
4770	2018-02-02 10:00:00	8531.67058932	8200.0	8531.67058932	8265.00000174	7212792.8635056	865.76130355	8331.15644454
4771	2018-02-02 12:00:00	9010.56138954	7966.88926862	8265.00000184	9001.0	23011240.138176	2726.23410827	8440.66915176
4772	2018-02-02 14:00:00	9068.0	8569.8132	9001.00000001	9050.00000004	14553401.387493	1645.65391541	8843.53705916
4773	2018-02-02 16:00:00	9196.60038027	8656.345	9050.00000007	8755.20111564	8241116.0919156	919.02345905	8967.25324121
4774	2018-02-02 18:00:00	8862.72249415	8510.19943894	8755.20111568	8672.90819997	5056026.5683627	582.98048709	8672.72006581
4775	2018-02-02 20:00:00	8854.43204613	8534.00000005	8672.86819997	8620.00000033	1996610.4602761	229.95919401	8682.45546289
4776	2018-02-02 22:00:00	9013.66129382	8550.0	8638.91026483	8872.00000009	3524937.7721867	398.29840253	8849.99224148
4777	2018-02-03 00:00:00	8928.05551244	8550.6958887	8890.977208	8681.62927604	1938986.4515858	222.84874598	8700.90806685
4778	2018-02-03 02:00:00	8700.0	8207.79288033	8630.80300301	8340.00000004	4128203.8103565	492.13371005	8388.37845498
4779	2018-02-03 04:00:00	8537.0	8215.09645396	8342.80717482	8522.39999982	3636656.692278	433.29131521	8393.09851044
4780	2018-02-03 06:00:00	8800.0	8419.81150113	8521.54775784	8701.34773554	2127000.5453732	245.55102884	8662.15285442
4781	2018-02-03 08:00:00	9077.24609614	8625.0	8709.99999972	8920.0	4458349.5199046	499.73765425	8921.38001206
4782	2018-02-03 10:00:00	9100.0	8765.99999999	8920.0	9099.99999999	3176079.3153987	355.41846615	8936.16853902
4783	2018-02-03 12:00:00	9309.99999994	8980.0	9100.0	9305.0	5506129.6714436	601.331203	9156.56736915
4784	2018-02-03 14:00:00	9474.47477864	9166.54971168	9306.55821767	9225.99999509	9214860.1789965	984.94487873	9355.71155096
4785	2018-02-03 16:00:00	9403.070237	9091.58452944	9208.99000016	9218.0752462	6077113.9045468	657.20475189	9246.91108375
4786	2018-02-03 18:00:00	9419.44291651	9122.04504972	9218.0752462	9328.02934711	4221164.0889415	454.69769158	9283.4517683
4787	2018-02-03 20:00:00	9497.134812	9080.0	9309.10564126	9155.63504283	4053334.7321437	434.99124322	9318.19845875
4788	2018-02-03 22:00:00	9216.41034089	9025.0	9155.63504266	9216.41034089	2876616.8164057	315.44983183	9119.0944681
4789	2018-02-04 00:00:00	9216.78377343	8915.51903486	9215.56138953	8915.51903489	3038696.2990111	334.05945296	9096.2739479
4790	2018-02-04 02:00:00	9237.25080828	8915.51903482	8923.0	9199.99999999	1882791.0515648	207.06991294	9092.53799759
4791	2018-02-04 04:00:00	9265.56576692	9044.99999991	9199.07999999	9261.85954122	1510377.998269	164.69347549	9170.84294793
4792	2018-02-04 06:00:00	9400.0	9154.08312607	9261.85954162	9193.99998894	2245554.505861	241.60192637	9294.43957504
4793	2018-02-04 08:00:00	9213.30022185	8748.5414656	9212.37889303	8820.00100411	3951765.5109575	442.12907615	8938.03580024
4794	2018-02-04 10:00:00	8968.99922091	8683.26002393	8838.86598027	8702.54586755	5002864.289519	568.22306661	8804.40197432
4795	2018-02-04 12:00:00	8755.59403996	8433.94955313	8702.54586756	8716.1529228	5344074.9168734	621.84922761	8593.8434585
4796	2018-02-04 14:00:00	8888.0	8315.0	8713.8430299	8392.95880682	5694180.9026247	662.9029368	8589.76569045
4797	2018-02-04 16:00:00	8567.0	8197.59076818	8392.95880696	8475.00000001	6376686.7638957	759.97429023	8390.66116561
4798	2018-02-04 18:00:00	8573.50137667	8159.9	8475.00011861	8224.53228995	4261778.3382801	511.48444486	8332.17584837
4799	2018-02-04 20:00:00	8265.19739748	7900.05161	8224.53228997	8102.0	9862141.4660969	1225.58620843	8046.87699507
4800	2018-02-04 22:00:00	8500.19872434	8075.64	8102.0	8168.01000005	4519441.4333226	543.98754982	8307.98689201
4801	2018-02-05 00:00:00	8334.78456401	7928.76294751	8195.26036052	8098.57714714	5665836.3176237	700.89459609	8083.72093212
4802	2018-02-05 02:00:00	8250.0	7812.98885227	8098.57714714	8167.0180647	4972970.2840161	621.85064726	7997.04930103
4803	2018-02-05 04:00:00	8369.99999998	7990.0	8167.0180647	8210.60460983	2045626.1728908	249.54192082	8197.52515396
4804	2018-02-05 06:00:00	8311.98874394	7902.15870044	8210.60460971	7973.00000004	2845041.2280974	353.69043217	8043.87387762
4805	2018-02-05 08:00:00	8053.51000068	7735.98293525	7990.99999997	7850.0	9770886.445326	1241.41032466	7870.79521672
4806	2018-02-05 10:00:00	7928.75521623	7534.66682537	7849.99999994	7550.0	13086416.986727	1691.92238042	7734.64382182
4807	2018-02-05 12:00:00	7800.00000001	7543.74673347	7550.00000013	7670.82150865	7037596.8014781	915.13956766	7690.18961716
4808	2018-02-05 14:00:00	7673.44802812	7200.00000003	7673.44802808	7390.00932574	17106815.190809	2316.08253075	7386.09914097
4809	2018-02-05 16:00:00	7500.714	7088.0	7374.23581465	7088.0	6146487.4707178	841.67203382	7302.7108229
4810	2018-02-05 18:00:00	7229.43602133	6666.6666666	7088.0	6715.1	21208559.878994	3032.06725891	6994.75244708
4811	2018-02-05 20:00:00	7465.72164917	6669.8	6715.1	7135.03436787	21312451.801873	2979.63170978	7152.71344841
4812	2018-02-05 22:00:00	7330.0	6744.55	7135.03436787	6960.0	9184567.9585022	1317.02871851	6973.70363259
4813	2018-02-06 00:00:00	7138.64811656	6460.00000001	6957.00000001	6469.99999994	9054007.8912283	1346.26112279	6725.29848627
4814	2018-02-06 02:00:00	6637.85423664	6208.6434678	6469.9999999	6376.69223703	9706525.4747487	1521.31689487	6380.34423168
4815	2018-02-06 04:00:00	6666.0	6070.0	6376.05456772	6580.0	13595408.899944	2148.76182887	6327.08973013
4816	2018-02-06 06:00:00	6588.40801167	6012.62120401	6580.0	6014.99739162	12155758.634291	1960.268216	6201.06908589
4817	2018-02-06 08:00:00	6962.43282196	6014.30000001	6014.99739159	6698.65671009	17480688.311457	2712.73890976	6443.92582292
4818	2018-02-06 10:00:00	6860.63255598	6287.85616811	6698.65671009	6549.97499967	6747363.6566544	1030.26834657	6549.13225192
4819	2018-02-06 12:00:00	7200.49024141	6457.55000022	6549.97499987	7150.0	10957979.610126	1598.78425687	6853.94515428
4820	2018-02-06 14:00:00	7470.18480755	6890.00000003	7140.04000039	7290.0	18750399.147871	2609.04274799	7186.69679226
4821	2018-02-06 16:00:00	7511.80425325	6804.31086222	7290.0	7041.02861397	19237839.856172	2681.51361599	7174.24656785
4822	2018-02-06 18:00:00	7618.4316166	6975.7470142	7025.99999984	7535.60900803	9557292.6032424	1312.15708568	7283.64973031
4823	2018-02-06 20:00:00	7921.69007689	7454.05577801	7535.60900801	7770.057	16520340.146765	2150.88875915	7680.7041166
4824	2018-02-06 22:00:00	7872.0	7500.0	7760.77600026	7723.99999884	9359510.2605702	1218.57272247	7680.71538775
4825	2018-02-07 00:00:00	7806.0551927	7450.64200007	7719.43699777	7629.0	5349744.9842259	701.91394593	7621.65364464
4826	2018-02-07 02:00:00	7760.0	7222.0	7629.0	7280.74664391	6738432.962633	910.36051587	7401.93895183
4827	2018-02-07 04:00:00	7577.98994061	7200.0	7280.0	7484.49445686	5944101.3895493	801.55806506	7415.68408909
4828	2018-02-07 06:00:00	7788.0	7306.0	7468.5193405	7729.99999985	4422045.7870874	588.91212559	7508.83806757
4829	2018-02-07 08:00:00	8005.0	7622.5005011	7717.39476172	7984.19576495	7940399.8602658	1015.01410659	7822.9453253
4830	2018-02-07 10:00:00	8340.0	7910.0	7984.0	8291.69999706	16867119.557975	2051.85024121	8220.44378249
4831	2018-02-07 12:00:00	8640.0	8117.39780002	8291.69999677	8339.99999996	10678076.922572	1272.76269929	8389.68405385
4832	2018-02-07 14:00:00	8433.99999997	8079.29771547	8339.99999994	8205.56138952	8346732.063157	1013.71133019	8233.83522959
4833	2018-02-07 16:00:00	8386.95507217	7956.0	8205.2	8355.56138955	7076491.4042398	868.5439586	8147.53396667
4834	2018-02-07 18:00:00	8469.26999986	8088.96636701	8355.56138955	8169.00000039	6081355.5625095	728.56308078	8347.05425369
4835	2018-02-07 20:00:00	8270.56138936	7968.00000004	8164.3305952	8107.8414762	4919550.6782635	607.29882126	8100.70842564
4836	2018-02-07 22:00:00	8102.54586173	7537.95986529	8088.16655137	7568.39928201	8536172.227346	1099.91820954	7760.73361938
4837	2018-02-08 00:00:00	7943.23407999	7568.39928203	7584.00167162	7881.1624649	5028727.6067686	648.12832385	7758.8456201
4838	2018-02-08 02:00:00	8147.75571997	7880.97565746	7881.16246512	8000.3603876	3719788.6632699	464.11717553	8014.76191658
4839	2018-02-08 04:00:00	8262.24855996	7962.96721735	8003.93258792	7996.72527077	2464061.7292476	302.93968513	8133.83604129
4840	2018-02-08 06:00:00	8330.31111541	7880.97565746	7996.72527077	8330.31111537	3259781.770008	402.65111763	8095.79714864
4841	2018-02-08 08:00:00	8374.99999999	8153.45000108	8329.99999981	8333.00000023	3409605.5130315	412.44853184	8266.74178671
4842	2018-02-08 10:00:00	8615.56138955	8304.30985647	8333.00000017	8491.54548496	7002955.4880093	823.71891114	8501.63252694
4843	2018-02-08 12:00:00	8700.09999999	8342.75017606	8486.8486022	8450.0	7891040.764613	924.94137462	8531.39559018
4844	2018-02-08 14:00:00	8502.1472753	8217.50436098	8469.99999991	8256.30132774	7798350.4506529	927.78237823	8405.36599275
4845	2018-02-08 16:00:00	8335.56138948	8162.2578156	8225.0	8212.18799602	5241780.6683325	636.31136042	8237.7606222
4846	2018-02-08 18:00:00	8489.57999998	8073.0	8197.07251573	8411.0	5051404.3241174	611.86121382	8255.80084179
4847	2018-02-08 20:00:00	8444.99166133	8171.92979115	8414.31844584	8208.16019246	3366423.2820266	404.46455435	8323.16020234
4848	2018-02-08 22:00:00	8375.99999997	8134.69203651	8208.16019246	8250.0	3558345.0924291	432.18459684	8233.39174613
4849	2018-02-09 00:00:00	8254.28850196	7860.0	8254.28850196	8000.99999999	5333838.3900048	668.00112514	7984.7745599
4850	2018-02-09 02:00:00	8166.73847879	7944.88100823	8000.00000016	8108.58116681	2425816.553637	301.25881349	8052.26750226
4851	2018-02-09 04:00:00	8115.566532	7756.0	8108.58116737	7871.48600066	2963333.4044266	376.58262925	7869.012467
4852	2018-02-09 06:00:00	8075.97122996	7804.69060046	7870.41638282	8000.0	2308710.5327325	289.87932672	7964.38490062
4853	2018-02-09 08:00:00	8348.71871525	7854.72234448	8000.0	8273.62665797	3877285.1583863	477.20504361	8124.987802
4854	2018-02-09 10:00:00	8366.87847891	8162.44796563	8273.62665797	8270.9900002	3183814.9843875	384.92628859	8271.23290552
4855	2018-02-09 12:00:00	8319.99999992	8180.0	8278.74	8275.00000045	2447123.9417521	296.24997773	8260.33460155
4856	2018-02-09 14:00:00	8500.0	8266.0	8275.00000045	8322.1710001	4504732.6533033	536.07550532	8403.16822648
4857	2018-02-09 16:00:00	8710.0	8322.17100022	8334.01000211	8615.0	6587031.0714093	770.30718575	8551.17437986
4858	2018-02-09 18:00:00	8744.99999999	8580.0	8618.00000003	8636.0	3599200.5304748	415.17838314	8669.04606943
4859	2018-02-09 20:00:00	8738.5	8460.18925861	8636.0	8550.0	3671059.0874125	428.14808924	8574.27413474
4860	2018-02-09 22:00:00	8715.5613895	8460.0	8549.99999894	8682.31340707	1944248.3088102	225.91680734	8606.03658356
4861	2018-02-10 00:00:00	8951.94555377	8609.16257128	8682.31340707	8802.0	7358192.9178603	831.36990175	8850.68475821
4862	2018-02-10 02:00:00	9010.0	8764.76532224	8809.26529717	8910.33983796	2927563.8518798	327.71581766	8933.23939254
4863	2018-02-10 04:00:00	8919.28169001	8770.77427322	8910.33983796	8860.91888206	2250828.2037076	254.6837103	8837.73917482
4864	2018-02-10 06:00:00	9069.99999984	8850.00000004	8860.91888205	8950.39081413	4119100.1702575	459.46393081	8965.01312517
4865	2018-02-10 08:00:00	8944.89439989	8573.91999999	8943.99999998	8599.99999994	7774211.6556123	890.37551727	8731.38524681
4866	2018-02-10 10:00:00	8679.67832168	8495.0	8600.0	8648.06603385	4064954.2479926	473.6854245	8581.54808601
4867	2018-02-10 12:00:00	8768.0	8514.40539073	8648.06603378	8718.08300152	3228304.1360604	372.74253317	8660.94917745
4868	2018-02-10 14:00:00	8780.0	8276.16430742	8723.0	8320.40799313	6343334.5660877	749.52083381	8463.18645186
4869	2018-02-10 16:00:00	8477.03998997	8222.0	8320.40799313	8421.99999976	4469884.1402495	535.20348853	8351.74701967
4870	2018-02-10 18:00:00	8458.05316	8247.192969	8421.99999979	8435.0	3889140.8550681	466.38740429	8338.86339831
4871	2018-02-10 20:00:00	8444.63812491	8144.47445801	8435.0	8255.44717333	3918840.9354674	475.71859748	8237.72910335
4872	2018-02-10 22:00:00	8589.4576342	8255.44717527	8255.44717527	8560.42138972	2725779.7224641	320.95211863	8492.79242679
4873	2018-02-11 00:00:00	8560.42138972	8166.96000054	8544.23896512	8236.11133152	2482184.1801217	298.59306651	8312.93308024
4874	2018-02-11 02:00:00	8271.89999877	8000.0	8250.01132775	8023.0	3736546.7830699	460.73429226	8109.98192633
4875	2018-02-11 04:00:00	8151.0	7945.76000395	8023.0	8096.81092518	3336448.7918158	414.02932456	8058.48425195
4876	2018-02-11 06:00:00	8096.81092518	7870.4999999	8096.810925	7886.25930541	3249547.8630705	407.99175695	7964.73901179
4877	2018-02-11 08:00:00	8133.60933419	7805.0	7886.25930541	8126.00000006	4222844.8853375	533.41235679	7916.66115638
4878	2018-02-11 10:00:00	8198.0	7957.53811563	8130.0	8186.00855152	3060853.8974458	378.76232494	8081.19946441
4879	2018-02-11 12:00:00	8360.57744609	8140.00000003	8185.8513372	8271.72068139	4057377.2786326	489.85825201	8282.75784267
4880	2018-02-11 14:00:00	8460.56138951	8220.27137992	8263.36436941	8439.40181157	2567694.7097326	306.68672367	8372.36995134
4881	2018-02-11 16:00:00	8495.56138955	8166.27368421	8439.40181156	8207.05693001	3448127.1399795	415.19681622	8304.80149479
4882	2018-02-11 18:00:00	8425.56138939	8190.46199	8207.05693007	8308.72103143	2116834.1326792	255.13618274	8296.87937612
4883	2018-02-11 20:00:00	8350.0	8209.14006411	8308.72103141	8317.6972381	1336509.8397928	161.76914573	8261.83407077
4884	2018-02-11 22:00:00	8347.68227773	8022.47000022	8302.3102075	8070.0	3157351.1760093	387.15021227	8155.36470326
4885	2018-02-12 00:00:00	8438.07106536	8070.0	8070.0	8401.66777819	2559717.1119757	309.718914	8264.64576837
4886	2018-02-12 02:00:00	8570.0	8296.5104056	8359.6594393	8488.58702677	1896869.0371091	224.19294922	8460.87730996
4887	2018-02-12 04:00:00	8554.56138952	8358.02341548	8488.58702523	8385.10000003	1687823.0728236	199.35852033	8466.27006475
4888	2018-02-12 06:00:00	8539.38528881	8320.0	8385.10000003	8490.60000008	2429726.6514543	287.86371342	8440.54508499
4889	2018-02-12 08:00:00	8817.58751507	8483.35890798	8490.60000008	8800.0	4712278.8963176	539.10565069	8740.91913205
4890	2018-02-12 10:00:00	8845.0	8620.0	8800.0	8645.0	3475574.6978095	397.44958939	8744.69313993
4891	2018-02-12 12:00:00	8794.99999999	8641.71000379	8645.0	8672.80975859	2468674.2257877	283.25714454	8715.31141711
4892	2018-02-12 14:00:00	8706.9111909	8520.0	8680.00000121	8650.67400002	2942529.2463189	342.37537782	8594.45344771
4893	2018-02-12 16:00:00	8769.773532	8625.0	8650.67400002	8769.76999868	1929926.1077954	221.77335029	8702.24535667
4894	2018-02-12 18:00:00	8800.0	8629.59285152	8769.76999849	8795.99999988	2530667.7110608	290.0821694	8723.96850966
4895	2018-02-12 20:00:00	8928.70706097	8739.00000002	8795.99999999	8831.55999994	3409966.3830555	385.12464035	8854.18907488
4896	2018-02-12 22:00:00	9000.0	8740.21	8831.55999997	8910.0	3082531.2488655	345.93386322	8910.75311382
4897	2018-02-13 00:00:00	8943.49999999	8730.000001	8889.00000164	8766.91061866	2281977.0028791	257.99057903	8845.1950899
4898	2018-02-13 02:00:00	8763.3	8655.62205181	8746.7539823	8758.51709954	1998215.8925143	229.33737189	8712.99725834
4899	2018-02-13 04:00:00	8771.83290089	8493.48947986	8758.52000003	8619.0	5467531.2405488	636.20304415	8594.00358238
4900	2018-02-13 06:00:00	8753.13239696	8576.71208606	8608.00000203	8650.01999991	2455846.7827554	283.34203805	8667.42824205
4901	2018-02-13 08:00:00	8649.99999973	8367.56138959	8641.47272086	8431.9640327	4128281.5141411	487.73835047	8464.13145524
4902	2018-02-13 10:00:00	8565.0	8355.0	8431.9640327	8505.0	3117929.1105235	368.29170602	8465.92268997
4903	2018-02-13 12:00:00	8635.50000002	8450.0	8515.34002122	8590.0	2257733.1667924	263.9742246	8552.85462136
4904	2018-02-13 14:00:00	8665.67403774	8457.58814217	8590.0	8479.00000056	2802804.3053897	326.66955534	8579.93730842
4905	2018-02-13 16:00:00	8640.0	8479.0	8479.00000054	8620.45390913	1333963.5779515	155.9786061	8552.22143154
4906	2018-02-13 18:00:00	8666.0	8549.60131413	8620.45390913	8623.5499924	1990833.6242205	231.01817771	8617.64924282
4907	2018-02-13 20:00:00	8731.63377639	8544.87201647	8600.00000678	8544.87201647	2008408.2415886	231.7087684	8667.81285601
4908	2018-02-13 22:00:00	8575.37890259	8474.7	8558.8525792	8500.61835334	1450227.2179625	170.06074559	8527.70116308
4909	2018-02-14 00:00:00	8680.0	8500.6183543	8523.09999763	8636.29	1611424.817677	187.61307159	8589.08605898
4910	2018-02-14 02:00:00	8731.63377639	8628.5532151	8648.7760359	8683.75874997	1579682.9947714	181.66471785	8695.59600492
4911	2018-02-14 04:00:00	8865.29468346	8688.91471829	8700.0	8849.99999639	2591033.9594	294.58708921	8795.47697201
4912	2018-02-14 06:00:00	8900.0	8784.99000004	8837.10362213	8890.4600001	2409046.2022806	272.24364328	8848.86116442
4913	2018-02-14 08:00:00	8900.0	8764.0	8891.3490461	8786.0	2260324.9354563	255.98216864	8830.00932238
4914	2018-02-14 10:00:00	8935.5	8744.72212959	8787.0	8935.49999999	2584788.2235841	292.66805607	8831.80849421
4915	2018-02-14 12:00:00	9299.0	8935.49999998	8935.49999999	9202.99999742	8919469.8415746	973.6284009	9161.06168773
4916	2018-02-14 14:00:00	9300.0	9110.0	9207.56139388	9296.17083893	3958432.2180808	430.41235233	9196.83693242
4917	2018-02-14 16:00:00	9327.78940074	9207.0	9296.51	9299.99897999	3267274.6931547	352.04290184	9280.89922017
4918	2018-02-14 18:00:00	9361.63999984	9159.53236837	9286.00000157	9228.69684699	3201754.0479929	345.46016104	9268.08474341
4919	2018-02-14 20:00:00	9347.90505615	9183.00000003	9228.69684847	9294.72712383	2433948.5364726	262.32483646	9278.37626554
4920	2018-02-14 22:00:00	9485.88887924	9240.0	9285.0	9469.99998292	2446570.4756725	260.23064097	9401.54651486
4921	2018-02-15 00:00:00	9469.99998262	9319.84000301	9456.2142096	9400.49999564	1678742.8471618	178.50584017	9404.41413884
4922	2018-02-15 02:00:00	9710.90912528	9380.00000301	9399.55994567	9659.20997262	4343436.9962121	453.66402455	9574.12702168
4923	2018-02-15 04:00:00	9745.15346406	9619.37333673	9659.20997262	9685.68	2728024.017535	281.83835422	9679.39237753
4924	2018-02-15 06:00:00	9844.0	9654.72810256	9697.99899944	9809.00000067	3118390.7379036	320.66549784	9724.74668746
4925	2018-02-15 08:00:00	9940.1302436	9507.56139	9822.0	9596.07204483	6022814.1566352	615.90680435	9778.77515574
4926	2018-02-15 10:00:00	9751.07150028	9430.56163723	9596.07204497	9591.99999561	8513011.9317026	888.89836446	9577.03633179
4927	2018-02-15 12:00:00	9740.00000005	9574.00000024	9591.99999558	9658.30131001	2738638.6179887	283.25356345	9668.50543602
4928	2018-02-15 14:00:00	9880.0018885	9658.30131001	9658.30131001	9815.0000011	2856822.7000566	291.55755387	9798.4863096
4929	2018-02-15 16:00:00	10050.99501064	9767.24972163	9824.10123441	10050.99501064	5925073.2218033	596.49245641	9933.19053431
4930	2018-02-15 18:00:00	10198.5	9953.1526736	10041.00000031	10083.64335627	5329843.6591748	528.41740751	10086.42709991
4931	2018-02-15 20:00:00	10128.05684273	9833.49015724	10083.64335631	9853.4201678	5421613.8659347	543.59733988	9973.58424736
4932	2018-02-15 22:00:00	10142.10319613	9852.36185512	9853.42016778	10004.0	2928486.5842022	292.31238937	10018.34575165
4933	2018-02-16 00:00:00	10275.0	9985.00000004	10010.0	10274.99999997	2373534.6874129	233.46423847	10166.58783789
4934	2018-02-16 02:00:00	10279.99999999	10014.99999546	10274.99999997	10070.34209788	2425403.3338123	238.73351614	10159.45885197
4935	2018-02-16 04:00:00	10144.0	9914.74008004	10070.34209788	10077.3805506	2450604.5805334	244.75044631	10012.66644241
4936	2018-02-16 06:00:00	10099.99999999	9732.6706464	10088.6810273	9744.99999815	4427146.761818	446.65821283	9911.71019506
4937	2018-02-16 08:00:00	9990.00000001	9712.01512944	9732.6706464	9850.00000074	3794963.5614468	384.48912456	9870.14539303
4938	2018-02-16 10:00:00	9874.35	9674.52416058	9850.00000074	9799.17640057	2685061.9928033	274.8694539	9768.49902637
4939	2018-02-16 12:00:00	9953.56138955	9749.00000005	9799.31	9840.0	2049380.5858256	207.80025188	9862.26227968
4940	2018-02-16 14:00:00	10128.56138951	9837.99999998	9840.0	10040.75000008	2376046.0449602	236.58044912	10043.28994132
4941	2018-02-16 16:00:00	10150.0	10007.678789	10048.74502496	10064.99999778	1832248.423511	181.76862337	10080.11388071
4942	2018-02-16 18:00:00	10064.99999426	9880.0	10064.99999426	10030.0	2430587.0095405	244.54593756	9939.18375333
4943	2018-02-16 20:00:00	10109.99999996	9950.0	10023.99999997	10086.95965652	1282275.398816	127.94972429	10021.71287145
4944	2018-02-16 22:00:00	10215.0	10030.9596568	10066.95965723	10161.00000514	1934981.9807422	190.38600438	10163.46756708
4945	2018-02-17 00:00:00	10341.07582234	10045.0	10161.00000514	10340.56138955	3058026.999881	299.62040913	10206.33744129
4946	2018-02-17 02:00:00	10510.04	10340.56138955	10340.56138955	10468.99999994	4067051.1572512	390.18440142	10423.40786164
4947	2018-02-17 04:00:00	10589.0	10461.1000007	10469.0	10527.9762	2235400.1795598	212.30755452	10529.06565013
4948	2018-02-17 06:00:00	10778.0	10507.56767584	10527.9762	10721.6	4672761.9035822	436.98481763	10693.19050699
4949	2018-02-17 08:00:00	10850.73550013	10634.72324492	10721.6	10664.00000097	4671966.9646776	433.9051099	10767.25500133
4950	2018-02-17 10:00:00	10756.94300001	10603.0	10670.00000006	10675.4696286	2941889.6582954	275.3424055	10684.47721647
4951	2018-02-17 12:00:00	10855.10000002	10600.0	10709.14719993	10670.0	3429681.818229	319.14992484	10746.30307354
4952	2018-02-17 14:00:00	10742.40696786	10512.0	10670.0	10732.5616171	2748959.8155931	258.62048156	10629.31983967
4953	2018-02-17 16:00:00	10849.0	10697.81000002	10733.58467945	10779.0	2526605.2636397	234.26805635	10785.10362447
4954	2018-02-17 18:00:00	10793.99999784	10686.7521856	10778.0	10706.0042561	1827074.315711	170.27569922	10730.09433571
4955	2018-02-17 20:00:00	10830.0	10652.99999949	10700.0	10814.0	2341138.4962966	218.20631196	10729.01363515
4956	2018-02-17 22:00:00	11069.43999976	10740.93357809	10805.10000003	11049.0	6672465.8642132	608.85283454	10959.07826273
4957	2018-02-18 00:00:00	11225.46331188	10950.74737006	11049.0	11170.00000058	4854831.2170262	437.70631062	11091.52666807
4958	2018-02-18 02:00:00	11248.0	10760.00000001	11170.00000066	10792.44933177	5982484.8589343	542.73375938	11022.87218279
4959	2018-02-18 04:00:00	10918.41993755	10400.0	10792.44933177	10414.9999994	6546545.6415325	613.61103289	10668.88515791
4960	2018-02-18 06:00:00	10629.51345745	10381.0	10407.0	10573.00000149	4831998.4810054	460.19965887	10499.78718556
4961	2018-02-18 08:00:00	10580.00000019	10080.0	10576.35319988	10080.00285091	5956145.1292859	578.57959063	10294.42660222
4962	2018-02-18 10:00:00	10580.0	10085.42727566	10099.99999997	10570.0	5073787.4585314	488.04204942	10396.20963923
4963	2018-02-18 12:00:00	10777.6	10386.9997	10560.0	10699.99999997	4529644.4435233	427.03110953	10607.29380702
4964	2018-02-18 14:00:00	10848.0	10582.16570363	10685.00000048	10630.0	2728228.0115978	254.7016628	10711.46525549
4965	2018-02-18 16:00:00	10737.96448848	10444.19184469	10630.0	10737.96448846	3611921.939766	341.358213	10581.03131025
4966	2018-02-18 18:00:00	10850.0	10581.0	10737.96448848	10846.19936004	2526780.3272693	234.85835263	10758.74159455
4967	2018-02-18 20:00:00	10849.99999996	10614.61345209	10849.99999996	10756.48917521	1540259.9989943	143.27039758	10750.72049084
4968	2018-02-18 22:00:00	10756.48917506	10350.56453364	10751.24356301	10379.00000001	3047144.6365506	290.305022	10496.35523201
4969	2018-02-19 00:00:00	10652.84061498	10289.99999911	10399.99999946	10632.95490006	2920594.2352337	280.16712472	10424.4716012
4970	2018-02-19 02:00:00	10655.43141542	10431.68006533	10635.11590003	10516.77110124	1328462.1592017	125.95636396	10547.00308452
4971	2018-02-19 04:00:00	10575.56138942	10400.0	10521.22470001	10479.08844276	1598895.4258708	152.30773958	10497.79499242
4972	2018-02-19 06:00:00	10859.9999991	10435.0	10467.56148954	10820.00000149	4194891.5928549	392.25823049	10694.2092397
4973	2018-02-19 08:00:00	10950.56138955	10719.99990113	10820.00000175	10938.4874037	2596240.6383504	240.06730893	10814.63631979
4974	2018-02-19 10:00:00	11042.24559212	10843.19792754	10928.46779523	10948.32814368	2662593.0249197	243.23666805	10946.5116681
4975	2018-02-19 12:00:00	11000.0	10798.06373301	10940.00000003	10940.40171113	3215530.1694806	295.5110511	10881.25184324
4976	2018-02-19 14:00:00	11200.0	10890.99999947	10947.00009954	11172.596265	3973313.8111994	359.6720104	11047.04757754
4977	2018-02-19 16:00:00	11246.98765432	10898.7233195	11172.596265	10960.01630258	5353421.0151663	483.06902964	11082.10356427
4978	2018-02-19 18:00:00	11190.06432067	10942.2317823	10958.1832632	11127.19892771	2050595.8799234	185.15850694	11074.81321713
4979	2018-02-19 20:00:00	11223.54878619	10990.00000001	11127.19892773	11085.99999997	2286108.9286473	205.46179526	11126.68623261
4980	2018-02-19 22:00:00	11198.18504773	11037.71102213	11070.00000032	11155.99999985	1271730.1956389	114.29083699	11127.14045265
4981	2018-02-20 00:00:00	11500.0	11152.43276121	11178.99999824	11500.0	6139996.5722128	540.11527877	11367.93720443
4982	2018-02-20 02:00:00	11500.96570378	11301.96857184	11500.0	11424.33067561	2378814.7767293	208.06748823	11432.89995455
4983	2018-02-20 04:00:00	11528.97732703	11370.0	11424.0194964	11444.0	2681091.2789839	234.10603176	11452.46561495
4984	2018-02-20 06:00:00	11646.98623218	11422.41668775	11447.56138691	11532.00000004	4809805.9644359	417.15416431	11530.04422811
4985	2018-02-20 08:00:00	11560.0	11200.920001	11542.61025654	11351.90913664	4713042.4453753	415.84694356	11333.59885978
4986	2018-02-20 10:00:00	11453.0	11260.91179564	11333.98220117	11400.44327982	2149930.6278752	189.00443928	11375.02714785
4987	2018-02-20 12:00:00	11600.0	11399.24327999	11400.29100508	11530.50689378	2505781.4360187	217.84313328	11502.68726991
4988	2018-02-20 14:00:00	11584.99999952	11375.84838815	11540.51484394	11510.0	4987982.4604697	434.99477338	11466.76412158
4989	2018-02-20 16:00:00	11725.0	11490.64310756	11500.0	11692.9222369	4018859.5487345	345.25364186	11640.31037321
4990	2018-02-20 18:00:00	11727.43055836	11540.00000893	11692.9222369	11650.00000065	3113150.4098485	267.24442993	11649.07500846
4991	2018-02-20 20:00:00	11749.0	11614.29949393	11650.00000104	11699.0	2119776.8126109	181.18033561	11699.81723167
4992	2018-02-20 22:00:00	11777.0	11080.99999997	11699.0	11217.16508497	11833378.126803	1044.02911845	11334.33724949
4993	2018-02-21 00:00:00	11272.56700835	10855.0	11217.16508497	11082.43529583	10011920.434272	906.02960093	11050.32376866
4994	2018-02-21 02:00:00	11143.54516773	10855.0	11082.43529596	10900.00000015	3906245.8677901	355.11238774	11000.02704115
4995	2018-02-21 04:00:00	10927.60565777	10659.11000006	10900.00000022	10839.99999909	6421768.0963809	596.02695692	10774.29136689
4996	2018-02-21 06:00:00	11128.27176429	10723.50668882	10833.993687	11101.91909641	4060993.9975638	369.2300286	10998.54747177
4997	2018-02-21 08:00:00	11180.02899022	10899.6838412	11101.9190965	11175.00000015	4355101.8622507	395.11573589	11022.34476296
4998	2018-02-21 10:00:00	11184.57708647	10856.56789	11171.59332994	10928.0	3007932.3350283	274.87809933	10942.78642918
4999	2018-02-21 12:00:00	11116.85613267	10698.67405562	10928.0	10728.69976369	4397928.6782865	403.89409722	10888.81642132
5000	2018-02-21 14:00:00	10767.64912291	10370.64912734	10723.50876103	10568.63910051	11398233.398897	1080.38549512	10550.15404259
5001	2018-02-21 16:00:00	10574.56138949	10319.70513051	10568.63910051	10527.0	6544984.8132109	626.28873516	10450.42716845
5002	2018-02-21 18:00:00	10655.69469504	10361.14561127	10527.0	10399.9999993	3641477.1742769	346.66884068	10504.19520581
5003	2018-02-21 20:00:00	10459.56138953	10224.30217055	10399.99999927	10248.67405626	5247507.4812147	509.51113933	10299.10256351
5004	2018-02-21 22:00:00	10549.0	10230.00000001	10250.0	10441.06050012	3382996.2478063	326.34090552	10366.44867555
5005	2018-02-22 00:00:00	10640.0	10229.25	10441.06050012	10613.19740007	3481479.260491	333.20594039	10448.43095058
5006	2018-02-22 02:00:00	10793.3358	10590.55999995	10614.2956001	10711.93500154	2537265.0681551	236.99923859	10705.79417575
5007	2018-02-22 04:00:00	10850.0	10600.0	10713.64280012	10783.0	1582967.6038595	147.12484823	10759.34910318
5008	2018-02-22 06:00:00	10912.0	10540.0	10782.1714401	10622.94909948	2836814.4672586	263.93227165	10748.26677891
5009	2018-02-22 08:00:00	10670.24172128	10303.38	10605.12748071	10340.2	2803830.53323	267.72425332	10472.82978086
5010	2018-02-22 10:00:00	10368.64668597	10059.0	10340.2	10235.21310004	8608630.5298675	846.36736996	10171.26939838
5011	2018-02-22 12:00:00	10322.27631877	9779.08426199	10235.21310087	9887.448472	10678749.249279	1075.45952313	9929.47574465
5012	2018-02-22 14:00:00	10130.02399752	9750.0	9898.4046959	9986.76929999	6522916.2112571	655.64024812	9948.92584761
5013	2018-02-22 16:00:00	10074.0	9722.22419156	9986.6385845	9850.56	4975739.9403051	503.91000138	9874.26311579
5014	2018-02-22 18:00:00	10050.0	9772.19799331	9851.43907169	10019.46799996	4880869.9870488	491.2322001	9935.97322418
5015	2018-02-22 20:00:00	10149.0	9820.44999997	10019.46799996	9862.02090089	6058826.185651	606.21280137	9994.55335149
5016	2018-02-22 22:00:00	9950.12509989	9805.00000001	9880.0	9845.53808217	1607748.725247	162.50337313	9893.63293991
5017	2018-02-23 00:00:00	9826.55515516	9559.9702306	9826.55515516	9690.2736	7116986.3198816	735.74130662	9673.21836608
5018	2018-02-23 02:00:00	9825.0	9622.00000005	9690.2736	9799.99999839	2169452.1879399	222.93803412	9731.18919121
5019	2018-02-23 04:00:00	9990.00000009	9790.0	9796.00990425	9830.9	2761568.2684541	279.38965626	9884.28958115
5020	2018-02-23 06:00:00	9909.99999999	9690.99999946	9820.00000001	9877.64989834	2016124.8332267	205.29088255	9820.82013669
5021	2018-02-23 08:00:00	10165.0	9853.0	9884.99999989	10100.00000001	4142034.6227589	414.51749911	9992.42403915
5022	2018-02-23 10:00:00	10248.0	9929.99999997	10100.00000001	10198.99999993	4416141.6873921	437.51406201	10093.71371311
5023	2018-02-23 12:00:00	10248.0	10115.0	10198.9999998	10217.73449997	4308500.5056731	422.65491409	10193.89663302
5024	2018-02-23 14:00:00	10405.49959884	10198.95050003	10220.0	10300.00000568	4968360.0547358	480.99576387	10329.32185256
5025	2018-02-23 16:00:00	10310.08464736	10037.99	10310.08464736	10121.08449811	4308927.8948829	424.84754684	10142.29204554
5026	2018-02-23 18:00:00	10226.12408201	9990.00000001	10121.08449766	10028.5237977	2436698.180599	241.21266099	10101.8668365
5027	2018-02-23 20:00:00	10027.278	9858.73012848	10025.03719999	9886.00000002	3681863.2525734	371.361349	9914.50311802
5028	2018-02-23 22:00:00	10213.4789575	9886.00000001	9886.00000002	10149.24000003	2655874.1170719	263.00326212	10098.25541958
5029	2018-02-24 00:00:00	10348.0	10086.4137	10148.0	10345.45019938	1763603.4405276	171.71428623	10270.56909036
5030	2018-02-24 02:00:00	10445.0	10311.68798132	10346.48232047	10406.99999999	2465864.5067132	237.49421392	10382.84034803
5031	2018-02-24 04:00:00	10490.0	10360.99999999	10406.99999998	10438.76450233	2104825.8239176	201.76659091	10431.9838801
5032	2018-02-24 06:00:00	10480.0	9930.00000004	10438.76450233	10105.00000135	5460922.3975938	540.73374906	10099.09665724
5033	2018-02-24 08:00:00	10136.56138955	9950.0	10105.00000109	10010.0	1773290.2781951	176.35402922	10055.28643739
5034	2018-02-24 10:00:00	10008.591627	9669.6996014	10008.591627	9770.0	7577917.9785507	774.55881556	9783.52815347
5035	2018-02-24 12:00:00	9811.82148976	9565.0	9760.00000118	9628.40484633	4846448.423125	499.20434804	9708.34577493
5036	2018-02-24 14:00:00	9834.99999999	9590.0	9628.40484636	9744.42999966	3082931.0061374	316.66634991	9735.58133667
5037	2018-02-24 16:00:00	9789.00000158	9603.0	9740.43	9630.0426628	2071090.4358812	213.85771589	9684.43166645
5038	2018-02-24 18:00:00	9726.11686693	9520.0	9625.22764144	9552.93066383	2425618.1446375	252.89628084	9591.35554141
5039	2018-02-24 20:00:00	9582.45310729	9360.00000009	9552.93066633	9479.99998525	4464308.7731188	473.04741927	9437.33881903
5040	2018-02-24 22:00:00	9710.50852324	9418.00000001	9473.80096301	9700.0	3735982.6404927	387.57053855	9639.49079945
5041	2018-02-25 00:00:00	9774.0	9571.18637549	9690.61347383	9760.902513	2849033.0025247	295.4082951	9644.39066127
5042	2018-02-25 02:00:00	9760.90251018	9479.9999006	9760.90251018	9571.62392843	1018507.047167	106.22162944	9588.50897445
5043	2018-02-25 04:00:00	9734.40694753	9551.19390053	9571.62392846	9734.40694567	1292555.4973962	133.3670114	9691.71824297
5044	2018-02-25 06:00:00	9844.99999999	9694.06877771	9729.5397422	9706.664969	2263057.4633083	230.99884667	9796.83446879
5045	2018-02-25 08:00:00	9797.0	9533.77883167	9730.88360839	9617.82847355	2291933.8297695	237.11040085	9666.10415044
5046	2018-02-25 10:00:00	9749.0	9568.34127003	9617.82847355	9648.30447181	1009475.0865655	104.50312303	9659.75998894
5047	2018-02-25 12:00:00	9699.99999997	9400.0	9648.3044721	9455.18628725	1694684.8054092	178.01468444	9519.91579088
5048	2018-02-25 14:00:00	9497.03395728	9247.71854949	9455.98628725	9412.56482792	3520179.8445314	376.07470417	9360.32071686
5049	2018-02-25 16:00:00	9465.69392994	9325.00000001	9401.71000001	9338.95567498	2202309.9188693	234.53067571	9390.28513946
5050	2018-02-25 18:00:00	9512.7873783	9276.62280424	9338.95567498	9453.97444546	2683486.5055691	286.31956647	9372.34761372
5051	2018-02-25 20:00:00	9605.56138948	9440.32163191	9454.81630004	9580.0	2911032.369096	304.84382922	9549.25798086
5052	2018-02-25 22:00:00	9674.57489	9522.069298	9570.69650004	9559.19777954	1260064.3968017	131.11507587	9610.37003899
5053	2018-02-26 00:00:00	9723.0	9525.42058808	9560.19775733	9722.99999952	1669105.1148534	173.12659907	9640.9513259
5054	2018-02-26 02:00:00	9774.02725799	9586.0	9722.99999999	9622.99657835	1221271.4130959	126.08252784	9686.28591144
5055	2018-02-26 04:00:00	9676.32588382	9561.73345834	9612.98528808	9622.00000001	1284314.6226685	133.75400278	9602.06495487
5056	2018-02-26 06:00:00	9622.39320006	9394.84238399	9622.3931991	9465.74859899	1419653.9665001	149.59586279	9489.92799682
5057	2018-02-26 08:00:00	9560.7263541	9358.52927553	9454.67630014	9460.0	4171615.9118328	443.13380463	9413.89681456
5058	2018-02-26 10:00:00	9748.0	9458.67824103	9458.99999999	9736.49999996	1981051.6220714	205.05215946	9661.20828616
5059	2018-02-26 12:00:00	10209.99999999	9635.84056972	9736.49999995	10115.0	7796946.6276931	777.26771723	10031.22406199
5060	2018-02-26 14:00:00	10334.0	10107.5	10107.5	10239.54	5833740.7804908	570.73632984	10221.42883759
5061	2018-02-26 16:00:00	10394.80039051	10130.0	10249.99999995	10198.99999986	5443680.5570032	532.67355312	10219.54351801
5062	2018-02-26 18:00:00	10305.63075352	10173.4676572	10198.9999998	10230.77453598	2020823.8409584	197.51543163	10231.22003319
5063	2018-02-26 20:00:00	10455.0	10166.65914862	10225.65914868	10365.33535504	2970957.2696995	287.76396455	10324.28530217
5064	2018-02-26 22:00:00	10409.0	10255.81585821	10365.33535504	10338.04883746	1631675.950412	157.79100248	10340.74139061
5065	2018-02-27 00:00:00	10424.561389	10156.0	10330.5116	10200.57550945	3702936.1328388	358.56436252	10327.11702527
5066	2018-02-27 02:00:00	10328.56138947	10121.0	10200.57550945	10285.08148814	1751012.0342093	171.18698916	10228.65138759
5067	2018-02-27 04:00:00	10349.99999999	10226.99512669	10270.74916571	10318.92559768	1148706.7310871	111.4719212	10304.89758067
5068	2018-02-27 06:00:00	10659.02150003	10250.0	10318.92559925	10651.0	4535707.0108053	434.68097989	10434.56516536
5069	2018-02-27 08:00:00	10780.0	10650.0	10651.0	10739.99999986	5176797.6028302	483.77133785	10700.91838395
5070	2018-02-27 10:00:00	10745.0001	10591.61660023	10739.99999986	10700.32929064	3442414.3689449	322.00092891	10690.69701319
5071	2018-02-27 12:00:00	10870.0	10640.00000012	10707.98649868	10869.99999918	3001161.7259423	279.5406523	10736.0475167
5072	2018-02-27 14:00:00	10879.0	10490.0	10856.87629793	10570.00000352	6389677.3379357	599.91989497	10650.88421222
5073	2018-02-27 16:00:00	10665.89999999	10552.0	10587.99999982	10576.00000013	2004790.3292293	189.19352241	10596.50617892
5074	2018-02-27 18:00:00	10757.56138942	10568.07489998	10572.12080166	10700.99999828	1838242.1416909	172.20475037	10674.74699589
5075	2018-02-27 20:00:00	10785.52579999	10573.90599824	10683.769298	10745.46000053	1898829.3819951	177.35987602	10706.08203278
5076	2018-02-27 22:00:00	10815.59603966	10566.0	10749.6784	10589.17434034	1962611.6276922	183.24328282	10710.41512402
5077	2018-02-28 00:00:00	10721.61207665	10566.0	10588.1532	10698.9999994	1178082.3665526	110.68342219	10643.71107472
5078	2018-02-28 02:00:00	10973.67405523	10682.99999997	10698.99999928	10900.58849445	2735583.2109934	252.00875004	10855.11201717
5079	2018-02-28 04:00:00	10981.9125902	10885.0	10900.00000307	10959.54633074	1605216.6949618	146.73542833	10939.53050896
5080	2018-02-28 06:00:00	11074.0	10648.1055	10951.5463318	10745.99999739	5498335.379316	506.96098523	10845.67755607
5081	2018-02-28 08:00:00	10795.00000001	10469.32778879	10745.99999747	10599.0	5195977.2939332	489.68084973	10610.94649055
5082	2018-02-28 10:00:00	10650.0	10499.99999999	10599.99999721	10563.20350026	2194813.7021276	207.65023138	10569.76285333
5083	2018-02-28 12:00:00	10600.0	10376.69100068	10563.20350023	10480.33569999	4544489.1272788	434.01172438	10470.89023636
5084	2018-02-28 14:00:00	10571.56138945	10439.00000001	10475.18659999	10505.0	1600579.0814734	152.18247325	10517.49946818
5085	2018-02-28 16:00:00	10532.32355403	10405.0	10519.3739696	10450.97929169	1708577.9741818	163.35733819	10459.14430972
5086	2018-02-28 18:00:00	10570.00000251	10438.21566627	10449.93419351	10548.0	1688942.6834546	160.61112043	10515.72692434
5087	2018-02-28 20:00:00	10698.99999998	10518.94836629	10548.0	10520.0	2259468.4456502	212.48852092	10633.36709139
5088	2018-02-28 22:00:00	10554.73017149	10252.00000001	10520.0	10322.06729641	3516346.6264464	338.34777659	10392.69907988
5089	2018-03-01 00:00:00	10400.0	10201.12439999	10322.06729641	10400.0	1930389.7888777	186.98548874	10323.7411731
5090	2018-03-01 02:00:00	10442.09420648	10280.52430225	10400.0	10362.71244954	1111086.1156727	107.43437049	10341.99866025
5091	2018-03-01 04:00:00	10459.99999999	10346.35118574	10362.71244954	10403.65448408	1428269.2221806	137.13634871	10414.95734439
5092	2018-03-01 06:00:00	10560.0	10328.0	10417.45611151	10536.24637096	2236861.8025448	214.0075475	10452.25660812
5093	2018-03-01 08:00:00	10664.99999999	10536.24637097	10536.24637097	10624.19269966	2119539.3734209	199.41832284	10628.60896248
5094	2018-03-01 10:00:00	10750.0	10616.35905608	10621.91358448	10675.99999247	2588301.7496384	242.00348858	10695.30759587
5095	2018-03-01 12:00:00	10829.99999999	10624.39211769	10675.99999203	10790.0	3015348.6398933	280.84046874	10736.87368996
5096	2018-03-01 14:00:00	10815.99999987	10677.0	10789.99999992	10732.99199692	2266756.6125615	210.99908894	10742.96872061
5097	2018-03-01 16:00:00	10877.4612279	10700.0000016	10732.99199692	10860.36000422	1871611.9745041	173.89413331	10762.93914509
5098	2018-03-01 18:00:00	10960.0	10799.39190551	10861.0010089	10909.0	3453198.1749891	317.02945654	10892.3574884
5099	2018-03-01 20:00:00	11080.0	10879.35431986	10909.0	10926.2754753	3529796.3226744	321.00307772	10996.14479632
5100	2018-03-01 22:00:00	10994.42607601	10820.00000001	10932.27956767	10936.78449799	2266385.3545076	207.85881999	10903.48417554
5101	2018-03-02 00:00:00	11193.00000028	10920.54500017	10934.19799973	11165.55410427	3954765.2082726	356.5277561	11092.44691502
5102	2018-03-02 02:00:00	11179.99999957	11054.80335971	11159.95310012	11120.0	2292270.5209735	206.33623089	11109.39417225
5103	2018-03-02 04:00:00	11150.0	10900.0	11115.00000005	10994.29831359	2353159.2318437	213.7985948	11006.42983198
5104	2018-03-02 06:00:00	11150.36276074	10993.8924	10993.8924	11099.99999934	1932140.1143028	174.26100911	11087.62151769
5105	2018-03-02 08:00:00	11173.0	10871.99999611	11099.99999923	10900.64771951	2393267.0082151	217.03939069	11026.87857999
5106	2018-03-02 10:00:00	10947.94979988	10833.9945991	10903.64772316	10900.02000459	1707656.2742563	156.74637369	10894.39094542
5107	2018-03-02 12:00:00	11045.38118409	10911.34673131	10911.74547046	10967.99999004	1398733.8329829	127.47282054	10972.80053157
5108	2018-03-02 14:00:00	10967.99998985	10777.00000001	10960.99999562	10846.39999996	2748835.5100725	253.90211128	10826.35940368
5109	2018-03-02 16:00:00	10915.00000001	10787.0	10843.81349848	10915.00000001	1838088.3966041	169.53497606	10841.94211319
5110	2018-03-02 18:00:00	10947.0	10849.99	10914.0	10920.557013	1287802.1832214	118.19066759	10895.97181808
5111	2018-03-02 20:00:00	11101.64101708	10888.97470002	10927.9014265	11039.00000963	1970145.4685023	178.66780475	11026.86335268
5112	2018-03-02 22:00:00	11140.0	10970.54514151	11027.78010717	11022.24380591	1557228.2890103	140.86083406	11055.08354683
5113	2018-03-03 00:00:00	11270.22308247	11014.2716	11014.2716	11220.00000001	3777193.5159645	338.82611604	11147.88186964
5114	2018-03-03 02:00:00	11383.0	11218.84049999	11220.00000002	11328.21993917	2255296.9970476	199.40682863	11310.02891196
5115	2018-03-03 04:00:00	11399.0	11306.0	11329.35275729	11358.02260437	2801819.0997376	246.99572643	11343.59343068
5116	2018-03-03 06:00:00	11418.99999704	11314.51000002	11350.0	11315.0	1864231.7073319	163.97387087	11369.07787466
5117	2018-03-03 08:00:00	11380.35129499	11240.71340001	11314.10958307	11338.99999989	2050682.0240077	181.45651221	11301.23134756
5118	2018-03-03 10:00:00	11369.43059999	11290.0	11338.99999976	11290.0	575271.29163328	50.75653114	11333.9363174
5119	2018-03-03 12:00:00	11498.0	11290.0	11290.0	11480.0	1728154.9615491	151.13767089	11434.3098671
5120	2018-03-03 14:00:00	11500.0	11418.0	11479.9999998	11490.18439741	1693894.5455969	147.96306513	11448.09040086
5121	2018-03-03 16:00:00	11538.00000005	11457.0	11490.18439515	11538.00000005	1508809.6349217	131.35207253	11486.75925594
5122	2018-03-03 18:00:00	11539.43999433	11477.32500004	11538.0000014	11479.99000446	951666.62809866	82.71550618	11505.29897051
5123	2018-03-03 20:00:00	11485.99999262	11255.00000001	11479.99	11290.53019999	3162515.3996327	279.02393236	11334.20840601
5124	2018-03-03 22:00:00	11475.0	11285.02829213	11290.53019999	11441.00000065	1369941.7812065	120.33212016	11384.67251624
5125	2018-03-04 00:00:00	11461.0	11342.0	11460.0	11406.93775822	1309118.7267494	114.90022449	11393.52627516
5126	2018-03-04 02:00:00	11407.09998485	11161.87799991	11406.93775827	11180.0	1868514.7418928	166.16256379	11245.10057665
5127	2018-03-04 04:00:00	11271.91113366	11137.22463187	11180.0	11250.0	1286586.4417217	114.95764427	11191.83025967
5128	2018-03-04 06:00:00	11266.06046742	11081.0	11240.00000001	11164.0	1155705.3833473	103.7658467	11137.62784289
5129	2018-03-04 08:00:00	11300.0	11120.00000004	11162.56138953	11280.0	1256448.9311179	111.85779068	11232.55629741
5130	2018-03-04 10:00:00	11284.87224729	11100.0	11280.0	11140.0	1513690.7437873	135.6372152	11159.84828762
5131	2018-03-04 12:00:00	11262.55014795	11140.0	11140.0	11200.00000001	897966.71854409	80.15706313	11202.59005856
5132	2018-03-04 14:00:00	11200.00000001	11075.48434259	11200.00000001	11137.24745655	1679007.5135189	151.0715518	11113.98865976
5133	2018-03-04 16:00:00	11165.56138951	11095.01979568	11137.24745654	11121.6689983	773525.91878368	69.51671202	11127.19368201
5134	2018-03-04 18:00:00	11460.2854344	11095.01979571	11121.66000001	11402.499997	3124977.2420888	275.83665812	11329.08607357
5135	2018-03-04 20:00:00	11532.0	11400.00000004	11401.14	11442.73026921	1361014.5692373	118.62730475	11473.02951968
5136	2018-03-04 22:00:00	11547.36779581	11371.14694129	11442.7302691	11500.60520003	1421365.5543857	124.07460453	11455.73310323
5137	2018-03-05 00:00:00	11536.64349999	11420.81690016	11514.6079455	11469.24229494	1178444.3837761	102.81993892	11461.24376413
5138	2018-03-05 02:00:00	11590.0	11468.09537271	11469.24229494	11568.05507226	2051556.8147192	178.06134228	11521.62950391
5139	2018-03-05 04:00:00	11625.51270569	11476.7322156	11579.99999962	11529.07447241	1908919.7708383	165.04232358	11566.24391508
5140	2018-03-05 06:00:00	11600.0	11513.49172089	11543.32674577	11518.46068895	1558992.4913358	135.02989975	11545.5354275
5141	2018-03-05 08:00:00	11600.06974898	11430.0	11539.99999999	11453.0	1684030.8007889	146.57503337	11489.20632709
5142	2018-03-05 10:00:00	11530.0	11417.0	11459.8538996	11507.00000001	2078006.2108738	181.2181825	11466.87480365
5143	2018-03-05 12:00:00	11571.49346107	11475.20240001	11507.0	11526.36352961	2363104.5892381	205.00155165	11527.25220964
5144	2018-03-05 14:00:00	11555.99	11450.01790018	11538.67249452	11519.99999987	1891381.5644376	164.5242528	11496.06536573
5145	2018-03-05 16:00:00	11553.0	11485.04399997	11510.15089021	11500.0	1338100.867497	116.12146668	11523.2859673
5146	2018-03-05 18:00:00	11690.0	11480.00000006	11500.0	11644.09302804	2919245.8285379	251.15134785	11623.45276475
5147	2018-03-05 20:00:00	11700.0	11527.7666404	11661.77418745	11565.01071041	3669047.7467563	315.34463295	11635.04104202
5148	2018-03-05 22:00:00	11659.2967951	11430.0	11565.01071041	11434.99999889	2260820.6766967	195.07707536	11589.37139345
5149	2018-03-06 00:00:00	11434.99999889	11199.99999999	11434.99999889	11269.99999839	4738708.784567	419.00502168	11309.43196233
5150	2018-03-06 02:00:00	11289.55449997	11176.0	11278.872	11267.11070846	2251304.9724551	200.54037947	11226.19284158
5151	2018-03-06 04:00:00	11340.1101	11250.00000421	11268.82649252	11299.99999995	2324947.205981	206.06104204	11282.80815705
5152	2018-03-06 06:00:00	11342.98988998	11229.76760005	11319.98988972	11285.0	1057565.0560363	93.66141286	11291.36347341
5153	2018-03-06 08:00:00	11309.78918099	11254.65931542	11285.0	11282.00000002	867362.64613667	76.90606448	11278.20870826
5154	2018-03-06 10:00:00	11290.64019493	10865.0	11282.00000002	10940.00000292	8360576.9190112	759.07008176	11014.23586558
5155	2018-03-06 12:00:00	10970.63670488	10799.99999766	10949.69999955	10846.9342	3119239.6015758	287.11996668	10863.88953594
5156	2018-03-06 14:00:00	11038.0	10832.50000025	10842.0000004	10970.65880063	2064803.8715402	188.44714532	10956.93897635
5157	2018-03-06 16:00:00	10986.58060702	10760.0	10970.65880005	10779.9999946	2496154.4468955	229.59617065	10871.93414345
5158	2018-03-06 18:00:00	10874.07676931	10558.97250033	10769.27999852	10717.9999979	4540470.8925738	424.32110707	10700.55393644
5159	2018-03-06 20:00:00	10816.5	10582.29	10717.99999781	10801.0	3101971.2898563	289.75282032	10705.57755548
5160	2018-03-06 22:00:00	10816.49999996	10586.14941288	10801.0	10734.02469622	2353161.671633	219.90313384	10700.90103102
5161	2018-03-07 00:00:00	10893.75963244	10719.57445341	10719.57445341	10855.99999311	1603877.084516	148.25287586	10818.52257645
5162	2018-03-07 02:00:00	10875.0	10674.76167178	10869.75348766	10731.00000107	1155305.0657743	107.44601468	10752.42361678
5163	2018-03-07 04:00:00	10838.33107755	10635.34867569	10745.0	10668.33329824	1543022.3042538	143.57922102	10746.83574191
5164	2018-03-07 06:00:00	10668.3332971	10430.0	10668.3332971	10509.0	4527816.1865031	430.12872283	10526.65387401
5165	2018-03-07 08:00:00	10616.48209984	10421.0	10524.99999995	10474.15575133	2435714.456347	231.51555822	10520.73767773
5166	2018-03-07 10:00:00	10639.97510489	10459.46619294	10474.15575204	10639.97510489	2246673.3346718	212.77402945	10558.96408259
5167	2018-03-07 12:00:00	10674.0994	10524.0	10639.97510489	10547.97289698	2005740.4778561	188.96888008	10614.1311575
5168	2018-03-07 14:00:00	10731.7157	10524.00000023	10540.0	10674.1	2807525.768315	263.56444887	10652.14136562
5169	2018-03-07 16:00:00	10695.01	9424.0	10678.0	9739.07517797	21342563.892481	2155.80387396	9900.04895634
5170	2018-03-07 18:00:00	9912.0	9610.36409059	9739.07517797	9841.70855624	9794174.7487028	1004.65842344	9748.76089245
5171	2018-03-07 20:00:00	9979.99999999	9699.99999999	9841.70855624	9940.99999588	3605399.7811451	366.34063334	9841.65951855
5172	2018-03-07 22:00:00	10100.00000003	9808.7698484	9924.61540123	9909.60413712	4076433.7395426	408.34255909	9982.87748557
5173	2018-03-08 00:00:00	10025.56138922	9800.0	9909.60413712	9843.00000012	5568764.6105483	560.70049387	9931.79901111
5174	2018-03-08 02:00:00	9850.0	9495.99720033	9850.0	9546.10999756	5167926.8073018	536.64874863	9629.99880367
5175	2018-03-08 04:00:00	9814.39763052	9512.68866332	9545.15538668	9790.55179839	2080322.0282677	214.23882398	9710.29428569
5176	2018-03-08 06:00:00	10000.0	9685.0	9780.00000003	9945.0	1695654.6413152	171.71214501	9874.98374804
5177	2018-03-08 08:00:00	10109.77083479	9838.62917334	9953.53138511	10041.00000228	1708205.5151061	171.08897941	9984.31062594
5178	2018-03-08 10:00:00	10070.0	9906.98114	10050.0	9938.16439959	1393992.1431048	139.5519848	9989.05278991
5179	2018-03-08 12:00:00	9970.0242482	9668.3366611	9932.5231	9869.26138149	3346001.7800375	341.93796344	9785.40594432
5180	2018-03-08 14:00:00	9926.68184945	9702.12272098	9883.91073224	9898.95142115	1961143.1917446	199.41408183	9834.52709932
5181	2018-03-08 16:00:00	9898.96142115	9070.00000001	9898.95142115	9285.000006	11687698.104362	1252.30770163	9332.92839223
5182	2018-03-08 18:00:00	9431.99999982	9186.06864368	9291.0	9370.10000005	3464336.1683334	372.15392693	9308.87978775
5183	2018-03-08 20:00:00	9451.12981698	9250.0	9370.10000005	9326.89999813	2752867.6462615	294.2376954	9355.9312396
5184	2018-03-08 22:00:00	9423.32667219	9224.99999544	9326.89999813	9281.94370128	2328029.2823343	250.28972241	9301.3379052
5185	2018-03-09 00:00:00	9410.56138943	8945.62494878	9298.62936256	9102.99999937	5580602.6678462	612.96438955	9104.2852782
5186	2018-03-09 02:00:00	9105.0	8888.0	9100.0	8982.00000087	4582086.3989051	510.16772295	8981.52939274
5187	2018-03-09 04:00:00	8987.07	8475.0	8987.06999999	8481.8573141	9461875.8750901	1092.48182282	8660.9000511
5188	2018-03-09 06:00:00	8870.00000308	8359.32039962	8496.0	8698.00000137	6828460.8674975	789.85065744	8645.25566089
5189	2018-03-09 08:00:00	8830.0	8389.0	8698.00000137	8541.45853941	5476519.2831387	636.74881698	8600.75297683
5190	2018-03-09 10:00:00	8976.31717171	8459.14655573	8541.45853907	8957.63102953	3463947.5721435	394.56674859	8779.11680221
5191	2018-03-09 12:00:00	9032.56138952	8800.00000001	8957.63102952	8920.34340026	3478583.7695201	388.90676711	8944.51849056
5192	2018-03-09 14:00:00	9152.1596	8900.9011	8920.34340008	8939.99999966	4305231.9234762	474.84490445	9066.60655538
5193	2018-03-09 16:00:00	9065.09874129	8650.67959998	8940.89399981	8732.6358001	4656553.2922018	531.71726884	8757.57393089
5194	2018-03-09 18:00:00	8948.9999999	8621.46443445	8742.6358	8765.37757823	2266918.9625427	257.68614657	8797.20929012
5195	2018-03-09 20:00:00	9113.0	8740.80080238	8766.25411775	8992.7644828	2776181.9086456	309.89789444	8958.37615696
5196	2018-03-09 22:00:00	9338.00000074	8929.0	8980.790094	9230.48866747	3615708.6431256	392.96923364	9200.99675395
5197	2018-03-10 00:00:00	9400.0	9212.2131584	9215.90764284	9279.99999888	3045764.6488099	327.4137994	9302.49321925
5198	2018-03-10 02:00:00	9320.97317806	9096.61966224	9279.99999715	9219.82477476	2117181.3293113	229.92312974	9208.21376999
5199	2018-03-10 04:00:00	9358.50608845	9195.20627126	9235.01729878	9330.02180451	1603522.528334	172.56057409	9292.51966615
5200	2018-03-10 06:00:00	9509.99999995	9321.73058364	9342.29999829	9339.7966441	5889354.843724	622.69229497	9457.88938019
5201	2018-03-10 08:00:00	9414.55039999	9210.6877574	9339.7966433	9239.20119836	1496288.2055011	160.92461775	9298.06903643
5202	2018-03-10 10:00:00	9382.4088163	9166.0	9239.20119771	9342.0	2305202.7223362	248.69217496	9269.30138717
5203	2018-03-10 12:00:00	9342.0	9200.00000001	9342.0	9265.22582142	1697673.1192017	183.42255659	9255.5307851
5204	2018-03-10 14:00:00	9500.0	9260.241243	9267.22582142	9348.0000012	3769468.7197363	399.79972395	9428.39250236
5205	2018-03-10 16:00:00	9418.8160997	9145.0	9351.78892624	9147.99999999	2228660.0761762	240.17134415	9279.45873003
5206	2018-03-10 18:00:00	9147.99999986	8960.35576896	9144.36966239	9090.55530984	4411724.4613275	487.74084558	9045.22248096
5207	2018-03-10 20:00:00	9104.54040084	8751.17208215	9090.55531003	8810.88021991	3911587.6913989	442.16775345	8846.38841453
5208	2018-03-10 22:00:00	8883.24688555	8680.0	8815.77469999	8760.7768	2009343.668553	229.29103011	8763.28946487
5209	2018-03-11 00:00:00	8769.0	8443.78491653	8768.99999999	8579.53368989	3969420.370451	463.13108212	8570.83560939
5210	2018-03-11 02:00:00	8739.99999995	8492.80159788	8579.533689	8600.00000004	1907622.5987007	221.16923971	8625.17139002
5211	2018-03-11 04:00:00	8815.0	8571.42857143	8611.5191999	8815.0	1524095.8113484	175.520557	8683.28950977
5212	2018-03-11 06:00:00	8832.0	8647.761	8815.0	8687.9088001	1329037.0887737	151.72077581	8759.7567418
5213	2018-03-11 08:00:00	8800.0	8569.66948082	8699.72749972	8593.11680006	1616663.8727482	186.14125113	8685.14562427
5214	2018-03-11 10:00:00	9088.0	8530.00000002	8600.01	9060.0	2714320.7345131	309.06301838	8782.41838425
5215	2018-03-11 12:00:00	9382.0	9018.46220459	9059.99999981	9201.38940007	4746573.0462141	516.82778509	9184.05159929
5216	2018-03-11 14:00:00	9320.0	9040.0	9201.3894001	9070.37349478	2814273.9907148	306.68622467	9176.39516982
5217	2018-03-11 16:00:00	9650.0	9057.92450018	9058.1999	9610.0000007	5214183.5710569	556.65493422	9366.99425536
5218	2018-03-11 18:00:00	9698.54820479	9547.66494916	9619.65844	9654.99999595	3870681.4719761	402.26214322	9622.28620618
5219	2018-03-11 20:00:00	9654.99999581	9442.99010267	9654.99999581	9514.92400055	2939448.5244469	307.75739855	9551.18719581
5220	2018-03-11 22:00:00	9726.22913411	9422.51243784	9518.70661165	9523.53110032	2401320.0358808	250.8921568	9571.12436876
5221	2018-03-12 00:00:00	9700.0	9471.30359835	9530.0	9533.42	2801246.6103422	292.05395194	9591.53811045
5222	2018-03-12 02:00:00	9610.0	9317.41369498	9534.373342	9420.99999908	2291222.9978158	241.69819454	9479.68602817
5223	2018-03-12 04:00:00	9599.0	9373.8949992	9426.98349775	9542.88730019	2070377.4373931	217.69562477	9510.42281892
5224	2018-03-12 06:00:00	9693.36180149	9523.11902566	9542.88730019	9600.0	2059932.3718545	214.48085873	9604.27137438
5225	2018-03-12 08:00:00	9872.25959998	9502.80181123	9610.36059952	9799.40110006	2812106.3333541	290.13768358	9692.31676028
5226	2018-03-12 10:00:00	9900.00000191	9750.999999	9799.40110018	9833.85904403	2413670.8269759	245.47081288	9832.82207223
5227	2018-03-12 12:00:00	9847.46371113	9682.29726168	9831.79296846	9746.03597514	3662805.1497459	375.51767622	9754.01527463
5228	2018-03-12 14:00:00	9764.9999995	9112.25	9751.43597084	9170.0	8027584.9906814	859.1922207	9343.17699494
5229	2018-03-12 16:00:00	9284.53199999	9030.003	9170.0000004	9170.00000325	4270250.7371863	466.55084554	9152.80891248
5230	2018-03-12 18:00:00	9239.99999996	8850.0	9170.00000377	8925.13621207	4322129.4062429	478.70479668	9028.79903485
5231	2018-03-12 20:00:00	9134.14017238	8777.22362708	8925.13621207	9110.9999992	3411746.1158065	380.93097537	8956.33680745
5232	2018-03-12 22:00:00	9219.67199997	9010.99999994	9110.9999992	9101.30580003	2057072.3469849	225.49811239	9122.34840984
5233	2018-03-13 00:00:00	9260.0	9034.50941747	9127.58779987	9100.09998814	2090909.1843115	227.97144436	9171.80303077
5234	2018-03-13 02:00:00	9172.56729978	8950.0	9100.09999273	9028.99999983	2025090.6401013	223.34292049	9067.18079829
5235	2018-03-13 04:00:00	9443.0	9020.09999998	9034.48490253	9386.00000021	2668776.5250273	285.78291865	9338.47459335
5236	2018-03-13 06:00:00	9478.99999999	9099.07050003	9399.99999862	9208.19999986	3160485.7740972	340.10189827	9292.76134644
5237	2018-03-13 08:00:00	9374.00737442	9043.50639401	9192.00000004	9259.00000001	2103738.2784464	228.51175579	9206.25843153
5238	2018-03-13 10:00:00	9300.0	8882.0	9267.10737285	9041.63889998	2407245.8341573	267.03184442	9014.82682481
5239	2018-03-13 12:00:00	9251.15807129	8829.32583225	9046.5311	9125.82139995	4327437.9407362	477.87958479	9055.49866215
5240	2018-03-13 14:00:00	9179.99999961	8943.82649529	9122.746003	9075.00000195	3706968.6993525	409.40680591	9054.48723821
5241	2018-03-13 16:00:00	9287.41	8966.83365826	9082.99999996	9115.02689969	3182114.6973056	347.44885375	9158.51257807
5242	2018-03-13 18:00:00	9201.69062806	9009.0	9115.02689929	9056.87959967	1508369.8351768	166.0775521	9082.32218083
5243	2018-03-13 20:00:00	9200.0	8997.70033473	9051.08630013	9107.4257995	1268251.6343532	139.53350247	9089.2266868
5244	2018-03-13 22:00:00	9245.00000003	9098.37000015	9098.37000015	9121.00715914	1241567.5663112	135.43613003	9167.18135726
5245	2018-03-14 00:00:00	9350.0	9119.42343126	9125.999996	9289.99999835	1439687.4430056	155.46924253	9260.2718041
5246	2018-03-14 02:00:00	9328.69550298	9210.0	9289.9999944	9250.00000012	897092.47590645	96.6913004	9277.90268819
5247	2018-03-14 04:00:00	9260.61528685	9066.0	9250.00000012	9168.72	1751454.7832408	191.68630712	9137.08866092
5248	2018-03-14 06:00:00	9180.0	9035.0	9169.636872	9069.82390214	2256737.3416675	247.08853824	9133.31455089
5249	2018-03-14 08:00:00	9129.79999663	8875.0	9085.93335642	8900.0	2768922.8980719	307.50838587	9004.3817512
5250	2018-03-14 10:00:00	8994.129609	8607.62217461	8900.0	8676.0	5434010.8955987	620.00816633	8764.41826204
5251	2018-03-14 12:00:00	8735.1299	8577.0	8676.0	8663.56137592	6451915.5571953	747.26426057	8634.04808397
5252	2018-03-14 14:00:00	8789.97754803	8639.0	8665.22838614	8734.31999989	3678652.5300077	423.1253992	8694.00073113
5253	2018-03-14 16:00:00	8731.11352456	8230.0	8731.11352456	8297.60399993	9907799.6816811	1180.67547287	8391.63674468
5254	2018-03-14 18:00:00	8358.26624599	8200.00000001	8300.00000189	8287.87242428	4158097.1745311	503.62748597	8256.29515935
5255	2018-03-14 20:00:00	8337.79647976	7935.0	8276.00999956	7987.35634236	6102704.3813989	754.21515103	8091.4635208
5256	2018-03-14 22:00:00	8280.0	7987.35634236	7987.35634236	8187.99998872	3807809.4480879	465.76845784	8175.32699776
5257	2018-03-15 00:00:00	8249.85216485	8038.00000014	8187.99998827	8117.32589965	1862432.9856992	229.20349363	8125.67450959
5258	2018-03-15 02:00:00	8117.32589876	7750.0	8117.32589876	7869.12756012	4834564.6372116	614.57403377	7866.52928948
5259	2018-03-15 04:00:00	7967.2737306	7709.0013	7897.47069993	7780.10039819	7161427.2215185	912.77890371	7845.74138645
5260	2018-03-15 06:00:00	7940.0	7648.0607857	7777.0	7869.9999994	5592107.9076761	717.64597861	7792.29323977
5261	2018-03-15 08:00:00	8279.05484596	7801.0	7869.99999941	8179.27754886	6082374.8411888	747.721592	8134.54487106
5262	2018-03-15 10:00:00	8275.0	8052.4027	8187.49999943	8248.0	2469154.6115102	302.30751799	8167.69171976
5263	2018-03-15 12:00:00	8437.0	8108.77139347	8239.89000229	8404.36661768	5016309.1720512	606.28727167	8273.81574123
5264	2018-03-15 14:00:00	8418.80499988	7940.8602563	8407.4118	8100.00000274	5206585.4512652	637.75394824	8163.94075745
5265	2018-03-15 16:00:00	8232.24137554	7960.00000001	8109.39419996	8143.92450013	3551104.3297425	438.11873397	8105.34691717
5266	2018-03-15 18:00:00	8346.81321499	8070.00000001	8150.0	8220.0	2510772.5966547	306.35541294	8195.62015425
5267	2018-03-15 20:00:00	8310.0	8150.00000022	8218.6711	8307.4793798	2235976.6395466	271.39261269	8238.9001579
5268	2018-03-15 22:00:00	8370.0	8224.17372491	8307.47937981	8259.8224	1146225.8959265	138.04053733	8303.5455968
5269	2018-03-16 00:00:00	8326.5999	7906.94368489	8250.0	8000.0	2594864.4770399	320.97872285	8084.22581409
5270	2018-03-16 02:00:00	8150.0	7965.28510001	8000.20680194	8017.96270006	1277538.3034042	158.40433066	8065.04656836
5271	2018-03-16 04:00:00	8251.00388855	8012.14510007	8024.69389986	8188.75000023	3336037.2589054	406.72395247	8202.21488959
5272	2018-03-16 06:00:00	8290.0	8159.40017151	8192.66627214	8249.00000001	2285335.4571121	277.91830173	8223.04771901
5273	2018-03-16 08:00:00	8280.0	8042.33919862	8249.0	8184.0	2196650.1617531	269.21145512	8159.57166746
5274	2018-03-16 10:00:00	8218.0898042	8066.89565	8186.7676188	8201.35620131	1515840.1875992	186.34911134	8134.41060544
5275	2018-03-16 12:00:00	8517.61711163	8143.62928027	8207.51840974	8450.08096653	4823442.8443371	576.83985618	8361.84045304
5276	2018-03-16 14:00:00	8578.99	8420.0745434	8450.08096653	8540.15988528	3365470.4092807	395.01563635	8519.8409875
5277	2018-03-16 16:00:00	8570.00007778	8439.85361869	8542.3447	8440.0	4476740.9178079	525.18099572	8524.18681233
5278	2018-03-16 18:00:00	8589.58559982	8439.85361813	8440.0	8540.0	1506973.5172223	177.07473387	8510.38137563
5279	2018-03-16 20:00:00	8572.50180394	8457.80682927	8544.89739825	8508.3199	1339762.9060424	157.59844098	8501.11776303
5280	2018-03-16 22:00:00	8543.59999964	8250.2137	8508.3199	8258.66373104	1574829.294459	187.33736819	8406.38101023
5281	2018-03-17 00:00:00	8318.5749	8050.0	8258.66373104	8135.6687	3476487.5679779	425.24507193	8175.25656958
5282	2018-03-17 02:00:00	8233.00000014	8105.91277961	8144.99999957	8199.99999934	1707015.9950798	209.4513139	8149.94168952
5283	2018-03-17 04:00:00	8211.59999958	8096.63857257	8199.99999935	8155.0	1546249.0986778	189.54829826	8157.5467196
5284	2018-03-17 06:00:00	8233.00000014	8122.84735765	8153.56190322	8187.5	889175.38153344	108.60304265	8187.38922811
5285	2018-03-17 08:00:00	8353.70899998	8150.40503588	8193.49999985	8268.7101961	1379967.6141165	166.89674911	8268.39121477
5286	2018-03-17 10:00:00	8295.75219994	8177.5181664	8256.00000212	8177.5181664	1941509.5076307	235.30678114	8250.97134143
5287	2018-03-17 12:00:00	8181.70224218	7915.00000011	8181.70224218	7981.09580012	4229586.5990713	528.38538216	8004.73809813
5288	2018-03-17 14:00:00	8042.63640069	7831.00388929	7981.09580034	7894.19999216	5560864.4581516	703.16670575	7908.31592661
5289	2018-03-17 16:00:00	7978.28975762	7849.16670415	7894.2	7918.38222887	1911241.5636086	241.82588553	7903.37874466
5290	2018-03-17 18:00:00	7958.98793754	7723.14847086	7918.3822225	7812.0	4325525.100946	553.02249007	7821.60794292
5291	2018-03-17 20:00:00	8050.0	7750.18590543	7815.0	7938.0	2836703.5525531	360.52772006	7868.19818481
5292	2018-03-17 22:00:00	8024.99999701	7803.76780091	7933.11220012	7850.0	3005159.8187413	380.10367572	7906.15826865
5293	2018-03-18 00:00:00	7879.29639891	7650.99999673	7852.75469967	7704.2852	2841253.3473327	366.34100607	7755.76116311
5294	2018-03-18 02:00:00	7711.36199921	7540.0	7703.92083503	7660.2399	6002441.6674591	788.72314738	7610.32776506
5295	2018-03-18 04:00:00	7734.83425	7530.0	7658.13367272	7647.17696792	1912760.2655263	250.41533367	7638.35120435
5296	2018-03-18 06:00:00	7760.0	7642.0000004	7650.66346485	7667.99233033	1107357.5493572	143.77641089	7701.94180326
5297	2018-03-18 08:00:00	7811.66149241	7646.00000015	7667.99233032	7672.60150303	2964833.0429737	382.22172092	7756.84080914
5298	2018-03-18 10:00:00	7815.0972	7537.49884148	7683.06959942	7781.1494513	2280789.099198	297.58832585	7664.24251584
5299	2018-03-18 12:00:00	7817.80861244	7535.8860136	7766.34909732	7594.00000001	3145822.0386195	410.84125557	7657.02566616
5300	2018-03-18 14:00:00	7598.9327035	7321.0	7594.00000001	7371.08368857	8325893.9677365	1121.8791105	7421.38247322
5301	2018-03-18 16:00:00	7523.99999996	7326.00000001	7371.08368857	7473.0	4135434.0861021	557.13146128	7422.72582596
5302	2018-03-18 18:00:00	7566.11480152	7366.8522	7473.0	7453.74590586	4393179.0610094	589.36176064	7454.12979667
5303	2018-03-18 20:00:00	8325.94657268	7453.74590764	7453.74590764	8223.49415244	7772939.2540174	981.13023225	7922.43373868
5304	2018-03-18 22:00:00	8273.80411835	8054.21354436	8230.57289997	8200.0	4387524.2494543	537.62428694	8160.94874438
5305	2018-03-19 00:00:00	8450.0	8102.0	8208.6373	8216.1862	4461306.7158745	537.19796626	8304.77216236
5306	2018-03-19 02:00:00	8284.1137865	8115.00000001	8225.81382613	8177.99999	985876.21848724	120.28820099	8195.95114378
5307	2018-03-19 04:00:00	8349.02161419	8160.51411553	8172.8757	8319.64109976	2168890.2905286	262.14201475	8273.72251867
5308	2018-03-19 06:00:00	8365.85076632	8241.86159649	8319.64110238	8303.9303999	1324214.3940157	159.56332754	8298.98958884
5309	2018-03-19 08:00:00	8403.61269999	8157.65803387	8300.33809999	8190.2	1997521.5568757	241.44871686	8273.06760148
5310	2018-03-19 10:00:00	8359.12	8100.99999999	8190.16268732	8338.68419118	2632721.8715131	321.06008401	8200.0908946
5311	2018-03-19 12:00:00	8600.99999985	8226.80642883	8338.6841904	8534.52929957	3714493.9266818	440.02068135	8441.63486881
5312	2018-03-19 14:00:00	8698.0	8481.96401327	8538.7288	8555.57620025	3962697.300558	460.92106716	8597.34471451
5313	2018-03-19 16:00:00	8623.99999999	8250.0	8556.43310002	8307.007007	3272771.0127034	389.58534539	8400.65226125
5314	2018-03-19 18:00:00	8458.77783471	8280.89740001	8310.0	8374.00000299	1704209.1569814	203.76034855	8363.79192079
5315	2018-03-19 20:00:00	8501.0	8375.0	8375.45150001	8375.0	2564885.3221183	303.95559471	8438.35536097
5316	2018-03-19 22:00:00	8615.27769294	8375.0	8375.0	8611.0	2077615.4832415	244.62252019	8493.14887945
5317	2018-03-20 00:00:00	8609.4422	8407.92178284	8609.4422	8450.6243	2419888.5313919	284.83093755	8495.87671973
5318	2018-03-20 02:00:00	8660.00000001	8435.83290002	8464.59859141	8598.4504001	2017224.9021551	236.07534409	8544.83516663
5319	2018-03-20 04:00:00	8600.50192285	8365.97934387	8590.00000002	8479.90509542	1987886.5004893	234.21882067	8487.30471275
5320	2018-03-20 06:00:00	8539.17130139	8365.0	8479.90509511	8376.09000026	1357197.336507	160.29438328	8466.90513251
5321	2018-03-20 08:00:00	8479.02	8306.81315698	8375.00000001	8448.54009172	1624308.653853	193.91530676	8376.38183902
5322	2018-03-20 10:00:00	8560.0	8429.1343066	8448.54009	8520.0	870221.16506713	102.47746983	8491.82914557
5323	2018-03-20 12:00:00	8600.0	8426.08224416	8520.0	8465.00000002	1724911.9638213	202.38098004	8523.09324463
5324	2018-03-20 14:00:00	8597.45	8435.0	8474.49619829	8507.13509979	1446482.5467749	169.75711657	8520.89488795
5325	2018-03-20 16:00:00	8880.0	8509.74460003	8514.00000021	8879.99998879	8097508.9049972	921.38105575	8788.44735786
5326	2018-03-20 18:00:00	8950.0	8767.79844713	8879.99999063	8948.99999574	4333119.3310524	488.89877502	8863.01940698
5327	2018-03-20 20:00:00	9039.68000007	8842.40725608	8948.99999926	8997.7531	3434295.6548523	383.47565759	8955.70706217
5328	2018-03-20 22:00:00	9018.90265984	8828.90681121	8992.98380001	8886.88859654	1783033.8776872	199.83124818	8922.69799606
5329	2018-03-21 00:00:00	8975.5	8858.99999869	8885.99999656	8975.49997776	1173418.5328359	131.48536913	8924.32778338
5330	2018-03-21 02:00:00	9076.0	8920.0	8975.49997753	9033.53810001	1088707.1061536	121.04888204	8993.9459812
5331	2018-03-21 04:00:00	9152.87339	9025.32595932	9043.99999887	9064.0549757	3468830.4682416	381.31964757	9096.90987691
5332	2018-03-21 06:00:00	9103.50994873	8900.0	9063.14857008	8930.0	3720819.8399572	411.23871666	9047.83447963
5333	2018-03-21 08:00:00	9080.0	8891.75	8930.00899146	9065.0	1491707.1725685	166.31890121	8968.95759721
5334	2018-03-21 10:00:00	9130.12197755	9050.0	9070.00000013	9070.14810468	786027.69318895	86.49028315	9088.04624706
5335	2018-03-21 12:00:00	9099.99999998	8988.59952602	9087.42812888	9009.00000563	2087905.9977396	231.30428007	9026.6639126
5336	2018-03-21 14:00:00	9176.43934596	9008.10000002	9019.99998483	9037.89999998	2700687.3519897	296.29948557	9114.72170393
5337	2018-03-21 16:00:00	9049.99999999	8759.87579422	9047.33047102	8840.192147	6191125.7053805	698.20804322	8867.16468751
5338	2018-03-21 18:00:00	8949.0	8791.71248861	8851.94409399	8850.00000001	1621853.8220282	182.72873406	8875.74595408
5339	2018-03-21 20:00:00	8964.0	8820.94486327	8855.0	8902.00000302	1468035.6285352	165.02625842	8895.7699374
5340	2018-03-21 22:00:00	8934.0341892	8795.21471913	8902.00000319	8905.70096672	1093302.306819	123.31039691	8866.26216617
5341	2018-03-22 00:00:00	9079.15537309	8871.30602806	8896.0	9060.0	1486699.8799581	165.28807397	8994.59860744
5342	2018-03-22 02:00:00	9106.26756362	8985.0	9060.0	9026.25795261	1030670.6541052	113.88342069	9050.2256418
5343	2018-03-22 04:00:00	9048.17500947	8972.3311876	9012.36439174	8994.96498993	986550.14669474	109.58467784	9002.62852563
5344	2018-03-22 06:00:00	9039.28973188	8911.0	8998.98288735	8944.17756968	1085291.5938934	121.16174917	8957.37806137
5345	2018-03-22 08:00:00	9011.71026784	8704.80000001	8956.08996717	8780.0	2148649.7898489	243.50429215	8823.86824017
5346	2018-03-22 10:00:00	8789.56203729	8622.0	8789.56203729	8629.00000193	3967155.334479	456.63546833	8687.79499101
5347	2018-03-22 12:00:00	8765.47081128	8560.72750001	8629.00000209	8596.12272873	2463793.6578443	284.07605851	8673.00704877
5348	2018-03-22 14:00:00	8644.98925817	8480.11254304	8597.13317391	8600.00000001	5960942.6798055	697.58168361	8545.15366423
5349	2018-03-22 16:00:00	8684.0	8560.0	8600.00000001	8677.51394403	1703114.2091363	197.39747015	8627.84212909
5350	2018-03-22 18:00:00	8692.27432053	8558.0	8680.90340625	8603.98826703	1289585.5166202	149.23707327	8641.18739642
5351	2018-03-22 20:00:00	8637.32685409	8530.47483992	8600.0	8609.08293402	1095846.8659618	127.63439568	8585.82719903
5352	2018-03-22 22:00:00	8777.16584992	8601.56916004	8611.93341239	8712.00720381	2630133.6774258	301.15105327	8733.6027846
5353	2018-03-23 00:00:00	8715.70817212	8538.10467468	8700.0	8580.0	1313424.2163234	152.68189962	8602.35705471
5354	2018-03-23 02:00:00	8597.14598662	8331.70267231	8586.7196863	8396.24763159	3021047.9413044	359.26085511	8409.06516347
5355	2018-03-23 04:00:00	8463.57980892	8350.6123319	8405.11135499	8397.17816632	1407438.5292524	167.71373588	8391.9097137
5356	2018-03-23 06:00:00	8465.0	8340.0	8405.76145467	8390.05786309	1370159.1331877	163.12384351	8399.50251113
5357	2018-03-23 08:00:00	8535.80539744	8386.57833339	8386.57833339	8469.26596336	2086760.6131029	245.91293613	8485.76998812
5358	2018-03-23 10:00:00	8509.52258683	8415.49287239	8469.26596336	8501.49302124	1265763.625712	149.8495907	8446.89411428
5359	2018-03-23 12:00:00	8510.30996821	8270.0	8505.09382795	8359.99999999	4178912.1771049	502.04736856	8323.74082368
5360	2018-03-23 14:00:00	8685.13340324	8359.99999999	8360.0	8629.91099185	3697366.6037561	433.21883242	8534.63960258
5361	2018-03-23 16:00:00	8663.87940554	8574.00000131	8629.91099185	8634.88872109	1161642.9466386	134.63605691	8628.02263598
5362	2018-03-23 18:00:00	8720.99999998	8557.0	8634.8219837	8629.86766108	1515721.0176332	175.47441034	8637.8464797
5363	2018-03-23 20:00:00	8666.27561731	8560.64076465	8629.86766107	8650.0	648356.96863798	75.20259185	8621.47105157
5364	2018-03-23 22:00:00	8907.7	8613.75039337	8667.98152994	8907.7	1564182.3260805	178.39638219	8768.01595905
5365	2018-03-24 00:00:00	8969.18861378	8837.7	8908.42081826	8837.70000001	1789122.0176876	200.95578778	8903.06289484
5366	2018-03-24 02:00:00	8912.47339851	8815.10000001	8837.70000001	8897.95665788	1144847.0821425	128.86038679	8884.39892709
5367	2018-03-24 04:00:00	8966.0	8839.88115632	8897.8900637	8847.0	1880620.9087505	210.97209279	8914.07429238
5368	2018-03-24 06:00:00	8936.94154405	8847.0	8847.13351744	8922.39764973	1276185.0747676	143.35478728	8902.28431838
5369	2018-03-24 08:00:00	8925.60709104	8860.0	8921.42656119	8877.04569423	914711.73077931	102.87991842	8891.0619762
5370	2018-03-24 10:00:00	8885.42710416	8700.85266003	8875.0	8710.13686534	1834708.000989	209.74339541	8747.3934395
5371	2018-03-24 12:00:00	8894.95411911	8662.79383699	8710.13686534	8876.0	1814306.0674316	205.92160945	8810.66378743
5372	2018-03-24 14:00:00	9000.0	8834.10857219	8877.95560792	8940.0	2805084.2283691	312.94594435	8963.47845055
5373	2018-03-24 16:00:00	8949.79134905	8855.15000001	8949.79134905	8864.12276346	1123259.2776802	126.12807647	8905.70370307
5374	2018-03-24 18:00:00	8945.02765313	8858.10357154	8864.12276346	8890.98732875	533894.2295819	59.96670373	8903.17786993
5375	2018-03-24 20:00:00	8965.00000001	8639.0	8893.93360102	8679.97780415	2544480.1453041	290.28209905	8765.54273801
5376	2018-03-24 22:00:00	8719.44583815	8510.0	8679.93341187	8533.31390908	2655221.7660717	308.08334119	8618.51781993
5377	2018-03-25 00:00:00	8600.0	8475.0	8533.31390907	8523.0	1325497.7164511	155.28053869	8536.14836497
5378	2018-03-25 02:00:00	8564.6446741	8400.0	8529.77672169	8550.0	1578988.6387297	186.19154967	8480.45274626
5379	2018-03-25 04:00:00	8585.936371	8477.0	8550.0	8519.0	2483193.4073921	291.77511359	8510.64155828
5380	2018-03-25 06:00:00	8581.68428071	8330.0	8519.63645247	8472.0	3324938.4079748	394.24133879	8433.76399385
5381	2018-03-25 08:00:00	8578.99999967	8450.0	8472.0	8501.0	1011614.2713559	118.7070077	8521.94230952
5382	2018-03-25 10:00:00	8513.60608026	8380.416	8513.0	8420.7601	661389.6719594	78.4573897	8429.92195494
5383	2018-03-25 12:00:00	8582.82120348	8373.24158366	8405.79195704	8566.86176431	950963.66537523	112.20608501	8475.15235283
5384	2018-03-25 14:00:00	8640.0	8462.10124198	8555.47120384	8481.3680498	1356146.3751313	158.56661063	8552.53429295
5385	2018-03-25 16:00:00	8574.07254619	8475.0	8475.0	8516.7707195	600133.13092874	70.38270224	8526.71340867
5386	2018-03-25 18:00:00	8660.99248761	8520.35875795	8529.95089372	8606.90744514	1347085.2807178	156.40982323	8612.53630302
5387	2018-03-25 20:00:00	8629.99999999	8519.00000008	8606.90744514	8629.99999999	595461.93457444	69.35517816	8585.68819765
5388	2018-03-25 22:00:00	8645.17634503	8390.00000001	8629.99999999	8454.81444718	2055398.6933897	243.1039101	8454.81544309
5389	2018-03-26 00:00:00	8497.96079172	8351.0	8459.4316022	8410.41920765	985288.46497093	116.97152213	8423.3191723
5390	2018-03-26 02:00:00	8476.43412616	8346.082635	8399.77128105	8421.46020274	1356224.7440611	161.42918505	8401.36028464
5391	2018-03-26 04:00:00	8484.05458844	8420.0	8430.29878193	8458.29621206	254869.91902162	30.14426884	8455.00417921
5392	2018-03-26 06:00:00	8466.06496732	8383.56506051	8453.66445524	8418.14258792	755043.956042	89.67013605	8420.23876958
5393	2018-03-26 08:00:00	8419.0	8236.81120046	8412.0	8285.0000016	2814886.7688321	339.16247617	8299.52299151
5394	2018-03-26 10:00:00	8325.7624997	8056.0	8291.34731229	8093.69006735	5604121.8571519	687.17853535	8155.26325236
5395	2018-03-26 12:00:00	8170.99999999	8020.0	8093.90606518	8102.89	2123832.9163831	262.13203054	8102.14956183
5396	2018-03-26 14:00:00	8119.97780404	8030.0	8102.89	8064.09271449	918680.53032179	113.828993	8070.70770029
5397	2018-03-26 16:00:00	8111.83233177	7870.82569349	8071.33314835	7911.0	3435454.1113123	430.72462153	7975.98730044
5398	2018-03-26 18:00:00	7958.48762047	7840.0	7918.12222862	7925.25681947	2298528.7373967	290.29090478	7918.01844132
5399	2018-03-26 20:00:00	7947.70821029	7850.75932228	7925.25681947	7878.58725009	1165737.2912543	147.68631483	7893.33319472
5400	2018-03-26 22:00:00	8260.0	7863.65124463	7883.96121102	8116.52304613	4721437.0250404	582.53743489	8104.95041564
5401	2018-03-27 00:00:00	8200.0	8022.11291851	8141.49178806	8022.11291864	1501782.7999339	184.36738547	8145.59904999
5402	2018-03-27 02:00:00	8040.0	7814.99999983	8022.11291851	7844.32319412	2480902.5111117	314.39598182	7891.01214573
5403	2018-03-27 04:00:00	7939.75793531	7739.0	7844.344331	7925.0429208	2727588.5587264	349.58981662	7802.25403902
5404	2018-03-27 06:00:00	8034.80195047	7860.0	7928.99455754	7927.59458409	1608558.5787703	202.70482328	7935.4726382
5405	2018-03-27 08:00:00	8030.0	7827.5945842	7927.5945842	7903.42279795	1785968.5432544	225.46239454	7921.35888957
5406	2018-03-27 10:00:00	8052.0	7870.03342403	7917.89814816	7917.23596779	1274618.9369543	160.39842308	7946.58022491
5407	2018-03-27 12:00:00	8131.20689891	7870.07740442	7917.25775236	8084.535408	1857354.1977862	232.07086662	8003.39234664
5408	2018-03-27 14:00:00	8145.0	8029.18958706	8084.6001142	8050.00000003	2620098.8392557	324.54462629	8073.15428145
5409	2018-03-27 16:00:00	8125.85402533	7880.930307	8064.97780413	7902.80381186	1724727.6876088	214.98353516	8022.6036209
5410	2018-03-27 18:00:00	7947.97214976	7828.0	7902.80381186	7884.84153994	1379862.4481872	175.04634158	7882.84082793
5411	2018-03-27 20:00:00	8029.542723	7870.0	7889.08639083	8006.0	1320278.6486578	165.45462072	7979.70248828
5412	2018-03-27 22:00:00	8004.76750022	7758.30000001	8004.76750022	7782.71671273	1312081.9961816	167.2972824	7842.81715374
5413	2018-03-28 00:00:00	7840.70953507	7731.0	7782.71671273	7807.01918013	1434327.9870671	184.27751464	7783.52144519
5414	2018-03-28 02:00:00	7875.24085982	7731.15000001	7818.15593418	7860.0	1065961.5490163	136.37674655	7816.29988969
5415	2018-03-28 04:00:00	7877.02816543	7814.4707506	7860.0	7843.3673863	550138.55243792	70.07505575	7850.70445609
5416	2018-03-28 06:00:00	7944.77787617	7848.73937428	7856.79884549	7873.14225195	1021067.3634861	129.18551002	7903.88460229
5417	2018-03-28 08:00:00	8100.1	7850.40533216	7870.65375846	8092.16544586	1875712.6662581	235.52832504	7963.85176152
5418	2018-03-28 10:00:00	8100.0	8006.00000001	8090.18337443	8047.97963287	1337310.7359656	165.91454088	8060.23829419
5419	2018-03-28 12:00:00	8053.04355674	7997.17374596	8048.00000001	8030.0	1469854.1613793	183.19451436	8023.46165503
5420	2018-03-28 14:00:00	8040.44600764	7835.58343662	8030.0	7859.88142359	2234406.1578205	283.0218636	7894.81819319
5421	2018-03-28 16:00:00	7939.97963286	7859.88142308	7859.88142308	7927.91999462	739883.54910932	93.69427149	7896.78533535
5422	2018-03-28 18:00:00	7954.7384641	7870.0	7929.60159287	7901.48123529	452123.73517502	57.09090049	7919.36598117
5423	2018-03-28 20:00:00	7950.05926491	7839.55287239	7910.05830931	7879.017487	573636.60141933	72.7419103	7885.91609779
5424	2018-03-28 22:00:00	8004.77583242	7874.54111564	7879.017487	7943.58381606	1095285.646842	137.36606981	7973.48026595
5425	2018-03-29 00:00:00	7966.5132066	7871.0	7943.54212629	7874.06833818	337856.53695563	42.58385522	7933.91146034
5426	2018-03-29 02:00:00	7900.22347377	7844.0	7884.56054156	7857.38542852	440375.84030007	55.94260362	7871.92250277
5427	2018-03-29 04:00:00	7868.37689899	7544.00022617	7857.38543082	7547.26975991	5776809.4245577	754.54567694	7656.01023384
5428	2018-03-29 06:00:00	7634.92578878	7500.0	7547.26975991	7517.52190355	2631472.9400039	348.50687469	7550.70597199
5429	2018-03-29 08:00:00	7576.64710075	7468.0	7535.0216202	7510.63985553	1467702.0526329	195.36442026	7512.63741207
5430	2018-03-29 10:00:00	7538.89673867	7440.0	7510.63985553	7461.23376245	1639833.224818	219.40789087	7473.90268561
5431	2018-03-29 12:00:00	7560.19123121	7453.43170724	7465.47569037	7468.0	1936144.1554811	258.14142542	7500.32332986
5432	2018-03-29 14:00:00	7485.16769893	7340.0	7474.39354764	7468.0	3534786.7934314	478.35056858	7389.53191573
5433	2018-03-29 16:00:00	7563.5716031	7405.00000001	7459.60183188	7425.0	1567083.5694564	209.19627488	7490.97263015
5434	2018-03-29 18:00:00	7473.66023422	7338.90260003	7425.0	7338.90260003	1174384.5779144	158.84074507	7393.47185381
5435	2018-03-29 20:00:00	7367.77793899	6900.1	7338.90260003	7080.0	10952057.038104	1534.36051381	7137.86423694
5436	2018-03-29 22:00:00	7324.04886372	7060.91622502	7071.05626603	7080.40276816	3031026.7491637	422.58480729	7172.58807433
5437	2018-03-30 00:00:00	7159.281016	6687.54447997	7088.52145285	6895.74733335	6629463.8306331	969.98251605	6834.62198641
5438	2018-03-30 02:00:00	6934.37510603	6764.83970417	6895.74733337	6855.31536371	3034651.8025932	443.00664306	6850.12708078
5439	2018-03-30 04:00:00	7191.64249999	6625.678745	6858.68029944	7109.836079	5101153.8587982	738.89792453	6903.73282891
5440	2018-03-30 06:00:00	7256.13228633	6960.0	7127.07774091	7224.35947632	3180394.5868401	447.06074548	7114.00993935
5441	2018-03-30 08:00:00	7269.21615741	7016.62969459	7221.85085271	7016.8850322	2745319.8705897	383.23500548	7163.54151195
5442	2018-03-30 10:00:00	7087.96870447	6875.51469881	7016.8850322	7015.0	1853843.8319528	265.24500845	6989.17518857
5443	2018-03-30 12:00:00	7043.95207141	6831.0	7014.00000019	6874.85934377	1764808.5603001	254.62660581	6930.96683548
5444	2018-03-30 14:00:00	6927.99872644	6670.0	6874.85934377	6795.59624245	2417492.3631326	357.12828164	6769.25487959
5445	2018-03-30 16:00:00	6882.46727793	6590.53296207	6795.59624245	6726.8025075	3396562.7544375	507.98987256	6686.28045145
5446	2018-03-30 18:00:00	6872.14804061	6657.0	6729.67742239	6810.0	1749694.7704482	258.40974028	6771.00936115
5447	2018-03-30 20:00:00	6950.0	6738.23600001	6811.50867646	6911.14251845	1808395.5185025	263.79161245	6855.39430805
5448	2018-03-30 22:00:00	6918.87759234	6744.0	6918.85626977	6837.72532501	1345969.7423146	198.04952854	6796.12697004
5449	2018-03-31 00:00:00	7105.0	6837.72532501	6845.0	7083.05353945	1589458.8891117	226.52449723	7016.71964201
5450	2018-03-31 02:00:00	7109.1533217	6955.5	7085.5358026	6960.5177556	1322044.0705352	188.37143473	7018.28317244
5451	2018-03-31 04:00:00	7056.3413251	6863.00000008	6961.252038	6910.0	1241670.7281885	178.1088477	6971.41520043
5452	2018-03-31 06:00:00	6936.57352025	6790.000004	6902.20193788	6813.09700402	814626.52140259	119.0684541	6841.66538954
5453	2018-03-31 08:00:00	7019.99999993	6816.72070343	6817.59711759	7009.67701797	2130036.880702	306.15693579	6957.33668487
5454	2018-03-31 10:00:00	7150.0	6955.85986965	7003.70923819	7083.0	2174770.0766249	307.07852937	7082.13003718
5455	2018-03-31 12:00:00	7230.95559729	7003.68491695	7083.0	7038.38214833	2190146.4728514	307.42998512	7124.04963359
5456	2018-03-31 14:00:00	7090.0	6984.40043477	7040.0	7056.41086385	1781679.9893992	252.69050681	7050.83864008
5457	2018-03-31 16:00:00	7185.034115	7050.01773693	7060.35354815	7124.67139882	1862328.8716969	260.51357145	7148.68273975
5458	2018-03-31 18:00:00	7140.0	6992.0	7121.47139871	7061.91107384	899126.86428565	127.45135705	7054.66685562
5459	2018-03-31 20:00:00	7061.17327361	6850.8900923	7052.34507008	6913.7799224	2056263.4455776	297.12622111	6920.50482079
5460	2018-03-31 22:00:00	6980.0	6890.00000001	6913.95063222	6933.87920545	895049.70139976	129.21713438	6926.71065408
5461	2018-04-01 00:00:00	7043.14185553	6920.0	6920.00000001	6995.19843625	922311.35828778	131.8125035	6997.14620235
5462	2018-04-01 02:00:00	7016.91116023	6898.03721691	7005.97988717	6924.79744084	584369.92134584	84.26133448	6935.20847909
5463	2018-04-01 04:00:00	6964.81172872	6901.00000004	6924.76022393	6904.77035613	320499.99851181	46.27805021	6925.52942609
5464	2018-04-01 06:00:00	6927.14791515	6650.0	6927.14791515	6719.2715644	2891912.426154	429.40902923	6734.63348299
5465	2018-04-01 08:00:00	6764.66728014	6600.0	6718.98216044	6759.88555739	1813628.1528882	271.90818796	6670.001983
5466	2018-04-01 10:00:00	6759.88555739	6643.59658839	6759.88555739	6680.40762901	851981.69535686	127.40841893	6687.01254212
5467	2018-04-01 12:00:00	6738.07043872	6522.6389724	6689.63754369	6550.0	1773051.4815229	268.88031411	6594.20340009
5468	2018-04-01 14:00:00	6554.99999893	6441.98052002	6550.0	6450.34932959	3547627.5738297	546.30141278	6493.90151816
5469	2018-04-01 16:00:00	6891.52202031	6427.09999983	6450.34932959	6841.35782556	4972013.2322912	735.59187971	6759.20081424
5470	2018-04-01 18:00:00	6979.69999999	6735.17047194	6841.34008862	6899.99181457	2295594.6190884	334.6360804	6859.97342648
5471	2018-04-01 20:00:00	6951.39766507	6803.03600554	6903.47768127	6811.62045579	1955871.2088434	284.01420761	6886.52594284
5472	2018-04-01 22:00:00	6853.89163821	6760.0	6823.0	6823.02040095	1026060.7648314	150.90160926	6799.53494109
5473	2018-04-02 00:00:00	7051.45359155	6766.01585088	6809.83130039	6925.0	1847019.5595719	265.90296432	6946.21650531
5474	2018-04-02 02:00:00	7018.64013418	6908.01974577	6930.95092419	6987.68703633	649878.43974532	93.49052491	6951.27597551
5475	2018-04-02 04:00:00	7033.9	6840.0	6984.70000001	6905.32115248	1142669.9990333	164.4109226	6950.08568143
5476	2018-04-02 06:00:00	7107.77	6865.34789477	6905.26793904	7066.04238656	1691949.5102035	241.75455408	6998.62518264
5477	2018-04-02 08:00:00	7084.1039392	7014.55363205	7056.62286098	7059.6747277	926974.68779021	131.4623675	7051.25508857
5478	2018-04-02 10:00:00	7131.61946349	7020.0	7059.51101272	7055.38685014	1364585.1878929	193.01916842	7069.68742567
5479	2018-04-02 12:00:00	7054.98289507	6978.0	7054.98289507	7005.0	1173987.468306	167.42620728	7011.96955589
5480	2018-04-02 14:00:00	7078.73795048	6874.0656388	7005.00000002	7018.70557183	1646253.8387214	236.94448396	6947.84622628
5481	2018-04-02 16:00:00	7052.00405826	6950.00000001	7029.91220726	6978.47293883	1296252.9674171	185.01642286	7006.15084531
5482	2018-04-02 18:00:00	7022.76055896	6946.0918298	6982.27201	6985.12830039	992878.35158897	142.20555861	6981.99396207
5483	2018-04-02 20:00:00	7000.0	6885.6284527	6981.63958229	6980.00000001	1163250.1846299	167.84936443	6930.32224804
5484	2018-04-02 22:00:00	7062.61999999	6979.0	6980.0	7058.89414772	912765.54646261	129.92435481	7025.3613943
5485	2018-04-03 00:00:00	7095.13613775	7005.42709637	7047.40542744	7030.0	838860.35629335	118.8877983	7055.89949757
5486	2018-04-03 02:00:00	7189.99999998	7020.0	7030.0	7175.0	1175726.0964591	164.89365962	7130.20803327
5487	2018-04-03 04:00:00	7386.66752916	7175.0	7180.0	7337.9829912	3395389.040572	464.23426374	7313.9561333
5488	2018-04-03 06:00:00	7428.42767765	7306.63853986	7330.03484131	7398.98226306	1330285.2775574	180.8781031	7354.59546931
5489	2018-04-03 08:00:00	7420.0	7322.18790484	7398.98226306	7349.71119149	2558182.4326023	346.59994933	7380.79286378
5490	2018-04-03 10:00:00	7396.8967	7275.0	7364.02308176	7303.99999001	1263945.6137153	172.56349413	7324.52492392
5491	2018-04-03 12:00:00	7425.76039216	7303.99999002	7314.22454259	7340.16201917	1758124.6514226	238.44585125	7373.26584717
5492	2018-04-03 14:00:00	7410.0	7264.01641962	7343.81944177	7385.0	2022189.9143928	276.22631375	7320.77218473
5493	2018-04-03 16:00:00	7437.57034226	7359.22124335	7383.41026325	7420.0	1034775.0490264	139.75037817	7404.45258593
5494	2018-04-03 18:00:00	7505.45	7416.0	7419.38817288	7460.0	2072704.9420358	277.65791243	7464.959035
5495	2018-04-03 20:00:00	7495.47162322	7364.03420889	7460.64821826	7429.22445942	1723009.0843438	232.61165936	7407.23439695
5496	2018-04-03 22:00:00	7438.00850851	7365.00000001	7435.17314628	7412.27033867	638329.94676325	86.26584109	7399.56787875
5497	2018-04-04 00:00:00	7414.66693777	7300.0	7406.14599941	7333.75919969	868480.03366919	118.23959739	7345.08618804
5498	2018-04-04 02:00:00	7338.02940331	7251.0	7323.10884702	7285.06841801	1933446.6093934	265.17568873	7291.19105395
5499	2018-04-04 04:00:00	7379.899	7265.06841801	7268.78532843	7347.60879737	617081.82082931	84.42128674	7309.55242046
5500	2018-04-04 06:00:00	7375.36996208	7306.2000002	7358.88441939	7315.76639823	496710.07335967	67.65424852	7341.89033542
5501	2018-04-04 08:00:00	7330.33053129	7059.002426	7308.754709	7080.0	4344374.3314032	605.13829995	7179.14290297
5502	2018-04-04 10:00:00	7148.43577608	7001.52	7080.0	7054.05175378	3422683.3534113	483.80971266	7074.44117769
5503	2018-04-04 12:00:00	7120.71075834	7015.0	7058.45597329	7077.77650222	1034963.8708806	146.40551431	7069.15908023
5504	2018-04-04 14:00:00	7078.0	6777.553868	7077.77650222	6786.78	3258045.6445965	472.42090858	6896.48909568
5505	2018-04-04 16:00:00	6910.0	6786.83175364	6788.0772517	6832.17302992	1566522.7115986	228.58185309	6853.2243064
5506	2018-04-04 18:00:00	6883.0	6732.0	6843.79644439	6859.00572438	1921361.8534108	282.52550746	6800.66685194
5507	2018-04-04 20:00:00	6912.35996111	6759.0	6859.00572438	6827.0	1300490.4978981	189.69221694	6855.79260381
5508	2018-04-04 22:00:00	6834.65699202	6684.31650299	6817.18483338	6769.9450882	1584842.6746109	234.42723395	6760.48873634
5509	2018-04-05 00:00:00	6830.0	6542.31393183	6777.91287792	6605.05397109	1890571.6293758	284.40320839	6647.50457661
5510	2018-04-05 02:00:00	6789.99999996	6581.84949229	6609.67896495	6764.08486896	1117584.8652104	168.40353177	6636.35051749
5511	2018-04-05 04:00:00	6859.99999999	6731.31555709	6774.99955804	6840.46539473	1349960.2460325	198.60133918	6797.3370754
5512	2018-04-05 06:00:00	6857.73595774	6705.7634652	6840.46539473	6786.94	855594.05236079	125.89076039	6796.32126861
5513	2018-04-05 08:00:00	6910.00000001	6774.06083661	6786.93999999	6837.18299165	2338302.9918311	341.18300221	6853.51549369
5514	2018-04-05 10:00:00	6837.18299165	6753.00000001	6837.18299165	6784.98299111	1024182.4508389	151.02383379	6781.59483266
5515	2018-04-05 12:00:00	6897.43830728	6578.56255124	6784.77888625	6835.76500453	3640605.6107829	540.67613691	6733.4312766
5516	2018-04-05 14:00:00	6900.0340167	6685.79425632	6835.81603151	6746.61238658	1612655.2651488	236.81406138	6809.79522816
5517	2018-04-05 16:00:00	6797.19360639	6644.87293534	6746.62939514	6699.30713277	985072.44034916	146.85455839	6707.8097619
5518	2018-04-05 18:00:00	6811.665	6686.39108598	6701.71442987	6760.10224282	847164.6391934	125.59827854	6745.03384155
5519	2018-04-05 20:00:00	6779.8421077	6669.99999999	6760.10224282	6715.63664573	1293583.6535982	193.02693533	6701.5706973
5520	2018-04-05 22:00:00	6836.0	6715.65365407	6727.19664097	6774.99999999	1537082.5647502	226.25916205	6793.45998996
5521	2018-04-06 00:00:00	6836.0	6761.70000001	6775.0	6802.94487745	360003.54055919	52.88091668	6807.81580882
5522	2018-04-06 02:00:00	6835.99999999	6723.01710442	6802.94487745	6754.49746608	556893.05648131	82.27221913	6768.90768682
5523	2018-04-06 04:00:00	6847.59216377	6754.72435653	6754.72435653	6770.0	675959.56013563	99.6065429	6786.29676781
5524	2018-04-06 06:00:00	6770.0	6510.0	6770.0	6625.00000002	3259537.9278668	495.37657879	6579.91933294
5525	2018-04-06 08:00:00	6632.61666471	6511.22783891	6623.0	6566.81204544	1539449.2120262	233.93830748	6580.57771131
5526	2018-04-06 10:00:00	6661.1053764	6499.98299166	6566.81204541	6598.42027551	1424421.8160975	216.7412835	6571.9912381
5527	2018-04-06 12:00:00	6626.48152672	6534.1213988	6598.47348633	6610.0	1895318.2858643	288.13340994	6577.9191877
5528	2018-04-06 14:00:00	6647.31078554	6564.64830541	6609.18152698	6579.11836675	1556243.3076594	235.38979049	6611.34582098
5529	2018-04-06 16:00:00	6630.0	6573.63029939	6579.38985292	6603.94363809	494029.78670436	74.88758612	6596.95167517
5530	2018-04-06 18:00:00	6629.67858104	6572.00000004	6605.7916287	6610.0	392548.2121685	59.50831234	6596.52738806
5531	2018-04-06 20:00:00	6624.66208038	6580.51579424	6611.72921912	6610.25737595	321083.55459774	48.65455171	6599.25008684
5532	2018-04-06 22:00:00	6621.99999107	6512.78160448	6610.10090628	6613.54563751	589817.96966763	89.51510887	6589.03259028
5533	2018-04-07 00:00:00	6880.78179418	6599.24631203	6614.99291873	6838.90480302	2119217.9727939	312.0760541	6790.70997262
5534	2018-04-07 02:00:00	6875.00000081	6799.63559141	6842.94841008	6850.0	968618.83731194	141.82225964	6829.80823864
5535	2018-04-07 04:00:00	6881.2916515	6822.41322512	6854.43051565	6840.07261661	603237.33844048	88.13342013	6844.59240944
5536	2018-04-07 06:00:00	6887.0	6840.49878745	6845.74734145	6854.37096526	1768439.9746069	257.16147961	6876.76854748
5537	2018-04-07 08:00:00	6923.47096423	6837.34111627	6854.37096526	6851.94847204	1477291.0270565	214.69359158	6880.92744727
5538	2018-04-07 10:00:00	6882.114224	6846.05425532	6855.0	6865.65015524	928856.80380373	135.33346828	6863.46707587
5539	2018-04-07 12:00:00	6886.30337908	6775.0	6865.78678732	6835.69187879	925630.40489133	135.35328242	6838.62547211
5540	2018-04-07 14:00:00	7023.82307126	6835.34992069	6837.089512	7011.0	1310015.5113421	188.63235047	6944.80829019
5541	2018-04-07 16:00:00	7062.79473838	6980.0	7011.00000004	7000.0	1684197.3741151	239.87799314	7021.05829746
5542	2018-04-07 18:00:00	7010.0	6958.78865711	6999.0	6976.89226459	513354.07316275	73.48131598	6986.18507733
5543	2018-04-07 20:00:00	7044.71618728	6943.3370596	6992.2684287	6974.9999956	731954.58078035	104.66946664	6993.0095593
5544	2018-04-07 22:00:00	6981.26300617	6852.43672808	6974.99999536	6890.0	1118599.9667684	162.18073906	6897.24299723
5545	2018-04-08 00:00:00	6975.03398766	6890.0	6890.00000001	6942.0	739208.21047308	106.44560808	6944.46885885
5546	2018-04-08 02:00:00	6969.3558803	6920.10419564	6942.0	6969.3558803	367128.18303669	52.78859555	6954.68745117
5547	2018-04-08 04:00:00	7002.59725206	6921.54288003	6970.48422927	6935.91624254	381428.76524687	54.8454509	6954.61080158
5548	2018-04-08 06:00:00	6956.89865692	6896.85275727	6936.11015198	6936.18184036	462751.21919217	66.76846999	6930.68478671
5549	2018-04-08 08:00:00	7022.99999999	6936.18184036	6936.54	7003.91830635	701249.21302528	100.48560483	6978.60369364
5550	2018-04-08 10:00:00	7093.65881609	6984.27733274	7002.62093382	7093.65881609	921592.60038012	131.32930447	7017.41781165
5551	2018-04-08 12:00:00	7115.54428517	7043.26365088	7093.65881609	7043.26365088	1562992.6733772	220.95568588	7073.78344735
5552	2018-04-08 14:00:00	7062.0	7020.78744463	7055.4652681	7036.93997957	646944.9096234	91.75213891	7051.00630142
5553	2018-04-08 16:00:00	7048.02287509	6936.20000005	7048.02287509	6993.51346775	1005200.6028058	143.83506719	6988.56421068
5554	2018-04-08 18:00:00	7019.9	6960.49148452	7003.29479421	6989.77161409	617361.1404166	88.26287177	6994.57346034
5555	2018-04-08 20:00:00	6990.25786041	6951.70328994	6989.77161409	6990.25786041	370410.29609359	53.16656001	6966.97879313
5556	2018-04-08 22:00:00	7050.68289465	6993.6598317	6993.6598317	7030.0	563984.33265849	80.18548368	7033.49667265
5557	2018-04-09 00:00:00	7141.94914141	7025.00000046	7025.00000046	7117.62283288	1056516.7911778	149.10488673	7085.72880707
5558	2018-04-09 02:00:00	7161.0	7065.07416581	7117.8267885	7128.32453024	1165472.0649713	163.56590093	7125.39752078
5559	2018-04-09 04:00:00	7158.32459467	7094.00605229	7128.36161325	7109.09722377	481752.7386283	67.63228481	7123.11790118
5560	2018-04-09 06:00:00	7152.0007152	7089.03708265	7094.96167304	7130.1098115	349806.1451355	49.13123141	7119.83264201
5561	2018-04-09 08:00:00	7184.0	7080.83312665	7139.09998799	7080.83312665	2578575.7935302	360.31913355	7156.36654685
5562	2018-04-09 10:00:00	7080.83312665	6704.8702071	7080.83312665	6757.54923543	3832532.8853897	561.71328018	6822.93444114
5563	2018-04-09 12:00:00	6782.59443938	6700.0	6757.47916022	6723.18625661	1742545.1017507	258.4891043	6741.27099658
5564	2018-04-09 14:00:00	6763.44571934	6675.63039604	6723.18625661	6723.93	685422.78034197	102.01479923	6718.85633766
5565	2018-04-09 16:00:00	6749.73427515	6715.0	6725.0	6726.3	1140199.3415256	169.43469789	6729.43237556
5566	2018-04-09 18:00:00	6755.0	6630.43708311	6726.3	6687.57605089	1225503.6399704	182.87880291	6701.17925352
5567	2018-04-09 20:00:00	6730.36132853	6618.07799362	6673.51649646	6715.93	642317.91087105	96.45895337	6658.97657428
5568	2018-04-09 22:00:00	6788.0	6681.87148571	6708.51193306	6761.53778457	717049.877977	106.58414599	6727.54724745
5569	2018-04-10 00:00:00	6783.68208475	6708.01948008	6759.51995272	6728.0	149416.82155618	22.14167347	6748.21719138
5570	2018-04-10 02:00:00	6788.0	6728.0	6728.0534975	6787.00000002	246187.46584084	36.43841205	6756.26219669
5571	2018-04-10 04:00:00	6808.85931069	6728.69486301	6788.0	6756.05102505	619748.48352649	91.64531519	6762.4676967
5572	2018-04-10 06:00:00	6770.80974879	6691.0	6766.8797451	6724.70603811	466157.51123143	69.37551322	6719.33784119
5573	2018-04-10 08:00:00	6772.89781336	6658.71497418	6717.89815457	6772.88080501	526008.59446878	78.37088746	6711.78560708
5574	2018-04-10 10:00:00	6773.38759796	6705.0	6772.89781336	6734.78106938	191031.41601435	28.36576015	6734.57770932
5575	2018-04-10 12:00:00	6768.0	6724.17378724	6742.07783806	6762.52099745	353064.52263174	52.33729974	6745.94456316
5576	2018-04-10 14:00:00	6854.88130704	6724.1907956	6761.84254425	6829.1	1877010.3777314	276.16183588	6796.77686726
5577	2018-04-10 16:00:00	6866.7319521	6802.46528797	6831.97054816	6866.4449886	1037953.9102086	151.89810045	6833.22508401
5578	2018-04-10 18:00:00	6870.0	6823.0	6866.42550862	6856.46113091	474269.61087754	69.27450276	6846.23623385
5579	2018-04-10 20:00:00	6857.3838032	6816.0	6846.11700835	6856.64255762	359505.9258718	52.58194763	6837.05990507
5580	2018-04-10 22:00:00	6881.87332722	6782.16657265	6848.91634822	6834.0	1105062.6415167	161.77789179	6830.73953609
5581	2018-04-11 00:00:00	6866.01947998	6822.39858663	6835.6	6830.29913194	176868.39887135	25.85868214	6839.80714538
5582	2018-04-11 02:00:00	6860.91999851	6817.04294066	6830.98216181	6821.26095861	296171.27056108	43.33836412	6833.9282429
5583	2018-04-11 04:00:00	6898.25884115	6817.90791298	6825.0	6836.31632569	600957.69213843	87.64752678	6856.52766502
5584	2018-04-11 06:00:00	6851.86162507	6799.0	6832.48792848	6839.2401835	561189.23965578	82.26062293	6822.08837797
5585	2018-04-11 08:00:00	6890.13973769	6821.15578416	6839.9655	6865.97276211	506235.48130093	73.85543276	6854.41087246
5586	2018-04-11 10:00:00	6865.95706043	6809.97266681	6858.10000015	6862.67210245	639501.43305444	93.50999699	6838.85631097
5587	2018-04-11 12:00:00	6975.71334005	6842.43611634	6862.65560562	6940.0	1283510.9326027	185.24563734	6928.69722079
5588	2018-04-11 14:00:00	6963.56831925	6914.79291435	6940.0	6940.0	1113003.3819976	160.45340395	6936.61433536
5589	2018-04-11 16:00:00	6945.03291048	6871.75326459	6940.0	6893.00637598	651766.75254716	94.28143223	6912.99163717
5590	2018-04-11 18:00:00	6924.58338998	6888.42606443	6896.583503	6911.88304996	442596.274763	64.0954706	6905.26601364
5591	2018-04-11 20:00:00	6929.28499999	6876.45023507	6911.88304995	6904.0	513278.99171254	74.36992852	6901.70075361
5592	2018-04-11 22:00:00	6979.11765561	6898.99682464	6904.0	6966.46006249	912348.27943978	131.36272231	6945.26014227
5593	2018-04-12 00:00:00	6971.2033525	6900.0	6963.9	6945.59999987	859771.92725601	123.80595515	6944.51188728
5594	2018-04-12 02:00:00	6969.99256286	6930.1	6934.26765638	6947.00000002	557222.17572254	80.17348881	6950.20491178
5595	2018-04-12 04:00:00	6970.0	6937.03423765	6949.7274083	6951.0	494247.72744227	71.07707719	6953.68671563
5596	2018-04-12 06:00:00	6955.94825162	6750.0	6951.52808056	6833.80756803	2234496.9392086	327.15813976	6830.02092152
5597	2018-04-12 08:00:00	6859.9101012	6794.79397173	6837.0	6844.97381571	688646.69534692	100.89887632	6825.11758766
5598	2018-04-12 10:00:00	8028.0	6836.489734	6845.16864083	7690.00000007	12806225.672285	1695.12262409	7554.74883662
5599	2018-04-12 12:00:00	7744.22319654	7600.0	7690.00000007	7687.87637994	6589260.4519393	858.74281973	7673.14765322
5600	2018-04-12 14:00:00	7730.0	7596.05194567	7687.12359381	7634.80615602	2773854.2645382	362.23746233	7657.55768797
5601	2018-04-12 16:00:00	7780.3697262	7565.00100011	7634.80615602	7694.43873731	2063201.8159842	269.36926998	7659.38080515
5602	2018-04-12 18:00:00	7762.02036701	7649.16921642	7694.40326273	7693.7	939580.887799	122.10726733	7694.71718058
5603	2018-04-12 20:00:00	7900.0	7685.64488857	7694.59999915	7835.70712981	2160505.7312721	277.71318333	7779.62970776
5604	2018-04-12 22:00:00	7985.31695097	7749.359305	7839.63712981	7929.99999855	2192527.9741272	278.75526113	7865.42275557
5605	2018-04-13 00:00:00	7990.0	7735.89167312	7921.84468403	7790.00000002	2691838.6998522	341.28283012	7887.41320184
5606	2018-04-13 02:00:00	7908.16438637	7784.68670477	7791.00000002	7828.5142009	1576943.3844006	200.75429207	7855.0917549
5607	2018-04-13 04:00:00	7839.85498	7769.0	7828.79112119	7800.61736519	1095875.250171	140.41015983	7804.81449132
5608	2018-04-13 06:00:00	8179.98226307	7800.31657227	7800.61775024	8095.78059798	3066373.9257056	384.31784759	7978.74453381
5609	2018-04-13 08:00:00	8156.26210517	8052.70000072	8100.0	8052.70000072	2990549.5698457	368.6696146	8111.73324682
5610	2018-04-13 10:00:00	8159.05629826	8006.47081666	8052.70000108	8094.0	2378758.4152288	294.4222176	8079.4120587
5611	2018-04-13 12:00:00	8230.0	8029.90598731	8094.0	8089.17484105	6859855.4376567	840.82999298	8158.43332769
5612	2018-04-13 14:00:00	8133.96547386	8030.07847966	8089.3838196	8132.13999933	1977805.4973081	244.37403878	8093.35356235
5613	2018-04-13 16:00:00	8168.08931873	8050.0	8132.13999944	8112.12428569	1097954.09172	135.35732681	8111.52316313
5614	2018-04-13 18:00:00	8140.81640434	8054.0	8112.12428554	8101.26163758	1103755.2364888	136.19417651	8104.27629706
5615	2018-04-13 20:00:00	8101.27874195	7844.9999997	8101.20905822	7874.0	3682631.3101527	465.3563638	7913.57247181
5616	2018-04-13 22:00:00	7966.073112	7801.0	7877.92999926	7875.0	2127251.8862329	270.45428314	7865.47678792
5617	2018-04-14 00:00:00	8069.7662488	7822.30000001	7874.91258045	8060.1728786	1051580.431915	132.01500576	7965.61289272
5618	2018-04-14 02:00:00	8075.01575363	8004.43799457	8060.1390154	8056.63676918	885613.39833605	110.2067958	8035.9236643
5619	2018-04-14 04:00:00	8061.02586369	7950.0	8047.73676695	7955.03475328	1299893.3902245	162.37215748	8005.64216426
5620	2018-04-14 06:00:00	8173.0008011	7954.1	7962.94912624	8130.873334	1892218.1186977	235.21689425	8044.5672269
5621	2018-04-14 08:00:00	8169.0	7980.0	8130.87333466	8023.7093955	1419733.0969786	175.68188749	8081.27187874
5622	2018-04-14 10:00:00	8049.0	7910.0	8027.60853493	7955.0	1262598.4090933	158.23712715	7979.15401924
5623	2018-04-14 12:00:00	7985.00266358	7863.18128995	7974.48835603	7950.06351748	1554184.8066698	196.2208068	7920.59125643
5624	2018-04-14 14:00:00	7990.35504299	7926.0	7955.0	7960.15270161	636524.59993164	79.95687887	7960.84850893
5625	2018-04-14 16:00:00	7994.0339425	7921.05614003	7960.20357538	7964.43913869	798557.04512383	100.26990333	7964.07514721
5626	2018-04-14 18:00:00	8063.93600307	7950.25444981	7970.0	8013.06772582	1013221.411738	126.62660327	8001.64724925
5627	2018-04-14 20:00:00	8078.95	8014.0	8028.86305274	8033.99065856	625005.04247295	77.58766192	8055.46947809
5628	2018-04-14 22:00:00	8073.5	7955.88000339	8040.48088976	7995.99999982	519672.53351172	64.72296935	8029.18251017
5629	2018-04-15 00:00:00	8125.0	7997.5573637	7997.5573637	8115.09999965	1223991.2925164	151.23148765	8093.49502234
5630	2018-04-15 02:00:00	8262.96992491	8056.9	8103.62946644	8083.0	3910203.9209413	479.88357113	8148.2346056
5631	2018-04-15 04:00:00	8157.02320469	8050.0	8086.93	8129.76198601	867936.07321992	106.95418495	8115.02676239
5632	2018-04-15 06:00:00	8139.99999996	8071.5328121	8129.71198211	8071.70840094	619497.88175687	76.42366442	8106.10020415
5633	2018-04-15 08:00:00	8168.55458	8071.72489726	8080.32547177	8105.0340239	450191.66373945	55.48448955	8113.82906089
5634	2018-04-15 10:00:00	8404.01784022	8105.0340239	8105.0340239	8321.38330775	3415559.7343943	410.40199002	8322.47361721
5635	2018-04-15 12:00:00	8370.0	8305.24253609	8337.96700695	8359.37985228	2124394.2631086	254.78701848	8337.92190741
5636	2018-04-15 14:00:00	8370.0	8241.20852276	8348.91	8280.0	1808334.2554926	217.43432325	8316.69181048
5637	2018-04-15 16:00:00	8320.89947115	8261.0	8286.84999768	8290.0	1106541.7184313	133.53192031	8286.72062726
5638	2018-04-15 18:00:00	8333.59830778	8270.0	8300.0	8311.03093234	617179.18322842	74.26294384	8310.72876074
5639	2018-04-15 20:00:00	8320.0	8280.0	8311.03093234	8302.64985677	379371.94914005	45.70847033	8299.81721989
5640	2018-04-15 22:00:00	8365.0	8285.60000233	8306.5368845	8356.0	672943.81668767	80.77337213	8331.25817261
5641	2018-04-16 00:00:00	8404.0	8330.53768272	8364.99999999	8330.55469108	1275034.243199	152.24016586	8375.15011886
5642	2018-04-16 02:00:00	8349.93196654	8100.0	8340.89794976	8135.00000106	2861216.9617466	350.22102473	8169.74641643
5643	2018-04-16 04:00:00	8160.84999735	8010.9829916	8135.00000404	8041.00000001	2107363.7875641	260.60169845	8086.53128547
5644	2018-04-16 06:00:00	8141.00000412	8016.48273345	8041.00000001	8105.01700835	1809080.7050611	224.27679471	8066.28571359
5645	2018-04-16 08:00:00	8135.99999999	8050.40000007	8117.45572422	8097.0	927315.36601955	114.51125655	8098.02803634
5646	2018-04-16 10:00:00	8121.05101236	8025.13700835	8098.78761871	8083.0134788	911712.98600607	112.86281801	8078.06328143
5647	2018-04-16 12:00:00	8083.06450385	7870.0	8083.0134788	7950.0	3133227.0902786	394.22190376	7947.87671713
5648	2018-04-16 14:00:00	7998.99999999	7919.85703801	7954.8	7984.60610856	1115939.7419732	140.02473363	7969.59017913
5649	2018-04-16 16:00:00	8070.24732731	7931.74442182	7979.72516707	8042.20805221	1784692.9630707	223.73263003	7976.90065517
5650	2018-04-16 18:00:00	8049.99999999	7970.76223325	8041.77352991	7973.49698353	528787.20323171	65.9421202	8018.95968203
5651	2018-04-16 20:00:00	8033.72895494	7940.66	7973.49698353	8009.0	463573.50050274	58.04037993	7987.08590574
5652	2018-04-16 22:00:00	8074.0	7960.74729401	8008.82928419	8060.0	531290.39933035	66.15940095	8030.45964294
5653	2018-04-17 00:00:00	8072.17368378	8013.12356338	8060.0	8035.95681987	339212.08571952	42.12622726	8052.27782744
5654	2018-04-17 02:00:00	8040.0	7960.404215	8035.95681987	8031.05505331	378351.56439136	47.22276846	8012.05809675
5655	2018-04-17 04:00:00	8034.72783582	7972.00000002	8024.95307688	7980.0	401487.29381549	50.15473446	8004.9729729
5656	2018-04-17 06:00:00	8155.0	7950.0	7984.49573704	8129.19099165	1810499.5052147	223.45529481	8102.28957319
5657	2018-04-17 08:00:00	8168.57040884	8113.63700283	8129.19099165	8151.0	1277939.9566945	156.85071925	8147.4918496
5658	2018-04-17 10:00:00	8158.01700835	8071.0	8151.0	8110.08440221	949414.79192518	117.13696134	8105.16835219
5659	2018-04-17 12:00:00	8145.0	8056.0	8110.18719455	8105.0	667543.85468275	82.3221416	8108.92235926
5660	2018-04-17 14:00:00	8127.38298875	8078.41700836	8105.11856769	8082.85640618	411135.91345327	50.75564231	8100.29968574
5661	2018-04-17 16:00:00	8122.5232293	8082.68630638	8082.92444628	8100.0	548568.63870316	67.66150344	8107.5443319
5662	2018-04-17 18:00:00	8111.78475789	7830.98999999	8100.12003129	7890.0	3228561.825637	407.26920458	7927.34090702
5663	2018-04-17 20:00:00	7939.85015177	7831.901	7890.03401669	7900.33326789	1872324.1917519	237.1696012	7894.45267133
5664	2018-04-17 22:00:00	7914.84690884	7866.00000002	7900.35027914	7891.1	647379.03212017	82.075701	7887.58456196
5665	2018-04-18 00:00:00	7959.00027697	7876.58310513	7893.2	7937.53039437	650634.16821313	81.99811762	7934.74517583
5666	2018-04-18 02:00:00	7962.19999999	7900.45729991	7937.54768588	7941.01768957	595342.25951774	75.07496638	7929.97037793
5667	2018-04-18 04:00:00	7947.86004269	7912.1	7936.07834656	7926.00000028	325353.43918255	41.0216183	7931.2677721
5668	2018-04-18 06:00:00	8177.4625048	7873.93788908	7926.00000045	8105.94181076	3558655.6627696	440.40555578	8080.405926
5669	2018-04-18 08:00:00	8126.96576669	8072.0	8105.94181076	8104.641655	932133.33273557	115.14728611	8095.13940124
5670	2018-04-18 10:00:00	8117.20028804	8080.0	8092.52586607	8103.06916437	568741.08194182	70.21950417	8099.47447884
5671	2018-04-18 12:00:00	8130.0	8057.36748879	8103.98350369	8092.72782195	1308806.4200055	161.65896545	8096.09548324
5672	2018-04-18 14:00:00	8114.0	7980.00000001	8092.74431925	8004.49752044	1579101.3528348	196.50815079	8035.80587617
5673	2018-04-18 16:00:00	8143.62727771	7985.0	8004.91566985	8090.0	1433148.6317593	176.77422362	8107.22628226
5674	2018-04-18 18:00:00	8129.88	8076.94709718	8090.01729096	8128.99999859	659549.8713171	81.32227129	8110.322804
5675	2018-04-18 20:00:00	8234.0	8106.31313988	8120.0	8209.51354506	1891424.1303399	230.87450824	8192.43382371
5676	2018-04-18 22:00:00	8219.99999976	8118.69945012	8195.1532348	8164.19061751	734222.10577207	89.85488901	8171.19818255
5677	2018-04-19 00:00:00	8195.46170062	8110.0	8167.0	8194.91534364	1394659.2124027	171.24041721	8144.45114725
5678	2018-04-19 02:00:00	8289.0	8160.26215408	8192.96613746	8194.9347348	1075878.4497004	130.87773288	8220.48507431
5679	2018-04-19 04:00:00	8198.63840449	8132.62056341	8182.84486571	8183.79295344	698382.24793909	85.48248033	8169.88750493
5680	2018-04-19 06:00:00	8220.5	8103.87643262	8183.92909702	8170.0	1209827.1412316	147.88743056	8180.73000964
5681	2018-04-19 08:00:00	8250.0	8123.38353169	8169.0	8235.49999869	922977.31670266	112.63916154	8194.10677497
5682	2018-04-19 10:00:00	8250.0	8154.0905896	8222.80000088	8193.54485721	1033949.3573628	126.01947146	8204.67936727
5683	2018-04-19 12:00:00	8250.0	8180.25847131	8193.56178895	8222.11060252	1090381.419965	132.53360249	8227.20728539
5684	2018-04-19 14:00:00	8250.8656462	8180.89	8210.837933	8221.39006405	687033.55076439	83.57956686	8220.11379785
5685	2018-04-19 16:00:00	8288.0	8221.39006405	8233.5	8259.5	1381644.5111322	167.26969028	8259.98128423
5686	2018-04-19 18:00:00	8289.95690667	8236.85548769	8252.00000048	8245.0	880509.95906414	106.58585763	8261.03930336
5687	2018-04-19 20:00:00	8280.0	8179.17049319	8243.63	8270.01	704091.33323413	85.54983809	8230.18896299
5688	2018-04-19 22:00:00	8296.99999997	8239.23886605	8270.01	8286.99999791	631054.64852057	76.28063113	8272.80318964
5689	2018-04-20 00:00:00	8389.919097	8270.13545063	8286.99999834	8370.0	2823273.1407012	338.22191352	8347.3986393
5690	2018-04-20 02:00:00	8392.0	8310.28	8370.0	8331.26428559	1126095.275695	134.7944306	8354.16768098
5691	2018-04-20 04:00:00	8344.41314423	8216.00000001	8331.26428559	8260.92729097	1353919.5489333	163.63029164	8274.25982905
5692	2018-04-20 06:00:00	8349.98270904	8255.19898703	8263.05887769	8332.88153377	730912.40689754	87.87360309	8317.76985574
5693	2018-04-20 08:00:00	8350.90890112	8288.0	8320.13557381	8320.77190454	593616.87544984	71.37754112	8316.57782175
5694	2018-04-20 10:00:00	8550.0	8301.86355842	8320.72082546	8518.75829872	3587124.1251878	423.27274711	8474.73443466
5695	2018-04-20 12:00:00	8569.0	8458.01814414	8510.0	8481.00000031	2148000.9483305	252.10757166	8520.17626518
5696	2018-04-20 14:00:00	8514.15150713	8413.0	8497.3	8461.0	1134492.2013652	133.79577938	8479.28243045
5697	2018-04-20 16:00:00	8532.55636355	8445.81996613	8461.0	8500.0	1178122.3179783	138.88924753	8482.4587859
5698	2018-04-20 18:00:00	8536.96279984	8490.0	8495.0	8525.7351	764086.08140862	89.79136541	8509.57191618
5699	2018-04-20 20:00:00	8555.54144749	8490.0	8525.7351	8503.43999677	1925507.6419293	226.43339583	8503.638056
5700	2018-04-20 22:00:00	8920.90530616	8507.17613781	8524.25936564	8860.0	4685578.4816832	533.45561836	8783.44574584
5701	2018-04-21 00:00:00	8875.99999997	8765.97402271	8851.10000069	8811.14999999	3279426.300092	371.34132393	8831.29910074
5702	2018-04-21 02:00:00	8912.23567639	8801.68212587	8810.0	8870.23567639	940959.76802342	106.20801323	8859.59297615
5703	2018-04-21 04:00:00	8882.23567639	8826.70000004	8870.23567638	8859.00000012	749941.00644268	84.648918	8859.42814346
5704	2018-04-21 06:00:00	9019.90000059	8859.02070392	8866.0	8888.0	2340665.4976185	262.21943135	8926.36173287
5705	2018-04-21 08:00:00	8890.00000003	8651.00000001	8888.8888	8710.10000001	5951877.919774	678.47824636	8772.39314849
5706	2018-04-21 10:00:00	8763.13890927	8583.08841264	8710.10000001	8699.50475497	4720738.4795791	544.2249913	8674.24053478
5707	2018-04-21 12:00:00	8778.96700734	8683.94958544	8700.8738704	8759.99999811	1467860.4656888	168.04855484	8734.74018914
5708	2018-04-21 14:00:00	8841.98350368	8734.83878086	8766.59999862	8830.0	908203.25930836	103.28641465	8793.05630257
5709	2018-04-21 16:00:00	8866.8225177	8718.0207039	8832.16511004	8774.85152989	1107569.2938497	125.81448257	8803.19396642
5710	2018-04-21 18:00:00	8817.06752316	8740.0	8762.29926612	8778.23	389814.6325738	44.38085614	8783.39596118
5711	2018-04-21 20:00:00	8816.31894038	8720.0	8774.23250122	8787.9792962	741366.01549746	84.59459367	8763.75171668
5712	2018-04-21 22:00:00	8935.34877783	8766.977758	8769.40269566	8931.99999846	741882.21374008	83.82932143	8849.91314595
5713	2018-04-22 00:00:00	8931.99999991	8796.01584054	8905.20399847	8815.0	591342.97306919	66.82938381	8848.5474406
5714	2018-04-22 02:00:00	8881.17798615	8811.82837766	8821.55797833	8824.2950109	409644.01105554	46.267098	8853.8946414
5715	2018-04-22 04:00:00	8882.00953471	8791.87321402	8820.0	8851.91377765	490575.27655234	55.62857338	8818.76429224
5716	2018-04-22 06:00:00	8899.58964037	8834.44482536	8851.91377584	8863.47184274	512816.63881274	57.80079319	8872.13843462
5717	2018-04-22 08:00:00	8968.63342495	8860.0	8860.00000414	8916.24897556	1144255.7844114	128.2269616	8923.6754122
5718	2018-04-22 10:00:00	9011.76053216	8896.55109467	8916.24897557	8923.3450001	2105906.0936802	234.79093591	8969.28190825
5719	2018-04-22 12:00:00	8960.44852114	8799.84957196	8932.97929619	8870.0	1417024.3229774	159.93494376	8860.00450973
5720	2018-04-22 14:00:00	8989.42952518	8860.0	8864.0514076	8949.72766957	1037799.6519518	116.05980013	8941.93898998
5721	2018-04-22 16:00:00	9027.83932177	8841.001001	8935.42883464	8952.63186185	1013436.2795883	113.34377019	8941.26141992
5722	2018-04-22 18:00:00	8970.49787004	8860.95859113	8940.0	8876.43485133	880125.20298788	98.87072191	8901.77785683
5723	2018-04-22 20:00:00	8917.70907856	8864.06469962	8880.0	8892.89711082	522118.09475133	58.71630665	8892.21622646
5724	2018-04-22 22:00:00	8918.0	8732.0000003	8895.0	8791.99999909	1698312.8006061	192.70675006	8812.93883103
5725	2018-04-23 00:00:00	8875.0	8756.93816833	8782.81550804	8869.94039262	542439.37766447	61.48062115	8822.9326171
5726	2018-04-23 02:00:00	8914.89999999	8829.60730645	8875.68897355	8880.37937466	1229363.5582296	138.23015738	8893.59877418
5727	2018-04-23 04:00:00	8910.09154333	8821.56088973	8858.47126055	8881.0666522	988778.71665209	111.46507997	8870.74873061
5728	2018-04-23 06:00:00	8979.26162193	8838.04553579	8891.36594485	8944.77782501	1098114.9346085	123.19908178	8913.33700497
5729	2018-04-23 08:00:00	8969.87974562	8844.33040747	8942.0	8888.51414259	1263136.7490482	141.94240316	8898.93873097
5730	2018-04-23 10:00:00	8941.77645004	8875.99999998	8888.61414547	8935.08813675	675419.84689733	75.84542749	8905.21510985
5731	2018-04-23 12:00:00	8990.0	8903.30106496	8933.0	8930.38589506	743754.88258239	83.07686554	8952.61126846
5732	2018-04-23 14:00:00	8939.37790959	8860.03119168	8930.38589507	8889.15552248	705135.39939555	79.20064996	8903.15167554
5733	2018-04-23 16:00:00	8942.83095165	8860.90000009	8903.78903973	8871.15552398	608140.43212485	68.37609248	8894.05068449
5734	2018-04-23 18:00:00	8921.48428171	8804.11280701	8888.068208	8859.93334723	701071.95751276	78.97274368	8877.39142448
5735	2018-04-23 20:00:00	8943.87348792	8830.13330451	8859.91684358	8943.87348792	489630.69704845	54.98725604	8904.43954308
5736	2018-04-23 22:00:00	8955.0	8915.1	8943.87348792	8934.97778259	402157.3336738	45.00041915	8936.74639636
5737	2018-04-24 00:00:00	9205.61098505	8915.23330792	8942.93334776	9183.0	3728460.5499547	407.84350308	9141.89026378
5738	2018-04-24 02:00:00	9227.83932177	9170.0	9189.89999974	9173.40000006	930858.75999312	101.23880238	9194.68364016
5739	2018-04-24 04:00:00	9295.0	9172.10000044	9172.10000044	9287.6561448	1674899.501891	181.21386296	9242.66761125
5740	2018-04-24 06:00:00	9289.0	9190.0	9287.6561448	9221.92	1648203.0174744	178.43887421	9236.79341046
5741	2018-04-24 08:00:00	9289.0	9221.92	9222.87999693	9285.00000001	1328138.7978675	143.32230189	9266.79784201
5742	2018-04-24 10:00:00	9350.99999984	9270.99999999	9289.0	9285.0000001	1887192.3921207	202.71820975	9309.43694919
5743	2018-04-24 12:00:00	9410.41189715	9251.2972745	9285.0000001	9260.022	2709211.1089094	291.00093368	9309.97393942
5744	2018-04-24 14:00:00	9366.06524567	9191.6623675	9260.022	9330.57884105	1962858.6638113	211.35566397	9286.99343533
5745	2018-04-24 16:00:00	9414.0	9312.08516877	9343.0790686	9410.0	931591.35105326	99.51719663	9361.10926151
5746	2018-04-24 18:00:00	9467.07948446	9299.77490528	9410.0	9466.99023797	1883618.6635631	200.16488962	9410.33498501
5747	2018-04-24 20:00:00	9499.98869007	9411.85829652	9466.99023797	9459.3484151	2471692.0159163	261.00997137	9469.72256631
5748	2018-04-24 22:00:00	9729.87993246	9449.0	9473.0	9633.63095161	3867928.4916986	402.89376807	9600.36813234
5749	2018-04-25 00:00:00	9679.85569034	9458.79516327	9635.99999999	9612.6124981	3145052.1745231	327.83184816	9593.49188364
5750	2018-04-25 02:00:00	9754.97802829	9322.8082288	9612.63483607	9325.0	3685793.0377171	384.10486566	9595.79887483
5751	2018-04-25 04:00:00	9520.0	9180.0000001	9360.0000001	9399.9	6061090.6411536	649.41368018	9333.17363975
5752	2018-04-25 06:00:00	9479.51612224	9337.2024265	9386.0	9400.46177861	1268468.3301742	134.69665449	9417.22223894
5753	2018-04-25 08:00:00	9448.9	9250.13260777	9409.315	9290.00000001	1630471.8693085	174.99860526	9317.05636674
5754	2018-04-25 10:00:00	9313.77881638	9020.0	9290.00000001	9164.69999986	5087810.0511919	557.74572896	9122.09594267
5755	2018-04-25 12:00:00	9229.16856146	9001.5	9160.0	9047.02197171	2551534.7173279	280.10054591	9109.35288982
5756	2018-04-25 14:00:00	9059.95605659	8779.90578456	9047.02197171	8978.8	6660931.0974907	748.23672329	8902.17078386
5757	2018-04-25 16:00:00	9089.0	8846.81106711	8978.29999998	9043.51822674	2231718.3156529	249.05318573	8960.81015431
5758	2018-04-25 18:00:00	9066.71047923	8950.0	9066.71047923	8957.02197171	947108.8637565	105.26899569	8997.03523861
5759	2018-04-25 20:00:00	9165.0	8968.08980497	8977.93335238	9165.0	2330694.8705486	256.1088166	9100.40857433
5760	2018-04-25 22:00:00	9183.6328245	8770.10010001	9156.53600788	8860.0240739	2860756.0743176	318.16633067	8991.38531815
5761	2018-04-26 00:00:00	8876.89999935	8652.58532314	8876.89999935	8754.0905896	1997812.3447654	228.22049018	8753.86930941
5762	2018-04-26 02:00:00	8905.92716567	8744.201431	8770.90751286	8817.84426239	1161110.0917877	131.07277955	8858.51429849
5763	2018-04-26 04:00:00	8970.0	8805.00000001	8810.0	8880.00000025	884211.91515324	99.4021683	8895.29806316
5764	2018-04-26 06:00:00	8933.3	8775.00000001	8884.51001009	8866.83863136	2531353.822627	286.19924455	8844.72573156
5765	2018-04-26 08:00:00	8881.81642492	8666.00000001	8866.83863136	8750.0	3412147.4219731	389.59040344	8758.29433128
5766	2018-04-26 10:00:00	8935.29999999	8727.5444352	8727.5444352	8850.11067851	2021811.9090255	228.66354656	8841.86368768
5767	2018-04-26 12:00:00	8950.0	8783.00010042	8855.0	8815.02221759	1385986.7265968	156.04227998	8882.12301675
5768	2018-04-26 14:00:00	8909.918539	8734.74000001	8815.04443499	8800.13692187	1516463.1392539	172.07404344	8812.85235668
5769	2018-04-26 16:00:00	8925.19999983	8766.65131278	8800.13692187	8842.13988105	1247067.1628197	140.79791615	8857.1421859
5770	2018-04-26 18:00:00	8898.0	8819.38678138	8849.0	8870.62	532959.95792895	60.17263284	8857.18195755
5771	2018-04-26 20:00:00	9175.0	8870.62	8870.62	9098.16908011	2332048.7880853	256.57684925	9089.08498526
5772	2018-04-26 22:00:00	9299.0	9098.16908011	9098.16908026	9286.0	2114419.8746315	229.42347211	9216.23169236
5773	2018-04-27 00:00:00	9289.99999943	9192.21427187	9286.0	9243.60148616	1966533.7921774	213.03080405	9231.2179966
5774	2018-04-27 02:00:00	9298.90488931	9137.49948888	9243.60148649	9140.00000002	1707080.5915497	184.72283848	9241.30771049
5775	2018-04-27 04:00:00	9232.8829205	9114.19947372	9159.79388016	9171.87265082	1009840.0569779	109.8184007	9195.54510483
5776	2018-04-27 06:00:00	9253.0	9171.87265084	9171.87265084	9227.138	1230697.9346906	133.47507903	9220.43233564
5777	2018-04-27 08:00:00	9375.00000042	9217.0	9229.16033806	9361.0	1586801.4575509	170.56765278	9303.06205009
5778	2018-04-27 10:00:00	9386.0	9293.37058325	9370.8	9300.0	1395145.4784539	149.44342546	9335.60960717
5779	2018-04-27 12:00:00	9348.54080331	9149.3	9293.37058325	9232.84447585	1213705.6158169	131.25114622	9247.20012564
5780	2018-04-27 14:00:00	9273.48575	9200.0	9227.42373693	9239.84651126	1457052.5052509	157.60655829	9244.87230137
5781	2018-04-27 16:00:00	9318.58608999	9224.85427187	9239.84651126	9284.0	928486.40785773	99.90238351	9293.93649316
5782	2018-04-27 18:00:00	9294.95351077	9080.00000001	9284.97572819	9087.0001	1940397.666214	211.09340736	9192.12821698
5783	2018-04-27 20:00:00	9200.83492776	8931.03957393	9080.72221741	8998.41145445	2717103.7744749	300.53913357	9040.76531465
5784	2018-04-27 22:00:00	9081.74578712	8920.00000004	8990.01	8920.01000009	1164287.4253518	129.09893789	9018.56703378
5785	2018-04-28 00:00:00	9092.6253188	8881.05894107	8920.00000001	9079.00951565	1558590.9198221	173.48263307	8984.13225716
5786	2018-04-28 02:00:00	9150.0	9011.58800595	9079.00951565	9135.13432705	831544.98228747	91.48045737	9089.86472295
5787	2018-04-28 04:00:00	9180.1121	9060.39696624	9149.94	9150.00000018	488802.61215842	53.49847584	9136.75772035
5788	2018-04-28 06:00:00	9204.91	9114.49704417	9164.91112975	9144.80832495	460254.64111208	50.22746022	9163.40661256
5789	2018-04-28 08:00:00	9325.0	9077.85561632	9144.78405312	9261.22749165	2290775.5115899	247.38732613	9259.8741715
5790	2018-04-28 10:00:00	9300.00000001	9200.0	9276.30357878	9212.0	867705.79390358	93.82809374	9247.82503104
5791	2018-04-28 12:00:00	9399.0	9201.0	9212.0	9384.0	2258187.5689904	241.34005605	9356.87016051
5792	2018-04-28 14:00:00	9428.99999999	9254.52301	9384.0	9349.78944294	1703255.7498749	182.32195735	9342.02207255
5793	2018-04-28 16:00:00	9380.0	9270.0	9350.0	9292.55376289	595931.98060647	63.86067948	9331.75132897
5794	2018-04-28 18:00:00	9411.29768432	9292.0	9292.55376289	9390.00011004	522349.98070564	55.66137268	9384.42506096
5795	2018-04-28 20:00:00	9430.77714092	9261.0	9382.97572886	9293.51225819	988325.70601805	105.74810341	9346.03717842
5796	2018-04-28 22:00:00	9387.18480414	9295.0	9295.0	9330.76125733	312025.41003457	33.38626034	9345.92274956
5797	2018-04-29 00:00:00	9514.74201069	9341.0	9358.16229919	9474.91436552	2892548.9330773	305.63301189	9464.12468728
5798	2018-04-29 02:00:00	9580.0	9442.21454465	9473.57807383	9484.97757702	1182912.4497463	124.44617053	9505.41462793
5799	2018-04-29 04:00:00	9518.50949021	9378.45555555	9485.02233812	9420.00000013	579664.38044276	61.29797015	9456.50205095
5800	2018-04-29 06:00:00	9499.99999999	9411.0	9420.04471878	9433.99	342811.96545409	36.24537459	9458.08863425
5801	2018-04-29 08:00:00	9468.99999896	9230.0	9433.9900046	9293.0	1996777.9750997	214.43301957	9311.89599019
5802	2018-04-29 10:00:00	9309.97761925	9168.08572389	9293.0	9241.62233809	1276473.6885718	138.49275952	9216.89836346
5803	2018-04-29 12:00:00	9322.0	9210.45921449	9241.8	9320.99999953	1983682.3768395	214.10013649	9265.208371
5804	2018-04-29 14:00:00	9360.0	9274.46400029	9320.9998335	9343.75113639	720863.82537816	77.33899551	9320.83253247
5805	2018-04-29 16:00:00	9352.21590889	9236.82767505	9343.70646009	9348.49999696	605962.74237135	65.15326085	9300.57428386
5806	2018-04-29 18:00:00	9351.1299	9300.2185623	9345.39999949	9318.30493	397728.79655585	42.60333653	9335.62553899
5807	2018-04-29 20:00:00	9352.23824826	9287.0	9318.30493	9326.0	689402.63390231	74.03772506	9311.50482194
5808	2018-04-29 22:00:00	9434.85660925	9323.52484455	9344.5063767	9423.79999636	673701.8805792	71.61777759	9406.90849744
5809	2018-04-30 00:00:00	9441.9	9347.13247199	9423.79999636	9400.5772152	483019.34620989	51.40020912	9397.22531249
5810	2018-04-30 02:00:00	9454.0	9254.0	9401.98747419	9290.93399845	952583.70757632	101.79665093	9357.71166215
5811	2018-04-30 04:00:00	9352.75274786	9258.0	9261.00000251	9340.32168197	253611.38339152	27.24245659	9309.41681245
5812	2018-04-30 06:00:00	9367.96831528	9180.0	9340.32168198	9216.01014942	1194455.473402	129.1351006	9249.65766745
5813	2018-04-30 08:00:00	9250.00282516	9101.0	9215.91014942	9215.0	1317935.886921	143.70797906	9170.93049071
5814	2018-04-30 10:00:00	9289.04394357	9178.87708176	9218.0	9265.0	651619.33914042	70.51219764	9241.22862355
5815	2018-04-30 12:00:00	9327.16333942	9260.40213118	9265.04467644	9275.72	496499.49490014	53.38143293	9300.97728083
5816	2018-04-30 14:00:00	9311.69999999	9245.000001	9275.72427572	9307.0	667710.25945398	71.98186671	9276.08979833
5817	2018-04-30 16:00:00	9350.00000001	9259.00000001	9310.0	9315.18129516	474019.45153511	50.89729372	9313.25453456
5818	2018-04-30 18:00:00	9364.69424225	9275.40628243	9315.22646875	9309.54934296	605571.93503761	64.92114759	9327.80700153
5819	2018-04-30 20:00:00	9344.38342685	9208.00000001	9320.66914954	9240.0	637508.50124963	68.83581154	9261.29128119
5820	2018-04-30 22:00:00	9293.4	9158.54320134	9243.05731777	9218.79293079	1058491.7651186	114.63853752	9233.29787711
