	date	high	low	open	close	volume	quoteVolume	weightedAverage
0	2016-12-31 23:00:00	966.17368384	966.17368384	966.17368384	966.17368384	0.0	0.0	966.17368384
1	2017-01-01 00:00:00	968.0	957.02	965.00000055	960.54319521	66617.44679797	69.16734967	963.13429841
2	2017-01-01 04:00:00	967.99989999	960.19226674	960.97761407	967.8	59615.9476872	61.8015708	964.6348291
3	2017-01-01 08:00:00	976.301	962.72003911	966.99999999	974.51000806	104792.58569932	108.07460815	969.63188202
4	2017-01-01 12:00:00	980.00000001	970.71223893	974.51001253	979.15442978	84134.15709085	86.093739	977.2389731
5	2017-01-01 16:00:00	1002.0	979.15442979	979.15442979	999.70000119	383279.08809473	385.3963591	994.50625062
6	2017-01-01 20:00:00	1008.54999326	993.71208086	997.90001872	999.36463982	498429.03621882	496.80500921	1003.2689425
7	2017-01-02 00:00:00	1017.0	997.11485556	999.92218873	1012.99999844	207130.83806444	206.18891067	1004.56827378
8	2017-01-02 04:00:00	1019.94999999	1005.36570622	1011.70463477	1018.92603154	127753.76307194	126.01640693	1013.78674558
9	2017-01-02 08:00:00	1034.32896003	1011.0	1019.0	1033.5	229479.262432	224.69922075	1021.27306746
10	2017-01-02 12:00:00	1033.9990995	1000.00000001	1033.5	1028.0	459824.80252169	450.77602473	1020.07377787
11	2017-01-02 16:00:00	1033.9990995	1011.0713565	1027.53000002	1013.66007041	350326.44960483	342.29944511	1023.45024103
12	2017-01-02 20:00:00	1025.0	994.00000044	1012.18140289	1019.00000076	473266.27065002	468.60702187	1009.94276347
13	2017-01-03 00:00:00	1030.35455897	1018.00000023	1019.00000076	1027.90845791	155339.56674554	151.50145267	1025.33384339
14	2017-01-03 04:00:00	1028.999	1015.40000001	1028.36329008	1020.60000451	168417.71055697	164.8573017	1021.59691333
15	2017-01-03 08:00:00	1025.00000491	1010.0	1021.99999999	1020.44	246347.45472242	242.24163132	1016.94928893
16	2017-01-03 12:00:00	1025.98126518	1012.23593031	1020.44	1018.06785697	240089.88211414	236.0145118	1017.26745649
17	2017-01-03 16:00:00	1025.5	1013.0	1017.99999999	1023.29999998	201160.02312693	197.43879145	1018.84752053
18	2017-01-03 20:00:00	1042.02336482	1016.93177388	1023.0	1037.1	355886.50779694	345.71752432	1029.41413946
19	2017-01-04 00:00:00	1052.86383786	1035.9006986	1037.1	1050.56828404	224799.7974639	215.26415673	1044.29739199
20	2017-01-04 04:00:00	1065.0	1044.68794903	1048.77041661	1058.41310249	284643.30707806	269.3841153	1056.64473482
21	2017-01-04 08:00:00	1086.48000004	1055.00000001	1058.41310249	1079.99999989	428424.32139519	399.5114463	1072.37058002
22	2017-01-04 12:00:00	1095.23421286	1057.02770894	1079.99999989	1085.75	917746.27869119	849.33543981	1080.54631382
23	2017-01-04 16:00:00	1135.99999998	1083.47618919	1085.75	1120.0	1358055.0735796	1217.16991758	1115.74814162
24	2017-01-04 20:00:00	1148.0	1089.0	1120.0	1136.0	925840.38095617	827.56268782	1118.75558744
25	2017-01-05 00:00:00	1140.0	1097.00000009	1134.10000001	1137.74514047	479145.48152483	426.63699346	1123.07532836
26	2017-01-05 04:00:00	1159.103	1128.0	1135.74514048	1146.62889542	488383.36912157	426.05702024	1146.2864028
27	2017-01-05 08:00:00	1148.79999697	1035.0	1146.62889524	1088.74884984	1775570.8410304	1634.09890044	1086.57489491
28	2017-01-05 12:00:00	1087.24166247	882.01	1085.51000021	994.99999999	4591651.9458893	4729.21820686	970.91141601
29	2017-01-05 16:00:00	995.0	940.338	994.99999999	959.99999998	1286850.9483781	1335.31747627	963.70411624
30	2017-01-05 20:00:00	1018.99148415	950.0	958.956	998.8	1003142.5509218	1016.60578817	986.75667854
31	2017-01-06 00:00:00	1024.88	950.0	998.8	979.81575992	706223.58722817	713.10842547	990.34531356
32	2017-01-06 04:00:00	985.01	937.913	979.81575995	974.99999999	577927.77497337	598.63898128	965.40284386
33	2017-01-06 08:00:00	975.01000003	870.0	974.0	892.43999996	1967951.0513847	2159.8738148	911.14167776
34	2017-01-06 12:00:00	919.98291433	874.148117	890.00000007	914.01000287	1189897.3187626	1328.28970326	895.8115958
35	2017-01-06 16:00:00	923.00000023	880.92005365	915.0	890.99999795	727664.77293115	808.29690883	900.24440893
36	2017-01-06 20:00:00	903.75895	875.2	886.8860016	896.0	549073.2375136	616.81120073	890.18039371
37	2017-01-07 00:00:00	898.96838814	825.0	896.0	837.76000239	1195683.1485702	1403.03723667	852.21055957
38	2017-01-07 04:00:00	852.0	820.0	837.40000239	838.1	600634.8036218	718.72205742	835.69830287
39	2017-01-07 08:00:00	894.76127981	818.45971802	838.41599726	878.86999998	927863.57307905	1079.98148153	859.14766961
40	2017-01-07 12:00:00	898.58599994	860.0	877.76263342	891.0	791709.11302361	896.51143323	883.0998509
41	2017-01-07 16:00:00	910.8275191	878.0	891.0	888.99999999	603612.98693175	670.28304944	900.53446441
42	2017-01-07 20:00:00	907.99989999	884.0	888.99999999	907.19047915	326574.42484353	365.56544569	893.34051862
43	2017-01-08 00:00:00	922.0	895.52637828	907.0	921.99999981	363461.64435104	398.884206	911.19587811
44	2017-01-08 04:00:00	939.65955395	917.91194132	921.99999982	931.99999847	623415.24281919	670.58166317	929.66342066
45	2017-01-08 08:00:00	938.0	910.000001	931.99999892	912.0	447756.31380138	482.48544803	928.02034886
46	2017-01-08 12:00:00	928.965	898.00000138	913.99999985	913.15999863	565738.95246093	619.27994418	913.54315245
47	2017-01-08 16:00:00	918.22864384	891.1	912.75	907.94999997	427706.53541783	472.31007859	905.56300787
48	2017-01-08 20:00:00	919.0	901.69999598	907.94999999	916.0	284266.88921754	311.29950523	913.16203348
49	2017-01-09 00:00:00	916.41833046	880.0	916.41832969	890.0	569452.1215298	638.06148365	892.47217724
50	2017-01-09 04:00:00	898.67291085	883.01000001	893.85999803	889.99999999	226727.45770604	253.84390506	893.1766853
51	2017-01-09 08:00:00	911.0	882.52000001	889.66063704	906.0	235487.25633628	263.17753296	894.78480054
52	2017-01-09 12:00:00	911.0	900.52000008	906.00999964	901.05458313	142027.38166125	156.65219238	906.64151904
53	2017-01-09 16:00:00	905.08458416	890.08999205	902.0	894.0000014	208746.96342321	233.07280585	895.62985549
54	2017-01-09 20:00:00	907.98888878	894.00000141	894.7	902.0	178885.33753428	198.61684913	900.65539916
55	2017-01-10 00:00:00	915.83230945	902.00003575	903.00000001	908.86999948	130211.18220549	142.9488843	910.89330877
56	2017-01-10 04:00:00	908.86999944	898.0	908.86999944	903.15195191	117340.66902913	129.8869017	903.40648281
57	2017-01-10 08:00:00	915.0	901.18	905.00000026	906.81743258	275118.98138186	302.5105321	909.45257169
58	2017-01-10 12:00:00	912.65999999	902.00500001	906.81743258	905.75000482	100894.94387942	111.13211202	907.88289762
59	2017-01-10 16:00:00	907.99999977	904.08	906.03568146	906.15000002	63779.76157424	70.37379256	906.29990588
60	2017-01-10 20:00:00	912.21672002	905.5	906.5	907.1	96567.03937475	106.13296266	909.86849848
61	2017-01-11 00:00:00	914.33340002	907.10000001	907.92945179	914.0	128809.32819897	141.44672227	910.65615471
62	2017-01-11 04:00:00	927.82810365	914.0	914.16670001	919.17999343	434028.06726963	470.98446209	921.53372819
63	2017-01-11 08:00:00	919.22997286	831.1	918.00000004	844.0	1565098.8593567	1807.79822591	865.74864214
64	2017-01-11 12:00:00	844.00000202	790.320679	844.0	799.89999927	2186106.0069271	2689.59364847	812.80159483
65	2017-01-11 16:00:00	817.99999978	751.0	799.0	794.99999999	1569350.2855101	2013.19324997	779.53285683
66	2017-01-11 20:00:00	805.00000001	775.03841069	793.81586619	781.81160101	639148.78430627	811.38123976	787.7293102
67	2017-01-12 00:00:00	785.398	754.999992	781.85160104	779.87033055	759938.62784357	988.96521661	768.41795351
68	2017-01-12 04:00:00	779.87033019	752.0102	779.87033018	757.00000001	326275.51595761	426.041662	765.83007029
69	2017-01-12 08:00:00	782.49899998	756.36590849	756.77000007	768.49999926	328058.23655816	427.22528073	767.88114223
70	2017-01-12 12:00:00	802.86012262	766.80000272	768.49999892	797.49999951	531443.64933671	677.06482459	784.92284643
71	2017-01-12 16:00:00	819.999	796.00000002	797.00000001	819.00000001	428909.90442583	531.01340775	807.71953808
72	2017-01-12 20:00:00	832.87989967	798.12111111	819.99	803.6952791	703323.41632792	860.51375747	817.32965943
73	2017-01-13 00:00:00	814.1319989	788.0	805.00000361	788.00000001	245862.80439174	306.93841624	801.01672317
74	2017-01-13 04:00:00	793.16660999	776.02899497	788.00000001	780.68833696	347690.80861697	443.64835052	783.70810622
75	2017-01-13 08:00:00	805.8585361	780.10000215	780.68833696	800.57700018	277329.06456247	348.2600528	796.32752115
76	2017-01-13 12:00:00	821.85048198	792.00000028	802.52014563	816.30948948	315208.18592006	390.1823624	807.84837115
77	2017-01-13 16:00:00	830.59290797	815.00000013	817.0	821.3749542	555258.57018889	673.75993342	824.11930814
78	2017-01-13 20:00:00	830.0	817.0	821.3749542	826.0	268364.67708172	325.61413205	824.18006673
79	2017-01-14 00:00:00	836.04000001	816.17353591	827.0	818.1879795	260665.09113021	314.49686043	828.83209318
80	2017-01-14 04:00:00	827.50199999	816.7	818.18797951	825.105	53194.01818878	64.62977945	823.05739925
81	2017-01-14 08:00:00	834.6999	822.45373698	825.105	834.69989999	99250.62437374	119.67414063	829.34060651
82	2017-01-14 12:00:00	836.0	820.14	833.67	830.1	236458.86429426	285.61581889	827.89134444
83	2017-01-14 16:00:00	832.49999999	823.33	830.96749484	825.0	59454.55017287	71.88643432	827.06216736
84	2017-01-14 20:00:00	830.19	801.97500223	825.0	817.47703098	401968.06401323	492.08474942	816.86755073
85	2017-01-15 00:00:00	822.7029242	812.57281779	817.47703099	816.0	99906.23584068	121.98384524	819.01202281
86	2017-01-15 04:00:00	817.99999999	805.0	816.0	808.69593493	141771.24849457	174.66905205	811.6563686
87	2017-01-15 08:00:00	823.08237983	805.23447585	807.1460251	819.9908239	114846.4684132	140.98963351	814.57384882
88	2017-01-15 12:00:00	823.498	809.66	819.99999799	813.97999594	118520.71498022	144.9280913	817.78980125
89	2017-01-15 16:00:00	817.73093664	806.65297109	813.97999594	809.44000065	143066.88445549	176.39331617	811.06749145
90	2017-01-15 20:00:00	821.7200101	807.44000067	809.45000065	818.7012449	114268.61180322	140.29524692	814.48669368
91	2017-01-16 00:00:00	834.15680536	817.54469374	818.762	829.0	197030.17983181	238.57687856	825.8561392
92	2017-01-16 04:00:00	830.0	823.77539026	829.0	828.99	61426.82744468	74.2423818	827.38223041
93	2017-01-16 08:00:00	830.9	816.0	828.621	818.445	117510.47065974	142.82896018	822.73560286
94	2017-01-16 12:00:00	828.93821481	817.56765385	818.445	828.93821481	61474.47382694	74.62506224	823.77785668
95	2017-01-16 16:00:00	832.8914193	824.08002305	828.91413358	830.89999918	112797.95006698	136.09413227	828.8230226
96	2017-01-16 20:00:00	834.0	826.0	830.7331087	829.00000001	93552.31347239	112.75278993	829.71173955
97	2017-01-17 00:00:00	843.51540827	827.75970935	829.00000001	843.51540827	162655.64714806	194.36115182	836.87324151
98	2017-01-17 04:00:00	888.99999999	843.41	843.52062606	880.000005	506807.55846572	583.7607785	868.17678941
99	2017-01-17 08:00:00	893.49999999	870.4	880.000005	874.0	584422.25062341	661.05203595	884.07904195
100	2017-01-17 12:00:00	884.98999999	867.08	871.99000086	879.16999925	422881.63723938	481.9730586	877.39683721
101	2017-01-17 16:00:00	907.0	875.91597447	879.16999821	905.31111	641000.02731251	715.10452654	896.37249314
102	2017-01-17 20:00:00	908.53017772	891.11000001	905.96594059	902.70000066	361616.17290859	400.89066196	902.03191848
103	2017-01-18 00:00:00	912.0	880.0	902.27579339	888.85	464398.26202601	517.60084712	897.21310274
104	2017-01-18 04:00:00	900.80521098	888.780011	888.78001101	893.0	170074.18922515	189.57431889	897.1372822
105	2017-01-18 08:00:00	900.49125578	881.1415926	894.49999903	898.16478901	211630.74652217	237.6419637	890.54451169
106	2017-01-18 12:00:00	900.0	850.0	898.16478901	872.59999965	751805.82074706	865.95143808	868.1847361
107	2017-01-18 16:00:00	876.9487	862.02	872.59999909	870.22299773	207955.00394652	238.52333715	871.84342811
108	2017-01-18 20:00:00	889.00000041	864.0	870.22299829	886.20000033	153999.32728128	176.22258223	873.89099247
109	2017-01-19 00:00:00	899.98	883.3	886.20000054	894.269	262257.83785146	293.6750229	893.02057512
110	2017-01-19 04:00:00	894.26899999	886.24991111	894.26899999	889.4999972	103372.98769226	116.21784481	889.47603409
111	2017-01-19 08:00:00	897.12000001	885.00000141	889.49998985	887.0	207167.93266449	232.24926309	892.00684604
112	2017-01-19 12:00:00	894.2	886.38000001	886.38000069	892.04883208	130543.90164343	146.64178118	890.22310417
113	2017-01-19 16:00:00	904.86200041	892.01	894.0	901.50000006	269461.92120724	299.75387377	898.94391628
114	2017-01-19 20:00:00	906.999999	891.10000001	901.50000008	900.23240036	246307.80690076	273.38806776	900.94571031
115	2017-01-20 00:00:00	902.0	895.0	900.30000001	899.00000001	109380.13570464	121.7461459	898.4279124
116	2017-01-20 04:00:00	900.30688287	886.53000002	900.30688287	896.89999999	181497.85527378	203.60196009	891.43471503
117	2017-01-20 08:00:00	897.99999859	882.5432	896.75241328	891.77999792	175161.84224668	196.79343907	890.07968494
118	2017-01-20 12:00:00	900.0	890.42858561	891.77998999	899.74999997	163839.08032799	182.69356566	896.79721196
119	2017-01-20 16:00:00	902.42999999	895.0	899.43149294	898.62000536	113023.45639589	125.81468936	898.33275407
120	2017-01-20 20:00:00	902.0	893.53000001	898.62000536	895.0	98862.7621103	110.17425668	897.33087464
121	2017-01-21 00:00:00	922.4348548	894.00000001	895.09971139	921.68860335	378585.62580149	414.97945778	912.29967822
122	2017-01-21 04:00:00	924.00000001	908.20000001	921.00000018	917.96250105	290279.49165913	316.86618632	916.09488229
123	2017-01-21 08:00:00	926.99999001	915.07820376	917.96250105	922.99999999	167409.12826409	181.77820788	920.95268303
124	2017-01-21 12:00:00	928.0	918.76	922.99999999	921.0	244710.82671166	264.9613516	923.57177842
125	2017-01-21 16:00:00	924.04761688	916.50000014	921.0	921.9	235414.10177711	255.72726663	920.56707475
126	2017-01-21 20:00:00	928.51849391	920.39790165	921.89999964	925.70599998	81484.81789414	88.04578252	925.48235204
127	2017-01-22 00:00:00	939.06071045	925.40599999	925.70599998	936.12812748	232743.33597953	249.14483781	934.16880729
128	2017-01-22 04:00:00	938.98602714	931.00000001	937.99999998	936.000001	84760.65456969	90.72389989	934.27040363
129	2017-01-22 08:00:00	938.0	925.82666496	936.00000099	932.05084579	205458.56870246	220.87349386	930.20925739
130	2017-01-22 12:00:00	931.86647005	894.10010012	931.00000207	912.49999998	728604.20956444	801.51226974	909.03687575
131	2017-01-22 16:00:00	919.99999999	910.63565114	912.49999998	911.90933725	190526.11018439	208.15379842	915.31411692
132	2017-01-22 20:00:00	924.11939955	911.70000091	911.70000091	924.11939955	125077.17649182	136.02612919	919.50845941
133	2017-01-23 00:00:00	926.0	913.49	923.99	922.99999506	142717.69878462	154.91435398	921.26839842
134	2017-01-23 04:00:00	922.0	917.0	921.00000001	921.99999999	66152.00940126	71.9773506	919.06702385
135	2017-01-23 08:00:00	924.0	918.29545	919.53000038	924.0	86682.7225377	94.06412132	921.52801005
136	2017-01-23 12:00:00	927.2351	914.17625754	924.0	919.08765049	881088.76180702	958.78334304	918.96544532
137	2017-01-23 16:00:00	921.999	912.49	917.10000246	917.90419447	142668.64052893	155.43011963	917.89571331
138	2017-01-23 20:00:00	922.0	912.22165	916.04000067	912.22165	105995.36598211	115.52132985	917.53935069
139	2017-01-24 00:00:00	913.83830686	891.31347357	912.22165	912.2999891	695366.05754551	771.09768551	901.78724513
140	2017-01-24 04:00:00	923.0	911.08807922	911.08807922	917.64999977	220392.24239523	240.41048374	916.73307655
141	2017-01-24 08:00:00	917.99999999	892.0	915.00000001	904.0	326986.14776736	360.67522356	906.59442736
142	2017-01-24 12:00:00	909.74999846	899.0	904.0	902.5	212811.19972282	235.52462062	903.56243505
143	2017-01-24 16:00:00	909.99	900.50000476	900.50000476	903.090001	124449.86685338	137.4139706	905.65658142
144	2017-01-24 20:00:00	904.88999974	884.281	903.00000001	885.00000008	569629.54035745	637.80538186	893.1087077
145	2017-01-25 00:00:00	899.99	884.90000009	885.10000044	896.01572809	327657.78904691	367.67546309	891.16033551
146	2017-01-25 04:00:00	898.0	891.52	895.0	892.16903834	65918.05296292	73.72085275	894.15749416
147	2017-01-25 08:00:00	898.50350415	886.51000001	893.63259821	892.0	108777.14248996	121.83791167	892.80209254
148	2017-01-25 12:00:00	896.79999971	882.08	892.01000001	887.0	175887.3301002	198.0931798	887.90199782
149	2017-01-25 16:00:00	896.89620022	885.001	887.0	895.76080103	165419.88310124	185.46133846	891.93728717
150	2017-01-25 20:00:00	898.12666992	892.1	893.01000002	892.66777263	105195.7170285	117.46788877	895.52743417
151	2017-01-26 00:00:00	903.57735491	892.66777263	892.66777263	901.99999999	248814.70113103	276.71715006	899.16617411
152	2017-01-26 04:00:00	903.0	894.54873118	901.99999999	899.43999473	71139.93994399	79.08441646	899.54434929
153	2017-01-26 08:00:00	905.0	897.10097247	899.43999137	903.0	96320.10885105	106.73214811	902.4470186
154	2017-01-26 12:00:00	916.648749	901.69871207	902.99999996	916.49140779	269920.99652588	296.54909752	910.20677109
155	2017-01-26 16:00:00	918.0	910.05000016	916.4	917.0	205315.0552912	224.49767269	914.55315697
156	2017-01-26 20:00:00	917.3	910.50000009	917.0	914.09767069	106053.95136816	115.98815234	914.35158874
157	2017-01-27 00:00:00	920.77699999	910.33800001	916.00000001	913.5214761	215238.13387589	234.87759903	916.38425616
158	2017-01-27 04:00:00	918.0	907.8	911.0	918.0	99360.81595985	108.89891889	912.41324498
159	2017-01-27 08:00:00	918.0	912.356	917.71422495	916.38025536	90118.52722684	98.36235741	916.18917642
160	2017-01-27 12:00:00	920.19310934	914.07566115	915.76599397	920.0	103025.61351936	112.38668949	916.70654226
161	2017-01-27 16:00:00	921.65	914.777	918.42548281	917.74999998	156064.29601936	169.93469958	918.37803818
162	2017-01-27 20:00:00	919.81435096	913.74664024	915.11211	917.02745093	117401.5178873	128.21067094	915.69225109
163	2017-01-28 00:00:00	918.67286548	909.9873	917.43677492	916.99999999	205530.29402612	224.85282142	914.06588864
164	2017-01-28 04:00:00	919.10000001	914.24545873	916.97999999	917.10000002	42618.58100542	46.42191495	918.07029182
165	2017-01-28 08:00:00	923.80705935	917.04000001	919.0	922.75200771	172220.01559054	187.00894501	920.91859874
166	2017-01-28 12:00:00	922.99999996	918.12000001	922.75200851	919.55	71953.19206464	78.12505034	921.00026497
167	2017-01-28 16:00:00	920.5	916.0	918.12000001	919.256	86389.66012586	94.03078833	918.73801826
168	2017-01-28 20:00:00	926.0	917.50000018	919.256	918.58600386	249622.08542147	270.20604247	923.82125558
169	2017-01-29 00:00:00	922.0	918.52	918.99000001	918.81200988	47148.8945185	51.26279762	919.74875948
170	2017-01-29 04:00:00	923.0	918.5	918.81201967	920.99999999	48332.0282165	52.50801486	920.4695387
171	2017-01-29 08:00:00	922.05672369	919.34	919.75	919.35000002	26490.23772318	28.77485786	920.60359957
172	2017-01-29 12:00:00	921.99999999	918.5000002	919.35000002	919.99999999	53714.19051528	58.31427517	921.11563349
173	2017-01-29 16:00:00	919.75000001	911.99999999	918.5000002	911.99999999	116629.41257606	127.31647361	916.059087
174	2017-01-29 20:00:00	918.00000001	911.86040584	911.89841915	914.9998	80249.5499685	87.82435796	913.75048827
175	2017-01-30 00:00:00	917.99999998	911.16052226	913.0	914.73278818	41289.7714601	45.15324528	914.43640881
176	2017-01-30 04:00:00	917.99999996	914.00001264	917.660417	916.7360526	23106.72711212	25.22193228	916.13627598
177	2017-01-30 08:00:00	917.658018	911.24682037	916.7360526	914.99922704	46587.82655331	50.94726135	914.43240164
178	2017-01-30 12:00:00	920.0	914.00213589	915.7	918.00000001	57937.05088514	63.12666835	917.79041092
179	2017-01-30 16:00:00	920.0	915.28	918.0	919.00000001	88583.64898051	96.42716197	918.65867636
180	2017-01-30 20:00:00	920.0	916.0	919.5	918.0	70027.92756755	76.31175176	917.65587805
181	2017-01-31 00:00:00	921.97258483	916.75	919.1191873	921.22707361	70624.08869116	76.8082195	919.4860804
182	2017-01-31 04:00:00	933.525	918.90440375	921.22707361	933.50000002	140805.93159519	151.91611379	926.86633486
183	2017-01-31 08:00:00	941.0	928.5	933.50000001	941.0	318877.84387113	341.26267781	934.40585392
184	2017-01-31 12:00:00	957.0	940.17947143	941.0	956.00795386	543992.7503011	572.55569742	950.11324269
185	2017-01-31 16:00:00	963.3643772	950.09797118	956.00795386	956.87527026	355353.25590049	371.24053092	957.20490168
186	2017-01-31 20:00:00	970.0	950.09797117	954.22027199	967.12176383	217880.7466886	226.71480334	961.03449566
187	2017-02-01 00:00:00	975.99999998	964.03321995	967.75582245	970.99999999	177951.73263783	183.32031675	970.71473469
188	2017-02-01 04:00:00	973.55945408	960.00000001	970.01000003	973.49999992	160580.73278686	166.11790969	966.6671889
189	2017-02-01 08:00:00	976.26720533	955.4	973.3999111	962.00100003	491492.79261671	510.0783778	963.56327577
190	2017-02-01 12:00:00	968.0	958.31	962.00100004	966.84700003	367939.61534695	382.59329409	961.6990706
191	2017-02-01 16:00:00	976.43432656	963.50000002	966.84700004	974.6789	233706.46697513	240.36146058	972.31255963
192	2017-02-01 20:00:00	986.0	970.59759089	974.67889999	983.0	212830.99447929	217.55593896	978.28170307
193	2017-02-02 00:00:00	989.98765432	968.2776983	983.0	976.61878644	283948.2520057	289.82467156	979.72422595
194	2017-02-02 04:00:00	983.5	974.27601449	977.75781812	982.5	86445.50483582	88.37725827	978.1419624
195	2017-02-02 08:00:00	990.12368	981.09165697	982.5	990.12367	117971.22008659	119.58710136	986.48782974
196	2017-02-02 12:00:00	994.0	983.5	990.12367998	993.4	137323.20532123	138.78132038	989.49343431
197	2017-02-02 16:00:00	1003.27002522	989.02	993.4	1000.00000002	763876.25223558	766.01537823	997.20746338
198	2017-02-02 20:00:00	1009.999999	996.12	1000.00000002	1007.99699708	853131.3091979	850.55669234	1003.02697854
199	2017-02-03 00:00:00	1017.84369136	997.80319965	1007.99699708	1016.79999999	355226.53808315	351.86246453	1009.56076277
200	2017-02-03 04:00:00	1023.0	989.0	1013.60000001	1012.0	668437.96740499	663.96917613	1006.73041977
201	2017-02-03 08:00:00	1015.50000005	999.04720199	1012.38440447	1005.83598813	242404.66617389	240.83104064	1006.53414746
202	2017-02-03 12:00:00	1015.0	990.12000001	1006.0	1013.0	492587.46586859	491.52605324	1002.15942292
203	2017-02-03 16:00:00	1017.49999999	1011.49400105	1014.0	1011.49400105	117189.05984811	115.57664069	1013.95108171
204	2017-02-03 20:00:00	1016.29936809	1007.83884559	1011.49400105	1015.04315425	84754.59204095	83.83125371	1011.01424934
205	2017-02-04 00:00:00	1020.0	1004.01000076	1015.87273408	1005.42000066	204377.87837072	201.66235072	1013.46571455
206	2017-02-04 04:00:00	1014.79943322	1002.23999999	1008.3497	1013.5	105322.07624426	104.51660471	1007.70663701
207	2017-02-04 08:00:00	1014.99999999	1006.10000001	1013.49999999	1012.07236637	93733.25130363	92.80267931	1010.02742593
208	2017-02-04 12:00:00	1014.99999999	1009.00000001	1012.07236637	1010.01431981	124572.31963098	123.14970337	1011.551926
209	2017-02-04 16:00:00	1040.0	1009.89	1013.09900998	1039.999	526614.10889303	512.5770958	1027.38517426
210	2017-02-04 20:00:00	1034.99999988	1022.58818444	1034.999999	1032.95	255542.71228218	248.10935944	1029.95998562
211	2017-02-05 00:00:00	1034.0	1021.65180908	1033.0	1029.99999999	133696.73508406	130.12935909	1027.41407487
212	2017-02-05 04:00:00	1030.0	1022.00000002	1029.99999999	1029.10000001	53572.84022482	52.23738251	1025.56517288
213	2017-02-05 08:00:00	1032.773	1018.5	1029.1	1025.499	345378.15158262	336.33243447	1026.89516735
214	2017-02-05 12:00:00	1025.0	1006.77	1025.0	1014.0	287009.80211007	282.87167064	1014.62900636
215	2017-02-05 16:00:00	1015.9	999.0	1013.251	1009.0	450850.14602649	448.79995787	1004.56815585
216	2017-02-05 20:00:00	1015.999	1001.49267926	1009.0	1010.0	177714.76612431	175.95108013	1010.02372928
217	2017-02-06 00:00:00	1017.49	1007.30000001	1008.57261956	1017.0	93896.34459948	92.58609062	1014.15173673
218	2017-02-06 04:00:00	1019.56	1012.33589219	1016.8	1019.56	84441.03567662	83.16884652	1015.29646267
219	2017-02-06 08:00:00	1025.0	1015.001	1018.0	1020.0	105099.06961857	102.95308829	1020.84426377
220	2017-02-06 12:00:00	1023.58060782	1015.80000001	1020.0	1022.79999999	68035.47177032	66.7640617	1019.04333016
221	2017-02-06 16:00:00	1022.92733293	1015.0	1022.79999999	1022.0	150451.13563075	147.59766334	1019.33277415
222	2017-02-06 20:00:00	1024.0	1018.0	1019.2	1021.20000021	58828.18296121	57.56774196	1021.8949182
223	2017-02-07 00:00:00	1027.99999999	1020.60000001	1022.69999279	1027.0	56534.77612109	55.20118385	1024.15876215
224	2017-02-07 04:00:00	1049.00000005	1026.0	1026.99999999	1046.000001	303720.76925852	292.3456135	1038.90995873
225	2017-02-07 08:00:00	1046.18	1039.40000001	1046.18	1044.999	146656.86292217	140.68926343	1042.4168792
226	2017-02-07 12:00:00	1055.29399983	1043.72155707	1044.999	1047.0	300773.99050928	286.73525997	1048.96060059
227	2017-02-07 16:00:00	1053.5	1044.51081253	1047.0	1048.0	141454.51183791	134.8613433	1048.88849819
228	2017-02-07 20:00:00	1054.44337046	1046.26598753	1047.99999999	1052.00000003	153510.59203602	146.31560819	1049.17441095
229	2017-02-08 00:00:00	1065.90000001	1052.00000002	1052.00000003	1064.92048102	226841.61467611	213.73103475	1061.34148904
230	2017-02-08 04:00:00	1069.06999999	1058.93518294	1064.92048102	1059.0	158374.00865135	148.68927073	1065.13407372
231	2017-02-08 08:00:00	1059.6	1015.0	1059.6	1034.64	1093796.6237755	1059.6653406	1032.20949281
232	2017-02-08 12:00:00	1049.68911194	1028.0	1034.64000011	1048.10000008	236369.38965404	227.72741573	1037.94876386
233	2017-02-08 16:00:00	1060.0	1044.48622952	1048.10000008	1060.0	183985.02076027	174.57753026	1053.88717829
234	2017-02-08 20:00:00	1061.99999999	1045.87836738	1059.99999999	1050.98999999	243386.77155567	230.87784861	1054.17983154
235	2017-02-09 00:00:00	1072.0	1041.0	1050.6	1070.01000001	241043.71690829	226.97580619	1061.97978081
236	2017-02-09 04:00:00	1077.99999998	1048.0	1071.0	1056.09957397	355619.80285548	334.6367305	1062.70403229
237	2017-02-09 08:00:00	1066.49999999	1057.00336993	1057.00337004	1065.18599858	133236.92361793	125.39817824	1062.51083937
238	2017-02-09 12:00:00	1065.29999999	898.18028762	1065.18599858	979.99999999	4318109.7383412	4427.78717804	975.22973998
239	2017-02-09 16:00:00	984.61209901	926.0	980.0	936.0	1161628.3005847	1209.61697015	960.32738399
240	2017-02-09 20:00:00	998.02224401	934.0	936.0	987.00000001	748959.06047535	775.61996594	965.62632908
241	2017-02-10 00:00:00	998.123	901.99999995	988.23458713	975.67012357	695705.31095228	722.66914402	962.68855078
242	2017-02-10 04:00:00	979.98488937	953.48603747	976.58099476	968.99999999	248364.54433911	256.62680266	967.80438272
243	2017-02-10 08:00:00	971.69999	945.0	968.99999999	970.0	258113.02613579	269.68802122	957.08005482
244	2017-02-10 12:00:00	980.1	960.02	969.0	977.00000031	585835.03615623	602.29868488	972.66530853
245	2017-02-10 16:00:00	987.99900666	972.0	977.0	987.99	206377.33977145	210.41858897	980.79423867
246	2017-02-10 20:00:00	1004.99	985.00000001	985.5	995.29110341	493463.32276844	495.54295217	995.80333169
247	2017-02-11 00:00:00	1000.0001	984.457	994.0	995.90999477	167320.69735317	168.44478931	993.32664452
248	2017-02-11 04:00:00	1007.49900665	992.0	994.0	1005.2	176858.8819238	176.60803976	1001.42033264
249	2017-02-11 08:00:00	1010.0	984.1	1005.49900666	995.7	343077.27968963	343.00826851	1000.20119392
250	2017-02-11 12:00:00	1005.481006	988.0	997.99900665	997.99899999	230478.71759647	230.79544534	998.627669
251	2017-02-11 16:00:00	1007.899999	994.0	997.99899999	1007.65	94202.34733496	94.10804092	1001.00210793
252	2017-02-11 20:00:00	1007.0	1000.02	1004.2	1000.50000023	123961.50257169	123.61701996	1002.78669241
253	2017-02-12 00:00:00	1004.15323049	991.57565803	1000.50000023	997.6903377	94617.40590815	94.76081391	998.4866318
254	2017-02-12 04:00:00	1002.4	994.54843869	997.79999801	999.9999999	72006.23508449	72.09854298	998.71969818
255	2017-02-12 08:00:00	1005.0	995.1746357	999.99999999	999.00000009	46487.47222936	46.46172169	1000.55423127
256	2017-02-12 12:00:00	1005.0	996.10000001	1000.99624939	1001.0	154118.69440494	153.91062798	1001.35186521
257	2017-02-12 16:00:00	1001.49900666	993.96918585	1000.99874971	998.29999964	156996.12164203	157.0316183	999.77395216
258	2017-02-12 20:00:00	1000.2	994.535	997.79900666	996.50000001	97332.06663775	97.4811601	998.47054074
259	2017-02-13 00:00:00	1001.99900666	993.1	996.50000001	998.00000002	89437.10131098	89.79594447	996.00379325
260	2017-02-13 04:00:00	1004.20000001	998.00000002	1001.32130615	1002.9991	36797.88282251	36.71749716	1002.18930125
261	2017-02-13 08:00:00	1002.9991	975.85416898	1001.20000002	991.06170447	459388.70907687	465.99322941	985.82700366
262	2017-02-13 12:00:00	993.49400666	986.33	991.06170447	989.5	72931.77338676	73.60331738	990.8761722
263	2017-02-13 16:00:00	1000.0	989.02999998	989.5000002	997.36999998	136112.04271643	136.63067384	996.20413843
264	2017-02-13 20:00:00	999.99999999	995.11	996.0	995.11000001	62600.50090068	62.75461259	997.54421734
265	2017-02-14 00:00:00	1001.236	988.91109699	995.11	996.68999443	93712.30084434	94.1427211	995.42800281
266	2017-02-14 04:00:00	1006.39999999	990.06	996.68999443	1005.0	213452.81436445	213.20676727	1001.15403041
267	2017-02-14 08:00:00	1019.0	995.1	1005.0	998.99999999	383249.60926377	379.48818821	1009.91182642
268	2017-02-14 12:00:00	1013.89999999	996.00000018	998.99999995	1011.6471378	151887.81643599	150.63075888	1008.34529126
269	2017-02-14 16:00:00	1015.0	1005.69059488	1011.6471378	1010.10101009	196554.34195608	194.44357128	1010.85544079
270	2017-02-14 20:00:00	1015.72978138	1004.10000077	1007.00000001	1012.10000524	168253.49743786	166.63034064	1009.74106391
271	2017-02-15 00:00:00	1015.72977463	1006.28420982	1011.19293063	1007.31999479	141092.61604454	139.50866669	1011.35377028
272	2017-02-15 04:00:00	1012.6999878	1002.32721451	1009.90547516	1003.00000002	140708.48105224	139.89446287	1005.81880201
273	2017-02-15 08:00:00	1010.8824055	1003.0	1003.00000001	1009.99899999	83819.27834116	83.27463078	1006.54037797
274	2017-02-15 12:00:00	1012.89991	1006.00000063	1007.19211228	1011.9	90099.46203072	89.20782019	1009.99510848
275	2017-02-15 16:00:00	1015.19000028	1009.70000399	1010.09990931	1015.00000166	136610.34217781	134.87812992	1012.84279563
276	2017-02-15 20:00:00	1018.0	1010.55565636	1015.00000176	1014.83589839	88658.09289672	87.40928789	1014.28686855
277	2017-02-16 00:00:00	1032.13660417	1011.6	1011.6	1023.99999999	226650.95749257	221.69038504	1022.37612809
278	2017-02-16 04:00:00	1028.0	1020.0	1023.99999999	1021.75360065	90274.48841121	88.21442726	1023.35288246
279	2017-02-16 08:00:00	1029.89999999	1021.75360206	1024.7	1029.8	65318.15959106	63.58875188	1027.19675508
280	2017-02-16 12:00:00	1039.957	1025.00000001	1029.87999451	1035.0	150067.14758959	145.2377843	1033.25142498
281	2017-02-16 16:00:00	1045.0	1033.50000001	1035.0	1039.0	272332.64821796	262.03539262	1039.29719376
282	2017-02-16 20:00:00	1041.99779987	1034.11450875	1039.0	1039.49925987	159619.28900782	153.89535712	1037.19366194
283	2017-02-17 00:00:00	1044.0	1036.00000003	1039.49925949	1042.99999999	71962.39405328	69.14467781	1040.75102137
284	2017-02-17 04:00:00	1044.99999989	1035.5	1042.7	1043.99999999	90038.84295307	86.47793351	1041.17708759
285	2017-02-17 08:00:00	1049.4	1035.00000001	1042.31	1044.1	310486.11494036	298.06567802	1041.67013459
286	2017-02-17 12:00:00	1061.23797463	1041.0	1044.1	1058.00000021	391051.69872475	370.92103286	1054.27210667
287	2017-02-17 16:00:00	1063.58	1052.00000011	1058.00435357	1055.6000001	263747.84633211	249.26746278	1058.09175168
288	2017-02-17 20:00:00	1063.498	1053.67070767	1055.70000104	1053.67070767	184165.98920804	173.95623642	1058.69150194
289	2017-02-18 00:00:00	1063.98699999	1051.11500341	1055.11944577	1063.98699999	109813.11733819	103.83689982	1057.55389007
290	2017-02-18 04:00:00	1069.30872618	1060.00000263	1063.9869999	1066.50000001	200890.69057193	188.30706432	1066.82503546
291	2017-02-18 08:00:00	1070.0	1062.22	1066.50000001	1062.6	162480.89342627	152.21850539	1067.41879385
292	2017-02-18 12:00:00	1069.9	1061.09	1064.6	1069.9	166459.79623138	156.28055534	1065.1344044
293	2017-02-18 16:00:00	1070.0	1064.0	1069.9	1064.00000001	154354.48938271	144.57151703	1067.66873969
294	2017-02-18 20:00:00	1069.19999999	1055.52	1064.00000001	1057.7862231	125653.60082568	118.37551624	1061.48302298
295	2017-02-19 00:00:00	1060.0	1049.27420219	1059.219	1057.36201837	189335.33990724	179.4517619	1055.07651695
296	2017-02-19 04:00:00	1066.19785215	1055.01	1056.0	1062.20481603	101310.77738711	95.46695922	1061.21299154
297	2017-02-19 08:00:00	1065.2	1056.5	1062.20481741	1057.30000001	57708.03263476	54.32959565	1062.18409955
298	2017-02-19 12:00:00	1061.17044078	1045.00000001	1057.30000001	1057.0	189457.84737015	180.28912042	1050.85568629
299	2017-02-19 16:00:00	1058.63600555	1050.0	1057.002001	1052.00000005	118434.91578216	112.18638296	1055.69778307
300	2017-02-19 20:00:00	1059.81999222	1052.0	1052.0000001	1058.17262239	51687.55896451	48.96416708	1055.6201003
301	2017-02-20 00:00:00	1059.51181653	1040.00755062	1058.08301527	1045.67700456	177613.50140496	169.51909741	1047.74921597
302	2017-02-20 04:00:00	1060.55	1045.67700676	1049.99999944	1060.0	196172.94463971	186.13550118	1053.92546502
303	2017-02-20 08:00:00	1066.999	1057.28000105	1060.0	1060.85465535	228201.00367156	214.63867829	1063.18677271
304	2017-02-20 12:00:00	1064.28999999	1056.41963459	1058.5	1061.00001159	69209.29371154	65.22902542	1061.01989514
305	2017-02-20 16:00:00	1066.65998949	1058.66000125	1061.00001187	1066.65998323	293335.78709594	276.13374964	1062.29603399
306	2017-02-20 20:00:00	1095.0	1059.80000797	1066.66	1094.71027735	422508.39829408	390.97207989	1080.66130556
307	2017-02-21 00:00:00	1094.99	1083.333	1092.24051989	1083.99000001	312222.3856704	287.11273536	1087.45571762
308	2017-02-21 04:00:00	1103.0	1083.99	1083.99000001	1090.0	629541.39337272	575.97207154	1093.00680446
309	2017-02-21 08:00:00	1116.28999999	1089.19934573	1090.00000001	1114.00000083	346085.23735642	313.3508336	1104.46566674
310	2017-02-21 12:00:00	1123.12000114	1099.73661028	1114.70000001	1106.70100025	625560.97346755	562.96517772	1111.1894629
311	2017-02-21 16:00:00	1124.0	1104.001	1106.70100536	1123.1	354388.53743068	317.62226989	1115.75469048
312	2017-02-21 20:00:00	1133.55363963	1115.84828571	1123.1	1127.0	388544.62165607	345.58352159	1124.31466601
313	2017-02-22 00:00:00	1131.09436545	1112.99852143	1126.99999999	1122.79490375	225618.54375403	201.48717301	1119.76628776
314	2017-02-22 04:00:00	1123.01419441	1108.55	1122.79490375	1117.47	108340.8379849	97.1924873	1114.70383148
315	2017-02-22 08:00:00	1119.99999999	1110.379842	1117.0	1116.0998811	152095.19013365	136.34780208	1115.49425669
316	2017-02-22 12:00:00	1131.99999999	1116.0998811	1117.09988109	1131.99999902	191373.56515583	170.01797113	1125.607863
317	2017-02-22 16:00:00	1136.10774405	1122.29889997	1128.02240048	1135.49099911	230915.86670613	204.22843867	1130.67439681
318	2017-02-22 20:00:00	1138.9786543	1124.79102634	1135.49099866	1126.0	274352.1033251	242.47481493	1131.46638921
319	2017-02-23 00:00:00	1135.0	1120.0	1126.49999999	1128.4275944	149854.55208954	132.6799436	1129.4438935
320	2017-02-23 04:00:00	1131.0	1124.18255677	1129.84787235	1127.57131553	85648.13177331	75.88583349	1128.64454186
321	2017-02-23 08:00:00	1144.0	1127.56000286	1127.56000286	1143.0	275755.15605024	242.19134539	1138.58385652
322	2017-02-23 12:00:00	1160.0	1142.99000052	1142.99000052	1157.3	400384.08545547	347.69845702	1151.52678239
323	2017-02-23 16:00:00	1170.0	1150.99989999	1156.285	1168.99999999	396977.3207668	341.3274995	1163.03937229
324	2017-02-23 20:00:00	1195.0	1163.50000001	1168.2	1188.0	628361.52646862	532.46488074	1180.09947547
325	2017-02-24 00:00:00	1209.70000085	1177.21129848	1186.16100001	1206.00000001	472271.57173097	396.48023918	1191.16042884
326	2017-02-24 04:00:00	1225.0	1107.51	1206.10000003	1173.14999997	3285930.9187604	2816.14255603	1166.81980879
327	2017-02-24 08:00:00	1193.42782233	1141.0	1173.14999992	1168.73338567	1239959.4244696	1059.07826336	1170.79111843
328	2017-02-24 12:00:00	1209.0	1163.00000001	1163.00000742	1198.0	689630.81078209	578.5934181	1191.90918736
329	2017-02-24 16:00:00	1209.0	1184.13938566	1197.99999999	1186.02750044	611278.05492844	510.25722002	1197.98021653
330	2017-02-24 20:00:00	1192.99	1161.3808254	1188.39999917	1188.11048987	719053.2852391	609.73629088	1179.28569447
331	2017-02-25 00:00:00	1191.116	1176.23259617	1188.11048987	1185.01000071	287055.68326775	242.17957597	1185.30095743
332	2017-02-25 04:00:00	1189.0	1171.5	1185.01000008	1183.1	163742.5482913	139.06562735	1177.44802516
333	2017-02-25 08:00:00	1188.89898989	1178.00000001	1183.1	1185.0	201254.80677875	170.18475542	1182.56659523
334	2017-02-25 12:00:00	1185.0	1151.1126	1185.0	1160.08656679	566942.60371196	486.45206147	1165.46448996
335	2017-02-25 16:00:00	1162.5	1129.0	1160.0	1152.7	1176280.8415139	1027.56685596	1144.72438916
336	2017-02-25 20:00:00	1158.999	1142.85000002	1152.7	1153.0	239192.05953823	207.97741891	1150.08668148
337	2017-02-26 00:00:00	1156.12598413	1134.0	1153.0	1142.99998778	168521.10015829	147.68001415	1141.12326659
338	2017-02-26 04:00:00	1169.2314194	1141.99999219	1142.99999111	1169.0	215905.43861863	186.57080196	1157.23058672
339	2017-02-26 08:00:00	1179.9800012	1164.48000038	1167.00503348	1173.98999834	155855.89022016	133.10359264	1170.93676533
340	2017-02-26 12:00:00	1177.99999989	1167.0	1173.9979998	1174.499	106219.94656394	90.54188187	1173.15814924
341	2017-02-26 16:00:00	1189.0	1171.858	1171.858	1174.1	403716.64763734	341.98787764	1180.49987743
342	2017-02-26 20:00:00	1180.5	1172.0	1174.1	1179.0	165902.16975204	141.05409853	1176.15986689
343	2017-02-27 00:00:00	1192.99999989	1177.00000013	1179.0	1188.5000004	229984.16270478	193.41601605	1189.06472897
344	2017-02-27 04:00:00	1188.5000004	1171.37648778	1188.50000039	1185.21202993	301203.35679555	254.77538202	1182.23100837
345	2017-02-27 08:00:00	1186.44650104	1175.0	1185.21202825	1185.03333821	90176.10376782	76.3644355	1180.86519172
346	2017-02-27 12:00:00	1185.93906478	1172.0	1185.03333811	1181.00000001	244299.3236098	207.52880387	1177.18272863
347	2017-02-27 16:00:00	1199.0	1180.00000003	1181.00100001	1192.0	375941.49879339	315.0454845	1193.29276974
348	2017-02-27 20:00:00	1198.0	1189.0	1192.00777	1192.2	211963.508645	177.6445665	1193.18880853
349	2017-02-28 00:00:00	1208.092	1180.0	1196.48999991	1188.1010052	691851.35084345	577.44689953	1198.12116301
350	2017-02-28 04:00:00	1201.79503729	1180.09999999	1188.1010052	1195.84402121	171102.88119061	143.52340086	1192.16016458
351	2017-02-28 08:00:00	1197.59999999	1183.65796463	1195.81064625	1188.66362528	255285.77634076	214.54255036	1189.90743753
352	2017-02-28 12:00:00	1191.99999999	1178.11	1188.66362505	1187.3	401250.03140622	338.71021253	1184.64107831
353	2017-02-28 16:00:00	1197.99999999	1184.28614052	1189.69998217	1197.68999998	346759.06226908	290.90616731	1191.99625595
354	2017-02-28 20:00:00	1199.0	1183.13639164	1193.22000016	1185.00000201	301385.01720933	253.011132	1191.19271483
355	2017-03-01 00:00:00	1196.22265274	1183.0000001	1188.04216581	1189.95012715	248455.20162651	209.05040771	1188.49422179
356	2017-03-01 04:00:00	1198.01000001	1185.5	1189.95012713	1188.0	277579.79564475	232.97623931	1191.4510959
357	2017-03-01 08:00:00	1200.955	1185.50000001	1188.0	1198.27516276	243454.01492506	203.81780394	1194.46883549
358	2017-03-01 12:00:00	1234.48999999	1198.30000009	1198.30000009	1220.5	1200034.3049856	985.39746371	1217.81752965
359	2017-03-01 16:00:00	1228.9	1218.53063598	1218.53063599	1225.00000028	511103.6647717	417.38802711	1224.5288115
360	2017-03-01 20:00:00	1234.0	1217.60000002	1225.0	1234.0	803109.21026009	655.02633481	1226.07163648
361	2017-03-02 00:00:00	1238.55	1219.0851	1231.17972735	1219.08510087	472009.43574745	383.9325073	1229.4073223
362	2017-03-02 04:00:00	1228.0039999	1212.26243937	1220.52001	1224.99999997	395698.02500474	323.95617068	1221.45543384
363	2017-03-02 08:00:00	1235.0	1221.00000591	1224.99999997	1234.99999998	540510.98167112	439.5547806	1229.67831434
364	2017-03-02 12:00:00	1254.999	1228.54	1232.1	1250.00000001	1285186.1976607	1038.70470614	1237.29698158
365	2017-03-02 16:00:00	1279.50000001	1244.0	1254.0	1268.49999997	1698035.0184963	1347.13913915	1260.4748605
366	2017-03-02 20:00:00	1272.99999958	1241.43157354	1268.49999997	1258.43	1592377.4690537	1265.84529075	1257.95583448
367	2017-03-03 00:00:00	1273.80139504	1252.50000002	1258.45	1272.87834374	717530.23382055	566.55747932	1266.47385307
368	2017-03-03 04:00:00	1280.0	1258.12084338	1272.87834374	1266.39000024	508810.8722506	401.66752981	1266.74633742
369	2017-03-03 08:00:00	1292.88882222	1265.28360517	1269.089	1288.5	759736.42036708	592.24889939	1282.79921017
370	2017-03-03 12:00:00	1294.97999998	1265.001	1285.05342138	1272.50000002	1263142.5435729	985.72708067	1281.43232375
371	2017-03-03 16:00:00	1281.15	1260.30000001	1272.80000002	1269.69133457	965967.81811506	759.86682623	1271.23304343
372	2017-03-03 20:00:00	1288.00000001	1267.15	1268.99999979	1287.95000001	373245.79785674	291.72468077	1279.44538964
373	2017-03-04 00:00:00	1291.53675867	1280.65000042	1287.00000002	1283.200002	267572.80862976	207.98911737	1286.4750426
374	2017-03-04 04:00:00	1288.55099924	1280.6500004	1283.200002	1280.67000015	200614.94980406	156.28891709	1283.61596931
375	2017-03-04 08:00:00	1290.00000225	1277.5	1283.5	1277.5	268746.23589561	209.57349594	1282.34839377
376	2017-03-04 12:00:00	1280.99999999	1255.30739411	1279.00000001	1261.0	865941.59894975	682.78933909	1268.24124129
377	2017-03-04 16:00:00	1268.99999976	1235.0	1263.22	1265.00000001	1530252.805994	1223.96101989	1250.2463568
378	2017-03-04 20:00:00	1270.499	1256.16400027	1265.00000001	1267.99999982	437899.07087257	346.39020363	1264.17856591
379	2017-03-05 00:00:00	1270.0	1251.2	1261.30000071	1260.00000001	291971.9395396	231.36520883	1261.95265492
380	2017-03-05 04:00:00	1266.99900573	1241.0899	1260.00000001	1250.08990001	337565.40604696	269.52052928	1252.46639633
381	2017-03-05 08:00:00	1262.99	1245.85409106	1252.79999952	1258.8466019	539748.73859088	430.02019088	1255.17068741
382	2017-03-05 12:00:00	1275.0	1253.01000034	1258.0	1273.0	404676.57350022	319.48556514	1266.65057096
383	2017-03-05 16:00:00	1278.56	1265.001	1272.0	1273.12300003	476621.90601597	375.07624986	1270.73336739
384	2017-03-05 20:00:00	1280.0	1270.0	1273.12300008	1276.00290001	284904.87312126	223.34928054	1275.60237683
385	2017-03-06 00:00:00	1283.59419605	1272.00000001	1279.87999997	1276.892	349005.40805498	273.12322976	1277.83128649
386	2017-03-06 04:00:00	1281.78038419	1267.75010435	1276.89999943	1281.65369401	232191.21794882	182.01562431	1275.66640956
387	2017-03-06 08:00:00	1285.10000001	1276.3464	1276.3464002	1283.31090764	352526.07028291	274.70076191	1283.30940122
388	2017-03-06 12:00:00	1287.0	1271.00000001	1282.78999999	1276.01190013	387039.938153	302.29936731	1280.32004035
389	2017-03-06 16:00:00	1281.0	1272.01	1279.00000002	1276.79999996	278817.17265705	218.5702447	1275.64103265
390	2017-03-06 20:00:00	1279.0	1273.0	1276.79999996	1274.3162846	290689.92079618	227.77573087	1276.21112085
391	2017-03-07 00:00:00	1282.0	1272.25154612	1274.69300001	1278.4528143	132527.65415171	103.67109959	1278.34714472
392	2017-03-07 04:00:00	1279.0	1258.00000001	1277.5	1271.99999998	330180.34934879	260.31816907	1268.37227892
393	2017-03-07 08:00:00	1275.0751815	1169.05515973	1271.99999998	1197.9	2283058.7750829	1860.91067765	1226.85027417
394	2017-03-07 12:00:00	1238.2122536	1182.5	1197.41400001	1230.62	1729536.8348229	1424.34037667	1214.27213828
395	2017-03-07 16:00:00	1255.20023057	1230.6	1233.12	1250.01	838076.02426744	671.43987972	1248.17731204
396	2017-03-07 20:00:00	1253.0	1226.1	1251.5	1231.26	711508.39984787	574.85782336	1237.71195404
397	2017-03-08 00:00:00	1243.64892872	1191.50000005	1231.250001	1199.12599981	668866.14176014	549.55567682	1217.10350738
398	2017-03-08 04:00:00	1223.23344876	1157.0	1193.0	1167.45499981	1788381.3856274	1512.70852412	1182.2379243
399	2017-03-08 08:00:00	1224.79999999	1157.62677981	1167.4549998	1205.60000004	1049417.2307136	872.49019523	1202.78398135
400	2017-03-08 12:00:00	1213.91269217	1175.0	1205.60000004	1185.0	874653.90772209	730.84299983	1196.77401018
401	2017-03-08 16:00:00	1198.184	1174.00500041	1186.87999999	1174.00500041	682439.12006149	574.68993388	1187.49099267
402	2017-03-08 20:00:00	1177.62771639	1143.00000021	1175.0	1146.00000025	1539410.6498955	1327.07368332	1160.00390124
403	2017-03-09 00:00:00	1162.71406408	1135.0	1146.40800021	1151.0	875368.05486237	762.92190674	1147.38880497
404	2017-03-09 04:00:00	1177.00000001	1143.42067611	1151.0	1175.89999979	699431.43863074	600.57642786	1164.60021769
405	2017-03-09 08:00:00	1187.25	1157.01	1172.00008084	1168.0	983785.60733144	837.12809431	1175.19124494
406	2017-03-09 12:00:00	1194.96000001	1165.00000044	1165.00000044	1193.0	795147.13115666	672.05158451	1183.16383665
407	2017-03-09 16:00:00	1210.0	1189.00000003	1193.0	1200.0	1112843.8714159	927.49900098	1199.83295964
408	2017-03-09 20:00:00	1202.65000025	1184.1	1200.0	1192.91479877	630768.01313408	528.22638005	1194.12440755
409	2017-03-10 00:00:00	1205.99999986	1188.8	1192.91479876	1200.00000011	674952.6201947	562.69229514	1199.50570858
410	2017-03-10 04:00:00	1203.89909978	1171.03681192	1200.00000012	1188.0	758978.63566596	637.67437786	1190.22915459
411	2017-03-10 08:00:00	1206.0	1184.0	1187.0	1198.681	411882.45107886	344.43296062	1195.82763025
412	2017-03-10 12:00:00	1365.0	1189.0	1198.681	1240.0	5472902.5540213	4346.77141944	1259.0730052
413	2017-03-10 16:00:00	1265.22539998	1234.0	1239.00000001	1265.0	1618504.1133646	1294.87730497	1249.92855087
414	2017-03-10 20:00:00	1289.00000001	1000.0	1264.99999999	1113.0	9148803.9132119	8313.06743103	1100.53286456
415	2017-03-11 00:00:00	1145.0	1105.0	1109.99999989	1144.99999936	1600853.7059234	1417.80497837	1129.1071271
416	2017-03-11 04:00:00	1177.52099999	1138.59999969	1144.99999899	1172.99999997	689841.85029068	596.49621091	1156.48991171
417	2017-03-11 08:00:00	1200.00000001	1167.24183189	1172.99999997	1179.99999999	1773235.5071511	1499.74164249	1182.3606526
418	2017-03-11 12:00:00	1195.0	1171.16999989	1179.99999999	1188.0100002	1555758.5247618	1316.71392845	1181.54634134
419	2017-03-11 16:00:00	1188.98	1170.01000021	1183.10000005	1175.0	1022695.7649621	866.5293011	1180.22063842
420	2017-03-11 20:00:00	1177.28999998	1150.0	1174.99999999	1175.00999951	1140131.1890817	977.25342972	1166.66890533
421	2017-03-12 00:00:00	1182.99899999	1166.72254864	1174.0	1170.00000102	463352.12556097	394.0231226	1175.95161041
422	2017-03-12 04:00:00	1182.10000001	1170.00000123	1175.85000081	1173.00000025	435149.67403869	369.82277408	1176.6437995
423	2017-03-12 08:00:00	1181.999	1169.0	1178.99999981	1172.31000065	720786.45398837	612.57461423	1176.65087198
424	2017-03-12 12:00:00	1216.25399999	1169.01	1176.31000027	1207.0	1792539.0940832	1505.55803556	1190.61441123
425	2017-03-12 16:00:00	1232.3	1205.00000006	1207.0	1226.2001	1581844.5601443	1294.80454593	1221.68597964
426	2017-03-12 20:00:00	1230.0	1216.43394794	1229.94999971	1224.4	709618.49157172	580.0564919	1223.36100273
427	2017-03-13 00:00:00	1230.0	1216.0395962	1224.4	1229.99999999	744103.16128271	608.30395346	1223.24235614
428	2017-03-13 04:00:00	1239.0	1171.0	1229.99999999	1217.99989994	1854878.2530112	1524.12913798	1217.00858988
429	2017-03-13 08:00:00	1234.97943996	1211.0	1217.99989989	1230.8	1087421.7519936	887.59244778	1225.13632772
430	2017-03-13 12:00:00	1249.00000004	1216.35497621	1234.899999	1236.7	2454922.7457441	1992.25062863	1232.23589967
431	2017-03-13 16:00:00	1240.99999986	1215.24620001	1234.99999999	1231.00000002	1909689.7913103	1552.66684978	1229.94175574
432	2017-03-13 20:00:00	1244.899999	1225.0	1231.00000001	1237.0	936288.66422151	756.38771412	1237.84224246
433	2017-03-14 00:00:00	1240.0	1228.06	1236.99999999	1234.70000007	711212.98437174	576.0791089	1234.5752057
434	2017-03-14 04:00:00	1238.98999974	1220.5	1234.70000003	1226.00000014	662076.09766541	539.33804539	1227.57165626
435	2017-03-14 08:00:00	1239.99999999	1221.12185211	1226.00000014	1235.70228263	405497.67668482	329.35720746	1231.17899806
436	2017-03-14 12:00:00	1260.0	1230.0	1235.70228298	1242.50000035	1091791.6695489	875.01192626	1247.74490127
437	2017-03-14 16:00:00	1256.99999999	1243.00000015	1247.5	1243.7500006	428820.71862461	343.18531909	1249.53106899
438	2017-03-14 20:00:00	1259.999	1239.0	1243.75000225	1243.22313985	1062333.2801063	850.61267354	1248.90365868
439	2017-03-15 00:00:00	1255.0	1241.58999971	1247.94999989	1250.54344601	479031.04905374	383.13162726	1250.30411213
440	2017-03-15 04:00:00	1254.1135905	1244.639566	1250.54344601	1253.99999999	215626.85401197	172.37345214	1250.92844248
441	2017-03-15 08:00:00	1254.0	1245.0	1253.99999999	1250.00000001	483229.14793501	386.77907311	1249.36735601
442	2017-03-15 12:00:00	1256.3	1243.0	1252.11016402	1255.0	1358043.211486	1085.94900792	1250.55891352
443	2017-03-15 16:00:00	1255.89	1242.999	1255.0	1251.01000102	1458779.9971293	1167.67154284	1249.3067987
444	2017-03-15 20:00:00	1267.51000001	1246.31	1247.011	1255.0099998	1015530.345387	809.09881511	1255.13760052
445	2017-03-16 00:00:00	1265.20000004	1220.0	1255.1099998	1225.0	2004733.784497	1609.25198744	1245.75504653
446	2017-03-16 04:00:00	1247.34298054	1175.000001	1225.0	1210.0	2235887.1659376	1848.95033501	1209.27378285
447	2017-03-16 08:00:00	1222.00000003	1180.034	1203.00000021	1203.0	1598666.9578234	1323.82557943	1207.61147288
448	2017-03-16 12:00:00	1209.0	1171.0	1195.10000001	1208.99999985	3020017.5523544	2527.11142351	1195.04724811
449	2017-03-16 16:00:00	1219.10001003	1172.0	1208.99999985	1181.49999982	2149661.7800976	1791.2759963	1200.07290028
450	2017-03-16 20:00:00	1190.23999999	1119.31	1181.49999982	1166.0	3504314.5433807	3025.61543058	1158.21545195
451	2017-03-17 00:00:00	1173.99999969	1080.0	1166.0	1089.99999999	2693858.1957996	2374.54810343	1134.47194095
452	2017-03-17 04:00:00	1120.0	1060.00000001	1089.99999999	1067.24590625	2788524.2050518	2564.49140206	1087.35954537
453	2017-03-17 08:00:00	1133.56699994	1052.0	1067.24600019	1128.99999999	3054613.8946386	2788.34566199	1095.49326551
454	2017-03-17 12:00:00	1164.02249563	1115.5499998	1125.93000001	1146.1	3574974.7644718	3140.05285281	1138.50783157
455	2017-03-17 16:00:00	1164.8	1101.0	1149.99999999	1117.00000015	2590070.0733261	2291.25473911	1130.41558806
456	2017-03-17 20:00:00	1122.19999981	1061.0	1122.19999981	1070.0	3030625.5310863	2782.55301832	1089.15284313
457	2017-03-18 00:00:00	1095.07999999	1052.0	1070.0	1054.20000001	1963380.2099065	1835.47170091	1069.68699595
458	2017-03-18 04:00:00	1084.24999999	1049.0	1054.39558392	1071.68456275	1827309.3425278	1719.41343153	1062.75158087
459	2017-03-18 08:00:00	1092.51421765	1055.0	1071.68456275	1081.5380002	1429023.2008825	1331.73139426	1073.05662916
460	2017-03-18 12:00:00	1083.49900665	936.0	1081.5380002	967.1	7849839.6423185	7861.36795874	998.53354829
461	2017-03-18 16:00:00	1009.5	950.11	967.10000003	976.00000028	3400917.7105138	3460.25466755	982.85185261
462	2017-03-18 20:00:00	981.00000029	935.0	976.00000028	966.00000029	3616402.6278349	3782.81187101	956.00911468
463	2017-03-19 00:00:00	1012.65559784	965.00000003	971.29066	999.999999	2992574.9013805	3013.5560814	993.03773367
464	2017-03-19 04:00:00	1011.69999973	976.74699448	997.0	1008.34761752	1392366.5801723	1395.47958919	997.76921924
465	2017-03-19 08:00:00	1011.69999973	973.0	1008.0	992.00999999	1177251.1118601	1185.88545083	992.71907842
466	2017-03-19 12:00:00	1033.0	982.78289997	992.00999999	1029.89898973	1768744.9948048	1767.69211494	1000.595624
467	2017-03-19 16:00:00	1063.456	1025.5	1027.00000001	1052.0	3061497.0010501	2932.09188728	1044.13405812
468	2017-03-19 20:00:00	1055.0	1000.0	1051.0	1015.1	1814894.9223581	1756.03817288	1033.51678248
469	2017-03-20 00:00:00	1047.26957025	1010.0	1014.0	1033.77587672	920163.71991101	895.16420198	1027.92729856
470	2017-03-20 04:00:00	1041.42499999	1010.76891439	1038.38999921	1028.0	996579.67847766	972.83258611	1024.41025589
471	2017-03-20 08:00:00	1045.0	1015.33414457	1028.0	1045.0	665359.19881745	645.87462108	1030.16774014
472	2017-03-20 12:00:00	1053.49999998	1036.0	1044.99999999	1043.24900016	1172964.576913	1122.94638202	1044.54192621
473	2017-03-20 16:00:00	1053.37608344	1011.68207623	1043.24900091	1030.07340823	1106884.3715101	1063.59990519	1040.69619234
474	2017-03-20 20:00:00	1048.69999921	1026.1450002	1032.45	1036.88000006	744830.64617555	717.13594835	1038.61847657
475	2017-03-21 00:00:00	1068.29633336	1034.0	1036.88000006	1068.29633336	1502698.985394	1427.30372121	1052.8235603
476	2017-03-21 04:00:00	1086.88017423	1063.64016736	1067.01	1076.00000022	1352185.3935504	1253.39337442	1078.81964365
477	2017-03-21 08:00:00	1085.93	1063.12621	1079.09900565	1085.09582697	942196.89371276	877.71988617	1073.45966356
478	2017-03-21 12:00:00	1095.0	1080.51387198	1085.46637783	1086.00100021	1862778.9317764	1708.74381734	1090.14523585
479	2017-03-21 16:00:00	1123.4	1084.1325	1086.4000002	1112.0	2437812.3627345	2201.95573499	1107.11233836
480	2017-03-21 20:00:00	1120.0	1076.0	1112.57716069	1117.97999765	1666244.7266734	1508.82541316	1104.33235823
481	2017-03-22 00:00:00	1118.0	1087.0	1117.97999764	1092.49	693027.91384001	629.98842156	1100.06452519
482	2017-03-22 04:00:00	1105.99999923	1056.0	1092.49	1059.89999994	1172689.7211933	1078.96310396	1086.86730518
483	2017-03-22 08:00:00	1084.0	1044.99999999	1059.89999975	1062.3	2405155.7759555	2258.67774554	1064.85123019
484	2017-03-22 12:00:00	1072.49999995	1005.7194439	1062.3	1016.15255751	3784650.0437787	3656.42718776	1035.06779964
485	2017-03-22 16:00:00	1035.0	986.22000007	1016.99999999	1014.3	2227585.0659124	2211.20701236	1007.40683864
486	2017-03-22 20:00:00	1050.85918246	1000.0	1014.3	1037.69999999	1318878.4029566	1294.16946129	1019.09250867
487	2017-03-23 00:00:00	1045.99999998	1023.0	1034.82316026	1036.8	712068.88840595	688.34846816	1034.45990126
488	2017-03-23 04:00:00	1041.00000003	1002.52000002	1036.98354563	1038.89	751498.26319438	730.68727679	1028.48138603
489	2017-03-23 08:00:00	1057.006	1027.13409301	1038.8	1043.12000001	832269.11294867	800.43174809	1039.77523996
490	2017-03-23 12:00:00	1056.27999989	1043.12	1044.0	1049.4	833209.11875673	794.70938901	1048.44504202
491	2017-03-23 16:00:00	1049.39999958	1034.34111111	1049.39999958	1042.01	510983.9204878	491.10800308	1040.47158116
492	2017-03-23 20:00:00	1046.89999	1020.568209	1042.00999998	1034.99999987	1467659.8163709	1416.58172448	1036.05728565
493	2017-03-24 00:00:00	1037.50588201	1013.00000123	1034.99999983	1015.21199999	977994.2589935	955.45555069	1023.5894891
494	2017-03-24 04:00:00	1019.99999999	992.01396169	1015.21199999	1015.9999999	1433886.4488114	1420.71928483	1009.26795611
495	2017-03-24 08:00:00	1020.0	980.99999984	1017.50000041	991.99999997	1910040.7457314	1904.11214239	1003.11357887
496	2017-03-24 12:00:00	998.04106804	955.0	988.10000019	989.49900666	3469423.0656101	3546.17468194	978.35650434
497	2017-03-24 16:00:00	989.99999959	965.17995673	989.49900666	978.0	1730838.4789712	1771.52495732	977.0330764
498	2017-03-24 20:00:00	979.0	930.1	977.00000006	942.51000039	3859217.051379	4067.10851834	948.88470125
499	2017-03-25 00:00:00	967.40187689	925.49900667	946.79999997	927.99999997	2022025.4959231	2142.22966381	943.88829082
500	2017-03-25 04:00:00	944.0	901.0	927.99999997	934.00000005	3180523.7042545	3471.2292477	916.25285375
501	2017-03-25 08:00:00	933.98	888.98999998	932.0	909.0	2049336.2629842	2257.52916615	907.77842152
502	2017-03-25 12:00:00	952.99	909.0	909.0	934.75101922	1972027.7428702	2110.84844305	934.23464359
503	2017-03-25 16:00:00	957.0	920.98142601	935.49900666	942.80838859	1930279.5137637	2048.74079221	942.17849378
504	2017-03-25 20:00:00	980.08958297	938.60000002	942.80838861	971.95083163	2385334.7437869	2480.8499527	961.49899803
505	2017-03-26 00:00:00	976.00000018	955.0	971.95083163	971.99999966	1213593.7809223	1257.39327206	965.16643431
506	2017-03-26 04:00:00	974.61300007	951.87475752	971.55555548	955.01000497	888009.20715525	920.03558878	965.19006219
507	2017-03-26 08:00:00	981.46712149	948.42378187	957.99999881	971.00200079	716457.37064309	739.68602035	968.59660846
508	2017-03-26 12:00:00	1008.49999999	973.00099999	976.79099955	996.0	2350398.6190882	2366.81998198	993.06184542
509	2017-03-26 16:00:00	1002.16549562	971.3344	1000.0	981.16383051	1500373.8867856	1523.13105866	985.05895356
510	2017-03-26 20:00:00	989.88722592	951.00000011	985.47757723	963.04740785	1749686.7890312	1816.14191202	963.40862872
511	2017-03-27 00:00:00	980.0	957.673528	966.99999999	971.0	733362.35446344	757.44186705	968.20942486
512	2017-03-27 04:00:00	992.0	967.0	973.42729705	991.89000001	623812.95815414	637.6225073	978.34212408
513	2017-03-27 08:00:00	996.0	980.69	992.0	990.28842769	817494.12050587	826.1856684	989.47990962
514	2017-03-27 12:00:00	1033.79999999	987.82538096	990.74999998	1030.5	3679568.0490004	3619.03495346	1016.72630862
515	2017-03-27 16:00:00	1032.99999991	1012.51	1030.83172524	1015.0	1760474.1445524	1721.45196561	1022.66817763
516	2017-03-27 20:00:00	1046.52104237	1010.0	1015.0	1040.25000001	2050911.4920012	1981.06055329	1035.25936579
517	2017-03-28 00:00:00	1045.68013392	1027.43999986	1042.70581575	1036.85989491	1203232.0769198	1162.12294176	1035.37417056
518	2017-03-28 04:00:00	1047.0	1025.43999975	1035.31	1047.0	643393.96146612	621.0145892	1036.03678988
519	2017-03-28 08:00:00	1065.70114175	1042.32721306	1047.0	1065.69	1560608.4303344	1480.79925877	1053.89600993
520	2017-03-28 12:00:00	1066.0	1046.41822122	1065.69	1057.3	1859567.0847762	1759.88653314	1056.64032865
521	2017-03-28 16:00:00	1058.12676884	1015.5	1058.01	1027.71415376	1670026.4911825	1613.9499933	1034.7448794
522	2017-03-28 20:00:00	1046.4367886	1022.70460874	1026.9999997	1042.34645781	851090.02442772	822.35206202	1034.94605745
523	2017-03-29 00:00:00	1045.0	1008.0	1042.0	1012.0	1279567.1420313	1249.45162585	1024.1029869
524	2017-03-29 04:00:00	1031.97999978	1012.1	1012.689277	1022.20536134	1029866.204676	1008.18635548	1021.50381135
525	2017-03-29 08:00:00	1057.98	1019.00000001	1022.20536134	1051.00000001	1306089.2788064	1255.12208724	1040.60735771
526	2017-03-29 12:00:00	1055.54269519	1036.10974033	1051.00000001	1041.10000003	865453.41909735	826.03795974	1047.71628094
527	2017-03-29 16:00:00	1048.8	1021.00000001	1041.11595489	1040.78075063	750381.81892021	724.24350545	1036.09050446
528	2017-03-29 20:00:00	1045.00000007	1034.74019294	1040.78075063	1040.0	917753.7386232	883.8254099	1038.38804399
529	2017-03-30 00:00:00	1053.29999995	1038.33000002	1040.0	1043.00566862	799852.45111261	764.24968561	1046.58525371
530	2017-03-30 04:00:00	1048.86674165	1039.99999999	1042.93552158	1047.53880204	555224.54893161	531.92706682	1043.79826401
531	2017-03-30 08:00:00	1048.46847319	1026.26513972	1044.00000008	1030.69999998	1496135.6929894	1446.14669331	1034.56703245
532	2017-03-30 12:00:00	1037.85621753	1022.0	1031.00000054	1029.88	1639748.7662048	1592.81197947	1029.46787652
533	2017-03-30 16:00:00	1040.0	1025.00000001	1029.88	1031.0	1333604.0410056	1290.61332627	1033.31029818
534	2017-03-30 20:00:00	1044.27394255	1029.0	1031.3	1040.59908959	1703999.8020968	1644.868774	1035.94878146
535	2017-03-31 00:00:00	1058.56999999	1036.79880654	1040.59908959	1049.0	1646101.2402713	1568.92150058	1049.19286252
536	2017-03-31 04:00:00	1054.79727912	1041.00000001	1047.09370538	1044.7564631	1818687.1707161	1734.68326093	1048.42607966
537	2017-03-31 08:00:00	1055.48962299	1042.13474729	1048.38602312	1042.13474729	1480367.1365881	1410.73394276	1049.35955088
538	2017-03-31 12:00:00	1095.0	1042.12931639	1042.5	1089.66999	2762059.3580713	2605.38470767	1060.13493897
539	2017-03-31 16:00:00	1090.00000001	1065.0	1090.00000001	1079.98999998	1843161.0118061	1712.25374215	1076.45319524
540	2017-03-31 20:00:00	1086.50999998	1068.15273595	1079.99	1081.36295113	1121787.6500832	1040.76225061	1077.85197764
541	2017-04-01 00:00:00	1085.99999997	1074.0	1078.15705958	1080.38336464	729976.13724153	676.00095141	1079.84483708
542	2017-04-01 04:00:00	1096.0	1076.37372554	1080.0	1095.99999999	954860.39549284	878.6234027	1086.76867991
543	2017-04-01 08:00:00	1107.11526922	1090.0	1095.99999999	1096.05999994	1313573.8064347	1194.61862994	1099.5758592
544	2017-04-01 12:00:00	1105.0	1072.0	1096.05999989	1081.00895054	1503743.7056127	1380.26042062	1089.46375854
545	2017-04-01 16:00:00	1087.33541078	1074.78989823	1081.99999998	1081.10689875	788104.48752354	728.99052265	1081.09016926
546	2017-04-01 20:00:00	1097.0	1069.00000101	1079.0	1095.87488705	1044321.3394179	966.33951631	1080.69816228
547	2017-04-02 00:00:00	1095.05	1081.78915102	1095.0	1083.88524682	546361.1627511	501.98517477	1088.40099311
548	2017-04-02 04:00:00	1100.10344202	1081.67936042	1085.99999999	1095.81874867	1133633.223468	1038.03206345	1092.09846534
549	2017-04-02 08:00:00	1099.46720217	1081.68000001	1098.99999998	1089.04767051	2249828.8890117	2064.27811707	1089.88651791
550	2017-04-02 12:00:00	1111.6000002	1075.0	1087.0	1108.10286898	3950488.018575	3624.90297691	1089.81896722
551	2017-04-02 16:00:00	1120.0	1078.05694337	1108.10286898	1107.00000036	5330715.8790891	4832.26012596	1103.1516806
552	2017-04-02 20:00:00	1140.0	1093.99999992	1115.0	1106.63248382	3967691.3684785	3572.34961044	1110.66715219
553	2017-04-03 00:00:00	1145.0	1101.01	1107.797979	1144.87999999	4028941.9031082	3557.14874388	1132.63239554
554	2017-04-03 04:00:00	1150.0	1128.00000092	1144.88	1135.09999996	3342411.050856	2933.08699522	1139.55401128
555	2017-04-03 08:00:00	1142.4110075	1120.41818297	1135.09999982	1135.5712312	2412142.3249591	2129.35331749	1132.80511277
556	2017-04-03 12:00:00	1142.86403888	1126.0	1135.57123119	1139.25935821	1855244.1939325	1637.57703117	1132.92025878
557	2017-04-03 16:00:00	1151.73346751	1130.0	1139.63000004	1149.00000001	2364983.4926515	2075.26839616	1139.60367585
558	2017-04-03 20:00:00	1161.0	1133.7337003	1149.00000006	1151.2102033	3389675.7627931	2941.52920521	1152.35155809
559	2017-04-04 00:00:00	1159.79797979	1140.19000001	1151.2102033	1148.17526983	2232102.7463524	1939.79193831	1150.69183569
560	2017-04-04 04:00:00	1152.49900001	1143.8	1151.84211821	1152.49900001	1383161.9674223	1204.62242661	1148.21203463
561	2017-04-04 08:00:00	1164.43609029	1140.0	1148.63071703	1147.99999999	1922595.1036013	1665.21326348	1154.56389026
562	2017-04-04 12:00:00	1150.91305193	1122.38204087	1147.99999998	1132.69999994	2711670.1454545	2385.44114825	1136.75835073
563	2017-04-04 16:00:00	1149.0	1124.00000004	1131.4	1137.41237539	1284312.6553006	1131.51383821	1135.03928271
564	2017-04-04 20:00:00	1143.90818148	1131.88888853	1139.69999999	1143.90818147	1013050.3525698	890.67575446	1137.39522772
565	2017-04-05 00:00:00	1147.88568475	1133.8290159	1143.90818147	1139.99999999	1017700.9160323	890.92306775	1142.299434
566	2017-04-05 04:00:00	1141.585532	1123.95075011	1139.99999999	1128.00516042	1171406.1331907	1033.78594392	1133.12251929
567	2017-04-05 08:00:00	1131.65528846	1113.49769376	1128.00516042	1127.271	2407059.7190304	2147.41707704	1120.90927503
568	2017-04-05 12:00:00	1132.10467609	1121.0	1127.99999999	1121.445658	1323084.1299447	1173.884724	1127.09885638
569	2017-04-05 16:00:00	1138.0429235	1120.97217789	1121.44565801	1130.57	2573498.9992907	2280.35109892	1128.5538444
570	2017-04-05 20:00:00	1139.99999999	1121.409633	1130.88144324	1139.99999994	1890664.647818	1673.45933137	1129.79420077
571	2017-04-06 00:00:00	1157.777777	1137.23976888	1137.2656011	1151.28610141	1994235.5139201	1735.49703445	1149.08609714
572	2017-04-06 04:00:00	1168.79334329	1150.052	1151.38610136	1155.71019643	1569057.8753247	1350.75742491	1161.61336327
573	2017-04-06 08:00:00	1180.50000009	1150.052	1155.75514356	1180.3155009	1849707.9708762	1585.73828719	1166.46484846
574	2017-04-06 12:00:00	1184.0613	1162.94577098	1179.93091717	1167.98	1690306.4112373	1441.49112837	1172.60965258
575	2017-04-06 16:00:00	1198.0	1167.98000053	1170.8793811	1189.36363126	3362947.4673754	2835.15742636	1186.1589893
576	2017-04-06 20:00:00	1220.0	1189.37	1192.17463132	1193.92000001	4341294.2097059	3608.72674512	1202.99887365
577	2017-04-07 00:00:00	1200.0	1180.86161196	1194.11636853	1180.86161196	1319458.1099948	1108.77703212	1190.01212306
578	2017-04-07 04:00:00	1195.01000074	1176.52610038	1180.86161196	1195.01000074	981003.16741011	827.11693605	1186.05136063
579	2017-04-07 08:00:00	1200.49072498	1187.90572196	1195.01000074	1193.73000006	2254680.7682043	1883.48447942	1197.07955804
580	2017-04-07 12:00:00	1198.49999999	1185.0	1193.73000031	1198.49999976	2018111.2230388	1691.3683582	1193.18255733
581	2017-04-07 16:00:00	1203.83653589	1186.269999	1198.49999972	1202.78313529	1918610.7759956	1606.52599702	1194.2606466
582	2017-04-07 20:00:00	1208.0	1190.89999995	1202.7	1197.58999997	1217156.7114153	1015.98490727	1198.00668563
583	2017-04-08 00:00:00	1207.76999999	1181.0	1197.58999997	1203.99	1465349.9543562	1227.62688471	1193.64439847
584	2017-04-08 04:00:00	1204.72499865	1195.0	1201.96215435	1200.0	690333.19067299	575.68720214	1199.14632131
585	2017-04-08 08:00:00	1202.25313762	1189.39766113	1200.0	1198.0	648069.48531107	542.0936625	1195.4935653
586	2017-04-08 12:00:00	1198.0	1186.255	1197.5	1187.21000001	845228.82188986	708.84427626	1192.40410086
587	2017-04-08 16:00:00	1193.69467539	1172.40000002	1187.0	1182.76312615	1699429.379447	1437.14880328	1182.50063985
588	2017-04-08 20:00:00	1189.68903824	1180.00000001	1182.76312615	1189.68903824	594048.52586933	501.92222072	1183.5469747
589	2017-04-09 00:00:00	1195.59174038	1184.0	1189.68903823	1191.13718451	842196.5399169	708.06090541	1189.44081431
590	2017-04-09 04:00:00	1194.4	1186.0	1189.02000019	1190.5052	541941.54037857	455.28247178	1190.34132427
591	2017-04-09 08:00:00	1191.11864859	1180.00000002	1190.5052	1183.11	808433.86182555	681.36571753	1186.4903693
592	2017-04-09 12:00:00	1210.0	1180.45363817	1183.10999999	1209.99999989	1512407.339988	1262.56381663	1197.88585738
593	2017-04-09 16:00:00	1227.32926696	1206.02381846	1209.99999986	1226.17615746	2327157.5695689	1907.46355541	1220.02727809
594	2017-04-09 20:00:00	1226.99999934	1211.13	1226.17615746	1216.54157433	1001482.7450267	822.4909736	1217.62156324
595	2017-04-10 00:00:00	1224.0	1211.07556381	1216.54157429	1222.63494647	497352.17167496	408.70201357	1216.90658514
596	2017-04-10 04:00:00	1224.0	1210.99999001	1222.63494647	1212.00197202	715430.02881524	587.82399516	1217.08204276
597	2017-04-10 08:00:00	1228.99999993	1212.00197204	1213.85738843	1225.24661633	669939.62642996	547.43770358	1223.77326597
598	2017-04-10 12:00:00	1225.0	1217.0	1224.67568005	1218.04435616	1137109.6737092	931.10245855	1221.25085512
599	2017-04-10 16:00:00	1223.13730584	1212.59077905	1218.04435616	1216.0	755247.71757661	619.97902619	1218.18268953
600	2017-04-10 20:00:00	1220.91	1202.0	1216.01	1219.49999999	934982.98994869	771.92717799	1211.23211697
601	2017-04-11 00:00:00	1222.64111228	1205.98	1219.54999997	1209.0	502153.19373066	412.82737568	1216.3757137
602	2017-04-11 04:00:00	1216.399999	1205.98000001	1209.0	1207.79000318	608149.93499148	502.65314952	1209.8798855
603	2017-04-11 08:00:00	1219.0999	1206.25497776	1210.39999	1219.0999	670360.43527118	552.36546798	1213.61756686
604	2017-04-11 12:00:00	1234.35000001	1217.80020015	1219.0999	1233.79792644	929502.88700305	758.52833525	1225.40298602
605	2017-04-11 16:00:00	1244.81454032	1227.2900001	1231.88370002	1231.00030001	1279102.1186578	1035.61200235	1235.11712471
606	2017-04-11 20:00:00	1246.17325885	1231.0	1233.75999997	1235.99999901	573870.29737716	463.29662642	1238.66711875
607	2017-04-12 00:00:00	1240.24999996	1227.51156845	1235.3121445	1236.95856916	537551.38349491	435.76222196	1233.58877021
608	2017-04-12 04:00:00	1236.95856998	1220.57	1236.95856897	1230.0	1404064.6618389	1144.03023113	1227.29681754
609	2017-04-12 08:00:00	1237.699976	1224.0	1230.0	1232.76599812	921555.7341203	748.48482761	1231.22834308
610	2017-04-12 12:00:00	1236.09316599	1221.47106842	1231.33999979	1232.28345595	1089126.5627322	885.0006667	1230.65055622
611	2017-04-12 16:00:00	1235.00000003	1221.0	1232.28345557	1226.54655104	1489120.9843415	1214.14395468	1226.47811126
612	2017-04-12 20:00:00	1232.29000001	1221.41030618	1226.54655104	1227.00000044	1072886.399476	874.54435122	1226.79472799
613	2017-04-13 00:00:00	1240.0	1222.10407402	1227.00000035	1223.0	1174044.7564805	953.99397904	1230.66264806
614	2017-04-13 04:00:00	1234.00014	1180.0	1227.8360432	1205.92	2551531.570986	2120.87136012	1203.05814815
615	2017-04-13 08:00:00	1207.95999997	1190.2	1205.91999995	1205.00000048	1047964.0517993	873.47108561	1199.76959634
616	2017-04-13 12:00:00	1209.50000035	1180.00000001	1205.00000051	1185.15177342	1838319.7587501	1544.69541171	1190.08559539
617	2017-04-13 16:00:00	1192.0	1160.99998944	1185.15177339	1183.8889997	1877745.8029595	1596.10113746	1176.45790663
618	2017-04-13 20:00:00	1191.09300016	1174.19	1183.8889997	1186.00000004	1071165.9391768	903.70288471	1185.30764624
619	2017-04-14 00:00:00	1199.87558885	1183.98989962	1188.98989872	1193.50000198	788145.26931424	660.80366114	1192.70717712
620	2017-04-14 04:00:00	1210.99999999	1192.89000002	1196.69999961	1201.10099567	929951.88672451	774.45617053	1200.78052459
621	2017-04-14 08:00:00	1208.0	1185.0	1201.10099567	1194.00000012	857459.91308554	718.68350282	1193.09808799
622	2017-04-14 12:00:00	1221.73333333	1193.0	1194.00000012	1214.99999964	1453636.0102236	1204.4092315	1206.92865199
623	2017-04-14 16:00:00	1219.0	1200.0500755	1212.00000023	1208.10000154	1029581.4402504	849.17474417	1212.44943672
624	2017-04-14 20:00:00	1215.992703	1201.73214082	1209.0	1207.5051791	716091.46279686	592.53442671	1208.52296595
625	2017-04-15 00:00:00	1213.992703	1197.0	1207.5051791	1209.29012396	758914.4421777	629.8619038	1204.89021101
626	2017-04-15 04:00:00	1212.0	1200.002907	1208.0	1208.49999995	460373.58788549	381.29015222	1207.41011852
627	2017-04-15 08:00:00	1212.29313679	1204.99999968	1208.38615444	1206.177494	406093.74439978	336.23187286	1207.77884899
628	2017-04-15 12:00:00	1218.0	1206.00000002	1206.177494	1214.85103432	792523.10028717	653.87997968	1212.03145059
629	2017-04-15 16:00:00	1216.7770705	1200.567	1214.85103432	1209.12717995	1157952.5018869	957.16205502	1209.77685629
630	2017-04-15 20:00:00	1210.4134021	1185.99999959	1209.12717982	1194.54959853	1371312.602213	1145.79193346	1196.82514963
631	2017-04-16 00:00:00	1207.0	1190.00000009	1193.94839339	1205.98	511613.74785366	426.08031568	1200.7448573
632	2017-04-16 04:00:00	1210.83299998	1205.00000001	1205.97	1210.5	541344.95378149	447.93054465	1208.54663797
633	2017-04-16 08:00:00	1210.833	1205.390679	1210.5	1207.301	401148.20672339	332.00587207	1208.25636071
634	2017-04-16 12:00:00	1210.388144	1201.11000008	1207.31	1206.2100017	490883.90310309	407.05459544	1205.94118971
635	2017-04-16 16:00:00	1217.00000001	1206.2100015	1206.2100017	1214.99999999	878177.67458214	724.46029042	1212.18193211
636	2017-04-16 20:00:00	1216.0	1210.16762594	1214.10989999	1212.5	429857.97316899	354.08612678	1213.99270024
637	2017-04-17 00:00:00	1212.56	1205.26	1212.56	1211.5	524432.23612491	433.74673606	1209.07477227
638	2017-04-17 04:00:00	1212.05047172	1205.99	1211.5	1208.0188292	525166.23674889	434.44083036	1208.83259594
639	2017-04-17 08:00:00	1217.0	1206.0	1208.1188292	1209.49612818	901238.29146005	744.06086862	1211.2426946
640	2017-04-17 12:00:00	1233.57599553	1206.0	1209.49612818	1228.88888886	1436945.3630023	1178.68307098	1219.11088602
641	2017-04-17 16:00:00	1240.0	1222.565	1225.10000171	1232.51130823	2157871.1452425	1752.95852282	1230.98813642
642	2017-04-17 20:00:00	1240.48624047	1229.76676897	1232.52	1238.99999999	1951368.6804219	1580.16297321	1234.91608998
643	2017-04-18 00:00:00	1254.6	1236.50000223	1238.99999999	1252.00000002	1550294.7925103	1244.72545718	1245.49135198
644	2017-04-18 04:00:00	1270.0	1248.63409373	1254.59999999	1268.41798975	2175968.0977225	1728.79089666	1258.66471296
645	2017-04-18 08:00:00	1268.0	1256.00000001	1268.0	1267.66999999	891880.01850144	706.93015263	1261.62395985
646	2017-04-18 12:00:00	1279.99999999	1253.65295172	1267.66999999	1262.29999999	2405862.1766555	1899.22005933	1266.76325096
647	2017-04-18 16:00:00	1273.74999972	1255.10000001	1262.29999999	1267.78899996	1510883.0458236	1193.39270285	1266.04012427
648	2017-04-18 20:00:00	1269.49999999	1261.5	1266.99	1268.04810031	920187.53331365	727.03401182	1265.67329499
649	2017-04-19 00:00:00	1272.0	1260.60000001	1265.0	1265.0000001	807438.111121	637.20124842	1267.16341677
650	2017-04-19 04:00:00	1271.18	1260.71000044	1265.00000003	1264.40000035	1151094.1146777	909.83967156	1265.16149016
651	2017-04-19 08:00:00	1267.74999942	1257.00000001	1264.40000035	1265.9999992	803050.64349965	636.45438943	1261.75678388
652	2017-04-19 12:00:00	1272.99999999	1259.10000001	1264.00000048	1263.0	1005018.8483027	795.07945118	1264.04832474
653	2017-04-19 16:00:00	1272.0	1261.2000005	1262.93380012	1266.65874999	832892.55697325	657.8688525	1266.04649818
654	2017-04-19 20:00:00	1293.0	1262.1	1263.10931247	1262.88999999	1940625.2382601	1527.05680004	1270.82714815
655	2017-04-20 00:00:00	1270.06300003	1262.5	1262.89	1264.50551758	754109.7474844	595.2891091	1266.7958072
656	2017-04-20 04:00:00	1272.0	1260.0	1263.00000002	1270.99999975	648333.47822306	512.44397307	1265.17924357
657	2017-04-20 08:00:00	1277.49999982	1266.5	1270.99999958	1273.21111113	933264.78925483	734.19128525	1271.1466453
658	2017-04-20 12:00:00	1303.72598853	1268.00000101	1273.0	1297.00000035	2087526.6369673	1625.61030548	1284.14948523
659	2017-04-20 16:00:00	1328.0	1293.6389045	1297.00000006	1299.49999998	3295585.6378698	2515.81956449	1309.94515043
660	2017-04-20 20:00:00	1309.70006911	1290.99999981	1298.0	1306.65000023	910268.5824421	699.70364279	1300.93446249
661	2017-04-21 00:00:00	1326.21855984	1305.55	1306.65000023	1321.0	974546.83959917	740.60388896	1315.88134241
662	2017-04-21 04:00:00	1324.0000013	1311.78677138	1321.0	1318.9799992	898806.27481417	682.17924327	1317.55148471
663	2017-04-21 08:00:00	1334.99999999	1312.50000001	1318.9799992	1329.33499957	1045490.8944727	790.58462797	1322.42755232
664	2017-04-21 12:00:00	1331.36264259	1311.0	1329.0	1315.99999999	1975713.6793049	1499.28098757	1317.77411684
665	2017-04-21 16:00:00	1324.99999999	1308.00000001	1314.1160673	1324.34074501	1171858.4857511	890.24165746	1316.33750895
666	2017-04-21 20:00:00	1329.53087304	1319.8099997	1324.34074501	1328.0	757427.43459805	572.35640488	1323.34927702
667	2017-04-22 00:00:00	1329.97	1320.44390653	1328.0	1321.2238271	586356.26504461	442.38153359	1325.45375546
668	2017-04-22 04:00:00	1325.75656822	1317.99999984	1321.22382709	1320.66767971	650899.45438232	492.99031523	1320.30880582
669	2017-04-22 08:00:00	1321.02336679	1313.10100114	1320.21804715	1313.7	648492.48930857	492.23636093	1317.44125542
670	2017-04-22 12:00:00	1315.0	1291.63403611	1313.7	1308.19086133	2165194.0188302	1659.73142349	1304.5448126
671	2017-04-22 16:00:00	1336.96606802	1308.40639368	1309.99999998	1327.56044156	1619058.0429479	1224.4385052	1322.28612222
672	2017-04-22 20:00:00	1349.0	1324.70248015	1329.95568048	1346.0	1201015.7619074	896.21928152	1340.09141141
673	2017-04-23 00:00:00	1354.1	1336.91281766	1345.3667575	1342.9410445	1678637.8693304	1246.5658342	1346.60988074
674	2017-04-23 04:00:00	1349.8	1338.7188518	1345.93171222	1347.2	1024265.1332882	762.03239313	1344.12282538
675	2017-04-23 08:00:00	1351.0	1339.35859168	1347.19999999	1342.63904804	1067498.5227704	792.60695294	1346.81952865
676	2017-04-23 12:00:00	1366.9	1336.33991796	1341.00000527	1357.8888878	1657947.4839936	1229.32406908	1348.66592601
677	2017-04-23 16:00:00	1362.1819334	1341.0	1357.88887277	1348.0	1161289.0536578	859.97385344	1350.37716438
678	2017-04-23 20:00:00	1355.32	1340.64921961	1349.83494036	1352.19356875	873129.36989761	647.09570531	1349.30484429
679	2017-04-24 00:00:00	1357.76054805	1348.09100584	1352.19356875	1350.19999997	1185984.306589	877.10201986	1352.16232517
680	2017-04-24 04:00:00	1353.0	1328.46	1350.19999997	1330.0	1554380.6798119	1156.26845664	1344.30777808
681	2017-04-24 08:00:00	1340.50225686	1325.95555477	1330.0	1336.41908971	1451601.1915046	1088.15951957	1333.99668467
682	2017-04-24 12:00:00	1340.80469142	1330.0	1336.02	1334.44500899	1014925.3484495	759.80685351	1335.76756219
683	2017-04-24 16:00:00	1354.99999999	1332.58774082	1334.04038867	1351.00000204	1193587.5035001	888.5945467	1343.23073209
684	2017-04-24 20:00:00	1354.50000042	1342.48640152	1351.00000202	1347.39901051	706755.21309875	524.45120293	1347.60909909
685	2017-04-25 00:00:00	1350.0	1343.00000001	1346.86288997	1348.28733285	843799.72711204	626.77461932	1346.25701345
686	2017-04-25 04:00:00	1356.19999998	1341.0960042	1347.82285539	1355.0	1707384.5876891	1263.60032044	1351.2062003
687	2017-04-25 08:00:00	1365.0	1348.40000001	1355.0	1364.89599999	1039922.5652327	766.57618235	1356.58084503
688	2017-04-25 12:00:00	1365.0	1355.185144	1364.75999998	1360.0	817835.87099977	600.96968726	1360.86043661
689	2017-04-25 16:00:00	1378.99999998	1360.0	1360.0	1375.0	1268888.8136963	925.04478763	1371.7052738
690	2017-04-25 20:00:00	1380.81459654	1366.00000001	1372.83230001	1371.30000001	952173.77433217	693.45223308	1373.09208754
691	2017-04-26 00:00:00	1378.34616022	1364.65264554	1372.98	1370.49999999	595605.56973032	434.60630579	1370.4485227
692	2017-04-26 04:00:00	1378.81717971	1365.04633609	1370.49999999	1376.70735012	1098025.1862437	801.58701533	1369.81408785
693	2017-04-26 08:00:00	1386.5	1373.77892712	1376.70735007	1386.5	1306671.6778609	946.80481276	1380.08558918
694	2017-04-26 12:00:00	1409.98765432	1386.0	1386.5	1407.99999975	2537097.851214	1814.67272066	1398.10216042
695	2017-04-26 16:00:00	1412.93003847	1396.43098492	1407.99999956	1402.20061145	1586772.2617822	1129.58881868	1404.73439143
696	2017-04-26 20:00:00	1409.088552	1395.00000002	1401.71993644	1398.62832429	1023065.4037054	730.42221379	1400.64935648
697	2017-04-27 00:00:00	1409.0	1390.00000009	1398.62832429	1402.67383475	729117.66068104	520.23435869	1401.51769774
698	2017-04-27 04:00:00	1418.88882222	1400.43359038	1405.49999964	1413.92202312	931233.36825242	659.97405201	1411.01512311
699	2017-04-27 08:00:00	1415.74882779	1398.71944803	1414.44412969	1412.00927844	1946940.2187428	1383.68588311	1407.06806545
700	2017-04-27 12:00:00	1437.36999998	1396.83256558	1411.68011633	1436.99999975	2737490.7401606	1931.34858999	1417.39857545
701	2017-04-27 16:00:00	1438.8888222	1420.8739971	1436.34991898	1430.31638129	1447597.6145884	1010.86558746	1432.03768388
702	2017-04-27 20:00:00	1448.88882222	1429.55337772	1430.31638126	1439.38101398	2084634.3549637	1447.02036771	1440.63926222
703	2017-04-28 00:00:00	1450.0	1420.1	1439.38101398	1436.02813177	2460072.1354379	1712.57124414	1436.47871226
704	2017-04-28 04:00:00	1439.99999998	1417.53336581	1435.25903401	1427.94736017	1847565.1696739	1293.93881089	1427.86131316
705	2017-04-28 08:00:00	1427.97829497	1370.74649004	1427.94736017	1383.0	2512816.1465504	1790.80873823	1403.17393639
706	2017-04-28 12:00:00	1408.8	1378.83695751	1383.999996	1396.12496355	1817859.9742826	1304.57114022	1393.45407715
707	2017-04-28 16:00:00	1399.03660575	1369.54757195	1396.12496352	1383.95716293	1708063.8568924	1233.52519986	1384.70122627
708	2017-04-28 20:00:00	1425.99999997	1373.34745763	1383.95716293	1413.29999998	1688441.6986789	1210.47642505	1394.85715189
709	2017-04-29 00:00:00	1429.696551	1405.38165417	1413.29999997	1412.99999999	1725298.194989	1219.26814721	1415.02769422
710	2017-04-29 04:00:00	1426.01121488	1406.79400001	1415.26169921	1415.23938078	2241822.9417606	1580.77271044	1418.18170756
711	2017-04-29 08:00:00	1422.99999999	1406.47322626	1415.23938078	1412.54048605	1772350.0526287	1252.65939659	1414.86988199
712	2017-04-29 12:00:00	1417.99999999	1404.1203479	1410.9999997	1415.0	1831882.6651317	1297.77800156	1411.55318007
713	2017-04-29 16:00:00	1438.0	1408.52464139	1415.0	1432.229	1789012.7959161	1255.61572583	1424.80916662
714	2017-04-29 20:00:00	1433.87015522	1417.50000001	1430.5870812	1424.63835519	1790747.9042884	1255.60708083	1426.2008646
715	2017-04-30 00:00:00	1428.51999956	1415.0	1424.63835515	1425.54467441	1260068.2348392	886.04561315	1422.12569662
716	2017-04-30 04:00:00	1432.33168081	1422.29654808	1425.54467413	1426.99999964	1240170.6353848	868.95692241	1427.1946093
717	2017-04-30 08:00:00	1426.9355009	1407.20000002	1424.5332362	1414.81901053	1298708.529695	917.51239179	1415.46701855
718	2017-04-30 12:00:00	1427.77773329	1411.11000001	1418.43064191	1425.10385295	1604943.1760531	1129.05949239	1421.48680992
719	2017-04-30 16:00:00	1430.00000001	1402.0	1425.07033016	1416.27184807	2219704.1610261	1568.00587946	1415.62234561
720	2017-04-30 20:00:00	1442.75347154	1413.69203568	1416.27184797	1435.08977391	1898107.2276259	1325.21495071	1432.30139881
721	2017-05-01 00:00:00	1462.3113681	1429.01149368	1435.08977389	1462.31136809	2375354.6208846	1644.08803539	1444.78554052
722	2017-05-01 04:00:00	1466.88882222	1451.99643821	1462.31136808	1461.39600001	1831355.4823319	1252.27397766	1462.42397031
723	2017-05-01 08:00:00	1466.0	1446.31137746	1461.396	1458.99999999	2336349.414514	1604.77046511	1455.87762568
724	2017-05-01 12:00:00	1512.00000003	1456.67347114	1458.85206037	1497.2	5198756.2545444	3500.18851336	1485.27893132
725	2017-05-01 16:00:00	1585.16	1490.02	1500.99999994	1536.43871749	5849802.5881302	3823.9420201	1529.78328577
726	2017-05-01 20:00:00	1568.0687612	1520.0	1535.68531662	1529.99999999	2446777.4418385	1586.74558022	1542.00993047
727	2017-05-02 00:00:00	1549.85244697	1520.00000004	1529.99999999	1538.45425315	1503012.3305266	979.31740301	1534.75505071
728	2017-05-02 04:00:00	1562.89999998	1538.45425315	1538.45425315	1548.99999812	1002389.6769684	645.44661392	1553.017175
729	2017-05-02 08:00:00	1615.02380427	1538.59447002	1548.9999981	1587.21603531	2967188.823402	1883.02607577	1575.7555679
730	2017-05-02 12:00:00	1601.79722033	1554.30975332	1587.21603531	1558.99999999	2321452.1938276	1471.56412509	1577.54062785
731	2017-05-02 16:00:00	1576.12672579	1510.0	1559.18845514	1543.3713232	2337566.2390398	1511.86951989	1546.14284386
732	2017-05-02 20:00:00	1565.5785018	1527.954419	1543.3713232	1561.907	1439444.4545856	930.94773059	1546.21404326
733	2017-05-03 00:00:00	1594.0	1561.28999999	1562.14433334	1572.88999999	1301945.7425157	824.39325218	1579.2775342
734	2017-05-03 04:00:00	1572.88999999	1550.0	1572.88999999	1554.51636583	1504197.4961347	964.45908531	1559.62810558
735	2017-05-03 08:00:00	1575.73752643	1552.00000001	1554.00000001	1566.47639095	1436109.9206381	918.0564565	1564.29368855
736	2017-05-03 12:00:00	1581.37777817	1545.30940914	1565.00000001	1574.0	2475343.7658075	1585.76092533	1560.98168788
737	2017-05-03 16:00:00	1620.37795292	1556.8505303	1574.59798989	1616.0	5042271.9334696	3170.9404856	1590.15029022
738	2017-05-03 20:00:00	1628.88882222	1600.13208038	1616.00000032	1615.62000002	3300987.7528134	2046.82148472	1612.73847155
739	2017-05-04 00:00:00	1626.27424996	1604.0	1615.62	1609.20000026	2011224.4677468	1244.66249886	1615.87938062
740	2017-05-04 04:00:00	1617.9286838	1597.004	1611.99	1608.15245	2435311.6779759	1514.13755086	1608.38206317
741	2017-05-04 08:00:00	1634.81407213	1606.94585159	1606.94585161	1620.32430341	2603579.8594477	1607.76010938	1619.38329248
742	2017-05-04 12:00:00	1655.89999998	1620.28869408	1623.61109307	1651.0	3627851.5404997	2213.68387372	1638.82999897
743	2017-05-04 16:00:00	1699.13	1575.0	1650.45000022	1613.0	7119542.7315053	4321.88780608	1647.32243199
744	2017-05-04 20:00:00	1630.0	1515.0	1612.99999999	1603.89857162	8531730.3708262	5405.92307902	1578.21897317
745	2017-05-05 00:00:00	1646.91966551	1600.79315497	1603.89857162	1630.16714437	3228110.9998068	1986.13626205	1625.32201918
746	2017-05-05 04:00:00	1663.9717299	1629.0	1630.16714438	1641.0	3660741.2246097	2224.36546141	1645.74629849
747	2017-05-05 08:00:00	1661.0	1588.91978617	1641.0	1627.57300816	5674033.7990315	3471.38203178	1634.51724618
748	2017-05-05 12:00:00	1640.3329136	1550.59999999	1627.57300813	1586.15031634	6252766.4883095	3889.15293546	1607.74507767
749	2017-05-05 16:00:00	1596.96495416	1454.12233181	1589.9557245	1554.72386	9512604.7500526	6175.89898958	1540.27855152
750	2017-05-05 20:00:00	1584.34913478	1510.0	1554.72386	1543.4	4068927.4699964	2624.38318139	1550.43192581
751	2017-05-06 00:00:00	1584.74288058	1540.34490983	1543.40000001	1577.0	3127126.6548638	1992.90177627	1569.13235368
752	2017-05-06 04:00:00	1591.99999999	1560.0	1577.0	1568.24697561	2355664.9254674	1498.67091724	1571.83601707
753	2017-05-06 08:00:00	1591.37	1560.0	1569.23973851	1588.45811203	2680650.5062122	1700.28569318	1576.5882857
754	2017-05-06 12:00:00	1590.80503932	1550.0407688	1590.18941217	1554.0	3358649.3736651	2131.97012349	1575.37356488
755	2017-05-06 16:00:00	1605.99999999	1553.96874023	1554.5	1583.37421972	4421779.0009828	2793.39759062	1582.93936238
756	2017-05-06 20:00:00	1629.48	1582.0	1583.37421965	1598.2058167	5453978.5286661	3404.29588856	1602.08710029
757	2017-05-07 00:00:00	1614.97499999	1590.61103195	1598.2058167	1605.0	3197463.6049519	1996.23124749	1601.75010233
758	2017-05-07 04:00:00	1609.99999999	1581.14590731	1607.0	1581.76747703	2519111.8076993	1574.08508615	1600.36571711
759	2017-05-07 08:00:00	1609.5816254	1573.61031605	1581.76747703	1599.46274812	5606660.9791105	3514.76578808	1595.17342467
760	2017-05-07 12:00:00	1600.63553708	1568.0	1598.95941897	1571.41382256	4934896.1941316	3117.21594822	1583.11014575
761	2017-05-07 16:00:00	1596.01796281	1571.28023226	1571.41382256	1593.99999966	5358377.6868359	3381.60266057	1584.56750383
762	2017-05-07 20:00:00	1657.0	1581.1	1591.0	1620.15	8806990.9184614	5467.25367764	1610.86194966
763	2017-05-08 00:00:00	1664.45299999	1609.99000001	1621.99999994	1647.70370051	5980487.7346167	3642.50167418	1641.86272775
764	2017-05-08 04:00:00	1690.0	1628.00000002	1646.446	1666.63092483	8360716.7185569	5032.89323939	1661.21479651
765	2017-05-08 08:00:00	1687.0	1649.02037643	1666.63092483	1664.98	4602098.2848431	2761.51984399	1666.50922131
766	2017-05-08 12:00:00	1673.56256632	1643.73278187	1664.98	1655.65357632	6321734.5499844	3810.71919466	1658.93476455
767	2017-05-08 16:00:00	1682.9	1649.8080511	1655.01385454	1677.26938682	4012966.3699664	2409.80476039	1665.26618086
768	2017-05-08 20:00:00	1723.99999999	1673.12649575	1677.26938682	1705.6743542	6409453.990594	3771.36902632	1699.50326946
769	2017-05-09 00:00:00	1749.99	1690.09940342	1705.6743542	1749.00000001	2984176.9458492	1743.3035122	1711.79426013
770	2017-05-09 04:00:00	1775.00000001	1690.832483	1749.99	1775.00000001	5865956.1569948	3379.48765344	1735.75309589
771	2017-05-09 08:00:00	1798.88882222	1725.20000001	1775.00000039	1797.29999998	8106004.8839329	4580.42042316	1769.70761088
772	2017-05-09 12:00:00	1798.79999998	1739.5751	1795.0	1761.99999999	4362306.87074	2457.64474546	1774.99489248
773	2017-05-09 16:00:00	1813.8000001	1751.00000001	1765.93	1789.4	4455090.1564453	2495.46274486	1785.27616395
774	2017-05-09 20:00:00	1799.8999999	1702.0	1789.400028	1758.51393978	5257847.5755749	3001.46441318	1751.76075801
775	2017-05-10 00:00:00	1763.1260942	1720.0	1758.89751477	1725.33992234	3066934.79967	1753.39693593	1749.13890678
776	2017-05-10 04:00:00	1777.01000001	1705.1	1725.76961873	1755.0	4335738.9473117	2482.86210664	1746.26651061
777	2017-05-10 08:00:00	1781.21834166	1745.66851877	1748.00000001	1769.29011859	2486253.7860767	1407.16499868	1766.85306158
778	2017-05-10 12:00:00	1816.38960565	1762.00000001	1769.29011859	1802.03989321	3924560.3490143	2188.23799144	1793.47966919
779	2017-05-10 16:00:00	1809.15318012	1770.19934344	1801.60000002	1793.0	2876736.7155797	1604.1287253	1793.33283558
780	2017-05-10 20:00:00	1804.88459634	1756.28797796	1793.0	1799.99999997	2899961.6468371	1628.5529007	1780.69846278
781	2017-05-11 00:00:00	1799.99999997	1757.41238003	1799.99999997	1788.95591418	2280301.8586831	1281.66717315	1779.16849744
782	2017-05-11 04:00:00	1896.99999999	1785.06577644	1786.5606278	1888.1575308	5662800.7566609	3071.66675977	1843.55960445
783	2017-05-11 08:00:00	1900.99899995	1845.654	1890.0	1876.19391708	3986094.5602897	2122.57366944	1877.95345701
784	2017-05-11 12:00:00	1892.0	1851.5	1876.84881873	1882.08141752	2484668.695163	1327.98864048	1871.0014675
785	2017-05-11 16:00:00	1893.0	1842.38465599	1882.58249787	1858.90689886	3895862.178746	2089.21174978	1864.75218663
786	2017-05-11 20:00:00	1876.25165897	1811.0	1858.31560464	1860.10327257	4799064.9179592	2604.72837022	1842.44352417
787	2017-05-12 00:00:00	1876.88899399	1799.81245028	1857.5438325	1818.50404601	2682382.6452908	1462.7143803	1833.83897869
788	2017-05-12 04:00:00	1832.17290261	1759.55437169	1821.0	1819.05892674	4348586.9177896	2421.51658638	1795.81132842
789	2017-05-12 08:00:00	1858.85794054	1818.06138127	1819.05892674	1830.00000001	2466624.5674643	1342.69975554	1837.06339208
790	2017-05-12 12:00:00	1844.52749717	1800.0	1833.06835222	1808.291	4104063.6606516	2255.14094964	1819.8701333
791	2017-05-12 16:00:00	1824.20843162	1716.0	1808.291	1721.97116743	3361522.8044283	1884.66240955	1783.62065661
792	2017-05-12 20:00:00	1774.13	1704.0	1721.97116743	1735.70623556	5707978.8664172	3281.08235257	1739.6633955
793	2017-05-13 00:00:00	1738.368	1651.95470847	1735.70623556	1700.0	5704912.1083945	3365.22996172	1695.25178763
794	2017-05-13 04:00:00	1746.0	1664.66320732	1696.0000001	1725.50000004	3510850.4619185	2051.35055791	1711.48244183
795	2017-05-13 08:00:00	1761.01000021	1723.00000002	1723.00000002	1761.01000021	1296330.8400353	743.02552324	1744.66529007
796	2017-05-13 12:00:00	1769.0	1741.63788896	1761.01000021	1749.0	370147.47725267	210.79772151	1755.9368033
797	2017-05-13 16:00:00	1785.97805874	1730.11800009	1757.0	1775.00000001	2135575.8555714	1209.72125672	1765.34539978
798	2017-05-13 20:00:00	1828.56892521	1774.32781329	1775.0	1822.18209573	2469507.3358445	1366.58089525	1807.06999814
799	2017-05-14 00:00:00	1849.0	1808.27969401	1822.18209573	1825.34942993	2567626.0452537	1404.33676848	1828.35492375
800	2017-05-14 04:00:00	1849.246862	1812.00000002	1825.34943	1846.00000004	1333839.1866904	730.44751091	1826.05754249
801	2017-05-14 08:00:00	1855.0	1807.210457	1849.0	1820.00000001	2224824.7849572	1211.1498192	1836.95257984
802	2017-05-14 12:00:00	1835.0	1805.00000001	1822.20003011	1809.1	1634713.38456	898.62143198	1819.13465045
803	2017-05-14 16:00:00	1814.0	1776.777	1809.1	1787.7	2179989.4326846	1217.10575065	1791.12573539
804	2017-05-14 20:00:00	1830.0	1780.68225533	1787.69	1826.0	1953869.1717058	1076.29917776	1815.35878878
805	2017-05-15 00:00:00	1835.0	1788.0	1821.00000004	1789.00000066	2009695.6401321	1108.31836826	1813.28370771
806	2017-05-15 04:00:00	1800.0	1766.0	1799.89999999	1769.59999998	3063833.9190602	1720.26917921	1781.02006132
807	2017-05-15 08:00:00	1784.99999999	1721.001	1769.59999998	1778.00000001	3164565.5634623	1804.14733032	1754.0505203
808	2017-05-15 12:00:00	1784.5	1720.0	1778.00000001	1734.8785587	4114142.310717	2357.65417449	1745.0151745
809	2017-05-15 16:00:00	1763.49243188	1725.2	1734.8785587	1737.10411111	2792056.6447441	1600.61016145	1744.37018581
810	2017-05-15 20:00:00	1786.00000001	1730.0	1735.50847909	1771.09832331	2851684.898267	1614.64267604	1766.13992717
811	2017-05-16 00:00:00	1777.68007911	1719.0	1774.4785105	1729.99999977	5571654.2883217	3186.4426175	1748.55001553
812	2017-05-16 04:00:00	1750.97813005	1725.8	1729.8789087	1738.52843991	3079290.2951164	1771.71718135	1738.02586977
813	2017-05-16 08:00:00	1776.99	1735.00001	1735.00001006	1760.00000001	3120854.137627	1772.42019409	1760.78683149
814	2017-05-16 12:00:00	1799.99	1753.333	1767.99999999	1799.98999997	2944030.3106815	1656.33364459	1777.43796987
815	2017-05-16 16:00:00	1799.98999997	1780.1466401	1794.0	1795.98	2728316.704251	1524.78228593	1789.31558257
816	2017-05-16 20:00:00	1798.5	1775.99999981	1795.99	1787.00000024	3091360.7843512	1730.01741675	1786.89575863
817	2017-05-17 00:00:00	1850.04690691	1770.13994165	1790.98999949	1839.98999997	6873853.955843	3821.65148871	1798.66059899
818	2017-05-17 04:00:00	1891.8	1827.36664977	1838.25	1853.93950213	6525633.3578836	3517.65916368	1855.10677818
819	2017-05-17 08:00:00	1895.989	1846.52582226	1853.93950213	1872.99999991	2888079.5627271	1542.15825423	1872.75174568
820	2017-05-17 12:00:00	1897.9	1861.05200001	1870.0	1882.99999996	2185270.2328563	1161.17105969	1881.9537523
821	2017-05-17 16:00:00	1890.2	1854.77559674	1882.99999996	1864.0	3402850.7303725	1815.89489492	1873.92493909
822	2017-05-17 20:00:00	1876.70972759	1834.00000001	1864.9219529	1872.99999994	3537411.0183545	1906.02784771	1855.90731143
823	2017-05-18 00:00:00	1890.0	1852.28556046	1872.99999999	1864.0	3131961.7553627	1670.35139388	1875.03166509
824	2017-05-18 04:00:00	1899.96	1858.00020014	1864.0	1884.86348697	4292927.8568435	2283.43370423	1880.03174731
825	2017-05-18 08:00:00	1891.38791	1860.0	1880.0	1874.01000001	2584033.2849434	1378.54482349	1874.46446492
826	2017-05-18 12:00:00	1940.88206838	1864.09831132	1874.01	1919.16969898	3471671.3628543	1826.27738419	1900.95513031
827	2017-05-18 16:00:00	1930.98	1915.0390241	1919.16969898	1918.33585713	2349927.3780497	1221.29069794	1924.13434574
828	2017-05-18 20:00:00	1948.0	1918.33585712	1924.99999998	1942.14469914	2538452.6624064	1311.62845256	1935.34430993
829	2017-05-19 00:00:00	1977.88899995	1935.0	1942.2612287	1953.99999992	4277623.7858403	2183.4769578	1959.08812802
830	2017-05-19 04:00:00	1975.12959628	1941.4	1947.0	1972.11	3254023.0993698	1661.05630137	1959.00831096
831	2017-05-19 08:00:00	1994.0	1963.19741833	1972.85471489	1971.5	3276389.0796831	1656.73778768	1977.6147463
832	2017-05-19 12:00:00	1988.71419811	1960.0	1971.5	1971.2272176	3289840.4699192	1668.70133429	1971.4974767
833	2017-05-19 16:00:00	1971.22721751	1925.99999996	1969.61403793	1950.67876999	3297143.0282834	1695.06772487	1945.13940647
834	2017-05-19 20:00:00	1993.99900002	1942.46394331	1950.67876999	1966.99999984	3908378.8516837	1986.1872612	1967.77963892
835	2017-05-20 00:00:00	2000.0	1964.39597417	1966.9999998	1988.3359066	2710667.5810695	1363.23049438	1988.41471948
836	2017-05-20 04:00:00	1998.2180342	1971.46248012	1988.2359066	1994.99999971	2307676.3532862	1161.65892604	1986.53520543
837	2017-05-20 08:00:00	1999.0	1959.94713601	1995.00443906	1975.59215136	3210542.7404792	1619.60107972	1982.30464321
838	2017-05-20 12:00:00	1996.28364225	1975.59215127	1980.66398139	1989.99999995	2329749.8924828	1172.78121636	1986.51705875
839	2017-05-20 16:00:00	2040.82257438	1981.70587403	1985.28411911	2032.54397346	4197983.6457139	2084.2120099	2014.1826387
840	2017-05-20 20:00:00	2075.51461898	2020.45000006	2035.4	2074.60645908	3671858.9687254	1789.95695161	2051.36719373
841	2017-05-21 00:00:00	2079.97999984	2050.51840189	2073.0	2068.5	2001876.3293978	969.08311009	2065.74266804
842	2017-05-21 04:00:00	2084.99999992	2055.0	2068.00000001	2060.0	2268893.0263	1096.14187564	2069.8899264
843	2017-05-21 08:00:00	2099.99999999	2048.77403953	2060.0	2082.06969694	3029878.5840817	1456.77478176	2079.85381269
844	2017-05-21 12:00:00	2091.37154923	1985.0	2082.06969694	2028.0	4656833.1734994	2281.15690852	2041.43483339
845	2017-05-21 16:00:00	2045.5980356	2000.0	2028.0	2030.85905865	4016239.7525129	1985.04191224	2023.25186574
846	2017-05-21 20:00:00	2047.22920292	2011.90451987	2030.85905865	2030.99999999	3667681.7235037	1808.06592632	2028.51105709
847	2017-05-22 00:00:00	2086.0	2012.66542897	2030.99999996	2083.69140621	3692933.6980251	1803.95149955	2047.13580101
848	2017-05-22 04:00:00	2160.44	2077.14536498	2083.8164215	2154.66732494	4867162.5496201	2284.1407537	2130.85053613
849	2017-05-22 08:00:00	2160.85000003	2039.00000003	2154.66732494	2139.55832713	6078877.4649908	2874.57435774	2114.70524275
850	2017-05-22 12:00:00	2182.0	2109.9	2143.0	2178.0	4324289.5012134	2009.27398265	2152.16517934
851	2017-05-22 16:00:00	2229.19999997	2132.0	2172.99999986	2145.40897913	5034579.5678042	2300.44345543	2188.52567574
852	2017-05-22 20:00:00	2196.0	1975.19120351	2155.0	2090.00000006	8494615.6646408	4068.34637072	2087.97749517
853	2017-05-23 00:00:00	2142.8674925	2065.0	2092.00000003	2129.86422206	3893884.0382876	1850.21792937	2104.55426708
854	2017-05-23 04:00:00	2171.00000016	2099.01000001	2129.7879999	2142.00000028	3396003.4989259	1584.99025948	2142.60212554
855	2017-05-23 08:00:00	2170.0	2105.0	2142.00000028	2163.0	2872955.1989082	1346.41365059	2133.78347556
856	2017-05-23 12:00:00	2230.0	2134.99999995	2163.12978	2219.02	4867061.5734057	2218.22844141	2194.12098526
857	2017-05-23 16:00:00	2230.0	2182.0	2219.02000003	2221.88999998	4719542.5260064	2131.22096518	2214.47827471
858	2017-05-23 20:00:00	2245.0	2194.95989466	2221.88999998	2244.89495691	3362001.3450141	1512.50408943	2222.8047967
859	2017-05-24 00:00:00	2315.0	2241.60939168	2244.0	2301.43521678	5416990.7727195	2370.60150636	2285.07016391
860	2017-05-24 04:00:00	2320.0	2244.0	2305.72442001	2290.0	4333388.8825006	1892.05004775	2290.31408955
861	2017-05-24 08:00:00	2300.0	2246.0	2290.0	2295.1	3481448.6087328	1528.10666746	2278.27591022
862	2017-05-24 12:00:00	2320.84807	2220.0	2295.1	2298.74999997	6969987.8804077	3057.19721617	2279.86203949
863	2017-05-24 16:00:00	2425.0	2296.21474132	2296.21474132	2421.0225	6575236.0974569	2780.60744508	2364.67614624
864	2017-05-24 20:00:00	2447.99999999	2319.7912186	2421.03042853	2389.00000017	7771213.4890639	3239.29725088	2399.04302914
865	2017-05-25 00:00:00	2495.30393601	2381.03692485	2389.0000002	2454.94473528	10062746.785523	4111.37948567	2447.5353882
866	2017-05-25 04:00:00	2510.0	2289.7939183	2457.70453614	2465.11	8205810.8756916	3402.75590802	2411.51910319
867	2017-05-25 08:00:00	2588.0	2457.36810003	2479.86139975	2581.64999992	6451614.9158005	2554.43231815	2525.65506236
868	2017-05-25 12:00:00	2698.36062429	2521.0	2572.00000003	2625.04051976	9314164.3709937	3552.69005207	2621.72163472
869	2017-05-25 16:00:00	2648.43656131	2075.05493865	2625.04051976	2290.00000001	25674666.353839	11154.19492088	2301.79466433
870	2017-05-25 20:00:00	2456.99999998	2112.10000001	2290.2061	2210.0	11844358.136214	5137.64936548	2305.40414373
871	2017-05-26 00:00:00	2354.99	2208.02000001	2210.0	2337.97999997	6560640.5671649	2861.71102196	2292.55872337
872	2017-05-26 04:00:00	2436.2929094	2311.96928588	2337.97999996	2379.12460001	5591667.4495091	2364.93821121	2364.40318948
873	2017-05-26 08:00:00	2484.45555317	2371.82591924	2379.12459997	2436.06300044	5500024.9252324	2251.18638515	2443.16728348
874	2017-05-26 12:00:00	2446.18853679	2212.0	2436.23362306	2320.44946817	9360301.1172074	4033.81680454	2320.45766348
875	2017-05-26 16:00:00	2375.0	1928.0	2320.44946817	2138.11747838	21309378.439109	10027.9559918	2124.99720347
876	2017-05-26 20:00:00	2200.00457715	1989.50380303	2136.0	2130.82794284	15992539.24734	7652.18397409	2089.93135835
877	2017-05-27 00:00:00	2205.56738819	1977.0	2135.5	2042.0	8568695.9156513	4118.29886424	2080.63965198
878	2017-05-27 04:00:00	2043.0	1812.0	2029.27848836	1926.0	22211548.373444	11571.26571797	1919.54354128
879	2017-05-27 08:00:00	1948.0	1538.0	1925.99999997	1922.0	27293206.168253	15525.75126186	1757.93143326
880	2017-05-27 12:00:00	2030.00000004	1850.0	1920.0	2005.71984493	14496735.674653	7529.15873802	1925.41241047
881	2017-05-27 16:00:00	2073.0	1953.0	2005.33000001	2038.0	10389593.429181	5139.90746414	2021.35806951
882	2017-05-27 20:00:00	2046.0	1871.0	2038.0	1972.76599998	9706087.4420496	5012.23476175	1936.47901652
883	2017-05-28 00:00:00	2099.0	1971.62	1971.62	2089.9119077	7531902.0733534	3694.86470502	2038.47844905
884	2017-05-28 04:00:00	2133.0	2013.00000001	2089.9119077	2133.0	8787139.5929529	4221.43611173	2081.55219228
885	2017-05-28 08:00:00	2196.0	2076.3330102	2133.0	2132.0	8926799.2755792	4167.81392624	2141.84208641
886	2017-05-28 12:00:00	2174.85007732	1850.0	2131.90000012	1928.0	14280287.687495	7113.06041152	2007.61512785
887	2017-05-28 16:00:00	2055.0	1886.22	1928.0	2017.12015743	8863034.8256908	4456.73652592	1988.68269958
888	2017-05-28 20:00:00	2066.51050441	1960.0	2014.00200009	2057.10000001	5266667.4397033	2615.25567076	2013.82507209
889	2017-05-29 00:00:00	2079.0532654	1976.01000001	2054.60213318	2031.01000008	4840709.8166756	2381.52691479	2032.60764621
890	2017-05-29 04:00:00	2094.70086541	2005.93937733	2038.001	2083.108	3599817.1922229	1756.75060122	2049.13388942
891	2017-05-29 08:00:00	2189.0	2069.06949077	2083.47399997	2105.111	5712895.6401052	2694.35705229	2120.31869913
892	2017-05-29 12:00:00	2150.0	2085.20000001	2105.11100001	2135.00000024	5282988.8789175	2493.20012182	2118.95901684
893	2017-05-29 16:00:00	2247.1639452	2135.0	2139.99	2213.74547292	7813518.7954787	3553.24039	2198.98400836
894	2017-05-29 20:00:00	2252.3002892	2161.00000001	2214.85231	2207.0	6746459.6639581	3055.73486717	2207.8026914
895	2017-05-30 00:00:00	2239.99980034	2142.5282288	2207.00000001	2225.85386671	4138270.6194661	1891.05049677	2188.34485199
896	2017-05-30 04:00:00	2284.0	2220.01505103	2225.85386671	2246.96999979	6091625.0323144	2713.37447069	2245.0366133
897	2017-05-30 08:00:00	2261.95	2183.1	2246.96999998	2249.69999897	5625927.9068627	2523.9965317	2228.97608463
898	2017-05-30 12:00:00	2251.0	2130.99999999	2246.8347557	2172.626369	8485937.5614697	3882.53215741	2185.67090172
899	2017-05-30 16:00:00	2215.01111099	2165.00000001	2172.626369	2180.00000016	4575553.6671772	2083.67274792	2195.9080051
900	2017-05-30 20:00:00	2239.99999999	2050.5	2180.00000016	2139.99999999	11240649.935945	5258.80588448	2137.4909405
901	2017-05-31 00:00:00	2186.0	2028.00000002	2139.99999998	2037.0	7966152.8918287	3783.84246245	2105.30775815
902	2017-05-31 04:00:00	2115.74544872	2005.93937735	2033.02000006	2102.03751279	5994525.2274613	2902.92087779	2064.99780043
903	2017-05-31 08:00:00	2160.0	2083.43737507	2102.18917	2148.60207396	3288119.1977567	1549.55770283	2121.97273567
904	2017-05-31 12:00:00	2230.13260566	2108.011	2148.60207396	2214.99	5853333.7833347	2706.93902465	2162.34415701
905	2017-05-31 16:00:00	2240.50000002	2172.99698502	2214.99999999	2189.10000001	5355154.27974	2415.66920665	2216.84089236
906	2017-05-31 20:00:00	2208.0	2159.86055776	2188.44766653	2196.99999967	3849127.8222098	1759.1747649	2188.03037595
907	2017-06-01 00:00:00	2273.0	2171.08644538	2196.99899999	2249.9999818	5027056.7957425	2253.34660587	2230.9292244
908	2017-06-01 04:00:00	2325.3402656	2245.89	2249.9999818	2324.84026559	8626066.3735007	3761.8432209	2293.04249724
909	2017-06-01 08:00:00	2350.00000008	2307.6316381	2324.84026558	2339.79999899	6663105.2389251	2860.23712854	2329.56392756
910	2017-06-01 12:00:00	2368.55663483	2249.85	2332.60000004	2280.0	8787601.3688159	3797.23698406	2314.20935951
911	2017-06-01 16:00:00	2295.90151511	2196.05999157	2280.00000005	2289.8970722	7222648.8185537	3204.23851226	2254.09213169
912	2017-06-01 20:00:00	2334.99999998	2275.0	2284.20556031	2314.59525181	4618402.16241	2001.92864749	2306.97640907
913	2017-06-02 00:00:00	2336.92803787	2274.92388313	2322.20898	2334.5	2792861.3770777	1211.46325388	2305.36202244
914	2017-06-02 04:00:00	2349.9999996	2312.275	2334.5	2326.81991371	3686338.9574647	1581.20327841	2331.35043912
915	2017-06-02 08:00:00	2334.33990895	2268.5238484	2329.0	2309.4808575	4173413.1548817	1817.17851087	2296.64456734
916	2017-06-02 12:00:00	2322.21614484	2267.9299436	2304.40076354	2317.0	4148447.3790272	1807.71833882	2294.8527378
917	2017-06-02 16:00:00	2337.56482201	2291.22351	2322.13099997	2333.99999993	3045807.9812231	1312.82652734	2320.03841923
918	2017-06-02 20:00:00	2413.92321999	2330.15768229	2332.47388817	2408.0	4517688.5747178	1900.49887787	2377.10667831
919	2017-06-03 00:00:00	2413.4658303	2377.0	2413.0	2385.799571	3654189.7876271	1525.35215556	2395.63682019
920	2017-06-03 04:00:00	2400.0	2344.2680156	2385.799571	2395.00000001	3926732.9079824	1655.14554421	2372.43964539
921	2017-06-03 08:00:00	2429.89999999	2391.7098741	2397.99999991	2419.989	4099938.2574182	1700.39481828	2411.16840238
922	2017-06-03 12:00:00	2456.3	2398.001	2419.989	2451.0	3409586.7258121	1403.51003335	2429.32835875
923	2017-06-03 16:00:00	2475.0	2425.30306754	2451.00000001	2445.01930126	4965579.2666465	2027.77376732	2448.78365953
924	2017-06-03 20:00:00	2482.25	2430.0	2443.99999997	2455.30084836	3631252.0160825	1476.0758452	2460.07143053
925	2017-06-04 00:00:00	2463.92381509	2374.0	2460.22139999	2424.65169443	5622031.5268629	2322.5382526	2420.64108979
926	2017-06-04 04:00:00	2453.01278208	2412.88	2424.65169443	2446.02188572	2710834.8671205	1113.36494214	2434.81249006
927	2017-06-04 08:00:00	2485.27944395	2441.67944395	2447.01094284	2483.34683514	3080131.6068961	1246.72403783	2470.58010709
928	2017-06-04 12:00:00	2497.21329063	2464.36583603	2483.34683514	2478.60087615	3935881.2530273	1585.34923866	2482.6588092
929	2017-06-04 16:00:00	2490.0	2456.19452001	2478.60087615	2456.19452001	2771795.1748214	1118.79491958	2477.48280432
930	2017-06-04 20:00:00	2485.00010002	2425.0	2457.41420395	2483.55	3211346.8194905	1305.14705452	2460.52489515
931	2017-06-05 00:00:00	2535.0	2478.00000001	2483.55	2526.79127587	2448957.6698151	976.39966362	2508.15087413
932	2017-06-05 04:00:00	2532.99999996	2497.00000001	2529.99999999	2509.50000015	2542845.6382225	1010.8041103	2515.66610415
933	2017-06-05 08:00:00	2526.54	2477.48999998	2506.0	2516.93278514	3376942.178585	1349.98283942	2501.47044834
934	2017-06-05 12:00:00	2575.0	2501.25487612	2517.50000004	2546.0	3169059.6944211	1251.00907498	2533.20280228
935	2017-06-05 16:00:00	2599.0	2535.05550001	2546.0	2576.57771044	4906331.5004159	1910.58373762	2567.9751187
936	2017-06-05 20:00:00	2635.35652085	2575.000001	2576.57771045	2635.35652085	5928093.1564455	2273.30522037	2607.69785919
937	2017-06-06 00:00:00	2795.09	2580.0	2635.00000005	2757.99999999	19003753.510408	7050.85958108	2695.23925301
938	2017-06-06 04:00:00	2799.99	2720.1	2757.99999999	2758.0	11056916.199787	3991.90409585	2769.83512987
939	2017-06-06 08:00:00	2829.0	2750.0	2758.0	2819.9	6583904.347692	2347.4325854	2804.72563456
940	2017-06-06 12:00:00	2894.99999999	2757.111	2819.89999999	2790.0	18326909.418778	6485.58034508	2825.79328967
941	2017-06-06 16:00:00	2847.0	2652.0	2790.0	2840.2	20881854.274806	7636.18093652	2734.59396109
942	2017-06-06 20:00:00	2882.1299999	2800.0	2840.200001	2846.0	6069846.694694	2136.80786855	2840.61416285
943	2017-06-07 00:00:00	2862.54525257	2800.0	2846.00000001	2840.99794644	5568690.7439212	1965.16111297	2833.70697047
944	2017-06-07 04:00:00	2860.0	2752.67800586	2840.99794643	2793.70516897	6886097.3768674	2453.0017026	2807.21263648
945	2017-06-07 08:00:00	2826.1464077	2758.00000001	2793.70516897	2800.0	5261383.3026743	1880.31962251	2798.1324237
946	2017-06-07 12:00:00	2820.0	2715.0	2800.0	2750.0	8342210.8347522	2998.14750664	2782.45510478
947	2017-06-07 16:00:00	2790.53523786	2721.09762359	2750.0	2759.40406492	5530579.2665697	2003.56850629	2760.36444434
948	2017-06-07 20:00:00	2762.71239281	2564.0	2757.00000001	2645.50430872	17481468.831939	6596.11648783	2650.26684477
949	2017-06-08 00:00:00	2695.8424839	2558.9	2645.50430872	2690.99999999	8905267.7364	3390.06437453	2626.872753
950	2017-06-08 04:00:00	2784.51972156	2690.99999999	2690.99999999	2730.1	7292785.0778466	2661.20092478	2740.41129699
951	2017-06-08 08:00:00	2778.61	2724.21000001	2730.1	2726.70000012	3375300.0903079	1227.97760785	2748.66582967
952	2017-06-08 12:00:00	2734.0264794	2656.4261801	2729.99999999	2694.0	5695042.6817232	2113.23739529	2694.93748994
953	2017-06-08 16:00:00	2735.80544432	2679.28548797	2694.0	2735.49999999	4363283.1953704	1613.27459029	2704.61285489
954	2017-06-08 20:00:00	2797.14511794	2720.00000002	2735.0	2788.0	4381734.1589059	1587.29895109	2760.49710478
955	2017-06-09 00:00:00	2830.4285873	2769.11589253	2786.16326382	2785.51	5504029.176304	1963.29120405	2803.47060331
956	2017-06-09 04:00:00	2808.0	2772.37523782	2785.51	2793.99999979	3804166.8669537	1363.00004833	2791.02474839
957	2017-06-09 08:00:00	2815.0	2785.61002026	2793.99999979	2806.0	2723598.8595257	972.02792781	2801.97593258
958	2017-06-09 12:00:00	2850.99999949	2800.0	2801.81717994	2839.99999991	5147699.5231683	1817.44656397	2832.38012342
959	2017-06-09 16:00:00	2850.0	2801.90000001	2839.0	2825.93962197	4182704.3918105	1479.9708688	2826.20724501
960	2017-06-09 20:00:00	2833.96725944	2793.01496208	2825.93962197	2816.09973687	3913227.1790181	1389.00780396	2817.28235641
961	2017-06-10 00:00:00	2840.7	2812.62426283	2813.0	2834.98989989	3277289.4990018	1159.23094515	2827.12388994
962	2017-06-10 04:00:00	2837.97999998	2785.0009	2834.98989986	2787.73458182	4280128.1786968	1522.77236843	2810.74720518
963	2017-06-10 08:00:00	2880.0	2785.12041544	2794.6479774	2867.99999989	3987385.7224267	1406.56547698	2834.83832618
964	2017-06-10 12:00:00	2906.16026926	2825.09669757	2863.1	2834.96956942	5681950.7381304	1978.78972462	2871.42725042
965	2017-06-10 16:00:00	2874.56873189	2800.0	2834.96956942	2829.35000003	6739335.9947243	2369.94293114	2843.67016022
966	2017-06-10 20:00:00	2847.01505705	2760.0	2829.35000004	2811.82022002	6654701.9137554	2375.3734494	2801.53923394
967	2017-06-11 00:00:00	2875.0	2799.72506628	2803.99990001	2821.92761639	5382994.3906804	1900.84599611	2831.89401019
968	2017-06-11 04:00:00	2832.81163198	2784.00000002	2821.92761625	2822.58849565	3415303.018061	1215.69715842	2809.33700832
969	2017-06-11 08:00:00	2838.02633059	2806.09	2822.58849564	2826.46527482	3732149.0436853	1322.14119751	2822.80670983
970	2017-06-11 12:00:00	2975.0	2822.47656195	2829.36527479	2944.0	8623754.7997354	2983.00130008	2890.96582006
971	2017-06-11 16:00:00	2977.0	2905.00000001	2944.0	2928.27415191	5580096.2728379	1900.1486587	2936.66300649
972	2017-06-11 20:00:00	2953.0	2910.86049806	2924.41612886	2937.1	4096381.0708255	1398.02841932	2930.11287482
973	2017-06-12 00:00:00	2965.0	2920.0	2937.1	2940.77048798	3843557.1514874	1305.62829638	2943.83720247
974	2017-06-12 04:00:00	2951.31685009	2855.25952321	2940.77048798	2887.0	6674512.941584	2300.02664069	2901.92853574
975	2017-06-12 08:00:00	2895.36866193	2520.000027	2887.0	2625.0	20003261.276104	7447.36285346	2685.95228535
976	2017-06-12 12:00:00	2735.00000006	2560.0	2625.0	2648.0	16029040.214846	6016.46561475	2664.1954332
977	2017-06-12 16:00:00	2666.87499999	2300.0	2648.0	2430.08498173	28250306.424236	11451.47670516	2466.95750701
978	2017-06-12 20:00:00	2588.0	2419.99990002	2419.99990002	2571.05013426	13904032.627183	5509.33816579	2523.72103667
979	2017-06-13 00:00:00	2648.0	2513.58496152	2566.50556852	2535.83800035	10460664.748848	4065.13817578	2573.26179247
980	2017-06-13 04:00:00	2715.0	2532.2265517	2535.83800034	2699.91115489	8327273.4330143	3160.3570506	2634.91539078
981	2017-06-13 08:00:00	2700.78231635	2566.0	2699.91115489	2611.71240925	7511305.7489953	2842.8802798	2642.14634797
982	2017-06-13 12:00:00	2688.0	2595.00350767	2611.71240926	2680.0	4901234.2960481	1853.92057904	2643.71319433
983	2017-06-13 16:00:00	2750.0	2658.45451447	2685.25265161	2695.999999	6271663.4509094	2318.66841386	2704.85568933
984	2017-06-13 20:00:00	2698.9999	2650.0	2695.999999	2676.77469678	4779155.0898242	1786.9237996	2674.51532678
985	2017-06-14 00:00:00	2729.21	2665.40423003	2671.00086237	2696.00000001	3530288.300785	1307.67474601	2699.66848526
986	2017-06-14 04:00:00	2723.99999993	2628.0	2696.00000001	2648.8	5741336.9174309	2138.07584498	2685.28215727
987	2017-06-14 08:00:00	2675.0	2613.44133315	2648.8	2647.57645706	4971138.0930791	1875.9481826	2649.93358515
988	2017-06-14 12:00:00	2661.25990666	2402.11010101	2647.57645707	2510.0	18900401.309204	7500.91169589	2519.7472088
989	2017-06-14 16:00:00	2529.95	2350.0	2510.0	2476.337771	15241318.979818	6208.2999986	2454.9907355
990	2017-06-14 20:00:00	2505.07334548	2273.1	2476.04781446	2386.78070979	14798604.535583	6234.86682764	2373.52375675
991	2017-06-15 00:00:00	2459.85750006	2306.8	2386.7807098	2404.53258412	8306511.4540307	3477.05929144	2388.94731374
992	2017-06-15 04:00:00	2404.56789094	2115.0	2400.66811167	2350.0	20816427.583957	9231.16113193	2255.01724934
993	2017-06-15 08:00:00	2380.12067829	2151.00000002	2350.0	2182.30000006	16041733.13484	7087.80849004	2263.28535221
994	2017-06-15 12:00:00	2302.18310212	2012.0	2182.0	2168.99999992	31698180.101085	14840.76917249	2135.88525855
995	2017-06-15 16:00:00	2350.49229795	2168.99999992	2169.1	2329.91432611	15086705.66366	6703.06575296	2250.71724188
996	2017-06-15 20:00:00	2410.00000003	2267.12474805	2329.91432611	2374.46992685	12727976.036548	5396.45262976	2358.58200002
997	2017-06-16 00:00:00	2391.02770249	2240.0	2374.46992799	2325.84500326	9245236.5578865	3988.31599648	2318.08025393
998	2017-06-16 04:00:00	2429.99999999	2323.95407253	2329.83517237	2370.0	6741333.9984153	2823.6870157	2387.42252981
999	2017-06-16 08:00:00	2454.42544815	2335.32	2370.0	2365.0	7494111.0075973	3117.92219654	2403.55933702
1000	2017-06-16 12:00:00	2406.67156618	2318.0	2356.54386862	2393.62324123	8464952.7371759	3571.82285245	2369.92512978
1001	2017-06-16 16:00:00	2474.0	2395.55211023	2397.0734951	2470.76213669	6266614.4752864	2569.42856714	2438.91367731
1002	2017-06-16 20:00:00	2477.48703455	2387.67982769	2470.7621367	2435.00000001	5267717.8487073	2169.15769597	2428.46237435
1003	2017-06-17 00:00:00	2438.49136377	2369.61451577	2438.49136377	2430.78625841	6052567.599453	2523.76882992	2398.22583102
1004	2017-06-17 04:00:00	2480.0	2415.50000001	2419.0	2452.6564837	5024599.9070167	2051.48628567	2449.24859703
1005	2017-06-17 08:00:00	2550.5906714	2450.55278567	2452.7791328	2538.51142487	5767090.7867964	2295.77623097	2512.04394792
1006	2017-06-17 12:00:00	2579.11111	2496.03644398	2539.62145184	2579.11110999	6030855.8847894	2379.29538208	2534.72348587
1007	2017-06-17 16:00:00	2630.00000002	2554.0	2579.11110999	2622.54750733	8396616.3699773	3230.17420853	2599.43143246
1008	2017-06-17 20:00:00	2640.0	2596.00000001	2622.54750735	2607.14769572	5529189.1671486	2112.81155441	2616.98169702
1009	2017-06-18 00:00:00	2640.44856603	2556.32051439	2607.14769572	2628.8020398	6832934.5347429	2621.80148065	2606.19828967
1010	2017-06-18 04:00:00	2638.02733796	2430.99999999	2628.80203972	2430.99999999	10685103.157106	4185.23584276	2553.04684336
1011	2017-06-18 08:00:00	2570.0	2408.0	2431.12	2563.43619716	9398231.4941566	3752.75002271	2504.35852036
1012	2017-06-18 12:00:00	2569.64527234	2480.0	2563.4667438	2533.0	7010270.9586047	2781.23412487	2520.56124866
1013	2017-06-18 16:00:00	2559.46914473	2441.95771243	2531.0	2467.82971279	5713022.47477	2286.34404223	2498.75887847
1014	2017-06-18 20:00:00	2499.3107361	2413.33496422	2465.00000005	2492.3	6772196.858952	2753.11646364	2459.82941455
1015	2017-06-19 00:00:00	2554.9162803	2483.15057429	2491.12119074	2537.53275937	4568622.8972779	1816.34054168	2515.28983273
1016	2017-06-19 04:00:00	2596.3421559	2531.38957503	2539.37780507	2559.87407602	4400325.7196241	1715.77965799	2564.6216862
1017	2017-06-19 08:00:00	2571.50274137	2481.49782383	2559.87407602	2504.0	5498194.5438542	2179.43088623	2522.7661857
1018	2017-06-19 12:00:00	2565.575	2500.0	2503.2300952	2532.36245383	5452287.5534739	2147.22155613	2539.22914377
1019	2017-06-19 16:00:00	2596.31121928	2531.00000006	2533.74407273	2546.77509322	4955630.5624319	1931.38486651	2565.84311514
1020	2017-06-19 20:00:00	2591.0	2541.87181802	2546.77509323	2583.04709526	3419345.3465611	1331.68055485	2567.69187933
1021	2017-06-20 00:00:00	2620.358887	2580.98559748	2584.99999992	2593.08951091	3940577.936192	1514.60049327	2601.72761972
1022	2017-06-20 04:00:00	2612.0	2573.2761859	2595.26005268	2599.87	4702311.7477231	1812.58988561	2594.25024108
1023	2017-06-20 08:00:00	2603.92272769	2563.73	2599.86999996	2603.92272769	3657163.5200443	1415.15119063	2584.29173098
1024	2017-06-20 12:00:00	2660.01000004	2595.77216898	2603.94973249	2647.29989476	5981806.0559229	2272.17753073	2632.63146256
1025	2017-06-20 16:00:00	2785.52657367	2626.45034091	2649.0	2735.0	10971627.778131	4034.71319324	2719.30797869
1026	2017-06-20 20:00:00	2755.0	2664.0	2742.0	2668.00000301	7650367.014613	2808.57364651	2723.93320506
1027	2017-06-21 00:00:00	2739.71646537	2661.0	2668.00000301	2739.0	4364390.4350857	1617.24604763	2698.65580533
1028	2017-06-21 04:00:00	2775.81626497	2620.0	2739.0	2706.88871042	9897028.5047959	3672.45836063	2694.93280329
1029	2017-06-21 08:00:00	2725.8863438	2639.96380343	2706.88871042	2690.89687625	4814831.6996754	1790.50219595	2689.09566855
1030	2017-06-21 12:00:00	2726.65098314	2640.0	2696.01160685	2676.06996599	5932884.3560865	2207.42249662	2687.69769501
1031	2017-06-21 16:00:00	2700.0	2641.89261591	2676.069966	2652.0	5885966.0410715	2204.75612531	2669.66762151
1032	2017-06-21 20:00:00	2666.68414065	2541.20794418	2652.0	2620.0	12920554.973644	4952.87366651	2608.69867547
1033	2017-06-22 00:00:00	2640.0	2588.00000001	2624.90653876	2609.99999989	3745868.9768815	1430.65799727	2618.28402317
1034	2017-06-22 04:00:00	2623.98142495	2544.0	2614.0	2600.0	4391636.9856719	1694.85725461	2591.15449028
1035	2017-06-22 08:00:00	2654.20650219	2569.3353848	2600.0	2639.99	4617860.5684928	1765.97078389	2614.91334433
1036	2017-06-22 12:00:00	2700.0	2628.33333333	2639.99999	2697.99999997	4133152.8667036	1549.58043256	2667.27223695
1037	2017-06-22 16:00:00	2704.94331536	2660.0	2699.0	2673.0	2574923.2374172	957.58845331	2688.96646415
1038	2017-06-22 20:00:00	2691.7	2644.0	2673.0	2673.37636987	2841204.9328945	1064.01446884	2670.26907631
1039	2017-06-23 00:00:00	2714.81657054	2671.04789953	2675.32267508	2696.11191357	2047186.4402656	759.56486161	2695.20951235
1040	2017-06-23 04:00:00	2702.54441479	2666.0	2691.54	2684.99999997	2053391.8369775	764.24531681	2686.82292427
1041	2017-06-23 08:00:00	2688.2964534	2650.0	2684.99999997	2681.87391695	1795140.3791305	672.64346429	2668.78439237
1042	2017-06-23 12:00:00	2714.92092529	2675.0	2681.87391695	2699.49999999	2553202.3808631	949.08012582	2690.18633032
1043	2017-06-23 16:00:00	2720.0	2692.68533458	2699.0	2704.0	2001134.2215158	738.8787405	2708.33915205
1044	2017-06-23 20:00:00	2715.64071202	2665.23294815	2702.1	2670.0	2640176.6056349	982.25334302	2687.87744464
1045	2017-06-24 00:00:00	2687.99999999	2664.00000001	2670.881526	2664.90169157	1896775.6304084	708.36156423	2677.69416946
1046	2017-06-24 04:00:00	2687.48950324	2660.0	2664.90169157	2670.94798999	2239047.0886807	836.91553745	2675.35610045
1047	2017-06-24 08:00:00	2674.99999	2651.68	2672.3849426	2664.88218724	1718417.5463456	644.98628776	2664.26989062
1048	2017-06-24 12:00:00	2672.0	2487.11	2664.88218724	2597.00000001	13246092.508167	5170.94023479	2561.64099887
1049	2017-06-24 16:00:00	2611.98	2465.0	2599.09999999	2477.01000001	8543446.1506652	3363.28853388	2540.20612998
1050	2017-06-24 20:00:00	2541.7373393	2450.92370001	2480.0	2503.48203847	6444784.8079257	2581.57352575	2496.45603491
1051	2017-06-25 00:00:00	2507.39978733	2431.69446947	2503.4303456	2481.94224365	7258733.7609475	2937.59772434	2470.97609751
1052	2017-06-25 04:00:00	2549.99999999	2476.76572208	2481.9	2512.51159982	3266067.4729397	1293.52052874	2524.94444453
1053	2017-06-25 08:00:00	2598.448888	2512.51159982	2514.0	2588.10375282	4541208.199334	1774.73020557	2558.81608656
1054	2017-06-25 12:00:00	2602.08518563	2518.00000001	2588.10375282	2524.00000003	5627435.0972043	2199.43675343	2558.58009484
1055	2017-06-25 16:00:00	2561.80499999	2436.30000001	2524.00000003	2454.0	5914936.8628693	2373.12377479	2492.46875603
1056	2017-06-25 20:00:00	2488.07664344	2359.10291486	2450.99999999	2481.8117977	14951823.040324	6151.2052429	2430.71438033
1057	2017-06-26 00:00:00	2507.0	2446.55228983	2479.9	2503.98777909	4778150.7778497	1926.46472583	2480.26902013
1058	2017-06-26 04:00:00	2508.92659464	2358.00000001	2503.98777909	2382.0	9192658.3763122	3808.61951108	2413.64577101
1059	2017-06-26 08:00:00	2462.70790437	2367.80000001	2382.00000001	2412.42229687	8636202.6613111	3577.82954865	2413.81053621
1060	2017-06-26 12:00:00	2455.0	2286.0	2412.11583576	2311.49300695	11474265.637544	4849.44319071	2366.09960902
1061	2017-06-26 16:00:00	2373.3998639	2222.89290482	2311.49300694	2235.20000006	21452107.921205	9353.1389816	2293.57309491
1062	2017-06-26 20:00:00	2439.75310916	2192.00000001	2235.20000006	2395.28891992	18307095.378716	7818.37913245	2341.54612721
1063	2017-06-27 00:00:00	2463.08758765	2308.10791	2393.38025002	2422.80241237	8016485.9059015	3341.08314814	2399.36737592
1064	2017-06-27 04:00:00	2434.99005	2315.00000001	2421.5	2324.12183767	9046247.6166938	3804.45417531	2377.8043314
1065	2017-06-27 08:00:00	2368.0	2299.66666666	2324.12183767	2308.0	7281919.7487149	3122.66130017	2331.95952065
1066	2017-06-27 12:00:00	2360.97756511	2168.333	2306.0	2291.81034548	15778661.481247	6979.54608749	2260.70023515
1067	2017-06-27 16:00:00	2399.23551693	2237.51096483	2292.98893044	2381.58305954	10557892.037083	4568.06863517	2311.23761052
1068	2017-06-27 20:00:00	2515.99999999	2380.23000001	2381.24796	2510.0	11745112.989299	4809.56686644	2442.03133368
1069	2017-06-28 00:00:00	2512.0	2404.00000005	2510.0	2482.88999999	8266229.2004613	3362.33853651	2458.4761798
1070	2017-06-28 04:00:00	2484.80710929	2390.38105202	2480.85557619	2474.09359893	5306168.9560384	2174.86808593	2439.76588298
1071	2017-06-28 08:00:00	2490.0	2428.88415274	2474.09359893	2482.07273054	4872333.7621148	1978.0655137	2463.18118806
1072	2017-06-28 12:00:00	2517.30391393	2440.0	2482.0	2477.0	9174388.5457212	3694.00133882	2483.59101804
1073	2017-06-28 16:00:00	2504.65572391	2440.0	2476.99999999	2495.00000024	4584259.3791116	1854.89045068	2471.44481089
1074	2017-06-28 20:00:00	2560.79000002	2480.0	2502.0	2513.00000002	7473459.3399791	2958.25362268	2526.30784686
1075	2017-06-29 00:00:00	2537.48020931	2490.0	2517.99999998	2525.99999999	3404837.3174219	1355.66971016	2511.55373016
1076	2017-06-29 04:00:00	2537.99999999	2502.95500001	2523.36242512	2506.88731412	2392268.5579319	949.8399583	2518.6017255
1077	2017-06-29 08:00:00	2523.21108238	2398.9622295	2509.0	2471.39913167	12171113.260253	4945.97716078	2460.81064764
1078	2017-06-29 12:00:00	2495.32695341	2421.0	2471.39913167	2488.9972177	5470162.7000452	2228.12696411	2455.04981904
1079	2017-06-29 16:00:00	2539.5783773	2482.85705324	2487.18839999	2504.0	5042213.0046302	2004.62503621	2515.28984899
1080	2017-06-29 20:00:00	2526.37045009	2456.61471407	2504.0	2468.47472319	3258112.7307076	1306.20924138	2494.32681035
1081	2017-06-30 00:00:00	2493.11070281	2442.88651501	2466.44776592	2460.78462373	2747013.9509757	1111.62694665	2471.16531247
1082	2017-06-30 04:00:00	2474.59682618	2441.94855418	2455.67229913	2442.99999993	2709889.1234708	1101.88387438	2459.32369687
1083	2017-06-30 08:00:00	2507.99999999	2442.10000004	2442.99999	2497.99989998	3936318.8292148	1588.08400803	2478.65906923
1084	2017-06-30 12:00:00	2501.6643256	2455.11466189	2497.99989997	2493.89228832	3645001.6733707	1468.61665271	2481.92860039
1085	2017-06-30 16:00:00	2510.0	2466.0	2493.0	2485.03799985	2654183.9090401	1065.19248054	2491.74112428
1086	2017-06-30 20:00:00	2489.88460338	2402.11	2484.99999989	2423.6613876	6772508.3218606	2783.12880408	2433.41533885
1087	2017-07-01 00:00:00	2436.0	2357.60182514	2423.66138761	2372.00001002	5628487.4583129	2356.78160059	2388.20918192
1088	2017-07-01 04:00:00	2436.0	2365.0	2372.00001002	2432.20700001	3110462.1307798	1294.59081254	2402.66043961
1089	2017-07-01 08:00:00	2441.99999996	2390.0	2432.20700001	2423.0	1415255.2678965	583.7512332	2424.41503744
1090	2017-07-01 12:00:00	2430.0	2362.8935797	2423.0	2404.04346038	3531117.911741	1477.87532307	2389.32057164
1091	2017-07-01 16:00:00	2404.05353273	2290.0	2404.04346038	2337.55	6648025.5067397	2831.58218753	2347.81301281
1092	2017-07-01 20:00:00	2356.0060155	2284.0	2337.55	2346.54237323	6986860.7441821	3012.97475001	2318.92442648
1093	2017-07-02 00:00:00	2348.38339855	2295.4139943	2346.0	2305.47290062	4083241.7503154	1763.41908125	2315.52544357
1094	2017-07-02 04:00:00	2350.0	2303.68835847	2305.47290062	2350.0	3137713.6611106	1347.07537682	2329.2784614
1095	2017-07-02 08:00:00	2397.6983	2348.55466751	2350.0	2378.0	4257612.1260724	1793.11511324	2374.42208513
1096	2017-07-02 12:00:00	2390.24382829	2340.80605732	2378.09730638	2385.0	3685829.5276185	1560.56328174	2361.85842044
1097	2017-07-02 16:00:00	2437.99999999	2380.25861776	2386.0	2424.0	5218399.7755335	2163.31688902	2412.22162227
1098	2017-07-02 20:00:00	2465.0	2418.30000001	2424.42458909	2435.14325217	4075400.805071	1668.37333768	2442.73911182
1099	2017-07-03 00:00:00	2453.34504846	2419.37918424	2438.58276941	2422.0	2922397.5592756	1200.67375777	2433.96471386
1100	2017-07-03 04:00:00	2459.0	2417.54545454	2425.69999999	2428.4360888	3641777.7149898	1490.77306685	2442.87866206
1101	2017-07-03 08:00:00	2465.0	2421.38697434	2428.43608904	2464.0	2985665.0742093	1224.80884407	2437.65799754
1102	2017-07-03 12:00:00	2591.89899	2461.91886922	2464.0	2563.65622768	13019355.531364	5128.08562636	2538.83349069
1103	2017-07-03 16:00:00	2563.65622768	2510.296206	2563.65622768	2538.99999991	4240746.4487965	1676.1490447	2530.05331608
1104	2017-07-03 20:00:00	2590.31	2524.62662464	2538.99999991	2536.4577091	5554293.1090096	2166.4228384	2563.80841752
1105	2017-07-04 00:00:00	2624.12345003	2530.01475643	2535.69695163	2610.0	6452156.0784526	2491.56903747	2589.59554458
1106	2017-07-04 04:00:00	2615.39	2600.0	2610.58	2603.0000001	1420233.8610358	544.86084786	2606.59921999
1107	2017-07-04 08:00:00	2618.7854619	2582.00210006	2615.0	2606.99999998	5420758.0482695	2084.61020698	2600.37009802
1108	2017-07-04 12:00:00	2617.67440564	2550.31421426	2606.99999998	2554.5501	4900137.5821638	1895.92519886	2584.56271645
1109	2017-07-04 16:00:00	2572.96211325	2519.96744	2554.5501	2519.96744	4789297.5410841	1883.48295489	2542.78783285
1110	2017-07-04 20:00:00	2595.65462186	2516.0	2519.96744	2580.0	2822973.1656407	1102.18022671	2561.26275651
1111	2017-07-05 00:00:00	2582.57410686	2528.07662992	2579.9544137	2539.07765943	2632012.1404006	1032.78205954	2548.46810717
1112	2017-07-05 04:00:00	2543.448	2480.61	2540.0	2495.0	3361587.2493072	1340.46305856	2507.78059704
1113	2017-07-05 08:00:00	2523.50794447	2493.611	2495.0	2516.17671775	2375111.1941696	946.46357568	2509.45863654
1114	2017-07-05 12:00:00	2556.85	2492.001	2516.17671775	2555.0	4055089.8065137	1600.88610043	2533.02830565
1115	2017-07-05 16:00:00	2603.9385512	2547.30434782	2555.0	2602.49999996	3359170.9397303	1305.39187431	2573.30461897
1116	2017-07-05 20:00:00	2619.90012345	2580.0	2602.4	2599.00010597	3592889.8282668	1382.2490058	2599.30722553
1117	2017-07-06 00:00:00	2604.87873116	2571.07760879	2599.00014572	2600.09	2227987.6935074	860.95649035	2587.80521255
1118	2017-07-06 04:00:00	2605.44380335	2561.96644127	2600.1560063	2585.70736964	2167731.6162058	839.73806617	2581.43783583
1119	2017-07-06 08:00:00	2599.79999991	2546.38790528	2584.99	2565.25645401	3154346.4904258	1226.78245094	2571.23541994
1120	2017-07-06 12:00:00	2581.90316694	2557.25789939	2565.25645401	2573.0	2687988.7523858	1045.75695149	2570.37617445
1121	2017-07-06 16:00:00	2590.65	2568.2	2573.0	2577.45457262	1638561.2289963	635.12726512	2579.89432824
1122	2017-07-06 20:00:00	2602.93242467	2574.25755148	2575.81268216	2589.9457086	2108824.443803	814.42682219	2589.33569762
1123	2017-07-07 00:00:00	2599.81347213	2551.55078406	2587.05608579	2562.73731961	3079472.6203032	1197.48357837	2571.6199169
1124	2017-07-07 04:00:00	2590.35	2509.94322816	2562.73731961	2520.73278697	5784146.9660558	2269.50893608	2548.63370401
1125	2017-07-07 08:00:00	2531.41328583	2480.0	2522.52043443	2484.0	4586399.5015795	1828.0629153	2508.88493125
1126	2017-07-07 12:00:00	2503.33940759	2423.0	2484.0	2499.99909999	8035290.4647716	3243.16506512	2477.60761584
1127	2017-07-07 16:00:00	2512.66852533	2478.27653601	2499.0	2503.72566103	3567406.118455	1427.43733406	2499.16828804
1128	2017-07-07 20:00:00	2503.72566102	2433.9	2500.03433881	2477.0	5275158.1385787	2140.42435555	2464.53845701
1129	2017-07-08 00:00:00	2476.99999997	2420.0	2476.99999997	2464.96099996	6131239.323289	2503.81782291	2448.75616236
1130	2017-07-08 04:00:00	2493.53675849	2431.47373599	2464.96099996	2448.48000005	3328652.1284427	1352.50260857	2461.10588427
1131	2017-07-08 08:00:00	2480.18677805	2443.6	2448.48000005	2458.07360185	2624445.9920429	1064.93785691	2464.41233637
1132	2017-07-08 12:00:00	2525.0	2456.0	2458.07360185	2509.05879527	4180206.1631243	1671.48340055	2500.89600755
1133	2017-07-08 16:00:00	2539.761	2480.63024259	2510.0	2536.6	3731690.9225592	1486.23839545	2510.82930839
1134	2017-07-08 20:00:00	2549.27253246	2524.31310554	2534.89999999	2549.27253246	2063580.2478462	813.0734713	2537.99972657
1135	2017-07-09 00:00:00	2559.0	2530.0	2549.27253246	2539.66225815	2824410.810841	1109.39597816	2545.89963046
1136	2017-07-09 04:00:00	2545.9	2503.06236779	2539.68369205	2515.02483791	2183809.7539077	864.81767203	2525.16781806
1137	2017-07-09 08:00:00	2518.45454542	2491.00010001	2516.2571622	2510.00000001	2234552.4225076	892.10277838	2504.81500188
1138	2017-07-09 12:00:00	2535.71139965	2492.1	2510.0	2530.83047215	2284488.2139881	909.5122704	2511.7728351
1139	2017-07-09 16:00:00	2533.48434112	2505.11317507	2530.83047215	2517.53193684	2423471.6872966	960.37710503	2523.45841503
1140	2017-07-09 20:00:00	2521.70318961	2470.0	2515.45540318	2473.1147386	2543573.8792702	1018.15307529	2498.22344105
1141	2017-07-10 00:00:00	2491.18262395	2455.59642	2474.88862999	2468.0	3044747.2894634	1230.65091476	2474.09501179
1142	2017-07-10 04:00:00	2499.59999999	2459.03520769	2468.0	2498.9878494	2868806.6520396	1158.30925222	2476.7191029
1143	2017-07-10 08:00:00	2498.98784899	2437.75271737	2495.78799721	2444.41741001	3577080.1049483	1446.00252393	2473.77168832
1144	2017-07-10 12:00:00	2456.6	2300.0	2441.00010001	2343.26773522	15295906.176665	6403.37795524	2388.72455812
1145	2017-07-10 16:00:00	2409.0	2343.26773522	2348.99999997	2382.66	6869033.0041039	2884.86659282	2381.05741915
1146	2017-07-10 20:00:00	2384.98432194	2244.0	2382.66000001	2316.0	14216346.84689	6163.95016363	2306.36953082
1147	2017-07-11 00:00:00	2359.0	2250.00000005	2316.0	2252.77605342	9406421.9156099	4080.40448739	2305.26702553
1148	2017-07-11 04:00:00	2308.0	2183.00000001	2261.97368776	2306.90893393	14111659.527859	6287.00137147	2244.57713527
1149	2017-07-11 08:00:00	2323.49999999	2244.95874267	2305.43855671	2316.052573	9870662.0661235	4316.63587383	2286.65617268
1150	2017-07-11 12:00:00	2375.425162	2286.6	2313.98000001	2310.0	11682935.819747	5007.27037272	2333.19452518
1151	2017-07-11 16:00:00	2345.0	2251.0	2310.19062942	2278.1011553	6484660.3450093	2813.74234184	2304.63900286
1152	2017-07-11 20:00:00	2330.92107039	2268.19817529	2279.99999999	2283.99552336	5862784.2610069	2546.54577492	2302.24970575
1153	2017-07-12 00:00:00	2294.21874316	2195.00000004	2283.99552336	2234.99999995	8382277.2262495	3750.36969094	2235.05358591
1154	2017-07-12 04:00:00	2300.0	2230.0	2237.0115	2282.99552532	5446478.76139	2390.00244933	2278.859071
1155	2017-07-12 08:00:00	2339.00000001	2270.123	2282.10000001	2330.50685473	5529595.4520866	2401.71491749	2302.35296113
1156	2017-07-12 12:00:00	2369.98	2300.0	2327.90488499	2347.76942182	5886448.2178355	2523.24353373	2332.88944929
1157	2017-07-12 16:00:00	2398.445	2347.7694218	2351.46461729	2364.47971412	8642100.1341682	3631.52044088	2379.74707147
1158	2017-07-12 20:00:00	2390.89999997	2326.9472415	2377.99999999	2375.92499996	6225488.8372829	2639.00465611	2359.02912216
1159	2017-07-13 00:00:00	2400.0	2359.50121888	2376.0	2390.38886153	4484653.0178618	1883.4579444	2381.07414672
1160	2017-07-13 04:00:00	2400.0	2320.011	2390.38886153	2320.1311	7734189.9512823	3283.5313216	2355.44881219
1161	2017-07-13 08:00:00	2357.61295262	2311.75298804	2320.13111029	2357.5999999	4086448.5404003	1748.81044489	2336.70181484
1162	2017-07-13 12:00:00	2371.77224363	2284.01	2357.59999989	2299.99999999	6485669.1881348	2784.91651936	2328.85587163
1163	2017-07-13 16:00:00	2328.26787638	2287.11100001	2299.99999999	2320.75200011	6735529.2425273	2917.44695363	2308.70667044
1164	2017-07-13 20:00:00	2360.0	2310.4439666	2320.75200011	2327.26714203	3349045.1372784	1436.65947426	2331.13357568
1165	2017-07-14 00:00:00	2350.0	2271.08729085	2327.3	2292.99999861	3990857.8946166	1732.31973209	2303.76518877
1166	2017-07-14 04:00:00	2346.68	2285.90000016	2288.35052026	2332.41004708	2466152.4843452	1065.84911696	2313.79136606
1167	2017-07-14 08:00:00	2335.51999974	2304.0	2332.41004709	2304.0	1860747.3111579	801.76846088	2320.80382547
1168	2017-07-14 12:00:00	2305.78999996	2228.51571429	2304.0	2236.01110001	8001494.0473078	3540.1640078	2260.2043379
1169	2017-07-14 16:00:00	2257.80861881	2159.66300759	2236.01110001	2188.0	10437956.993853	4763.08749659	2191.42667467
1170	2017-07-14 20:00:00	2221.98814534	2133.99999997	2188.0	2205.90730017	6536317.1189243	3002.17043515	2177.19721785
1171	2017-07-15 00:00:00	2213.87290324	2057.32	2205.90730018	2073.11999999	7567171.1123777	3558.98783721	2126.21437849
1172	2017-07-15 04:00:00	2135.00000014	2000.0	2073.11999999	2039.0	13610979.254646	6567.49256891	2072.47729812
1173	2017-07-15 08:00:00	2084.0	2019.06934001	2039.00000001	2048.94703814	9173874.3076312	4468.13684595	2053.17666488
1174	2017-07-15 12:00:00	2055.00000024	1972.00001	2045.3704067	2024.5	14375559.421632	7142.14383357	2012.77932181
1175	2017-07-15 16:00:00	2119.0	2022.0	2024.3	2086.50000001	7722700.9400546	3715.84860325	2078.31420615
1176	2017-07-15 20:00:00	2093.99999877	1975.0	2088.01430228	1977.5	6824967.4255185	3370.46275745	2024.93482843
1177	2017-07-16 00:00:00	2054.0	1957.0	1977.5	2024.00000039	9473864.4186504	4722.65713354	2006.04535767
1178	2017-07-16 04:00:00	2040.69730066	1968.71005001	2026.99999955	1984.1111308	4938675.6222844	2464.1383256	2004.22012472
1179	2017-07-16 08:00:00	2005.0	1875.0	1985.00000002	1888.395	11594488.770782	6014.44703582	1927.77302746
1180	2017-07-16 12:00:00	1938.79999	1835.00027699	1888.0	1902.0	19602761.371209	10393.87913219	1885.99089155
1181	2017-07-16 16:00:00	1965.21391673	1861.58447686	1902.59970018	1866.01000004	10496625.56133	5474.88935302	1917.2306296
1182	2017-07-16 20:00:00	1970.0	1850.0	1866.01000005	1925.89999989	10297099.527002	5394.88728642	1908.67741628
1183	2017-07-17 00:00:00	1996.5599996	1922.19330015	1922.19330015	1972.62112351	7142833.1184233	3624.72484315	1970.58630034
1184	2017-07-17 04:00:00	2087.99186371	1972.62112351	1972.62112351	2055.0	9156151.8932028	4507.88850194	2031.13983171
1185	2017-07-17 08:00:00	2088.0	1981.38976	2054.99999999	1989.82185433	8311412.2938435	4073.94403609	2040.13904467
1186	2017-07-17 12:00:00	2085.0	1968.0	1988.9	2046.59796848	10950455.904113	5390.13714013	2031.57278181
1187	2017-07-17 16:00:00	2149.95	2043.82904526	2047.863	2124.0443703	11114572.515972	5256.68864018	2114.36767074
1188	2017-07-17 20:00:00	2224.84499999	2121.0	2126.99183043	2223.40308238	12753796.057306	5854.37173997	2178.50806607
1189	2017-07-18 00:00:00	2230.5	2117.27096332	2223.40308238	2154.99999978	9288466.7689705	4279.30223847	2170.55637843
1190	2017-07-18 04:00:00	2287.60802	2139.00120001	2149.96102794	2252.77810643	9567495.601412	4297.37676552	2226.35717635
1191	2017-07-18 08:00:00	2300.45219042	2204.04073317	2253.0	2280.99999999	9343577.3960098	4153.27043399	2249.69154898
1192	2017-07-18 12:00:00	2349.79999998	2265.00000001	2280.99999999	2347.82999998	14219859.947398	6138.78875193	2316.39506131
1193	2017-07-18 16:00:00	2363.89780009	2248.0972743	2345.50000006	2356.696	14277369.416303	6173.73854387	2312.59702931
1194	2017-07-18 20:00:00	2390.0	2261.5	2356.69600001	2299.99999958	17490596.651141	7509.66497106	2329.07815708
1195	2017-07-19 00:00:00	2349.98998999	2237.0	2299.99999951	2334.0001	8576503.197527	3760.59039397	2280.62678968
1196	2017-07-19 04:00:00	2409.90497	2301.13748951	2334.0001	2382.99999999	8953446.101853	3792.89582146	2360.58318585
1197	2017-07-19 08:00:00	2399.7	2325.0	2382.41345054	2337.0	6865088.0391254	2905.81945908	2362.53082333
1198	2017-07-19 12:00:00	2359.70561229	2280.0	2337.0	2307.00000004	10131199.663372	4381.06835831	2312.495226
1199	2017-07-19 16:00:00	2312.08526963	2214.00000001	2310.0	2217.0	9404518.7200953	4152.79476816	2264.62400506
1200	2017-07-19 20:00:00	2283.99999999	2210.0	2217.0	2249.99999972	9234553.45479	4115.33009295	2243.93991398
1201	2017-07-20 00:00:00	2340.0	2246.91570781	2249.99999972	2323.21214481	7174537.7265717	3110.36324529	2306.65589861
1202	2017-07-20 04:00:00	2349.99999999	2287.24464166	2323.21214481	2317.13808315	4894071.4808235	2104.86922537	2325.11902489
1203	2017-07-20 08:00:00	2485.62999999	2302.64496884	2316.0	2467.99999995	10253379.715698	4292.42974527	2388.7122968
1204	2017-07-20 12:00:00	2672.0	2450.00000001	2465.00000001	2625.0	35293736.462667	13703.07218601	2575.60757059
1205	2017-07-20 16:00:00	2682.40891813	2550.0	2625.0	2648.09427856	20120774.654258	7659.25542066	2626.98833622
1206	2017-07-20 20:00:00	2925.99999999	2643.00103	2644.00100012	2855.0	38260048.97498	13788.10659511	2774.85880393
1207	2017-07-21 00:00:00	2864.00000006	2649.89999998	2850.95	2725.0	23257331.272806	8462.89186255	2748.15413578
1208	2017-07-21 04:00:00	2820.00000001	2678.0	2725.0	2767.74000001	13411430.722638	4844.85214345	2768.18163393
1209	2017-07-21 08:00:00	2770.0998999	2665.18915001	2768.0	2765.0	10854549.611862	3990.05557184	2720.40061007
1210	2017-07-21 12:00:00	2805.8858002	2710.3	2767.68967413	2722.02000005	9077088.8253044	3286.69792559	2761.76546515
1211	2017-07-21 16:00:00	2755.0	2610.11859983	2722.02000005	2616.10000057	11680017.258612	4358.59237946	2679.76820077
1212	2017-07-21 20:00:00	2696.0	2600.5	2616.10000057	2666.69902964	6527268.9682709	2463.56483158	2649.52189794
1213	2017-07-22 00:00:00	2749.99999999	2646.5026124	2669.65585919	2717.5	5547540.7688142	2048.3921407	2708.24158059
1214	2017-07-22 04:00:00	2796.0	2700.19564774	2716.61163407	2790.0	5947122.8448183	2159.30701504	2754.1812273
1215	2017-07-22 08:00:00	2909.51102727	2789.3672448	2789.77176932	2847.99999998	18502303.110318	6503.92987101	2844.78822454
1216	2017-07-22 12:00:00	2853.26170483	2760.00000001	2846.77425411	2804.99999996	11551775.379865	4116.53854867	2806.18661608
1217	2017-07-22 16:00:00	2859.0	2790.53239087	2804.99999996	2829.99999997	9377467.126783	3313.31962529	2830.23317617
1218	2017-07-22 20:00:00	2856.0	2801.0	2829.60900199	2847.0	7325005.9404223	2583.07011571	2835.77510957
1219	2017-07-23 00:00:00	2880.1512172	2812.0	2847.00000004	2833.00000001	6762756.3647129	2373.75691587	2848.96752464
1220	2017-07-23 04:00:00	2836.12391479	2712.99999993	2836.12391479	2713.0001	11194097.824353	4023.89293674	2781.90747128
1221	2017-07-23 08:00:00	2773.99999952	2655.0	2713.0001	2695.99999999	9435992.0533677	3482.65945523	2709.42139898
1222	2017-07-23 12:00:00	2820.0	2671.10000002	2695.99999999	2784.99999999	8943393.5324576	3250.05232561	2751.7690906
1223	2017-07-23 16:00:00	2810.0	2750.0	2783.19933153	2781.0	4363067.0187137	1567.0691034	2784.22119946
1224	2017-07-23 20:00:00	2800.0	2713.87293658	2781.0	2751.43083445	4787152.7996844	1735.85224436	2757.81122226
1225	2017-07-24 00:00:00	2789.5	2727.99999999	2751.43083446	2766.10334	3278592.2736291	1184.21727003	2768.57326489
1226	2017-07-24 04:00:00	2769.13975753	2705.01	2766.10334001	2740.0	6678020.4184669	2442.59507896	2733.98586445
1227	2017-07-24 08:00:00	2767.5	2717.99999999	2739.99999998	2762.9898	3780743.9888622	1373.49579371	2752.64329616
1228	2017-07-24 12:00:00	2815.51744787	2756.10000105	2762.9898	2770.0	9230292.7938127	3314.80758373	2784.56367697
1229	2017-07-24 16:00:00	2792.97027124	2720.0	2769.79808873	2777.00000001	5923991.9526184	2150.24205966	2755.03491618
1230	2017-07-24 20:00:00	2783.0	2752.06823698	2777.00000001	2769.36363636	4095390.5869173	1478.39407327	2770.16166458
1231	2017-07-25 00:00:00	2790.0	2752.25324888	2769.36363637	2759.19395836	4312667.9911602	1558.08229054	2767.93338666
1232	2017-07-25 04:00:00	2800.0	2625.63	2756.12274297	2654.41399982	17454962.711813	6473.66139659	2696.3045551
1233	2017-07-25 08:00:00	2705.0	2528.0	2654.41399982	2564.0	24506133.764068	9390.77309512	2609.59704976
1234	2017-07-25 12:00:00	2619.64687	2505.98985115	2564.00000001	2575.39699996	20227391.862958	7897.57866936	2561.21435566
1235	2017-07-25 16:00:00	2580.00000001	2421.0	2575.39699995	2471.05000002	16481297.628635	6600.33378046	2497.04002507
1236	2017-07-25 20:00:00	2585.75	2417.33001	2471.05000002	2565.99999948	19663247.508306	7805.51890807	2519.14673961
1237	2017-07-26 00:00:00	2619.96493511	2465.13083277	2565.99999948	2514.32303682	9832982.7461565	3866.88623715	2542.8683812
1238	2017-07-26 04:00:00	2544.0	2430.0	2514.32303681	2484.39999997	10096490.707346	4076.69678062	2476.63519036
1239	2017-07-26 08:00:00	2552.0	2469.533246	2481.66358438	2535.12457545	9747362.2605276	3886.80292043	2507.80975008
1240	2017-07-26 12:00:00	2561.9	2410.0	2535.12457545	2434.512	10112244.121004	4061.41962799	2489.82992333
1241	2017-07-26 16:00:00	2495.0	2400.0	2434.512	2473.86553323	7351645.7836163	2999.51360709	2450.94596878
1242	2017-07-26 20:00:00	2540.0	2450.00000005	2470.00000002	2526.35064673	4964197.0972521	1991.66461733	2492.48646285
1243	2017-07-27 00:00:00	2559.58904766	2506.44022736	2526.35064674	2548.47433496	3910468.1054093	1539.61306287	2539.90317419
1244	2017-07-27 04:00:00	2579.42159804	2529.62977906	2548.3	2537.94499992	4521519.68409	1768.195126	2557.13841623
1245	2017-07-27 08:00:00	2599.0	2525.70279553	2533.10000001	2576.0	4043884.6625226	1572.5791888	2571.49826941
1246	2017-07-27 12:00:00	2588.50000001	2530.99989941	2574.0	2537.79999998	5783101.0008457	2256.1352927	2563.27757451
1247	2017-07-27 16:00:00	2587.90321119	2528.12	2537.8	2565.00915018	6110500.6548573	2382.63531374	2564.59753602
1248	2017-07-27 20:00:00	2695.65148429	2540.0	2565.00915019	2669.999998	11951398.683422	4531.49845085	2637.40544392
1249	2017-07-28 00:00:00	2740.59430688	2660.38499999	2669.99999799	2680.0	8924514.3021531	3308.41443415	2697.52005977
1250	2017-07-28 04:00:00	2738.999988	2660.0	2679.99999999	2738.999988	5955271.0086911	2209.13069625	2695.75313891
1251	2017-07-28 08:00:00	2844.23	2724.51524874	2738.999988	2830.09999995	15149703.05931	5455.56018878	2776.92895597
1252	2017-07-28 12:00:00	2840.0	2709.0	2830.09999994	2748.43999993	10954921.758679	3947.8886914	2774.88111114
1253	2017-07-28 16:00:00	2814.60801005	2726.63821307	2748.43999993	2749.5	8521217.5526888	3074.40089722	2771.66766389
1254	2017-07-28 20:00:00	2811.76999999	2717.99999999	2749.5	2789.98120002	4566760.6581696	1647.66429854	2771.65722545
1255	2017-07-29 00:00:00	2794.9	2700.47492385	2788.5	2706.99999996	3784793.7183233	1378.38326185	2745.82100862
1256	2017-07-29 04:00:00	2768.19475858	2681.0	2709.99999987	2738.478511	6122329.1370944	2253.29893648	2717.05144753
1257	2017-07-29 08:00:00	2762.0	2659.00000005	2738.22405147	2673.50258968	5184009.7233928	1914.85353861	2707.26174031
1258	2017-07-29 12:00:00	2724.99998994	2663.00168162	2673.50258964	2703.3	4027435.8258509	1496.90645525	2690.50601774
1259	2017-07-29 16:00:00	2754.99839695	2686.96908485	2703.3	2733.97196514	3578563.3008885	1313.56659613	2724.31052329
1260	2017-07-29 20:00:00	2735.0	2682.35520001	2733.97196514	2719.00000003	3204625.424681	1181.23091672	2712.95424063
1261	2017-07-30 00:00:00	2739.0	2690.0	2723.5697957	2714.59750556	2761362.085776	1018.23013229	2711.92336408
1262	2017-07-30 04:00:00	2725.00666303	2619.97526495	2711.0	2639.15835632	6257975.1746161	2350.97903567	2661.85919979
1263	2017-07-30 08:00:00	2675.6	2626.0	2635.0	2653.4161	3049952.0766426	1150.42050925	2651.16281578
1264	2017-07-30 12:00:00	2740.0	2653.0	2653.41610001	2734.99999998	3719657.505929	1377.80230453	2699.70335635
1265	2017-07-30 16:00:00	2749.99999998	2696.61843163	2732.0	2723.27107225	3730380.058779	1369.39819542	2724.10177788
1266	2017-07-30 20:00:00	2753.48609939	2710.0	2720.76433648	2753.0	3180981.6872924	1165.54544008	2729.17861278
1267	2017-07-31 00:00:00	2755.79747996	2696.00000001	2753.48609939	2711.52999999	2546597.1960582	934.98771319	2723.66915643
1268	2017-07-31 04:00:00	2751.80164978	2692.17417055	2711.52999999	2741.0	2926385.5225702	1076.29694608	2718.93879586
1269	2017-07-31 08:00:00	2795.766	2710.00000001	2742.99999997	2779.99990993	5072911.3586541	1838.25151657	2759.63942525
1270	2017-07-31 12:00:00	2823.09	2758.0	2780.0	2777.82815083	6948402.2200386	2491.28873785	2789.07944891
1271	2017-07-31 16:00:00	2844.69692748	2770.99999998	2771.91117951	2840.0	4629966.4580179	1652.60780409	2801.61236474
1272	2017-07-31 20:00:00	2882.99999994	2835.0	2840.0	2855.0	7229125.9292062	2526.74105202	2861.04740469
1273	2017-08-01 00:00:00	2867.44575001	2816.6758872	2855.0	2866.44575	4002042.4635513	1406.49087678	2845.40947234
1274	2017-08-01 04:00:00	2927.00000002	2770.0	2866.44575	2770.0	9703873.8653431	3382.1556068	2869.13879593
1275	2017-08-01 08:00:00	2824.40437	2671.28691011	2770.0	2765.1	11716820.564096	4266.19712271	2746.43206281
1276	2017-08-01 12:00:00	2767.0	2640.0	2765.10000001	2749.99999999	13492342.707492	4962.77031533	2718.71189883
1277	2017-08-01 16:00:00	2782.11500004	2720.46	2750.0	2780.89999999	8478814.6554076	3081.8475941	2751.21153675
1278	2017-08-01 20:00:00	2782.146654	2692.22222229	2780.89999999	2736.48268487	4663084.4546247	1704.92451048	2735.06799037
1279	2017-08-02 00:00:00	2750.0	2692.22230001	2736.38268496	2734.25997743	3306180.0624376	1214.3134189	2722.67440265
1280	2017-08-02 04:00:00	2760.46813195	2712.16633301	2734.25997742	2719.999999	3681811.5391166	1342.62729257	2742.24392688
1281	2017-08-02 08:00:00	2756.87	2707.00000001	2715.00000001	2756.0	4855568.0530492	1782.57593285	2723.90531228
1282	2017-08-02 12:00:00	2758.5	2667.6606257	2756.0	2702.99999999	8879137.1533761	3284.54570891	2703.30753178
1283	2017-08-02 16:00:00	2719.9	2697.00000002	2703.0	2706.001	2041680.9131945	754.04931359	2707.62253396
1284	2017-08-02 20:00:00	2717.213	2680.1	2713.04276222	2699.0	950276.22951187	352.81364398	2693.42256379
1285	2017-08-03 00:00:00	2721.99999999	2698.0	2699.0	2718.5	1361715.5707611	502.1785206	2711.61651664
1286	2017-08-03 04:00:00	2729.0000003	2707.0	2718.5	2720.00321438	1397911.2044911	513.96856352	2719.83795062
1287	2017-08-03 08:00:00	2755.99999999	2717.09393586	2720.00324159	2740.0	3358163.3206321	1224.27737998	2742.97587748
1288	2017-08-03 12:00:00	2767.73396225	2725.73790078	2740.34443877	2765.13954915	3151726.6293522	1148.98174433	2743.06066646
1289	2017-08-03 16:00:00	2799.3	2753.58797837	2765.13954916	2798.53667049	3280196.4702158	1182.47731175	2774.00372727
1290	2017-08-03 20:00:00	2808.77059872	2780.26453568	2798.99989999	2794.88999995	2789832.44274	997.84180552	2795.86646631
1291	2017-08-04 00:00:00	2804.53435312	2773.0	2789.12000004	2784.000001	2463988.6166268	882.67721653	2791.49452425
1292	2017-08-04 04:00:00	2810.0	2762.00000002	2784.000001	2808.00000002	2062061.7006199	740.52963079	2784.57689589
1293	2017-08-04 08:00:00	2879.90000004	2808.00000002	2808.00000002	2839.00000003	5317226.2540831	1867.55053936	2847.16592243
1294	2017-08-04 12:00:00	2878.44126398	2833.84019982	2840.92781001	2870.0	3276866.3610314	1149.23005621	2851.35804038
1295	2017-08-04 16:00:00	2873.4310775	2825.5920769	2869.99999998	2832.2802587	2382797.2601986	836.60429765	2848.17716917
1296	2017-08-04 20:00:00	2865.15	2825.28	2832.2802587	2863.0099985	1856125.3343038	652.2664137	2845.6552343
1297	2017-08-05 00:00:00	3142.0	2852.82382318	2858.00002018	3090.0	14328516.766675	4755.83943659	3012.82601267
1298	2017-08-05 04:00:00	3199.00000001	3065.50569696	3090.0	3121.7	14406573.482645	4596.74584707	3134.08092636
1299	2017-08-05 08:00:00	3246.0	3121.0	3121.525384	3149.69457999	8610111.7658034	2707.36226904	3180.25846199
1300	2017-08-05 12:00:00	3240.99999998	3140.0210971	3149.69457999	3204.82262855	5760999.5948183	1806.05655851	3189.82236058
1301	2017-08-05 16:00:00	3333.0	3198.0	3202.25593817	3276.5	12109436.638723	3684.99175915	3286.15026306
1302	2017-08-05 20:00:00	3289.0	3165.0	3276.5	3256.53665595	5979673.2339951	1850.9413532	3230.61193897
1303	2017-08-06 00:00:00	3294.99999998	3198.685	3253.00000004	3215.98575585	6461783.7916597	1990.8315462	3245.77124769
1304	2017-08-06 04:00:00	3243.53218832	3143.0	3223.72314948	3173.96788546	4214679.6393823	1317.35834797	3199.34180845
1305	2017-08-06 08:00:00	3221.08281287	3151.00000001	3173.96788546	3181.5	3218133.3998538	1008.97841419	3189.49677673
1306	2017-08-06 12:00:00	3270.0	3181.50082578	3181.50082578	3253.99999999	6350989.6567693	1959.12163154	3241.75362801
1307	2017-08-06 16:00:00	3309.0	3249.26258726	3253.99999999	3273.56600973	5322404.5150575	1619.8772803	3285.68378591
1308	2017-08-06 20:00:00	3289.71329477	3220.99999999	3268.65393548	3228.99999993	3237798.4053074	993.96018798	3257.47292946
1309	2017-08-07 00:00:00	3270.40000001	3191.0	3228.99991998	3260.97999997	3694776.0340852	1145.12121136	3226.53706649
1310	2017-08-07 04:00:00	3264.99999951	3224.00000013	3260.89844296	3244.0	2381559.421273	733.24874209	3247.9556862
1311	2017-08-07 08:00:00	3387.99998999	3231.00000043	3245.79213465	3362.45062003	6339863.5812027	1909.98313015	3319.32962188
1312	2017-08-07 12:00:00	3436.20089999	3358.0	3364.655	3387.00000001	8778848.1507435	2589.26316932	3390.48122058
1313	2017-08-07 16:00:00	3389.99887819	3330.99999999	3388.99999999	3372.29999999	4876469.3414547	1450.43699294	3362.06906276
1314	2017-08-07 20:00:00	3407.0	3350.0	3372.29999999	3398.99999999	3823156.8309493	1131.48390804	3378.88749789
1315	2017-08-08 00:00:00	3454.0	3361.8366419	3397.99999999	3451.25574197	5384828.0964024	1577.99216645	3412.45553107
1316	2017-08-08 04:00:00	3464.99999999	3407.00976231	3451.30000001	3446.60887568	6441928.1303078	1872.79266608	3439.74442392
1317	2017-08-08 08:00:00	3480.0	3406.29308953	3446.60887569	3449.99999996	6365078.6485939	1846.85352224	3446.44476237
1318	2017-08-08 12:00:00	3453.0	3350.0	3449.99999996	3397.00000001	7748500.5964266	2281.62458861	3396.04535956
1319	2017-08-08 16:00:00	3443.0	3350.0	3397.00000001	3430.00000002	6133780.2978214	1807.88270574	3392.79770659
1320	2017-08-08 20:00:00	3444.26475826	3398.00000001	3431.6763715	3411.0	6194628.7470254	1807.9585874	3426.3111944
1321	2017-08-09 00:00:00	3429.42220025	3343.00000006	3405.99999998	3381.28778667	6599811.3689057	1948.82699588	3386.55580144
1322	2017-08-09 04:00:00	3401.00000004	3350.00000001	3381.22121623	3393.29806441	3915524.6588656	1158.89795178	3378.66216162
1323	2017-08-09 08:00:00	3407.001	3256.0	3394.79997988	3310.00000002	9061699.9963641	2735.05020403	3313.17501339
1324	2017-08-09 12:00:00	3324.60424442	3229.18977781	3311.98999999	3280.19000002	7365251.3059582	2247.4925078	3277.09715622
1325	2017-08-09 16:00:00	3340.0	3265.99857569	3285.0	3328.69999911	3107754.7663289	938.74766988	3310.53260214
1326	2017-08-09 20:00:00	3368.42703125	3288.00000007	3328.69999917	3334.33601873	3779371.2239823	1132.46706286	3337.29019406
1327	2017-08-10 00:00:00	3357.93574092	3306.19746171	3337.0	3318.70000115	2469146.7546808	740.3270304	3335.21086397
1328	2017-08-10 04:00:00	3399.9999	3315.14561462	3318.80000103	3399.00000003	3365361.1147726	1000.95738525	3362.14224937
1329	2017-08-10 08:00:00	3425.0	3378.00000001	3399.00000003	3400.98500158	4120397.7542107	1211.48455394	3401.11455883
1330	2017-08-10 12:00:00	3444.999999	3381.65873922	3400.98500158	3443.98999904	4082181.4396809	1194.21796887	3418.28840805
1331	2017-08-10 16:00:00	3443.98999003	3390.23202791	3440.0	3418.67316553	3831043.4336284	1119.90291836	3420.87101553
1332	2017-08-10 20:00:00	3440.0	3390.01	3418.61888608	3415.86609324	3186077.7568606	931.52741555	3420.27266581
1333	2017-08-11 00:00:00	3429.58355554	3400.88	3418.86609323	3420.00000001	2773602.5758512	812.48327342	3413.7349858
1334	2017-08-11 04:00:00	3497.72623199	3414.9	3424.86609322	3493.51188878	4824618.0168167	1391.18359075	3467.99520127
1335	2017-08-11 08:00:00	3499.999998	3467.0	3493.51188878	3484.99999998	3579861.5694735	1027.58171766	3483.7731228
1336	2017-08-11 12:00:00	3561.0	3484.66580203	3491.99999961	3545.09999999	5103869.110645	1443.83768928	3534.93273415
1337	2017-08-11 16:00:00	3550.00000001	3513.0	3545.09999999	3539.89999996	2831997.7184691	801.35295492	3534.02043516
1338	2017-08-11 20:00:00	3674.9	3534.61522653	3539.89999996	3641.33709998	6916613.9167006	1909.4397957	3622.32626149
1339	2017-08-12 00:00:00	3667.71244129	3591.56508346	3648.99999994	3665.0	4086914.2309263	1124.25450773	3635.22156489
1340	2017-08-12 04:00:00	3767.50499997	3650.0	3664.11248907	3767.50499997	6767371.1306962	1820.0208095	3718.2932719
1341	2017-08-12 08:00:00	3786.30926575	3709.12128457	3786.30926575	3750.00000002	6119356.2349648	1634.5171239	3743.83121809
1342	2017-08-12 12:00:00	3890.0	3721.4739	3750.00000002	3862.00000001	7732818.4572793	2038.52720704	3793.33590965
1343	2017-08-12 16:00:00	3952.0	3793.00000003	3863.0	3883.00000001	11590079.33197	2994.92102958	3869.91149933
1344	2017-08-12 20:00:00	3883.80579999	3730.0	3883.00000001	3863.50000002	7902380.7786753	2077.28130299	3804.19386016
1345	2017-08-13 00:00:00	4254.88402546	3859.22961041	3865.0	4067.00000009	18931742.695444	4689.17513614	4037.32898554
1346	2017-08-13 04:00:00	4159.999999	3970.00000011	4038.00000002	4151.93739805	8679245.7780189	2139.68081617	4056.32733276
1347	2017-08-13 08:00:00	4193.1419898	3970.0001	4154.99999999	4042.00000003	14257291.326191	3492.14188959	4082.67813192
1348	2017-08-13 12:00:00	3998.0	3833.0	3976.99999997	3969.99999996	9905523.2034339	2525.13307933	3922.772738
1349	2017-08-13 16:00:00	4083.39749992	3970.0	4012.00960351	4025.0	4662336.6973398	1157.38956798	4028.32099608
1350	2017-08-13 20:00:00	4130.00000004	3951.00000007	3956.44113155	4051.69740424	7231519.8810184	1781.58700326	4059.03268702
1351	2017-08-14 00:00:00	4106.57804413	3965.0	4051.69740436	3987.52391585	5879214.3248039	1451.22629192	4051.20439006
1352	2017-08-14 04:00:00	4051.22591108	3976.00000001	3982.527249	4037.19999999	1612725.5070395	400.93542312	4022.40713601
1353	2017-08-14 08:00:00	4245.0	4062.6575552	4062.6575552	4186.0	8373529.4088427	2005.03291703	4176.25533113
1354	2017-08-14 12:00:00	4326.0	4131.85	4160.0	4245.99	12039155.109542	2832.41843087	4250.48607872
1355	2017-08-14 16:00:00	4327.61729842	4203.0	4245.98	4215.99999997	6944373.5757743	1628.9182669	4263.18110422
1356	2017-08-14 20:00:00	4320.39182072	4190.0	4215.99999997	4310.92800002	5532738.7421283	1300.67310535	4253.75039998
1357	2017-08-15 00:00:00	4426.0	4310.92800001	4310.92800002	4395.26684829	6088429.6061097	1391.07893193	4376.76789315
1358	2017-08-15 04:00:00	4409.12999999	4200.0	4395.26684829	4295.0	11275821.578204	2615.78881076	4310.67734972
1359	2017-08-15 08:00:00	4340.41663525	3917.0	4295.0	4089.15799997	19835859.357505	4837.13169184	4100.74825768
1360	2017-08-15 12:00:00	4100.0	3761.70461157	4089.00000009	3990.00000001	24107745.510367	6125.93980945	3935.35461663
1361	2017-08-15 16:00:00	4142.79119999	3945.00000001	3990.0	4049.99999998	11343199.420985	2785.19563399	4072.67600255
1362	2017-08-15 20:00:00	4195.023	3985.23300001	4049.49490125	4149.0	7558281.7065294	1840.92459561	4105.69869322
1363	2017-08-16 00:00:00	4189.0	4025.0	4146.00000001	4078.99999929	5315086.1027784	1293.66111849	4108.56137423
1364	2017-08-16 04:00:00	4115.96999993	3926.0	4078.99999901	4059.03336785	7928230.6565717	1972.39866221	4019.588336
1365	2017-08-16 08:00:00	4165.35797999	4045.0	4069.45209885	4090.98937202	5419772.2191388	1318.71253718	4109.89663503
1366	2017-08-16 12:00:00	4315.9808	4039.24583421	4085.7199398	4299.99999991	8390989.7807122	1999.75166833	4196.01589217
1367	2017-08-16 16:00:00	4358.0	4240.00000001	4293.00000001	4310.0	7671949.5151414	1782.68072443	4303.60266423
1368	2017-08-16 20:00:00	4395.55499999	4287.00000001	4310.73429998	4380.99999999	5701258.3900601	1313.554706	4340.32809141
1369	2017-08-17 00:00:00	4400.0	4243.77461063	4380.99999999	4272.00000019	6611433.9404977	1527.74757831	4327.56957652
1370	2017-08-17 04:00:00	4365.0	4245.5821532	4272.00000019	4361.48992133	5338085.4616279	1238.18793053	4311.20779811
1371	2017-08-17 08:00:00	4489.20999994	4330.00100001	4361.48992133	4420.0	9269364.9702318	2093.87407504	4426.89705208
1372	2017-08-17 12:00:00	4475.00000001	4300.80316994	4420.0	4335.99999987	7503236.2849445	1698.22822962	4418.2732062
1373	2017-08-17 16:00:00	4355.67961806	4180.0	4344.78535528	4311.0	13713384.403007	3204.97063219	4278.78629066
1374	2017-08-17 20:00:00	4354.33895204	4251.0	4310.96348102	4262.0	4949708.4129329	1148.64098269	4309.18667148
1375	2017-08-18 00:00:00	4308.57633241	4152.57062	4262.00000001	4266.3	9298381.7142115	2192.02017544	4241.92341767
1376	2017-08-18 04:00:00	4319.46109998	4220.0	4266.3	4281.81800001	3954540.7180348	924.05524171	4279.55011728
1377	2017-08-18 08:00:00	4354.0	4240.00000013	4281.81800001	4314.99999991	5280930.0507642	1227.10077227	4303.58302276
1378	2017-08-18 12:00:00	4332.0	4188.0	4314.99999998	4219.0	7719713.7364401	1816.17034639	4250.54497326
1379	2017-08-18 16:00:00	4269.99999998	4011.0	4220.0	4118.0	11724933.367331	2841.31279133	4126.59014632
1380	2017-08-18 20:00:00	4125.039876	3960.0	4108.29016491	4090.0	15487248.919939	3830.85421359	4042.76645793
1381	2017-08-19 00:00:00	4179.4	4078.57711646	4090.0	4108.00000008	7473428.5322562	1806.04428591	4138.00956629
1382	2017-08-19 04:00:00	4145.81818727	3923.82844729	4113.48290763	4035.0	8545174.7723113	2119.48426274	4031.72362377
1383	2017-08-19 08:00:00	4072.19015	3913.92864913	4029.89675702	3938.3	7799288.7475307	1953.80763508	3991.84065385
1384	2017-08-19 12:00:00	4145.04438012	3910.0	3930.55423464	3997.510752	17236690.451054	4276.04208986	4030.991765
1385	2017-08-19 16:00:00	4099.6	3964.36194418	4004.68405233	4078.56857478	11875910.734511	2942.3481827	4036.20169915
1386	2017-08-19 20:00:00	4187.8917385	4056.03093099	4078.16071792	4137.62063907	7460307.6953914	1805.49435692	4132.0027763
1387	2017-08-20 00:00:00	4151.99999996	4035.33083709	4148.31645086	4084.53996458	5168285.6623305	1264.91672544	4085.87028567
1388	2017-08-20 04:00:00	4158.2553941	4076.15844839	4084.53996455	4130.00000001	3745517.7765714	910.40278366	4114.13260569
1389	2017-08-20 08:00:00	4180.0	4066.30617372	4131.10634435	4113.54908418	4937126.6488428	1196.95143746	4124.75100854
1390	2017-08-20 12:00:00	4123.64802705	4058.0	4113.54908418	4093.74210658	4271961.0508424	1044.47437963	4090.05824762
1391	2017-08-20 16:00:00	4185.5046549	4080.0	4100.68166412	4149.9999999	5649976.4385408	1369.45992045	4125.69681972
1392	2017-08-20 20:00:00	4154.99999998	4040.11111111	4149.99999981	4074.84913119	3333814.4218849	809.83248733	4116.67162535
1393	2017-08-21 00:00:00	4100.6799598	4038.52552031	4074.0	4062.05803382	3233495.3918544	794.87577721	4067.92543509
1394	2017-08-21 04:00:00	4089.49499989	3960.0	4060.40600001	4019.99999973	7490737.2428275	1867.2545878	4011.63145709
1395	2017-08-21 08:00:00	4094.99999996	4011.43137481	4011.43137481	4046.5813083	9467194.0194151	2332.64199734	4058.5713668
1396	2017-08-21 12:00:00	4064.99999998	3973.99999997	4044.98000003	4010.9999999	7354721.5607447	1829.33406221	4020.43656906
1397	2017-08-21 16:00:00	4030.0	3950.0	4006.00000031	4010.0	4797811.5000837	1199.10168906	4001.17149684
1398	2017-08-21 20:00:00	4049.97279472	3980.0	4007.8567	3994.00000003	6741864.211377	1681.85258028	4008.59402924
1399	2017-08-22 00:00:00	4007.99999979	3815.78	4003.56396757	3831.02099644	12321052.127079	3170.93574625	3885.62024369
1400	2017-08-22 04:00:00	3839.099999	3601.00000005	3831.02099644	3780.0	16535930.207939	4422.1371934	3739.35259915
1401	2017-08-22 08:00:00	3907.53024	3750.0	3780.0	3881.999999	7347971.0718256	1907.91941241	3851.30054447
1402	2017-08-22 12:00:00	3959.0	3838.4845461	3881.999999	3890.00000057	7124304.1648474	1823.03873296	3907.92803029
1403	2017-08-22 16:00:00	4095.0	3877.02191236	3880.25922244	4058.4593	11097561.006585	2771.26009047	4004.51803305
1404	2017-08-22 20:00:00	4070.0	3958.0	4059.00000006	4064.5176	7588645.414436	1883.58470489	4028.83151192
1405	2017-08-23 00:00:00	4146.27500003	4020.00000003	4060.0	4081.00000001	6788809.2395219	1660.98065767	4087.22955813
1406	2017-08-23 04:00:00	4120.0	4047.7	4081.00000001	4117.38000002	5810449.3911969	1421.70147494	4086.96867353
1407	2017-08-23 08:00:00	4246.0806024	4095.82051584	4117.38000002	4219.0	8383220.4453253	1998.49652485	4194.76358406
1408	2017-08-23 12:00:00	4249.0	4155.87649402	4219.0	4200.10000024	5745141.1697076	1369.01257418	4196.55836481
1409	2017-08-23 16:00:00	4237.673997	4112.00000006	4208.14959205	4121.49749784	6922635.3243292	1654.52013087	4184.07440028
1410	2017-08-23 20:00:00	4161.57999999	4080.0	4115.0000013	4136.0	9032695.5184429	2195.91562912	4113.40736349
1411	2017-08-24 00:00:00	4208.35991084	4105.0	4132.00000001	4125.00000026	5819088.3146507	1398.6619884	4160.4679064
1412	2017-08-24 04:00:00	4190.0	4110.00000001	4125.00000086	4175.0	2915540.4507147	702.32697986	4151.25793871
1413	2017-08-24 08:00:00	4225.00000025	4159.0	4174.99999999	4185.00000003	3817438.5719322	911.51948396	4187.99448515
1414	2017-08-24 12:00:00	4240.0	4145.17000915	4194.0	4239.8	5252708.0269747	1250.08023205	4201.89672014
1415	2017-08-24 16:00:00	4250.0	4183.44969582	4239.80000001	4244.29999996	6328517.2384255	1497.63356103	4225.67803172
1416	2017-08-24 20:00:00	4365.0	4212.00000003	4240.0	4321.0	7204423.7689971	1675.50104553	4299.86229385
1417	2017-08-25 00:00:00	4390.0	4315.0548351	4321.0	4335.0	5824614.7247705	1338.42530313	4351.84145962
1418	2017-08-25 04:00:00	4360.0	4286.00000001	4335.0	4344.99999989	4094145.0665954	947.79053295	4319.67288579
1419	2017-08-25 08:00:00	4373.0	4311.00000001	4344.99999982	4335.00000162	3020535.6009639	694.96886106	4346.28912201
1420	2017-08-25 12:00:00	4432.86906655	4320.0	4339.7223968	4410.00000001	5195884.2778368	1189.2138205	4369.17582714
1421	2017-08-25 16:00:00	4455.123	4261.19417368	4412.49999969	4318.78404986	6610730.0958889	1504.32029423	4394.49638567
1422	2017-08-25 20:00:00	4378.99999999	4275.1	4316.52553523	4352.00000091	5722549.5708078	1320.46672386	4333.73251094
1423	2017-08-26 00:00:00	4375.0	4254.0	4352.43520091	4302.99999993	4922646.8746519	1143.41283277	4305.2226926
1424	2017-08-26 04:00:00	4342.91692538	4266.20239252	4302.99999991	4338.99999919	3900056.9208686	905.26366601	4308.19999443
1425	2017-08-26 08:00:00	4345.0	4273.00000001	4330.0000011	4308.00000056	3442579.5560879	798.8565816	4309.38373092
1426	2017-08-26 12:00:00	4315.00000004	4248.61386148	4308.0000006	4298.99999994	5897169.6089983	1377.51312654	4281.02607182
1427	2017-08-26 16:00:00	4358.99999989	4266.53486065	4305.44809514	4330.86703993	3012796.1422525	699.11739258	4309.42810782
1428	2017-08-26 20:00:00	4356.99999998	4304.99780937	4322.42478544	4354.95	2801082.9491258	645.4125488	4339.9883599
1429	2017-08-27 00:00:00	4398.0	4325.00000006	4354.94999999	4334.00000003	3548703.3916318	813.50873895	4362.21914003
1430	2017-08-27 04:00:00	4359.52114727	4305.00000004	4346.56729977	4339.99999997	2704023.7814155	623.7150966	4335.35086156
1431	2017-08-27 08:00:00	4357.99999967	4249.39291	4339.99999997	4347.35	4122059.9228961	956.49705915	4309.53747684
1432	2017-08-27 12:00:00	4359.13500049	4309.00698647	4346.17500158	4340.76520731	3565235.266331	822.87867945	4332.63779384
1433	2017-08-27 16:00:00	4365.0	4330.16099163	4340.76520731	4357.99999978	2800216.0286772	643.85895113	4349.11407811
1434	2017-08-27 20:00:00	4374.99999996	4320.28675971	4357.99999979	4321.66862636	3116965.2284416	716.75972129	4348.6891574
1435	2017-08-28 00:00:00	4335.98732895	4273.00728927	4330.0	4280.0	4089408.2803639	950.16543056	4303.89082662
1436	2017-08-28 04:00:00	4284.98999984	4170.0000005	4279.99999999	4279.01003887	8870313.4522398	2100.73476779	4222.4813852
1437	2017-08-28 08:00:00	4340.0	4245.61713404	4271.79999985	4310.93769748	4375708.1799258	1019.02752709	4294.00390431
1438	2017-08-28 12:00:00	4343.89349942	4253.26141016	4322.19088928	4295.00000018	5792294.833207	1343.54884449	4311.19036495
1439	2017-08-28 16:00:00	4399.99	4295.22222231	4295.849	4339.99999993	6315936.6429977	1452.63438551	4347.91899875
1440	2017-08-28 20:00:00	4399.000099	4323.23030871	4339.9999999	4380.009999	3154578.7874454	722.85663009	4364.04489649
1441	2017-08-29 00:00:00	4395.00001343	4353.0	4380.009999	4385.49999978	2019624.7751159	461.77913157	4373.57307215
1442	2017-08-29 04:00:00	4389.9999999	4337.00000001	4381.0	4347.70989893	1774747.7793451	406.11860286	4370.02335486
1443	2017-08-29 08:00:00	4402.65407916	4336.0	4347.709899	4382.99999999	3654120.6508982	836.20598972	4369.88098126
1444	2017-08-29 12:00:00	4636.50347097	4364.14914334	4380.916303	4589.99999999	14026389.703198	3092.69805747	4535.3246397
1445	2017-08-29 16:00:00	4594.1107	4530.65799996	4580.0	4588.0	4490212.2719713	984.59877854	4560.44875317
1446	2017-08-29 20:00:00	4650.0	4571.99999992	4586.00000001	4590.00000001	5785130.3139744	1254.31871662	4612.16932931
1447	2017-08-30 00:00:00	4625.60249998	4560.403	4590.00000002	4593.01000015	3047190.8092951	662.73095582	4597.93040076
1448	2017-08-30 04:00:00	4632.19603703	4565.88	4597.99999883	4572.0	4299562.703857	935.23488097	4597.30789702
1449	2017-08-30 08:00:00	4595.60706999	4465.89999997	4574.99999899	4520.18183415	6543118.56489	1444.16959324	4530.71342556
1450	2017-08-30 12:00:00	4580.00000001	4511.35086061	4520.18183415	4556.00000005	3975666.4390529	873.52494967	4551.29122591
1451	2017-08-30 16:00:00	4599.18193418	4545.0	4556.0000001	4557.25139963	3490316.919369	761.7489928	4581.97772804
1452	2017-08-30 20:00:00	4581.89999991	4538.58208596	4557.51406786	4573.3974586	1969877.6115091	431.34563355	4566.81940952
1453	2017-08-31 00:00:00	4629.99	4563.93900054	4567.7	4618.13999999	3167683.3411931	688.10839698	4603.46560962
1454	2017-08-31 04:00:00	4630.0	4580.3450666	4618.13999999	4611.00000059	2617586.638877	568.29721432	4606.01701524
1455	2017-08-31 08:00:00	4688.95544621	4590.00000002	4617.50381615	4688.95544621	3661304.9654464	788.9801115	4640.55419405
1456	2017-08-31 12:00:00	4725.0	4665.0	4684.35000003	4693.99999946	5492493.3418122	1169.91733614	4694.7704527
1457	2017-08-31 16:00:00	4742.4189453	4688.84986698	4689.49	4710.09646678	5626376.8277467	1193.91062683	4712.5611426
1458	2017-08-31 20:00:00	4735.99999995	4701.00000006	4710.09646678	4715.15472512	3126906.7090796	662.6202559	4719.002598
1459	2017-09-01 00:00:00	4750.0	4710.00000003	4715.15472512	4734.00000008	3683445.5511646	777.53369258	4737.34525759
1460	2017-09-01 04:00:00	4735.99999998	4664.63384397	4734.00000008	4730.11	4713663.654947	1002.96593878	4699.72455962
1461	2017-09-01 08:00:00	4790.0	4722.88257349	4730.00000209	4774.99999983	4474278.1796508	938.88168473	4765.53995292
1462	2017-09-01 12:00:00	4829.0	4721.011	4770.6218671	4777.88169984	9770523.9069526	2043.37005184	4781.57341013
1463	2017-09-01 16:00:00	4865.55901952	4756.68503227	4777.88169984	4860.0	9395880.8103994	1955.16046652	4805.68269013
1464	2017-09-01 20:00:00	4900.0	4816.5748562	4860.48600002	4899.00000047	9093303.5925216	1870.00559551	4862.71464339
1465	2017-09-02 00:00:00	4950.0	4800.0	4899.99999999	4807.00000007	12251604.998252	2512.56603188	4876.13254449
1466	2017-09-02 04:00:00	4850.58281271	4530.0	4807.00000007	4719.19999999	22663032.057782	4861.10561634	4662.11472172
1467	2017-09-02 08:00:00	4719.07060243	4540.14	4706.0	4647.99999986	10008205.405327	2162.41935807	4628.2444559
1468	2017-09-02 12:00:00	4683.59999799	4361.18000002	4642.00060001	4494.99999982	20548022.595102	4575.00139272	4491.36969177
1469	2017-09-02 16:00:00	4558.09799994	4397.0	4494.99999982	4500.00000811	11514788.895582	2558.92376874	4499.85616462
1470	2017-09-02 20:00:00	4513.99999989	4367.0	4504.00000026	4511.0	11462645.770456	2585.14307135	4434.04695759
1471	2017-09-03 00:00:00	4610.27128698	4505.0	4511.0	4603.18799981	7158469.7975759	1565.66205142	4572.16791521
1472	2017-09-03 04:00:00	4730.0	4600.10000072	4603.18799985	4636.49999961	8560655.5524116	1833.01142286	4670.26852405
1473	2017-09-03 08:00:00	4670.0	4470.92373714	4636.49999961	4514.0	6578609.5516769	1442.94813595	4559.14484226
1474	2017-09-03 12:00:00	4550.0	4330.0	4514.0	4448.04412787	11333198.877215	2563.29625291	4421.33790206
1475	2017-09-03 16:00:00	4552.87098399	4426.29186966	4441.33216714	4552.0	5630046.9081105	1253.16247633	4492.67115354
1476	2017-09-03 20:00:00	4626.09681531	4490.0	4552.43361705	4604.23005	4979726.3539594	1089.50208896	4570.64415426
1477	2017-09-04 00:00:00	4609.41189999	4490.0	4604.23005	4542.90966316	4109182.8580979	905.92019145	4535.92148279
1478	2017-09-04 04:00:00	4544.052575	4367.1	4543.36398824	4369.99999997	6731831.5775616	1510.30949397	4457.25303617
1479	2017-09-04 08:00:00	4430.99999998	4230.512	4369.11000001	4268.42681077	21464409.395396	4956.56321878	4330.50249698
1480	2017-09-04 12:00:00	4347.85163148	4050.0	4268.5	4162.99999998	19681335.633226	4696.85857808	4190.31897725
1481	2017-09-04 16:00:00	4283.06313178	4021.8	4162.99999998	4235.0	17972591.705672	4345.78527412	4135.63730649
1482	2017-09-04 20:00:00	4346.44694449	4159.27202599	4232.48107222	4208.99999996	11269135.141921	2645.6397267	4259.5123698
1483	2017-09-05 00:00:00	4219.99999991	3910.0	4208.99999996	3990.8055	15627882.251408	3880.30202698	4027.49119598
1484	2017-09-05 04:00:00	4182.12547017	3937.0	3991.005	4171.79089996	9628139.1397373	2382.59751085	4041.02627317
1485	2017-09-05 08:00:00	4244.99999996	4065.87152457	4174.00000002	4243.89999992	9121226.3825077	2195.41590065	4154.66899907
1486	2017-09-05 12:00:00	4299.0	4200.49150416	4243.89999992	4203.00000609	9444668.6938076	2220.4993841	4253.39847488
1487	2017-09-05 16:00:00	4450.00000004	4150.0	4203.0	4422.99999998	9301579.9430347	2142.45965196	4341.54264446
1488	2017-09-05 20:00:00	4472.35273107	4350.0	4422.99999998	4385.95793389	6642975.5346895	1506.7943065	4408.68106949
1489	2017-09-06 00:00:00	4495.0	4368.0	4385.8548202	4455.90812965	6367168.3570532	1428.98549486	4455.72637367
1490	2017-09-06 04:00:00	4489.452145	4349.09835001	4459.0069	4465.0	8034148.1234026	1820.44080646	4413.29819398
1491	2017-09-06 08:00:00	4542.18062056	4465.22325007	4465.22325007	4530.0	6363815.1557684	1411.41659022	4508.81419409
1492	2017-09-06 12:00:00	4589.93454671	4432.23133345	4530.0	4589.89989999	7334013.4730146	1624.79280719	4513.81458642
1493	2017-09-06 16:00:00	4630.57664352	4550.0	4589.0	4588.78941159	5713743.2973739	1245.09014852	4589.01976227
1494	2017-09-06 20:00:00	4608.989	4511.2305501	4588.78941159	4589.00866529	4032379.9988877	883.83331021	4562.37613168
1495	2017-09-07 00:00:00	4593.78166078	4447.22235	4592.0	4500.0	7254236.8094544	1609.7476395	4506.44351415
1496	2017-09-07 04:00:00	4547.788206	4466.55081111	4500.0	4476.61152828	3189370.6535874	708.11760444	4504.01265776
1497	2017-09-07 08:00:00	4630.0	4462.11000002	4476.83537001	4609.99999999	5060677.8740714	1109.32609887	4561.93889175
1498	2017-09-07 12:00:00	4685.12007432	4583.69716486	4609.30853439	4683.0	6179863.3811148	1328.28780001	4652.50330618
1499	2017-09-07 16:00:00	4683.0	4583.92635	4683.0	4607.9	3398855.9308229	736.01390806	4617.9235115
1500	2017-09-07 20:00:00	4644.15372977	4555.22775001	4607.9	4613.67058239	3495678.516917	760.95314591	4593.81571086
1501	2017-09-08 00:00:00	4620.0	4561.77920774	4613.67058241	4601.47596894	3045570.4591473	663.10858195	4592.86841106
1502	2017-09-08 04:00:00	4638.99999999	4564.0	4607.76970001	4632.76835	2340789.4801661	508.45210706	4603.75608176
1503	2017-09-08 08:00:00	4678.1	4615.34811837	4632.7683	4628.99999992	3658065.8295152	787.99016876	4642.27343758
1504	2017-09-08 12:00:00	4649.99999999	4050.0	4621.18133125	4330.88686803	37525835.938805	8740.32758266	4293.41298525
1505	2017-09-08 16:00:00	4390.0	4160.0	4330.30399995	4183.55874618	14607969.31837	3403.60940731	4291.9053188
1506	2017-09-08 20:00:00	4337.13697141	4105.34100001	4183.55874618	4301.07510754	13272119.686079	3155.27154599	4206.33200427
1507	2017-09-09 00:00:00	4323.47514644	4150.0	4308.52943341	4255.99999998	5537181.1868534	1307.36395534	4235.37849902
1508	2017-09-09 04:00:00	4377.59999999	4200.13250019	4255.57441056	4336.85817619	4395722.6064844	1018.77443563	4314.71624409
1509	2017-09-09 08:00:00	4353.99999999	4277.77583547	4336.6413441	4350.19	3750090.3409132	868.43928003	4318.19521197
1510	2017-09-09 12:00:00	4368.99999997	4251.00000001	4350.18999999	4274.89461197	3965497.696463	923.04661116	4296.09691267
1511	2017-09-09 16:00:00	4295.4180152	4164.0	4275.50692143	4269.24725003	5103054.4442374	1207.63629564	4225.65507732
1512	2017-09-09 20:00:00	4340.0	4255.0	4269.24725003	4321.06375806	2279770.2059313	530.09605271	4300.67380105
1513	2017-09-10 00:00:00	4322.14135638	4186.00000004	4322.14135638	4188.25704144	3127194.0714148	737.39674231	4240.85691186
1514	2017-09-10 04:00:00	4230.0	3973.65663723	4188.40951002	4094.99999962	13080479.413515	3206.14295116	4079.81790356
1515	2017-09-10 08:00:00	4135.29683914	4025.20125002	4094.99999983	4125.0	6235224.4086856	1529.2595745	4077.28322428
1516	2017-09-10 12:00:00	4199.66421422	4080.57644412	4125.01333332	4128.0	4362242.3080861	1053.51887528	4140.63991679
1517	2017-09-10 16:00:00	4322.93224359	4119.0	4128.0	4309.7845	7712688.0460384	1814.66467321	4250.20013884
1518	2017-09-10 20:00:00	4309.7845	4213.0	4306.86	4230.0	2757733.5402557	648.83132126	4250.30890139
1519	2017-09-11 00:00:00	4370.0	4203.0	4229.99998942	4342.21710006	4863840.3717415	1131.49426774	4298.59921558
1520	2017-09-11 04:00:00	4348.83012512	4120.786	4342.21710006	4173.30865001	9951847.2314577	2370.59548198	4198.03686757
1521	2017-09-11 08:00:00	4220.0	4125.00000001	4178.1230724	4180.0	4448089.0873677	1064.83487076	4177.25715931
1522	2017-09-11 12:00:00	4287.0	4162.30000001	4180.0	4232.0	3506104.7901104	829.2864429	4227.85735873
1523	2017-09-11 16:00:00	4271.0	4168.00001	4232.0	4196.79999993	3084222.7511983	729.91679531	4225.4442849
1524	2017-09-11 20:00:00	4219.99999925	4161.2000004	4196.79999991	4200.21000001	1809097.4827807	431.43949402	4193.16615158
1525	2017-09-12 00:00:00	4292.99999999	4200.20998967	4200.21000003	4292.99999991	3144103.3205411	740.38424722	4246.58321992
1526	2017-09-12 04:00:00	4376.40009654	4259.46400005	4292.99999991	4353.6	4735716.1412694	1094.0955609	4328.43008463
1527	2017-09-12 08:00:00	4368.341341	4255.53017263	4360.0	4331.0	4032652.508257	934.23594755	4316.52466256
1528	2017-09-12 12:00:00	4353.78999999	4230.00000001	4331.00000001	4234.99999999	3830112.8934678	894.08950753	4283.81371351
1529	2017-09-12 16:00:00	4272.89945492	4050.7196195	4235.0	4156.66799988	12862172.999621	3109.46587894	4136.45735324
1530	2017-09-12 20:00:00	4198.885	4105.7277539	4155.66799986	4143.7887779	3602057.5622815	866.6999937	4156.0604459
1531	2017-09-13 00:00:00	4158.54014199	3933.90000001	4143.7887779	3950.2591024	8927884.3885004	2220.73964776	4020.23010554
1532	2017-09-13 04:00:00	4042.0	3899.0	3941.0000001	3944.2000001	11572452.210637	2920.29329807	3962.7705266
1533	2017-09-13 08:00:00	3991.69999979	3793.7288683	3944.2000001	3826.79999987	10416409.661013	2684.3932118	3880.35911252
1534	2017-09-13 12:00:00	3920.0	3738.0	3815.99999995	3822.00000001	15528654.409898	4064.71689835	3820.35324925
1535	2017-09-13 16:00:00	3946.4903669	3800.00000048	3824.99999999	3839.0148118	8620121.0336268	2215.43911763	3890.9311319
1536	2017-09-13 20:00:00	3967.85522144	3827.10000009	3838.99999967	3863.99999999	4704854.0823917	1206.84043855	3898.48892372
1537	2017-09-14 00:00:00	3931.34184627	3780.00000031	3860.40366478	3791.00000005	5362208.7196338	1393.22387355	3848.77751625
1538	2017-09-14 04:00:00	3899.89999988	3743.87385967	3791.00000005	3859.0000004	4678752.5846166	1221.34119788	3830.83170594
1539	2017-09-14 08:00:00	3890.99999999	3530.0	3859.00000039	3585.00000008	19360155.473182	5249.23900717	3688.18326746
1540	2017-09-14 12:00:00	3665.0	3430.0	3590.0	3528.97999987	29451808.021094	8322.61902244	3538.76681627
1541	2017-09-14 16:00:00	3528.97999995	3255.0	3528.97999987	3361.64109984	22977109.098813	6780.82858211	3388.54003173
1542	2017-09-14 20:00:00	3450.0	3203.0	3361.64109979	3225.00000019	14834600.88353	4479.00131361	3312.03316204
1543	2017-09-15 00:00:00	3487.53287471	3225.00000059	3225.00000059	3369.99999996	15306083.706166	4530.21720228	3378.66442661
1544	2017-09-15 04:00:00	3378.0	3059.0	3369.99999993	3132.0	15762676.165162	4923.33298567	3201.62707073
1545	2017-09-15 08:00:00	3199.99999999	2927.40000002	3132.0	3010.0	22137119.817345	7263.41890956	3047.75479605
1546	2017-09-15 12:00:00	3750.0	3000.0	3010.0	3714.99999997	45851873.57393	13334.52529615	3438.5831183
1547	2017-09-15 16:00:00	3774.98263993	3460.0	3710.33840003	3671.51	26605928.627589	7369.37333763	3610.33800414
1548	2017-09-15 20:00:00	3817.74999997	3640.46640022	3671.51	3696.0	13568108.011252	3640.35221305	3727.14155586
1549	2017-09-16 00:00:00	3806.89503914	3680.0	3696.0	3768.07495217	5711321.304489	1522.33240596	3751.69134029
1550	2017-09-16 04:00:00	3895.00000002	3720.50000004	3765.0	3810.00000003	10992458.697706	2886.2952372	3808.50113877
1551	2017-09-16 08:00:00	3850.0	3522.99999998	3810.69199999	3671.0000001	14631537.954465	4012.59981435	3646.39850257
1552	2017-09-16 12:00:00	3671.0000001	3504.761	3671.0000001	3576.00000016	9907506.0577759	2755.60949147	3595.39553352
1553	2017-09-16 16:00:00	3749.0	3568.53606898	3584.9999997	3701.00429302	6289392.1411661	1715.5416738	3666.12612052
1554	2017-09-16 20:00:00	3739.05060356	3630.0	3701.00429306	3686.19615279	3217183.1328829	872.62336647	3686.7946201
1555	2017-09-17 00:00:00	3690.19500356	3589.90324231	3685.1	3634.08063457	3690525.4251389	1014.75166151	3636.87546926
1556	2017-09-17 04:00:00	3640.19217576	3531.99999983	3637.13699997	3533.00000002	3639949.4387311	1016.5432798	3580.71270654
1557	2017-09-17 08:00:00	3618.99999999	3470.11000004	3531.99999991	3559.55500001	7373594.1827637	2081.51559952	3542.41600901
1558	2017-09-17 12:00:00	3696.99999999	3557.10000001	3569.39999993	3675.00000006	4888161.4248875	1340.0612771	3647.71485335
1559	2017-09-17 16:00:00	3772.0	3658.69542826	3675.00000001	3715.0	6280473.5243593	1685.66315399	3725.817646
1560	2017-09-17 20:00:00	3752.97062403	3654.74058205	3715.99999996	3677.99675073	3440800.9020356	930.91904374	3696.1333267
1561	2017-09-18 00:00:00	3832.25495499	3671.0002	3671.0002	3792.29729205	7178789.6374812	1902.31289079	3773.71654906
1562	2017-09-18 04:00:00	3975.0	3768.0	3792.95000004	3940.00000002	9696038.236244	2492.43019677	3890.19449724
1563	2017-09-18 08:00:00	3990.14649	3877.0	3940.00000002	3940.30000001	7912345.4305147	2005.97272703	3944.39332294
1564	2017-09-18 12:00:00	4086.75778548	3940.30000003	3940.30000004	4012.09999999	10366750.735709	2572.74481932	4029.45160276
1565	2017-09-18 16:00:00	4035.6	3936.1	4012.1	4009.55788218	4713403.1035448	1181.768524	3988.43175107
1566	2017-09-18 20:00:00	4114.27670678	3985.30000002	4000.58125588	4078.0	3989600.1015311	981.93365883	4063.00371278
1567	2017-09-19 00:00:00	4109.69756083	3925.0	4077.61645508	3975.1	6763339.9977774	1693.9289988	3992.69391017
1568	2017-09-19 04:00:00	3984.99999971	3830.00000001	3979.35019087	3899.99999999	7898682.9711839	2026.4556659	3897.78227281
1569	2017-09-19 08:00:00	4022.7	3891.30000011	3899.99999999	3986.40960025	3584178.6761399	903.4469373	3967.22654996
1570	2017-09-19 12:00:00	4032.39595296	3932.92431747	3986.40960041	4004.23517038	3948304.2482417	992.8192117	3976.86124695
1571	2017-09-19 16:00:00	4035.0	3871.0	4004.23517039	3891.74286767	7196339.4348437	1819.53189686	3955.04989347
1572	2017-09-19 20:00:00	3949.99999957	3851.91737122	3886.00000013	3900.0	3934348.103284	1007.39820568	3905.4547458
1573	2017-09-20 00:00:00	3930.3434706	3862.95063703	3900.0	3888.50104515	2797292.1067731	717.89102636	3896.5414026
1574	2017-09-20 04:00:00	3962.78463164	3831.10000001	3886.94695008	3953.69999959	4683048.9188582	1203.24280494	3892.02320565
1575	2017-09-20 08:00:00	3954.72995518	3880.00000003	3949.22049166	3903.6942715	2238492.6237618	570.85249119	3921.31532805
1576	2017-09-20 12:00:00	4048.47	3902.51	3903.6942715	3999.99999998	5022396.7072927	1257.40168678	3994.26592161
1577	2017-09-20 16:00:00	4036.99	3942.0	3995.00000017	3955.0	3189124.720255	798.20505361	3995.37024456
1578	2017-09-20 20:00:00	3982.9999996	3860.64552635	3955.0	3875.95761909	2952070.6264846	750.40910088	3933.94832634
1579	2017-09-21 00:00:00	3918.21099997	3801.9999998	3875.00000015	3819.0	6469636.998964	1683.27758883	3843.47599106
1580	2017-09-21 04:00:00	3912.99999998	3801.0	3815.99999999	3893.0	3994999.8669606	1036.17510979	3855.52579792
1581	2017-09-21 08:00:00	3905.0	3825.68000005	3895.99999856	3854.89767894	1854002.6645356	479.90344203	3863.28269848
1582	2017-09-21 12:00:00	3882.79999996	3683.0	3854.89767894	3743.99999985	7841755.8939492	2087.35101835	3756.79788641
1583	2017-09-21 16:00:00	3748.0	3600.0	3736.57900004	3623.98401693	10170567.250305	2781.34625801	3656.70661141
1584	2017-09-21 20:00:00	3686.96366404	3558.00000001	3623.98401693	3600.00000001	6162156.3346699	1701.15663052	3622.33331376
1585	2017-09-22 00:00:00	3695.0	3580.00000001	3600.0	3686.3	4405072.2913451	1208.36718107	3645.47495194
1586	2017-09-22 04:00:00	3745.37997275	3632.41090779	3686.3	3654.0	5144449.6684374	1387.65175865	3707.30598391
1587	2017-09-22 08:00:00	3674.8210869	3522.0602149	3655.0	3537.30000008	6005810.0635812	1670.96787828	3594.21036253
1588	2017-09-22 12:00:00	3631.78666663	3497.0	3537.30000008	3517.10000017	6678135.5046206	1877.83179077	3556.3012286
1589	2017-09-22 16:00:00	3599.00000001	3490.20653793	3524.62	3597.99999862	4790949.2721756	1351.0193857	3546.1735952
1590	2017-09-22 20:00:00	3649.0	3571.89962716	3597.99999845	3590.0	4012617.518898	1111.88498145	3608.84226861
1591	2017-09-23 00:00:00	3640.0	3556.00001	3589.99999959	3608.0	1844049.9134162	511.89560995	3602.39446788
1592	2017-09-23 04:00:00	3720.0	3602.01110001	3608.0	3680.24469971	3245880.0799244	881.12536877	3683.78915755
1593	2017-09-23 08:00:00	3799.0	3681.87857387	3681.87857387	3793.10000046	4239389.3702196	1130.08644534	3751.38502696
1594	2017-09-23 12:00:00	3811.0	3710.00001101	3798.99999989	3725.00000002	4636278.5321993	1231.475737	3764.81516679
1595	2017-09-23 16:00:00	3774.93178552	3701.00000001	3725.00000003	3774.93178552	1757592.6426301	469.89468013	3740.39698032
1596	2017-09-23 20:00:00	3795.5	3719.9656875	3774.93178552	3784.99999999	2340720.8171246	622.07775585	3762.7463691
1597	2017-09-24 00:00:00	3802.26862745	3740.2752825	3784.99999999	3772.00000004	1542775.8590164	409.02549599	3771.83298875
1598	2017-09-24 04:00:00	3779.99999778	3612.27878477	3779.99999778	3667.55180399	3600405.6466349	978.00958118	3681.36030149
1599	2017-09-24 08:00:00	3690.9	3635.00000018	3659.22142492	3676.39999999	1803320.7539479	491.85871642	3666.33891755
1600	2017-09-24 12:00:00	3736.00000017	3670.2077178	3676.39999999	3697.18688894	1502418.5239543	405.8588588	3701.82513299
1601	2017-09-24 16:00:00	3713.5831	3633.19999863	3697.18688894	3677.14490448	1410856.2140912	384.06212644	3673.51039574
1602	2017-09-24 20:00:00	3691.62575518	3644.22948658	3677.14490475	3659.45499703	990444.91920823	270.0258783	3667.96295763
1603	2017-09-25 00:00:00	3781.0	3655.88281585	3659.45499703	3758.79979953	2575804.9806012	689.88596265	3733.66776547
1604	2017-09-25 04:00:00	3812.3284754	3758.79979938	3758.79979938	3790.99989963	4788470.5501564	1261.90023934	3794.65063946
1605	2017-09-25 08:00:00	3789.69379997	3744.0	3788.00000003	3765.3288	1604439.6367941	426.43666504	3762.43359994
1606	2017-09-25 12:00:00	3950.25729968	3755.0	3765.3288	3932.99899997	9243383.0253538	2383.90621719	3877.41051166
1607	2017-09-25 16:00:00	3975.3307	3885.70000001	3924.73970223	3932.0	3772166.876859	961.23366169	3924.29752223
1608	2017-09-25 20:00:00	3961.001299	3908.40000007	3931.00000042	3925.95699997	2545108.4748528	646.63409683	3935.93299105
1609	2017-09-26 00:00:00	3954.35769997	3909.83442861	3925.93999999	3918.0	2426993.0355458	616.53670331	3936.49400354
1610	2017-09-26 04:00:00	3931.34990835	3845.0	3918.0	3918.00000021	3453153.192053	888.40326103	3886.92088776
1611	2017-09-26 08:00:00	3961.000003	3889.10260414	3918.00000027	3961.000003	1140465.3297329	290.23030861	3929.51837178
1612	2017-09-26 12:00:00	3990.9	3904.42481127	3961.000003	3928.75329977	4439343.9017408	1125.52486847	3944.24328249
1613	2017-09-26 16:00:00	3940.0	3890.64899999	3928.75329981	3918.1	2287997.0872923	584.10050942	3917.12907349
1614	2017-09-26 20:00:00	3925.35799	3880.729	3918.20000144	3880.729	1513683.6348684	387.56091196	3905.66640792
1615	2017-09-27 00:00:00	3966.0	3879.00000001	3880.729	3948.99999999	2011247.8875065	512.86862954	3921.56542955
1616	2017-09-27 04:00:00	3964.99999999	3923.51000013	3948.99999968	3942.00000117	2965350.7640295	751.11748663	3947.91869023
1617	2017-09-27 08:00:00	4114.00325	3938.236012	3948.79999883	4098.99999985	8323289.3685827	2053.16422804	4053.88388074
1618	2017-09-27 12:00:00	4119.0	4049.4652143	4098.99999971	4090.00000001	5159053.9731943	1261.6589409	4089.10348585
1619	2017-09-27 16:00:00	4205.0	4082.00000003	4087.99999786	4195.89999997	5689172.3638995	1368.98540808	4155.75822088
1620	2017-09-27 20:00:00	4234.25902018	4153.89985844	4195.0	4202.0	4449985.7748453	1061.12615808	4193.64440407
1621	2017-09-28 00:00:00	4220.0	4149.294192	4204.21290001	4204.35299935	4983757.4297769	1192.1515756	4180.47296315
1622	2017-09-28 04:00:00	4264.8	4193.60872724	4195.81527662	4224.99699988	5500302.2730908	1299.04186088	4234.12242417
1623	2017-09-28 08:00:00	4277.99999989	4155.74000004	4224.99699973	4187.00001	7077621.7518151	1679.46322845	4214.21656153
1624	2017-09-28 12:00:00	4217.75288003	4110.00000002	4187.00001001	4139.2805997	4336107.9939844	1042.67261752	4158.64761491
1625	2017-09-28 16:00:00	4215.0	4132.50000011	4132.50000011	4154.3483	2471754.5631148	593.07021133	4167.72671413
1626	2017-09-28 20:00:00	4208.7	4132.0156548	4154.21829994	4190.00838781	1689586.2036574	404.64419842	4175.48604491
1627	2017-09-29 00:00:00	4215.10989997	4010.1	4189.8783878	4044.51992048	7086075.4200203	1731.07400196	4093.45609257
1628	2017-09-29 04:00:00	4115.0625	4020.0	4038.49855968	4096.49999502	5369169.3637824	1320.56065932	4065.82562178
1629	2017-09-29 08:00:00	4222.79999999	4082.79301595	4096.42999503	4205.9	4040872.3966173	975.05401676	4144.25491014
1630	2017-09-29 12:00:00	4245.0	4166.99999958	4208.93	4199.99999999	3952590.6042529	941.08298428	4200.0447041
1631	2017-09-29 16:00:00	4240.0	4145.20401895	4196.10000002	4177.99999992	2555899.4044191	608.63487225	4199.39691422
1632	2017-09-29 20:00:00	4211.0	4138.89999999	4181.07189999	4168.0678793	1325014.7815767	317.54904245	4172.63037971
1633	2017-09-30 00:00:00	4261.74527304	4164.00000001	4170.0	4208.79890005	2157782.4316617	510.8855755	4223.61196937
1634	2017-09-30 04:00:00	4325.0	4205.48146996	4212.18606983	4319.99999991	2895176.0371598	677.05351695	4276.14060732
1635	2017-09-30 08:00:00	4338.86248237	4275.0	4323.99999993	4303.17884461	2616288.5015824	607.14611754	4309.15792096
1636	2017-09-30 12:00:00	4359.99999998	4300.0	4303.17884464	4350.43775547	2684442.3234222	619.51037616	4333.1676542
1637	2017-09-30 16:00:00	4377.89999998	4311.99999001	4350.43775547	4351.0	2944306.5299583	677.79228636	4343.9658273
1638	2017-09-30 20:00:00	4390.0	4297.84282791	4351.0	4365.00000006	2776627.0137871	638.19664631	4350.73896085
1639	2017-10-01 00:00:00	4390.35579999	4285.00000004	4365.00000006	4320.0	2725205.3980485	628.4415346	4336.4501676
1640	2017-10-01 04:00:00	4347.86796132	4297.68386705	4319.99999996	4337.91864424	1505833.8655839	348.46643452	4321.31682254
1641	2017-10-01 08:00:00	4342.39999988	4301.00000009	4336.9277571	4317.66628897	1529002.5469507	353.68258582	4323.09253622
1642	2017-10-01 12:00:00	4318.04106037	4255.51288978	4317.2	4313.25580401	2800679.4297201	653.12234044	4288.13907641
1643	2017-10-01 16:00:00	4338.80047401	4295.0	4317.0	4326.59999999	1533781.3360927	355.05844191	4319.79965845
1644	2017-10-01 20:00:00	4421.0	4319.0	4326.59999999	4412.79348634	2941562.8286105	670.21781675	4388.96543048
1645	2017-10-02 00:00:00	4440.0	4393.96745495	4412.79348634	4426.0	2362371.2687232	534.2931467	4421.4889959
1646	2017-10-02 04:00:00	4470.00000006	4424.8955487	4426.0	4430.69260205	2449970.0774125	550.7383638	4448.51900366
1647	2017-10-02 08:00:00	4486.99999999	4388.3	4435.0	4388.51	3410868.7675411	766.46319006	4450.14034825
1648	2017-10-02 12:00:00	4442.0	4373.00000008	4388.31000001	4394.9999993	4159911.6786142	943.77921577	4407.71698412
1649	2017-10-02 16:00:00	4430.0	4358.0	4394.99999927	4410.0	2743959.4463557	624.28939826	4395.33244358
1650	2017-10-02 20:00:00	4420.7163	4363.91952207	4410.0	4401.0	1376024.9359415	313.20762828	4393.33148907
1651	2017-10-03 00:00:00	4434.01234	4380.6677	4401.0	4426.0	1129383.7614777	255.90465554	4413.29900425
1652	2017-10-03 04:00:00	4430.00950784	4250.0	4426.0	4284.99999976	6299430.7050005	1462.0339577	4308.6760549
1653	2017-10-03 08:00:00	4335.0	4233.0	4285.0	4295.01209551	3184150.4544369	742.95200015	4285.80911525
1654	2017-10-03 12:00:00	4299.19659106	4216.0	4297.36587429	4294.0	3412957.1485942	801.87644676	4256.21323881
1655	2017-10-03 16:00:00	4308.0099996	4254.88402555	4292.99999999	4269.79270082	1643490.0053055	383.4566572	4285.98636755
1656	2017-10-03 20:00:00	4315.0	4257.36254638	4269.79270121	4308.88	1959261.6212435	457.54090537	4282.15619248
1657	2017-10-04 00:00:00	4313.74999997	4280.0	4311.05341807	4299.99999787	947742.86741365	220.4794634	4298.55394601
1658	2017-10-04 04:00:00	4350.83575743	4296.1380102	4299.99999784	4332.47209568	1502528.9103332	346.89936711	4331.31061278
1659	2017-10-04 08:00:00	4336.99999988	4220.0	4336.99999988	4248.28133454	2644598.2920482	620.47019602	4262.24870914
1660	2017-10-04 12:00:00	4263.79999999	4173.30560003	4248.28133454	4221.99999993	3387532.7203145	804.8979478	4208.64872319
1661	2017-10-04 16:00:00	4225.83947744	4176.0	4221.9999999	4204.08888615	2411759.0324528	575.0659964	4193.88217622
1662	2017-10-04 20:00:00	4228.69595353	4182.70433034	4204.57949999	4213.30042629	1262808.8095522	300.07262	4208.3439987
1663	2017-10-05 00:00:00	4242.0	4157.50059197	4213.30042629	4170.30000065	1889706.4865285	448.94718994	4209.19548862
1664	2017-10-05 04:00:00	4175.30000086	4136.81955342	4171.0	4155.74247402	2030337.4061084	488.97047074	4152.26997866
1665	2017-10-05 08:00:00	4250.0	4131.00000007	4155.74247402	4239.5	2448897.1696068	583.76297147	4195.01970712
1666	2017-10-05 12:00:00	4339.5	4238.36672133	4238.54395002	4326.0	3171707.7718761	737.39105708	4301.25608579
1667	2017-10-05 16:00:00	4368.58692255	4285.7800248	4326.79448674	4364.71443905	2854511.6587743	660.1273751	4324.18312956
1668	2017-10-05 20:00:00	4368.58692254	4310.0	4368.58692254	4317.0654709	1706919.9222017	393.1876122	4341.23525065
1669	2017-10-06 00:00:00	4341.21	4298.32	4317.06547089	4326.00000078	1395108.3332044	322.79869217	4321.91445332
1670	2017-10-06 04:00:00	4414.04799988	4311.19053766	4330.9999993	4408.99999939	2105795.0367464	481.18077667	4376.3074895
1671	2017-10-06 08:00:00	4423.75492629	4385.2242005	4409.0	4399.99393	1751799.8930441	398.01361141	4401.35674465
1672	2017-10-06 12:00:00	4410.55556843	4334.06328791	4400.35299599	4384.60001204	2076627.9353583	474.3187067	4378.1278411
1673	2017-10-06 16:00:00	4400.9999999	4311.00000001	4384.60001204	4338.95127074	1597121.1257453	366.67565808	4355.67807829
1674	2017-10-06 20:00:00	4378.9207812	4334.46724643	4346.54279962	4371.63623916	757987.75849445	174.18196823	4351.70050147
1675	2017-10-07 00:00:00	4394.6875	4356.07764485	4371.63623912	4371.63136949	1503772.6605704	343.77973251	4374.23302878
1676	2017-10-07 04:00:00	4399.99	4328.44602872	4371.63136949	4329.75207844	1984073.6575128	454.17235049	4368.54787697
1677	2017-10-07 08:00:00	4357.82150643	4314.00000001	4329.75207884	4330.08823872	2372964.1721187	547.47782495	4334.35668802
1678	2017-10-07 12:00:00	4369.84521494	4320.11000005	4330.07409981	4356.99999997	2076176.5300442	477.28313012	4349.98934389
1679	2017-10-07 16:00:00	4369.845215	4327.0	4349.36820514	4338.97416748	1425478.1066994	327.68809867	4350.106435
1680	2017-10-07 20:00:00	4480.0	4335.74623841	4345.19999678	4440.0	3206013.9108253	725.71808551	4417.71257301
1681	2017-10-08 00:00:00	4475.76925203	4422.0	4440.0	4440.60000159	1619342.9926357	364.15045288	4446.90643614
1682	2017-10-08 04:00:00	4468.45638796	4420.71604367	4440.60000159	4453.0	1100640.9752076	247.51338749	4446.79371232
1683	2017-10-08 08:00:00	4489.29931641	4451.18523977	4453.0	4470.5	2193691.0887692	490.36043182	4473.62989837
1684	2017-10-08 12:00:00	4586.0	4465.99999945	4470.5	4585.99999997	4748076.4428104	1048.08334066	4530.24703151
1685	2017-10-08 16:00:00	4612.7704151	4541.4	4585.99999997	4600.0	4160989.2426423	910.4615142	4570.19783675
1686	2017-10-08 20:00:00	4633.39225828	4575.84257779	4596.2	4611.00000019	5959652.2458405	1293.03059018	4609.05742764
1687	2017-10-09 00:00:00	4641.58160548	4580.0	4617.75757253	4638.99999935	2262526.8045824	490.61426901	4611.62046743
1688	2017-10-09 04:00:00	4645.30000004	4553.12640386	4638.99999938	4585.48470545	2865280.1848915	623.90886317	4592.46590973
1689	2017-10-09 08:00:00	4625.00000996	4564.70514114	4585.48470542	4600.00000024	2210665.8157534	480.89533002	4596.97917145
1690	2017-10-09 12:00:00	4679.0	4588.84909875	4603.32528762	4653.08314465	3692294.3385382	795.06933887	4643.99035156
1691	2017-10-09 16:00:00	4888.0	4635.99999945	4649.755823	4800.2	10998428.206032	2304.87452703	4771.81212124
1692	2017-10-09 20:00:00	4845.0	4742.0	4800.2	4787.65755	6570976.8514746	1370.28026676	4795.35246246
1693	2017-10-10 00:00:00	4889.87854204	4775.12680303	4782.86989244	4789.895	4158118.6947641	860.59406454	4831.68414249
1694	2017-10-10 04:00:00	4859.35460942	4783.74469011	4784.00000001	4788.0	2402652.6168154	497.85982999	4825.96199187
1695	2017-10-10 08:00:00	4839.00000003	4755.1237755	4785.00010001	4810.1	2556833.3462942	533.55777938	4792.04585727
1696	2017-10-10 12:00:00	4855.54447107	4787.28500692	4813.30367306	4798.32111052	2613680.7777737	541.96655306	4822.58686078
1697	2017-10-10 16:00:00	4939.13	4796.45671223	4810.07999884	4889.58099985	5215519.4098789	1066.50955907	4890.26972662
1698	2017-10-10 20:00:00	4905.0	4714.83272866	4894.49949568	4770.0	5199680.4255001	1083.53162981	4798.826617
1699	2017-10-11 00:00:00	4809.21339997	4730.35368966	4770.0	4742.0	2422595.6922116	507.80573041	4770.71357634
1700	2017-10-11 04:00:00	4814.99999999	4720.0	4742.87725461	4793.94236962	1717464.5280958	360.03298327	4770.29774465
1701	2017-10-11 08:00:00	4838.39999996	4787.1000046	4797.2769692	4800.72733239	1510172.0365063	313.57666218	4815.95800531
1702	2017-10-11 12:00:00	4840.0	4753.44912063	4802.99999999	4839.9999998	1941025.9953405	404.46675689	4798.97534785
1703	2017-10-11 16:00:00	4875.47850202	4820.0	4839.99999989	4847.79999691	2510527.1939138	517.78185191	4848.6195193
1704	2017-10-11 20:00:00	4856.79765286	4789.00000001	4847.09999967	4820.00000001	1300077.9886856	269.93969733	4816.1793228
1705	2017-10-12 00:00:00	4872.8	4820.00000001	4826.0	4868.99999994	1339987.6050559	276.15944129	4852.2244932
1706	2017-10-12 04:00:00	5050.0	4847.59546034	4863.1	5044.00000007	5151387.0869799	1042.76169912	4940.13837612
1707	2017-10-12 08:00:00	5276.99999967	5027.38966678	5044.00000018	5180.50670594	13476259.851758	2616.56270429	5150.36762912
1708	2017-10-12 12:00:00	5335.9	5177.0	5180.50670594	5330.0	6127711.0458503	1170.50507134	5235.09995461
1709	2017-10-12 16:00:00	5420.0	5246.9451718	5330.0000099	5314.0	12626082.724443	2370.31481304	5326.75349914
1710	2017-10-12 20:00:00	5444.36749996	5280.00000001	5314.0	5441.55460001	3788237.3882501	707.46736236	5354.64615019
1711	2017-10-13 00:00:00	5862.0	5385.60000002	5444.36749995	5740.00000001	18295355.351141	3255.29412505	5620.18504268
1712	2017-10-13 04:00:00	5825.00000004	5480.68789646	5748.0	5650.0	17958660.75067	3192.25808248	5625.69199816
1713	2017-10-13 08:00:00	5767.99999999	5585.30000001	5650.0	5655.04000003	7990467.8478947	1406.55164996	5680.89188059
1714	2017-10-13 12:00:00	5823.99999998	5556.0	5665.1055174	5749.0	9416008.4700823	1648.06042935	5713.38787243
1715	2017-10-13 16:00:00	5760.39998994	5500.0	5744.00000003	5526.10000045	7709194.2045635	1367.92847277	5635.67054712
1716	2017-10-13 20:00:00	5652.0	5520.60672641	5526.10000053	5646.6291435	4292998.7416117	768.18356187	5588.50638662
1717	2017-10-14 00:00:00	5718.87867233	5590.0	5646.81105826	5687.23019333	3357535.2610832	593.97232811	5652.67959833
1718	2017-10-14 04:00:00	5709.20144528	5560.176205	5687.23019333	5625.0	2333914.7151083	415.08472015	5622.74302524
1719	2017-10-14 08:00:00	5775.07480001	5596.13	5625.00000009	5715.0	4198235.2397679	737.57973031	5691.90701323
1720	2017-10-14 12:00:00	5770.0	5660.0	5715.39990234	5719.99998974	3546622.2451389	619.87748947	5721.48901256
1721	2017-10-14 16:00:00	5780.68042598	5671.0	5719.99998974	5716.0	3346741.2186838	583.60684219	5734.58187386
1722	2017-10-14 20:00:00	5850.0	5686.92008463	5716.0	5832.72549999	3648129.3675535	632.11026019	5771.34971113
1723	2017-10-15 00:00:00	5880.87	5781.00000002	5839.99999995	5796.4082618	3340580.6465397	572.47574681	5835.3225707
1724	2017-10-15 04:00:00	5829.0	5744.94662363	5796.4082618	5771.49650213	2414285.8895868	417.37931338	5784.39278658
1725	2017-10-15 08:00:00	5783.51215003	5438.0	5783.51215003	5438.0	16742553.186288	3017.28303996	5548.88386821
1726	2017-10-15 12:00:00	5591.77590993	5434.14000003	5438.0	5527.00000036	5175963.3755927	938.15931999	5517.1475306
1727	2017-10-15 16:00:00	5546.73647255	5458.5	5528.0	5514.0	3280152.9455856	595.60278141	5507.28278639
1728	2017-10-15 20:00:00	5750.00000003	5460.8	5514.0	5715.0	5960599.9409729	1059.73429224	5624.61740138
1729	2017-10-16 00:00:00	5735.0	5615.65327159	5715.00000001	5617.49999973	2513452.8502947	442.36830358	5681.81045059
1730	2017-10-16 04:00:00	5698.0000014	5568.80951381	5615.65327159	5639.9	8020921.9338687	1420.27558872	5647.44053729
1731	2017-10-16 08:00:00	5761.8	5565.0	5639.9	5755.99999997	7760287.1587254	1370.63656279	5661.81245225
1732	2017-10-16 12:00:00	5765.0	5668.1	5755.49923831	5706.0	5521824.4243399	966.83768278	5711.22177247
1733	2017-10-16 16:00:00	5731.0	5638.34682449	5706.0	5731.0	3910877.1447535	686.9005314	5693.51305753
1734	2017-10-16 20:00:00	5800.0	5682.99999955	5731.00000016	5765.0	3616130.8345579	629.7090925	5742.54187787
1735	2017-10-17 00:00:00	5780.10765528	5595.99999997	5765.0	5650.39049999	5727774.9795571	1011.43130713	5663.03904099
1736	2017-10-17 04:00:00	5678.49999997	5594.1432489	5641.27902908	5633.00000003	4635867.3907282	821.54048438	5642.89585098
1737	2017-10-17 08:00:00	5689.0	5525.0	5633.00000003	5560.0011	5270117.4961716	939.21643198	5611.18536337
1738	2017-10-17 12:00:00	5609.4	5512.68447392	5560.00110001	5588.0	5248037.9805299	941.99000123	5571.22471966
1739	2017-10-17 16:00:00	5648.47367277	5555.26064098	5589.99999982	5622.99999917	3364730.5050733	599.74019414	5610.31349565
1740	2017-10-17 20:00:00	5642.1	5557.00000001	5622.99999914	5609.38701781	2712422.6595004	485.47882521	5587.10806455
1741	2017-10-18 00:00:00	5609.3870178	5438.0	5609.3870178	5493.09	5420312.7484537	986.79318468	5492.85588166
1742	2017-10-18 04:00:00	5552.17076875	5255.3	5493.09	5278.891	8334271.6405462	1548.33677408	5382.72537348
1743	2017-10-18 08:00:00	5399.0	5212.26751878	5278.89099997	5298.3639771	5823662.5113789	1100.4419792	5292.11227984
1744	2017-10-18 12:00:00	5365.02672779	5100.0	5295.5555	5337.99999995	11730275.991158	2255.7912198	5200.0716592
1745	2017-10-18 16:00:00	5435.79084317	5320.00000001	5336.6533	5382.00000132	6494725.9871611	1204.49582692	5392.07014421
1746	2017-10-18 20:00:00	5596.0	5380.00000129	5388.99999972	5562.99999973	4925389.624474	894.02276379	5509.24408635
1747	2017-10-19 00:00:00	5645.0	5495.86543267	5569.64953294	5626.78894057	5309405.0642971	947.47846676	5603.72108767
1748	2017-10-19 04:00:00	5661.77156384	5532.0	5626.78894147	5607.05685507	4112707.9318063	733.90885416	5603.84018872
1749	2017-10-19 08:00:00	5717.85005808	5578.29448999	5607.05685507	5678.0079082	3991483.1980904	703.36168006	5674.86587803
1750	2017-10-19 12:00:00	5737.90918111	5614.42929333	5679.99999997	5640.5	4300554.9999321	755.32433269	5693.65345958
1751	2017-10-19 16:00:00	5688.06605277	5610.0	5640.5	5626.87	2203899.3985419	389.89975594	5652.47698919
1752	2017-10-19 20:00:00	5728.99999978	5608.0	5626.87	5696.65487095	2455680.880112	431.49659042	5691.07829501
1753	2017-10-20 00:00:00	5719.99999999	5657.60233651	5696.65487095	5693.07332306	1143334.2538219	200.81376805	5693.50530555
1754	2017-10-20 04:00:00	5714.5	5600.09056759	5693.07332302	5636.00000999	1845277.4409963	326.35517946	5654.19995493
1755	2017-10-20 08:00:00	5677.99999994	5629.55112798	5643.99999897	5649.4045783	1381615.9079392	244.26107638	5656.30811267
1756	2017-10-20 12:00:00	6000.0	5638.0	5649.40457833	5939.8	14358616.653698	2434.57572756	5897.79011232
1757	2017-10-20 16:00:00	6078.81485359	5890.0	5939.8	6077.99999994	7831932.5337797	1311.04346587	5973.81607678
1758	2017-10-20 20:00:00	6095.0	5927.79999996	6077.99999994	5992.0	5110333.8090742	851.17845014	6003.83363586
1759	2017-10-21 00:00:00	6121.75294894	5943.00000001	5990.0	6103.60999988	4434124.1704089	732.26143383	6055.38400024
1760	2017-10-21 04:00:00	6158.84265999	6020.0	6103.60999985	6109.99999983	4467345.5425883	734.41578461	6082.85610985
1761	2017-10-21 08:00:00	6118.20019775	6051.0	6103.00000027	6115.99999994	3206513.7336744	526.56506515	6089.49196574
1762	2017-10-21 12:00:00	6180.0	6067.0	6115.99999994	6151.0000002	5282328.85418	861.53072732	6131.32960516
1763	2017-10-21 16:00:00	6175.00000067	5865.0	6160.0	6026.65262414	12321352.771227	2047.84576727	6016.73864709
1764	2017-10-21 20:00:00	6111.29736605	5980.0	6026.65262414	6009.33864396	4205053.4112539	694.39975992	6055.6665684
1765	2017-10-22 00:00:00	6069.99999999	5925.5312458	6009.33864396	5938.13300013	3588798.0458638	600.01379761	5981.19253283
1766	2017-10-22 04:00:00	5948.66605469	5759.0	5938.13300026	5922.28852662	6917288.5863896	1181.74310921	5853.46217166
1767	2017-10-22 08:00:00	5925.0	5707.36180313	5922.39999997	5800.00000026	7115589.5827124	1227.24180655	5798.03388764
1768	2017-10-22 12:00:00	6029.44602503	5762.03612189	5800.00000026	6000.00000003	5112862.185347	864.61575006	5913.45020605
1769	2017-10-22 16:00:00	6000.00000015	5830.60000015	6000.00000006	5868.52598339	4080831.9288146	688.30462634	5928.81664985
1770	2017-10-22 20:00:00	6016.26	5830.00000001	5860.97855931	5963.68434001	2582285.562743	436.46192163	5916.40515419
1771	2017-10-23 00:00:00	6015.32682083	5910.13592016	5975.0	5950.21000024	2148640.1047618	360.04777278	5967.65281499
1772	2017-10-23 04:00:00	6058.99999998	5845.00836225	5966.99999914	5883.99999994	4586628.652653	772.37346558	5938.35606355
1773	2017-10-23 08:00:00	5900.01124015	5775.8160001	5874.5	5880.216	4060912.0908072	695.21343119	5841.245161
1774	2017-10-23 12:00:00	5890.46101323	5500.0	5880.216	5778.59999934	18747144.569892	3291.17913778	5696.17872047
1775	2017-10-23 16:00:00	5938.79999998	5709.2298791	5776.82965398	5909.59999999	3980308.0466247	682.46178281	5832.27976552
1776	2017-10-23 20:00:00	5992.91828522	5798.03347769	5909.8	5899.99999999	5740476.0240852	973.25508323	5898.22352125
1777	2017-10-24 00:00:00	5900.0	5522.15689561	5900.0	5639.71406038	14511281.635621	2568.48779528	5649.73743005
1778	2017-10-24 04:00:00	5783.32656123	5563.91072926	5639.98829824	5717.76969348	6690210.4948948	1175.13667288	5693.13395564
1779	2017-10-24 08:00:00	5765.0	5600.0	5722.87643572	5708.72524766	3746923.3349387	659.79699987	5678.90326218
1780	2017-10-24 12:00:00	5708.73519995	5571.9999999	5708.72524766	5628.99999987	4537121.7732676	805.82618774	5630.39752529
1781	2017-10-24 16:00:00	5731.85964989	5620.38741333	5620.38741333	5670.00000001	3756601.4543107	660.19827723	5690.11096192
1782	2017-10-24 20:00:00	5670.00000001	5460.0	5669.99999995	5508.76	6700170.6927231	1214.24669884	5517.96492353
1783	2017-10-25 00:00:00	5542.00000019	5362.39	5500.00000003	5542.00000019	6034228.3148871	1109.91291592	5436.66825418
1784	2017-10-25 04:00:00	5589.49708833	5450.881232	5542.00000022	5559.99999998	2921953.3571063	529.04278291	5523.09463713
1785	2017-10-25 08:00:00	5636.31103731	5476.15204752	5552.00000004	5513.42772826	3808269.7384232	683.06144744	5575.29597475
1786	2017-10-25 12:00:00	5534.0	5400.70917166	5513.42772826	5460.00000003	3219506.8186159	587.87862354	5476.48220176
1787	2017-10-25 16:00:00	5648.12	5457.9999999	5460.00000006	5641.0	2920771.8536223	527.78551436	5534.01291652
1788	2017-10-25 20:00:00	5745.0	5614.95848808	5641.0	5709.31000001	4791175.5365814	844.74702614	5671.72820776
1789	2017-10-26 00:00:00	5778.00000001	5680.99999975	5709.31000001	5767.0	3018157.1386423	527.64951965	5720.0035748
1790	2017-10-26 04:00:00	5774.99999996	5669.10470001	5762.900001	5731.99999996	2771171.1539311	484.30108515	5722.00071175
1791	2017-10-26 08:00:00	5870.0	5689.84999961	5715.1000026	5870.0	3207933.0226195	555.14367364	5778.56359523
1792	2017-10-26 12:00:00	5968.0	5862.03083431	5870.0	5934.99999992	8047984.5338826	1360.54475104	5915.26631353
1793	2017-10-26 16:00:00	5960.0	5825.02325276	5934.99999992	5883.85639995	3921249.7438189	664.89992476	5897.50366603
1794	2017-10-26 20:00:00	5915.0	5784.21	5885.0	5880.00000001	3523500.0145577	602.60910774	5847.07394777
1795	2017-10-27 00:00:00	5999.00201	5866.59999999	5882.00000001	5932.90000007	3046369.205992	512.14432322	5948.26315136
1796	2017-10-27 04:00:00	5937.67357432	5784.0	5932.90000011	5874.99999996	3948807.7270139	675.08310664	5849.36534209
1797	2017-10-27 08:00:00	5910.6820151	5809.824974	5875.0	5817.49153416	2471561.8414854	421.8790256	5858.4610552
1798	2017-10-27 12:00:00	5835.09188951	5685.98000001	5823.04653868	5749.0	5168024.1382156	897.90065862	5755.67473818
1799	2017-10-27 16:00:00	5798.99999974	5683.1844118	5752.66699662	5736.65973875	2276898.3378979	396.92490335	5736.34538594
1800	2017-10-27 20:00:00	5781.0	5700.11	5736.65973875	5756.51178353	1142807.0366644	198.81927082	5747.96915787
1801	2017-10-28 00:00:00	5870.32000074	5715.0	5756.51178354	5729.45417235	2558907.8706016	442.05060969	5788.72150497
1802	2017-10-28 04:00:00	5796.38790953	5711.87614481	5723.50334439	5784.03041556	1063879.374908	184.64758806	5761.67490778
1803	2017-10-28 08:00:00	5789.34329789	5654.0	5770.30416398	5664.46813187	2560020.3929479	448.33402199	5710.07388996
1804	2017-10-28 12:00:00	5727.0	5641.0	5665.03457927	5685.74486477	2259692.9806606	398.00924593	5677.48866079
1805	2017-10-28 16:00:00	5779.16500025	5680.38418744	5685.74486477	5779.16499972	1256151.7205528	219.30459421	5727.88602572
1806	2017-10-28 20:00:00	5775.34111275	5698.83519237	5768.00000003	5719.0	1371576.1639173	239.34898963	5730.444762
1807	2017-10-29 00:00:00	5730.97601203	5670.0	5719.0	5728.06090088	1247850.4760373	218.91479599	5700.165082
1808	2017-10-29 04:00:00	5850.0	5702.28462698	5726.0	5801.77649693	2690183.0398243	464.86739033	5786.99021653
1809	2017-10-29 08:00:00	5838.47702961	5747.00001	5815.17514859	5816.2913233	3426288.3556793	591.64193683	5791.15194916
1810	2017-10-29 12:00:00	5990.0	5750.00000001	5796.70710397	5975.00000028	5635501.242169	960.90861994	5864.76291837
1811	2017-10-29 16:00:00	6142.87533362	5921.29113235	5975.00000036	6140.36461888	8410604.4049007	1401.81105393	5999.81315693
1812	2017-10-29 20:00:00	6248.63	6069.83142857	6142.0	6155.0	11766308.093057	1907.01030801	6170.0285749
1813	2017-10-30 00:00:00	6172.79844211	6096.9540977	6155.0	6155.83302014	3218056.0612488	524.68882597	6133.26585581
1814	2017-10-30 04:00:00	6190.99999999	6101.1	6155.83302011	6159.99999988	2309425.7486107	375.34485412	6152.81047085
1815	2017-10-30 08:00:00	6246.07500019	6128.17920004	6159.99999976	6162.6	3093904.6147289	499.7614867	6190.76238779
1816	2017-10-30 12:00:00	6189.53264975	6004.39742146	6162.6	6079.738278	5126501.9946995	840.72713118	6097.70019852
1817	2017-10-30 16:00:00	6140.8895	6045.29336846	6079.999998	6084.85999909	2183187.145724	358.4053542	6091.39099106
1818	2017-10-30 20:00:00	6150.00000057	6073.00000006	6078.0	6125.0	1614641.2961648	264.05449537	6114.80328673
1819	2017-10-31 00:00:00	6163.68199142	6109.40946052	6121.35190656	6134.0	1372054.4648472	223.53776404	6137.90904968
1820	2017-10-31 04:00:00	6180.96639011	6091.09	6140.02785199	6106.99999987	2065935.2396342	336.32106533	6142.74707297
1821	2017-10-31 08:00:00	6240.0	6099.99999999	6106.99999983	6239.0	2767379.2496108	448.07812195	6176.10883916
1822	2017-10-31 12:00:00	6425.0	6195.0005007	6240.0	6355.0000001	9672969.0346886	1528.28008515	6329.31694175
1823	2017-10-31 16:00:00	6395.72	6290.0	6355.00000011	6352.10966654	3908414.4104441	615.76287369	6347.27194093
1824	2017-10-31 20:00:00	6475.44007663	6335.00000008	6350.39613216	6450.02162843	4331703.7249278	677.39348913	6394.66395003
1825	2017-11-01 00:00:00	6458.16855047	6370.0	6455.0	6405.52060937	2817043.4100319	439.40042667	6411.10758899
1826	2017-11-01 04:00:00	6420.80786751	6351.0	6405.52060948	6386.0	3447474.7985601	539.93204193	6385.01613321
1827	2017-11-01 08:00:00	6599.0	6386.0	6386.0	6560.00000009	7780327.7953331	1193.1276188	6520.95188539
1828	2017-11-01 12:00:00	6579.02811362	6450.71901605	6560.00000009	6553.98305585	5632717.7158544	865.79170924	6505.85776664
1829	2017-11-01 16:00:00	6621.0	6540.80002104	6553.98305585	6608.10295333	4484912.1542862	681.25315314	6583.32682001
1830	2017-11-01 20:00:00	6739.791199	6530.0	6604.34716563	6739.791199	6658793.5684715	1002.3922023	6642.90240206
1831	2017-11-02 00:00:00	6909.34639556	6702.08831439	6739.79119899	6868.86921621	14333201.535362	2105.06707354	6808.90491116
1832	2017-11-02 04:00:00	6948.44200001	6810.71276132	6878.92362658	6912.99999979	8263761.4032356	1201.60013197	6877.29734989
1833	2017-11-02 08:00:00	7281.42800003	6607.30296794	6912.99999971	6897.0	23200100.333283	3332.9524286	6960.8255234
1834	2017-11-02 12:00:00	7055.0	6684.66797491	6900.0	7027.50999986	15281875.819325	2200.73678886	6943.98162319
1835	2017-11-02 16:00:00	7027.50999986	6820.00000001	7027.50999986	6959.99989993	6698283.4983279	968.36838386	6917.08198033
1836	2017-11-02 20:00:00	7120.99999987	6935.00000006	6960.0	7025.0	6624566.3240955	939.6248574	7050.22464223
1837	2017-11-03 00:00:00	7224.99999996	6921.23923663	7025.0	7189.84388448	7410633.7602613	1051.0015027	7051.02108914
1838	2017-11-03 04:00:00	7291.00000002	7121.32683409	7189.84388501	7276.99999997	5626042.0485238	781.3301762	7200.5948572
1839	2017-11-03 08:00:00	7438.62920135	7214.07459859	7276.99999997	7285.00000028	9404385.441316	1284.42484519	7321.86509513
1840	2017-11-03 12:00:00	7355.0	7137.57854676	7285.00000039	7330.47280429	6594446.0100656	909.88066836	7247.59437075
1841	2017-11-03 16:00:00	7349.99999959	7225.0	7345.18655348	7244.77069653	3996336.4948951	549.05596802	7278.5594323
1842	2017-11-03 20:00:00	7265.8596293	7000.0	7248.0	7124.35999982	9571587.023283	1343.89934408	7122.2499404
1843	2017-11-04 00:00:00	7170.00000011	6864.16306531	7124.35999982	7152.52841212	9346767.56404	1328.70193747	7034.51037471
1844	2017-11-04 04:00:00	7217.72136217	7077.00000004	7157.90326614	7179.99999999	4311239.4325076	602.1148519	7160.16125312
1845	2017-11-04 08:00:00	7190.0	7049.00000004	7176.2	7088.992911	3201985.9216718	450.34771713	7110.0303163
1846	2017-11-04 12:00:00	7348.99999	7080.0	7088.992911	7320.0	7281034.8416454	1007.76660687	7224.92171501
1847	2017-11-04 16:00:00	7400.0	7291.97454161	7320.0	7371.10967651	5393380.2947953	733.39116039	7354.02959033
1848	2017-11-04 20:00:00	7440.00000004	7310.49999955	7371.10967651	7365.99999999	7228299.5298771	977.60641373	7393.87490544
1849	2017-11-05 00:00:00	7412.34846367	7250.3	7360.00000009	7381.40053178	3648403.8875604	496.69866419	7345.30642136
1850	2017-11-05 04:00:00	7478.687	7338.22497949	7396.12198948	7425.00000039	3790575.6455924	511.22925111	7414.62981111
1851	2017-11-05 08:00:00	7551.100269	7392.14481246	7430.0	7551.100269	4869646.9260981	651.03800576	7479.81973865
1852	2017-11-05 12:00:00	7599.0	7470.0	7550.0	7512.1	6796043.8152234	900.43015914	7547.5524073
1853	2017-11-05 16:00:00	7577.98844409	7481.49661283	7510.00000027	7570.0	3880600.9844886	515.27601403	7531.11124684
1854	2017-11-05 20:00:00	7578.5835498	7301.00010001	7570.0	7379.16813705	9246366.1398734	1247.55843464	7411.56957713
1855	2017-11-06 00:00:00	7413.4	7187.93529866	7379.16813705	7233.0	6892862.2797209	947.25049797	7276.70483625
1856	2017-11-06 04:00:00	7337.47413412	7080.99999997	7235.0	7286.72663436	6360917.1002621	881.83620714	7213.26369767
1857	2017-11-06 08:00:00	7370.0	7243.92430279	7286.72663436	7334.69490909	3745513.9273295	512.79234269	7304.15338825
1858	2017-11-06 12:00:00	7420.0	7200.0	7334.69490909	7273.00000001	5434603.7905986	744.01987546	7304.37985576
1859	2017-11-06 16:00:00	7278.49999997	6930.8555386	7273.00000001	7015.93594817	15205328.827459	2158.1988511	7045.37898336
1860	2017-11-06 20:00:00	7178.00000004	6908.51315854	7020.80636533	6929.97042124	9453351.4394337	1344.61103993	7030.54724281
1861	2017-11-07 00:00:00	7141.33801399	6929.97042124	6929.97042124	7101.33686511	4703301.5318274	666.54846209	7056.20341104
1862	2017-11-07 04:00:00	7198.05979996	7062.96421168	7115.80386201	7152.0	3234618.0635664	452.90776932	7141.89131359
1863	2017-11-07 08:00:00	7201.80232508	7109.06339935	7152.0	7171.00000006	2389362.0738912	333.64472123	7161.39630527
1864	2017-11-07 12:00:00	7250.99999997	6950.0	7171.00000006	7033.0000002	8933358.5951331	1263.83415005	7068.45798934
1865	2017-11-07 16:00:00	7120.0	6960.0000004	7044.39999999	7079.99999994	6465798.7328629	919.4174511	7032.49511429
1866	2017-11-07 20:00:00	7118.0	6981.1	7079.99999994	7084.87344467	3387626.7402366	481.20229106	7039.92230123
1867	2017-11-08 00:00:00	7366.95	7030.88975355	7084.87344467	7319.61978687	6749468.4332125	932.19342242	7240.41628151
1868	2017-11-08 04:00:00	7413.0	7284.81165815	7326.0	7331.77000114	4122794.2186762	560.59524016	7354.31541926
1869	2017-11-08 08:00:00	7470.0	7318.33459	7337.39019838	7427.83999998	3690579.2405503	499.26186911	7392.07111315
1870	2017-11-08 12:00:00	7523.64484037	7420.0	7430.00009997	7485.0	6738764.2326897	901.87849331	7471.92031152
1871	2017-11-08 16:00:00	7770.99929997	7000.0	7479.0000001	7200.0	33946711.561771	4582.43396598	7408.00889086
1872	2017-11-08 20:00:00	7414.57633078	7105.0	7212.20499992	7409.99999999	13199451.600397	1827.69912114	7221.89524945
1873	2017-11-09 00:00:00	7441.99999994	7280.0	7398.0	7308.68707625	10386439.343046	1411.33672453	7359.2921962
1874	2017-11-09 04:00:00	7419.28000008	7263.06248912	7311.0	7340.50000172	4981792.0212648	677.86494192	7349.23981634
1875	2017-11-09 08:00:00	7384.00010002	7060.93180556	7348.99999989	7102.10000035	9685119.6971686	1348.55740865	7181.8371506
1876	2017-11-09 12:00:00	7210.0	7020.0	7109.18545833	7145.90105671	7286591.0583147	1023.0325912	7122.54049479
1877	2017-11-09 16:00:00	7203.99999978	7100.0	7154.99999997	7141.1	4790401.794081	670.30454837	7146.60493611
1878	2017-11-09 20:00:00	7178.60618708	6955.47946617	7141.1	7020.0	7430750.2201411	1053.75813058	7051.66584674
1879	2017-11-10 00:00:00	7259.999999	7001.762	7020.0	7225.0	6537589.0981071	908.75229444	7194.02761138
1880	2017-11-10 04:00:00	7277.39199995	7132.2226164	7225.0	7141.0	5049494.7644483	700.19927371	7211.51099985
1881	2017-11-10 08:00:00	7199.22261702	6810.0	7143.43319803	6846.65426867	13440864.060082	1925.55524966	6980.25365019
1882	2017-11-10 12:00:00	6867.673949	6652.21	6849.99315	6821.07	21509333.136872	3180.38225419	6763.1282713
1883	2017-11-10 16:00:00	6900.0	6418.88888888	6821.07	6529.00000001	23371321.04812	3529.30009833	6622.08381179
1884	2017-11-10 20:00:00	6736.0	6315.0	6528.99999994	6543.20421755	20918792.031833	3205.57716681	6525.74901282
1885	2017-11-11 00:00:00	6800.0	6521.00000013	6544.4404005	6730.00000008	8746416.9446861	1306.38736473	6695.11752855
1886	2017-11-11 04:00:00	6769.06336458	6550.58522106	6734.00000012	6580.08376021	8705143.1347039	1308.02566151	6655.17763975
1887	2017-11-11 08:00:00	6716.78526336	6401.0	6586.627191	6434.9099324	9478368.8939516	1447.06528836	6550.06306225
1888	2017-11-11 12:00:00	6577.37174763	6150.0	6426.0	6290.00000004	28518111.013368	4494.85630855	6344.61016231
1889	2017-11-11 16:00:00	6426.35000015	6151.71000012	6290.00000008	6293.07597586	17211043.134574	2732.83855204	6297.86312174
1890	2017-11-11 20:00:00	6473.07000003	6200.0	6293.07597586	6300.00000041	9690636.331624	1528.37573265	6340.4803705
1891	2017-11-12 00:00:00	6318.99999999	5980.0	6318.99999999	5988.0	20473020.106292	3349.03731235	6113.10600535
1892	2017-11-12 04:00:00	6161.95183113	5151.0	5988.00000001	6011.89657884	43974869.346096	7684.34894207	5722.65388748
1893	2017-11-12 08:00:00	6549.00000006	5867.67433324	6069.9	6348.11401494	47583024.811266	7628.5883306	6237.46134267
1894	2017-11-12 12:00:00	6350.0	5935.10000003	6348.11401494	6243.0	21574772.428651	3503.18118592	6158.62305819
1895	2017-11-12 16:00:00	6264.0	5969.66523272	6243.0	6044.90342815	12917728.496462	2119.14182814	6095.73570061
1896	2017-11-12 20:00:00	6118.77194869	5610.09507705	6049.99999994	5834.99999999	23517454.402877	4052.46135038	5803.25199169
1897	2017-11-13 00:00:00	6050.79931002	5773.22256332	5840.54588383	5977.12098277	19001601.651868	3215.0225533	5910.25454311
1898	2017-11-13 04:00:00	6297.0	5920.00000005	5967.4147	6212.0911	19049525.316854	3091.96859926	6160.96984989
1899	2017-11-13 08:00:00	6499.0	6148.84761771	6202.82460012	6431.25477436	14885429.616537	2342.16687972	6355.40949085
1900	2017-11-13 12:00:00	6701.98532544	6364.66406238	6431.25477439	6590.11100003	26505161.135225	4057.91089149	6531.72576825
1901	2017-11-13 16:00:00	6597.9841	6180.0	6590.11100003	6318.11000001	20227542.093585	3189.37775912	6342.15938696
1902	2017-11-13 20:00:00	6500.0	6250.0	6323.79680446	6475.7786365	13979864.849957	2175.87266108	6424.94622962
1903	2017-11-14 00:00:00	6687.99999997	6475.77863649	6477.99999999	6611.58165487	11291311.429325	1710.56656276	6600.91906105
1904	2017-11-14 04:00:00	6645.90329996	6510.99999994	6615.00000002	6560.68396839	6876405.0542931	1047.07726932	6567.23744825
1905	2017-11-14 08:00:00	6578.0	6405.123	6560.9314	6423.0	6641962.1464965	1023.3799263	6490.22125195
1906	2017-11-14 12:00:00	6500.0	6299.35892763	6416.36860001	6468.6408138	6689562.3185446	1045.24292659	6400.0072599
1907	2017-11-14 16:00:00	6593.0	6402.75995725	6461.0	6589.0	5959168.9889423	915.71541764	6507.66479863
1908	2017-11-14 20:00:00	6625.00000145	6480.00000001	6591.99999991	6554.91826454	6857065.7249278	1043.78141939	6569.44605215
1909	2017-11-15 00:00:00	6860.0	6554.91826453	6554.91826454	6846.0	11283007.648926	1672.48162556	6746.26703007
1910	2017-11-15 04:00:00	6899.00000121	6750.583	6846.0	6867.52011218	6893994.2567575	1010.01419143	6825.64098133
1911	2017-11-15 08:00:00	7000.0	6800.90000001	6862.00000019	6999.99999999	8385731.5825086	1214.54605374	6904.41630985
1912	2017-11-15 12:00:00	7250.0	6996.69223979	6999.99999999	7240.07265048	22379872.939805	3146.77220414	7112.0092234
1913	2017-11-15 16:00:00	7250.0	7064.94581525	7240.07265048	7180.0	9677757.3827098	1353.87179951	7148.2081141
1914	2017-11-15 20:00:00	7298.35	7156.17339534	7179.55960439	7275.1192	8507850.6591113	1174.97809463	7240.85895557
1915	2017-11-16 00:00:00	7283.8683614	7082.12862336	7275.1192	7250.0000002	7013533.9183112	979.07035475	7163.46265034
1916	2017-11-16 04:00:00	7400.0	7150.0	7254.74724044	7365.99999998	8734726.3150922	1203.41867431	7258.26057178
1917	2017-11-16 08:00:00	7529.93884999	7352.0	7378.99999984	7404.99999996	13193327.421258	1773.17895151	7440.49404039
1918	2017-11-16 12:00:00	7501.26999986	7339.123	7403.999	7460.52616075	15638442.588134	2106.61061175	7423.50888242
1919	2017-11-16 16:00:00	7813.09999971	7413.17067603	7467.12777816	7753.99999981	20418515.890184	2661.27298857	7672.46200516
1920	2017-11-16 20:00:00	7980.0	7665.0	7753.99999981	7858.00100004	18628124.508349	2380.3114859	7825.91884242
1921	2017-11-17 00:00:00	8022.0	7764.83770926	7858.999	7940.0	15414712.07696	1945.50270719	7923.25398468
1922	2017-11-17 04:00:00	7955.77933101	7511.0	7940.00399991	7511.0	15237678.287631	1962.93206342	7762.71302078
1923	2017-11-17 08:00:00	7920.0	7511.0	7512.0	7817.74118827	12803324.100794	1654.55823412	7738.21303884
1924	2017-11-17 12:00:00	7976.672	7695.0	7825.58581672	7949.99999995	10556337.988461	1344.15460645	7853.51472055
1925	2017-11-17 16:00:00	7978.0	7766.73812631	7950.0	7820.4921464	5956133.4560355	759.71802279	7839.92649557
1926	2017-11-17 20:00:00	7827.449	7583.0	7827.449	7687.51011467	9856128.9840442	1279.32488901	7704.16417964
1927	2017-11-18 00:00:00	7687.51011468	7413.00000009	7687.51011467	7571.67577203	17036222.282057	2256.3736423	7550.26648188
1928	2017-11-18 04:00:00	7719.74694726	7500.0	7571.67577199	7686.03305577	7031940.3096933	921.8321398	7628.22210909
1929	2017-11-18 08:00:00	7785.0	7647.3	7690.99558169	7778.27357163	5553451.4363127	718.83939602	7725.58024373
1930	2017-11-18 12:00:00	7785.0	7630.0	7780.0	7678.99899991	4667577.992917	607.04800146	7688.9767888
1931	2017-11-18 16:00:00	7776.0	7625.00000001	7667.60841054	7735.36	4995080.1767706	648.41829613	7703.48431958
1932	2017-11-18 20:00:00	7855.180018	7711.0	7735.3744373	7770.0	5532886.224473	709.53530071	7797.90127275
1933	2017-11-19 00:00:00	7830.70399997	7740.00000201	7768.3834313	7788.47639075	3823918.7781452	490.98025827	7788.33509848
1934	2017-11-19 04:00:00	7833.95647461	7650.00000001	7788.47639062	7719.0	4823980.4043407	623.24269114	7740.13152968
1935	2017-11-19 08:00:00	7799.0	7690.0	7720.59999982	7743.09000001	3411353.4861661	439.97242291	7753.56206101
1936	2017-11-19 12:00:00	7815.06638791	7700.13884304	7743.09000001	7762.0	3172838.1891476	408.74475983	7762.39477777
1937	2017-11-19 16:00:00	8077.99999999	7759.00002857	7762.0	8043.0	16740540.28962	2103.20122071	7959.55238366
1938	2017-11-19 20:00:00	8131.29887311	7952.0	8045.14743354	8060.0	9489498.2375427	1178.78500308	8050.23665278
1939	2017-11-20 00:00:00	8084.99999999	7951.0	8076.49966669	7957.82696343	3603631.1787563	449.53475809	8016.35716461
1940	2017-11-20 04:00:00	8049.0	7957.74247238	7959.82696338	8026.75426909	3502687.0368488	437.49821878	8006.17439452
1941	2017-11-20 08:00:00	8080.83536203	8015.0	8036.0	8058.00285684	3380663.4500718	420.10558979	8047.1755964
1942	2017-11-20 12:00:00	8275.0	8058.00285708	8058.00285708	8217.99999987	11254795.374739	1374.18228747	8190.17642518
1943	2017-11-20 16:00:00	8288.00000012	8189.0	8216.99999999	8215.17602033	6679182.8253961	810.96248323	8236.11814789
1944	2017-11-20 20:00:00	8299.754	8178.0000001	8215.17602033	8249.00000001	5859321.1203513	709.31037287	8260.58851591
1945	2017-11-21 00:00:00	8280.0	7809.99999997	8249.00000001	7899.8621379	18631942.488067	2317.43775912	8039.88906055
1946	2017-11-21 04:00:00	8189.28748936	7807.0	7899.8621379	8150.0	17270511.55635	2167.51560605	7967.88337216
1947	2017-11-21 08:00:00	8245.49345125	8150.0	8150.0	8210.00000005	6164977.8263814	752.07068333	8197.33831278
1948	2017-11-21 12:00:00	8389.16699997	8199.93225208	8215.15272533	8370.78724119	8540310.2323685	1029.45481733	8295.95441062
1949	2017-11-21 16:00:00	8370.7872412	8046.72676618	8370.78724119	8128.0	7920736.0362213	962.18002242	8232.07284672
1950	2017-11-21 20:00:00	8234.4095781	8000.42056597	8128.0	8107.0	8865519.4157897	1091.95470455	8118.94429214
1951	2017-11-22 00:00:00	8187.340873	8077.8244035	8107.0	8162.49999985	4121821.961082	506.3529326	8140.21544205
1952	2017-11-22 04:00:00	8240.0	8100.0	8162.5	8235.00000001	4130958.7057916	505.60682979	8170.29846591
1953	2017-11-22 08:00:00	8319.0	8235.0	8240.0	8270.00000004	6360208.5040501	767.80053736	8283.67290015
1954	2017-11-22 12:00:00	8290.0	8113.0264125	8280.0000011	8247.4839	10076584.245114	1227.43666908	8209.45348868
1955	2017-11-22 16:00:00	8248.78034466	8106.1343875	8232.55124652	8191.00000001	6089023.8791183	745.32831948	8169.58610048
1956	2017-11-22 20:00:00	8280.85969196	8170.0	8191.00000006	8213.64556508	5092502.8979696	619.38652225	8221.8497094
1957	2017-11-23 00:00:00	8268.31399996	8151.0	8213.64556508	8200.99999903	5183634.9831752	631.42990475	8209.35933534
1958	2017-11-23 04:00:00	8250.00000149	8125.0	8200.99999903	8142.11989935	7835313.0121855	954.22333794	8211.19406815
1959	2017-11-23 08:00:00	8198.9733597	8090.0	8143.0	8130.00000011	10158264.310008	1248.76527232	8134.64670677
1960	2017-11-23 12:00:00	8230.99	8111.09624803	8130.00000011	8161.99999997	7153244.891695	874.47136698	8180.07903037
1961	2017-11-23 16:00:00	8188.74402314	8101.78915591	8161.59999762	8128.0	6731710.2087203	826.91130758	8140.78867589
1962	2017-11-23 20:00:00	8201.2	8000.0	8133.99999999	8000.0	7863906.1164083	969.87798382	8108.13962951
1963	2017-11-24 00:00:00	8124.1313553	7890.0	8000.0	8078.26600792	13978595.003747	1749.81350047	7988.61993006
1964	2017-11-24 04:00:00	8250.0	8000.00000005	8078.26600798	8250.0	6830465.9574731	840.42416813	8127.40306204
1965	2017-11-24 08:00:00	8338.58061257	8074.67696566	8249.90750037	8236.0000004	14095356.564657	1714.52642573	8221.13695836
1966	2017-11-24 12:00:00	8242.97486843	8135.00000026	8238.48743425	8177.0	8287000.2224074	1012.33936161	8185.99032761
1967	2017-11-24 16:00:00	8279.0	8135.37808705	8177.0	8206.23393075	7703227.0678492	938.64926286	8206.71508799
1968	2017-11-24 20:00:00	8290.0	8160.40229046	8209.48	8198.93	6832151.6904444	830.92361708	8222.35828902
1969	2017-11-25 00:00:00	8222.22838545	8144.52362511	8190.00050001	8186.32715753	8021550.40186	980.52750374	8180.85201206
1970	2017-11-25 04:00:00	8320.46871145	8183.5	8186.32715765	8312.0000002	6316252.6916556	764.84194545	8258.24567968
1971	2017-11-25 08:00:00	8498.99999999	8312.0000002	8319.09999996	8462.75846413	13356944.704002	1586.10696831	8421.21305237
1972	2017-11-25 12:00:00	8643.53077274	8449.00000001	8462.75846416	8595.0	13442857.850953	1567.72659152	8574.74633884
1973	2017-11-25 16:00:00	8680.0	8558.4211242	8596.0	8615.10000001	8234269.2266766	954.1897873	8629.59270395
1974	2017-11-25 20:00:00	8709.99999914	8615.10000001	8616.89	8709.0	6381877.6775427	736.01459096	8670.85755625
1975	2017-11-26 00:00:00	8850.00000098	8682.99999994	8709.0	8814.6607802	8231565.6139651	937.43039101	8780.98863969
1976	2017-11-26 04:00:00	8970.0	8758.2527397	8814.66077999	8903.08181126	8836317.0240867	993.89811028	8890.56627906
1977	2017-11-26 08:00:00	8962.07028967	8789.69486516	8910.00000063	8941.99999999	8475223.164276	954.64925205	8877.83984125
1978	2017-11-26 12:00:00	9046.00000013	8900.27499999	8943.25208967	9044.99999997	6897616.5146978	769.99973856	8957.94656709
1979	2017-11-26 16:00:00	9350.0	9000.0	9040.00000033	9125.282	22041765.018222	2405.99325695	9161.19151811
1980	2017-11-26 20:00:00	9290.00000011	9040.0	9130.456	9284.33658751	14634386.60598	1596.61138954	9165.90392743
1981	2017-11-27 00:00:00	9649.0	9276.32600001	9284.33658751	9480.36089808	18784345.467824	1977.63334845	9498.39639513
1982	2017-11-27 04:00:00	9705.78852305	9462.95959575	9491.99999997	9701.00000009	11035781.697449	1151.35576513	9585.03186563
1983	2017-11-27 08:00:00	9715.99999949	9211.0	9701.00000009	9596.99999997	21547603.655486	2274.27758279	9474.48271861
1984	2017-11-27 12:00:00	9668.441	9510.99999997	9596.99999998	9649.9	10065249.169546	1047.81871901	9605.90700179
1985	2017-11-27 16:00:00	9658.9035207	9431.0	9641.90220888	9509.00000101	9493612.2932535	996.45220372	9527.41361583
1986	2017-11-27 20:00:00	9730.00000016	9480.30865817	9509.00000098	9711.00000013	8816505.3696516	915.26782705	9632.70543231
1987	2017-11-28 00:00:00	9729.90912182	9599.99999987	9711.00000014	9695.00000116	8386467.6450209	867.22854432	9670.42390376
1988	2017-11-28 04:00:00	9879.00000023	9635.46500002	9695.00000119	9854.99899992	10780906.499785	1099.11162574	9808.74576094
1989	2017-11-28 08:00:00	9927.0	9750.0	9850.0	9926.99999993	10397698.265843	1055.57870183	9850.23499225
1990	2017-11-28 12:00:00	9939.99999995	9702.0	9927.0	9881.99999999	14021547.111451	1425.67900158	9834.9958833
1991	2017-11-28 16:00:00	9951.42766235	9820.0	9875.3	9939.99999871	9687536.5604156	978.15432325	9903.89382344
1992	2017-11-28 20:00:00	9940.0	9830.0	9939.99999868	9879.96875865	7972659.4829987	806.2854477	9888.13515826
1993	2017-11-29 00:00:00	10371.38399999	9879.96875865	9882.09865999	10274.93116695	19841458.874206	1971.44874505	10064.40513557
1994	2017-11-29 04:00:00	10750.0	9911.63184923	10279.0	10514.99999997	39243779.725541	3789.32643468	10356.39985153
1995	2017-11-29 08:00:00	10868.48574322	10500.00000016	10513.94850006	10786.00000013	16936722.727289	1583.38047463	10696.5590385
1996	2017-11-29 12:00:00	11447.09553169	10342.0	10794.93591361	10816.99999998	50348455.114133	4633.32910498	10866.58296299
1997	2017-11-29 16:00:00	11000.0	8700.0	10811.3	9600.0	66714833.198083	6752.7822978	9879.60669483
1998	2017-11-29 20:00:00	10286.56431167	9030.0	9585.664	9702.0	62609116.750767	6431.76834535	9734.35506209
1999	2017-11-30 00:00:00	10449.03475477	9650.0	9730.99999955	10376.13517959	20621844.733433	2027.19824581	10172.58414467
2000	2017-11-30 04:00:00	10570.10000001	9775.49899962	10380.70726524	10072.15325072	20814120.300334	2041.70050355	10194.50221231
2001	2017-11-30 08:00:00	10301.99999995	9466.55777695	10072.15325073	9600.37707254	19879724.308413	2021.77483777	9832.80825195
2002	2017-11-30 12:00:00	9813.792	8861.0	9634.99999973	9145.88148201	38549653.200119	4192.80551028	9194.23834604
2003	2017-11-30 16:00:00	9825.0	9066.11716266	9145.88148201	9760.76372103	21470747.805168	2266.51291248	9473.03131914
2004	2017-11-30 20:00:00	10110.0	9359.90088505	9760.763721	9907.67682035	17754981.514774	1825.63458316	9725.37531801
2005	2017-12-01 00:00:00	10036.60726115	9520.4724756	9907.76	9659.09950232	13643900.734263	1396.21014461	9772.09683437
2006	2017-12-01 04:00:00	9899.0	9350.3	9659.09950232	9541.0	9843065.9651407	1027.23217425	9582.12389747
2007	2017-12-01 08:00:00	10050.01066468	9539.68129002	9541.0	9950.0	10048621.746946	1019.9160962	9852.40039292
2008	2017-12-01 12:00:00	10756.51000101	9949.00000003	9963.37245221	10519.99999985	22230021.162994	2137.29593505	10401.00287397
2009	2017-12-01 16:00:00	10645.41812719	10288.8697788	10519.49695247	10544.0	9949475.1894959	948.48870412	10489.81937926
2010	2017-12-01 20:00:00	10829.585001	10429.60443	10544.0	10699.888888	11000692.539078	1032.09770007	10658.57673971
2011	2017-12-02 00:00:00	11100.00000001	10595.00515206	10699.888888	10898.99999999	19122950.438925	1748.41671675	10937.29558618
2012	2017-12-02 04:00:00	10980.0	10649.99999967	10898.99999999	10928.23161969	11135204.803404	1031.80893868	10791.92511905
2013	2017-12-02 08:00:00	11197.80895967	10810.0	10930.37902508	10950.00000018	15711352.965488	1424.54054693	11029.06688008
2014	2017-12-02 12:00:00	11129.99999996	10677.91666733	10959.35051254	10700.21000012	12262775.229606	1126.93325497	10881.54526945
2015	2017-12-02 16:00:00	10986.00000007	10691.99049639	10699.00000002	10883.15514009	7117167.9905324	654.55504625	10873.2917595
2016	2017-12-02 20:00:00	11048.64000031	10848.95314058	10881.94209858	10895.7862823	8104433.9265913	740.35672569	10946.66077226
2017	2017-12-03 00:00:00	10996.0	10761.0	10895.7862823	10938.13801517	7831116.7018005	719.3244435	10886.76573215
2018	2017-12-03 04:00:00	11180.0	10903.74719724	10944.98999991	11141.00000022	10870137.977425	983.01859508	11057.91694259
2019	2017-12-03 08:00:00	11647.54659051	11020.0	11163.999999	11621.0	14263240.344688	1259.18625204	11327.34757989
2020	2017-12-03 12:00:00	11821.524	11533.70994924	11623.0	11733.0	23792795.248661	2037.85382104	11675.41803195
2021	2017-12-03 16:00:00	11810.0	11520.0	11733.0	11731.01000007	11950586.232636	1021.94027204	11694.01633304
2022	2017-12-03 20:00:00	11847.88172105	10465.0	11731.01000007	11174.99999992	49557772.607061	4481.35744072	11058.65204073
2023	2017-12-04 00:00:00	11475.24101874	11129.59519667	11174.99999992	11370.00000001	11125236.698493	984.6139114	11299.08542798
2024	2017-12-04 04:00:00	11550.0	11305.0	11370.00000001	11536.00000123	9409458.4925019	822.64724801	11438.02342409
2025	2017-12-04 08:00:00	11550.0	11050.0	11536.00000126	11150.0	10666195.076947	942.1500788	11321.12103682
2026	2017-12-04 12:00:00	11432.40644382	10800.8245999	11150.00000006	11331.55268701	13790610.964517	1235.70525377	11160.11356465
2027	2017-12-04 16:00:00	11339.99999996	11039.6666283	11330.44999987	11164.08290233	7083814.2954804	633.49819098	11182.05923291
2028	2017-12-04 20:00:00	11600.0	11141.75184003	11164.08290233	11600.0	10059421.815717	879.30861608	11440.14926245
2029	2017-12-05 00:00:00	11652.00416065	11462.0	11600.0	11575.00000145	9922512.4332254	858.19290796	11562.10024714
2030	2017-12-05 04:00:00	11755.0	11411.70741524	11571.15720813	11755.0	8057852.7916132	696.35322853	11571.5020215
2031	2017-12-05 08:00:00	11783.8826416	11459.29472806	11755.0	11675.0	9548243.9132964	817.62139211	11678.07496897
2032	2017-12-05 12:00:00	11867.0	11590.0	11681.9999999	11804.19580397	12184534.991114	1035.97094637	11761.46400032
2033	2017-12-05 16:00:00	11804.19580395	11527.37832328	11804.0	11700.0	9835300.3424436	842.97864491	11667.31850424
2034	2017-12-05 20:00:00	11791.0	11631.99999997	11698.0	11665.13875565	7235457.8291131	617.94405369	11708.92055018
2035	2017-12-06 00:00:00	12280.0	11641.00000001	11665.13875565	12239.99999997	19983331.357238	1667.57571054	11983.46271832
2036	2017-12-06 04:00:00	12497.0	12113.92337037	12239.99999991	12392.00000079	15418527.754934	1252.44572857	12310.73523045
2037	2017-12-06 08:00:00	12847.0	12248.28908835	12399.99999997	12536.2437425	25175442.526624	2007.12014003	12543.06706635
2038	2017-12-06 12:00:00	12745.0	12251.94658257	12536.2437425	12360.0	24390089.576925	1935.56379101	12601.02595957
2039	2017-12-06 16:00:00	13063.13272503	12220.0	12360.0	13063.13272497	20952678.626978	1659.93645455	12622.57875567
2040	2017-12-06 20:00:00	13666.0	12834.67921742	13063.13272497	13580.90538838	35377818.16316	2672.28707327	13238.7790657
2041	2017-12-07 00:00:00	13980.0	13092.27285484	13580.90538838	13626.20696766	36848352.342844	2696.67738887	13664.35321293
2042	2017-12-07 04:00:00	14188.06556996	13525.00000025	13632.89188297	14070.00000004	19599359.623003	1401.85648379	13981.00294119
2043	2017-12-07 08:00:00	14790.0	13605.02	14088.99999999	13639.99999994	36834561.258343	2564.80940019	14361.51990694
2044	2017-12-07 12:00:00	15510.38963855	13631.99999995	13639.99999994	15368.99999997	39501191.000619	2658.10868491	14860.63802615
2045	2017-12-07 16:00:00	15812.64749996	14363.13998135	15368.99999997	15337.96771195	72267425.588392	4767.13140781	15159.52035012
2046	2017-12-07 20:00:00	16672.0	15199.0	15337.97771198	16563.50743405	39118800.833171	2445.76514156	15994.50420174
2047	2017-12-08 00:00:00	17200.0	15222.0	16563.50743405	16299.99999992	59694507.124114	3629.54307673	16446.83803502
2048	2017-12-08 04:00:00	16500.0	13899.9999999	16264.94500004	15799.0	61521017.692247	4052.72159912	15180.17366542
2049	2017-12-08 08:00:00	15900.0	13900.0	15771.0	14742.13286719	42726966.736052	2890.03619633	14784.23238792
2050	2017-12-08 12:00:00	15650.0	14266.0	14761.00000009	15200.0	29721732.24847	1982.35812527	14993.11949218
2051	2017-12-08 16:00:00	15500.0	14650.0	15199.9999999	15063.3012531	19640661.396432	1307.90884185	15016.84274008
2052	2017-12-08 20:00:00	15966.44400018	14700.00000001	15116.9999997	15847.67803098	17115767.120311	1107.78308422	15450.46802403
2053	2017-12-09 00:00:00	16234.14	15319.05558135	15847.67803098	15494.99999999	15995110.118961	1012.2445783	15801.62587368
2054	2017-12-09 04:00:00	15662.60337244	14811.08987199	15490.0	15270.6279	11578388.847405	762.5511794	15183.75311741
2055	2017-12-09 08:00:00	15320.5825045	14204.0	15296.58250369	14709.9999999	21162892.63536	1436.16171918	14735.7309088
2056	2017-12-09 12:00:00	15021.0	14300.0	14709.9999999	14401.0	12847846.394209	876.43178365	14659.26571113
2057	2017-12-09 16:00:00	14520.69534396	12919.0	14430.0	13952.00000009	59671695.740593	4341.00753589	13746.04748949
2058	2017-12-09 20:00:00	14800.80021	13952.00000012	13995.00999997	14690.2198385	16104398.666251	1110.00898345	14508.34984794
2059	2017-12-10 00:00:00	14700.0	12756.60052809	14690.21983851	12801.00000001	30756633.33816	2281.07928617	13483.3688266
2060	2017-12-10 04:00:00	13843.85808924	12700.006	12801.0	13448.68035013	22879964.965483	1724.8915446	13264.58178609
2061	2017-12-10 08:00:00	13970.16942865	12928.0	13441.61602747	13628.0099	13407265.675795	994.61448772	13479.86163616
2062	2017-12-10 12:00:00	15617.0	13355.0	13620.0	15400.00000009	38330578.741387	2584.42175523	14831.3945523
2063	2017-12-10 16:00:00	15600.0	14921.0	15400.00000009	15571.50499997	16214803.071088	1061.56359053	15274.45290676
2064	2017-12-10 20:00:00	16000.0	14290.0	15571.50499994	14906.01490599	40808241.621601	2710.63189801	15054.88135499
2065	2017-12-11 00:00:00	16599.18943743	14906.00000001	14929.8	16148.0	31028814.801994	1952.87771348	15888.76486623
2066	2017-12-11 04:00:00	16799.1	15820.07665787	16148.0	16499.0	21739863.64026	1330.22956075	16342.94131007
2067	2017-12-11 08:00:00	16668.68670204	16070.0	16500.0	16084.0	15388113.67306	938.47591308	16396.9191522
2068	2017-12-11 12:00:00	16438.0	15930.68	16083.99999997	16320.0	18760224.25149	1155.8701795	16230.3903883
2069	2017-12-11 16:00:00	16934.00000002	16200.0	16320.49999998	16933.0	17577300.571766	1067.38605179	16467.61313986
2070	2017-12-11 20:00:00	17450.0	16345.0	16933.0	16478.96	37383092.260114	2196.74288361	17017.50921285
2071	2017-12-12 00:00:00	16649.99999999	15667.0	16478.96	16051.00000045	24262233.809775	1492.52000142	16255.88520535
2072	2017-12-12 04:00:00	16600.0	15838.10465095	16051.00000048	16596.99999973	15458042.226113	953.23803786	16216.35059886
2073	2017-12-12 08:00:00	16842.99999982	16290.00000006	16571.00000004	16436.00000012	14808034.988079	893.57981952	16571.58618021
2074	2017-12-12 12:00:00	16980.0	16024.00000001	16459.99999973	16513.0	40565317.047827	2455.37911698	16520.99945271
2075	2017-12-12 16:00:00	16790.0	16099.0	16513.0	16630.00000025	23669332.631362	1438.44824808	16454.76829837
2076	2017-12-12 20:00:00	16690.0	16051.0	16630.00000028	16227.9999999	25522610.401603	1562.72649106	16332.10324878
2077	2017-12-13 00:00:00	16530.000001	15750.3	16227.9999999	16153.38711811	26658257.655055	1646.36239375	16192.21731269
2078	2017-12-13 04:00:00	16450.0	15958.18423172	16153.38711811	16140.00000003	13656676.010349	843.09649782	16198.23596191
2079	2017-12-13 08:00:00	16200.55190118	15909.01098901	16140.00000003	16095.0	17066995.450747	1063.18567826	16052.69502753
2080	2017-12-13 12:00:00	16450.0	15937.0	16095.0	15969.99999977	22195457.024292	1368.86187875	16214.53367125
2081	2017-12-13 16:00:00	16102.0	15100.0	15969.99999977	15699.96969696	45169821.798009	2876.97301086	15700.4676886
2082	2017-12-13 20:00:00	16157.80138436	15240.0	15566.0033812	15907.0	25545372.423176	1613.72247334	15830.09026967
2083	2017-12-14 00:00:00	16194.47943671	15600.21	15939.0	15660.00000047	15323481.402719	965.78958945	15866.27312005
2084	2017-12-14 04:00:00	15969.39965296	15451.0	15660.00000048	15818.0000004	24223123.221746	1542.65695846	15702.20980685
2085	2017-12-14 08:00:00	16490.0	15818.0000004	15818.0000004	16318.00000001	21413369.984939	1318.07770685	16245.90862409
2086	2017-12-14 12:00:00	16668.00000001	15873.10681569	16347.99999997	16265.99999996	29071307.129081	1779.95979041	16332.56396336
2087	2017-12-14 16:00:00	16500.00000014	16170.0	16265.99999995	16372.00000014	28612188.255993	1748.87582046	16360.33154627
2088	2017-12-14 20:00:00	16497.0	16125.00000003	16372.00000014	16401.52900029	19349118.73105	1184.8036655	16331.07602083
2089	2017-12-15 00:00:00	17830.82810636	16300.0	16401.52900033	17085.0	51815698.244094	3027.8849399	17112.83594739
2090	2017-12-15 04:00:00	17450.0	16939.0	17085.0	17051.0	15285701.49946	890.00874116	17174.77682245
2091	2017-12-15 08:00:00	18000.0	17030.0	17060.99954851	17969.99999961	28877222.062122	1639.78782856	17610.34053258
2092	2017-12-15 12:00:00	18000.0	17571.0	17969.99999962	17603.00000012	22876640.153629	1285.767497	17792.20598359
2093	2017-12-15 16:00:00	17850.0000002	17429.33539256	17627.99999939	17693.0	14607476.872388	827.95649739	17642.80722288
2094	2017-12-15 20:00:00	17849.11111111	17200.99999985	17709.99999964	17540.0	16730857.021162	955.91064851	17502.53232061
2095	2017-12-16 00:00:00	17620.0	17250.99999998	17540.00000005	17270.00000087	11218296.566206	643.94358964	17421.24115635
2096	2017-12-16 04:00:00	17885.0	17250.99999998	17299.99999984	17810.0	10840006.61733	615.41817111	17614.05029328
2097	2017-12-16 08:00:00	17999.99999999	17630.0	17812.0	17870.00000002	11837718.6723	663.20708749	17849.20411074
2098	2017-12-16 12:00:00	18890.0	17870.00000002	17882.21778224	18820.00000054	31818714.781137	1729.1269689	18401.60691113
2099	2017-12-16 16:00:00	19234.5841807	18318.00000001	18820.00000051	19224.99999995	21582353.749312	1150.01466623	18767.0247894
2100	2017-12-16 20:00:00	19764.788462	18900.0	19234.58418069	19223.0	30038208.357834	1555.13759563	19315.46664568
2101	2017-12-17 00:00:00	19328.00000005	18842.14136654	19222.99999997	19088.0	22932146.937385	1199.89258681	19111.83316696
2102	2017-12-17 04:00:00	19628.53859633	18930.00000001	19088.01	19560.00000039	18672327.683717	970.45416755	19240.81353667
2103	2017-12-17 08:00:00	19800.0	19258.09049208	19584.45740795	19775.00000025	20796011.40215	1062.25442139	19577.24155662
2104	2017-12-17 12:00:00	19903.4402144	19061.52956764	19798.99999993	19386.70125007	26731232.777277	1366.83005983	19557.10044934
2105	2017-12-17 16:00:00	19454.4000003	18569.63785309	19386.70125007	18882.66343218	26007321.830895	1372.64664227	18946.8440238
2106	2017-12-17 20:00:00	19490.0	18671.61224145	18882.66343218	18959.19999967	24953285.815041	1310.69270548	19038.24268702
2107	2017-12-18 00:00:00	18959.19999966	17805.43793687	18959.19999966	18520.0	49678982.055133	2721.24575492	18255.97043755
2108	2017-12-18 04:00:00	18949.89999999	18500.0	18520.99999982	18555.0	18455495.351326	984.294273	18749.97737726
2109	2017-12-18 08:00:00	19200.0	18500.0	18560.0	19089.00000002	20676087.365255	1098.88163093	18815.57283631
2110	2017-12-18 12:00:00	19144.99999995	18100.0	19109.0	18669.00000009	25495026.4699	1369.32978374	18618.61676612
2111	2017-12-18 16:00:00	18739.94345053	18020.0000004	18669.00070009	18719.96999993	21372157.882291	1155.82466293	18490.83045875
2112	2017-12-18 20:00:00	18999.0	18464.99999993	18719.96999989	18930.53404981	16768597.901013	895.98941899	18715.17402506
2113	2017-12-19 00:00:00	19000.0	18580.63341381	18930.53404981	18870.89000032	16004648.251418	853.70076895	18747.37476352
2114	2017-12-19 04:00:00	18971.91794828	18600.98999987	18850.99000007	18630.00000113	14435323.016185	770.17248613	18742.97417286
2115	2017-12-19 08:00:00	18780.0	17380.0	18630.00000005	17598.0	46986855.579748	2605.00640562	18037.13629201
2116	2017-12-19 12:00:00	18200.0	17500.0	17598.0	17720.24155616	35431895.90168	1992.174369	17785.53948541
2117	2017-12-19 16:00:00	18211.00388855	17408.0	17710.0	17568.42411032	27171314.743026	1520.2376896	17873.07006588
2118	2017-12-19 20:00:00	17784.0	16502.0	17575.00000001	17309.99999999	53281449.035661	3139.13679654	16973.28039172
2119	2017-12-20 00:00:00	17349.99999999	15550.00000008	17309.99999999	16491.99999999	65726956.285086	4042.20329304	16260.18077771
2120	2017-12-20 04:00:00	16674.43216105	15800.0	16489.0	16251.00000015	37119072.382779	2280.32872657	16277.94797753
2121	2017-12-20 08:00:00	17600.0	16190.76088892	16279.99999973	17349.27248077	27492856.19051	1616.54445967	17007.17603283
2122	2017-12-20 12:00:00	17835.00000003	16391.46462	17353.88539512	16500.0	34242386.177046	1989.22582838	17213.92598493
2123	2017-12-20 16:00:00	17000.0	16000.0	16484.0	16777.7499997	35765172.121956	2160.38266688	16555.01715981
2124	2017-12-20 20:00:00	16799.81247035	15765.78546988	16710.00000001	16470.0	34190678.689366	2099.76317858	16283.11184715
2125	2017-12-21 00:00:00	16999.0128785	16196.16026541	16403.59874676	16913.92368197	26877807.059851	1624.31496499	16547.16458271
2126	2017-12-21 04:00:00	17375.98798753	16569.27120885	16943.45359792	17148.99999977	21545778.680893	1268.11962004	16990.33619573
2127	2017-12-21 08:00:00	17147.99999973	16400.0	17127.0	16560.00000026	18817644.099238	1126.058695	16711.06859952
2128	2017-12-21 12:00:00	16763.94950401	14500.0	16619.9999998	14600.0	49869441.358311	3203.45132763	15567.41035151
2129	2017-12-21 16:00:00	15499.111	14500.99999997	14600.0	14749.99999997	46091416.353548	3080.62071459	14961.73032118
2130	2017-12-21 20:00:00	15510.57368416	14701.00000002	14749.99999997	15293.0	23749476.514769	1565.97097506	15165.97490822
2131	2017-12-22 00:00:00	15519.79447536	13164.61	15180.00000001	14270.0	66701984.992502	4744.84448152	14057.78108266
2132	2017-12-22 04:00:00	14521.67895423	12347.125	14270.0	13065.0	82784602.170325	6204.47261397	13342.72988552
2133	2017-12-22 08:00:00	14450.0	12722.0	13065.0	13640.00000004	52199015.914317	3867.49767203	13496.84481824
2134	2017-12-22 12:00:00	13850.0	11362.39	13650.00000002	12566.03103147	95295506.706537	7655.56602443	12447.87209756
2135	2017-12-22 16:00:00	13650.0	11967.69	12568.0765355	13150.0	51105947.405914	4008.10991	12750.63522544
2136	2017-12-22 20:00:00	14320.0	12743.0204944	13149.99999999	13247.06419074	47951446.652744	3488.4018175	13745.96424419
2137	2017-12-23 00:00:00	14401.18717786	13000.0	13200.00000001	14394.99999997	26832208.206707	1951.03590908	13752.80079768
2138	2017-12-23 04:00:00	14407.0365778	13109.96	14394.99999975	13755.10003019	25728860.968676	1872.7878008	13738.2681357
2139	2017-12-23 08:00:00	14744.99999944	13650.00000007	13755.10003023	14739.99999983	23330235.584856	1646.0941752	14173.08677495
2140	2017-12-23 12:00:00	14940.0	14117.0	14739.99999983	14362.99999959	36193568.085042	2477.38138979	14609.60683494
2141	2017-12-23 16:00:00	14690.0	14100.0	14369.99999867	14371.50000003	24639977.15058	1711.62479098	14395.66503151
2142	2017-12-23 20:00:00	14937.99999999	13700.0	14356.54059282	13830.0	25830242.933966	1794.41293896	14394.8153589
2143	2017-12-24 00:00:00	13999.0	12708.78000001	13830.0	13321.00000043	43447898.401576	3242.43921669	13399.75725001
2144	2017-12-24 04:00:00	13839.23566859	12783.6778945	13367.9919623	13358.94883655	19106816.512741	1430.07940455	13360.66826216
2145	2017-12-24 08:00:00	13631.00000011	11918.0343922	13358.94883654	12452.16000115	39934664.348697	3165.90879019	12613.9655294
2146	2017-12-24 12:00:00	13162.59703435	11703.13716406	12450.0	12592.11	36304728.554066	2902.22391071	12509.27897743
2147	2017-12-24 16:00:00	12979.86471346	12070.0	12619.99999997	12174.59218533	15969114.534826	1278.09570758	12494.45909263
2148	2017-12-24 20:00:00	13550.0	12150.0	12174.59218533	13517.00000009	17725293.293489	1370.92731696	12929.41870382
2149	2017-12-25 00:00:00	13615.31275372	12860.0	13510.98484645	12876.21704121	11949341.544366	902.07701798	13246.47597288
2150	2017-12-25 04:00:00	13749.68122009	12702.8464126	12884.05822398	13481.659	14314414.660136	1068.23850794	13400.01746214
2151	2017-12-25 08:00:00	14023.73356491	13404.21975178	13481.65900001	13800.0	15203546.342257	1106.83062538	13736.10920554
2152	2017-12-25 12:00:00	14300.0	13033.92918791	13800.0	13474.99999988	23483854.4485	1711.12716804	13724.20173504
2153	2017-12-25 16:00:00	13950.00000001	13403.07723456	13474.99999988	13821.6492041	10041008.688239	733.97245172	13680.36179656
2154	2017-12-25 20:00:00	13878.1166751	13333.0	13821.6492041	13637.99999972	8958274.0301546	659.73017489	13578.69379197
2155	2017-12-26 00:00:00	14395.24266525	13510.53958989	13637.99999972	14375.00000001	10010292.490497	722.05962732	13863.52610192
2156	2017-12-26 04:00:00	15305.0	14309.00000019	14375.00000001	15080.0	32052738.141736	2154.61244371	14876.33575834
2157	2017-12-26 08:00:00	15260.0	14750.0	15080.0	14815.34059979	14117920.360424	941.06223899	15002.11120528
2158	2017-12-26 12:00:00	15909.97999998	14650.0	14813.2079548	15780.39345053	27308420.985185	1766.26863405	15461.08018833
2159	2017-12-26 16:00:00	15975.0	15365.0	15780.3934505	15820.0	25678242.120357	1631.15958628	15742.32364285
2160	2017-12-26 20:00:00	16050.65549987	15500.0	15820.0	15700.085745	16082692.883371	1019.09681828	15781.3198853
2161	2017-12-27 00:00:00	15967.99999997	15520.0	15690.00000006	15830.0	11579014.911699	735.01185396	15753.50771462
2162	2017-12-27 04:00:00	16500.90800028	15830.0	15830.0	16184.87999999	20545829.908176	1262.57819489	16272.91679147
2163	2017-12-27 08:00:00	16251.0944824	15378.14249985	16184.87999999	15665.0	19608796.087605	1242.40637699	15782.9164843
2164	2017-12-27 12:00:00	15950.23096051	15000.0	15674.99999989	15279.36927401	22075620.792659	1432.54711318	15410.04870943
2165	2017-12-27 16:00:00	15410.0	14454.0	15260.00000001	14803.00000001	28412868.341898	1909.69041809	14878.25883857
2166	2017-12-27 20:00:00	15528.25747622	14620.2273402	14803.00000001	15370.01000001	21917212.57391	1447.01128096	15146.5388434
2167	2017-12-28 00:00:00	15464.07930619	13700.34830799	15370.01000001	14276.95709156	33350932.908704	2293.44582126	14541.84467736
2168	2017-12-28 04:00:00	14578.19999998	13560.0	14276.95709156	14090.1499313	24267872.476221	1734.14140444	13994.17164833
2169	2017-12-28 08:00:00	14370.00000018	13260.01051	14066.38	13751.94112881	19957050.594332	1447.61845887	13786.12608318
2170	2017-12-28 12:00:00	14400.0	13501.0	13738.94112886	14094.0	20722064.013109	1481.25227859	13989.5575606
2171	2017-12-28 16:00:00	14279.0858045	13335.0	14113.9582184	13743.00000001	20450345.744996	1479.47520262	13822.7026102
2172	2017-12-28 20:00:00	14310.00000008	13696.70275894	13760.18798677	14307.3458536	12058719.225829	865.98162778	13924.9134612
2173	2017-12-29 00:00:00	14949.0	14007.62220544	14307.3458536	14826.99999993	13157164.279351	905.12758805	14536.25373158
2174	2017-12-29 04:00:00	15100.0	14425.0	14802.00000021	14546.27985515	11869415.938945	803.04225976	14780.56203728
2175	2017-12-29 08:00:00	14698.34440429	13770.00000005	14517.999999	14280.99999996	19155752.878701	1348.58732123	14204.31037511
2176	2017-12-29 12:00:00	14526.80029789	13852.87411951	14280.99999991	14484.21101931	21114091.286464	1486.47948382	14204.09196109
2177	2017-12-29 16:00:00	14800.00000003	14260.0000002	14441.98275242	14649.99999989	16134655.007307	1110.23894657	14532.59684066
2178	2017-12-29 20:00:00	14656.0	13976.237	14611.99035903	14305.53422499	18782650.869227	1313.25443857	14302.36998831
2179	2017-12-30 00:00:00	14365.38790685	12950.0	14305.53422499	13346.55602013	45316478.670153	3348.03444495	13535.24864073
2180	2017-12-30 04:00:00	13548.95520108	12800.0	13343.41005586	13430.18895654	20306275.245515	1534.326203	13234.65323463
2181	2017-12-30 08:00:00	13548.50160852	12800.0	13430.18895654	13154.86175661	21517512.342814	1634.46269265	13164.88436204
2182	2017-12-30 12:00:00	13183.34433578	11855.0	13154.86175664	12280.00000011	35635447.095756	2892.64766233	12319.31823561
2183	2017-12-30 16:00:00	13000.0	11701.00000003	12240.0	12989.16764476	28148533.32058	2285.18397794	12317.84118579
2184	2017-12-30 20:00:00	13000.0	12340.00000001	12989.16764476	12351.93000029	13749052.012564	1081.69029983	12710.71027883
2185	2017-12-31 00:00:00	13380.0	12205.0	12390.0	12957.04618403	22729832.810143	1756.24696438	12942.27592767
2186	2017-12-31 04:00:00	13087.88388527	12424.77260659	12957.04609997	12831.20758689	12755762.434376	996.44744826	12801.23950003
2187	2017-12-31 08:00:00	13049.7521044	12363.3448943	12831.20758689	12913.0	10101423.255202	795.15000775	12703.79570741
2188	2017-12-31 12:00:00	13610.456372	12870.31199966	12912.0	13300.0	19663848.379347	1486.74460699	13226.11044754
2189	2017-12-31 16:00:00	14119.99999997	13300.0	13300.0	13850.9999998	17725519.600235	1280.14156633	13846.53077944
2190	2017-12-31 20:00:00	14145.0	13720.00000005	13850.99999978	13769.34198361	11265403.964168	808.94985148	13925.96085351
2191	2018-01-01 00:00:00	13799.99999984	13210.99999982	13799.99999984	13369.40498774	13287941.068822	985.49538388	13483.51426721
2192	2018-01-01 04:00:00	13891.99999996	13229.86326373	13350.00990055	13621.87701406	11051536.940542	814.86797283	13562.36508125
2193	2018-01-01 08:00:00	13760.00000008	13036.92815333	13619.99999987	13233.20361876	11246601.817817	840.62344817	13378.88187903
2194	2018-01-01 12:00:00	13300.0	12800.0	13245.00239662	13217.0	15352251.783995	1175.52644352	13059.89488252
2195	2018-01-01 16:00:00	13274.06313447	12950.85575403	13216.99999984	13220.90766079	12067639.48977	921.01106747	13102.5998666
2196	2018-01-01 20:00:00	13630.00000003	13208.67000001	13259.07182761	13351.7394064	15827091.977773	1175.00490056	13469.8093346
2197	2018-01-02 00:00:00	13923.8701209	13214.70198015	13400.71449717	13335.44332961	14468733.177299	1062.05783322	13623.3006572
2198	2018-01-02 04:00:00	13384.99999996	12875.0	13335.4433296	13350.7	11377457.272668	864.36806943	13162.74591236
2199	2018-01-02 08:00:00	13700.33815717	13325.19877047	13350.7	13524.80958873	11037593.137177	817.55932611	13500.66323589
2200	2018-01-02 12:00:00	13998.00000014	13489.32978823	13524.80958867	13735.5795016	15099840.743015	1098.45389273	13746.44929837
2201	2018-01-02 16:00:00	15325.0	13609.84896185	13735.5795016	14831.65720003	36480123.903425	2511.85548822	14523.17781596
2202	2018-01-02 20:00:00	15249.39470132	14000.67705648	14820.00000045	14738.00000001	20760326.463957	1398.88297961	14840.64554831
2203	2018-01-03 00:00:00	15280.0	14617.85128976	14731.20000023	14820.26932	17539190.623117	1176.19879862	14911.75696123
2204	2018-01-03 04:00:00	15440.725015	14820.0	14820.26932	15249.12694704	11911172.766575	784.04649964	15191.92136186
2205	2018-01-03 08:00:00	15300.56347375	14476.14012492	15274.563474	14869.99999841	22223038.517886	1497.60127688	14839.08892237
2206	2018-01-03 12:00:00	15128.87968334	14534.79675245	14869.99999841	15076.29546095	19944641.967584	1339.02485557	14894.9004827
2207	2018-01-03 16:00:00	15217.97710163	14716.95299221	15076.29546095	14761.28755651	18235765.438801	1220.93855152	14935.8584968
2208	2018-01-03 20:00:00	15150.0	14716.95299222	14761.28755651	15150.0	16182574.200721	1083.36274727	14937.35523166
2209	2018-01-04 00:00:00	15400.00000004	14924.01639412	15150.0	15091.53818126	19302541.54892	1273.15864167	15161.14403747
2210	2018-01-04 04:00:00	15078.5394849	14700.99999997	15070.36909735	14771.1500003	13370817.753376	898.29184565	14884.71460374
2211	2018-01-04 08:00:00	14848.73315724	14083.91135919	14802.7454899	14531.1042005	23497035.438022	1630.33371117	14412.4085008
2212	2018-01-04 12:00:00	14655.0	14172.69397638	14539.99999978	14449.14448982	15034740.981686	1037.87883853	14486.02710021
2213	2018-01-04 16:00:00	15064.37	14350.00000002	14479.99999996	14990.57200279	18652850.16466	1261.9674421	14780.769727
2214	2018-01-04 20:00:00	15217.39	14633.18949809	14989.99999993	15167.62803252	21327484.143722	1423.31614689	14984.36183016
2215	2018-01-05 00:00:00	15183.99999988	14772.4649684	15167.62803252	14947.13999999	14491505.808247	963.98303901	15032.9468692
2216	2018-01-05 04:00:00	15066.04335202	14779.56374999	14947.14	14948.99999555	9598285.2733634	643.09178484	14925.2182964
2217	2018-01-05 08:00:00	16270.86533577	14902.23188025	14948.99999555	16102.82321222	34855045.205758	2200.36947635	15840.5420455
2218	2018-01-05 12:00:00	16164.99999999	15757.05693544	16104.99999999	16039.99999999	18879676.973915	1180.71224188	15990.0747229
2219	2018-01-05 16:00:00	16755.70802568	16036.8317601	16039.99999999	16444.99999996	27343340.086535	1666.10696691	16411.51536461
2220	2018-01-05 20:00:00	17108.0	16276.42806814	16445.0	16924.0	21904082.459227	1304.62600869	16789.54912237
2221	2018-01-06 00:00:00	17105.53248844	16511.555	16923.99999996	16580.97069499	19100470.536767	1135.31430292	16823.9495333
2222	2018-01-06 04:00:00	16700.0	16372.00177263	16555.00000011	16513.24644196	11083542.829545	670.17624656	16538.25077572
2223	2018-01-06 08:00:00	16731.39873926	16325.00000031	16509.01999986	16535.00000003	11356048.202295	686.9261701	16531.68665948
2224	2018-01-06 12:00:00	16690.87799992	16200.0	16544.62853975	16622.00427849	12297460.896179	748.55336066	16428.30229943
2225	2018-01-06 16:00:00	17019.99999999	16534.15120071	16619.68499989	16746.92362323	11712616.634641	696.15568106	16824.70883065
2226	2018-01-06 20:00:00	17257.08719135	16700.0	16758.92362392	17158.72758957	10575087.228552	621.09289995	17026.57884094
2227	2018-01-07 00:00:00	17177.44769997	16625.0	17158.7275	16744.18719317	10859036.225331	642.62036026	16898.05816444
2228	2018-01-07 04:00:00	16796.0029971	16390.0	16744.18719313	16716.2126002	10454523.222423	629.78912374	16600.03774015
2229	2018-01-07 08:00:00	16917.71506623	16600.0	16752.36799984	16606.00000003	7517958.0298168	449.04768318	16742.00382591
2230	2018-01-07 12:00:00	16641.99999996	16300.0	16626.99999981	16480.53542395	10926677.974317	662.43358311	16494.75245958
2231	2018-01-07 16:00:00	16480.58841125	15683.8615253	16477.88437275	16102.00000001	22554029.475586	1407.40358152	16025.2750325
2232	2018-01-07 20:00:00	16490.0	15900.0	16139.99999989	16174.43357169	10623322.178229	654.74364027	16225.16283449
2233	2018-01-08 00:00:00	16277.49999996	15510.0	16170.7066618	15591.21251879	13892046.306713	874.89004686	15878.61966949
2234	2018-01-08 04:00:00	15956.84476314	15510.99999896	15639.99999906	15904.99999974	8030296.7897409	508.68138854	15786.49616568
2235	2018-01-08 08:00:00	15909.99999983	15119.0	15880.00000004	15498.99999988	17926636.464966	1165.11195057	15386.19225062
2236	2018-01-08 12:00:00	15550.00000043	13268.188	15498.99999988	14451.00000004	56510381.299093	3920.7633319	14413.10696805
2237	2018-01-08 16:00:00	15108.06163472	14400.00000001	14475.49740475	15092.94012919	19105547.232936	1291.94829444	14788.16707693
2238	2018-01-08 20:00:00	15140.01000086	14429.62019023	15092.94012917	14922.81071439	16921325.184374	1146.02165521	14765.27525238
2239	2018-01-09 00:00:00	15427.83421139	14830.92358269	14915.08478054	15242.40137408	12937643.497598	851.82746361	15188.10328416
2240	2018-01-09 04:00:00	15332.72669998	14772.45405017	15242.40137403	15100.00000007	10571170.401905	701.35513546	15072.49304586
2241	2018-01-09 08:00:00	15281.77454604	14386.00000011	15134.64579152	14796.99999998	14945173.098558	1011.09006899	14781.24803805
2242	2018-01-09 12:00:00	14890.41080408	14110.83932393	14796.99999999	14670.00000006	15463818.641896	1068.53187439	14472.02372949
2243	2018-01-09 16:00:00	15000.003002	14578.77879952	14691.97092636	14700.00000032	9701565.1599512	654.23802613	14828.80048617
2244	2018-01-09 20:00:00	14799.26273139	14170.0	14685.84805669	14388.06253537	15487272.668665	1070.2449057	14470.77447991
2245	2018-01-10 00:00:00	14483.06709873	13852.41261562	14388.06253538	14099.99999987	14859659.894358	1050.24192065	14148.79715062
2246	2018-01-10 04:00:00	14400.0	13998.99999997	14099.99999987	14105.33283076	14984645.831337	1058.25361502	14159.78704788
2247	2018-01-10 08:00:00	14100.33283028	13270.0	14088.88	13976.52284877	27419520.395772	2011.29449187	13632.77257836
2248	2018-01-10 12:00:00	15000.00000006	13500.00000028	13983.52284878	14378.03952289	24641382.501848	1747.04092606	14104.63952748
2249	2018-01-10 16:00:00	14716.60620666	14256.0	14380.05082311	14337.87243358	15053137.507834	1039.79557739	14477.01628585
2250	2018-01-10 20:00:00	14912.42039637	14185.36885654	14359.44838301	14854.0	12795668.42353	883.08565502	14489.72514816
2251	2018-01-11 00:00:00	14931.00000004	13051.48251063	14854.0	13226.71	20579714.164345	1478.31494388	13921.06211842
2252	2018-01-11 04:00:00	13626.99999993	12593.46211929	13226.70807678	13546.50468573	38840453.783675	2948.16456166	13174.45243348
2253	2018-01-11 08:00:00	13841.00020153	13095.0	13538.59641128	13449.99999998	16779115.471031	1244.16662634	13486.22854511
2254	2018-01-11 12:00:00	14300.00000099	13449.99999999	13449.99999999	13999.65346376	23634085.059954	1706.6587073	13848.16129836
2255	2018-01-11 16:00:00	14162.806	13166.0	13978.83841417	13368.05303275	16412123.021955	1195.56940223	13727.45320459
2256	2018-01-11 20:00:00	13592.97474469	12886.89475111	13353.28000174	13291.67567771	15554448.244564	1177.00612471	13215.26533975
2257	2018-01-12 00:00:00	13699.62907267	12600.0	13255.00000168	13629.99999999	16597728.894415	1256.83174898	13206.00701556
2258	2018-01-12 04:00:00	13819.90161419	13388.47887466	13629.99999999	13629.09039978	11216284.85804	821.91555275	13646.51735876
2259	2018-01-12 08:00:00	14119.63214537	13315.00000002	13615.00000003	13958.30935093	14432221.94568	1047.39789561	13779.12062471
2260	2018-01-12 12:00:00	14057.63184204	13555.0	13949.0	13580.00000007	9798843.6377327	707.08979153	13857.99053403
2261	2018-01-12 16:00:00	13800.0	13365.92346236	13580.00000007	13749.9999982	8506642.0153684	627.43289688	13557.85145737
2262	2018-01-12 20:00:00	13965.52539135	13566.79960119	13749.99999822	13812.52734302	7082976.5004165	514.5924754	13764.24421074
2263	2018-01-13 00:00:00	14247.0	13758.0	13812.52734302	14129.99999994	10966630.007244	780.75363706	14046.2105928
2264	2018-01-13 04:00:00	14373.99999996	14053.119575	14135.16740947	14348.99999992	8331549.1978644	588.14929807	14165.70456719
2265	2018-01-13 08:00:00	14349.41045705	14066.02599357	14349.41045705	14250.0	4994380.1431871	351.54322595	14207.01573665
2266	2018-01-13 12:00:00	14591.36669224	14150.0	14225.00000128	14245.00000001	9870071.5912744	686.00836328	14387.68405691
2267	2018-01-13 16:00:00	14395.58575161	14000.1	14250.0	14103.4653988	6905489.5128747	484.82068477	14243.38880291
2268	2018-01-13 20:00:00	14367.93956295	14026.99946587	14103.46539879	14204.99999789	5516520.042939	388.46117431	14200.95599705
2269	2018-01-14 00:00:00	14449.0273932	14137.2055424	14178.00000001	14229.41831351	5633788.9152559	395.22332613	14254.6973895
2270	2018-01-14 04:00:00	14262.14230691	13586.0	14229.41831351	13727.0	9284493.2877003	672.93828535	13796.94615364
2271	2018-01-14 08:00:00	13812.0	13341.0	13727.0	13440.62719937	9823802.804198	726.81944319	13516.15300917
2272	2018-01-14 12:00:00	13640.69825642	12853.99999974	13449.0	13089.0	24137531.299427	1833.72041174	13163.1469797
2273	2018-01-14 16:00:00	13468.0	12911.00000001	13088.99999942	13268.59334157	10339830.669613	782.76600312	13209.35072345
2274	2018-01-14 20:00:00	13678.92105912	13221.06249993	13268.59334157	13560.0	6419239.2961267	477.46418916	13444.44136725
2275	2018-01-15 00:00:00	13778.228	13304.02596262	13560.0	13469.2494199	6726807.7193428	496.67865003	13543.58138594
2276	2018-01-15 04:00:00	13795.9999999	13444.74170356	13469.24941984	13619.99999997	4939600.0097145	362.3280401	13632.94987699
2277	2018-01-15 08:00:00	13840.0	13486.50495695	13603.94633497	13760.67701812	9849253.7789878	721.34078779	13654.09241471
2278	2018-01-15 12:00:00	14300.0	13646.11054223	13773.83942792	14051.0	12652667.509984	898.90874747	14075.5861433
2279	2018-01-15 16:00:00	14189.99999944	13749.2286	14051.0	13829.55782445	9902770.2902808	709.19152454	13963.46395524
2280	2018-01-15 20:00:00	13980.0	13448.0	13857.0680032	13580.0	9464186.1162095	691.28445798	13690.72602017
2281	2018-01-16 00:00:00	13589.88232828	12670.91000001	13580.0	12865.18820667	26146023.363561	2003.63421633	13049.29969276
2282	2018-01-16 04:00:00	13187.0	12370.00000004	12871.30377158	12394.63999999	14131274.739042	1100.11903737	12845.22334312
2283	2018-01-16 08:00:00	12541.0	10957.867	12394.63999999	12065.0	59509062.718195	5103.05618102	11661.45552924
2284	2018-01-16 12:00:00	12080.09999903	11300.18870751	12070.0	12009.3931729	23470597.847298	2001.58481946	11726.00712151
2285	2018-01-16 16:00:00	12000.76139449	10805.0	12000.76139449	11303.33367175	22454583.572502	1990.51219165	11280.80685297
2286	2018-01-16 20:00:00	11432.0000002	10000.0	11303.3336717	11102.69798098	52491698.372198	4908.32770265	10694.41601135
2287	2018-01-17 00:00:00	11600.12523891	10222.05094739	11041.42197477	10728.90354723	26331960.966392	2416.52136878	10896.63898965
2288	2018-01-17 04:00:00	11265.25391399	10344.65111115	10712.72492707	10870.0	16105571.498207	1480.81674733	10876.1408373
2289	2018-01-17 08:00:00	10910.62189603	9693.03240362	10864.00000144	9959.99999986	26125096.334004	2571.28399269	10160.33095071
2290	2018-01-17 12:00:00	10466.4051331	9150.28999997	9959.99999985	9506.99999983	34820982.996757	3596.11534334	9682.94386364
2291	2018-01-17 16:00:00	10658.08592971	9477.5761813	9506.99999983	10469.99999995	22995289.746915	2294.16932152	10023.36206452
2292	2018-01-17 20:00:00	11800.0	10350.0	10468.953	11036.11532467	44292925.298025	3994.88028253	11087.42244209
2293	2018-01-18 00:00:00	11691.52084378	10745.0	11088.99122314	11206.8146255	26154152.880636	2310.71168476	11318.65695453
2294	2018-01-18 04:00:00	11457.73130358	10400.0	11199.99999997	10527.13681162	18062048.075248	1653.26295325	10925.09091777
2295	2018-01-18 08:00:00	11600.0	10500.74199759	10527.13681162	11456.00000001	12205933.976621	1088.93062059	11209.10161384
2296	2018-01-18 12:00:00	11900.0	11350.0	11456.0	11784.48320674	24259107.304684	2075.63346589	11687.56801398
2297	2018-01-18 16:00:00	11784.48320673	11075.60041772	11758.00000006	11642.047888	16134465.268968	1413.77686118	11412.31386083
2298	2018-01-18 20:00:00	11805.99999995	10756.10499263	11642.047888	11010.00009	23008524.334461	2050.98569589	11218.27635393
2299	2018-01-19 00:00:00	11385.9999999	10641.0	11010.00009	10900.69957836	10807720.243578	985.59605686	10965.66911804
2300	2018-01-19 04:00:00	11394.29528545	10774.9481128	10900.69957819	11050.00000001	8267161.9197067	744.09948198	11110.29119078
2301	2018-01-19 08:00:00	11700.0	10933.0	11050.00000001	11525.00362706	12163103.935935	1058.28697566	11493.20006357
2302	2018-01-19 12:00:00	11750.0	11259.31279432	11579.99999984	11364.81205649	9948048.9742486	863.36000624	11522.48065968
2303	2018-01-19 16:00:00	11562.45	10965.0	11364.81205629	11123.00000001	9402183.1531732	837.75605796	11223.05600041
2304	2018-01-19 20:00:00	11420.99999998	10998.7194261	11130.00000001	11410.53924928	10058854.191894	899.61420521	11181.29764252
2305	2018-01-20 00:00:00	11749.0844665	11406.70000101	11412.12	11630.00000001	8923634.6814739	770.38548992	11583.33691149
2306	2018-01-20 04:00:00	12670.55682323	11550.0	11630.00000003	12625.23785675	22506131.024789	1832.76134291	12279.90273357
2307	2018-01-20 08:00:00	12750.0	12305.0	12625.23785673	12331.3203949	13148471.223454	1048.20969457	12543.74128723
2308	2018-01-20 12:00:00	12675.0	12270.04194486	12331.32039486	12530.99999946	10956520.013071	876.07501283	12506.37200309
2309	2018-01-20 16:00:00	13400.0	12500.0000001	12501.24999981	12730.00000012	22546919.46646	1752.92861881	12862.42875181
2310	2018-01-20 20:00:00	12950.99999996	12600.0	12730.00000035	12750.17487957	5367155.0729154	420.30992203	12769.51790001
2311	2018-01-21 00:00:00	12750.17487364	12277.718249	12748.89985765	12477.16699395	8953186.6743912	717.36424995	12480.67028014
2312	2018-01-21 04:00:00	12485.16699383	11650.0	12478.16699593	11899.86488767	18035922.725677	1496.87722265	12049.03278155
2313	2018-01-21 08:00:00	12134.95669586	11600.00000039	11899.86488769	12134.95669586	12521341.476495	1058.55021171	11828.76479356
2314	2018-01-21 12:00:00	12253.4288435	11452.43300299	12135.29526289	11500.0	14000163.138997	1183.41858958	11830.27143756
2315	2018-01-21 16:00:00	11590.73523805	11124.81886247	11495.4756121	11449.99999996	15696113.671858	1386.7653883	11318.50694016
2316	2018-01-21 20:00:00	11521.0691428	10950.0	11449.99999992	11510.0	8571170.1976456	765.23845799	11200.6526961
2317	2018-01-22 00:00:00	11690.85661551	11205.00100388	11510.0	11475.0754188	6683004.2549042	583.61342529	11451.08039895
2318	2018-01-22 04:00:00	11775.0	11350.000001	11475.0754188	11724.11061575	7662910.0745818	659.81111968	11613.79347213
2319	2018-01-22 08:00:00	11896.06346557	11250.00000003	11725.28302694	11276.11449592	12922863.625621	1107.84388698	11664.87785643
2320	2018-01-22 12:00:00	11356.92999999	10180.0	11256.03968144	10312.71832388	27524095.465356	2570.61436924	10707.20517037
2321	2018-01-22 16:00:00	10719.99999999	10278.01532984	10312.71832392	10576.2725284	13729836.240669	1306.48523282	10508.98693361
2322	2018-01-22 20:00:00	10878.0	9947.99999998	10562.54506	10767.0	23848925.732982	2325.0482592	10257.3895568
2323	2018-01-23 00:00:00	11000.0	10592.00000001	10767.0	10839.6583656	6579088.2836532	609.68140534	10791.02663461
2324	2018-01-23 04:00:00	10929.59999995	10113.49255818	10839.65836556	10219.87833048	9984921.3830916	959.84503358	10402.63900293
2325	2018-01-23 08:00:00	10698.9	9880.00000009	10219.87833049	10164.12413712	11930696.532758	1158.84540652	10295.33056405
2326	2018-01-23 12:00:00	10800.0	10011.86249249	10154.00000003	10772.3956258	14261508.094352	1372.92614703	10387.6731645
2327	2018-01-23 16:00:00	11400.0	10745.00499993	10750.00000007	11000.56138967	22723903.407599	2042.57144622	11125.14494885
2328	2018-01-23 20:00:00	11195.56138955	10735.40253332	11000.56138955	10807.7699848	6901251.576109	628.3332537	10983.42565107
2329	2018-01-24 00:00:00	10910.0	10501.0	10829.99999963	10769.56054323	6819237.1855377	637.31546063	10699.93999329
2330	2018-01-24 04:00:00	11095.83	10350.0	10777.40419575	10955.99990592	7674557.1640517	713.65400951	10753.89062736
2331	2018-01-24 08:00:00	11213.83574349	10749.9573746	10919.00000007	11014.40222674	7371410.9514295	671.11996061	10983.74565514
2332	2018-01-24 12:00:00	11516.79592154	10949.39597515	11046.35750942	11050.4	16791693.434313	1488.52169483	11280.78515256
2333	2018-01-24 16:00:00	11246.99999996	10879.9999993	11050.4	11232.87499977	8743098.7947905	789.77805213	11070.32383491
2334	2018-01-24 20:00:00	11402.0	11074.10432219	11211.00000013	11388.8	6017010.335865	537.19530899	11200.78719074
2335	2018-01-25 00:00:00	11722.64501562	11258.73909267	11388.7838514	11635.0	6992368.4469292	609.35341189	11475.06243583
2336	2018-01-25 04:00:00	11634.9554538	11353.40314913	11634.9554538	11422.4886464	6289019.4675088	546.33701168	11511.24550059
2337	2018-01-25 08:00:00	11439.62809058	11120.00000001	11420.0	11169.00000001	6736962.0019584	596.95517937	11285.54074875
2338	2018-01-25 12:00:00	11291.74538886	10921.00000001	11169.001	10970.0	8654454.1959946	778.87495116	11111.48096765
2339	2018-01-25 16:00:00	11304.08080745	10890.0	10969.99999999	11227.96535597	9376512.665709	847.32778492	11065.98040638
2340	2018-01-25 20:00:00	11372.0	11064.99999999	11215.67174174	11170.46487644	5946113.5401031	529.86287015	11221.98567795
2341	2018-01-26 00:00:00	11635.62260994	11145.10147804	11167.46487651	11523.37919707	6857769.3046777	598.2556809	11462.94055137
2342	2018-01-26 04:00:00	11550.0	11029.5208281	11548.02773678	11037.98999994	8172959.1442061	722.75869737	11308.00524981
2343	2018-01-26 08:00:00	11053.99999988	10293.1857382	11037.9899999	10511.21298758	23379643.15	2213.04734387	10564.45684036
2344	2018-01-26 12:00:00	11043.74041705	10370.00000004	10511.21298755	11023.52899923	16286766.285407	1523.96421433	10687.10546629
2345	2018-01-26 16:00:00	11284.37928656	10855.23751951	11023.52899923	10918.00002799	8254994.5325904	745.21676424	11077.30653511
2346	2018-01-26 20:00:00	11161.80190467	10732.4713222	10915.00000069	11079.309822	5088860.1273909	464.92421358	10945.569146
2347	2018-01-27 00:00:00	11210.49879212	10877.222835	11079.309822	11017.00000011	4870895.1719652	441.06827594	11043.4040208
2348	2018-01-27 04:00:00	11439.93	11000.20551916	11016.99999857	11226.78725316	7172849.7177187	638.92939812	11226.35730774
2349	2018-01-27 08:00:00	11360.0	10824.81809367	11221.36240129	10972.0	6134250.7394411	551.92563032	11114.27047858
2350	2018-01-27 12:00:00	11537.04268124	10904.93224935	10972.53102862	11500.41944188	7247750.3424619	644.83622523	11239.67615168
2351	2018-01-27 16:00:00	11603.0	11386.64791194	11519.99999989	11500.0	10975927.373577	955.01375137	11492.95217773
2352	2018-01-27 20:00:00	11650.0	11378.99999997	11499.99999999	11480.56138879	8530886.9150826	739.44864704	11536.82131846
2353	2018-01-28 00:00:00	11624.20678152	11425.0	11480.56138955	11539.99999985	5372191.8894721	466.32407666	11520.29706025
2354	2018-01-28 04:00:00	12200.0	11522.47970501	11539.99999984	11941.99999999	16185240.899119	1351.43527512	11976.33449199
2355	2018-01-28 08:00:00	12035.56138936	11815.3526375	11941.99999997	11990.99000075	8731202.4060759	732.19244901	11924.73702491
2356	2018-01-28 12:00:00	12074.5682561	11660.0001	11990.99000076	11766.648	8586755.5265723	725.14666147	11841.4053085
2357	2018-01-28 16:00:00	11885.0	11717.49243848	11766.64799914	11885.0	5327236.4287994	451.31316131	11803.85790951
2358	2018-01-28 20:00:00	11980.47579557	11810.999999	11872.39858574	11849.99989962	4676086.3238297	392.99025134	11898.73364004
2359	2018-01-29 00:00:00	12000.0	11440.34416666	11849.99989962	11555.84402409	10056626.248021	859.47947104	11700.83357064
2360	2018-01-29 04:00:00	11740.0	11276.99999604	11555.8440241	11304.50000003	6428561.9419034	559.18023652	11496.40406089
2361	2018-01-29 08:00:00	11492.92255743	11113.16756561	11304.50000006	11235.00000001	6443519.2349539	568.86693513	11326.93576834
2362	2018-01-29 12:00:00	11436.97993406	11193.18807577	11244.87536969	11396.99999988	4111515.2685699	363.30181732	11317.07872781
2363	2018-01-29 16:00:00	11450.0	11221.0	11396.99999973	11224.00000003	4460416.7126503	392.8591328	11353.73048568
2364	2018-01-29 20:00:00	11349.07283999	11100.0	11228.0	11227.0	4260815.4010324	379.89030738	11215.9097462
2365	2018-01-30 00:00:00	11271.32887049	10826.5108069	11235.46599465	10970.39759961	6920140.4892763	627.50559571	11028.01399156
2366	2018-01-30 04:00:00	11100.0	10910.00000001	10970.39759961	11097.26587923	3555519.9517174	322.70210693	11017.96324028
2367	2018-01-30 08:00:00	11155.31960521	10851.00000001	11096.88311996	11013.00000016	5114479.2649223	465.80459751	10979.88146158
2368	2018-01-30 12:00:00	11065.24314367	10224.42595026	11015.56138309	10322.99999938	18890329.167051	1790.12295447	10552.53166821
2369	2018-01-30 16:00:00	10495.43134942	9850.0	10322.99999932	10350.0	23094852.504671	2277.16680394	10141.9239314
2370	2018-01-30 20:00:00	10543.68019935	10026.58071741	10325.46243934	10181.53934991	9800224.8513243	955.97845433	10251.51226676
2371	2018-01-31 00:00:00	10344.18449999	9700.46388593	10184.66464945	10014.59886075	13724383.290967	1377.47751601	9963.41728373
2372	2018-01-31 04:00:00	10299.0	9791.7501656	10014.59886072	10273.99999997	5717528.8408055	567.87343023	10068.31546686
2373	2018-01-31 08:00:00	10380.0	10022.45	10269.0	10288.58148394	5249739.2223652	514.56215448	10202.34227616
2374	2018-01-31 12:00:00	10424.62688464	9879.48889988	10288.58148394	10007.00000011	9503168.2385315	938.52056793	10125.68990309
2375	2018-01-31 16:00:00	10150.0	9848.99523884	10047.9898769	10069.0	4213685.2915255	420.69025099	10016.12298266
2376	2018-01-31 20:00:00	10281.2044666	10051.021	10068.0	10261.25665107	3908384.6607494	385.00392265	10151.54503841
2377	2018-02-01 00:00:00	10367.78412393	9980.0	10261.25665108	10050.0	5286764.1129056	518.40220933	10198.18977958
2378	2018-02-01 04:00:00	10310.56138955	10009.99999994	10042.00810591	10109.24999959	3182384.9703457	311.88859966	10203.59504584
2379	2018-02-01 08:00:00	10114.30462459	9500.0	10109.24999959	9590.0	10893496.462341	1119.82366985	9727.86765955
2380	2018-02-01 12:00:00	9655.56138953	9250.0	9589.99999996	9312.53405687	9395691.403353	1000.08385476	9394.90359596
2381	2018-02-01 16:00:00	9342.13405683	8949.98181818	9312.53405687	8985.37791746	13387406.002823	1472.55467841	9091.27939295
2382	2018-02-01 20:00:00	9519.24999959	8820.0	8985.37791749	9199.57000007	15348793.80439	1661.8617923	9235.90269389
2383	2018-02-02 00:00:00	9211.44851783	8751.0	9199.57000009	8851.04393852	11338893.069692	1273.83174476	8901.40563409
2384	2018-02-02 04:00:00	8925.79999881	8510.0	8861.60642803	8685.01250185	12151746.22526	1393.06753891	8723.01298095
2385	2018-02-02 08:00:00	8685.01250181	8200.0	8660.14763383	8265.00000174	20327929.01508	2409.51216521	8436.53304954
2386	2018-02-02 12:00:00	9068.0	7966.88926862	8265.00000184	9050.00000004	37564641.525669	4371.88802368	8592.31556759
2387	2018-02-02 16:00:00	9196.60038027	8510.19943894	9050.00000007	8672.90819997	13297142.660278	1502.00394614	8852.93457081
2388	2018-02-02 20:00:00	9013.66129382	8534.00000005	8672.86819997	8872.00000009	5521548.2324629	628.25759654	8788.66927017
2389	2018-02-03 00:00:00	8928.05551244	8207.79288033	8890.977208	8340.00000004	6067190.2619423	714.98245603	8485.78900191
2390	2018-02-03 04:00:00	8800.0	8215.09645396	8342.80717482	8701.34773554	5763657.2376512	678.84234405	8490.42091756
2391	2018-02-03 08:00:00	9100.0	8625.0	8709.99999972	9099.99999999	7634428.8353033	855.1561204	8927.52639334
2392	2018-02-03 12:00:00	9474.47477864	8980.0	9100.0	9225.99999509	14720989.85044	1586.27608173	9280.21926321
2393	2018-02-03 16:00:00	9419.44291651	9091.58452944	9208.99000016	9328.02934711	10298277.993488	1111.90244347	9261.8539099
2394	2018-02-03 20:00:00	9497.134812	9025.0	9309.10564126	9216.41034089	6929951.5485495	750.44107505	9234.5045853
2395	2018-02-04 00:00:00	9237.25080828	8915.51903482	9215.56138953	9199.99999999	4921487.3505758	541.1293659	9094.84433983
2396	2018-02-04 04:00:00	9400.0	9044.99999991	9199.07999999	9193.99998894	3755932.50413	406.29540186	9244.33918507
2397	2018-02-04 08:00:00	9213.30022185	8683.26002393	9212.37889303	8702.54586755	8954629.8004765	1010.35214276	8862.88000143
2398	2018-02-04 12:00:00	8888.0	8315.0	8702.54586756	8392.95880682	11038255.819498	1284.75216441	8591.7394228
2399	2018-02-04 16:00:00	8573.50137667	8159.9	8392.95880696	8224.53228995	10638465.102176	1271.45873509	8367.13359904
2400	2018-02-04 20:00:00	8500.19872434	7900.05161	8224.53228997	8168.01000005	14381582.899419	1769.57375825	8127.14521356
2401	2018-02-05 00:00:00	8334.78456401	7812.98885227	8195.26036052	8167.0180647	10638806.60164	1322.74524335	8042.97475657
2402	2018-02-05 04:00:00	8369.99999998	7902.15870044	8167.0180647	7973.00000004	4890667.4009882	603.23235299	8107.43551261
2403	2018-02-05 08:00:00	8053.51000068	7534.66682537	7990.99999997	7550.0	22857303.432053	2933.33270508	7792.26420258
2404	2018-02-05 12:00:00	7800.00000001	7200.00000003	7550.00000013	7390.00932574	24144411.992287	3231.22209841	7472.22297228
2405	2018-02-05 16:00:00	7500.714	6666.6666666	7374.23581465	6715.1	27355047.349712	3873.73929273	7061.66452684
2406	2018-02-05 20:00:00	7465.72164917	6669.8	6715.1	6960.0	30497019.760376	4296.66042829	7097.8426779
2407	2018-02-06 00:00:00	7138.64811656	6208.6434678	6957.00000001	6376.69223703	18760533.365977	2867.57801766	6542.29222376
2408	2018-02-06 04:00:00	6666.0	6012.62120401	6376.05456772	6014.99739162	25751167.534236	4109.03004487	6266.9698817
2409	2018-02-06 08:00:00	6962.43282196	6014.30000001	6014.99739159	6549.97499967	24228051.968111	3743.00725633	6472.88404988
2410	2018-02-06 12:00:00	7470.18480755	6457.55000022	6549.97499987	7290.0	29708378.757997	4207.82700486	7060.26619527
2411	2018-02-06 16:00:00	7618.4316166	6804.31086222	7290.0	7535.60900803	28795132.459415	3993.67070167	7210.19197886
2412	2018-02-06 20:00:00	7921.69007689	7454.05577801	7535.60900801	7723.99999884	25879850.407335	3369.46148162	7680.70819283
2413	2018-02-07 00:00:00	7806.0551927	7222.0	7719.43699777	7280.74664391	12088177.946859	1612.2744618	7497.5931414
2414	2018-02-07 04:00:00	7788.0	7200.0	7280.0	7729.99999985	10366147.176637	1390.47019065	7455.13801471
2415	2018-02-07 08:00:00	8340.0	7622.5005011	7717.39476172	8291.69999706	24807519.41824	3066.8643478	8088.88708626
2416	2018-02-07 12:00:00	8640.0	8079.29771547	8291.69999677	8205.56138952	19024808.985729	2286.47402948	8320.58826841
2417	2018-02-07 16:00:00	8469.26999986	7956.0	8205.2	8169.00000039	13157846.966749	1597.10703938	8238.55048053
2418	2018-02-07 20:00:00	8270.56138936	7537.95986529	8164.3305952	7568.39928201	13455722.905609	1707.2170308	7881.67096675
2419	2018-02-08 00:00:00	8147.75571997	7568.39928203	7584.00167162	8000.3603876	8748516.2700384	1112.24549938	7865.63422815
2420	2018-02-08 04:00:00	8330.31111541	7880.97565746	8003.93258792	8330.31111537	5723843.4992556	705.59080276	8112.1288385
2421	2018-02-08 08:00:00	8615.56138955	8153.45000108	8329.99999981	8491.54548496	10412561.001041	1236.16744298	8423.26099119
2422	2018-02-08 12:00:00	8700.09999999	8217.50436098	8486.8486022	8256.30132774	15689391.215266	1852.72375285	8468.28416331
2423	2018-02-08 16:00:00	8489.57999998	8073.0	8225.0	8411.0	10293184.99245	1248.17257424	8246.60403928
2424	2018-02-08 20:00:00	8444.99166133	8134.69203651	8414.31844584	8250.0	6924768.3744557	836.64915119	8276.78886018
2425	2018-02-09 00:00:00	8254.28850196	7860.0	8254.28850196	8108.58116681	7759654.9436417	969.25993863	8005.7522594
2426	2018-02-09 04:00:00	8115.566532	7756.0	8108.58116737	8000.0	5272043.9371592	666.46195597	7910.49495013
2427	2018-02-09 08:00:00	8366.87847891	7854.72234448	8000.0	8270.9900002	7061100.1427738	862.1313322	8190.28363666
2428	2018-02-09 12:00:00	8500.0	8180.0	8278.74	8322.1710001	6951856.5950554	832.32548305	8352.32939111
2429	2018-02-09 16:00:00	8744.99999999	8322.17100022	8334.01000211	8636.0	10186231.601884	1185.48556889	8592.45516706
2430	2018-02-09 20:00:00	8738.5	8460.0	8636.0	8682.31340707	5615307.3962227	654.06489658	8585.24502015
2431	2018-02-10 00:00:00	9010.0	8609.16257128	8682.31340707	8910.33983796	10285756.76974	1159.08571941	8874.02596503
2432	2018-02-10 04:00:00	9069.99999984	8770.77427322	8910.33983796	8950.39081413	6369928.3739651	714.14764111	8919.62390867
2433	2018-02-10 08:00:00	8944.89439989	8495.0	8943.99999998	8648.06603385	11839165.903605	1364.06094177	8679.35261619
2434	2018-02-10 12:00:00	8780.0	8276.16430742	8648.06603378	8320.40799313	9571638.7021481	1122.26336698	8528.87030243
2435	2018-02-10 16:00:00	8477.03998997	8222.0	8320.40799313	8435.0	8359024.9953175	1001.59089282	8345.74780505
2436	2018-02-10 20:00:00	8589.4576342	8144.47445801	8435.0	8560.42138972	6644620.6579315	796.67071611	8340.48562795
2437	2018-02-11 00:00:00	8560.42138972	8000.0	8544.23896512	8023.0	6218730.9631916	759.32735877	8189.78914873
2438	2018-02-11 04:00:00	8151.0	7870.4999999	8023.0	7886.25930541	6585996.6548863	822.02108151	8011.95590116
2439	2018-02-11 08:00:00	8198.0	7805.0	7886.25930541	8186.00855152	7283698.7827833	912.17468173	7984.98240377
2440	2018-02-11 12:00:00	8460.56138951	8140.00000003	8185.8513372	8439.40181157	6625071.9883651	796.54497568	8317.26040668
2441	2018-02-11 16:00:00	8495.56138955	8166.27368421	8439.40181156	8308.72103143	5564961.2726587	670.33299896	8301.78624846
2442	2018-02-11 20:00:00	8350.0	8022.47000022	8308.72103141	8070.0	4493861.0158021	548.919358	8186.74173229
2443	2018-02-12 00:00:00	8570.0	8070.0	8070.0	8488.58702677	4456586.1490848	533.91186322	8347.04462681
2444	2018-02-12 04:00:00	8554.56138952	8320.0	8488.58702523	8490.60000008	4117549.7242779	487.22223375	8451.07106994
2445	2018-02-12 08:00:00	8845.0	8483.35890798	8490.60000008	8645.0	8187853.5941272	936.55524008	8742.52072245
2446	2018-02-12 12:00:00	8794.99999999	8520.0	8645.0	8650.67400002	5411203.4721066	625.63252236	8649.17228358
2447	2018-02-12 16:00:00	8800.0	8625.0	8650.67400002	8795.99999988	4460593.8188562	511.85551969	8714.55644662
2448	2018-02-12 20:00:00	9000.0	8739.00000002	8795.99999999	8910.0	6492497.631921	731.05850357	8880.95494439
2449	2018-02-13 00:00:00	8943.49999999	8655.62205181	8889.00000164	8758.51709954	4280192.8953934	487.32795092	8782.982563
2450	2018-02-13 04:00:00	8771.83290089	8493.48947986	8758.52000003	8650.01999991	7923378.0233042	919.5450822	8616.62813132
2451	2018-02-13 08:00:00	8649.99999973	8355.0	8641.47272086	8505.0	7246210.6246646	856.03005649	8464.90210212
2452	2018-02-13 12:00:00	8665.67403774	8450.0	8515.34002122	8479.00000056	5060537.4721821	590.64377994	8567.83334397
2453	2018-02-13 16:00:00	8666.0	8479.0	8479.00000054	8623.5499924	3324797.202172	386.99678381	8591.27863916
2454	2018-02-13 20:00:00	8731.63377639	8474.7	8600.00000678	8500.61835334	3458635.4595511	401.76951399	8608.50646731
2455	2018-02-14 00:00:00	8731.63377639	8500.6183543	8523.09999763	8683.75874997	3191107.8124485	369.27778944	8641.48319693
2456	2018-02-14 04:00:00	8900.0	8688.91471829	8700.0	8890.4600001	5000080.1616806	566.83073249	8821.11691389
2457	2018-02-14 08:00:00	8935.5	8744.72212959	8891.3490461	8935.49999999	4845113.1590404	548.65022471	8830.96905975
2458	2018-02-14 12:00:00	9300.0	8935.49999998	8935.49999999	9296.17083893	12877902.059655	1404.04075323	9172.02868223
2459	2018-02-14 16:00:00	9361.63999984	9159.53236837	9296.51	9228.69684699	6469028.7411477	697.50306288	9274.55245061
2460	2018-02-14 20:00:00	9485.88887924	9183.00000003	9228.69684847	9469.99998292	4880519.0121451	522.55547743	9339.7145814
2461	2018-02-15 00:00:00	9710.90912528	9319.84000301	9456.2142096	9659.20997262	6022179.8433739	632.16986472	9526.20518543
2462	2018-02-15 04:00:00	9844.0	9619.37333673	9659.20997262	9809.00000067	5846414.7554386	602.50385206	9703.53091594
2463	2018-02-15 08:00:00	9940.1302436	9430.56163723	9822.0	9591.99999561	14535826.088338	1504.80516881	9659.60669834
2464	2018-02-15 12:00:00	9880.0018885	9574.00000024	9591.99999558	9815.0000011	5595461.3180453	574.81111732	9734.43475507
2465	2018-02-15 16:00:00	10198.5	9767.24972163	9824.10123441	10083.64335627	11254916.880978	1124.90986392	10005.17218486
2466	2018-02-15 20:00:00	10142.10319613	9833.49015724	10083.64335631	10004.0	8350100.4501369	835.90972925	9989.23706466
2467	2018-02-16 00:00:00	10279.99999999	9985.00000004	10010.0	10070.34209788	4798938.0212253	472.19775461	10162.98356858
2468	2018-02-16 04:00:00	10144.0	9732.6706464	10070.34209788	9744.99999815	6877751.3423513	691.40865914	9947.44750652
2469	2018-02-16 08:00:00	9990.00000001	9674.52416058	9732.6706464	9799.17640057	6480025.5542501	659.35857846	9827.77166467
2470	2018-02-16 12:00:00	10128.56138951	9749.00000005	9799.31	10040.75000008	4425426.6307858	444.380701	9958.63821454
2471	2018-02-16 16:00:00	10150.0	9880.0	10048.74502496	10030.0	4262835.4330515	426.31456093	9999.27242398
2472	2018-02-16 20:00:00	10215.0	9950.0	10023.99999997	10161.00000514	3217257.3795581	318.33572867	10106.49163698
2473	2018-02-17 00:00:00	10510.04	10045.0	10161.00000514	10468.99999994	7125078.1571323	689.80481055	10329.12216348
2474	2018-02-17 04:00:00	10778.0	10461.1000007	10469.0	10721.6	6908162.083142	649.29237215	10639.52447226
2475	2018-02-17 08:00:00	10850.73550013	10603.0	10721.6	10675.4696286	7613856.622973	709.2475154	10735.11920401
2476	2018-02-17 12:00:00	10855.10000002	10512.0	10709.14719993	10732.5616171	6178641.6338221	577.7704064	10693.93926269
2477	2018-02-17 16:00:00	10849.0	10686.7521856	10733.58467945	10706.0042561	4353679.5793507	404.54375557	10761.94977528
2478	2018-02-17 20:00:00	11069.43999976	10652.99999949	10700.0	11049.0	9013604.3605098	827.0591465	10898.37939481
2479	2018-02-18 00:00:00	11248.0	10760.00000001	11049.0	10792.44933177	10837316.07596	980.44007	11053.52219637
2480	2018-02-18 04:00:00	10918.41993755	10381.0	10792.44933177	10573.00000149	11378544.122538	1073.81069176	10596.41537363
2481	2018-02-18 08:00:00	10580.00000019	10080.0	10576.35319988	10570.0	11029932.587817	1066.62164005	10340.99831998
2482	2018-02-18 12:00:00	10848.0	10386.9997	10560.0	10630.0	7257872.4551211	681.73277233	10646.21322269
2483	2018-02-18 16:00:00	10850.0	10444.19184469	10630.0	10846.19936004	6138702.2670352	576.21656563	10653.46370304
2484	2018-02-18 20:00:00	10849.99999996	10350.56453364	10849.99999996	10379.00000001	4587404.6355449	433.57541958	10580.40753322
2485	2018-02-19 00:00:00	10655.43141542	10289.99999911	10399.99999946	10516.77110124	4249056.3944354	406.12348868	10462.47388508
2486	2018-02-19 04:00:00	10859.9999991	10400.0	10521.22470001	10820.00000149	5793787.0187257	544.56597007	10639.27483015
2487	2018-02-19 08:00:00	11042.24559212	10719.99990113	10820.00000175	10948.32814368	5258833.6632701	483.30397698	10881.00639297
2488	2018-02-19 12:00:00	11200.0	10798.06373301	10940.00000003	11172.596265	7188843.98068	655.1830615	10972.26775707
2489	2018-02-19 16:00:00	11246.98765432	10898.7233195	11172.596265	11127.19892771	7404016.8950897	668.22753658	11080.0834892
2490	2018-02-19 20:00:00	11223.54878619	10990.00000001	11127.19892773	11155.99999985	3557839.1242862	319.75263225	11126.84858683
2491	2018-02-20 00:00:00	11500.96570378	11152.43276121	11178.99999824	11424.33067561	8518811.3489421	748.182767	11386.00315949
2492	2018-02-20 04:00:00	11646.98623218	11370.0	11424.0194964	11532.00000004	7490897.2434198	651.26019607	11502.15733837
2493	2018-02-20 08:00:00	11560.0	11200.920001	11542.61025654	11400.44327982	6862973.0732505	604.85138284	11346.54440405
2494	2018-02-20 12:00:00	11600.0	11375.84838815	11400.29100508	11510.0	7493763.8964883	652.83790666	11478.75118776
2495	2018-02-20 16:00:00	11727.43055836	11490.64310756	11500.0	11650.00000065	7132009.958583	612.49807179	11644.13454844
2496	2018-02-20 20:00:00	11777.0	11080.99999997	11650.00000104	11217.16508497	13953154.939413	1225.20945406	11388.3833439
2497	2018-02-21 00:00:00	11272.56700835	10855.0	11217.16508497	10900.00000015	13918166.302062	1261.14198867	11036.16121507
2498	2018-02-21 04:00:00	11128.27176429	10659.11000006	10900.00000022	11101.91909641	10482762.093945	965.25698552	10860.07379506
2499	2018-02-21 08:00:00	11184.57708647	10856.56789	11101.9190965	10928.0	7363034.197279	669.99383522	10989.70439759
2500	2018-02-21 12:00:00	11116.85613267	10370.64912734	10928.0	10568.63910051	15796162.077183	1484.27959234	10642.30900883
2501	2018-02-21 16:00:00	10655.69469504	10319.70513051	10568.63910051	10399.9999993	10186461.987488	972.95757584	10469.58494433
2502	2018-02-21 20:00:00	10549.0	10224.30217055	10399.99999927	10441.06050012	8630503.729021	835.85204485	10325.3964409
2503	2018-02-22 00:00:00	10793.3358	10229.25	10441.06050012	10711.93500154	6018744.328646	570.20517898	10555.40102145
2504	2018-02-22 04:00:00	10912.0	10540.0	10713.64280012	10622.94909948	4419782.071118	411.05711988	10752.2333451
2505	2018-02-22 08:00:00	10670.24172128	10059.0	10605.12748071	10235.21310004	11412461.063097	1114.09162328	10243.73653353
2506	2018-02-22 12:00:00	10322.27631877	9750.0	10235.21310087	9986.76929999	17201665.460536	1731.09977125	9936.8423162
2507	2018-02-22 16:00:00	10074.0	9722.22419156	9986.6385845	10019.46799996	9856609.9273539	995.14220148	9904.72508621
2508	2018-02-22 20:00:00	10149.0	9805.00000001	10019.46799996	9845.53808217	7666574.910898	768.7161745	9973.21920003
2509	2018-02-23 00:00:00	9826.55515516	9559.9702306	9826.55515516	9799.99999839	9286438.5078215	958.67934074	9686.69930933
2510	2018-02-23 04:00:00	9990.00000009	9690.99999946	9796.00990425	9877.64989834	4777693.1016808	484.68053881	9857.40651648
2511	2018-02-23 08:00:00	10248.0	9853.0	9884.99999989	10198.99999993	8558176.310151	852.03156112	10044.43579402
2512	2018-02-23 12:00:00	10405.49959884	10115.0	10198.9999998	10300.00000568	9276860.5604089	903.65067796	10265.98085595
2513	2018-02-23 16:00:00	10310.08464736	9990.00000001	10310.08464736	10028.5237977	6745626.0754819	666.06020783	10127.6521194
2514	2018-02-23 20:00:00	10213.4789575	9858.73012848	10025.03719999	10149.24000003	6337737.3696453	634.36461112	9990.68557506
2515	2018-02-24 00:00:00	10445.0	10086.4137	10148.0	10406.99999999	4229467.9472408	409.20850015	10335.72847506
2516	2018-02-24 04:00:00	10490.0	9930.00000004	10406.99999998	10105.00000135	7565748.2215114	742.50033997	10189.55522877
2517	2018-02-24 08:00:00	10136.56138955	9669.6996014	10105.00000109	9770.0	9351208.2567459	950.91284478	9833.92779693
2518	2018-02-24 12:00:00	9834.99999999	9565.0	9760.00000118	9744.42999966	7929379.4292624	815.87069795	9718.91679549
2519	2018-02-24 16:00:00	9789.00000158	9520.0	9740.43	9552.93066383	4496708.5805188	466.75399673	9634.0012341
2520	2018-02-24 20:00:00	9710.50852324	9360.00000009	9552.93066633	9700.0	8200291.4136115	860.61795782	9528.37590605
2521	2018-02-25 00:00:00	9774.0	9479.9999006	9690.61347383	9571.62392843	3867540.0496918	401.62992454	9629.61127491
2522	2018-02-25 04:00:00	9844.99999999	9551.19390053	9571.62392846	9706.664969	3555612.9607045	364.36585807	9758.35930275
2523	2018-02-25 08:00:00	9797.0	9533.77883167	9730.88360839	9648.30447181	3301408.916335	341.61352388	9664.16340558
2524	2018-02-25 12:00:00	9699.99999997	9247.71854949	9648.3044721	9412.56482792	5214864.6499405	554.08938861	9411.59451369
2525	2018-02-25 16:00:00	9512.7873783	9276.62280424	9401.71000001	9453.97444546	4885796.4244384	520.85024218	9380.42459957
2526	2018-02-25 20:00:00	9674.57489	9440.32163191	9454.81630004	9559.19777954	4171096.7658976	435.95890509	9567.63749334
2527	2018-02-26 00:00:00	9774.02725799	9525.42058808	9560.19775733	9622.99657835	2890376.5279493	299.20912691	9660.05468415
2528	2018-02-26 04:00:00	9676.32588382	9394.84238399	9612.98528808	9465.74859899	2703968.5891687	283.34986557	9542.86173289
2529	2018-02-26 08:00:00	9748.0	9358.52927553	9454.67630014	9736.49999996	6152667.5339042	648.18596409	9492.13323763
2530	2018-02-26 12:00:00	10334.0	9635.84056972	9736.49999995	10239.54	13630687.408184	1348.00404707	10111.75555281
2531	2018-02-26 16:00:00	10394.80039051	10130.0	10249.99999995	10230.77453598	7464504.3979616	730.18898475	10222.70200435
2532	2018-02-26 20:00:00	10455.0	10166.65914862	10225.65914868	10338.04883746	4602633.2201115	445.55496703	10330.11314135
2533	2018-02-27 00:00:00	10424.561389	10121.0	10330.5116	10285.08148814	5453948.167048	529.75135168	10295.29825596
2534	2018-02-27 04:00:00	10659.02150003	10226.99512669	10270.74916571	10651.0	5684413.7418924	546.15290109	10408.0995094
2535	2018-02-27 08:00:00	10780.0	10591.61660023	10651.0	10700.32929064	8619211.971775	805.77226676	10696.8337424
2536	2018-02-27 12:00:00	10879.0	10490.0	10707.98649868	10570.00000352	9390839.063878	879.46054727	10677.95376725
2537	2018-02-27 16:00:00	10757.56138942	10552.0	10587.99999982	10700.99999828	3843032.4709202	361.39827278	10633.7875977
2538	2018-02-27 20:00:00	10815.59603966	10566.0	10683.769298	10589.17434034	3861441.0096873	360.60315884	10708.28392659
2539	2018-02-28 00:00:00	10973.67405523	10566.0	10588.1532	10900.58849445	3913665.577546	362.69217223	10790.59841154
2540	2018-02-28 04:00:00	11074.0	10648.1055	10900.00000307	10745.99999739	7103552.0742778	653.69641356	10866.74475631
2541	2018-02-28 08:00:00	10795.00000001	10469.32778879	10745.99999747	10563.20350026	7390790.9960608	697.33108111	10598.68288718
2542	2018-02-28 12:00:00	10600.0	10376.69100068	10563.20350023	10505.0	6145068.2087522	586.19419763	10482.99050655
2543	2018-02-28 16:00:00	10570.00000251	10405.0	10519.3739696	10548.0	3397520.6576365	323.96845862	10487.19579711
2544	2018-02-28 20:00:00	10698.99999998	10252.00000001	10548.0	10322.06729641	5775815.0720966	550.83629751	10485.53825919
2545	2018-03-01 00:00:00	10442.09420648	10201.12439999	10322.06729641	10362.71244954	3041475.9045504	294.41985923	10330.40336512
2546	2018-03-01 04:00:00	10560.0	10328.0	10362.71244954	10536.24637096	3665131.0247254	351.14389621	10437.68968871
2547	2018-03-01 08:00:00	10750.0	10536.24637097	10536.24637097	10675.99999247	4707841.1230593	441.42181142	10665.17557869
2548	2018-03-01 12:00:00	10829.99999999	10624.39211769	10675.99999203	10732.99199692	5282105.2524549	491.83955768	10739.48845711
2549	2018-03-01 16:00:00	10960.0	10700.0000016	10732.99199692	10909.0	5324810.1494932	490.92358985	10846.51513918
2550	2018-03-01 20:00:00	11080.0	10820.00000001	10909.0	10936.78449799	5796181.6771819	528.86189771	10959.72635253
2551	2018-03-02 00:00:00	11193.00000028	10920.54500017	10934.19799973	11120.0	6247035.7292461	562.86398699	11098.65948726
2552	2018-03-02 04:00:00	11150.36276074	10900.0	11115.00000005	11099.99999934	4285299.3461465	388.05960391	11042.88955348
2553	2018-03-02 08:00:00	11173.0	10833.9945991	11099.99999923	10900.02000459	4100923.2824714	373.78576438	10971.3201338
2554	2018-03-02 12:00:00	11045.38118409	10777.00000001	10911.74547046	10846.39999996	4147569.3430554	381.37493182	10875.30667855
2555	2018-03-02 16:00:00	10947.0	10787.0	10843.81349848	10920.557013	3125890.5798256	287.72564365	10864.13619645
2556	2018-03-02 20:00:00	11140.0	10888.97470002	10927.9014265	11022.24380591	3527373.7575126	319.52863881	11039.30392796
2557	2018-03-03 00:00:00	11383.0	11014.2716	11014.2716	11328.21993917	6032490.5130121	538.23294467	11207.95479494
2558	2018-03-03 04:00:00	11418.99999704	11306.0	11329.35275729	11315.0	4666050.8070695	410.9695973	11353.76153789
2559	2018-03-03 08:00:00	11380.35129499	11240.71340001	11314.10958307	11290.0	2625953.315641	232.21304335	11308.37991595
2560	2018-03-03 12:00:00	11500.0	11290.0	11290.0	11490.18439741	3422049.5071461	299.10073602	11441.12700183
2561	2018-03-03 16:00:00	11539.43999433	11457.0	11490.18439515	11479.99000446	2460476.2630203	214.06757871	11493.92298379
2562	2018-03-03 20:00:00	11485.99999262	11255.00000001	11479.99	11441.00000065	4532457.1808392	399.35605252	11349.41401848
2563	2018-03-04 00:00:00	11461.0	11161.87799991	11460.0	11180.0	3177633.4686422	281.06278828	11305.77792986
2564	2018-03-04 04:00:00	11271.91113366	11081.0	11180.0	11164.0	2442291.825069	218.72349097	11166.11578499
2565	2018-03-04 08:00:00	11300.0	11100.0	11162.56138953	11140.0	2770139.6749052	247.49500588	11192.70938439
2566	2018-03-04 12:00:00	11262.55014795	11075.48434259	11140.0	11137.24745655	2576974.232063	231.22861493	11144.70297217
2567	2018-03-04 16:00:00	11460.2854344	11095.01979568	11137.24745654	11402.499997	3898503.1608725	345.35337014	11288.44684298
2568	2018-03-04 20:00:00	11547.36779581	11371.14694129	11401.14	11500.60520003	2782380.1236231	242.70190928	11464.18720758
2569	2018-03-05 00:00:00	11590.0	11420.81690016	11514.6079455	11568.05507226	3230001.1984952	280.8812812	11499.52458453
2570	2018-03-05 04:00:00	11625.51270569	11476.7322156	11579.99999962	11518.46068895	3467912.2621741	300.07222333	11556.92527515
2571	2018-03-05 08:00:00	11600.06974898	11417.0	11539.99999999	11507.00000001	3762037.0116628	327.79321587	11476.86050084
2572	2018-03-05 12:00:00	11571.49346107	11450.01790018	11507.0	11519.99999987	4254486.1536757	369.52580445	11513.36686759
2573	2018-03-05 16:00:00	11690.0	11480.00000006	11510.15089021	11644.09302804	4257346.6960349	367.27281453	11591.78280451
2574	2018-03-05 20:00:00	11700.0	11430.0	11661.77418745	11434.99999889	5929868.423453	510.42170831	11617.58664827
2575	2018-03-06 00:00:00	11434.99999889	11176.0	11434.99999889	11267.11070846	6990013.7570221	619.54540115	11282.4883278
2576	2018-03-06 04:00:00	11342.98988998	11229.76760005	11268.82649252	11285.0	3382512.2620173	299.7224549	11285.48164049
2577	2018-03-06 08:00:00	11309.78918099	10865.0	11285.0	10940.00000292	9227939.5651479	835.97614624	11038.52018583
2578	2018-03-06 12:00:00	11038.0	10799.99999766	10949.69999955	10970.65880063	5184043.473116	475.567112	10900.76109618
2579	2018-03-06 16:00:00	10986.58060702	10558.97250033	10970.65880005	10717.9999979	7036625.3394693	653.91727772	10760.72705098
2580	2018-03-06 20:00:00	10816.5	10582.29	10717.99999781	10734.02469622	5455132.9614893	509.65595416	10703.55975823
2581	2018-03-07 00:00:00	10893.75963244	10674.76167178	10719.57445341	10731.00000107	2759182.1502902	255.69889054	10790.74744698
2582	2018-03-07 04:00:00	10838.33107755	10430.0	10745.0	10509.0	6070838.490757	573.70794385	10581.75776688
2583	2018-03-07 08:00:00	10639.97510489	10421.0	10524.99999995	10639.97510489	4682387.7910188	444.28958767	10539.04462531
2584	2018-03-07 12:00:00	10731.7157	10524.0	10639.97510489	10674.1	4813266.2461712	452.53332895	10636.26906185
2585	2018-03-07 16:00:00	10695.01	9424.0	10678.0	9841.70855624	31136738.641184	3160.4622974	9851.95699591
2586	2018-03-07 20:00:00	10100.00000003	9699.99999999	9841.70855624	9909.60413712	7681833.5206878	774.68319243	9916.09679382
2587	2018-03-08 00:00:00	10025.56138922	9495.99720033	9909.60413712	9546.10999756	10736691.41785	1097.3492425	9784.20634199
2588	2018-03-08 04:00:00	10000.0	9512.68866332	9545.15538668	9945.0	3775976.6695829	385.95096899	9783.5657194
2589	2018-03-08 08:00:00	10109.77083479	9838.62917334	9953.53138511	9938.16439959	3102197.6582109	310.64096421	9986.44099016
2590	2018-03-08 12:00:00	9970.0242482	9668.3366611	9932.5231	9898.95142115	5307144.9717821	541.35204527	9803.50036201
2591	2018-03-08 16:00:00	9898.96142115	9070.00000001	9898.95142115	9370.10000005	15152034.272696	1624.46162856	9327.41900843
2592	2018-03-08 20:00:00	9451.12981698	9224.99999544	9370.10000005	9281.94370128	5080896.9285958	544.52741781	9330.83764455
2593	2018-03-09 00:00:00	9410.56138943	8888.0	9298.62936256	8982.00000087	10162689.066751	1123.1321125	9048.52506098
2594	2018-03-09 04:00:00	8987.07	8359.32039962	8987.06999999	8698.00000137	16290336.742588	1882.33248026	8654.33546593
2595	2018-03-09 08:00:00	8976.31717171	8389.0	8698.00000137	8957.63102953	8940466.8552822	1031.31556557	8668.99245367
2596	2018-03-09 12:00:00	9152.1596	8800.00000001	8957.63102952	8939.99999966	7783815.6929963	863.75167156	9011.63603994
2597	2018-03-09 16:00:00	9065.09874129	8621.46443445	8940.89399981	8765.37757823	6923472.2547446	789.40341541	8770.51216094
2598	2018-03-09 20:00:00	9338.00000074	8740.80080238	8766.25411775	9230.48866747	6391890.5517713	702.86712808	9094.02402874
2599	2018-03-10 00:00:00	9400.0	9096.61966224	9215.90764284	9219.82477476	5162945.9781212	557.33692914	9263.5992847
2600	2018-03-10 04:00:00	9509.99999995	9195.20627126	9235.01729878	9339.7966441	7492877.372058	795.25286906	9422.00608583
2601	2018-03-10 08:00:00	9414.55039999	9166.0	9339.7966433	9342.0	3801490.9278372	409.61679271	9280.60322597
2602	2018-03-10 12:00:00	9500.0	9200.00000001	9342.0	9348.0000012	5467141.838938	583.22228054	9374.0277444
2603	2018-03-10 16:00:00	9418.8160997	8960.35576896	9351.78892624	9090.55530984	6640384.5375037	727.91218973	9122.50767495
2604	2018-03-10 20:00:00	9104.54040084	8680.0	9090.55531003	8760.7768	5920931.359952	671.45878356	8818.0116262
2605	2018-03-11 00:00:00	8769.0	8443.78491653	8768.99999999	8600.00000004	5877042.9691517	684.30032183	8588.39720173
2606	2018-03-11 04:00:00	8832.0	8571.42857143	8611.5191999	8687.9088001	2853132.900122	327.24133281	8718.74245109
2607	2018-03-11 08:00:00	9088.0	8530.00000002	8699.72749972	9060.0	4330984.6072613	495.20426951	8745.85473898
2608	2018-03-11 12:00:00	9382.0	9018.46220459	9059.99999981	9070.37349478	7560847.0369289	823.51400976	9181.20025563
2609	2018-03-11 16:00:00	9698.54820479	9057.92450018	9058.1999	9654.99999595	9084865.043033	958.91707744	9474.08827808
2610	2018-03-11 20:00:00	9726.22913411	9422.51243784	9654.99999581	9523.53110032	5340768.5603277	558.64955535	9560.14107445
2611	2018-03-12 00:00:00	9700.0	9317.41369498	9530.0	9420.99999908	5092469.608158	533.75214648	9540.88829757
2612	2018-03-12 04:00:00	9693.36180149	9373.8949992	9426.98349775	9600.0	4130309.8092476	432.1764835	9556.9980481
2613	2018-03-12 08:00:00	9900.00000191	9502.80181123	9610.36059952	9833.85904403	5225777.16033	535.60849646	9756.71072223
2614	2018-03-12 12:00:00	9847.46371113	9112.25	9831.79296846	9170.0	11690390.140427	1234.70989692	9468.12702286
2615	2018-03-12 16:00:00	9284.53199999	8850.0	9170.0000004	8925.13621207	8592380.1434291	945.25564222	9090.00672373
2616	2018-03-12 20:00:00	9219.67199997	8777.22362708	8925.13621207	9101.30580003	5468818.4627915	606.42908776	9018.0675254
2617	2018-03-13 00:00:00	9260.0	8950.0	9127.58779987	9028.99999983	4115999.8244128	451.31436485	9120.02839923
2618	2018-03-13 04:00:00	9478.99999999	9020.09999998	9034.48490253	9208.19999986	5829262.2991245	625.88481692	9313.63430065
2619	2018-03-13 08:00:00	9374.00737442	8882.0	9192.00000004	9041.63889998	4510984.1126037	495.54360021	9103.10235202
2620	2018-03-13 12:00:00	9251.15807129	8829.32583225	9046.5311	9075.00000195	8034406.6400887	887.2863907	9055.03197648
2621	2018-03-13 16:00:00	9287.41	8966.83365826	9082.99999996	9056.87959967	4690484.5324824	513.52640585	9133.87214182
2622	2018-03-13 20:00:00	9245.00000003	8997.70033473	9051.08630013	9121.00715914	2509819.2006644	274.9696325	9127.62321368
2623	2018-03-14 00:00:00	9350.0	9119.42343126	9125.999996	9250.00000012	2336779.9189121	252.16054293	9267.03239039
2624	2018-03-14 04:00:00	9260.61528685	9035.0	9250.00000012	9069.82390214	4008192.1249083	438.77484536	9134.96333551
2625	2018-03-14 08:00:00	9129.79999663	8607.62217461	9085.93335642	8676.0	8202933.7936706	927.5165522	8843.97564034
2626	2018-03-14 12:00:00	8789.97754803	8577.0	8676.0	8734.31999989	10130568.087203	1170.38965977	8655.72247895
2627	2018-03-14 16:00:00	8731.11352456	8200.00000001	8731.11352456	8287.87242428	14065896.856212	1684.30295884	8351.16793115
2628	2018-03-14 20:00:00	8337.79647976	7935.0	8276.00999956	8187.99998872	9910513.8294869	1219.98360887	8123.48113321
2629	2018-03-15 00:00:00	8249.85216485	7750.0	8187.99998827	7869.12756012	6696997.6229107	843.7775274	7936.92342523
2630	2018-03-15 04:00:00	7967.2737306	7648.0607857	7897.47069993	7869.9999994	12753535.129195	1630.42488232	7822.21571045
2631	2018-03-15 08:00:00	8279.05484596	7801.0	7869.99999941	8248.0	8551529.452699	1050.02910999	8144.0879794
2632	2018-03-15 12:00:00	8437.0	7940.8602563	8239.89000229	8100.00000274	10222894.623316	1244.04121991	8217.48866493
2633	2018-03-15 16:00:00	8346.81321499	7960.00000001	8109.39419996	8220.0	6061876.9263973	744.47414691	8142.49487582
2634	2018-03-15 20:00:00	8370.0	8150.00000022	8218.6711	8259.8224	3382202.5354731	409.43315002	8260.69539144
2635	2018-03-16 00:00:00	8326.5999	7906.94368489	8250.0	8017.96270006	3872402.7804441	479.38305351	8077.88834438
2636	2018-03-16 04:00:00	8290.0	8012.14510007	8024.69389986	8249.00000001	5621372.7160175	684.6422542	8210.67160481
2637	2018-03-16 08:00:00	8280.0	8042.33919862	8249.0	8201.35620131	3712490.3493524	455.56056646	8149.27942117
2638	2018-03-16 12:00:00	8578.99	8143.62928027	8207.51840974	8540.15988528	8188913.2536178	971.85549253	8426.06057851
2639	2018-03-16 16:00:00	8589.58559982	8439.85361813	8542.3447	8540.0	5983714.4350302	702.25572959	8520.70575276
2640	2018-03-16 20:00:00	8572.50180394	8250.2137	8544.89739825	8258.66373104	2914592.2005014	344.93580917	8449.66548273
2641	2018-03-17 00:00:00	8318.5749	8050.0	8258.66373104	8199.99999934	5183503.5630577	634.69638583	8166.90259907
2642	2018-03-17 04:00:00	8233.00000014	8096.63857257	8199.99999935	8187.5	2435424.4802113	298.15134091	8168.41699513
2643	2018-03-17 08:00:00	8353.70899998	8150.40503588	8193.49999985	8177.5181664	3321477.1217472	402.20353025	8258.19982157
2644	2018-03-17 12:00:00	8181.70224218	7831.00388929	8181.70224218	7894.19999216	9790451.0572229	1231.55208791	7949.68491656
2645	2018-03-17 16:00:00	7978.28975762	7723.14847086	7894.2	7812.0	6236766.6645546	794.8483756	7846.48601671
2646	2018-03-17 20:00:00	8050.0	7750.18590543	7815.0	7850.0	5841863.3712944	740.63139578	7887.67989661
2647	2018-03-18 00:00:00	7879.29639891	7540.0	7852.75469967	7660.2399	8843695.0147918	1155.06415345	7656.45352976
2648	2018-03-18 04:00:00	7760.0	7530.0	7658.13367272	7667.99233033	3020117.8148836	394.19174456	7661.5450642
2649	2018-03-18 08:00:00	7815.0972	7537.49884148	7667.99233032	7781.1494513	5245622.1421718	679.81004677	7716.30570494
2650	2018-03-18 12:00:00	7817.80861244	7321.0	7766.34909732	7371.08368857	11471716.006356	1532.72036607	7484.54594869
2651	2018-03-18 16:00:00	7566.11480152	7326.00000001	7371.08368857	7453.74590586	8528613.1471116	1146.49322192	7438.86922665
2652	2018-03-18 20:00:00	8325.94657268	7453.74590764	7453.74590764	8200.0	12160463.503472	1518.75451919	8006.86572439
2653	2018-03-19 00:00:00	8450.0	8102.0	8208.6373	8177.99999	5447182.9343618	657.48616725	8284.86317384
2654	2018-03-19 04:00:00	8365.85076632	8160.51411553	8172.8757	8303.9303999	3493104.6845442	421.70534229	8283.28298042
2655	2018-03-19 08:00:00	8403.61269999	8100.99999999	8300.33809999	8338.68419118	4630243.4283887	562.50880087	8231.41508404
2656	2018-03-19 12:00:00	8698.0	8226.80642883	8338.6841904	8555.57620025	7677191.2272397	900.94174851	8521.29589947
2657	2018-03-19 16:00:00	8623.99999999	8250.0	8556.43310002	8374.00000299	4976980.1696848	593.34569394	8387.99408256
2658	2018-03-19 20:00:00	8615.27769294	8375.0	8375.45150001	8611.0	4642500.8053598	548.5781149	8462.78894338
2659	2018-03-20 00:00:00	8660.00000001	8407.92178284	8609.4422	8598.4504001	4437113.433547	520.90628164	8518.06474588
2660	2018-03-20 04:00:00	8600.50192285	8365.0	8590.00000002	8376.09000026	3345083.8369963	394.51320395	8479.01617361
2661	2018-03-20 08:00:00	8560.0	8306.81315698	8375.00000001	8520.0	2494529.8189202	296.39277659	8416.29761568
2662	2018-03-20 12:00:00	8600.0	8426.08224416	8520.0	8507.13509979	3171394.5105963	372.13809661	8522.09042687
2663	2018-03-20 16:00:00	8950.0	8509.74460003	8514.00000021	8948.99999574	12430628.23605	1410.27983077	8814.29909499
2664	2018-03-20 20:00:00	9039.68000007	8828.90681121	8948.99999926	8886.88859654	5217329.5325395	583.30690577	8944.39870491
2665	2018-03-21 00:00:00	9076.0	8858.99999869	8885.99999656	9033.53810001	2262125.6389895	252.53425117	8957.6983261
2666	2018-03-21 04:00:00	9152.87339	8900.0	9043.99999887	8930.0	7189650.3081988	792.55836423	9071.44588043
2667	2018-03-21 08:00:00	9130.12197755	8891.75	8930.00899146	9070.14810468	2277734.8657574	252.80918436	9009.6998316
2668	2018-03-21 12:00:00	9176.43934596	8988.59952602	9087.42812888	9037.89999998	4788593.3497294	527.60376564	9076.11670269
2669	2018-03-21 16:00:00	9049.99999999	8759.87579422	9047.33047102	8850.00000001	7812979.5274087	880.93677728	8868.94466085
2670	2018-03-21 20:00:00	8964.0	8795.21471913	8855.0	8905.70096672	2561337.9353542	288.33665533	8883.15060886
2671	2018-03-22 00:00:00	9106.26756362	8871.30602806	8896.0	9026.25795261	2517370.5340633	279.17149466	9017.29074141
2672	2018-03-22 04:00:00	9048.17500947	8911.0	9012.36439174	8944.17756968	2071841.7405881	230.74642701	8978.86813431
2673	2018-03-22 08:00:00	9011.71026784	8622.0	8956.08996717	8629.00000193	6115805.1243278	700.13976048	8735.12042814
2674	2018-03-22 12:00:00	8765.47081128	8480.11254304	8629.00000209	8600.00000001	8424736.3376498	981.65774212	8582.15238995
2675	2018-03-22 16:00:00	8692.27432053	8558.0	8600.00000001	8603.98826703	2992699.7257565	346.63454342	8633.58768641
2676	2018-03-22 20:00:00	8777.16584992	8530.47483992	8600.0	8712.00720381	3725980.5433876	428.78544895	8689.61517353
2677	2018-03-23 00:00:00	8715.70817212	8331.70267231	8700.0	8396.24763159	4334472.1576278	511.94275473	8466.71257202
2678	2018-03-23 04:00:00	8465.0	8340.0	8405.11135499	8390.05786309	2777597.6624401	330.83757939	8395.65344288
2679	2018-03-23 08:00:00	8535.80539744	8386.57833339	8386.57833339	8501.49302124	3352524.2388148	395.76252683	8471.05021707
2680	2018-03-23 12:00:00	8685.13340324	8270.0	8505.09382795	8629.91099185	7876278.780861	935.26620098	8421.42993364
2681	2018-03-23 16:00:00	8720.99999998	8557.0	8629.91099185	8629.86766108	2677363.9642718	310.11046725	8633.58140734
2682	2018-03-23 20:00:00	8907.7	8560.64076465	8629.86766107	8907.7	2212539.2947185	253.59897404	8724.55932873
2683	2018-03-24 00:00:00	8969.18861378	8815.10000001	8908.42081826	8897.95665788	2933969.0998302	329.81617457	8895.77081431
2684	2018-03-24 04:00:00	8966.0	8839.88115632	8897.8900637	8922.39764973	3156805.9835181	354.32688007	8909.30426417
2685	2018-03-24 08:00:00	8925.60709104	8700.85266003	8921.42656119	8710.13686534	2749419.7317683	312.62331383	8794.67272637
2686	2018-03-24 12:00:00	9000.0	8662.79383699	8710.13686534	8940.0	4619390.2958007	518.8675538	8902.83129474
2687	2018-03-24 16:00:00	8949.79134905	8855.15000001	8949.79134905	8890.98732875	1657153.5072621	186.0947802	8904.88978509
2688	2018-03-24 20:00:00	8965.00000001	8510.0	8893.93360102	8533.31390908	5199701.9113758	598.36544024	8689.84329925
2689	2018-03-25 00:00:00	8600.0	8400.0	8533.31390907	8550.0	2904486.3551808	341.47208836	8505.77969382
2690	2018-03-25 04:00:00	8585.936371	8330.0	8550.0	8472.0	5808131.815367	686.01645238	8466.46140222
2691	2018-03-25 08:00:00	8578.99999967	8380.416	8472.0	8420.7601	1673003.9433153	197.1643974	8485.32476135
2692	2018-03-25 12:00:00	8640.0	8373.24158366	8405.79195704	8481.3680498	2307110.0405065	270.77269564	8520.46782284
2693	2018-03-25 16:00:00	8660.99248761	8475.0	8475.0	8606.90744514	1947218.4116465	226.79252547	8585.90206009
2694	2018-03-25 20:00:00	8645.17634503	8390.00000001	8606.90744514	8454.81444718	2650860.6279642	312.45908826	8483.86469641
2695	2018-03-26 00:00:00	8497.96079172	8346.082635	8459.4316022	8421.46020274	2341513.209032	278.40070718	8410.58642684
2696	2018-03-26 04:00:00	8484.05458844	8383.56506051	8430.29878193	8418.14258792	1009913.8750636	119.81440489	8428.9854462
2697	2018-03-26 08:00:00	8419.0	8056.0	8412.0	8093.69006735	8419008.625984	1026.34101152	8202.93502012
2698	2018-03-26 12:00:00	8170.99999999	8020.0	8093.90606518	8064.09271449	3042513.4467049	375.96102354	8092.62997014
2699	2018-03-26 16:00:00	8111.83233177	7840.0	8071.33314835	7925.25681947	5733982.848709	721.01552631	7952.64822944
2700	2018-03-26 20:00:00	8260.0	7850.75932228	7925.25681947	8116.52304613	5887174.3162946	730.22374972	8062.1512496
2701	2018-03-27 00:00:00	8200.0	7814.99999983	8141.49178806	7844.32319412	3982685.3110456	498.76336729	7985.11994312
2702	2018-03-27 04:00:00	8034.80195047	7739.0	7844.344331	7927.59458409	4336147.1374967	552.2946399	7851.14832597
2703	2018-03-27 08:00:00	8052.0	7827.5945842	7927.5945842	7917.23596779	3060587.4802087	385.86081762	7931.84314252
2704	2018-03-27 12:00:00	8145.0	7870.07740442	7917.25775236	8050.00000003	4477453.0370419	556.61549291	8044.06829144
2705	2018-03-27 16:00:00	8125.85402533	7828.0	8064.97780413	7884.84153994	3104590.135796	390.02987674	7959.87774512
2706	2018-03-27 20:00:00	8029.542723	7758.30000001	7889.08639083	7782.71671273	2632360.6448394	332.75190312	7910.88080986
2707	2018-03-28 00:00:00	7875.24085982	7731.0	7782.71671273	7860.0	2500289.5360835	320.65426119	7797.4623721
2708	2018-03-28 04:00:00	7944.77787617	7814.4707506	7860.0	7873.14225195	1571205.915924	199.26056577	7885.18244868
2709	2018-03-28 08:00:00	8100.1	7850.40533216	7870.65375846	8047.97963287	3213023.4022237	401.44286592	8003.68788435
2710	2018-03-28 12:00:00	8053.04355674	7835.58343662	8048.00000001	7859.88142359	3704260.3191998	466.21637796	7945.36720354
2711	2018-03-28 16:00:00	7954.7384641	7859.88142308	7859.88142308	7901.48123529	1192007.2842843	150.78517198	7905.33491212
2712	2018-03-28 20:00:00	8004.77583242	7839.55287239	7910.05830931	7943.58381606	1668922.2482613	210.10798011	7943.16449754
2713	2018-03-29 00:00:00	7966.5132066	7844.0	7943.54212629	7857.38542852	778232.3772557	98.52645884	7898.71458304
2714	2018-03-29 04:00:00	7868.37689899	7500.0	7857.38543082	7517.52190355	8408282.3645616	1103.05255163	7622.73959852
2715	2018-03-29 08:00:00	7576.64710075	7440.0	7535.0216202	7461.23376245	3107535.2774509	414.77231113	7492.14736389
2716	2018-03-29 12:00:00	7560.19123121	7340.0	7465.47569037	7468.0	5470930.9489125	736.491994	7428.36445403
2717	2018-03-29 16:00:00	7563.5716031	7338.90260003	7459.60183188	7338.90260003	2741468.1473708	368.03701995	7448.89236344
2718	2018-03-29 20:00:00	7367.77793899	6900.1	7338.90260003	7080.40276816	13983083.787267	1956.9453211	7145.36253849
2719	2018-03-30 00:00:00	7159.281016	6687.54447997	7088.52145285	6855.31536371	9664115.6332263	1412.98915911	6839.48321253
2720	2018-03-30 04:00:00	7256.13228633	6625.678745	6858.68029944	7224.35947632	8281548.4456383	1185.95867001	6982.99920145
2721	2018-03-30 08:00:00	7269.21615741	6875.51469881	7221.85085271	7015.0	4599163.7025425	648.48001393	7092.22119995
2722	2018-03-30 12:00:00	7043.95207141	6670.0	7014.00000019	6795.59624245	4182300.9234326	611.75488745	6836.563155
2723	2018-03-30 16:00:00	6882.46727793	6590.53296207	6795.59624245	6810.0	5146257.5248857	766.39961284	6714.84880559
2724	2018-03-30 20:00:00	6950.0	6738.23600001	6811.50867646	6837.72532501	3154365.2608171	461.84114099	6829.9789275
2725	2018-03-31 00:00:00	7109.1533217	6837.72532501	6845.0	6960.5177556	2911502.959647	414.89593196	7017.42951754
2726	2018-03-31 04:00:00	7056.3413251	6790.000004	6961.252038	6813.09700402	2056297.2495911	297.1773018	6919.42903154
2727	2018-03-31 08:00:00	7150.0	6816.72070343	6817.59711759	7083.0	4304806.957327	613.23546516	7019.82713312
2728	2018-03-31 12:00:00	7230.95559729	6984.40043477	7083.0	7056.41086385	3971826.4622506	560.12049193	7091.02152032
2729	2018-03-31 16:00:00	7185.034115	6992.0	7060.35354815	7061.91107384	2761455.7359825	387.9649285	7117.79733972
2730	2018-03-31 20:00:00	7061.17327361	6850.8900923	7052.34507008	6933.87920545	2951313.1469774	426.34335549	6922.38569916
2731	2018-04-01 00:00:00	7043.14185553	6898.03721691	6920.00000001	6924.79744084	1506681.2796336	216.07383798	6972.99262936
2732	2018-04-01 04:00:00	6964.81172872	6650.0	6924.76022393	6719.2715644	3212412.4246658	475.68707944	6753.20512898
2733	2018-04-01 08:00:00	6764.66728014	6600.0	6718.98216044	6680.40762901	2665609.8482451	399.31660689	6675.42947688
2734	2018-04-01 12:00:00	6738.07043872	6441.98052002	6689.63754369	6450.34932959	5320679.0553526	815.18172689	6526.98518605
2735	2018-04-01 16:00:00	6979.69999999	6427.09999983	6450.34932959	6899.99181457	7267607.8513796	1070.22796011	6790.71013116
2736	2018-04-01 20:00:00	6951.39766507	6760.0	6903.47768127	6823.02040095	2981931.9736748	434.91581687	6856.34290133
2737	2018-04-02 00:00:00	7051.45359155	6766.01585088	6809.83130039	6987.68703633	2496897.9993172	359.39348923	6947.53264636
2738	2018-04-02 04:00:00	7107.77	6840.0	6984.70000001	7066.04238656	2834619.5092369	406.16547668	6978.97697363
2739	2018-04-02 08:00:00	7131.61946349	7014.55363205	7056.62286098	7055.38685014	2291559.8756831	324.48153592	7062.21963966
2740	2018-04-02 12:00:00	7078.73795048	6874.0656388	7054.98289507	7018.70557183	2820241.3070274	404.37069124	6974.39593947
2741	2018-04-02 16:00:00	7052.00405826	6946.0918298	7029.91220726	6985.12830039	2289131.3190061	327.22198147	6995.65264143
2742	2018-04-02 20:00:00	7062.61999999	6885.6284527	6981.63958229	7058.89414772	2076015.7310925	297.77371924	6971.78964077
2743	2018-04-03 00:00:00	7189.99999998	7005.42709637	7047.40542744	7175.0	2014586.4527525	283.78145792	7099.07711207
2744	2018-04-03 04:00:00	7428.42767765	7175.0	7180.0	7398.98226306	4725674.3181294	645.11236684	7325.35068468
2745	2018-04-03 08:00:00	7420.0	7275.0	7398.98226306	7303.99999001	3822128.0463175	519.16344346	7362.09009795
2746	2018-04-03 12:00:00	7425.76039216	7264.01641962	7314.22454259	7385.0	3780314.5658154	514.672165	7345.09231874
2747	2018-04-03 16:00:00	7505.45	7359.22124335	7383.41026325	7460.0	3107479.9910622	417.4082906	7444.70117398
2748	2018-04-03 20:00:00	7495.47162322	7364.03420889	7460.64821826	7412.27033867	2361339.031107	318.87750045	7405.16037592
2749	2018-04-04 00:00:00	7414.66693777	7251.0	7406.14599941	7285.06841801	2801926.6430626	383.41528612	7307.81151533
2750	2018-04-04 04:00:00	7379.899	7265.06841801	7268.78532843	7315.76639823	1113791.894189	152.07553526	7323.93867484
2751	2018-04-04 08:00:00	7330.33053129	7001.52	7308.754709	7054.05175378	7767057.6848145	1088.94801261	7132.62487728
2752	2018-04-04 12:00:00	7120.71075834	6777.553868	7058.45597329	6786.78	4293009.5154771	618.82642289	6937.34035374
2753	2018-04-04 16:00:00	6910.0	6732.0	6788.0772517	6859.00572438	3487884.5650093	511.10736055	6824.17205116
2754	2018-04-04 20:00:00	6912.35996111	6684.31650299	6859.00572438	6769.9450882	2885333.172509	424.11945089	6803.11446799
2755	2018-04-05 00:00:00	6830.0	6542.31393183	6777.91287792	6764.08486896	3008156.4945862	452.80674016	6643.35626612
2756	2018-04-05 04:00:00	6859.99999999	6705.7634652	6774.99955804	6786.94	2205554.2983933	324.49209957	6796.94298047
2757	2018-04-05 08:00:00	6910.00000001	6753.00000001	6786.93999999	6784.98299111	3362485.4426701	492.206836	6831.44807576
2758	2018-04-05 12:00:00	6900.0340167	6578.56255124	6784.77888625	6746.61238658	5253260.8759317	777.49019829	6756.69080778
2759	2018-04-05 16:00:00	6811.665	6644.87293534	6746.62939514	6760.10224282	1832237.0795426	272.45283693	6724.96972389
2760	2018-04-05 20:00:00	6836.0	6669.99999999	6760.10224282	6774.99999999	2830666.2183484	419.28609738	6751.15687363
2761	2018-04-06 00:00:00	6836.0	6723.01710442	6775.0	6754.49746608	916896.59704051	135.15313581	6784.13113795
2762	2018-04-06 04:00:00	6847.59216377	6510.0	6754.72435653	6625.00000002	3935497.4880024	594.98312169	6614.46912447
2763	2018-04-06 08:00:00	6661.1053764	6499.98299166	6623.0	6598.42027551	2963871.0281237	450.67959098	6576.44829595
2764	2018-04-06 12:00:00	6647.31078554	6534.1213988	6598.47348633	6579.11836675	3451561.5935237	523.52320043	6592.94868057
2765	2018-04-06 16:00:00	6630.0	6572.00000004	6579.38985292	6610.0	886577.99887286	134.39589846	6596.76380776
2766	2018-04-06 20:00:00	6624.66208038	6512.78160448	6611.72921912	6613.54563751	910901.52426538	138.16966058	6592.63054162
2767	2018-04-07 00:00:00	6880.78179418	6599.24631203	6614.99291873	6850.0	3087836.8101058	453.89831374	6802.92637499
2768	2018-04-07 04:00:00	6887.0	6822.41322512	6854.43051565	6854.37096526	2371677.3130474	345.29489974	6868.5558774
2769	2018-04-07 08:00:00	6923.47096423	6837.34111627	6854.37096526	6865.65015524	2406147.8308602	350.02705986	6874.17661886
2770	2018-04-07 12:00:00	7023.82307126	6775.0	6865.78678732	7011.0	2235645.9162334	323.98563289	6900.44770285
2771	2018-04-07 16:00:00	7062.79473838	6958.78865711	7011.00000004	6976.89226459	2197551.4472779	313.35930912	7012.88068782
2772	2018-04-07 20:00:00	7044.71618728	6852.43672808	6992.2684287	6890.0	1850554.5475488	266.8502057	6934.80652448
2773	2018-04-08 00:00:00	6975.03398766	6890.0	6890.00000001	6969.3558803	1106336.3935098	159.23420363	6947.85647988
2774	2018-04-08 04:00:00	7002.59725206	6896.85275727	6970.48422927	6936.18184036	844179.98443905	121.61392089	6941.47494185
2775	2018-04-08 08:00:00	7093.65881609	6936.18184036	6936.54	7093.65881609	1622841.8134054	231.8149093	7000.59292262
2776	2018-04-08 12:00:00	7115.54428517	7020.78744463	7093.65881609	7036.93997957	2209937.5830006	312.70782479	7067.10036592
2777	2018-04-08 16:00:00	7048.02287509	6936.20000005	7048.02287509	6989.77161409	1622561.7432224	232.09793896	6990.84942543
2778	2018-04-08 20:00:00	7050.68289465	6951.70328994	6989.77161409	7030.0	934394.62875209	133.35204369	7006.97644292
2779	2018-04-09 00:00:00	7161.0	7025.00000046	7025.00000046	7128.32453024	2221988.856149	312.67078766	7106.48050231
2780	2018-04-09 04:00:00	7158.32459467	7089.03708265	7128.36161325	7130.1098115	831558.8837638	116.76351622	7121.73554449
2781	2018-04-09 08:00:00	7184.0	6704.8702071	7139.09998799	6757.54923543	6411108.6789199	922.03241373	6953.23568179
2782	2018-04-09 12:00:00	6782.59443938	6675.63039604	6757.47916022	6723.93	2427967.8820926	360.50390353	6734.92813342
2783	2018-04-09 16:00:00	6755.0	6630.43708311	6725.0	6687.57605089	2365702.9814961	352.3135008	6714.76675212
2784	2018-04-09 20:00:00	6788.0	6618.07799362	6673.51649646	6761.53778457	1359367.7888481	203.04309936	6694.9716249
2785	2018-04-10 00:00:00	6788.0	6708.01948008	6759.51995272	6787.00000002	395604.28739702	58.58008552	6753.22140425
2786	2018-04-10 04:00:00	6808.85931069	6691.0	6788.0	6724.70603811	1085905.9947579	161.02082841	6743.88528167
2787	2018-04-10 08:00:00	6773.38759796	6658.71497418	6717.89815457	6734.78106938	717040.01048314	106.73664761	6717.84271418
2788	2018-04-10 12:00:00	6854.88130704	6724.17378724	6742.07783806	6829.1	2230074.9003632	328.49913562	6788.67813808
2789	2018-04-10 16:00:00	6870.0	6802.46528797	6831.97054816	6856.46113091	1512223.5210862	221.17260321	6837.30036694
2790	2018-04-10 20:00:00	6881.87332722	6782.16657265	6846.11700835	6834.0	1464568.5673885	214.35983942	6832.28990724
2791	2018-04-11 00:00:00	6866.01947998	6817.04294066	6835.6	6821.26095861	473039.66943243	69.19704626	6836.12516717
2792	2018-04-11 04:00:00	6898.25884115	6799.0	6825.0	6839.2401835	1162146.9317942	169.90814971	6839.85396685
2793	2018-04-11 08:00:00	6890.13973769	6809.97266681	6839.9655	6862.67210245	1145736.9143554	167.36542975	6845.72026652
2794	2018-04-11 12:00:00	6975.71334005	6842.43611634	6862.65560562	6940.0	2396514.3146003	345.69904129	6932.37188526
2795	2018-04-11 16:00:00	6945.03291048	6871.75326459	6940.0	6911.88304996	1094363.0273102	158.37690283	6909.86506084
2796	2018-04-11 20:00:00	6979.11765561	6876.45023507	6911.88304995	6966.46006249	1425627.2711523	205.73265083	6929.51393665
2797	2018-04-12 00:00:00	6971.2033525	6900.0	6963.9	6947.00000002	1416994.1029786	203.97944396	6946.74951293
2798	2018-04-12 04:00:00	6970.0	6750.0	6949.7274083	6833.80756803	2728744.6666509	398.23521695	6852.09280974
2799	2018-04-12 08:00:00	8028.0	6794.79397173	6837.0	7690.00000007	13494872.367632	1796.02150041	7513.75880775
2800	2018-04-12 12:00:00	7744.22319654	7596.05194567	7690.00000007	7634.80615602	9363114.7164774	1220.98028206	7668.52246023
2801	2018-04-12 16:00:00	7780.3697262	7565.00100011	7634.80615602	7693.7	3002782.7037832	391.47653731	7670.40273835
2802	2018-04-12 20:00:00	7985.31695097	7685.64488857	7694.59999915	7929.99999855	4353033.7053992	556.46844446	7822.60656239
2803	2018-04-13 00:00:00	7990.0	7735.89167312	7921.84468403	7828.5142009	4268782.0842528	542.03712219	7875.44230735
2804	2018-04-13 04:00:00	8179.98226307	7769.0	7828.79112119	8095.78059798	4162249.1758767	524.72800742	7932.20319292
2805	2018-04-13 08:00:00	8159.05629826	8006.47081666	8100.0	8094.0	5369307.9850745	663.0918322	8097.38217896
2806	2018-04-13 12:00:00	8230.0	8029.90598731	8094.0	8132.13999933	8837660.9349648	1085.20403176	8143.77819867
2807	2018-04-13 16:00:00	8168.08931873	8050.0	8132.13999944	8101.26163758	2201709.3282089	271.55150332	8107.88856364
2808	2018-04-13 20:00:00	8101.27874195	7801.0	8101.20905822	7875.0	5809883.1963857	735.81064694	7895.89444043
2809	2018-04-14 00:00:00	8075.01575363	7822.30000001	7874.91258045	8056.63676918	1937193.830251	242.22180156	7997.60309672
2810	2018-04-14 04:00:00	8173.0008011	7950.0	8047.73676695	8130.873334	3192111.5089221	397.58905173	8028.67054571
2811	2018-04-14 08:00:00	8169.0	7910.0	8130.87333466	7955.0	2682331.5060718	333.91901464	8032.88039455
2812	2018-04-14 12:00:00	7990.35504299	7863.18128995	7974.48835603	7960.15270161	2190709.4066014	276.17768567	7932.2462323
2813	2018-04-14 16:00:00	8063.93600307	7921.05614003	7960.20357538	8013.06772582	1811778.4568619	226.8965066	7985.04341918
2814	2018-04-14 20:00:00	8078.95	7955.88000339	8028.86305274	7995.99999982	1144677.5759847	142.31063127	8043.51414767
2815	2018-04-15 00:00:00	8262.96992491	7997.5573637	7997.5573637	8083.0	5134195.2134577	631.11505878	8135.11758597
2816	2018-04-15 04:00:00	8157.02320469	8050.0	8086.93	8071.70840094	1487433.9549768	183.37784937	8111.30657321
2817	2018-04-15 08:00:00	8404.01784022	8071.72489726	8080.32547177	8321.38330775	3865751.3981337	465.88647957	8297.62521054
2818	2018-04-15 12:00:00	8370.0	8241.20852276	8337.96700695	8280.0	3932728.5186013	472.22134173	8328.14650899
2819	2018-04-15 16:00:00	8333.59830778	8261.0	8286.84999768	8311.03093234	1723720.9016597	207.79486415	8295.30079441
2820	2018-04-15 20:00:00	8365.0	8280.0	8311.03093234	8356.0	1052315.7658277	126.48184246	8319.89592625
2821	2018-04-16 00:00:00	8404.0	8100.0	8364.99999999	8135.00000106	4136251.2049457	502.46119059	8231.98145928
2822	2018-04-16 04:00:00	8160.84999735	8010.9829916	8135.00000404	8105.01700835	3916444.4926252	484.87849316	8077.16685287
2823	2018-04-16 08:00:00	8135.99999999	8025.13700835	8117.45572422	8083.0134788	1839028.3520256	227.37407456	8088.11803009
2824	2018-04-16 12:00:00	8083.06450385	7870.0	8083.0134788	7984.60610856	4249166.8322518	534.24663739	7953.56776228
2825	2018-04-16 16:00:00	8070.24732731	7931.74442182	7979.72516707	7973.49698353	2313480.1663024	289.67475023	7986.47505336
2826	2018-04-16 20:00:00	8074.0	7940.66	7973.49698353	8060.0	994863.89983309	124.19978088	8010.19045914
2827	2018-04-17 00:00:00	8072.17368378	7960.404215	8060.0	8031.05505331	717563.65011088	89.34899572	8031.02087861
2828	2018-04-17 04:00:00	8155.0	7950.0	8024.95307688	8129.19099165	2211986.7990302	273.61002927	8084.45072328
2829	2018-04-17 08:00:00	8168.57040884	8071.0	8129.19099165	8110.08440221	2227354.7486197	273.98768059	8129.39743795
2830	2018-04-17 12:00:00	8145.0	8056.0	8110.18719455	8082.85640618	1078679.768136	133.07778391	8105.63368612
2831	2018-04-17 16:00:00	8122.5232293	7830.98999999	8082.92444628	7890.0	3777130.4643402	474.93070802	7953.0137777
2832	2018-04-17 20:00:00	7939.85015177	7831.901	7890.03401669	7891.1	2519703.2238721	319.2453022	7892.68692916
2833	2018-04-18 00:00:00	7962.19999999	7876.58310513	7893.2	7941.01768957	1245976.4277309	157.073084	7932.46300385
2834	2018-04-18 04:00:00	8177.4625048	7873.93788908	7936.07834656	8105.94181076	3884009.1019522	481.42717408	8067.69810901
2835	2018-04-18 08:00:00	8126.96576669	8072.0	8105.94181076	8103.06916437	1500874.4146774	185.36679028	8096.7815886
2836	2018-04-18 12:00:00	8130.0	7980.00000001	8103.98350369	8004.49752044	2887907.7728403	358.16711624	8063.0176303
2837	2018-04-18 16:00:00	8143.62727771	7985.0	8004.91566985	8128.99999859	2092698.5030764	258.09649491	8108.20194906
2838	2018-04-18 20:00:00	8234.0	8106.31313988	8120.0	8164.19061751	2625646.236112	320.72939725	8186.48449011
2839	2018-04-19 00:00:00	8289.0	8110.0	8167.0	8194.9347348	2470537.6621031	302.11815009	8177.38908227
2840	2018-04-19 04:00:00	8220.5	8103.87643262	8182.84486571	8170.0	1908209.3891707	233.36991089	8176.75844282
2841	2018-04-19 08:00:00	8250.0	8123.38353169	8169.0	8193.54485721	1956926.6740655	238.658633	8199.6894454
2842	2018-04-19 12:00:00	8250.8656462	8180.25847131	8193.56178895	8221.39006405	1777414.9707294	216.11316935	8224.46395134
2843	2018-04-19 16:00:00	8289.95690667	8221.39006405	8233.5	8245.0	2262154.4701964	273.85554791	8260.39307021
2844	2018-04-19 20:00:00	8296.99999997	8179.17049319	8243.63	8286.99999791	1335145.9817547	161.83046922	8250.2756631
2845	2018-04-20 00:00:00	8392.0	8270.13545063	8286.99999834	8331.26428559	3949368.4163962	473.01634412	8349.32759827
2846	2018-04-20 04:00:00	8349.98270904	8216.00000001	8331.26428559	8332.88153377	2084831.9558308	251.50389473	8289.46191099
2847	2018-04-20 08:00:00	8550.0	8288.0	8320.13557381	8518.75829872	4180741.0006376	494.65028823	8451.91259383
2848	2018-04-20 12:00:00	8569.0	8413.0	8510.0	8461.0	3282493.1496958	385.90335104	8505.99804549
2849	2018-04-20 16:00:00	8536.96279984	8445.81996613	8461.0	8525.7351	1942208.3993869	228.68061294	8493.10474734
2850	2018-04-20 20:00:00	8920.90530616	8490.0	8525.7351	8860.0	6611086.1236125	759.88901419	8700.06803646
2851	2018-04-21 00:00:00	8912.23567639	8765.97402271	8851.10000069	8870.23567639	4220386.0681155	477.54933716	8837.59172029
2852	2018-04-21 04:00:00	9019.90000059	8826.70000004	8870.23567638	8888.0	3090606.5040612	346.86834935	8910.02742064
2853	2018-04-21 08:00:00	8890.00000003	8583.08841264	8888.8888	8699.50475497	10672616.399353	1222.70323766	8728.70543777
2854	2018-04-21 12:00:00	8841.98350368	8683.94958544	8700.8738704	8830.0	2376063.7249971	271.33496949	8756.93881058
2855	2018-04-21 16:00:00	8866.8225177	8718.0207039	8832.16511004	8778.23	1497383.9264235	170.19533871	8798.03135487
2856	2018-04-21 20:00:00	8935.34877783	8720.0	8774.23250122	8931.99999846	1483248.2292375	168.4239151	8806.63668432
2857	2018-04-22 00:00:00	8931.99999991	8796.01584054	8905.20399847	8824.2950109	1000986.9841247	113.09648181	8850.73494864
2858	2018-04-22 04:00:00	8899.58964037	8791.87321402	8820.0	8863.47184274	1003391.9153651	113.42936657	8845.96243201
2859	2018-04-22 08:00:00	9011.76053216	8860.0	8860.00000414	8923.3450001	3250161.8780916	363.01789751	8953.17255811
2860	2018-04-22 12:00:00	8989.42952518	8799.84957196	8932.97929619	8949.72766957	2454823.9749292	275.99474389	8894.45914922
2861	2018-04-22 16:00:00	9027.83932177	8841.001001	8935.42883464	8876.43485133	1893561.4825762	212.2144921	8922.86602973
2862	2018-04-22 20:00:00	8918.0	8732.0000003	8880.0	8791.99999909	2220430.8953575	251.42305671	8831.45294792
2863	2018-04-23 00:00:00	8914.89999999	8756.93816833	8782.81550804	8880.37937466	1771802.9358941	199.71077853	8871.84431874
2864	2018-04-23 04:00:00	8979.26162193	8821.56088973	8858.47126055	8944.77782501	2086893.6512606	234.66416175	8893.10764667
2865	2018-04-23 08:00:00	8969.87974562	8844.33040747	8942.0	8935.08813675	1938556.5959456	217.78783065	8901.12450342
2866	2018-04-23 12:00:00	8990.0	8860.03119168	8933.0	8889.15552248	1448890.2819779	162.2775155	8928.47217628
2867	2018-04-23 16:00:00	8942.83095165	8804.11280701	8903.78903973	8859.93334723	1309212.3896376	147.34883616	8885.12202577
2868	2018-04-23 20:00:00	8955.0	8830.13330451	8859.91684358	8934.97778259	891788.03072225	99.98767519	8918.9795545
2869	2018-04-24 00:00:00	9227.83932177	8915.23330792	8942.93334776	9173.40000006	4659319.3099478	509.08230546	9152.3890341
2870	2018-04-24 04:00:00	9295.0	9172.10000044	9172.10000044	9221.92	3323102.5193654	359.65273717	9239.75317277
2871	2018-04-24 08:00:00	9350.99999984	9221.92	9222.87999693	9285.0000001	3215331.1899883	346.04051164	9291.77677708
2872	2018-04-24 12:00:00	9410.41189715	9191.6623675	9285.0000001	9330.57884105	4672069.7727206	502.35659765	9300.30538978
2873	2018-04-24 16:00:00	9467.07948446	9299.77490528	9343.0790686	9466.99023797	2815210.0146164	299.68208625	9393.98830889
2874	2018-04-24 20:00:00	9729.87993246	9411.85829652	9466.99023797	9633.63095161	6339620.5076149	663.90373944	9549.00557264
2875	2018-04-25 00:00:00	9754.97802829	9322.8082288	9635.99999999	9325.0	6830845.2122402	711.93671382	9594.73655402
2876	2018-04-25 04:00:00	9520.0	9180.0000001	9360.0000001	9400.46177861	7329558.9713278	784.11033467	9347.61174192
2877	2018-04-25 08:00:00	9448.9	9020.0	9409.315	9164.69999986	6718281.9205004	732.74433422	9168.65761596
2878	2018-04-25 12:00:00	9229.16856146	8779.90578456	9160.0	8978.8	9212465.8148186	1028.3372692	8958.603457
2879	2018-04-25 16:00:00	9089.0	8846.81106711	8978.29999998	8957.02197171	3178827.1794094	354.32218142	8971.57261413
2880	2018-04-25 20:00:00	9183.6328245	8770.10010001	8977.93335238	8860.0240739	5191450.9448662	574.27514727	9040.00629235
2881	2018-04-26 00:00:00	8905.92716567	8652.58532314	8876.89999935	8817.84426239	3158922.4365531	359.29326973	8792.04455715
2882	2018-04-26 04:00:00	8970.0	8775.00000001	8810.0	8866.83863136	3415565.7377802	385.60141285	8857.76250801
2883	2018-04-26 08:00:00	8935.29999999	8666.00000001	8866.83863136	8850.11067851	5433959.3309986	618.25395	8789.20277177
2884	2018-04-26 12:00:00	8950.0	8734.74000001	8855.0	8800.13692187	2902449.8658507	328.11632342	8845.7954045
2885	2018-04-26 16:00:00	8925.19999983	8766.65131278	8800.13692187	8870.62	1780027.1207486	200.97054899	8857.15409394
2886	2018-04-26 20:00:00	9299.0	8870.62	8870.62	9286.0	4446468.6627168	486.00032136	9149.10642502
2887	2018-04-27 00:00:00	9298.90488931	9137.49948888	9286.0	9140.00000002	3673614.3837271	397.75364253	9235.90381312
2888	2018-04-27 04:00:00	9253.0	9114.19947372	9159.79388016	9227.138	2240537.9916685	243.29347973	9209.19867706
2889	2018-04-27 08:00:00	9386.0	9217.0	9229.16033806	9300.0	2981946.9360048	320.01107824	9318.26158145
2890	2018-04-27 12:00:00	9348.54080331	9149.3	9293.37058325	9239.84651126	2670758.1210678	288.85770451	9245.93001802
2891	2018-04-27 16:00:00	9318.58608999	9080.00000001	9239.84651126	9087.0001	2868884.0740718	310.99579087	9224.83248421
2892	2018-04-27 20:00:00	9200.83492776	8920.00000004	9080.72221741	8920.01000009	3881391.1998267	429.63807146	9034.09510855
2893	2018-04-28 00:00:00	9150.0	8881.05894107	8920.00000001	9135.13432705	2390135.9021096	264.96309044	9020.63716927
2894	2018-04-28 04:00:00	9204.91	9060.39696624	9149.94	9144.80832495	949057.2532705	103.72593606	9149.6619777
2895	2018-04-28 08:00:00	9325.0	9077.85561632	9144.78405312	9212.0	3158481.3054935	341.21541987	9256.56087493
2896	2018-04-28 12:00:00	9428.99999999	9201.0	9212.0	9349.78944294	3961443.3188653	423.6620134	9350.48032055
2897	2018-04-28 16:00:00	9411.29768432	9270.0	9350.0	9390.00011004	1118281.9613121	119.52205216	9356.28146524
2898	2018-04-28 20:00:00	9430.77714092	9261.0	9382.97572886	9330.76125733	1300351.1160526	139.13436375	9346.00972042
2899	2018-04-29 00:00:00	9580.0	9341.0	9358.16229919	9484.97757702	4075461.3828236	430.07918242	9476.07219649
2900	2018-04-29 04:00:00	9518.50949021	9378.45555555	9485.02233812	9433.99	922476.34589686	97.54334474	9457.09159713
2901	2018-04-29 08:00:00	9468.99999896	9168.08572389	9433.9900046	9241.62233809	3273251.6636715	352.92577909	9274.61766072
2902	2018-04-29 12:00:00	9360.0	9210.45921449	9241.8	9343.75113639	2704546.2022176	291.439132	9279.96931523
2903	2018-04-29 16:00:00	9352.21590889	9236.82767505	9343.70646009	9318.30493	1003691.5389272	107.75659738	9314.43237194
2904	2018-04-29 20:00:00	9434.85660925	9287.0	9318.30493	9423.79999636	1363104.5144815	145.65550265	9358.41413253
2905	2018-04-30 00:00:00	9454.0	9254.0	9423.79999636	9290.93399845	1435603.0537862	153.19686005	9370.96917859
2906	2018-04-30 04:00:00	9367.96831528	9180.0	9261.00000251	9216.01014942	1448066.8567935	156.37755719	9260.06827843
2907	2018-04-30 08:00:00	9289.04394357	9101.0	9215.91014942	9265.0	1969555.2260614	214.2201767	9194.06965488
2908	2018-04-30 12:00:00	9327.16333942	9245.000001	9265.04467644	9307.0	1164209.7543541	125.36329964	9286.6872338
2909	2018-04-30 16:00:00	9364.69424225	9259.00000001	9310.0	9309.54934296	1079591.3865727	115.81844131	9321.41180939
2910	2018-04-30 20:00:00	9344.38342685	9158.54320134	9320.66914954	9218.79293079	1696000.2663683	183.47434906	9243.800428
