	date	high	low	open	close	volume	quoteVolume	weightedAverage
0	2018-12-31 23:00:00	3696.22229999	3696.22229999	3696.22229999	3696.22229999	0.0	0.0	3696.22229999
1	2019-01-01 00:00:00	3711.42000003	3674.11000001	3696.20229991	3692.00000003	65168.66722286	17.64179572	3693.99284841
2	2019-01-01 04:00:00	3725.47863624	3689.1391001	3699.11649999	3720.95255	38727.26976631	10.42985058	3713.11836821
3	2019-01-01 08:00:00	3729.42959998	3699.0	3722.22999999	3713.50132428	85876.77474012	23.14474823	3710.42164238
4	2019-01-01 12:00:00	3742.04999998	3667.99593217	3713.31051148	3685.68145793	351455.15174927	95.01431484	3698.97054292
5	2019-01-01 16:00:00	3701.77263227	3638.95819695	3685.68145785	3701.33065007	428785.29726824	116.86055024	3669.20484618
6	2019-01-01 20:00:00	3812.0	3695.0000003	3697.00000076	3795.55974532	959285.39207767	256.20356202	3744.23128435
7	2019-01-02 00:00:00	3808.70875567	3763.75791224	3796.24838735	3775.80691489	340936.36552645	90.17019847	3781.03155267
8	2019-01-02 04:00:00	3778.43204999	3751.41443611	3775.80691489	3769.37572204	509014.52999243	135.0204779	3769.90614986
9	2019-01-02 08:00:00	3800.77811493	3769.82801491	3770.5	3786.68535702	492337.93020656	130.13966727	3783.15036863
10	2019-01-02 12:00:00	3844.31279	3780.43846881	3786.76418525	3801.0	627474.24682166	164.52712839	3813.80416082
11	2019-01-02 16:00:00	3860.45133478	3799.55404081	3801.69656997	3825.57962	642405.74136717	168.14110677	3820.63466636
12	2019-01-02 20:00:00	3885.54389999	3816.47610998	3827.0	3858.89981478	745787.12674931	193.59630052	3852.27984597
13	2019-01-03 00:00:00	3861.97671467	3818.88564822	3856.00000016	3839.57501492	307379.94214045	80.11325152	3836.81770878
14	2019-01-03 04:00:00	3849.99999433	3802.01091992	3839.57501492	3827.08884033	451422.81604352	117.94191223	3827.50124623
15	2019-01-03 08:00:00	3830.67069996	3787.03957749	3827.08884033	3808.41472966	415226.69907695	109.0462513	3807.80351572
16	2019-01-03 12:00:00	3826.30666972	3786.10000001	3802.81768322	3803.99590185	341452.03846145	89.71408854	3806.00242412
17	2019-01-03 16:00:00	3803.99590185	3731.00000003	3803.99590185	3750.27578776	679510.97285787	180.70290603	3760.37656386
18	2019-01-03 20:00:00	3779.7	3750.97577997	3750.97577997	3761.85757117	72155.0707857	19.14755485	3768.3699747
19	2019-01-04 00:00:00	3781.33695432	3737.71591645	3763.83092408	3779.66020004	84574.44950067	22.53331521	3753.30699067
20	2019-01-04 04:00:00	3798.07925	3766.6758	3781.85	3780.98000019	237735.2866061	62.88164887	3780.67831995
21	2019-01-04 08:00:00	3797.28541273	3751.54765853	3783.1593	3751.64765017	196776.06115464	52.19835315	3769.77527603
22	2019-01-04 12:00:00	3763.34669502	3701.35925415	3754.09850979	3726.89999932	302696.15431484	80.94675392	3739.4477191
23	2019-01-04 16:00:00	3749.2085	3716.69620001	3724.35154963	3741.59856999	202495.67473469	54.17371439	3737.89534306
24	2019-01-04 20:00:00	3819.99291489	3735.21082	3737.32615	3794.90259	449622.15622962	118.90982207	3781.20283423
25	2019-01-05 00:00:00	3839.55900037	3789.12672848	3790.68631634	3810.88110148	352704.55425755	92.46218444	3814.58167351
26	2019-01-05 04:00:00	3831.09	3780.91030002	3815.69999991	3780.91050031	116142.46283028	30.4666034	3812.12376402
27	2019-01-05 08:00:00	3810.49247485	3774.44288772	3788.07991425	3801.89999999	113894.00202543	30.01722624	3794.28802364
28	2019-01-05 12:00:00	3808.09999981	3780.03	3801.89999999	3785.53708216	120854.74409092	31.83513798	3796.26889529
29	2019-01-05 16:00:00	3816.56749329	3776.6513	3785.0	3806.56749335	82075.36905818	21.59300097	3801.01724499
30	2019-01-05 20:00:00	3814.32	3751.49661488	3814.32	3775.80715	215355.60237754	57.06179762	3774.07672663
31	2019-01-06 00:00:00	3788.37961485	3737.04586	3772.41640967	3774.03907196	224880.50460847	59.68082748	3768.05272486
32	2019-01-06 04:00:00	3781.42440735	3762.17073227	3770.39	3765.43701274	33081.32251214	8.7608839	3776.02567158
33	2019-01-06 08:00:00	3817.0	3765.43701274	3765.43701274	3810.39984598	214477.70342598	56.47287641	3797.88877529
34	2019-01-06 12:00:00	3819.0	3785.92670891	3810.82051002	3803.01257137	215196.24046996	56.53626522	3806.33987109
35	2019-01-06 16:00:00	4024.62694568	3803.20152849	3810.47998955	4000.0	1705688.5089997	430.77207649	3959.60788103
36	2019-01-06 20:00:00	4009.6515	3960.0	4000.0	3988.0	377602.561301	94.79281011	3983.45149661
37	2019-01-07 00:00:00	4012.11000002	3969.82940019	3988.0	3990.46740046	213256.77819666	53.43190121	3991.18828578
38	2019-01-07 04:00:00	4000.0	3980.34000103	3990.46740048	3998.5	143182.09752279	35.88694684	3989.80994847
39	2019-01-07 08:00:00	4015.1716	3930.0	3996.81897536	3974.66309704	559858.30023178	141.11195745	3967.47596978
40	2019-01-07 12:00:00	3996.13214228	3957.89005867	3974.1401	3973.0308	141913.30499155	35.65261171	3980.44626143
41	2019-01-07 16:00:00	3990.0	3950.0	3974.0	3985.0	318023.87028381	79.94560193	3978.00332483
42	2019-01-07 20:00:00	3987.0	3957.89952999	3986.99999998	3974.89220995	131410.16327013	33.06003287	3974.89511843
43	2019-01-08 00:00:00	3989.9899997	3924.48348141	3977.59005694	3947.45546555	473897.53078599	120.08222459	3946.44196844
44	2019-01-08 04:00:00	3958.15180644	3933.30000005	3947.45546555	3954.0	508785.64138991	129.03088164	3943.13078329
45	2019-01-08 08:00:00	4011.98999999	3949.77084989	3949.87085942	4005.70351	330475.32809236	83.10327836	3976.68220332
46	2019-01-08 12:00:00	4074.99999998	3983.48072	4002.20000001	4000.07411	793586.47470616	197.47821955	4018.60254014
47	2019-01-08 16:00:00	4008.00999999	3952.0729	4003.95313293	3987.03702859	751713.79733394	188.93566818	3978.67594073
48	2019-01-08 20:00:00	3987.9999991	3947.94646045	3983.54842984	3954.34154414	421511.22789662	106.48870509	3958.27170158
49	2019-01-09 00:00:00	3995.91967597	3936.99524085	3954.34154413	3981.37292897	311736.35965306	78.595094	3966.35901539
50	2019-01-09 04:00:00	3997.00356442	3978.69326868	3982.67211482	3989.24441831	144149.2933645	36.12418828	3990.38152074
51	2019-01-09 08:00:00	4008.19423	3975.5695	3988.12464746	3988.00000001	187571.69231486	46.9868811	3992.00134002
52	2019-01-09 12:00:00	3988.00000001	3940.0	3988.00000001	3957.19995085	372705.62834525	94.00025166	3964.94287795
53	2019-01-09 16:00:00	3974.87233469	3956.51999	3961.39995999	3974.87233469	261044.45507544	65.80860847	3966.72200103
54	2019-01-09 20:00:00	3986.78509499	3956.73356	3974.87233469	3965.47000001	265400.47428804	66.86699227	3969.08048767
55	2019-01-10 00:00:00	3990.23708863	3963.01000014	3963.01000014	3976.21781488	177838.20313947	44.64794893	3983.12145129
56	2019-01-10 04:00:00	3992.9384568	3737.5	3977.01261566	3774.70222	1868437.1804872	490.01531265	3813.01794505
57	2019-01-10 08:00:00	3781.73315	3717.42452519	3777.61487	3737.18105	1039246.500794	277.44814251	3745.73241468
58	2019-01-10 12:00:00	3748.5	3700.44680001	3737.38105001	3722.91079423	996225.50048375	267.57859235	3723.11361583
59	2019-01-10 16:00:00	3726.05519	3528.81816107	3722.91079423	3592.33598784	1667274.9425838	465.93628274	3578.33249812
60	2019-01-10 20:00:00	3602.46218017	3576.51285	3594.451644	3586.27805144	530076.28346301	147.76102527	3587.38904588
61	2019-01-11 00:00:00	3616.53891153	3565.88488435	3586.27805144	3580.65951001	477305.07937454	132.79622952	3594.26680335
62	2019-01-11 04:00:00	3597.1796	3551.72090014	3583.56874083	3595.97191757	380722.58794839	106.48877974	3575.23664819
63	2019-01-11 08:00:00	3629.39112687	3565.75019206	3596.27191	3594.50576	568087.61145608	157.7312187	3601.61809525
64	2019-01-11 12:00:00	3614.00949859	3573.22000001	3596.72679124	3589.1025	454451.73925472	126.46289033	3593.5580633
65	2019-01-11 16:00:00	3617.24807811	3585.0	3587.0255626	3608.0	306710.96788942	85.11532721	3603.47516649
66	2019-01-11 20:00:00	3649.99999999	3511.54873196	3608.0	3600.00038064	1028610.0723397	286.53084632	3589.87552492
67	2019-01-12 00:00:00	3613.5609288	3570.3877	3593.46020005	3600.92762	304647.26347796	84.71872615	3595.98494125
68	2019-01-12 04:00:00	3599.53199	3572.0	3591.141925	3580.196777	27913.39081595	7.7921478	3582.24606776
69	2019-01-12 08:00:00	3586.2257	3566.60491338	3581.55975	3570.29972466	180004.49920803	50.35617122	3574.62640321
70	2019-01-12 12:00:00	3605.00334	3527.53061553	3570.18367369	3588.85472991	358795.75590659	100.52273371	3569.2996267
71	2019-01-12 16:00:00	3600.0	3575.0	3594.25999921	3594.03109	53463.95051759	14.88685813	3591.35218799
72	2019-01-12 20:00:00	3609.1	3565.00000001	3593.67	3582.25441006	137485.07359402	38.31020515	3588.73237707
73	2019-01-13 00:00:00	3593.04900099	3568.64308857	3579.06711515	3593.04900099	31053.54262872	8.67798718	3578.42688455
74	2019-01-13 04:00:00	3595.0	3580.18538762	3591.85981488	3585.42763995	35855.51931961	9.99860383	3586.05260586
75	2019-01-13 08:00:00	3588.25425001	3574.45000001	3583.92879374	3583.71859	80384.74695816	22.4268735	3584.30464942
76	2019-01-13 12:00:00	3609.22908069	3560.0	3586.16811065	3574.06017872	350487.104556	97.6935217	3587.61869218
77	2019-01-13 16:00:00	3575.36152987	3444.44444444	3575.36152987	3469.21176	835605.03097107	239.26673001	3492.35780058
78	2019-01-13 20:00:00	3500.0	3455.958	3469.2	3474.78631704	351486.88290107	100.94257484	3482.04792138
79	2019-01-14 00:00:00	3498.73740088	3469.0632149	3477.6020905	3492.99999999	95855.65160277	27.48675623	3487.33953183
80	2019-01-14 04:00:00	3523.13972029	3488.00000093	3488.3674	3510.88771749	249232.13592896	71.04681032	3507.99894895
81	2019-01-14 08:00:00	3532.19891726	3490.0	3514.25352717	3490.01000028	341120.09087721	97.23014972	3508.37771884
82	2019-01-14 12:00:00	3646.10305	3490.0	3495.31805688	3632.74329123	922853.02618985	257.22658921	3587.70463436
83	2019-01-14 16:00:00	3660.0	3611.74751	3630.83969784	3639.12139999	513377.42997472	141.3290579	3632.49736185
84	2019-01-14 20:00:00	3661.85	3607.07236588	3639.12139999	3628.0	216703.8637155	59.58998931	3636.58168468
85	2019-01-15 00:00:00	3642.9581	3619.00000001	3626.44379997	3627.0	135959.02136605	37.43849757	3631.52984736
86	2019-01-15 04:00:00	3627.99999997	3605.9	3627.99999997	3626.79908	56964.6864127	15.73630034	3619.95419392
87	2019-01-15 08:00:00	3627.40752987	3576.33414889	3627.40752987	3610.24125001	258712.01649681	71.84271768	3601.08894612
88	2019-01-15 12:00:00	3633.99491536	3581.86713782	3612.5498868	3599.7	470477.88601263	130.5208874	3604.61758561
89	2019-01-15 16:00:00	3607.35345	3586.81000002	3598.77917138	3597.41384	300564.62946979	83.56696256	3596.69204506
90	2019-01-15 20:00:00	3604.28903468	3515.48270535	3597.74816572	3553.90266648	803839.27934164	226.28722558	3552.29632287
91	2019-01-16 00:00:00	3571.09	3546.96113	3548.35502516	3571.09	121334.69474233	34.11882002	3556.2394793
92	2019-01-16 04:00:00	3583.1665	3554.94597404	3574.18999968	3554.94597404	321370.6828764	89.94834656	3572.83591268
93	2019-01-16 08:00:00	3600.55651587	3556.99999993	3556.99999993	3588.62838285	287102.23841544	80.02889235	3587.48234524
94	2019-01-16 12:00:00	3637.8436984	3579.20877773	3594.7031	3584.31407001	710308.51305252	197.0274678	3605.12430568
95	2019-01-16 16:00:00	3605.0	3556.11451897	3590.0	3579.27821484	299454.26943376	83.68086887	3578.52724855
96	2019-01-16 20:00:00	3606.41652099	3565.05231178	3572.04000003	3589.40221968	340794.38962571	95.02424526	3586.39406914
97	2019-01-17 00:00:00	3597.10950762	3557.04869805	3588.00212	3572.20461487	267596.18889848	74.78662225	3578.12909378
98	2019-01-17 04:00:00	3587.14567917	3569.84842	3574.7610102	3579.99711	116889.74818499	32.67321921	3577.53998569
99	2019-01-17 08:00:00	3587.9748386	3534.0778	3581.00003643	3580.48874	235324.86620021	66.00138419	3565.45349901
100	2019-01-17 12:00:00	3604.3535345	3563.10250002	3580.85185803	3597.92040798	131574.32455913	36.72295614	3582.89033316
101	2019-01-17 16:00:00	3630.0	3576.51977622	3596.45257044	3602.188548	379640.14149919	105.53797765	3597.18984532
102	2019-01-17 20:00:00	3619.40000002	3600.83641501	3602.19	3618.10803999	69224.63038482	19.16990717	3611.10931685
103	2019-01-18 00:00:00	3617.89940836	3596.97676288	3616.49999993	3602.49682389	25447.07887874	7.05150984	3608.74188027
104	2019-01-18 04:00:00	3612.99780084	3592.5017469	3601.87092331	3604.57597599	35975.36537256	9.99023933	3601.05140469
105	2019-01-18 08:00:00	3610.0	3590.56831489	3604.57597597	3591.02818005	67536.29167046	18.75215976	3601.52070667
106	2019-01-18 12:00:00	3610.0	3581.18209841	3598.29999985	3610.0	233861.24952381	65.0858025	3593.12231763
107	2019-01-18 16:00:00	3605.53599996	3565.46267219	3605.53599996	3576.70069256	80845.5872683	22.58213776	3580.06793367
108	2019-01-18 20:00:00	3603.24261587	3587.9	3587.9	3597.0	67834.70442163	18.85965122	3596.81648564
109	2019-01-19 00:00:00	3610.99900099	3595.68135099	3598.27961481	3606.39318062	74347.80628989	20.63354	3603.2501592
110	2019-01-19 04:00:00	3610.99900099	3600.0	3607.59999981	3604.70739288	46229.183268	12.82525019	3604.54436234
111	2019-01-19 08:00:00	3730.0	3600.17111489	3607.6399	3693.47	884498.41296217	239.8595054	3687.56873523
112	2019-01-19 12:00:00	3693.57	3676.69000006	3690.10000018	3684.8	92809.09745616	25.17705295	3686.25738844
113	2019-01-19 16:00:00	3694.0	3657.10789142	3684.12311021	3687.49999992	200171.69654591	54.33605324	3683.95723667
114	2019-01-19 20:00:00	3687.4	3667.07000003	3681.40955007	3669.29000018	70681.9053098	19.20592866	3680.21284266
115	2019-01-20 00:00:00	3688.8410605	3664.19189	3669.29000018	3686.24129986	88241.1964891	23.97383287	3680.72960913
116	2019-01-20 04:00:00	3686.24129986	3670.77376001	3686.24129986	3680.38024005	23281.40371765	6.32826031	3678.9579722
117	2019-01-20 08:00:00	3693.54800075	3577.40397263	3680.3737362	3584.12355619	372268.86876498	102.74303662	3623.30023534
118	2019-01-20 12:00:00	3587.0	3478.99850414	3585.0	3526.79170488	1038222.4784105	295.31648714	3515.62653499
119	2019-01-20 16:00:00	3536.25531266	3510.50174001	3526.79170486	3516.95201485	263451.56500751	74.81555704	3521.34736986
120	2019-01-20 20:00:00	3550.0	3515.00000001	3515.00000001	3535.35684802	187952.47909146	53.13791344	3537.06923971
121	2019-01-21 00:00:00	3549.35907	3525.282	3537.61154999	3534.0365148	112958.09346881	31.96773667	3533.50300131
122	2019-01-21 04:00:00	3531.87551488	3497.23183432	3531.63961387	3524.61263999	168171.17433405	47.77076295	3520.37865734
123	2019-01-21 08:00:00	3557.35900098	3516.31390672	3524.61263999	3546.33999962	381169.84976406	107.7093856	3538.87312271
124	2019-01-21 12:00:00	3564.1053034	3520.0	3546.3399996	3530.14361742	266991.96039758	75.36502044	3542.65093857
125	2019-01-21 16:00:00	3540.49904755	3527.55	3530.14361743	3530.24151001	103431.19817671	29.25173501	3535.89960189
126	2019-01-21 20:00:00	3534.93194	3486.856322	3530.34151001	3530.45259	273245.57365882	77.9513706	3505.33379407
127	2019-01-22 00:00:00	3554.74720332	3521.15259163	3525.03561	3522.27156992	121387.6699679	34.29906108	3539.09600279
128	2019-01-22 04:00:00	3533.16249999	3510.5	3525.10248651	3514.81851488	131749.31886339	37.43996775	3518.9485136
129	2019-01-22 08:00:00	3532.28521544	3428.32102543	3516.73311999	3531.21115871	847400.25437053	242.87691216	3489.01114903
130	2019-01-22 12:00:00	3587.318969	3520.75839661	3532.36686968	3577.98699368	596122.09732602	167.57927305	3557.25434581
131	2019-01-22 16:00:00	3605.0	3565.66741	3581.49541488	3579.20005999	306311.34838773	85.44627952	3584.84126059
132	2019-01-22 20:00:00	3592.56901	3562.78000005	3578.13196	3571.03742	90780.28377502	25.36317012	3579.21676768
133	2019-01-23 00:00:00	3586.24811258	3568.75291087	3570.0	3577.43851008	147909.70011717	41.30730221	3580.71556852
134	2019-01-23 04:00:00	3579.99989999	3561.24821001	3578.68727709	3561.34821002	130074.67483262	36.47082632	3566.54038192
135	2019-01-23 08:00:00	3581.27202589	3555.0	3562.65398999	3574.79547001	126810.95221784	35.53193811	3568.92865864
136	2019-01-23 12:00:00	3604.69997	3540.00000001	3575.27884999	3553.34341488	486089.52595653	136.12882682	3570.80522407
137	2019-01-23 16:00:00	3576.03631487	3528.40000001	3555.6964	3531.27673859	131783.08946981	37.02026855	3559.75509177
138	2019-01-23 20:00:00	3551.60295513	3521.37372465	3535.54	3551.08168	196882.03912781	55.64263522	3538.33060474
139	2019-01-24 00:00:00	3554.43611613	3531.06020073	3551.60295514	3535.21007999	33662.9282789	9.49642115	3544.80153598
140	2019-01-24 04:00:00	3552.36005999	3527.54509107	3536.73041998	3548.23896845	56818.23268123	16.05805751	3538.30048533
141	2019-01-24 08:00:00	3568.38462073	3536.64291488	3546.80942646	3559.08000006	114405.03529423	32.18727589	3554.35594131
142	2019-01-24 12:00:00	3571.65999998	3547.87656336	3562.67989999	3553.33771488	97958.46615609	27.48908254	3563.54076253
143	2019-01-24 16:00:00	3584.4781714	3547.87656334	3554.26135478	3574.61478023	211664.92872935	59.2985962	3569.47621517
144	2019-01-24 20:00:00	3583.00312647	3560.645057	3574.61478023	3567.63879191	179430.84552423	50.25529056	3570.38718759
145	2019-01-25 00:00:00	3579.9899999	3566.41278427	3570.42259	3568.18221488	33185.00981635	9.28180643	3575.27492806
146	2019-01-25 04:00:00	3570.833343	3549.89280595	3568.31371488	3568.12634544	277117.86410347	77.79451567	3562.17738123
147	2019-01-25 08:00:00	3568.43720019	3518.714	3564.65768243	3543.28333316	486325.20760905	137.27530774	3542.69981699
148	2019-01-25 12:00:00	3571.544462	3537.79915	3537.79915	3567.43871347	173842.99443981	48.88895528	3555.87460284
149	2019-01-25 16:00:00	3571.24170999	3545.09040507	3567.43871347	3551.81872833	206668.70073535	58.10581327	3556.76461793
150	2019-01-25 20:00:00	3569.8531494	3548.32096266	3551.81872833	3566.73243065	25161.8642017	7.06640378	3560.77362475
151	2019-01-26 00:00:00	3585.66547897	3562.06151003	3568.99	3579.63694511	132403.40954136	36.99928954	3578.5392419
152	2019-01-26 04:00:00	3651.0	3569.31041492	3579.5214718	3618.0	281565.77289344	78.00886936	3609.40717643
153	2019-01-26 08:00:00	3618.57431748	3590.74	3618.0	3592.78571276	130210.69418766	36.12115023	3604.83244189
154	2019-01-26 12:00:00	3594.23561487	3550.19694481	3590.0	3558.39445111	169456.07479923	47.49071353	3568.19390999
155	2019-01-26 16:00:00	3572.54192978	3554.73000011	3559.40544788	3567.80189001	184718.85975568	51.89130015	3559.72695272
156	2019-01-26 20:00:00	3574.42710189	3562.23000001	3568.27379897	3568.8259245	29415.50114906	8.23739894	3570.96959408
157	2019-01-27 00:00:00	3578.56406364	3539.7471496	3568.8259245	3578.56406364	197257.34830718	55.3341565	3564.83880453
158	2019-01-27 04:00:00	3575.58329999	3559.00000004	3575.58329999	3565.07914362	26153.61315354	7.33915733	3563.57167145
159	2019-01-27 08:00:00	3570.3424836	3527.0	3566.55028139	3543.50000009	161923.83651694	45.72351755	3541.36875711
160	2019-01-27 12:00:00	3566.96323993	3495.22552099	3547.18981488	3558.01395656	494094.90916265	139.43772809	3543.48077762
161	2019-01-27 16:00:00	3571.19999999	3557.60478648	3557.60478648	3566.82623346	178652.68390487	50.08432672	3567.03774623
162	2019-01-27 20:00:00	3571.19999997	3540.0	3562.91898023	3553.22422902	219598.89234711	61.83901144	3551.13846799
163	2019-01-28 00:00:00	3555.31351136	3482.0	3549.97071852	3486.17623221	388445.00641271	110.42651299	3517.67882453
164	2019-01-28 04:00:00	3493.66889706	3409.9	3482.0	3460.18782108	418446.17477842	120.99360558	3458.41561438
165	2019-01-28 08:00:00	3456.37063999	3414.1308402	3456.37063999	3422.16785022	195812.06206442	57.01363882	3434.47754111
166	2019-01-28 12:00:00	3432.45982	3382.60763366	3422.16785288	3425.17469743	528350.44079507	154.75599534	3414.08705772
167	2019-01-28 16:00:00	3434.17996	3408.13756407	3424.6179	3424.99999998	287707.91197433	84.12406401	3420.04294918
168	2019-01-28 20:00:00	3446.93999991	3424.22453	3425.40153994	3440.72161058	106867.40269673	31.11309107	3434.80506184
169	2019-01-29 00:00:00	3440.57588673	3405.12832279	3438.34332004	3409.70600432	107109.68760802	31.3275329	3419.0272164
170	2019-01-29 04:00:00	3416.26522	3353.73884922	3408.5867033	3358.35260047	343062.95218969	101.30080229000001	3386.57685264
171	2019-01-29 08:00:00	3402.3	3365.49997997	3365.49997997	3385.7787695	288768.87951131	85.35381534	3383.19825963
172	2019-01-29 12:00:00	3423.43186	3384.82234787	3387.9999986	3420.9999998	266115.62904359	78.08471793	3408.03727154
173	2019-01-29 16:00:00	3437.52531017	3405.99998	3424.75062506	3425.0	140123.22012583	40.9518046	3421.66167021
174	2019-01-29 20:00:00	3434.11924069	3405.80000003	3425.1	3408.10668048	106396.08358684	31.12821166	3417.99537824
175	2019-01-30 00:00:00	3427.47574364	3392.17466299	3414.2	3420.19737015	144883.23255999	42.48191118	3410.46879802
176	2019-01-30 04:00:00	3446.0	3420.25	3420.25	3426.07	404844.23296869	118.04788478	3429.49163149
177	2019-01-30 08:00:00	3445.804959	3422.887795	3426.07	3434.02867935	86121.88462976	25.06605043	3435.79794791
178	2019-01-30 12:00:00	3478.55287	3431.22181114	3432.95674105	3465.0	605379.20317436	174.95928304	3460.11479159
179	2019-01-30 16:00:00	3476.0	3454.98218274	3465.00000001	3457.52325	243404.56561697	70.19711375	3467.44406734
180	2019-01-30 20:00:00	3467.14999977	3446.30553217	3457.04614	3460.77990593	349720.55186733	101.07720604	3459.93489104
181	2019-01-31 00:00:00	3490.6489295	3461.45318236	3461.63627444	3464.74101959	247886.70898567	71.28847889	3477.23380896
182	2019-01-31 04:00:00	3479.58999984	3459.10513265	3464.74101927	3478.8397599	107023.39680606	30.88249357	3465.50373477
183	2019-01-31 08:00:00	3478.8397599	3423.30041	3478.8397599	3429.57502681	612058.12689655	177.76098722	3443.15215879
184	2019-01-31 12:00:00	3443.12895316	3427.49157969	3428.80058004	3437.51429616	99653.81486727	29.00068374	3436.25742622
185	2019-01-31 16:00:00	3443.1289531	3421.00000007	3437.51429616	3437.36988999	275688.97027297	80.36297978	3430.54688897
186	2019-01-31 20:00:00	3449.99999999	3429.48270641	3435.0	3430.1721432	128967.02210761	37.47032257	3441.84445881
187	2019-02-01 00:00:00	3437.83018853	3397.78294055	3430.07213999	3419.99999999	398324.20106388	116.45389449	3420.44551458
188	2019-02-01 04:00:00	3424.20376151	3412.79610878	3419.99999999	3419.0	163382.66993839	47.79891955	3418.12475002
189	2019-02-01 08:00:00	3474.21000001	3418.22376001	3419.0	3460.80859067	380363.38080338	109.9822884	3458.40577002
190	2019-02-01 12:00:00	3476.3984228	3456.0325051	3459.15244	3462.2285544	295012.1544446	85.1178117	3465.92738408
191	2019-02-01 16:00:00	3485.5382149	3454.14704938	3462.2285544	3473.72240052	125867.78366461	36.28651143	3468.72098486
192	2019-02-01 20:00:00	3485.0	3465.1448	3479.0	3468.02262987	92149.11550615	26.4753666	3480.56051114
193	2019-02-02 00:00:00	3468.1443619	3458.0941677	3466.40233668	3466.7997501	51553.66697514	14.88110589	3464.37068294
194	2019-02-02 04:00:00	3470.45604363	3442.59343	3466.48568305	3455.75776639	79974.32649449	23.14258455	3455.72147837
195	2019-02-02 08:00:00	3478.89879976	3443.46016419	3455.75776639	3478.89879976	158371.20975308	45.74213204	3462.26121717
196	2019-02-02 12:00:00	3480.0	3453.61799998	3478.31393216	3454.99999997	172171.21811948	49.68471244	3465.2755277
197	2019-02-02 16:00:00	3485.0	3450.0	3454.99999997	3471.16374271	153813.61310102	44.37519862	3466.20675251
198	2019-02-02 20:00:00	3517.48346758	3459.67477578	3472.88817161	3507.74606999	293567.74646454	84.17752722	3487.48360945
199	2019-02-03 00:00:00	3511.5222	3473.58287591	3508.61221131	3475.00000063	290824.5053211	83.36200725	3488.69364972
200	2019-02-03 04:00:00	3484.79997997	3462.39952999	3476.00000001	3464.34687999	90343.46849302	25.99052177	3476.01596045
201	2019-02-03 08:00:00	3470.7	3447.92845388	3464.39979897	3467.69990999	182081.65155194	52.64176623	3458.88188394
202	2019-02-03 12:00:00	3471.29999999	3454.1021622	3463.26209791	3463.39554959	38211.02664908	11.02160719	3466.91965975
203	2019-02-03 16:00:00	3485.49373041	3433.53998442	3462.99564956	3448.36886602	171096.29342173	49.41037282	3462.76062407
204	2019-02-03 20:00:00	3461.142231	3424.33108563	3448.41958986	3455.01000008	231337.45320741	67.23713759	3440.62019144
205	2019-02-04 00:00:00	3470.9	3454.32193701	3460.12293801	3458.39541001	79345.2250189	22.92588037	3460.94560986
206	2019-02-04 04:00:00	3465.30334754	3456.26580017	3460.76538301	3463.00331966	37869.84867098	10.94029868	3461.50043784
207	2019-02-04 08:00:00	3481.56178	3434.63599018	3463.00331967	3434.73599	253763.95857473	73.39790684	3457.37323446
208	2019-02-04 12:00:00	3464.80999974	3434.93599	3435.50277641	3454.27990007	176428.40760093	51.12348587	3451.02460441
209	2019-02-04 16:00:00	3474.08999994	3454.88010002	3464.52999996	3471.68995	160701.67717345	46.36933085	3465.68894197
210	2019-02-04 20:00:00	3474.4	3451.5	3471.58993983	3463.46921617	102896.94846312	29.66573584	3468.54529474
211	2019-02-05 00:00:00	3468.7552418	3451.85738619	3463.59964241	3461.64758	146202.01712848	42.22303283	3462.6128757
212	2019-02-05 04:00:00	3475.33525564	3461.22000011	3461.64758	3467.17963802	101256.97018178	29.19147707	3468.71691141
213	2019-02-05 08:00:00	3489.90813191	3463.69977	3467.17963802	3467.57425021	363570.75573712	104.55565795	3477.29393956
214	2019-02-05 12:00:00	3476.21488952	3451.68440714	3468.70839033	3460.36707007	169811.26956092	48.99015948	3466.23222629
215	2019-02-05 16:00:00	3469.7119992	3455.3779521	3460.10643	3466.37998992	79405.07715226	22.93784722	3461.74932593
216	2019-02-05 20:00:00	3473.10200585	3459.4	3466.37998992	3470.4028611	123041.2718939	35.51663457	3464.32800808
217	2019-02-06 00:00:00	3480.62767568	3395.25925675	3470.4	3421.0000001	574384.35645631	167.82100817	3422.60103618
218	2019-02-06 04:00:00	3423.2	3400.00000001	3421.0	3422.45144593	279960.40479869	82.05780579	3411.74617214
219	2019-02-06 08:00:00	3422.52335998	3398.69802855	3422.52335998	3401.71941194	116045.81902047	34.07016686	3406.08308428
220	2019-02-06 12:00:00	3415.87462	3383.3383	3400.91933992	3415.87462	151534.17101958	44.51794541	3403.88959157
221	2019-02-06 16:00:00	3432.98907097	3388.398285	3416.15297041	3400.89992999	178199.02260211	52.34870271	3404.0771476
222	2019-02-06 20:00:00	3411.95999965	3397.53762	3400.76997494	3407.5	69270.3235536	20.34469167	3404.83526008
223	2019-02-07 00:00:00	3412.07	3399.63828022	3405.23700157	3412.07	29650.59282283	8.7048877	3406.20049846
224	2019-02-07 04:00:00	3418.91999998	3409.61913801	3412.07	3409.85458	85537.6562098	25.05831917	3413.54324803
225	2019-02-07 08:00:00	3435.53795984	3409.18233138	3410.99951422	3410.50000002	444535.70975591	129.83309173	3423.90144016
226	2019-02-07 12:00:00	3422.9	3402.57976609	3410.8	3406.8	135295.78749712	39.65951133	3411.43354922
227	2019-02-07 16:00:00	3411.21649795	3395.06415346	3403.3597705	3400.03083324	135321.26824236	39.79792491	3400.20914528
228	2019-02-07 20:00:00	3402.95133997	3393.456789	3399.16125419	3399.38299973	120361.39253511	35.40679433	3399.38689205
229	2019-02-08 00:00:00	3404.66533677	3381.6460603	3400.09392389	3404.01000396	80763.80574856	23.77326572	3397.25331386
230	2019-02-08 04:00:00	3411.88	3395.94733	3404.01000395	3397.30049	103299.65639149	30.30488877	3408.67960861
231	2019-02-08 08:00:00	3443.33000003	3396.6	3396.6	3433.30190442	346672.12592723	101.00469615	3432.23769924
232	2019-02-08 12:00:00	3509.63430868	3428.51160119	3433.80739849	3503.05560021	691132.29806298	199.08994323	3471.4576078
233	2019-02-08 16:00:00	3734.99999998	3488.36327377	3503.0556002	3662.0	1509746.6239662	415.21863247	3636.02812086
234	2019-02-08 20:00:00	3670.40978	3620.20000811	3662.0	3660.0	664203.5323572	182.17750049	3645.91418024
235	2019-02-09 00:00:00	3666.8886314	3636.41629001	3660.0	3641.32404005	566103.15813944	154.96403149	3653.12616544
236	2019-02-09 04:00:00	3665.70957543	3645.50465494	3646.57597992	3662.72164281	155643.94236615	42.61303926	3652.49569307
237	2019-02-09 08:00:00	3675.50646909	3650.02094049	3662.72164281	3662.47615352	411193.29216688	112.21585077	3664.30668524
238	2019-02-09 12:00:00	3689.26	3641.54124773	3662.47615352	3642.32396	1072933.4175522	292.98910809	3662.02492832
239	2019-02-09 16:00:00	3668.62752725	3631.00000073	3642.22396706	3657.09999749	698911.1224612	191.25357468	3654.36893731
240	2019-02-09 20:00:00	3670.28	3653.96837579	3657.09999987	3669.50953405	175329.46954844	47.90201167	3660.1692379
241	2019-02-10 00:00:00	3673.64757809	3651.77359206	3667.1090414	3653.89563759	96898.39135329	26.48699381	3658.33858113
242	2019-02-10 04:00:00	3663.76999875	3611.51214121	3653.89563759	3630.50890187	338555.78604744	93.02832642	3639.27632664
243	2019-02-10 08:00:00	3648.29999999	3631.00000011	3631.35855743	3634.69303001	84920.20437366	23.33217486	3639.61803317
244	2019-02-10 12:00:00	3643.51769	3618.45029	3634.69303348	3629.34319	125826.49565872	34.67026316	3629.23393681
245	2019-02-10 16:00:00	3672.12989482	3625.97109023	3629.34318999	3643.7941	262350.246881	71.90144594	3648.74785828
246	2019-02-10 20:00:00	3689.79374087	3637.7808	3643.7941	3676.80000003	916238.13228269	249.89779383	3666.45146497
247	2019-02-11 00:00:00	3681.3554028	3613.4586	3681.35	3628.87778	478161.73650489	131.08840459	3647.62801103
248	2019-02-11 04:00:00	3638.71275691	3620.59724391	3627.94413944	3638.7127569	80633.1560601	22.21810551	3629.16433283
249	2019-02-11 08:00:00	3641.98999991	3624.0664	3638.76999995	3630.71767958	127842.5429809	35.21191694	3630.66126728
250	2019-02-11 12:00:00	3657.32670449	3628.66231071	3630.67885624	3645.87452998	123687.17159755	33.97365717	3640.67874643
251	2019-02-11 16:00:00	3651.0	3616.24751102	3645.87452998	3642.99774001	195033.15196392	53.64023348	3635.94897543
252	2019-02-11 20:00:00	3651.0	3629.96335003	3640.00000019	3633.54137	25902.65429749	7.11207459	3642.06729973
253	2019-02-12 00:00:00	3634.57	3590.00000001	3634.56322	3622.00765999	398088.04351594	110.44409078	3604.43044715
254	2019-02-12 04:00:00	3636.03057	3619.51000162	3626.29641769	3629.0	119693.6891254	32.99752895	3627.35310594
255	2019-02-12 08:00:00	3627.2119149	3600.8	3627.2119149	3604.84540171	99022.30926485	27.43637081	3609.16208454
256	2019-02-12 12:00:00	3635.14258881	3609.93306001	3611.00000001	3620.3799	493218.62721039	136.12399266	3623.30414772
257	2019-02-12 16:00:00	3660.56860147	3617.27388455	3620.1881651	3639.78101767	431204.09717353	118.43805035	3640.75646212
258	2019-02-12 20:00:00	3654.01999998	3604.89297824	3639.78101767	3633.80360746	396070.90858939	109.0372228	3632.43760633
259	2019-02-13 00:00:00	3643.8550881	3629.13814003	3629.13814003	3639.86032073	61202.47184516	16.8182475	3639.05168152
260	2019-02-13 04:00:00	3666.6279375	3627.1392	3642.64997994	3634.20054	301179.4679258	82.57911138	3647.16285865
261	2019-02-13 08:00:00	3636.54766885	3603.34548946	3634.2429311	3614.13087873	345912.51113293	95.63732065	3616.9197211
262	2019-02-13 12:00:00	3624.99999999	3600.0	3612.93340043	3600.53	409828.99547409	113.59983308	3607.65490901
263	2019-02-13 16:00:00	3615.90736998	3600.5	3600.53	3605.20780134	258649.1270199	71.68430252	3608.16968188
264	2019-02-13 20:00:00	3615.99	3600.5	3605.65133386	3609.17532079	43971.15045931	12.19046743	3607.01102823
265	2019-02-14 00:00:00	3626.23120022	3605.68950004	3610.99383004	3610.51999071	87304.80067751	24.11997047	3619.6064496
266	2019-02-14 04:00:00	3621.43141595	3600.0	3610.51999071	3609.0	147791.74555864	40.93132058	3610.72507469
267	2019-02-14 08:00:00	3616.69999977	3569.182733	3612.11698	3587.1234	189548.45479241	52.756294510000004	3592.90690434
268	2019-02-14 12:00:00	3605.38	3580.01000001	3587.1234	3594.3879583	323548.47152166	90.12493897	3589.99934112
269	2019-02-14 16:00:00	3612.8	3591.58510005	3597.38910018	3608.25204	134623.25433044	37.34628061	3604.72989897
270	2019-02-14 20:00:00	3607.14998	3587.42825	3605.94855742	3591.14783653	75189.67198492	20.89189793	3598.98714022
271	2019-02-15 00:00:00	3617.0	3589.14637025	3589.14637025	3617.0	39800.23298082	11.03947344	3605.26552259
272	2019-02-15 04:00:00	3623.20039001	3605.6616401	3612.71369532	3614.98999	285448.71119054	78.92466793	3616.72362617
273	2019-02-15 08:00:00	3623.45005005	3601.259448	3618.0	3611.94389237	153848.77689095	42.53252596	3617.20291514
274	2019-02-15 12:00:00	3652.23814458	3574.21000001	3613.88086996	3585.04311995	600169.49205169	166.76992673	3598.78728629
275	2019-02-15 16:00:00	3604.99999999	3585.04311996	3585.04311996	3598.00502416	71574.72696634	19.87513086	3601.22041311
276	2019-02-15 20:00:00	3605.30999892	3597.0000003	3599.65575455	3605.30999892	23632.6389574	6.5594886599999995	3602.81725944
277	2019-02-16 00:00:00	3620.11	3601.00000003	3605.30999892	3620.11	96383.26310898	26.67306779	3613.50497317
278	2019-02-16 04:00:00	3629.18303293	3614.29629864	3622.811928	3619.31059	273818.00723301	75.57601294	3623.08087687
279	2019-02-16 08:00:00	3627.38989	3612.40982134	3619.4105901	3624.92809617	90404.31124324	24.94943098	3623.50192738
280	2019-02-16 12:00:00	3644.4129121	3614.00000001	3624.58940122	3632.0	258713.15016291	71.23214603	3631.97186357
281	2019-02-16 16:00:00	3640.53999999	3623.17887037	3632.0	3631.52550002	99800.47713587	27.48751751	3630.75629145
282	2019-02-16 20:00:00	3637.27069	3616.0	3631.47036473	3620.20816999	39566.13336269	10.89549003	3631.42302491
283	2019-02-17 00:00:00	3634.99999999	3615.0	3622.29697	3631.93622098	162648.86273382	44.86942141	3624.9378223
284	2019-02-17 04:00:00	3645.0	3630.41335488	3631.68550244	3640.50000023	51419.06320598	14.13579548	3637.50757986
285	2019-02-17 08:00:00	3700.0	3618.9288906	3643.35786989	3618.9288906	611822.04710652	167.28349339	3657.3964036
286	2019-02-17 12:00:00	3628.0	3599.00000006	3625.9998998	3624.76533973	75343.50088243	20.83116399	3616.86466097
287	2019-02-17 16:00:00	3632.47838219	3614.08346468	3625.12076999	3620.15677279	205771.94499962	56.77523797	3624.32553974
288	2019-02-17 20:00:00	3685.95814995	3620.0	3627.84553998	3669.67084142	235949.48450567	64.5662113	3654.38020529
289	2019-02-18 00:00:00	3770.9104	3658.80000001	3669.57	3737.15056963	621790.88981521	167.38636145	3714.70461768
290	2019-02-18 04:00:00	3765.1925455	3704.72420001	3732.37101017	3732.74597	631822.80390374	168.84045507	3742.12924054
291	2019-02-18 08:00:00	3758.14939302	3724.0	3732.74597309	3745.50000002	151165.69849715	40.38044965	3743.53678097
292	2019-02-18 12:00:00	3850.0	3732.34688714	3744.19937405	3825.80719	1023011.8383417	269.00760872	3802.9104203
293	2019-02-18 16:00:00	3986.00000002	3826.05855	3826.13895	3893.1	2329892.5311691	596.89882496	3903.32906305
294	2019-02-18 20:00:00	3910.80813759	3867.35194646	3893.2	3902.33502	391436.15569223	100.5645617	3892.38663277
295	2019-02-19 00:00:00	3975.28181155	3866.26	3906.56999	3899.06489	928032.58225412	237.31150143	3910.60937485
296	2019-02-19 04:00:00	3916.40413803	3884.33616191	3890.8071	3910.80351216	219892.27167286	56.35717486	3901.76179375
297	2019-02-19 08:00:00	3921.33399997	3874.64984886	3915.35744875	3896.0	397727.81790829	102.08650363	3895.98824296
298	2019-02-19 12:00:00	4000.0	3896.0	3896.0	3975.82647959	489885.70002445	123.99162102	3950.95810502
299	2019-02-19 16:00:00	3981.0	3943.71137494	3974.19829018	3963.4521581	217396.20473735	54.91880694	3958.5019568
300	2019-02-19 20:00:00	3960.91985842	3897.85770007	3960.91985842	3914.72000004	450173.09512419	114.64443478	3926.68947243
301	2019-02-20 00:00:00	3923.85	3880.0	3911.70096806	3914.37215009	192818.24165418	49.37375776	3905.27783182
302	2019-02-20 04:00:00	3923.0	3888.00000009	3912.49999999	3906.80000036	190597.48442354	48.80608581	3905.19914187
303	2019-02-20 08:00:00	3988.45564847	3906.80000011	3911.44985996	3951.251385	508387.21002459	128.40948684	3959.10942824
304	2019-02-20 12:00:00	3995.0	3934.24946416	3960.0	3943.12883	519402.18361381	131.40495252	3952.68346932
305	2019-02-20 16:00:00	3970.0	3936.75253318	3945.74066128	3955.99999997	456305.44840692	115.34878822	3955.87552715
306	2019-02-20 20:00:00	3978.43154	3948.02499992	3955.25142081	3970.74600001	179591.50581008	45.30262621	3964.26257889
307	2019-02-21 00:00:00	3976.22112398	3947.75009149	3976.22112398	3975.0	218094.66651065	55.08360636	3959.33891991
308	2019-02-21 04:00:00	4010.0	3946.71871546	3968.89261612	3964.76960122	567351.74307031	142.40844233	3983.97548479
309	2019-02-21 08:00:00	3967.39332997	3906.09925	3962.2363024	3925.951421	389654.54045089	98.82472285	3942.88523371
310	2019-02-21 12:00:00	3975.33441095	3922.80844275	3930.00893497	3928.55212003	669897.6519754	169.68991344	3947.7753179
311	2019-02-21 16:00:00	3940.0	3915.36865	3929.35709514	3931.70682739	72997.4230428	18.56546979	3931.89204843
312	2019-02-21 20:00:00	3940.08407	3922.5	3935.35989971	3940.08407	144339.22800686	36.68774796	3934.26241818
313	2019-02-22 00:00:00	3957.72999999	3933.10000001	3942.62999988	3957.72999977	126741.42334474	32.06296487	3952.89156379
314	2019-02-22 04:00:00	3969.172133	3933.1	3957.71999977	3938.17973357	75386.11645068	19.06005887	3955.18801724
315	2019-02-22 08:00:00	3973.95605	3933.11	3938.17973357	3949.68000032	314488.18100905	79.49427374	3956.11112867
316	2019-02-22 12:00:00	3984.56697	3936.92341527	3949.98000006	3956.2	242569.36692787	61.31343826	3956.21863349
317	2019-02-22 16:00:00	3985.7095254	3951.6986939	3956.22506997	3963.69727278	695271.50061398	175.2389388	3967.56283378
318	2019-02-22 20:00:00	3971.63259984	3957.67378	3971.63259984	3966.3003734	99433.24359399	25.09020042	3963.03106111
319	2019-02-23 00:00:00	3966.3003734	3966.3003734	3966.3003734	3966.3003734	0.0	0.0	3966.3003734
320	2019-02-23 04:00:00	3966.3003734	3950.617266	3966.3003734	3960.115	138175.27598013	34.91495545	3957.48109081
321	2019-02-23 08:00:00	3963.34839254	3939.11117777	3961.32	3956.42511803	116558.22322317	29.5169843	3948.85270251
322	2019-02-23 12:00:00	3959.58649112	3938.00000001	3952.85085115	3946.75571598	192867.34210745	48.81398078	3951.06768646
323	2019-02-23 16:00:00	4150.0	3944.37321282	3946.75571597	4102.75123451	1483230.7286013	365.88907196	4053.77159983
324	2019-02-23 20:00:00	4153.90154684	4100.30000002	4100.30000002	4112.11277084	190023.7051556	46.08500251	4123.33068907
325	2019-02-24 00:00:00	4193.17030086	4117.60261769	4117.60261769	4166.79750001	370804.13996271	89.37734314	4148.74874252
326	2019-02-24 04:00:00	4182.99257305	4159.01202	4173.96729751	4164.54144003	299262.98199001	71.70936254	4173.27628345
327	2019-02-24 08:00:00	4176.16291356	4130.4494846	4165.69999996	4143.93399334	562326.38994225	135.34345565	4154.81034706
328	2019-02-24 12:00:00	4159.02164918	3732.37678131	4144.31000001	3786.40349995	2769082.9114622	707.67389135	3912.93637551
329	2019-02-24 16:00:00	3800.0	3708.3500136	3777.80000002	3787.85238998	1413449.7536956	376.94892093	3749.71163256
330	2019-02-24 20:00:00	3821.6390439	3746.07751542	3784.56024988	3750.94339887	409312.02074959	108.14579354	3784.8168417
331	2019-02-25 00:00:00	3810.5	3748.5077175	3750.94339875	3800.26796052	248894.78781549	65.66655123	3790.28261959
332	2019-02-25 04:00:00	3816.93241522	3777.8473	3800.27622391	3787.0430766	58255.59645695	15.31013673	3805.03436934
333	2019-02-25 08:00:00	3808.56549999	3757.54003794	3787.0430738	3798.15204458	362900.74214165	95.67360722	3793.11236072
334	2019-02-25 12:00:00	3822.76092923	3778.38939001	3797.54999978	3810.79343633	239706.91043614	63.03421529	3802.80629073
335	2019-02-25 16:00:00	3870.0	3800.75355003	3809.66454996	3856.96368996	323560.92114771	84.07836911	3848.32537277
336	2019-02-25 20:00:00	3869.00000001	3809.99999999	3853.00000027	3826.98240025	407697.16617414	106.1773058	3839.77690055
337	2019-02-26 00:00:00	3843.79999962	3823.62075002	3826.98240025	3837.91816223	86715.70996058	22.62030723	3833.53369513
338	2019-02-26 04:00:00	3837.49999974	3776.55888961	3836.00000008	3809.27393435	172958.21520124	45.59014663	3793.76308229
339	2019-02-26 08:00:00	3827.29237537	3791.78094481	3808.97391999	3808.0	73937.17201185	19.4180396	3807.65378662
340	2019-02-26 12:00:00	3831.92535163	3790.8554615	3818.82427984	3824.98999949	103527.94211772	27.15044563	3813.12128458
341	2019-02-26 16:00:00	3834.40286671	3793.35400665	3820.43363585	3820.17377	411193.00851776	107.80122642	3814.36299171
342	2019-02-26 20:00:00	3820.78999998	3800.7177	3819.18929	3811.28752027	97939.42481676	25.68850931	3812.57719686
343	2019-02-27 00:00:00	3821.86185	3795.0	3811.0	3818.79999917	127968.52524113	33.64796268	3803.15820182
344	2019-02-27 04:00:00	3830.0	3812.73073032	3823.72854143	3822.07388024	105281.45172594	27.56631376	3819.20675511
345	2019-02-27 08:00:00	3838.99999999	3818.52160002	3829.72579724	3828.38638417	115122.55789163	30.08957028	3825.9954137
346	2019-02-27 12:00:00	3838.72842824	3790.0	3829.99999973	3809.56782672	520301.07845191	136.20335878	3820.03118801
347	2019-02-27 16:00:00	3819.09999999	3807.16354278	3811.24999998	3819.09999999	153770.11715028	40.30410099	3815.24741585
348	2019-02-27 20:00:00	3825.0	3682.51	3815.05076619	3816.21998944	1016733.3959662	270.77144739	3754.95055245
349	2019-02-28 00:00:00	3833.84999	3809.60314294	3816.21998944	3817.81251514	276431.49150845	72.35250178	3820.62105259
350	2019-02-28 04:00:00	3829.49998999	3813.99839	3817.40999	3818.92502	52649.73778273	13.77829813	3821.20761838
351	2019-02-28 08:00:00	3852.28057215	3819.96992005	3822.72524039	3835.75372981	287026.42386351	74.75610844	3839.5046218
352	2019-02-28 12:00:00	3898.0	3776.74181127	3837.6488995	3854.43699997	407096.46456172	105.82276451	3846.96493657
353	2019-02-28 16:00:00	3879.93999993	3797.0392	3859.02999997	3823.47445529	582959.866285	152.31862352	3827.23959036
354	2019-02-28 20:00:00	3827.8230486	3810.0	3818.99719001	3820.78809986	59965.6932236	15.68626032	3822.81640112
355	2019-03-01 00:00:00	3829.98934044	3814.98922306	3821.66149863	3824.09610001	72785.12542025	19.03603158	3823.54510783
356	2019-03-01 04:00:00	3842.04	3823.38832783	3825.20046319	3842.04	108107.01500161	28.23889398	3828.30202479
357	2019-03-01 08:00:00	3851.7884	3827.68822002	3840.90520657	3829.0	146043.62974569	38.02992444	3840.22929038
358	2019-03-01 12:00:00	3836.17896667	3822.88493059	3829.09381	3830.79457	114656.41409566	29.93917548	3829.64501384
359	2019-03-01 16:00:00	3856.48649999	3828.78202991	3828.78202996	3845.43030999	257885.45548425	66.98402889	3849.95438103
360	2019-03-01 20:00:00	3855.94991976	3814.54120379	3845.08647	3827.14680095	298224.30728206	77.74925871	3835.71897957
361	2019-03-02 00:00:00	3839.66000001	3826.0	3826.76268852	3837.15962999	64234.99541647	16.75706158	3833.30902675
362	2019-03-02 04:00:00	3834.32999189	3797.65448	3834.32999189	3804.04140817	129706.99790557	33.98224603	3816.90479761
363	2019-03-02 08:00:00	3832.0670273	3770.0	3803.52857973	3822.57520723	314421.31743003	82.84432567	3795.32713782
364	2019-03-02 12:00:00	3831.87041	3814.60650001	3818.73742	3816.71523	128157.04873975	33.53698913	3821.36417324
365	2019-03-02 16:00:00	3823.39299991	3804.41343455	3815.2	3820.5	73844.18125386	19.35113269	3816.01337951
366	2019-03-02 20:00:00	3825.1830424	3813.33040957	3822.46570337	3823.85992	32084.36829056	8.40034886	3819.40902994
367	2019-03-03 00:00:00	3835.0	3817.0	3823.85991999	3823.50217906	77768.7037041	20.322464	3826.73595603
368	2019-03-03 04:00:00	3828.69638682	3820.41670429	3824.93080665	3823.69643792	36851.13195566	9.63435162	3824.97270279
369	2019-03-03 08:00:00	3832.81453883	3810.44432	3823.69643792	3826.27999	102116.68128839	26.71017612	3823.13769963
370	2019-03-03 12:00:00	3828.0	3795.0	3825.29997999	3799.62856372	185735.62065478	48.71955033	3812.3426714
371	2019-03-03 16:00:00	3811.35391467	3787.93213173	3799.62856372	3808.05995497	251193.69407302	66.0616178	3802.41511543
372	2019-03-03 20:00:00	3816.99999999	3780.32396209	3810.74582717	3807.07705161	114529.79124079	30.09966893	3805.01830459
373	2019-03-04 00:00:00	3829.06605996	3794.9688	3811.80999861	3803.55234001	125723.98655263	32.97102985	3813.16528857
374	2019-03-04 04:00:00	3803.55234001	3704.0	3803.55234001	3733.33898995	435006.60675512	116.22317783	3742.85589911
375	2019-03-04 08:00:00	3733.11317997	3671.37113	3730.0648395	3703.00312054	369774.45662864	99.81785731	3704.49202771
376	2019-03-04 12:00:00	3727.03435583	3691.85594	3707.03650328	3707.0497374	132943.27579266	35.83621683	3709.74638375
377	2019-03-04 16:00:00	3734.08999991	3710.00000001	3711.62628866	3724.38999678	135611.63806052	36.42716981	3722.81565567
378	2019-03-04 20:00:00	3732.39999982	3700.0	3723.60675114	3719.22138508	90154.2118519	24.22079499	3722.18219464
379	2019-03-05 00:00:00	3722.54879171	3706.3315903	3718.91923996	3712.31604005	39061.27177403	10.50725694	3717.55178321
380	2019-03-05 04:00:00	3730.6299942	3712.0219803	3716.00996996	3730.6299942	14933.35404607	4.01015071	3723.8884835
381	2019-03-05 08:00:00	3745.08234992	3727.50260015	3730.6299942	3739.49993	155831.08978114	41.67888995	3738.84933039
382	2019-03-05 12:00:00	3845.122217	3741.07944635	3741.58146999	3831.08924818	1020504.8221685	267.92588511	3808.90716008
383	2019-03-05 16:00:00	3879.87999999	3827.54510055	3829.70000013	3855.85145863	313148.95210723	81.36465717	3848.70978381
384	2019-03-05 20:00:00	3859.5759974	3832.91022871	3857.48951992	3859.05856	215752.59453087	56.08978052	3846.55800986
385	2019-03-06 00:00:00	3866.04999999	3812.0372	3860.0	3829.01179998	147508.23375859	38.40531077	3840.82906246
386	2019-03-06 04:00:00	3858.71959902	3821.73517018	3826.67000001	3849.81828644	181897.61759425	47.33714907	3842.5976462
387	2019-03-06 08:00:00	3902.65759857	3834.24959	3848.14552	3858.50000032	552446.02077146	142.8812713	3866.46910224
388	2019-03-06 12:00:00	3864.88136365	3834.99147904	3858.50000001	3859.49	151510.23774402	39.28880472	3856.32087368
389	2019-03-06 16:00:00	3876.61249997	3852.2673888	3860.58586999	3852.51013417	209945.03038666	54.36091328	3862.0585586
390	2019-03-06 20:00:00	3866.21859427	3848.05101539	3852.71	3861.94211998	149879.4939881	38.87150626	3855.76758939
391	2019-03-07 00:00:00	3900.0	3859.76316522	3866.11	3884.55299456	234751.22677367	60.54255014	3877.45851852
392	2019-03-07 04:00:00	3900.44865145	3856.46076	3884.55057106	3879.16059829	293777.1163355	75.68290261	3881.6840555
393	2019-03-07 08:00:00	3879.46997999	3841.3135798	3879.29953937	3866.25668848	120419.5730719	31.17758895	3862.37605688
394	2019-03-07 12:00:00	3898.99999997	3859.53358	3866.25668848	3880.66	342375.57364001	88.44732573	3870.95450104
395	2019-03-07 16:00:00	3895.89383798	3875.65848026	3886.02540734	3882.4229	159439.1770903	41.02396882	3886.48835489
396	2019-03-07 20:00:00	3888.70319109	3869.28337955	3879.0	3877.51152117	224204.97730787	57.833265420000004	3876.74767592
397	2019-03-08 00:00:00	3885.22024559	3863.47067	3877.72376167	3873.51695527	176181.14958487	45.471196570000004	3874.56594228
398	2019-03-08 04:00:00	3935.0	3874.79420796	3874.79420796	3897.19	333488.32829314	85.28536425	3910.26445423
399	2019-03-08 08:00:00	3910.0	3876.6	3897.19	3895.09318676	171754.38382491	44.10934209	3893.8323649
400	2019-03-08 12:00:00	3915.42217764	3888.87067643	3895.09318676	3905.88430123	107167.70620158	27.43999576	3905.52925513
401	2019-03-08 16:00:00	3922.00588819	3901.01259039	3910.0826299	3918.90325017	278696.61137713	71.30219701	3908.66793821
402	2019-03-08 20:00:00	3926.93700032	3795.97510448	3919.45945929	3860.21	877949.12493563	227.45610841	3859.86171605
403	2019-03-09 00:00:00	3889.79999999	3854.7100001	3854.7100001	3877.73424015	166219.90627622	42.84624455	3879.45100024
404	2019-03-09 04:00:00	3938.86292074	3864.02235056	3876.18314644	3912.00000058	216857.33257508	55.45788607	3910.30650359
405	2019-03-09 08:00:00	3925.0	3910.0	3912.0	3912.61	139558.93645981	35.63370956	3916.48633226
406	2019-03-09 12:00:00	3960.48129077	3909.45867822	3913.26657001	3950.78013989	619286.56610286	157.22363759	3938.8896962
407	2019-03-09 16:00:00	3968.78862	3899.89401803	3950.58957999	3928.32394842	189058.91805454	48.16214621	3925.46705103
408	2019-03-09 20:00:00	3940.34169997	3910.92942	3925.69698651	3940.29437935	158217.58911433	40.33035083	3923.04023789
409	2019-03-10 00:00:00	3940.29437935	3916.23127	3940.29437935	3921.62861062	58715.78128702	14.9580727	3925.35739494
410	2019-03-10 04:00:00	3924.37580999	3886.0274	3924.1439821	3904.88165	265508.87135564	67.99984845	3904.55092779
411	2019-03-10 08:00:00	3915.62530999	3892.2	3903.86578254	3908.19992999	109291.83559671	27.97215461	3907.16543364
412	2019-03-10 12:00:00	3913.96999999	3890.62793187	3903.42	3907.89993999	65794.7573042	16.84470772	3905.96016255
413	2019-03-10 16:00:00	3910.97999987	3884.68130279	3905.5	3902.10004519	137815.67741365	35.33195386	3900.59598627
414	2019-03-10 20:00:00	3930.92127196	3902.40006383	3902.40006383	3921.10716996	91330.60551688	23.33198398	3914.3951751
415	2019-03-11 00:00:00	3933.45000012	3918.83149718	3920.0	3931.58824115	79490.77353178	20.24879136	3925.70460718
416	2019-03-11 04:00:00	3933.45000012	3864.0	3933.25	3890.0	188287.69449237	48.41762055	3888.8258521
417	2019-03-11 08:00:00	3900.57757536	3871.12913999	3890.0	3874.07205447	141471.15889425	36.39864968	3886.71448358
418	2019-03-11 12:00:00	3876.43714567	3837.60182639	3874.70017392	3855.16687457	287990.18149553	74.67947897	3856.34963536
419	2019-03-11 16:00:00	3883.85040455	3847.72351754	3854.47825619	3855.0	231146.32509838	59.86172553	3861.33749155
420	2019-03-11 20:00:00	3881.00000001	3856.6168838	3856.6168838	3874.36999975	76238.51606868	19.69194256	3871.55893007
421	2019-03-12 00:00:00	3874.83521476	3815.38368496	3874.35818549	3823.19724623	331403.84537401	86.37301206	3836.8911477
422	2019-03-12 04:00:00	3855.08768743	3820.0	3830.63999993	3847.00000002	400303.52289916	104.11007761	3845.00263652
423	2019-03-12 08:00:00	3900.0	3847.00000001	3847.00000002	3879.0	459012.69157524	118.16984701	3884.3470072
424	2019-03-12 12:00:00	3900.6	3873.89999986	3879.0	3873.89999986	280860.94396082	72.24571582	3887.5792256
425	2019-03-12 16:00:00	3891.5	3870.38412021	3873.89999986	3881.0	242774.99029503	62.53305333	3882.34665295
426	2019-03-12 20:00:00	3890.10226576	3877.06151294	3881.80000003	3881.304599	91846.79329716	23.64751552	3883.99336156
427	2019-03-13 00:00:00	3895.26387492	3873.24402809	3883.33349553	3891.91076277	115207.70989217	29.63522742	3887.5257564
428	2019-03-13 04:00:00	3894.79999853	3873.29000001	3894.79999853	3885.0	79470.18841834	20.46917786	3882.43186716
429	2019-03-13 08:00:00	3890.91999999	3839.47260985	3888.56478276	3857.64232724	207674.26263169	53.80400761	3859.82888369
430	2019-03-13 12:00:00	3888.01999947	3856.26296733	3858.00820313	3870.0	186068.58369182	48.0440865	3872.87171526
431	2019-03-13 16:00:00	3874.76826344	3862.04319812	3872.44253719	3869.19350185	90781.75288597	23.4785534	3866.58203933
432	2019-03-13 20:00:00	3875.05747243	3858.45008083	3869.19350173	3866.06659539	89492.39359687	23.14911182	3865.91046312
433	2019-03-14 00:00:00	3888.33983515	3864.60504626	3864.60504626	3866.22593364	99154.14164869	25.60437878	3872.54627423
434	2019-03-14 04:00:00	3878.99999998	3857.90435025	3874.98999972	3860.50000003	64523.26941164	16.67831926	3868.69134747
435	2019-03-14 08:00:00	3873.57512109	3860.50000004	3861.73432501	3862.95159351	87204.13376453	22.55974619	3865.4749495
436	2019-03-14 12:00:00	3920.00000001	3806.77053214	3866.07452074	3884.20338968	851993.8072977	220.09062451	3871.10450158
437	2019-03-14 16:00:00	3885.286421	3873.61186258	3884.6046143	3873.61186258	117750.95937658	30.339276130000002	3881.13938091
438	2019-03-14 20:00:00	3885.39079004	3872.81188053	3873.68933636	3877.31933336	114653.09352869	29.56074489	3878.55901315
439	2019-03-15 00:00:00	3897.25403813	3879.0	3879.66822514	3886.77150418	127052.61634539	32.66209668	3889.90999537
440	2019-03-15 04:00:00	3897.70459983	3878.41839751	3886.77150418	3892.64105136	41449.25517408	10.6618149	3887.63597594
441	2019-03-15 08:00:00	3925.0	3880.08000001	3892.64105018	3916.51036469	157669.53110414	40.40132966	3902.58272267
442	2019-03-15 12:00:00	3938.23369973	3901.36404813	3917.77355265	3934.54977789	418533.31476134	106.83444119	3917.5879061
443	2019-03-15 16:00:00	3934.8	3918.99519241	3930.0	3933.09433381	178385.50298524	45.40410039	3928.84125999
444	2019-03-15 20:00:00	3934.0	3910.12953605	3932.75	3922.88872503	88443.16729658	22.53755262	3924.25782815
445	2019-03-16 00:00:00	4000.0199	3922.70231014	3922.77341336	3983.02266584	3061356.6435386	767.8166909	3987.09311717
446	2019-03-16 04:00:00	4058.88166734	3979.12916744	3983.16151732	4010.28158885	799735.77138182	198.58420919	4027.18712954
447	2019-03-16 08:00:00	4020.0	3998.8509361	4010.28158885	4015.67542371	277872.86877305	69.21763453	4014.48085679
448	2019-03-16 12:00:00	4017.28923037	3975.0	4015.13093889	3988.413221	386663.27457521	96.81339446	3993.90266947
449	2019-03-16 16:00:00	4005.0	3991.8	3992.47999993	3993.87210608	61944.92404751	15.48850158	3999.41361193
450	2019-03-16 20:00:00	4007.8083746	3989.59415924	3995.00957439	4005.55029275	94161.93121757	23.54720525	3998.85804781
451	2019-03-17 00:00:00	4008.3	3953.34334462	4005.55029275	3970.7364754	233032.28438	58.58613363	3977.60135276
452	2019-03-17 04:00:00	3975.71035411	3950.0	3969.90158858	3973.89024458	160028.69624749	40.40543991	3960.57304669
453	2019-03-17 08:00:00	3994.52920797	3968.20000001	3973.8902452	3987.6215208	214662.17592078	53.96040439	3978.14246107
454	2019-03-17 12:00:00	3999.07224016	3974.4251715	3988.84316109	3988.65130217	110320.7784463	27.6550181	3989.17758966
455	2019-03-17 16:00:00	3997.37999972	3978.53503982	3988.08000005	3989.96442562	52663.00507276	13.21152509	3986.14124516
456	2019-03-17 20:00:00	3997.29999995	3983.95000008	3994.61966043	3986.3999999	23276.80822169	5.83405143	3989.81882504
457	2019-03-18 00:00:00	4032.34421406	3981.0	3985.0	4008.23536816	280441.40738018	69.85289756	4014.74265458
458	2019-03-18 04:00:00	4016.7799981	3960.00000001	4009.0	3975.78133787	185546.93154244	46.59070301	3982.48834113
459	2019-03-18 08:00:00	3992.0	3955.23784336	3982.78999807	3969.86952644	130842.50070037	32.91543758	3975.1104746
460	2019-03-18 12:00:00	3988.8348099	3967.51975532	3969.0	3982.1	117002.7928263	29.37523245	3983.04227976
461	2019-03-18 16:00:00	3984.00495721	3972.87033773	3983.88480863	3976.0	196318.98831236	49.37388178	3976.17082625
462	2019-03-18 20:00:00	3994.13769783	3977.0	3977.0	3988.50629841	65941.28197277	16.5362337	3987.68444913
463	2019-03-19 00:00:00	4008.42982148	3984.54000009	3988.62814687	3990.26999991	108431.66302055	27.12542836	3997.41753683
464	2019-03-19 04:00:00	3990.01999997	3972.45258209	3990.01999997	3980.6	64406.90257355	16.1867804	3978.98167405
465	2019-03-19 08:00:00	3997.0	3975.58687068	3980.90640841	3988.6994322	111238.36611725	27.88541014	3989.12426099
466	2019-03-19 12:00:00	4012.56232016	3981.47411389	3988.59	3999.52374253	330143.1418821	82.605796	3996.60989747
467	2019-03-19 16:00:00	4038.00435404	3995.28110361	3999.52374254	4009.05896606	200880.42625498	50.06303653	4012.5497808
468	2019-03-19 20:00:00	4022.58245063	3999.0	4009.05896606	4015.61067084	128157.50467923	31.98387965	4006.94056135
469	2019-03-20 00:00:00	4032.38645991	3978.4824	4014.70975407	3996.28999995	214701.50011933	53.70215954	3998.00495843
470	2019-03-20 04:00:00	4018.44530997	3988.0	3995.28999999	4011.68999999	62046.0590418	15.49623951	4003.94295672
471	2019-03-20 08:00:00	4020.0	3986.44700001	4008.07669027	4013.19036465	125341.11708825	31.2599971	4009.63303634
472	2019-03-20 12:00:00	4023.91	4003.86127071	4012.89036465	4016.8	248033.99567183	61.78414415	4014.52507086
473	2019-03-20 16:00:00	4035.20075332	4007.20880219	4017.0	4025.41699583	268270.53091188	66.76230562	4018.29338307
474	2019-03-20 20:00:00	4050.0	4021.0	4024.82248463	4040.68444076	306935.27655841	76.08585459	4034.06491538
475	2019-03-21 00:00:00	4057.172087	4029.8	4043.57716675	4046.22999919	221250.08922764	54.70509667	4044.41455541
476	2019-03-21 04:00:00	4047.97211587	4027.74113459	4045.39999999	4045.06371972	81931.5951892	20.29835352	4036.36655103
477	2019-03-21 08:00:00	4054.41542447	4035.42130804	4044.76637589	4043.23000001	211315.56277645	52.26235526	4043.36088041
478	2019-03-21 12:00:00	4067.28213403	3911.22976903	4045.96675182	3976.2439	1239857.0261983	311.7764039	3976.75067993
479	2019-03-21 16:00:00	3979.33426272	3948.48688648	3969.11028855	3977.30342919	399525.98015751	100.83483441	3962.18214166
480	2019-03-21 20:00:00	3994.54202523	3977.11612344	3979.13426271	3982.4568868	202549.72493139	50.81389973	3986.10864365
481	2019-03-22 00:00:00	3994.54202521	3978.590912	3988.71998987	3986.0	31120.35968861	7.80486693	3987.30176538
482	2019-03-22 04:00:00	3987.9	3972.7	3985.99999999	3981.18999962	95213.9816358	23.91390039	3981.53291947
483	2019-03-22 08:00:00	3992.89	3977.5326428	3977.5326428	3986.51904155	110772.86039871	27.78336842	3987.02053416
484	2019-03-22 12:00:00	4002.17317108	3985.0	3986.78257802	3993.72117149	152019.68055561	38.05522598	3994.71233295
485	2019-03-22 16:00:00	4008.63913928	3985.0	3993.6	4000.94329214	185990.89580991	46.52436956	3997.70910533
486	2019-03-22 20:00:00	4001.08848063	3983.92322116	3998.64665694	3988.04409935	87591.62819876	21.94015045	3992.29843014
487	2019-03-23 00:00:00	4010.3201073	3979.98999942	3990.0	4010.3201073	201422.40205103	50.38064589	3998.01150804
488	2019-03-23 04:00:00	4018.16171549	3994.80427616	4009.89	4003.40345756	98038.50688884	24.42706507	4013.5197007
489	2019-03-23 08:00:00	4014.99	3985.19140001	4003.80379791	3999.59434567	64155.68832681	16.03706314	4000.46366137
490	2019-03-23 12:00:00	4006.39365423	3977.24173274	4000.02317125	4000.0	208208.04239578	52.22727322	3986.57692732
491	2019-03-23 16:00:00	3999.4	3987.4	3999.4	3994.27999935	97022.39954452	24.29973939	3992.73416012
492	2019-03-23 20:00:00	4005.780273	3991.00000001	3994.0	4003.79999999	18505.06007977	4.63027356	3996.53710304
493	2019-03-24 00:00:00	4009.63804079	3978.20002634	4000.0	3991.0	190980.76134528	47.81927396	3993.80303233
494	2019-03-24 04:00:00	3990.40406621	3975.0	3990.25887648	3981.0	74608.28146071	18.72514471	3984.39011373
495	2019-03-24 08:00:00	4003.89861964	3980.99999999	3981.0	3993.57177217	61216.0661848	15.31861743	3996.18741472
496	2019-03-24 12:00:00	4003.00186444	3983.83	3992.31455409	3990.63083364	98602.93292197	24.68567679	3994.33784055
497	2019-03-24 16:00:00	3995.0	3979.2	3992.90622902	3988.85999901	72403.98505793	18.14941471	3989.32892409
498	2019-03-24 20:00:00	3993.36155932	3958.64883778	3983.73410695	3991.51000001	184052.32668876	46.23773446	3980.56541563
499	2019-03-25 00:00:00	4000.86189982	3980.95426238	3991.51000001	3993.48803812	29469.41705624	7.38560497	3990.11552553
500	2019-03-25 04:00:00	3996.66999915	3984.92445082	3994.69999998	3996.66999915	52210.68136597	13.08937782	3988.78251387
501	2019-03-25 08:00:00	4001.031894	3986.7	3991.27661168	3988.0	77574.84461872	19.41657408	3995.29001867
502	2019-03-25 12:00:00	3987.89999829	3963.0	3985.07642049	3963.0	134996.59986474	33.92451647	3979.32274094
503	2019-03-25 16:00:00	3979.97754113	3959.0	3963.0	3968.90648595	160803.06556225	40.48176866	3972.23419047
504	2019-03-25 20:00:00	3967.33289966	3927.58121221	3967.04223138	3943.99999777	379587.8065613	96.21978007	3945.008046
505	2019-03-26 00:00:00	3951.29999958	3932.23476779	3942.6096586	3943.0	172630.13979975	43.78847735	3942.36452708
506	2019-03-26 04:00:00	3943.99999665	3910.33347538	3943.99999531	3925.99998591	109837.50184454	27.98219813	3925.26353127
507	2019-03-26 08:00:00	3936.74999968	3913.30862955	3926.0	3915.20217983	144375.15077371	36.75143831	3928.42178191
508	2019-03-26 12:00:00	3950.00770674	3898.00000005	3916.0587138	3942.0	470143.5837532	120.37020383	3905.8136382
509	2019-03-26 16:00:00	3947.39999953	3928.34237467	3940.17518787	3935.0	64526.04496105	16.38383723	3938.39636314
510	2019-03-26 20:00:00	3947.4	3927.66326448	3935.0	3946.35630101	28133.26401376	7.14948565	3935.00531241
511	2019-03-27 00:00:00	3999.0	3935.5658625	3946.35630101	3992.65744822	443209.33224196	111.52039749	3974.24455272
512	2019-03-27 04:00:00	4008.88999997	3984.09775604	3992.77339622	3997.4993	134602.11708688	33.67674831	3996.8857993
513	2019-03-27 08:00:00	4043.377638	3987.76963651	3998.50137597	4034.6607908	965722.80514174	240.12747689	4021.70887584
514	2019-03-27 12:00:00	4036.10569651	4005.5685673	4036.06311462	4022.93814794	342218.38135758	85.0577666	4023.36429743
515	2019-03-27 16:00:00	4030.24727823	4011.98999994	4022.93814794	4022.0	445851.33923631	110.70473539	4027.3917612
516	2019-03-27 20:00:00	4046.66717629	4015.10000323	4022.0	4045.46999999	297325.87800866	73.70051681	4034.24413936
517	2019-03-28 00:00:00	4041.49	4014.62797533	4041.49	4015.2343968	332908.07672696	82.63853614	4028.4846789
518	2019-03-28 04:00:00	4028.93795998	4005.54511104	4015.2343968	4027.88644221	173919.69444044	43.27322716	4019.10617383
519	2019-03-28 08:00:00	4024.98999994	4006.77639533	4024.7	4016.31750902	103903.50375737	25.86897469	4016.52964613
520	2019-03-28 12:00:00	4037.34706135	4013.98982709	4018.12057216	4030.13929431	181402.83495577	45.05875967	4025.91718645
521	2019-03-28 16:00:00	4030.6090148	4020.0	4030.6090148	4023.7481316	188333.6459851	46.7913486	4024.96725612
522	2019-03-28 20:00:00	4028.51471228	4022.11642373	4023.7481316	4028.51471228	57759.23765176	14.34981193	4025.08673517
523	2019-03-29 00:00:00	4056.18856897	4025.00000033	4027.0	4041.56679068	560678.78998041	138.70379327	4042.27438026
524	2019-03-29 04:00:00	4069.01900674	4027.1092023	4041.56679071	4060.65000004	342936.43385705	84.68181042	4049.70597766
525	2019-03-29 08:00:00	4120.98746821	4041.68517908	4058.21818956	4120.71520037	1169735.2702641	286.25415849	4086.35206012
526	2019-03-29 12:00:00	4121.0	4085.0	4120.0	4093.22986365	431900.36448944	105.38930315	4098.14233115
527	2019-03-29 16:00:00	4107.574029	4085.04103099	4089.07648463	4088.96855153	150470.30638343	36.74527735	4094.9563382
528	2019-03-29 20:00:00	4106.60708961	4083.50098234	4088.96855153	4104.60395545	71249.7147496	17.41769548	4090.65107559
529	2019-03-30 00:00:00	4140.0	4092.74899471	4102.89931454	4094.17916137	288354.08224114	69.96773122	4121.2438536
530	2019-03-30 04:00:00	4107.4314579	4052.57725231	4093.15826961	4096.42859261	217167.78708167	53.1666803	4084.65952465
531	2019-03-30 08:00:00	4097.96999999	4078.79713223	4095.30039915	4095.99999999	62849.43613103	15.36569485	4090.24367232
532	2019-03-30 12:00:00	4095.99	4073.13595995	4093.85199999	4075.63274059	39351.73392032	9.62461324	4088.65612976
533	2019-03-30 16:00:00	4093.94914192	4062.02806239	4075.63274059	4088.3	108424.24357326	26.56960921	4080.76169718
534	2019-03-30 20:00:00	4106.33569553	4087.60010006	4088.0	4105.3	123006.44191318	30.01331499	4098.39572716
535	2019-03-31 00:00:00	4114.0	4087.8764206	4105.76366177	4095.80944181	132304.10914223	32.28276712	4098.28899271
536	2019-03-31 04:00:00	4100.96482571	4085.0	4096.99614806	4087.99999982	33838.5020088	8.25975017	4096.79485606
537	2019-03-31 08:00:00	4110.641106	4086.61562904	4086.61562904	4110.641106	55074.63026469	13.43181602	4100.31154258
538	2019-03-31 12:00:00	4111.7633746	4096.9	4106.88992007	4096.9	148710.87177191	36.23359425	4104.22633608
539	2019-03-31 16:00:00	4106.7942356	4096.65588179	4098.0	4104.95298238	41677.60884157	10.15789666	4102.97625941
540	2019-03-31 20:00:00	4111.3633755	4101.95298239	4107.48999999	4104.7592224	238095.10814571	57.96528598	4107.5465103
541	2019-04-01 00:00:00	4140.0	4063.94371652	4102.17000001	4133.19214103	555530.8502509	135.10621716	4111.80819009
542	2019-04-01 04:00:00	4141.28	4121.47186919	4133.49851742	4128.70520504	221342.19349379	53.57126033	4131.73392095
543	2019-04-01 08:00:00	4136.59999986	4119.5524432	4131.68051415	4134.00999999	444856.79660269	107.6828403	4131.17628921
544	2019-04-01 12:00:00	4159.12005494	4131.52198181	4134.00999998	4146.66842453	278439.81036717	67.11644305	4148.60796719
545	2019-04-01 16:00:00	4155.34538467	4137.88429726	4149.42184313	4139.50248373	106830.31532561	25.77322204	4145.01202681
546	2019-04-01 20:00:00	4151.97787363	4134.41821501	4139.50248372	4145.0	104270.78495022	25.16126391	4144.09964949
547	2019-04-02 00:00:00	4187.13124601	4138.68616096	4146.70150381	4173.90000001	740528.07109802	177.70474688	4167.1822734
548	2019-04-02 04:00:00	4859.0	4174.27358807	4174.27358807	4645.43036978	6885135.5245133	1511.86649274	4554.06317791
549	2019-04-02 08:00:00	4775.0	4649.99999991	4649.99999991	4721.38038495	1426891.7575811	303.11001348	4707.50451692
550	2019-04-02 12:00:00	4765.87301041	4650.0	4722.0	4732.0	1430842.607308	303.19109871	4719.27643455
551	2019-04-02 16:00:00	4743.53399359	4663.2733271	4738.04999999	4736.343248	493048.79712875	104.77364048	4705.84771961
552	2019-04-02 20:00:00	4899.9	4717.46885849	4730.2994723	4861.41982157	2176272.4845565	454.46497294	4788.64734168
553	2019-04-03 00:00:00	5038.0	4859.76889198	4861.10219193	5007.51176938	1929747.3953026	390.30618675	4944.18859042
554	2019-04-03 04:00:00	5007.51176938	4808.32217016	5007.51176938	4918.296483	1175517.1539674	240.02300873	4897.51861784
555	2019-04-03 08:00:00	4940.0	4894.00842719	4920.0267	4922.82074049	282281.698613	57.48320181	4910.68155086
556	2019-04-03 12:00:00	4999.99	4912.35785142	4912.35785142	4962.5	1121906.7934827	226.24123209	4958.89623265
557	2019-04-03 16:00:00	5145.48274215	4956.8236337	4956.8236337	5101.15764965	1923890.2717562	378.92899433	5077.17883968
558	2019-04-03 20:00:00	5274.73567118	4784.44121629	5109.97641004	4939.9	4844199.8588645	968.35051126	5002.52729
559	2019-04-04 00:00:00	5036.0	4887.61931231	4939.9	4936.8069544	1320169.7420233	266.96056524	4945.18634554
560	2019-04-04 04:00:00	5035.75494803	4926.73770732	4934.93860713	5015.0	733651.4378056	147.17698223	4984.82457439
561	2019-04-04 08:00:00	5026.2466419	4902.70358529	5015.79468966	4968.70000002	902637.70161217	181.74073291	4966.62298626
562	2019-04-04 12:00:00	5015.5496022	4933.28258675	4970.71371061	4982.23013919	616263.7469972	123.71659593	4981.2536658
563	2019-04-04 16:00:00	4980.88947282	4802.32872637	4980.00200572	4805.0728482	1070849.6032857	219.66613491	4874.89618608
564	2019-04-04 20:00:00	4922.09579515	4779.0	4806.18603943	4890.34243552	686098.77332447	141.3954392	4852.34019715
565	2019-04-05 00:00:00	4950.75629858	4885.94455076	4898.32730814	4890.80971793	255790.57176962	51.9331889	4925.37772448
566	2019-04-05 04:00:00	4997.38428337	4901.0804002	4901.08040039	4951.26542458	759010.40451424	153.52369148	4943.9301335
567	2019-04-05 08:00:00	5006.87379574	4935.93056685	4950.56023902	4983.57658004	462630.3161582	93.01367169	4973.78834479
568	2019-04-05 12:00:00	5037.38472809	4934.45973383	4985.9303182	4967.2379782	792186.49971897	159.16198183	4977.23445392
569	2019-04-05 16:00:00	5035.49478424	4957.38571247	4967.2379782	4978.28685166	593716.88686316	118.82792914	4996.44226033
570	2019-04-05 20:00:00	5024.23956948	4959.32266965	4980.57632234	5005.49886382	388687.88677389	77.83521035	4993.72822436
571	2019-04-06 00:00:00	5005.49886382	4962.94044315	5005.49886382	4993.7107078	183521.78480917	36.82558294	4983.54052149
572	2019-04-06 04:00:00	5008.394368	4983.00600001	4993.71070775	4984.46814203	111010.18745342	22.20823805	4998.60399566
573	2019-04-06 08:00:00	4984.6175608	4947.76210325	4984.46814202	4983.60950647	315054.01307023	63.48012313	4963.03405752
574	2019-04-06 12:00:00	5096.93021854	4978.18506577	4979.73809198	5087.58803306	897577.73031065	178.78482243	5020.43584075
575	2019-04-06 16:00:00	5200.0	5080.88129923	5091.0	5139.54694789	1478116.084187	287.39357693	5143.17717179
576	2019-04-06 20:00:00	5152.75768991	4933.08600812	5135.63614974	5051.06520581	1789850.0721906	356.16989904	5025.27045944
577	2019-04-07 00:00:00	5145.08568057	5033.9192941	5051.06520581	5122.5	523135.16754067	102.90035945	5083.90029283
578	2019-04-07 04:00:00	5159.0	5086.14235575	5119.89188264	5141.44150089	661417.27874452	129.01508352	5126.66628349
579	2019-04-07 08:00:00	5177.64925736	5100.0	5136.59940487	5112.32604226	441717.67047007	86.04218271	5133.73390304
580	2019-04-07 12:00:00	5164.19204048	5090.00000001	5112.78509265	5126.6375746	348554.10334394	67.90637976	5132.86239931
581	2019-04-07 16:00:00	5150.0	5052.38817769	5123.07058521	5118.23520736	490289.80694519	95.88401509	5113.36333261
582	2019-04-07 20:00:00	5220.0	5089.3572462	5118.23520736	5174.93586977	1648717.1439535	319.97589308	5152.62924367
583	2019-04-08 00:00:00	5315.70006089	5155.75695842	5172.49044736	5200.62670905	1488526.2110299	283.68782011	5247.05717169
584	2019-04-08 04:00:00	5269.507894	5161.97113833	5200.62670905	5207.61959812	859594.83709701	164.14062812	5236.94131637
585	2019-04-08 08:00:00	5219.29337489	5055.30852647	5207.61959812	5055.30852647	942889.03964819	183.14407889	5148.34574703
586	2019-04-08 12:00:00	5204.50470769	5050.0	5055.50863898	5188.83946622	2113544.3889776	411.21457993	5139.76033957
587	2019-04-08 16:00:00	5206.0	5148.009026	5195.03038058	5162.931	352800.35585519	68.25271473	5169.03037851
588	2019-04-08 20:00:00	5257.74305186	5156.66748968	5158.76122986	5240.21979062	411980.00861938	79.03335572	5212.73587419
589	2019-04-09 00:00:00	5240.21979062	5138.32	5240.21979062	5155.10798607	562611.76744879	108.50553381	5185.09745718
590	2019-04-09 04:00:00	5179.0	5076.19235437	5163.49155825	5150.0	527157.56745288	102.77878631	5129.05032623
591	2019-04-09 08:00:00	5167.89999999	5090.0	5147.57750002	5149.03	469862.63184977	91.57475415	5130.9188456
592	2019-04-09 12:00:00	5190.50592244	5137.77371514	5155.88921174	5166.70744599	355013.13143377	68.84277785	5156.86819331
593	2019-04-09 16:00:00	5187.53075185	5158.76874678	5160.55900243	5164.9	140050.47153949	27.09143429	5169.54805863
594	2019-04-09 20:00:00	5198.0	5124.82591378	5164.7	5154.12533859	238295.81700966	46.14747984	5163.78831164
595	2019-04-10 00:00:00	5198.8	5137.83695891	5153.09743701	5167.93360722	258189.53949442	49.94905837	5169.05719386
596	2019-04-10 04:00:00	5223.0	5175.27116483	5175.27116483	5197.69999995	259403.67406631	49.84853649	5203.83731061
597	2019-04-10 08:00:00	5220.26261205	5193.0	5199.59876487	5200.0	244796.57371225	47.03770947	5204.26220729
598	2019-04-10 12:00:00	5244.0	5199.37811886	5199.37811886	5244.0	358337.25221127	68.58178708	5224.96230366
599	2019-04-10 16:00:00	5420.93626445	5224.66377841	5244.0	5361.0	2086758.7660976	392.70746622	5313.7741082
600	2019-04-10 20:00:00	5388.43619901	5197.48464421	5361.0	5309.45449317	932492.32308666	176.85428621	5272.65888246
601	2019-04-11 00:00:00	5326.57628912	5113.86522461	5313.0	5140.58	986479.90651254	189.41043267	5208.16035635
602	2019-04-11 04:00:00	5198.19386906	5100.02000001	5140.58	5168.79639123	734611.35615485	142.46107563	5156.57594824
603	2019-04-11 08:00:00	5176.23592061	4925.0	5164.89999996	5002.973123	2032752.1747921	401.92806413	5057.50246425
604	2019-04-11 12:00:00	5036.0013425	4967.57394026	5001.00508784	4997.32533286	1251228.6032419	249.66352356	5011.65963453
605	2019-04-11 16:00:00	5061.45771031	4964.13990158	4995.02512828	5046.20067877	482928.08683224	96.17342728	5021.4295205
606	2019-04-11 20:00:00	5050.09015397	4968.23769723	5046.20067877	5022.1	176478.94409677	35.13508914	5022.86883046
607	2019-04-12 00:00:00	5016.0	4872.40447627	5016.0	4983.02318006	708483.08068675	143.78232154	4927.47003316
608	2019-04-12 04:00:00	5009.56488258	4963.26439601	4983.02318329	4991.4493674	177829.66639028	35.67721108	4984.40491863
609	2019-04-12 08:00:00	5064.98480942	4965.20000001	4991.56556705	5040.0	268846.31929094	53.76139437	5000.73189026
610	2019-04-12 12:00:00	5056.04	5015.19016442	5040.0	5044.88156172	235896.95637528	46.81744089	5038.65550724
611	2019-04-12 16:00:00	5077.82223453	5005.97113833	5042.47809309	5030.8821764	1182904.9378291	235.33844334	5026.39909162
612	2019-04-12 20:00:00	5064.27974045	5003.15292259	5032.11595079	5053.2249604	176000.58942517	34.9655787	5033.5385819
613	2019-04-13 00:00:00	5100.0999693	5024.8000001	5043.00000001	5079.98480943	422720.25068397	83.15276297	5083.65850496
614	2019-04-13 04:00:00	5093.0	5060.06579289	5083.39999999	5062.20428025	131479.50484436	25.8839686	5079.57287679
615	2019-04-13 08:00:00	5070.26335344	5002.05785799	5069.26034222	5017.92107887	324916.49861334	64.62731077	5027.54168078
616	2019-04-13 12:00:00	5072.0	5017.35327283	5017.69285964	5056.0	192986.60133835	38.23586763	5047.26617441
617	2019-04-13 16:00:00	5070.0	5040.0	5056.00000001	5049.8233887	88390.62273931	17.48760714	5054.47212026
618	2019-04-13 20:00:00	5063.233651	5016.24006815	5050.09999991	5049.60651492	149146.9035092	29.58462388	5041.36554563
619	2019-04-14 00:00:00	5065.45363398	5020.30000093	5056.11757259	5034.11651687	60390.1148494	11.98009163	5040.87253374
620	2019-04-14 04:00:00	5044.59999994	4997.6260146	5031.48419317	5039.0	204387.47724793	40.77529601	5012.53202914
621	2019-04-14 08:00:00	5050.0	5028.36681487	5040.67683007	5046.3	64917.25941593	12.87532038	5041.99177185
622	2019-04-14 12:00:00	5069.0	5038.41867006	5046.26999986	5069.0	158544.67031187	31.37857415	5052.64100127
623	2019-04-14 16:00:00	5087.6	5059.1479718	5066.12312034	5071.87503898	350404.97270657	69.04475602	5075.04107343
624	2019-04-14 20:00:00	5147.04034544	5062.02400001	5071.87503898	5126.69105029	541406.90969846	105.74857988	5119.7558427
625	2019-04-15 00:00:00	5165.40000005	5126.55778482	5126.69105029	5139.0	270234.03005502	52.53920952	5143.47346532
626	2019-04-15 04:00:00	5165.8889749	5126.9719334	5144.54175859	5137.62318834	214759.33823443	41.7691369	5141.57950518
627	2019-04-15 08:00:00	5140.0	5097.67213341	5139.16884912	5102.53871053	132620.72079789	25.90890389	5118.73143537
628	2019-04-15 12:00:00	5146.1614954	5083.08042464	5102.7	5130.55581498	318302.32191105	62.17860681	5119.16136821
629	2019-04-15 16:00:00	5139.50234615	4990.0	5133.13614809	5012.9	1098552.0262733	217.94865458	5040.41664487
630	2019-04-15 20:00:00	5051.53854694	4950.0	5004.51967482	5032.7545694	520812.91302085	103.83600614	5015.72558866
631	2019-04-16 00:00:00	5055.0	5021.19935944	5031.83403907	5042.63757061	108219.21061734	21.49335733	5035.00727949
632	2019-04-16 04:00:00	5077.31197525	5040.78972338	5044.33231285	5066.06	130664.84963751	25.83273578	5058.11117917
633	2019-04-16 08:00:00	5079.98480941	5042.4946387	5066.30000026	5049.12953704	81019.9950818	15.99536911	5065.21572116
634	2019-04-16 12:00:00	5087.30000087	5009.0	5055.88957828	5073.01267549	251618.28560265	49.79770838	5052.8085285
635	2019-04-16 16:00:00	5193.9587789	5064.76208289	5073.77320639	5160.3718924	569234.10336778	110.59111016	5147.19585095
636	2019-04-16 20:00:00	5188.6	5139.09356697	5160.3718924	5176.5244883	281319.02245237	54.47885243	5163.82063689
637	2019-04-17 00:00:00	5234.98087353	5165.0	5175.72605442	5197.1342639	345655.80254364	66.55761505	5193.33215716
638	2019-04-17 04:00:00	5201.54090105	5174.1361983	5199.99648916	5184.93924618	141660.33307164	27.27656612	5193.48118998
639	2019-04-17 08:00:00	5220.96593031	5160.0	5187.60066282	5208.80828839	214913.47272967	41.37877466	5193.80949521
640	2019-04-17 12:00:00	5225.0	5144.00000001	5208.80828839	5180.46812126	876117.99763826	169.11026884	5180.74983647
641	2019-04-17 16:00:00	5211.388	5176.60775528	5180.46812126	5208.00000003	167810.78671635	32.27453605	5199.47944275
642	2019-04-17 20:00:00	5214.98480942	5188.5	5208.0	5203.18561709	152875.22900026	29.3659521	5205.8665927
643	2019-04-18 00:00:00	5249.43914602	5200.0	5202.29557818	5247.86683735	1289356.35076	246.71027311	5226.19643886
644	2019-04-18 04:00:00	5263.68374999	5236.27650002	5249.59550059	5246.93007358	338257.70804053	64.47542139	5246.30472741
645	2019-04-18 08:00:00	5247.64152758	5203.58830786	5247.64152758	5216.0	191119.09912069	36.59462031	5222.60095887
646	2019-04-18 12:00:00	5248.72132178	5215.03055005	5218.16793892	5226.68983888	1461121.4773281	278.94406994	5238.0445931
647	2019-04-18 16:00:00	5280.63039924	5207.31104862	5228.64188415	5268.29093318	829380.73294812	158.05884209	5247.2909581
648	2019-04-18 20:00:00	5291.39483621	5234.12267327	5268.29093317	5260.81355704	330699.29946497	62.76410138	5268.92430854
649	2019-04-19 00:00:00	5256.34466624	5196.0	5255.38492057	5215.13328867	2234221.0113002	429.29353133	5204.41341004
650	2019-04-19 04:00:00	5232.76841752	5203.70107116	5214.71835321	5230.00000001	140688.95667498	26.93013305	5224.22063098
651	2019-04-19 08:00:00	5260.20014499	5214.21204156	5230.0	5237.1	348239.28239211	66.47658047	5238.52580758
652	2019-04-19 12:00:00	5266.50346296	5218.2	5236.56366779	5260.40000006	135549.88674472	25.83517784	5246.71777311
653	2019-04-19 16:00:00	5328.31375588	5237.542869	5258.0	5274.88049051	320679.0597912	60.79196181	5275.02403678
654	2019-04-19 20:00:00	5277.19568262	5214.21204157	5274.88049051	5260.85910911	192116.02160518	36.64378757	5242.79923952
655	2019-04-20 00:00:00	5293.0	5258.6556945	5261.24619999	5273.97082117	128488.40994357	24.33983326	5278.93550342
656	2019-04-20 04:00:00	5309.98480941	5261.70000001	5276.58725573	5308.6	203949.97440495	38.51136686	5295.83837276
657	2019-04-20 08:00:00	5328.95	5273.78578407	5309.70132956	5285.64022209	317064.66271242	59.85256199	5297.42841693
658	2019-04-20 12:00:00	5315.04249998	5276.0	5290.0	5291.86492757	171947.13893043	32.44429445	5299.7650849
659	2019-04-20 16:00:00	5302.79649039	5282.1029823	5293.5564161	5299.5	215342.8099175	40.6895997	5292.33050964
660	2019-04-20 20:00:00	5308.39394845	5241.0	5299.51999999	5289.87388452	303855.82462678	57.51043871	5283.48994447
661	2019-04-21 00:00:00	5313.30000074	5286.41116149	5289.87388452	5307.6	100980.12785441	19.05341186	5299.84490947
662	2019-04-21 04:00:00	5304.0	5277.97006228	5304.0	5277.97006228	178491.73526863	33.75836221	5287.33396953
663	2019-04-21 08:00:00	5285.2533	5188.0	5279.37985217	5227.99989985	897020.72194705	171.5507172	5228.8952013
664	2019-04-21 12:00:00	5238.3999	5167.7828115	5224.99999996	5238.3999	411841.10930873	79.0272752	5211.37934044
665	2019-04-21 16:00:00	5240.89999999	5196.99809918	5238.3999	5220.25105402	125694.57333161	24.05463858	5225.37775463
666	2019-04-21 20:00:00	5270.0	5200.0	5214.60000006	5258.95905177	191052.66925315	36.47825549	5237.43985798
667	2019-04-22 00:00:00	5267.0	5212.0	5259.29999999	5221.89999991	138623.0277529	26.43879506	5243.16737726
668	2019-04-22 04:00:00	5252.90784405	5220.49999966	5220.49999966	5244.72090475	65700.4458794	12.52328117	5246.26453622
669	2019-04-22 08:00:00	5291.06703957	5240.72506293	5244.72090475	5275.90124606	171225.74537111	32.48361461	5271.14200272
670	2019-04-22 12:00:00	5344.03197846	5266.0	5273.40000001	5283.21811998	620028.08423231	116.9552753	5301.4118657
671	2019-04-22 16:00:00	5390.0	5253.72089779	5278.21811998	5350.37631414	3031973.7884416	568.22840326	5335.83638383
672	2019-04-22 20:00:00	5382.61364858	5328.90000001	5355.5559065	5364.93620828	733500.69511583	136.85516695	5359.68580114
673	2019-04-23 00:00:00	5438.98786739	5337.08382823	5363.27633158	5424.22291869	1141979.2441526	212.21351	5381.27494405
674	2019-04-23 04:00:00	5597.01	5416.28443051	5419.81786701	5507.5064119	1843103.2369493	335.09957036	5500.16592074
675	2019-04-23 08:00:00	5538.68874681	5474.16311287	5507.50641187	5515.09308	545026.45760044	98.93543485000001	5508.91051751
676	2019-04-23 12:00:00	5554.85581748	5511.36015077	5514.65765368	5528.48772	1164269.6971346	210.37431285	5534.27688657
677	2019-04-23 16:00:00	5580.0	5517.39999999	5532.79999998	5570.97990834	637175.57581248	114.74406234	5553.0156665
678	2019-04-23 20:00:00	5572.34541812	5480.0	5570.97990834	5494.4451665	325271.45258158	58.94192331	5518.50761419
679	2019-04-24 00:00:00	5557.13572592	5440.55765348	5494.29134272	5535.00000001	661254.57129261	120.07568566	5506.9814314
680	2019-04-24 04:00:00	5588.0	5390.0	5538.75269406	5421.09069235	1567168.4620264	283.69652302	5524.10175966
681	2019-04-24 08:00:00	5457.04337356	5342.0	5421.1528201	5382.49000001	1724312.690949	318.55601222	5412.90267583
682	2019-04-24 12:00:00	5449.45567649	5374.36842261	5384.80569928	5427.13341783	776653.15665128	143.54369597	5410.56959278
683	2019-04-24 16:00:00	5436.55189944	5348.39999999	5429.22055665	5399.75564042	779797.54893563	144.5211171	5395.73430224
684	2019-04-24 20:00:00	5417.74099994	5381.02407634	5397.82655531	5409.0325917	560866.71114274	103.86207016	5400.11103455
685	2019-04-25 00:00:00	5433.00646642	5386.98752371	5408.97964369	5415.95453023	328814.80042529	60.76510876	5411.24351021
686	2019-04-25 04:00:00	5426.0	5367.76741633	5415.95453023	5402.93201605	294406.51144545	54.61889743	5390.19506614
687	2019-04-25 08:00:00	5438.07436	5356.40809572	5401.58128305	5438.0	373168.26812236	69.08955828	5401.22527068
688	2019-04-25 12:00:00	5440.0	5401.85206347	5438.0	5431.63451041	510567.70498673	94.15322587	5422.73193795
689	2019-04-25 16:00:00	5488.66646742	5423.54123466	5433.25351465	5471.35007317	300240.76792289	54.96764912	5462.13586954
690	2019-04-25 20:00:00	5481.48581467	5110.88677657	5470.48841637	5229.5526	4744272.5978062	905.78667272	5237.7372517
691	2019-04-26 00:00:00	5505.45	5168.63090661	5230.64739068	5340.00000008	1455502.8579523	272.23183396	5346.55641399
692	2019-04-26 04:00:00	5379.19992896	5250.21724923	5340.00000147	5288.89332728	1144870.3641929	215.83820898	5304.29885238
693	2019-04-26 08:00:00	5344.36	5281.61000005	5288.40000001	5329.2663649	748696.76623231	140.93196714	5312.46942355
694	2019-04-26 12:00:00	5340.0	5280.01000001	5329.26636527	5285.79935878	819851.20554	154.1437971	5318.74276464
695	2019-04-26 16:00:00	5291.28	5201.8780661	5291.28	5260.0	560258.56901334	106.74501443	5248.56895663
696	2019-04-26 20:00:00	5327.2700964	5260.0	5260.0	5312.71123874	305677.14576678	57.67362839	5300.11990401
697	2019-04-27 00:00:00	5323.2	5292.0240948	5310.02778062	5298.50883	93307.53852716	17.58809111	5305.15437653
698	2019-04-27 04:00:00	5323.14968181	5267.18347329	5293.86966244	5314.594352	183859.07660693	34.69491149	5299.30957339
699	2019-04-27 08:00:00	5323.07238799	5270.0	5320.44040579	5281.97174981	103901.69714622	19.63057883	5292.84938798
700	2019-04-27 12:00:00	5305.82999999	5264.76972467	5276.20481581	5278.15761467	80030.41722917	15.14949496	5282.71189504
701	2019-04-27 16:00:00	5350.29000019	5278.15761467	5278.15761467	5332.60999997	293578.89879164	55.26366463	5312.33136197
702	2019-04-27 20:00:00	5344.99999997	5284.65091641	5331.38863114	5296.32637366	188795.67304114	35.50117375	5318.01214153
703	2019-04-28 00:00:00	5322.2654482	5276.87806612	5296.32637371	5306.53866866	366284.67993752	69.25107403	5289.22742452
704	2019-04-28 04:00:00	5320.99999999	5295.24876712	5306.53866866	5320.99999998	141498.61344743	26.66133058	5307.26000425
705	2019-04-28 08:00:00	5343.13904868	5308.72265242	5320.99999999	5333.20000003	371482.83380303	69.78230707	5323.453027
706	2019-04-28 12:00:00	5336.62494286	5282.81058902	5335.30078459	5333.40312473	481444.26577509	90.63802513	5311.72501921
707	2019-04-28 16:00:00	5334.83153988	5261.3259746	5333.40312472	5290.13550282	477588.27240341	90.06275972	5302.83853046
708	2019-04-28 20:00:00	5317.86555804	5263.074867	5294.66274284	5314.30345056	280608.58594059	53.01961732	5292.54264977
709	2019-04-29 00:00:00	5335.21312182	5296.80000088	5314.85903876	5318.96609528	331562.79949013	62.34146107	5318.49581
710	2019-04-29 04:00:00	5333.41078047	5303.03614442	5319.44093535	5304.31779375	347405.33339914	65.31939942	5318.56288459
711	2019-04-29 08:00:00	5311.8	5251.81546632	5305.26655493	5276.91771037	562267.07825005	106.46912831	5281.03392199
712	2019-04-29 12:00:00	5279.19384814	5200.0	5276.51479721	5244.70000001	1389250.025613	265.543356	5231.72579626
713	2019-04-29 16:00:00	5279.78301619	5217.15473949	5244.70000001	5232.00000027	149634.48038696	28.53239977	5244.37066609
714	2019-04-29 20:00:00	5246.18999995	5190.0	5238.06802858	5242.41999996	306962.47833338	58.93115309	5208.83203938
715	2019-04-30 00:00:00	5257.68268122	5215.7086306	5242.37312454	5221.19732945	202301.70800121	38.58170998	5243.46142527
716	2019-04-30 04:00:00	5224.55591253	5199.28852138	5218.82149432	5221.29069288	240911.38572747	46.22398655	5211.82623369
717	2019-04-30 08:00:00	5291.21684004	5212.94174296	5222.69999993	5291.21684004	505542.39640371	96.19102324	5255.60888506
718	2019-04-30 12:00:00	5336.96489556	5262.0	5285.99683655	5312.36605249	619177.25070819	116.96239705	5293.81464748
719	2019-04-30 16:00:00	5330.0	5276.06041123	5312.36605249	5301.57446092	715815.19025445	134.83676112	5308.75396522
720	2019-04-30 20:00:00	5338.00000018	5293.67	5301.57446092	5321.39761414	653423.00173371	122.87787393	5317.66200728
721	2019-05-01 00:00:00	5375.2489468	5319.2	5321.58839732	5354.43936419	527153.56267746	98.62238363	5345.17158554
722	2019-05-01 04:00:00	5360.11423776	5337.5368996	5348.27453047	5351.74915118	156878.04990724	29.34825716	5345.39577774
723	2019-05-01 08:00:00	5369.07072119	5334.0	5344.40374053	5363.3	302863.33745976	56.60982428	5350.01373545
724	2019-05-01 12:00:00	5370.0	5337.20171424	5363.29999963	5347.70000009	683577.57170039	127.50853745	5361.03374229
725	2019-05-01 16:00:00	5406.40595454	5338.99999989	5357.0	5368.0212872	592793.52439824	110.42326571	5368.3752295
726	2019-05-01 20:00:00	5396.77775971	5356.71373237	5367.03015341	5395.6	151397.96954304	28.19339194	5369.98066303
727	2019-05-02 00:00:00	5400.0	5375.66425798	5387.3	5400.0	156413.4500061	29.0340741	5387.23740482
728	2019-05-02 04:00:00	5415.0	5368.5263456	5385.5	5410.0	166053.14480701	30.78144248	5394.58619962
729	2019-05-02 08:00:00	5450.0	5404.70020006	5409.24510004	5446.00000001	444240.89855036	81.80043982	5430.78863057
730	2019-05-02 12:00:00	5535.0	5417.26817218	5446.0	5522.77176231	880666.04149657	160.63493942	5482.40653419
731	2019-05-02 16:00:00	5533.43449684	5472.99999998	5522.0	5503.0363133	399672.19489518	72.73017939	5495.27305236
732	2019-05-02 20:00:00	5521.54643727	5491.37142527	5501.08523091	5500.4723121	143121.89976989	26.00115766	5504.44336523
733	2019-05-03 00:00:00	5599.57546744	5483.15403604	5496.2921577	5589.8999994	384139.58680367	69.21343407	5550.07264074
734	2019-05-03 04:00:00	5700.0	5567.98451578	5573.0	5689.73136528	467527.9332804	83.12337368	5624.5062319
735	2019-05-03 08:00:00	5836.64824562	5660.79367077	5689.73136527	5758.0	2438718.4515638	423.87166978	5753.43582841
736	2019-05-03 12:00:00	5850.70851039	5747.27110901	5750.71094456	5782.23866204	942996.47395131	162.67408024	5796.84527836
737	2019-05-03 16:00:00	5797.43124712	5720.71610869	5776.46230003	5754.80000001	270887.05103046	47.11008018	5750.08681784
738	2019-05-03 20:00:00	5793.17715671	5742.3	5754.80562994	5771.5	297343.2111293	51.5272152	5770.60510596
739	2019-05-04 00:00:00	5900.0	5771.59818547	5771.59818547	5842.85150437	1027798.8073021	175.67559616	5850.54970507
740	2019-05-04 04:00:00	5842.85150436	5759.00000002	5842.85150436	5804.25432678	384731.95074317	66.33121008	5800.1648135
741	2019-05-04 08:00:00	5818.00000003	5761.29625962	5804.2543281	5791.62920409	641977.85795988	110.96141701	5785.59534709
742	2019-05-04 12:00:00	5797.06081966	5596.84587203	5792.74999996	5644.36586765	1219383.349055	215.1458194	5667.70645349
743	2019-05-04 16:00:00	5695.0	5636.38230557	5641.029315	5678.26999998	204082.11353367	36.04236222	5662.2846274
744	2019-05-04 20:00:00	5866.0	5678.27	5678.27	5842.8	761974.4531701	131.15503674	5809.72314986
745	2019-05-05 00:00:00	5836.1	5757.76495388	5836.01902891	5811.17727061	410252.47487177	70.77076289	5796.92033996
746	2019-05-05 04:00:00	5826.47470978	5740.0	5811.1772706	5750.39077464	316537.93349953	54.69004732	5787.8526169
747	2019-05-05 08:00:00	5795.62078623	5712.63	5744.94464307	5764.6861894	170515.66609829	29.53556476	5773.2319488
748	2019-05-05 12:00:00	5802.721072	5740.00000002	5765.0	5777.82011139	126634.97347367	21.93175446	5774.0466548
749	2019-05-05 16:00:00	5777.89840469	5699.27264148	5777.8201113	5762.72391881	245743.71312204	42.72861159	5751.26838849
750	2019-05-05 20:00:00	5819.09711529	5762.72391882	5762.72391883	5776.39331064	404824.46538276	69.93822611	5788.3147443
751	2019-05-06 00:00:00	5793.77577663	5650.0	5784.0	5699.30884781	904527.0274232	158.63823031	5701.82247782
752	2019-05-06 04:00:00	5732.89840464	5630.0	5695.56558194	5631.47957883	234256.88830368	41.37386844	5661.95275269
753	2019-05-06 08:00:00	5712.66600743	5620.99999999	5631.47957883	5710.09062927	194876.06918959	34.28346169	5684.25881119
754	2019-05-06 12:00:00	5730.0	5676.8082616	5701.99999996	5728.0	258121.23234112	45.22726785	5707.2037426
755	2019-05-06 16:00:00	5798.40173965	5727.99999999	5728.0	5796.95426145	531477.20826794	92.18104684	5765.58008926
756	2019-05-06 20:00:00	5797.23678867	5736.93732824	5795.45899015	5744.28401558	216430.41223448	37.5809467	5759.04630509
757	2019-05-07 00:00:00	5987.14760746	5752.34437575	5754.61385487	5964.0	897816.69660608	153.17584577	5861.34642895
758	2019-05-07 04:00:00	5980.0112421	5914.0	5964.0	5937.22200093	271819.82299113	45.69171005	5948.99649616
759	2019-05-07 08:00:00	5965.96302354	5925.97433809	5935.0	5945.33297352	150858.95377269	25.38335495	5943.22358371
760	2019-05-07 12:00:00	6015.68442672	5839.30952006	5944.65600224	5915.88847173	830478.9535064	139.99239538	5932.31476075
761	2019-05-07 16:00:00	5962.92538873	5871.4190517	5915.888472	5917.90000003	348751.00257411	58.83767763	5927.34140132
762	2019-05-07 20:00:00	5965.642312	5822.8630633	5924.65082786	5846.0	612329.20543907	103.80580334	5898.79549829
763	2019-05-08 00:00:00	5893.15061335	5795.0	5848.3384	5875.65594024	626951.15887297	107.16400781	5850.38924621
764	2019-05-08 04:00:00	5925.5543	5877.02152208	5880.0	5912.1	163438.80478284	27.67200073	5906.28796152
765	2019-05-08 08:00:00	5950.0	5880.0	5906.36867864	5938.15458327	264155.8600798	44.68814163	5911.09521328
766	2019-05-08 12:00:00	5971.83067578	5897.08602727	5938.15458327	5958.97162974	384577.78105371	64.85211403	5930.07316424
767	2019-05-08 16:00:00	5966.1227876	5919.97791197	5961.57346654	5952.76437643	274847.05753391	46.28073282	5938.69285957
768	2019-05-08 20:00:00	6010.02668376	5892.57089488	5952.99999987	5982.9000003	661323.58183349	111.01362598	5957.13882863
769	2019-05-09 00:00:00	6103.49227362	5982.9000003	5982.9000003	6074.0	548599.83588398	90.58899378	6055.9215087
770	2019-05-09 04:00:00	6114.14596859	6060.89560314	6074.0	6087.0	394279.27910969	64.75463166	6088.81973385
771	2019-05-09 08:00:00	6108.99999996	6060.2	6086.94021287	6073.14646712	288621.60363567	47.44653442	6083.09136091
772	2019-05-09 12:00:00	6072.99999999	6010.6237984	6072.99999999	6045.89999999	716316.66734065	118.53119681	6043.27541287
773	2019-05-09 16:00:00	6114.25992901	6038.0	6043.79999995	6109.12532647	523997.34320679	86.07625695	6087.59443979
774	2019-05-09 20:00:00	6195.50000088	6096.16923507	6109.12532647	6174.69999999	892857.90664452	145.32518059	6143.86235764
775	2019-05-10 00:00:00	6325.92467073	6137.70627834	6174.69999999	6299.98	1107064.2669973	177.73976919	6228.56815918
776	2019-05-10 04:00:00	6350.0000001	6216.54163493	6283.60050156	6332.91702746	624106.45043763	99.06172417	6300.17754755
777	2019-05-10 08:00:00	6350.0	6276.42331889	6343.05076602	6306.0	1088368.1223861	172.42570517	6312.099007
778	2019-05-10 12:00:00	6361.18590748	6270.0	6307.0	6350.64961	504983.15184318	80.07123076	6306.67403323
779	2019-05-10 16:00:00	6448.0	6333.09338428	6356.77010558	6392.9615859	769011.85102606	120.01003752	6407.896097
780	2019-05-10 20:00:00	6415.85191628	6270.01999999	6391.08874704	6382.09999949	595301.12594573	93.79278032	6346.98240008
781	2019-05-11 00:00:00	6603.3127222	6380.70000014	6380.70000015	6578.46392439	845039.97800826	129.62741161	6518.99137314
782	2019-05-11 04:00:00	6949.0	6572.6472178	6576.32	6795.0	2542149.2846405	376.28507721	6755.9131058
783	2019-05-11 08:00:00	6815.0	6636.89181151	6795.0	6770.3671262	1225289.0204257	181.6693933	6744.6089744
784	2019-05-11 12:00:00	6893.62688429	6710.33290273	6764.48877559	6893.62688429	1295235.2413272	190.97799372	6782.11775135
785	2019-05-11 16:00:00	6981.88545335	6839.75517588	6893.62688429	6906.68603568	1472085.4690511	212.62767119	6923.30147253
786	2019-05-11 20:00:00	7377.0	6899.45900305	6910.86126561	7215.08049998	2359264.7910455	328.22137454	7188.02909881
787	2019-05-12 00:00:00	7274.19325995	6948.63813949	7214.98039997	7163.49915375	1920933.0542845	269.96188734	7115.57128753
788	2019-05-12 04:00:00	7500.0	7163.49915375	7163.49915375	7483.0	1224073.9931694	166.12747921	7368.28126803
789	2019-05-12 08:00:00	7518.29323308	6987.16613998	7481.00000003	7169.2791723	3273003.3335891	451.63980056	7246.93290877
790	2019-05-12 12:00:00	7245.6610041	6756.90779629	7166.60313061	6864.93	2488291.2441042	355.97740099	6990.02587575
791	2019-05-12 16:00:00	7078.83306936	6838.50739173	6864.93	7008.56485582	1295588.7667386	186.60053466	6943.11390425
792	2019-05-12 20:00:00	7168.29323296	6880.49738034	7019.79057765	6980.59158242	1368972.2829889	194.71994109	7030.46783665
793	2019-05-13 00:00:00	7081.28846698	6862.86784574	6977.594289	7036.01980255	690291.74615271	98.68397927	6994.97275301
794	2019-05-13 04:00:00	7157.34263416	7023.079919	7033.11606895	7040.40535347	671692.90665223	94.68600257	7093.89865894
795	2019-05-13 08:00:00	7296.61057967	7029.0	7057.99999991	7232.56221128	981370.65004725	137.27527664	7148.92494896
796	2019-05-13 12:00:00	7857.90381234	7219.02826649	7231.88502051	7790.0	4273953.9059491	564.31452973	7573.70877548
797	2019-05-13 16:00:00	7914.47902	7718.36260154	7783.7692464	7872.10934842	2931203.3423023	374.81668807	7820.36508938
798	2019-05-13 20:00:00	8100.0	7650.0	7866.63586881	7811.96432384	5200693.0445217	660.14449233	7878.11320846
799	2019-05-14 00:00:00	8060.0	7793.94132296	7805.71831231	7951.99999972	1090856.4095753	137.26623023	7947.01222396
800	2019-05-14 04:00:00	8311.28471438	7936.94542482	7936.94542482	8311.28471438	1927964.2218762	239.5374562	8048.69623507
801	2019-05-14 08:00:00	8342.61065618	7920.00000001	8306.78886201	8062.88163168	2551313.2048661	315.62478544	8083.3740649
802	2019-05-14 12:00:00	8214.44948957	7950.0	8064.30982878	7961.91020448	1730197.6042954	213.40132042	8107.71742597
803	2019-05-14 16:00:00	8067.0571585	7750.17088884	7957.28751569	7810.0	2699396.4831349	342.0073173	7892.80330153
804	2019-05-14 20:00:00	8050.894061	7682.90511992	7810.0	8000.0	1676206.8361758	213.63666656	7846.06342706
805	2019-05-15 00:00:00	8127.19593332	7959.71303017	8010.0	8033.00000003	1114837.7046772	138.42921026	8053.48598452
806	2019-05-15 04:00:00	8050.00000001	7830.0	8036.20303055	7887.21120001	793818.94053457	99.70230167	7961.89182434
807	2019-05-15 08:00:00	8125.0	7833.75	7887.21119999	7956.59999999	1198549.3084242	149.44266865	8020.12784736
808	2019-05-15 12:00:00	8040.0	7900.55639606	7965.34200399	7995.82811108	1280891.6089888	160.83427784	7964.04613612
809	2019-05-15 16:00:00	8223.83493776	7920.0	7996.60000005	8169.06000025	2437873.2986373	301.06726831	8097.43720173
810	2019-05-15 20:00:00	8242.45843065	8090.4444	8169.06000025	8169.88672531	1347351.0876246	164.99652544	8165.9361252
811	2019-05-16 00:00:00	8320.0	8142.49500009	8170.26680001	8237.05786382	2254573.9885032	273.12974163	8254.58983356
812	2019-05-16 04:00:00	8231.16785288	7929.63323986	8229.17648374	8005.00000003	2995559.2796064	371.56014707	8062.11135189
813	2019-05-16 08:00:00	8076.80413073	7770.04979891	8007.28999974	7877.41566355	2457051.8745671	310.16826734	7921.67392118
814	2019-05-16 12:00:00	8025.14526862	7751.89877158	7875.96312295	8015.0	1504779.8993594	190.39597048	7903.4230376
815	2019-05-16 16:00:00	8029.91127241	7802.02376564	8016.24229586	7859.33114471	1253244.1900441	158.12523047	7925.64340503
816	2019-05-16 20:00:00	7945.37740801	7708.0	7853.46572075	7873.93604739	1107759.1495681	141.14070905	7848.61544925
817	2019-05-17 00:00:00	7929.10385391	7010.0	7871.72774774	7346.28706562	5120494.0315732	690.63017366	7414.23445841
818	2019-05-17 04:00:00	7480.31924307	7163.78339522	7357.39555107	7303.399998	1809802.2909385	247.85261083	7301.92950107
819	2019-05-17 08:00:00	7325.377408	7060.0	7303.399998	7163.29900679	1462590.6851404	203.19451029	7197.98326762
820	2019-05-17 12:00:00	7270.37740801	6917.9094749	7163.29900679	7084.0	2018791.6947297	283.76407294	7114.33154244
821	2019-05-17 16:00:00	7213.99999999	6994.68	7084.0	7136.34330005	2427244.8273305	342.32481041	7090.47300551
822	2019-05-17 20:00:00	7359.0	7083.6351868	7135.83188478	7352.42393267	1405824.3455833	194.09293274	7243.04757384
823	2019-05-18 00:00:00	7435.0	7231.36085862	7356.0564	7376.42547407	792719.5600527	108.03344778	7337.72342124
824	2019-05-18 04:00:00	7457.62888199	7288.63127366	7376.42547406	7294.5450267	858224.93776398	116.40472883	7372.76695191
825	2019-05-18 08:00:00	7365.38270793	7198.86813194	7307.46230133	7300.001	665616.25977021	91.37398457	7284.52702268
826	2019-05-18 12:00:00	7391.3580037	7268.02817625	7300.001	7346.03514357	598957.90615017	81.49774425	7349.38017809
827	2019-05-18 16:00:00	7360.83564079	7232.78072843	7346.03514357	7247.59579791	605606.61891998	82.82848194	7311.5745301
828	2019-05-18 20:00:00	7342.30256707	7236.70885255	7247.59579791	7267.63201716	403295.72623496	55.41692854	7277.4824744
829	2019-05-19 00:00:00	7919.93000003	7250.0	7262.28626822	7901.34729824	2535991.63663	332.6681693	7623.18691916
830	2019-05-19 04:00:00	7980.0	7816.6293883	7904.03515698	7917.66133443	1064138.0283706	134.66447242	7902.14381898
831	2019-05-19 08:00:00	8085.377408	7873.79305381	7911.32847217	7963.35995872	1278398.045338	160.28412761	7975.82433395
832	2019-05-19 12:00:00	7986.31701622	7776.62094599	7963.35995872	7968.68457279	1803459.9005161	228.47376522	7893.50978121
833	2019-05-19 16:00:00	8043.95239212	7871.74733302	7968.68457279	7951.49530458	1034753.4166186	129.80382634	7971.67114248
834	2019-05-19 20:00:00	8264.0	7900.0	7936.59689646	8163.01036736	1722024.7331969	212.06584848	8120.23598113
835	2019-05-20 00:00:00	8146.09814502	7800.0	8146.09814502	8025.83092101	1463833.320203	183.56078113	7974.65183571
836	2019-05-20 04:00:00	8102.83609181	7846.13717681	8026.92373076	7870.39373015	525696.88065313	65.89380852	7977.94045389
837	2019-05-20 08:00:00	7935.39679079	7793.90000088	7870.3693317	7834.07016056	667459.59610003	84.99006793	7853.3834877
838	2019-05-20 12:00:00	7886.96660889	7564.99999999	7834.31540935	7818.17123946	2657297.044615	345.31893179	7695.19652699
839	2019-05-20 16:00:00	7874.41999998	7682.11468128	7829.03853364	7810.44135941	492944.99567141	63.27217412	7790.8654559
840	2019-05-20 20:00:00	8070.0	7784.73364374	7810.0	7924.86865096	816261.28312334	102.88932395	7933.39145196
841	2019-05-21 00:00:00	7986.46317434	7800.0	7939.45539033	7894.17531001	451131.2265892	57.06476866	7905.59985053
842	2019-05-21 04:00:00	7930.08821143	7789.17304621	7888.67723532	7898.70689456	298022.07327243	37.85313129	7873.11546274
843	2019-05-21 08:00:00	7972.73	7779.0	7898.62432831	7847.41170049	468397.05957471	59.41948885	7882.88604698
844	2019-05-21 12:00:00	7972.39239737	7811.60000039	7847.06479286	7906.89999936	581983.34793993	73.81245864	7884.62217169
845	2019-05-21 16:00:00	7990.2023282	7866.96152177	7905.79999996	7963.18884451	574980.76840539	72.50479815	7930.24438487
846	2019-05-21 20:00:00	8028.07500712	7861.54488016	7963.18884451	7903.1610962	649595.97253221	81.48960963	7971.51901305
847	2019-05-22 00:00:00	7979.60116908	7894.79610953	7903.1610962	7903.7603199	461028.91174068	58.09526852	7935.73940676
848	2019-05-22 04:00:00	7944.21614677	7816.99999952	7900.9158037	7885.5904196	258085.1302102	32.74455696	7881.77193924
849	2019-05-22 08:00:00	7923.09999996	7745.07358369	7885.59041951	7802.40401927	943544.58156205	120.40640287	7836.33228027
850	2019-05-22 12:00:00	8000.0	7780.0	7805.70609417	7922.83874124	765797.31531722	96.82932006	7908.73378892
851	2019-05-22 16:00:00	7940.0	7846.51665634	7930.20000026	7894.91047554	453941.20638695	57.42042908	7905.56973641
852	2019-05-22 20:00:00	7908.1933701	7511.88319056	7900.0	7628.80358764	1722105.5301956	223.55274621	7703.35215912
853	2019-05-23 00:00:00	7679.26756919	7544.62913073	7628.80358762	7654.82779275	486774.06948043	63.89757573	7618.03658306
854	2019-05-23 04:00:00	7688.34314119	7550.5	7660.05779638	7585.01238195	433755.02712337	56.92022815	7620.4021175
855	2019-05-23 08:00:00	7641.52028759	7469.00000001	7585.06428411	7590.50151774	1041546.2599252	138.0002536	7547.42279636
856	2019-05-23 12:00:00	7800.0	7556.1199004	7589.0	7761.30396854	696112.51769526	90.48309104	7693.28843316
857	2019-05-23 16:00:00	7850.0	7707.49261481	7761.0	7765.0	646959.77410107	83.22667342	7773.46669662
858	2019-05-23 20:00:00	7930.45	7756.04067597	7757.24558721	7847.22406338	463218.1354053	58.89278547	7865.44789329
859	2019-05-24 00:00:00	7901.9	7800.0	7850.29539091	7838.48867818	340329.20132873	43.41278568	7839.37717881
860	2019-05-24 04:00:00	7880.0	7773.84	7846.56624547	7841.896821	145178.35587069	18.5445219	7828.63837922
861	2019-05-24 08:00:00	7999.47385444	7852.9855358	7852.9855358	7972.58563511	1124821.6714375	141.51612182	7948.36416495
862	2019-05-24 12:00:00	8089.99272089	7923.01977808	7973.34205158	8059.25421328	1196776.1329863	149.1561596	8023.64539416
863	2019-05-24 16:00:00	8117.44621983	7967.93152285	8046.12646678	8023.11426671	904763.57993628	112.31973367	8055.25040323
864	2019-05-24 20:00:00	8089.31545451	7901.00000001	8024.95820534	7975.28895219	440877.64868921	55.02831306	8011.83289425
865	2019-05-25 00:00:00	8025.57464098	7939.66936506	7957.42571844	7979.13049535	314256.40673732	39.30348625	7995.63694524
866	2019-05-25 04:00:00	8010.78224734	7915.48791435	7983.89	7963.1627751	265070.06651135	33.34926583	7948.30290605
867	2019-05-25 08:00:00	8087.4703042	7940.1161249	7963.2990306	8039.44278597	420954.08314238	52.41196994	8031.64016968
868	2019-05-25 12:00:00	8066.31511958	7970.0	8040.00000004	8015.22711427	299832.94093519	37.41576197	8013.54630103
869	2019-05-25 16:00:00	8038.79893555	7935.00000002	8012.04752221	7964.5583908	156187.92040674	19.55094762	7988.76471066
870	2019-05-25 20:00:00	8054.03069878	7967.08776579	7967.08776579	8036.47249247	132525.86750537	16.52372639	8020.33780864
871	2019-05-26 00:00:00	8045.08842876	7960.68799982	8036.40000083	7968.77391307	240922.6459755	30.13829719	7993.90371847
872	2019-05-26 04:00:00	8018.97039936	7920.00000001	7960.89802113	7981.49999998	512151.2747593	64.31184016	7963.56119627
873	2019-05-26 08:00:00	7995.9216433	7852.55417392	7980.69999999	7909.64591673	332748.48761343	42.03586827	7915.82287479
874	2019-05-26 12:00:00	7999.15112417	7880.0	7909.64591673	7976.93590553	240471.05822387	30.25959533	7946.93569432
875	2019-05-26 16:00:00	8499.999	7943.54825837	7989.0	8484.17915149	2427873.2422019	293.21158301	8280.27739313
876	2019-05-26 20:00:00	8729.52563474	8430.00000002	8484.05072334	8622.61232617	4425258.6170069	516.62573221	8565.69532082
877	2019-05-27 00:00:00	8830.0	8588.38000082	8616.50275214	8664.34223703	2546561.3736436	291.43960433	8737.86999367
878	2019-05-27 04:00:00	8729.44256472	8597.01876182	8667.3588002	8705.5969997	1002876.4299489	115.56487518	8678.03844712
879	2019-05-27 08:00:00	8701.4514949	8613.73615208	8695.20750004	8684.34403742	1175542.7366329	135.70020171	8662.79284643
880	2019-05-27 12:00:00	8861.883	8685.63468209	8685.63468209	8797.60000089	2113537.3236107	240.34204708	8793.87252163
881	2019-05-27 16:00:00	8900.08580809	8607.87240079	8797.6000009	8760.45970614	2127476.42449	243.95704093	8720.70105613
882	2019-05-27 20:00:00	8818.2495	8672.03977012	8762.0349141	8750.08139821	1288305.7417067	147.3988372	8740.27072519
883	2019-05-28 00:00:00	8795.08766306	8719.25161073	8749.78539435	8760.45654195	686182.95833918	78.28491287	8765.2005116
884	2019-05-28 04:00:00	8784.59289593	8633.05331792	8764.30570748	8720.31085945	609817.0792222	70.07507732	8702.3390133
885	2019-05-28 08:00:00	8740.45097675	8654.0	8720.79245953	8735.71648901	475593.03894488	54.70293005	8694.10538905
886	2019-05-28 12:00:00	8750.03035803	8550.0	8733.15302706	8689.04173833	1067339.5428147	123.51683662	8641.24739608
887	2019-05-28 16:00:00	8775.0	8615.25391791	8678.65517312	8683.0000001	1034927.1072829	118.98647338	8697.8551249
888	2019-05-28 20:00:00	8737.50601272	8666.18517418	8691.63036551	8722.1895544	590582.4922023	67.94250138	8692.38665352
889	2019-05-29 00:00:00	8718.05751243	8613.86182274	8718.05751243	8657.70889996	271019.68127618	31.26815658	8667.59383728
890	2019-05-29 04:00:00	8661.59641594	8426.78085745	8661.59641594	8550.0	2117793.564409	247.62913218	8552.27955517
891	2019-05-29 08:00:00	8684.22374652	8531.3349257	8544.31718401	8628.44999934	564512.48391569	65.49660684	8618.95770104
892	2019-05-29 12:00:00	8748.62120843	8620.03407033	8628.44999889	8694.90597648	1038033.1024656	119.34032885	8698.09152085
893	2019-05-29 16:00:00	8717.74284753	8626.20892677	8684.72999151	8671.09999999	246068.60720981	28.35137509	8679.24770592
894	2019-05-29 20:00:00	8709.9	8611.29064909	8673.66953384	8653.0	302257.24149236	34.95167195	8647.86216592
895	2019-05-30 00:00:00	8720.20000002	8550.98881605	8655.09999999	8684.84158582	910665.93573225	105.61059335	8622.86544224
896	2019-05-30 04:00:00	8750.39081831	8657.82681887	8681.29661665	8690.16073427	747258.93805339	85.91532348	8697.62119009
897	2019-05-30 08:00:00	8773.87298105	8670.0	8693.20054025	8720.82439066	1343222.2371523	154.06204877	8718.70942828
898	2019-05-30 12:00:00	8950.0	8693.86743457	8720.00000001	8950.0	1042228.2790737	118.7049685	8779.98867481
899	2019-05-30 16:00:00	9050.46826904	8530.76669515	8931.4688769	8620.3734	4032616.0962047	463.1685396	8706.58464775
900	2019-05-30 20:00:00	8621.00000003	8053.00000001	8621.00000003	8275.24969776	5210298.8775463	626.03502867	8322.69543864
901	2019-05-31 00:00:00	8383.18198183	8217.88254147	8273.86	8272.5535098	967367.51144114	116.47121304	8305.63609832
902	2019-05-31 04:00:00	8319.7298478	8117.09170448	8267.77564962	8311.26364245	1311864.4752447	159.49231714	8225.25184139
903	2019-05-31 08:00:00	8350.0	8234.9	8316.24620426	8287.63903998	480732.34930792	58.01588803	8286.21892436
904	2019-05-31 12:00:00	8450.0	8263.08268852	8263.08268852	8358.68293635	1039617.6233642	123.95579926	8387.00270233
905	2019-05-31 16:00:00	8467.23629837	8299.59389891	8352.89425011	8446.18238929	695782.03708154	82.72509986	8410.77300914
906	2019-05-31 20:00:00	8580.0	8432.0	8445.05673484	8549.98762712	1132751.9484723	133.00434107	8516.65396301
907	2019-06-01 00:00:00	8587.33521751	8489.16978341	8547.17394021	8559.99999995	323366.83228674	37.84583509	8544.31753237
908	2019-06-01 04:00:00	8570.0	8455.13025256	8550.0	8538.00000009	301754.1139327	35.47132497	8506.98738172
909	2019-06-01 08:00:00	8610.23539745	8517.93607926	8538.00000004	8561.05906779	517864.16546367	60.42189423	8570.80321733
910	2019-06-01 12:00:00	8570.79985225	8430.70000089	8560.54990795	8526.78516836	653945.36550858	77.00662105	8492.06674168
911	2019-06-01 16:00:00	8576.51024659	8474.82308645	8522.77555205	8538.10396873	284314.35073115	33.3571556	8523.33916418
912	2019-06-01 20:00:00	8599.1	8506.64517596	8533.88169157	8542.76100762	286759.91029852	33.50539127	8558.61995425
913	2019-06-02 00:00:00	8590.27900417	8531.56036447	8541.35645645	8548.9	140012.90570134	16.33905096	8569.2189861
914	2019-06-02 04:00:00	8724.34840867	8542.08186019	8549.70417453	8707.10887467	862492.720938	99.73813094	8647.57252626
915	2019-06-02 08:00:00	8741.48915972	8677.75328403	8704.91679455	8720.00000046	665121.76299747	76.35621534	8710.77436245
916	2019-06-02 12:00:00	8803.60730671	8600.91881572	8720.5	8677.04725676	980113.51958892	112.45048059	8715.95669886
917	2019-06-02 16:00:00	8703.34150324	8625.84114964	8677.04725676	8664.93228249	265089.15643361	30.62219738	8656.76467119
918	2019-06-02 20:00:00	8750.0	8645.18207929	8664.93228249	8724.49080533	235385.12020843	27.0355776	8706.49496345
919	2019-06-03 00:00:00	8732.89563132	8625.84114964	8720.2659723	8660.18377964	970493.19314867	111.81840665	8679.18996723
920	2019-06-03 04:00:00	8671.96425728	8342.8077888	8660.18	8469.4	2284205.0818371	269.23056644	8484.19669445
921	2019-06-03 08:00:00	8544.10034485	8435.0	8470.0	8503.95515695	421829.938757	49.6306712	8499.38009214
922	2019-06-03 12:00:00	8560.42898129	8336.25328193	8500.0	8470.3927827	995525.08738647	117.61650533	8464.16142524
923	2019-06-03 16:00:00	8580.0	8437.5929239	8463.02601626	8576.85638473	395026.12704619	46.33134986	8526.10874148
924	2019-06-03 20:00:00	8577.49999848	8075.0	8575.74574193	8118.44080432	2227067.2873071	269.56755344	8261.62963193
925	2019-06-04 00:00:00	8115.93591117	7805.0	8115.93591117	7920.00000001	2657948.1557762	333.58902813	7967.73254407
926	2019-06-04 04:00:00	8012.8552417	7809.82344682	7916.18976006	7888.90000007	783063.00829242	98.93042424	7915.29010724
927	2019-06-04 08:00:00	8001.54436079	7893.24300252	7900.39999999	7945.84780742	777689.10783718	97.7874218	7952.8541966
928	2019-06-04 12:00:00	8038.58738275	7879.99999999	7949.0	7939.32853779	640710.87299673	80.25805693	7983.1346223
929	2019-06-04 16:00:00	7966.43977486	7559.28951872	7955.72378264	7618.81623071	3790361.140398	492.55380211	7695.32409284
930	2019-06-04 20:00:00	7733.45052602	7506.13533914	7628.80965183	7691.48915971	2019768.3860176	266.50428046	7578.74651218
931	2019-06-05 00:00:00	7880.0	7691.48915972	7691.48915972	7794.987259	649878.20607617	83.41872799	7790.55521146
932	2019-06-05 04:00:00	7837.81389799	7697.8842131	7794.987259	7825.65045483	475415.62851862	61.13465138	7776.53291197
933	2019-06-05 08:00:00	7886.48915969	7765.2453248	7836.16816053	7789.91411345	457398.35893511	58.37999475	7834.84755169
934	2019-06-05 12:00:00	7808.40851678	7580.47725419	7790.42677628	7634.00178628	819435.89078911	106.55756562	7690.07705854
935	2019-06-05 16:00:00	7830.85480318	7624.77799172	7624.77799172	7789.94148044	484703.33832635	62.40964722	7766.48098358
936	2019-06-05 20:00:00	7893.22653188	7614.69755323	7789.5	7773.49521967	999489.27736842	128.83307075	7758.01796502
937	2019-06-06 00:00:00	7853.48915972	7742.2009288	7774.26701925	7846.58182317	304781.55573424	39.06402505	7802.1032227
938	2019-06-06 04:00:00	7850.68479323	7757.0628262	7850.68479323	7764.00691306	292633.36648137	37.56511691	7790.02943561
939	2019-06-06 08:00:00	7831.75201019	7742.66346326	7764.42576064	7830.02666871	387034.00877201	49.59831221	7803.37054884
940	2019-06-06 12:00:00	7841.4891597	7642.41983257	7827.00000002	7710.72073062	793611.56537859	102.75931943	7723.013054
941	2019-06-06 16:00:00	7707.32641505	7510.0	7707.32641505	7599.99999992	855910.992543	112.93024842	7579.11192544
942	2019-06-06 20:00:00	7800.0	7587.56398321	7599.99999992	7784.81161432	681031.17053264	88.36156292	7707.32372795
943	2019-06-07 00:00:00	7813.11148738	7747.92706031	7789.57486601	7789.84546287	684231.84994565	87.89865796	7784.32647125
944	2019-06-07 04:00:00	7981.10149621	7763.8	7789.84546287	7934.96550068	734080.01122473	93.00574042	7892.84626851
945	2019-06-07 08:00:00	7998.0556928	7880.0	7939.89348878	7887.11130368	617469.44621953	77.71468556	7945.33802421
946	2019-06-07 12:00:00	7950.22064662	7876.6143951	7897.68608729	7922.19515533	251971.70715553	31.83095124	7915.93393661
947	2019-06-07 16:00:00	8093.24596995	7908.2	7929.00224421	7957.59999939	1143217.4544567	142.46961483	8024.28964113
948	2019-06-07 20:00:00	8041.23632969	7870.0	7940.01644305	7994.0	799080.93177349	100.70865735	7934.58033102
949	2019-06-08 00:00:00	8043.51695302	7924.64750324	7985.5010644	7924.64750324	460319.2177122	57.65001404	7984.71995848
950	2019-06-08 04:00:00	7996.58593805	7856.71566071	7924.89561221	7915.68170488	405589.20248566	51.1464118	7929.96396446
951	2019-06-08 08:00:00	7998.0	7904.84170564	7904.84170564	7974.68603928	445340.19843138	56.01590687	7950.24526631
952	2019-06-08 12:00:00	7983.59999991	7849.202621	7981.10429171	7911.5383933	526585.88082071	66.48648654	7920.19413605
953	2019-06-08 16:00:00	7916.70000085	7769.09511391	7903.80006097	7805.06978875	2153480.0797715	275.78419525	7808.5695876
954	2019-06-08 20:00:00	7932.3	7817.39597382	7828.79989963	7895.0	146860.5888968	18.67973128	7862.02899257
955	2019-06-09 00:00:00	7930.80001139	7834.64750323	7907.939905	7875.67212762	203961.04945776	25.9155892	7870.20692
956	2019-06-09 04:00:00	7898.56647038	7847.84488281	7874.9	7897.47779586	99151.85535008	12.60462396	7866.30808382
957	2019-06-09 08:00:00	7919.63839526	7830.0	7897.47779585	7845.89888076	530229.11588826	67.51593638	7853.3920185
958	2019-06-09 12:00:00	7845.55691239	7676.63482094	7845.55691239	7715.00000001	1652360.0856689	214.14323093	7716.14436978
959	2019-06-09 16:00:00	7752.98421111	7582.07670339	7715.00000002	7733.99999999	1277837.4645766	167.23138684	7641.13417177
960	2019-06-09 20:00:00	7733.99999999	7511.73703814	7733.99999999	7640.60080127	807280.0279545	106.44815678	7583.78587637
961	2019-06-10 00:00:00	7671.48915972	7515.0	7628.0983474	7648.93443657	781502.01022973	102.71745925	7608.26850601
962	2019-06-10 04:00:00	7725.22973379	7612.20174105	7655.03616478	7702.0	414762.81163701	54.14687248	7659.95878691
963	2019-06-10 08:00:00	7956.48915972	7594.72485562	7700.09084106	7917.2916452	1312541.857082	168.6334139	7783.40322197
964	2019-06-10 12:00:00	8010.0	7858.98456524	7908.1684126	7904.03043581	1092585.4084467	137.60346833	7940.10079619
965	2019-06-10 16:00:00	7980.0	7887.0730878	7906.7492567	7940.88988595	710001.45224624	89.5756715	7926.27552053
966	2019-06-10 20:00:00	7988.73922554	7877.37326487	7940.96261443	7988.73922554	393985.10688807	49.62095747	7939.89328251
967	2019-06-11 00:00:00	8010.0	7900.11101862	7983.54293557	7926.99054568	575282.62983588	72.3881701	7947.19121979
968	2019-06-11 04:00:00	7942.13215439	7870.0	7926.99054568	7899.61427696	242967.17359621	30.72192048	7908.59327151
969	2019-06-11 08:00:00	7930.21888101	7721.7334794	7897.24510323	7762.2979885	1241414.0727743	159.18950494	7798.34118613
970	2019-06-11 12:00:00	7800.83793484	7735.59214371	7762.2979885	7761.25465815	216015.01011126	27.8274978	7762.64584274
971	2019-06-11 16:00:00	7897.12763217	7698.54700887	7761.25465815	7876.68792482	732170.97883831	93.4549866	7834.47738291
972	2019-06-11 20:00:00	7950.85975983	7857.24510325	7876.60963077	7887.5653311	379364.70341084	48.01442858	7901.05629974
973	2019-06-12 00:00:00	8038.0	7799.99099999	7893.17362552	7954.7855083	1055667.1220319	132.66067936	7957.64899686
974	2019-06-12 04:00:00	7968.13278158	7904.7438466	7959.06624232	7961.21311609	568924.81653542	71.76621795	7927.47385589
975	2019-06-12 08:00:00	8000.84776348	7868.97982945	7954.07779164	7965.39999998	618132.58625319	77.80515902	7944.62210525
976	2019-06-12 12:00:00	8198.67750445	7900.0	7967.59999994	8142.51583839	1722824.0609104	213.3137259	8076.48009354
977	2019-06-12 16:00:00	8171.48915958	8072.6210436	8138.78030697	8116.66000004	890372.50701882	109.5392333	8128.34342723
978	2019-06-12 20:00:00	8132.32515379	8061.3765455	8116.66000002	8130.0	376023.30764805	46.43089121	8098.5589087
979	2019-06-13 00:00:00	8148.64172855	8021.1674	8123.24785274	8082.53878687	346672.3209607	42.80396197	8099.07085712
980	2019-06-13 04:00:00	8114.2	8073.90665822	8085.42034343	8106.99892971	341817.06734169	42.19948753	8100.02887117
981	2019-06-13 08:00:00	8108.33692711	8040.54540574	8105.272211	8080.77011182	344941.30908857	42.70568648	8077.17513802
982	2019-06-13 12:00:00	8202.0	8001.2	8080.77000067	8165.1	667490.22995446	82.13294377	8126.9488139
983	2019-06-13 16:00:00	8273.82980369	8138.40059097	8165.1	8225.7	502051.42119293	61.189155	8204.90855271
984	2019-06-13 20:00:00	8303.59999999	8170.00000001	8225.0	8210.0	647723.51139082	78.42566721	8259.07556076
985	2019-06-14 00:00:00	8243.99999995	8153.8792154	8210.0	8201.71883336	1071436.4665479	130.49228049	8210.72681483
986	2019-06-14 04:00:00	8237.4	8176.68800353	8200.00000001	8228.89226258	289744.45001723	35.35078681	8196.26594379
987	2019-06-14 08:00:00	8295.99999997	8233.03346593	8237.4	8250.0	383265.44993156	46.3601809	8267.12585005
988	2019-06-14 12:00:00	8440.70170157	8247.84788807	8250.0	8403.83171034	1325963.6354398	158.52703122	8364.27469331
989	2019-06-14 16:00:00	8423.24102994	8320.6	8400.40219063	8400.0	715353.11485338	85.3392097	8382.46706722
990	2019-06-14 20:00:00	8700.0	8390.0	8390.0	8673.19999996	1706824.8624313	199.38179608	8560.58524894
991	2019-06-15 00:00:00	8674.00351103	8566.56958123	8673.09996994	8596.59999996	356508.3414165	41.38257062	8614.93947996
992	2019-06-15 04:00:00	8700.0	8575.50794107	8596.59999997	8659.5557048	677452.96054941	78.48809575	8631.28292355
993	2019-06-15 08:00:00	8668.2152557	8588.0	8666.48915972	8625.52083313	363089.7822187	42.06786935	8631.0475864
994	2019-06-15 12:00:00	8789.99999998	8586.02062005	8625.52083338	8758.40282471	854838.86397957	98.49296424	8679.18709296
995	2019-06-15 16:00:00	8865.62023983	8737.36573628	8758.4028245	8808.47447641	973437.40957085	110.71937249	8791.93394686
996	2019-06-15 20:00:00	8832.56474546	8732.23922667	8811.99999986	8809.26970927	443558.74592909	50.50740023	8782.05458822
997	2019-06-16 00:00:00	8965.0	8759.37683497	8809.49125799	8955.72314139	799149.90895155	89.72379151	8906.77818561
998	2019-06-16 04:00:00	9325.0	8950.0	8955.72314139	9241.4858966	3004900.1086519	328.06953495	9159.33906849
999	2019-06-16 08:00:00	9308.0	8902.12036056	9246.29055985	9074.91366648	2810953.5883656	310.01430192	9067.17390441
1000	2019-06-16 12:00:00	9268.20008224	9012.5207289	9075.0	9200.0	1720410.0621749	187.89995088	9155.98995166
1001	2019-06-16 16:00:00	9209.07065547	8889.41415546	9200.0	8907.31225701	1543305.0399242	171.22528828	9013.3008706
1002	2019-06-16 20:00:00	9061.73116165	8801.10000001	8935.13238864	8968.92286817	2050857.2264131	230.33798736	8903.68649096
1003	2019-06-17 00:00:00	9180.0	8949.00000001	8963.50269782	9150.29284698	675172.90174016	74.18497848	9101.20775895
1004	2019-06-17 04:00:00	9205.00000004	9090.0	9150.62413323	9120.32781978	387618.87275336	42.37443107	9147.47084422
1005	2019-06-17 08:00:00	9293.41844344	9050.0	9122.37157354	9257.76899052	985734.98545857	107.42777443	9175.79267269
1006	2019-06-17 12:00:00	9390.83903896	9100.0	9254.99165982	9152.27134385	1874516.6807554	202.6762342	9248.82331741
1007	2019-06-17 16:00:00	9330.0	9130.52006346	9150.80439102	9280.0	658199.92391992	71.31037501	9230.07239588
1008	2019-06-17 20:00:00	9429.96026884	9171.39551999	9274.40295725	9310.4213446	2594207.7177626	279.70858199	9274.68045244
1009	2019-06-18 00:00:00	9327.01003269	9188.0	9307.20008688	9223.60000001	801869.48998043	86.67484587	9251.46715787
1010	2019-06-18 04:00:00	9265.78490467	9002.31275506	9224.78265315	9100.0	687758.84693754	75.45028297	9115.39122008
1011	2019-06-18 08:00:00	9238.0	9076.30561466	9101.37985574	9175.4947943	638522.11258261	69.62902705	9170.34374362
1012	2019-06-18 12:00:00	9189.52158325	8949.31554828	9174.39506777	9077.6841332	1688343.1463895	185.6884577	9092.34298836
1013	2019-06-18 16:00:00	9123.29385556	8957.0	9077.68413325	9059.83784136	926134.8367166	102.53096399	9032.73314397
1014	2019-06-18 20:00:00	9137.51636999	8957.59570572	9059.83784136	9076.40925673	901468.23277556	99.71388153	9040.54900825
1015	2019-06-19 00:00:00	9162.99999999	9050.0	9086.28669228	9114.88865433	598815.8959615	65.60164314	9128.06245849
1016	2019-06-19 04:00:00	9209.59362007	9117.04000057	9130.01724643	9166.90000001	597710.65233093	65.13353966	9176.69537769
1017	2019-06-19 08:00:00	9185.08275505	9088.66990179	9167.93136087	9130.0	534129.25842154	58.3984447	9146.29252825
1018	2019-06-19 12:00:00	9150.0	9050.0	9130.0	9090.0021518	442714.47616421	48.66109225	9097.91489861
1019	2019-06-19 16:00:00	9150.0	9066.02056397	9090.00215181	9143.88505755	236409.89636074	25.91740564	9121.66517145
1020	2019-06-19 20:00:00	9292.69376912	9112.72356075	9143.88505652	9250.00000005	691769.62475045	75.10441057	9210.77230352
1021	2019-06-20 00:00:00	9340.07450047	9231.69147525	9251.49962426	9321.6758003	346073.44747014	37.23058424	9295.40737903
1022	2019-06-20 04:00:00	9328.07130306	9238.12508886	9323.527815	9246.69105625	217870.75982189	23.4617343	9286.21716689
1023	2019-06-20 08:00:00	9263.127418	9186.66	9245.01042541	9260.0	564589.87856776	61.20941575	9223.90569571
1024	2019-06-20 12:00:00	9386.28319594	9199.26376617	9260.08705196	9364.26259532	1231397.0650262	132.29027971	9308.29587574
1025	2019-06-20 16:00:00	9500.0	9270.0	9359.35476088	9500.0	1495349.9030861	159.15980948	9395.27326635
1026	2019-06-20 20:00:00	9580.00000001	9446.96568637	9499.4513258	9520.18418425	1131228.848485	118.76804946	9524.68996189
1027	2019-06-21 00:00:00	9769.80664888	9520.0	9520.0	9729.99999999	1468136.0200514	151.79134219	9672.06692338
1028	2019-06-21 04:00:00	9757.60979399	9637.93055979	9729.99999999	9721.40863972	1114461.6665068	114.82199476	9705.99464707
1029	2019-06-21 08:00:00	9800.0	9666.40086928	9719.12115607	9793.0	994405.17325738	102.02808994	9746.38625345
1030	2019-06-21 12:00:00	9888.0	9680.0	9780.0003206	9792.52656073	1683339.6717383	172.35775434	9766.54446551
1031	2019-06-21 16:00:00	9930.00000007	9792.52656073	9792.52656073	9899.64770336	1445761.7705378	146.21994979	9887.58218433
1032	2019-06-21 20:00:00	10195.0	9844.00467065	9898.23765027	10177.25008034	1583425.059489	158.66923082	9979.40842913
1033	2019-06-22 00:00:00	10938.53601752	10019.73104214	10168.0988083	10572.60000001	4362434.8446618	414.93649325	10513.50005513
1034	2019-06-22 04:00:00	10765.17747832	10527.39608752	10582.76756852	10672.57045836	1398445.6090272	130.78909809	10692.37137842
1035	2019-06-22 08:00:00	10934.6711986	10652.98596236	10672.57045837	10849.90041481	2229666.3249476	205.88093863	10829.88226003
1036	2019-06-22 12:00:00	11163.39963985	10320.0	10850.0	10806.30708571	7035564.4587365	647.01139295	10873.94215217
1037	2019-06-22 16:00:00	11011.09758931	10482.99600001	10822.0126567	10685.88310188	2681198.7197767	248.74328366	10778.97935705
1038	2019-06-22 20:00:00	10788.62400088	10412.03283738	10678.07316905	10729.36157159	2178642.101018	206.15690154	10567.88341667
1039	2019-06-23 00:00:00	10973.54761995	10679.31317681	10721.9878372	10781.65987078	1751524.8954273	161.37731674	10853.60031267
1040	2019-06-23 04:00:00	10832.85428376	10690.34846363	10794.50008955	10743.14627999	1143330.0826101	106.18800524	10767.0360699
1041	2019-06-23 08:00:00	10786.50826167	10558.02077125	10745.41387809	10660.0020467	1166981.4074147	109.35228598	10671.76051196
1042	2019-06-23 12:00:00	10817.28410426	10649.52024893	10662.65600618	10806.44229246	732037.75232967	68.04730652	10757.77704903
1043	2019-06-23 16:00:00	11101.34077219	10729.41723068	10806.44229246	11043.44008598	1685346.7936031	154.20506971	10929.25671492
1044	2019-06-23 20:00:00	11394.99999999	10800.0	11049.99899996	10899.95750221	3467479.3882995	313.51378056	11060.05414532
1045	2019-06-24 00:00:00	10889.1772131	10625.0	10889.1772131	10727.86039259	1541521.6189834	143.64541796	10731.4360658
1046	2019-06-24 04:00:00	10865.36614837	10690.4587067	10733.01467443	10816.11879079	1041671.1561679	96.45550284	10799.49951529
1047	2019-06-24 08:00:00	11010.02703098	10813.43985323	10813.43985323	10937.86037833	1269888.2447608	116.42354982	10907.48604319
1048	2019-06-24 12:00:00	10969.69697378	10820.0	10948.75233241	10937.71208933	1281288.4649529	117.74612384	10881.78891301
1049	2019-06-24 16:00:00	11133.56828818	10864.35900001	10937.71208933	10944.40627545	1695813.5999029	153.93316704	11016.55759127
1050	2019-06-24 20:00:00	11093.49868829	10863.18280001	10943.90303815	11048.62871993	802860.64316912	73.18984534	10969.56332452
1051	2019-06-25 00:00:00	11247.0	11032.15145584	11056.10000087	11174.0471158	1271050.1944368	114.15821131	11134.11098379
1052	2019-06-25 04:00:00	11412.28726192	11167.38061802	11171.3092108	11386.78091135	2547909.1168958	224.80749974	11333.73717443
1053	2019-06-25 08:00:00	11495.0	11265.98258927	11380.19440012	11424.23281555	2100435.7853072	184.49716661	11384.65063665
1054	2019-06-25 12:00:00	11442.26428426	11133.46422457	11428.66171	11389.00388475	2054841.393638	182.11841809	11282.99605931
1055	2019-06-25 16:00:00	11483.0	11284.0	11389.00388471	11416.87311421	1059035.0742761	92.95829379	11392.58296487
1056	2019-06-25 20:00:00	11839.99999999	11385.28480613	11416.87311421	11814.85058455	3068703.1723469	263.50197382	11645.84510643
1057	2019-06-26 00:00:00	12291.34836495	11701.00000001	11821.64207207	12282.78598739	5902500.6685224	492.83840101	11976.5437442
1058	2019-06-26 04:00:00	12985.27209926	12209.19096424	12282.78598739	12526.26189416	7737523.623932	613.36428753	12614.89098931
1059	2019-06-26 08:00:00	12760.76219197	12340.0	12526.26189416	12695.67987844	3489849.8332673	276.75099555	12610.07146995
1060	2019-06-26 12:00:00	12960.8183105	12596.78067728	12703.63634607	12882.34127775	3777557.5878738	295.23466417	12795.10181669
1061	2019-06-26 16:00:00	13963.81	12815.2236565	12882.34127782	13951.15841002	10106976.020656	747.0453642	13529.26676879
1062	2019-06-26 20:00:00	13954.64528211	11900.0	13951.15841002	13101.48646392	13616088.409148	1071.71972397	12704.8967231
1063	2019-06-27 00:00:00	13455.73782958	12500.0	13099.25239001	12994.2935477	3628322.197317	279.80786646	12967.19153475
1064	2019-06-27 04:00:00	13139.34559945	12200.0	12991.59178944	12461.55610248	3488021.6178146	276.51233765	12614.34353149
1065	2019-06-27 08:00:00	12481.20496704	11400.0	12465.40456938	12237.56849483	7289795.1917426	613.20009472	11888.11817628
1066	2019-06-27 12:00:00	12338.66053089	11594.77124833	12237.56849483	11811.68000001	3768777.6310447	317.46182285	11871.59324296
1067	2019-06-27 16:00:00	11939.34559945	10600.0	11819.4384713	11047.524601	10478498.670419	949.33765458	11037.69414377
1068	2019-06-27 20:00:00	11535.515	10531.0	11047.524601	11307.51810984	5817716.13435	525.47549734	11071.33665375
1069	2019-06-28 00:00:00	11756.0	11090.80000087	11316.20623565	11368.2809671	3027222.9279315	264.19709291	11458.19923523
1070	2019-06-28 04:00:00	11659.34559944	11013.19399476	11369.34559945	11415.05868929	4798963.260711	426.46770965	11252.81739302
1071	2019-06-28 08:00:00	12305.64197482	11418.55868884	11418.55868884	12187.51869828	5403939.2813564	452.65683304	11938.26953867
1072	2019-06-28 12:00:00	12208.09945951	11656.23249513	12200.00000001	11953.10000001	3640550.2480089	305.67756099	11909.77262517
1073	2019-06-28 16:00:00	12384.52338499	11810.50000001	12009.57264259	12360.50000088	2302903.426767	190.56029865	12084.9066835
1074	2019-06-28 20:00:00	12483.38445048	12175.60503197	12360.50000088	12411.32087548	2877941.8704058	233.12423817	12345.09930411
1075	2019-06-29 00:00:00	12439.10486219	11540.00000006	12400.2846418	11611.0654968	3611970.7890011	303.25449359	11910.69173037
1076	2019-06-29 04:00:00	11913.0	11492.23408671	11594.79420808	11884.91386072	1703102.7122314	145.62976797	11694.74301835
1077	2019-06-29 08:00:00	12049.99999999	11611.99999999	11872.29058814	12012.68671339	2630576.861667	223.25952088	11782.59655533
1078	2019-06-29 12:00:00	12188.76910151	11900.0	12023.3779912	11944.12	1969297.1501345	163.85314697	12018.67151501
1079	2019-06-29 16:00:00	12093.0	11724.48979592	11944.13154287	11898.19482812	1938882.2969801	162.91261864	11901.36352337
1080	2019-06-29 20:00:00	12233.056	11867.07978174	11899.61292627	11917.37690192	2131560.6181392	176.61465115	12068.99090341
1081	2019-06-30 00:00:00	12200.0	11909.07853493	11909.07853493	12132.65306122	1916109.216344	158.26024484	12107.33130282
1082	2019-06-30 04:00:00	12169.99999999	11695.667404	12132.65306122	11736.25284719	1998974.308415	168.24507857	11881.32411007
1083	2019-06-30 08:00:00	11880.0	11513.0	11746.61069433	11629.03008501	1758475.4260862	150.4260649	11689.96494892
1084	2019-06-30 12:00:00	11719.98999998	11050.0	11628.95846098	11156.35988782	4084270.5451457	361.14531986	11309.2163197
1085	2019-06-30 16:00:00	11421.3898453	10950.0001	11156.35988783	11295.0	2493399.937045	222.0539602	11228.80193084
1086	2019-06-30 20:00:00	11521.73018926	10778.3242213	11317.73976082	10838.63780999	3117100.3646245	279.9011206	11136.43403049
1087	2019-07-01 00:00:00	11262.5	10704.51404334	10838.63780999	11165.0	1842728.1500824	167.02780065	11032.46371508
1088	2019-07-01 04:00:00	11197.5	10883.92853033	11153.06122448	10974.31585727	1098995.2347026	99.56369191	11038.11252495
1089	2019-07-01 08:00:00	11200.0	10900.0	10989.79591836	11035.85469675	1850726.3223173	167.50753206	11048.61554317
1090	2019-07-01 12:00:00	11035.85469675	10063.06001079	11035.65469673	10398.26568576	6431446.8822798	616.49775654	10432.23079735
1091	2019-07-01 16:00:00	10466.8	10043.26675341	10399.41638029	10220.18155225	3388143.9392631	329.99676805	10267.20340106
1092	2019-07-01 20:00:00	10691.52131724	10220.1815523	10223.24760679	10623.96787549	2413443.773059	229.97203317	10494.50987492
1093	2019-07-02 00:00:00	10697.76	10226.1934746	10617.23737321	10338.1	934746.02334989	89.75941607	10413.90490576
1094	2019-07-02 04:00:00	10367.30167224	9764.25215	10338.2	9867.9417497	4001179.0355218	403.67950661	9911.77151677
1095	2019-07-02 08:00:00	10350.0	9723.0	9866.5352156	10002.7006	2842202.6214755	283.08105441	10040.24316427
1096	2019-07-02 12:00:00	10634.64737173	9924.36394353	10004.40862416	10631.38745877	2764041.7844179	269.04112958	10273.67744379
1097	2019-07-02 16:00:00	10900.25248738	10442.08468338	10627.13484504	10795.84188038	2687929.251797	250.82111611	10716.51898167
1098	2019-07-02 20:00:00	10939.3455994	10613.0	10779.79075369	10836.18072559	2072023.025503	192.08649384	10786.9272018
1099	2019-07-03 00:00:00	11444.0	10838.63376673	10838.63376673	11276.47609802	3307567.7914163	295.30786615	11200.40530764
1100	2019-07-03 04:00:00	11499.58938756	11211.0	11290.37067451	11250.48471449	2293019.1988755	201.6821701	11369.4690896
1101	2019-07-03 08:00:00	11356.12351792	10905.0	11223.64	11150.0	2745975.6334639	246.16279703	11155.12037803
1102	2019-07-03 12:00:00	11452.25027674	11139.71231102	11160.0	11411.4183211	1160589.4218356	102.41457768	11332.26780919
1103	2019-07-03 16:00:00	11440.42738999	11029.61554301	11411.4183211	11262.63975792	1473291.7651725	131.53697661	11200.59015451
1104	2019-07-03 20:00:00	11975.92246945	11216.57675262	11276.06868116	11933.0	2889866.5381309	247.15037065	11692.74612265
1105	2019-07-04 00:00:00	11996.9601917	11746.0	11933.0	11839.7	2203222.5288266	185.50001476	11877.20945293
1106	2019-07-04 04:00:00	11858.04680982	11570.1079144	11841.5	11689.69097209	1234994.2761727	105.57850771	11697.402274
1107	2019-07-04 08:00:00	11730.0	11481.00574788	11674.9245548	11693.44747509	1536507.9546062	132.43556989	11601.92806118
1108	2019-07-04 12:00:00	11861.90000004	11657.13530907	11692.49298269	11721.5535045	2133222.7761963	181.22187029	11771.33186398
1109	2019-07-04 16:00:00	11848.0	11617.89888143	11721.5535045	11792.37934556	1052584.4371384	89.60797123	11746.5491372
1110	2019-07-04 20:00:00	11795.99999997	11000.84143199	11795.99999997	11160.94506294	2750440.9821983	241.14129828	11405.93088706
1111	2019-07-05 00:00:00	11280.41125955	11020.7840157	11138.90311001	11149.03486888	1292133.3489959	115.63505024	11174.23606695
1112	2019-07-05 04:00:00	11219.24220525	10803.64926503	11148.46664373	10969.34559945	2351499.1408909	213.76164724	11000.56615044
1113	2019-07-05 08:00:00	11325.55977485	10855.61154723	10970.79791116	11185.01631616	2026081.6067078	182.80933206	11083.03161483
1114	2019-07-05 12:00:00	11406.66059999	11086.2897168	11184.53838973	11227.80576992	1660362.564133	147.87381939	11228.23885243
1115	2019-07-05 16:00:00	11309.34559945	11040.00000001	11230.0	11108.8556556	1048249.7440465	93.8839417	11165.37849887
1116	2019-07-05 20:00:00	11131.12555445	10823.03818588	11104.48657518	10966.50168114	1511528.4384665	137.83519593	10966.20081879
1117	2019-07-06 00:00:00	11456.25195365	11000.3062534	11000.3062534	11454.30747653	1151030.655529	101.84763561	11301.49608908
1118	2019-07-06 04:00:00	11530.516	11295.61184621	11458.44918632	11378.58489818	1522180.022543	133.37593406	11412.70374802
1119	2019-07-06 08:00:00	11475.0	11276.51411163	11377.98489812	11354.9847416	1141184.9227685	100.52569185	11352.1717858
1120	2019-07-06 12:00:00	11610.44531796	11295.0	11369.93500545	11573.48429551	1247894.2291393	109.12493674	11435.46348267
1121	2019-07-06 16:00:00	11676.4	11422.52361164	11578.0	11485.39999999	1225122.190457	106.18201843	11537.94407538
1122	2019-07-06 20:00:00	11486.4711009	11070.78429161	11486.4711009	11265.41486788	1270353.3317566	113.24593827	11217.65028541
1123	2019-07-07 00:00:00	11245.4959974	11113.13198665	11227.96905703	11143.86766834	638989.54864602	57.23727538	11163.87082375
1124	2019-07-07 04:00:00	11302.80030605	11137.72829867	11151.55361826	11187.70532247	594283.50885883	52.84424877	11245.94487936
1125	2019-07-07 08:00:00	11345.92027628	11111.0	11198.88717543	11321.54993651	709197.05375539	63.09331892	11240.44615016
1126	2019-07-07 12:00:00	11434.79840776	11177.69503205	11341.23309612	11204.86240539	1140903.6289521	100.95090116	11301.56953372
1127	2019-07-07 16:00:00	11520.99	11143.89094836	11206.85841336	11465.20324871	1664347.6221216	146.58038488	11354.50437986
1128	2019-07-07 20:00:00	11524.17466752	11298.0	11476.44217911	11415.1745791	660187.17109508	57.71735876	11438.27758716
1129	2019-07-08 00:00:00	11468.0	11290.0	11421.45311305	11352.5213649	723118.94633742	63.55149793	11378.47210358
1130	2019-07-08 04:00:00	11438.69292037	11354.80000003	11360.90000009	11428.41649625	589681.17008574	51.69055576	11407.90926728
1131	2019-07-08 08:00:00	11924.34559944	11356.77792872	11425.84194065	11883.22989371	2647336.7832826	224.87422016	11772.52235226
1132	2019-07-08 12:00:00	11899.99999998	11765.90687882	11883.94238996	11824.40163694	1557536.3076078	131.78998692	11818.32052653
1133	2019-07-08 16:00:00	12200.0	11729.0	11825.0	12176.99481597	2285917.3669004	190.89128747	11974.96961331
1134	2019-07-08 20:00:00	12344.7805097	12079.68880042	12176.00000001	12260.11338586	2818871.3336677	230.55855148	12226.27100826
1135	2019-07-09 00:00:00	12741.14536162	12191.28997792	12260.0	12652.81566227	3169694.8545572	254.29431013	12464.6707704
1136	2019-07-09 04:00:00	12779.52933984	12400.0	12650.2395236	12425.81770779	2653449.6449185	210.09973166	12629.4766012
1137	2019-07-09 08:00:00	12635.18802774	12070.60161973	12425.82268249	12273.70796119	4402569.9548898	358.26062032	12288.73536521
1138	2019-07-09 12:00:00	12395.63079125	12164.58334454	12273.70796119	12360.00000001	1206300.0406276	98.05797321	12301.90673066
1139	2019-07-09 16:00:00	12600.0	12278.09468419	12360.0	12491.04174091	2181435.9792288	174.67297291	12488.68638855
1140	2019-07-09 20:00:00	12632.75088849	12325.31376796	12460.74789756	12560.61493975	2090573.1872074	167.20308962	12503.19711171
1141	2019-07-10 00:00:00	13107.38981756	12523.96294534	12529.66580296	12950.0	5775258.8455687	447.0170657	12919.54891369
1142	2019-07-10 04:00:00	13061.5610377	12805.89999995	12975.10696084	12868.28314748	2186388.697685	168.67426082	12962.19522205
1143	2019-07-10 08:00:00	13124.34559945	12840.1386061	12865.80491653	12972.30756012	1739362.5319029	134.13531698	12967.22273495
1144	2019-07-10 12:00:00	13154.26681399	12129.99999999	12968.06341201	12377.74915264	6536348.2038457	520.21031766	12564.81846274
1145	2019-07-10 16:00:00	12375.25324287	11900.0	12375.06769921	12088.7574544	5048190.9685856	414.83975615	12169.01440555
1146	2019-07-10 20:00:00	12200.0	11574.62785449	12073.0138	12116.93014948	3973147.745426	334.82340089	11866.39803211
1147	2019-07-11 00:00:00	12109.78900001	11643.17464168	12109.78900001	11714.99369206	1490848.3186303	125.61899801	11868.01632115
1148	2019-07-11 04:00:00	11730.1082053	11208.499	11705.0	11590.05915722	3568854.4604149	312.42691332	11423.00585596
1149	2019-07-11 08:00:00	11645.78209	11315.36371536	11584.44715004	11601.90226583	1535347.4942671	133.93119785	11463.70314694
1150	2019-07-11 12:00:00	11767.5200191	11399.99999999	11607.14425291	11502.00787909	1674013.4016136	144.05727477	11620.47112362
1151	2019-07-11 16:00:00	11750.0	11389.4078496	11500.00000001	11577.51916817	1331442.4349758	114.63995588	11614.12201143
1152	2019-07-11 20:00:00	11608.72659444	11018.16020462	11576.73363661	11337.18581225	4103072.7874252	365.3081203	11231.8138016
1153	2019-07-12 00:00:00	11512.95326606	11131.31464427	11335.39702605	11197.76108172	959505.08314668	84.56456623	11346.41997142
1154	2019-07-12 04:00:00	11710.0	11094.2803934	11197.76108172	11648.06603052	1344007.5593057	117.10730465	11476.71841071
1155	2019-07-12 08:00:00	11736.0	11544.94347872	11648.06603052	11669.634076	959801.2412186	82.43917513	11642.53814651
1156	2019-07-12 12:00:00	11710.0	11443.7661207	11670.94817944	11489.46496796	1056500.121939	91.16818754	11588.47346258
1157	2019-07-12 16:00:00	11639.34559944	11416.58146981	11488.0	11591.42733949	710399.00226197	61.47900982	11555.14710373
1158	2019-07-12 20:00:00	11872.0	11591.4273395	11591.4273395	11755.15391067	995033.22075736	84.50293885	11775.13154333
1159	2019-07-13 00:00:00	11790.0	11535.19086172	11758.69316735	11583.13640001	565915.51810314	48.55263967	11655.71062561
1160	2019-07-13 04:00:00	11656.91934229	11449.99999999	11583.13631547	11457.09488	400632.2340505	34.75593061	11527.0178936
1161	2019-07-13 08:00:00	11569.71213771	11202.49324216	11467.15167678	11296.78064153	3142247.2799338	275.33394759	11412.49492638
1162	2019-07-13 12:00:00	11447.36322378	11272.44711598	11298.49779309	11412.47759353	752249.8680257	66.27173831	11350.9904404
1163	2019-07-13 16:00:00	11469.0	11011.0	11419.86478579	11194.98323325	1613498.0428096	144.4713151	11168.2934546
1164	2019-07-13 20:00:00	11444.34559943	10830.57515945	11193.0	11384.47102144	3137700.061825	283.69572121	11060.08948052
1165	2019-07-14 00:00:00	11443.41236848	11265.1977979	11362.37521601	11286.27761725	650135.62011157	57.22542684	11360.95711316
1166	2019-07-14 04:00:00	11334.53030015	11091.28920001	11279.0	11151.73405407	620884.42555627	55.4292254	11201.39098238
1167	2019-07-14 08:00:00	11180.31365343	10562.2147418	11120.91102311	10691.60133664	3179113.0242296	293.58015201	10828.77368399
1168	2019-07-14 12:00:00	10750.46972316	10310.0	10685.77351535	10409.37671561	2330714.3931259	220.58795824	10565.9185194
1169	2019-07-14 16:00:00	10691.0	10328.99999999	10404.09132643	10477.40000025	2417929.4482119	229.908594	10516.91633681
1170	2019-07-14 20:00:00	10720.00000001	10104.0	10481.80000006	10187.72402807	1687675.5272473	162.27991552	10399.78066194
1171	2019-07-15 00:00:00	10264.34559942	9870.0	10187.72402806	10239.79151422	2585002.4081412	257.45704753	10040.51911936
1172	2019-07-15 04:00:00	10327.93429128	10054.82227549	10245.0	10313.31396637	1348557.5714146	132.62023314	10168.56583256
1173	2019-07-15 08:00:00	10379.34559944	10137.36423107	10320.76109646	10296.66499784	902912.48748093	87.75854006	10288.59968344
1174	2019-07-15 12:00:00	10611.45383991	10070.83431923	10297.44835002	10561.78830367	2054563.354533	198.02713341	10375.16081333
1175	2019-07-15 16:00:00	10935.0	10379.69999999	10562.15376321	10845.00000001	3193723.9704915	298.69233728	10692.35320723
1176	2019-07-15 20:00:00	11062.4	10730.10000003	10845.00000001	10836.90135676	1659186.2808971	152.37774923	10888.63885495
1177	2019-07-16 00:00:00	11017.06664065	10634.39759192	10836.90135673	10693.25842439	1278178.5162221	118.17555289	10815.93007152
1178	2019-07-16 04:00:00	10786.10283	10500.0	10697.00000002	10720.94808292	1175709.7472373	110.3271575	10656.57607681
1179	2019-07-16 08:00:00	10835.41683909	10601.0	10721.08647929	10672.61851648	1107508.8933365	103.37265752	10713.75081096
1180	2019-07-16 12:00:00	10672.5	10338.69660001	10672.5	10489.55655471	1826290.0733622	174.48495736	10466.74797068
1181	2019-07-16 16:00:00	10492.77701945	9518.69172703	10492.77701944	9685.20000002	7270380.8962433	744.66605878	9763.2768548
1182	2019-07-16 20:00:00	9779.34559944	9357.38023436	9695.9997794	9403.62017037	4058799.8140438	423.86849406	9575.61099945
1183	2019-07-17 00:00:00	9611.80684299	9222.2	9429.99999984	9415.16266185	1891318.301886	201.03166621	9408.06161309
1184	2019-07-17 04:00:00	9597.53158827	9316.60210618	9402.56752788	9564.2	1008655.8999708	106.21075781	9496.73950895
1185	2019-07-17 08:00:00	9591.11822658	9065.4321612	9548.60464827	9145.0	2286869.3680834	247.67328059	9233.41170527
1186	2019-07-17 12:00:00	9799.99	9085.9888696	9150.0	9731.36469367	2262694.6658372	238.04808569	9505.20000729
1187	2019-07-17 16:00:00	9946.83309319	9642.01829225	9698.95464875	9702.56494025	2228916.0576829	227.57166422	9794.34792693
1188	2019-07-17 20:00:00	9929.34559944	9588.9	9728.99775445	9666.90000001	1656115.4498182	170.04211512	9739.44277657
1189	2019-07-18 00:00:00	9798.11627737	9542.74127117	9671.049386	9712.17594599	1151419.5909416	119.17271283	9661.77209193
1190	2019-07-18 04:00:00	9989.53872455	9656.78532223	9709.94058679	9774.64494121	1059125.2794406	107.50054983	9852.27778942
1191	2019-07-18 08:00:00	9860.37175667	9685.6050165	9783.58652088	9749.03126585	520192.67941692	53.23720924	9771.22367688
1192	2019-07-18 12:00:00	10440.11160893	9269.55533329	9757.85144997	10440.0	6146794.699007	622.66780006	9871.70799327
1193	2019-07-18 16:00:00	10712.48689398	10337.00302	10440.0	10476.82671244	3291972.8164889	312.667238	10528.67846834
1194	2019-07-18 20:00:00	10765.00000002	10479.61990054	10479.61990054	10622.74536665	1328431.115274	125.33176234	10599.31728774
1195	2019-07-19 00:00:00	10697.9	10504.7697559	10646.2857625	10568.78452091	734527.70387764	69.22658984	10610.4851557
1196	2019-07-19 04:00:00	10626.14594943	10388.21910672	10571.64350291	10600.46248339	969013.63266867	92.33625483	10494.40043299
1197	2019-07-19 08:00:00	10756.8539444	10235.3684365	10602.19559723	10296.0730861	2137063.5546401	205.64997009	10391.75232413
1198	2019-07-19 12:00:00	10639.69023986	10118.73398895	10285.0	10402.93324904	2403717.2251936	231.71627363	10373.53651315
1199	2019-07-19 16:00:00	10464.34559944	10313.83053752	10410.0	10395.57157804	639929.95544929	61.54817832	10397.22007891
1200	2019-07-19 20:00:00	10561.88165561	10395.12018022	10395.12018022	10512.15623196	718022.32244378	68.4203845	10494.27488154
1201	2019-07-20 00:00:00	10580.16551551	10352.94118769	10506.07519681	10503.57463443	638564.05331661	60.9311189	10480.09727779
1202	2019-07-20 04:00:00	10683.0000001	10470.39810867	10525.49999984	10562.49094542	713260.29651779	67.32392812	10594.45454885
1203	2019-07-20 08:00:00	10600.39810867	10445.91920625	10554.82469537	10569.41427584	410879.4128396	38.98764563	10538.70799839
1204	2019-07-20 12:00:00	10700.0	10482.65054675	10569.41427588	10622.99518549	1075497.8152283	101.55364186	10590.44063344
1205	2019-07-20 16:00:00	10993.09999998	10577.31468864	10620.87058645	10900.0	2484600.3830795	229.5938414	10821.72051275
1206	2019-07-20 20:00:00	11060.00329226	10623.78356599	10901.94664067	10750.05167907	1699681.7862377	156.13119793	10886.24060259
1207	2019-07-21 00:00:00	10809.722639	10550.0	10749.75159994	10580.57519718	1088284.351616	102.05642943	10663.55503219
1208	2019-07-21 04:00:00	10660.0	10525.0	10580.7405704	10587.84398533	525958.86806744	49.6308129	10597.42602095
1209	2019-07-21 08:00:00	10724.34559945	10476.38111885	10585.98524585	10590.0	1030620.0114337	97.28712454	10593.59104616
1210	2019-07-21 12:00:00	10595.34810754	10335.0	10590.00000001	10451.32175643	1258151.3268022	120.3897399	10450.65242143
1211	2019-07-21 16:00:00	10510.39810866	10302.5	10439.53350767	10410.59999999	806073.04208752	77.52404174	10397.71694039
1212	2019-07-21 20:00:00	10636.24914258	10399.18461493	10405.09254423	10582.13493539	492913.43388755	46.69484014	10556.05785156
1213	2019-07-22 00:00:00	10679.34559944	10564.33702359	10599.2798305	10608.57247486	307929.75615731	28.98433797	10624.00516016
1214	2019-07-22 04:00:00	10628.19418546	10516.41804622	10610.13974434	10602.74484449	268827.88780356	25.38682522	10589.26768014
1215	2019-07-22 08:00:00	10617.51756429	10416.8784134	10605.04143108	10549.99000001	1125918.9424934	107.17706561	10505.22269932
1216	2019-07-22 12:00:00	10576.84086686	10172.51553296	10560.0	10234.92593336	2257742.807631	219.78718096	10272.40441307
1217	2019-07-22 16:00:00	10409.46694487	10089.97151118	10227.08934614	10152.87870088	1303436.2931306	127.13024567	10252.76311125
1218	2019-07-22 20:00:00	10389.7092299	10137.37512349	10153.64304549	10344.1772921	710515.6459563	68.98101387	10300.16240838
1219	2019-07-23 00:00:00	10339.39403026	10214.67168409	10339.39403026	10262.5462026	215599.22327441	21.02761773	10253.14546054
1220	2019-07-23 04:00:00	10259.4833592	9983.54088	10257.67865985	10049.99	2013411.021197	200.13451475	10060.2888198
1221	2019-07-23 08:00:00	10087.80741751	9895.0	10042.51663682	10032.95596366	992877.39929686	99.51435225	9977.22817712
1222	2019-07-23 12:00:00	10087.90865	9900.0	10032.76371532	9927.83474199	1038227.8143342	104.21379675	9962.47950571
1223	2019-07-23 16:00:00	10116.80503762	9910.39810867	9925.84013355	10094.55211327	690864.9224248	68.69027475	10057.68174518
1224	2019-07-23 20:00:00	10136.34	9836.76708831	10100.84	9868.87636545	713987.48552591	71.68159348	9960.5414844
1225	2019-07-24 00:00:00	9872.18752059	9600.0	9870.41062188	9655.17195048	1857385.0299851	191.61403748	9693.36617719
1226	2019-07-24 04:00:00	9770.4871775	9595.0	9650.83401637	9710.6473801	655176.43346621	67.70761937	9676.55397667
1227	2019-07-24 08:00:00	9789.34559945	9629.95960866	9710.6473801	9718.41349317	475473.66856285	48.91245123	9720.91270435
1228	2019-07-24 12:00:00	9924.88247595	9685.25245468	9724.53500673	9919.87377896	1924916.1606046	196.67970371	9787.06050647
1229	2019-07-24 16:00:00	9921.45570616	9524.62282879	9917.16065711	9654.16521061	1969625.2341733	204.97742598	9608.98608593
1230	2019-07-24 20:00:00	9838.15122226	9566.67088952	9674.05800175	9761.78000001	664692.52694478	68.43238999	9713.12746846
1231	2019-07-25 00:00:00	10170.97669335	9730.37878635	9761.78	10091.6119498	1691242.0548637	168.23771076	10052.69298556
1232	2019-07-25 04:00:00	10105.12435939	10020.26206841	10080.61027187	10051.15364765	511496.39728779	50.85454874	10058.02646883
1233	2019-07-25 08:00:00	10130.19729999	10040.67890667	10048.11867826	10074.0	582682.66702522	57.86634266	10069.45730869
1234	2019-07-25 12:00:00	10149.89999999	9902.68488	10074.0	9987.59999998	848042.38513989	84.84620434	9995.05389471
1235	2019-07-25 16:00:00	10055.39810867	9800.0	9987.6	9858.487908	490040.32973842	49.35348914	9929.19321972
1236	2019-07-25 20:00:00	9961.72129895	9785.70872	9836.26698611	9881.18122021	514442.61462651	52.18305426	9858.42285243
1237	2019-07-26 00:00:00	9881.18122022	9645.75396707	9881.18122022	9700.19999976	1705511.2424275	175.80265867	9701.28242274
1238	2019-07-26 04:00:00	9810.0	9672.43175951	9700.09999996	9769.13504998	419442.82269237	43.06475853	9739.81596576
1239	2019-07-26 08:00:00	9810.0	9748.7117203	9769.13504998	9802.07993978	258313.87032946	26.43782104	9770.61876387
1240	2019-07-26 12:00:00	9839.29675325	9701.23152657	9802.07993978	9789.13964742	309433.88257381	31.67122698	9770.18928787
1241	2019-07-26 16:00:00	9880.25333634	9744.07023513	9787.18181949	9848.60000002	291499.44665194	29.69604736	9816.10256469
1242	2019-07-26 20:00:00	9854.27222	9741.60160841	9842.61	9824.55083507	226771.51471053	23.12357023	9806.94211382
1243	2019-07-27 00:00:00	10170.02519507	9814.14621187	9820.7509536	10100.0	1102627.4801561	109.39991452	10078.86966817
1244	2019-07-27 04:00:00	10107.08046407	10008.97882661	10099.93319547	10066.876222	531792.4272271	52.86040689	10060.316568
1245	2019-07-27 08:00:00	10081.00000006	9442.54332	10057.29613969	9538.20005977	2251502.4337213	233.04169085	9661.37185801
1246	2019-07-27 12:00:00	9537.88999995	9324.95523	9537.88999994	9440.56892819	1306835.6420801	138.37777013	9443.97095611
1247	2019-07-27 16:00:00	9475.4496	9373.10336551	9435.57625315	9424.2434353	437389.15107909	46.35913156	9434.80035886
1248	2019-07-27 20:00:00	9540.15869069	9340.51237	9416.20544968	9469.68002697	1137801.5239327	120.2753688	9459.97119181
1249	2019-07-28 00:00:00	9494.5	9376.7058	9466.11594269	9474.78477166	361541.15392813	38.24764224	9452.63897992
1250	2019-07-28 04:00:00	9570.0	9482.01406656	9484.47513873	9504.25000001	299291.89228403	31.41024834	9528.47901883
1251	2019-07-28 08:00:00	9557.75395348	9443.24996566	9498.50217116	9547.77557	388414.44687622	40.89872283	9496.98230164
1252	2019-07-28 12:00:00	9547.77557	9492.73386977	9547.77557	9526.68864962	217920.17611816	22.89282161	9519.14883322
1253	2019-07-28 16:00:00	9600.00000001	9515.71431221	9518.67451336	9571.77654291	463142.78102138	48.42091665	9564.93212156
1254	2019-07-28 20:00:00	9688.01649171	9175.0	9574.5	9530.1431304	2251354.0215392	239.23934596	9410.46721435
1255	2019-07-29 00:00:00	9730.0	9500.82303566	9546.71204727	9624.00000007	808915.18789644	83.8375443	9648.60307694
1256	2019-07-29 04:00:00	9693.16734975	9574.38575375	9624.00000007	9615.33416944	415840.28857964	43.14484098	9638.23899066
1257	2019-07-29 08:00:00	9641.90000014	9393.78815088	9615.41819284	9495.25623577	467133.13548893	49.17229977	9499.92450371
1258	2019-07-29 12:00:00	9619.34559945	9482.0982039	9482.0982039	9529.96850989	635480.83357555	66.56766498	9546.38913301
1259	2019-07-29 16:00:00	9683.26510959	9420.0	9529.68650473	9496.3403295	506899.09488998	53.14461432	9538.10844948
1260	2019-07-29 20:00:00	9543.47	9445.0	9496.3403288	9512.99197827	693326.98228198	72.83543765	9519.08857352
1261	2019-07-30 00:00:00	9533.40101839	9400.0	9522.55599509	9441.81186656	275401.62760639	29.16223195	9443.77742
1262	2019-07-30 04:00:00	9530.0	9433.63387563	9449.0	9499.00534562	209955.6483009	22.1799895	9465.99403488
1263	2019-07-30 08:00:00	9572.32026319	9463.67652841	9502.6	9540.29999999	249772.09984366	26.24069243	9518.50262754
1264	2019-07-30 12:00:00	9704.34559942	9528.04285603	9535.81272955	9686.65215997	1990757.8538399	207.20051513	9607.88081337
1265	2019-07-30 16:00:00	9709.25362324	9501.65087501	9688.78895995	9592.0	787262.70728907	81.9082101	9611.52375723
1266	2019-07-30 20:00:00	9627.8193362	9522.88775202	9594.0	9578.99996978	182492.72919056	19.05418279	9577.56788637
1267	2019-07-31 00:00:00	9709.34559945	9568.75450207	9578.74527142	9672.87590971	474999.02332021	49.11905286	9670.36202172
1268	2019-07-31 04:00:00	9827.0	9651.57371324	9674.05427814	9730.11192526	636878.43894202	65.33961685	9747.20192198
1269	2019-07-31 08:00:00	9790.0	9730.11192517	9738.07636753	9760.0	401729.69786166	41.14056968	9764.80639394
1270	2019-07-31 12:00:00	10114.10159208	9755.00000013	9755.00000013	10040.29123895	2754802.543865	276.39007692	9967.08193927
1271	2019-07-31 16:00:00	10118.15033589	9941.83882	10044.88156528	9983.38488535	994525.69455493	99.51020136	9994.20844257
1272	2019-07-31 20:00:00	10083.39810867	9980.21017211	9986.48078377	10074.98929989	399644.65272326	39.87937298	10021.33741981
1273	2019-08-01 00:00:00	10147.37844906	9974.90820431	10074.9892999	10006.4465428	523033.50374821	52.04737522	10049.1811842
1274	2019-08-01 04:00:00	10004.01144809	9851.98625729	9994.92878175	9959.99999996	593778.63240156	59.86388519	9918.81216057
1275	2019-08-01 08:00:00	9984.77118	9910.74418605	9958.58167242	9967.33535612	360518.92664768	36.20756568	9957.00539036
1276	2019-08-01 12:00:00	10055.06865054	9953.97389496	9963.38484043	10016.43400003	831182.06073247	82.97712847	10017.00198667
1277	2019-08-01 16:00:00	10300.0	10005.49272649	10018.81969997	10276.2915	767758.52213831	75.61619297	10153.36123101
1278	2019-08-01 20:00:00	10462.18460001	10285.46324515	10285.46324515	10373.0	1291594.4686981	124.38611633	10383.75107131
1279	2019-08-02 00:00:00	10432.07335989	10310.99181242	10379.18290219	10345.70892894	473572.07829611	45.69644401	10363.43392918
1280	2019-08-02 04:00:00	10554.34559942	10322.46806135	10343.7622295	10515.53635275	964087.58828188	92.21724753	10454.52574333
1281	2019-08-02 08:00:00	10530.0	10436.18279415	10520.56921644	10481.42334316	609706.5790904	58.16953604	10481.54447494
1282	2019-08-02 12:00:00	10635.00000004	10481.4233429	10481.42334291	10623.25150582	1363119.149007	129.25740558	10545.7721582
1283	2019-08-02 16:00:00	10663.19007842	10359.24001	10623.25150582	10443.82208692	1619379.1847092	154.73817006	10465.28587019
1284	2019-08-02 20:00:00	10539.93749013	10353.67302	10441.07008259	10524.00598433	731483.34988808	70.1492195	10427.5336932
1285	2019-08-03 00:00:00	10835.00000004	10496.06665489	10524.00598434	10790.90031918	1252846.6567664	117.50325178	10662.22966418
1286	2019-08-03 04:00:00	10850.01	10710.46949	10778.79342425	10825.00000004	575045.00535249	53.34835499	10779.05786336
1287	2019-08-03 08:00:00	10871.3846262	10714.55468288	10835.8568265	10745.06067319	418307.57434229	38.80806187	10778.88341199
1288	2019-08-03 12:00:00	10818.02441	10675.0	10745.0	10734.53908603	686977.95659497	63.83028907	10762.57003695
1289	2019-08-03 16:00:00	10899.0	10697.62402003	10737.67295385	10818.65531065	851112.33914567	78.64170288	10822.65907243
1290	2019-08-03 20:00:00	10876.09408444	10764.57666923	10843.1818062	10814.35497247	380070.30774368	35.10992048	10825.15433095
1291	2019-08-04 00:00:00	10891.32856821	10688.52285626	10814.35497248	10758.44755357	448329.49431158	41.57560236	10783.47561701
1292	2019-08-04 04:00:00	10757.0650894	10555.0	10757.0650894	10656.2498293	930124.33299088	87.35946641	10647.09265307
1293	2019-08-04 08:00:00	10742.57703288	10643.5346238	10668.22425893	10664.98610417	609656.42853927	56.98710985	10698.14612715
1294	2019-08-04 12:00:00	10957.17649958	10635.1	10663.70000001	10939.53073702	1155758.9411506	106.75396043	10826.37999091
1295	2019-08-04 16:00:00	10988.0	10867.80930082	10938.59286434	10911.97869575	1041301.7588248	95.39196193	10916.03252262
1296	2019-08-04 20:00:00	11024.30821454	10760.0	10916.57495211	10936.96759597	1057293.4182572	96.7585616	10927.13038281
1297	2019-08-05 00:00:00	11640.5	10937.812	10937.812	11552.30215208	4209628.0629784	371.56372113	11329.49161499
1298	2019-08-05 04:00:00	11844.3883804	11518.29067286	11555.31329846	11676.93947499	2175632.4868733	186.77578114	11648.36508028
1299	2019-08-05 08:00:00	11772.28967108	11572.95831428	11670.27675803	11760.0	2510332.5012858	214.81832	11685.83992876
1300	2019-08-05 12:00:00	11800.37397807	11640.0	11760.0	11749.10538113	1454904.9869546	123.96936217	11736.00445696
1301	2019-08-05 16:00:00	11923.86475	11724.70575583	11749.17753894	11753.0192348	1971313.8106126	166.69792416	11825.6650198
1302	2019-08-05 20:00:00	11850.0	11704.82127173	11756.43890803	11816.22202379	1185456.7434476	100.80572122	11759.81610071
1303	2019-08-06 00:00:00	11833.34774165	11585.00000004	11820.62791282	11679.37312007	1297235.8924931	111.00327254	11686.4652979
1304	2019-08-06 04:00:00	12300.05713911	11646.03778003	11699.8999995	12169.72481346	2081407.362277	172.77529687	12046.90369505
1305	2019-08-06 08:00:00	12300.0	11616.34096	12180.38230369	11781.58107894	3616043.0285814	302.23584669	11964.30889381
1306	2019-08-06 12:00:00	11799.99999994	11570.41786554	11788.71659041	11712.50105939	1149793.4727876	98.25861676	11701.70627982
1307	2019-08-06 16:00:00	11820.504	11638.05227054	11712.60880657	11698.93186001	990608.49076478	84.47156555	11727.12361035
1308	2019-08-06 20:00:00	11735.00000003	11234.00000015	11700.99999998	11490.3412909	2138139.4090223	187.0721814	11429.48883698
1309	2019-08-07 00:00:00	11676.94206062	11405.95835199	11479.51093826	11632.82415324	939000.2975378	81.31799732	11547.26294897
1310	2019-08-07 04:00:00	11734.18666998	11527.08552527	11640.52652687	11545.31908756	811555.76325673	69.77823912	11630.49932889
1311	2019-08-07 08:00:00	11749.34559944	11472.32166255	11541.39072404	11739.07562581	777333.85127987	66.86054788	11626.19625365
1312	2019-08-07 12:00:00	12135.00000001	11621.51501999	11749.34559945	11666.1955643	4919474.3911709	412.81231558	11916.97583987
1313	2019-08-07 16:00:00	11812.6076958	11517.85714285	11661.96978435	11792.42523009	1004285.4412994	85.92679361	11687.68668196
1314	2019-08-07 20:00:00	12066.2	11612.53354947	11797.70132	11954.01386547	2581321.1755491	216.4106127	11927.88626834
1315	2019-08-08 00:00:00	12009.74905607	11863.77	11997.09107499	11941.00479997	478498.3208397	40.06498592	11943.05476096
1316	2019-08-08 04:00:00	11954.55675797	11773.54334716	11950.0	11912.10031939	509990.18637968	42.96081386	11871.05505127
1317	2019-08-08 08:00:00	11975.09331078	11794.93491537	11918.3838	11839.05954302	548090.13211552	46.13696004	11879.6325471
1318	2019-08-08 12:00:00	11913.06479999	11639.1	11829.3902439	11700.0	1400919.8322631	119.01534402	11770.91780726
1319	2019-08-08 16:00:00	11787.51402254	11532.28094249	11697.33553861	11610.8891283	1169207.4589469	100.50608943	11633.20019292
1320	2019-08-08 20:00:00	12079.60499462	11551.30458214	11610.8891283	11985.12904302	1519510.7643404	127.98023808	11873.01092056
1321	2019-08-09 00:00:00	12040.000001	11855.0314423	11999.0	11866.06906793	1004035.4783861	84.0395415	11947.17939276
1322	2019-08-09 04:00:00	11919.45609747	11816.04729182	11866.06906793	11885.86329987	318969.70816792	26.88038422	11866.26298037
1323	2019-08-09 08:00:00	11961.24015814	11689.48521651	11884.96329975	11700.00000002	2041693.6612853	173.14103127	11792.084443
1324	2019-08-09 12:00:00	11887.99999999	11697.4630411	11710.91194	11733.38957326	940873.89760887	79.8416531	11784.24871076
1325	2019-08-09 16:00:00	11900.0	11706.10321988	11739.22809101	11829.45847597	526087.93312427	44.48736717	11825.55782889
1326	2019-08-09 20:00:00	11964.34559944	11832.96717954	11832.96717954	11872.04837057	467191.5413768	39.30514339	11886.269864
1327	2019-08-10 00:00:00	11980.00000001	11766.64256398	11887.5954169	11819.1287554	817166.63186508	68.70761855	11893.39186993
1328	2019-08-10 04:00:00	11897.57592998	11798.35789018	11829.29024388	11833.39675098	129433.33002056	10.93554424	11836.02088564
1329	2019-08-10 08:00:00	11889.91069092	11335.18129609	11835.25714354	11399.29999999	2057528.7850109	178.45262884	11529.83174518
1330	2019-08-10 12:00:00	11505.61546293	11316.69156992	11399.29999996	11429.53190996	1565183.4095544	137.08976224	11417.21587359
1331	2019-08-10 16:00:00	11430.19300998	11270.0	11429.72190995	11330.52735597	1349132.8248761	119.11815595	11326.00495798
1332	2019-08-10 20:00:00	11395.00112826	11265.61815159	11331.40225333	11318.0	561677.58961931	49.58894452	11326.66958444
1333	2019-08-11 00:00:00	11458.82381792	11301.83920025	11321.12168998	11401.62780183	376182.34694448	32.96417411	11411.85414472
1334	2019-08-11 04:00:00	11426.4394699	11323.28228001	11399.70002924	11376.39999998	331720.70266886	29.18283441	11366.98025998
1335	2019-08-11 08:00:00	11480.0	11124.5	11370.67354267	11480.0	2128274.715465	188.97602292	11262.14152768
1336	2019-08-11 12:00:00	11473.28742341	11357.82843085	11463.08716723	11368.40525003	476536.43907803	41.78093265	11405.5960184
1337	2019-08-11 16:00:00	11441.11881049	11372.4208016	11385.39702058	11378.24000044	345448.24935586	30.28664028	11405.96137974
1338	2019-08-11 20:00:00	11603.20956648	11302.24912206	11389.99999674	11539.26500184	1196156.7276304	104.08118522	11492.53561152
1339	2019-08-12 00:00:00	11568.03446366	11409.99388004	11541.89093999	11449.2725	371394.09682622	32.30366897	11496.96330689
1340	2019-08-12 04:00:00	11471.56431106	11348.72172241	11447.36987412	11415.4608112	387486.82247562	34.02548152	11388.13633681
1341	2019-08-12 08:00:00	11402.70843464	11314.69196	11402.70843464	11336.82679915	311226.47189149	27.39781128	11359.53776419
1342	2019-08-12 12:00:00	11426.27100912	11250.0	11335.02679895	11401.56442139	395400.41804087	34.8542714	11344.38914252
1343	2019-08-12 16:00:00	11445.82111157	11385.11200002	11401.56442139	11430.74954504	258694.34062457	22.66629705	11413.17172601
1344	2019-08-12 20:00:00	11480.0	11384.3784841	11443.90000001	11387.0733912	397240.96406181	34.7082616	11445.14146631
1345	2019-08-13 00:00:00	11451.521168	11365.43046568	11391.387599	11392.85714285	173266.34356946	15.20257569	11397.17026263
1346	2019-08-13 04:00:00	11392.85714285	11310.0	11392.85714285	11359.49982013	401137.86451855	35.33700399	11351.77913306
1347	2019-08-13 08:00:00	11358.84720188	11222.0	11358.84720188	11285.7654303	931126.70160096	82.50523311	11285.66839341
1348	2019-08-13 12:00:00	11299.80186288	10933.99226285	11285.76543029	10963.07999994	1873780.1877423	169.15259681	11077.45445875
1349	2019-08-13 16:00:00	10994.29999997	10790.00000001	10964.0	10926.10480098	1123204.099917	103.01637663	10903.16061058
1350	2019-08-13 20:00:00	10981.96130999	10865.1	10943.99999999	10885.79242875	381332.43734822	34.94296186	10912.99698279
1351	2019-08-14 00:00:00	10896.03140608	10539.93749012	10896.03140608	10658.04865138	1402667.2346954	131.37472882	10676.84209356
1352	2019-08-14 04:00:00	10677.69603	10555.0	10656.69958159	10613.2300003	500746.6838436	47.13716946	10623.18101787
1353	2019-08-14 08:00:00	10625.62483926	10401.06304	10617.14	10568.0	1150461.847544	109.38353356	10517.68771862
1354	2019-08-14 12:00:00	10678.6317728	10470.0	10559.2375089	10514.68085236	1007450.2055305	95.34255707	10566.63715019
1355	2019-08-14 16:00:00	10617.66159332	10100.87523446	10514.68085236	10147.99999999	2643550.5332179	257.17970526	10279.00133311
1356	2019-08-14 20:00:00	10275.40790997	9953.0	10143.89835236	10052.17796145	1992996.2347895	197.40669003	10095.89003537
1357	2019-08-15 00:00:00	10227.10586227	9830.315	10054.59980013	9850.54329303	1387698.3088204	137.60664207	10084.5299903
1358	2019-08-15 04:00:00	9912.4894776	9523.4400982	9849.70477002	9865.98597614	3323910.8817469	341.62961592	9729.57474074
1359	2019-08-15 08:00:00	10204.0398073	9814.61331721	9865.98597615	10158.62739455	2838136.4819656	283.25228543	10019.81847262
1360	2019-08-15 12:00:00	10171.47202213	9921.64495858	10171.47202213	10091.40000007	1695853.619566	169.09284164	10029.1272127
1361	2019-08-15 16:00:00	10168.59999994	9981.65295085	10100.0	10112.0	854300.35358899	84.80290428	10073.95160392
1362	2019-08-15 20:00:00	10445.99999999	10097.49766243	10115.72407585	10311.39375692	2372365.5467236	229.3884224	10342.13288492
1363	2019-08-16 00:00:00	10412.698922	10251.76452877	10305.65100999	10323.96111011	909295.69892388	87.95764941	10337.88084405
1364	2019-08-16 04:00:00	10325.89523383	9750.0	10325.89523383	9943.73876998	2695468.1915076	267.88698662	10061.96017774
1365	2019-08-16 08:00:00	10215.06758663	9813.80371309	9932.31736936	10149.99999995	1360060.9614551	135.89537055	10008.14785632
1366	2019-08-16 12:00:00	10448.0	10013.57228263	10142.83187368	10375.0	1653198.3900965	161.57623641	10231.69264755
1367	2019-08-16 16:00:00	10520.0	10312.01619986	10375.0	10436.14507056	2437202.858022	234.09489555	10411.17471739
1368	2019-08-16 20:00:00	10499.85320999	10267.45935659	10459.6440122	10349.64220512	869348.07215898	83.86872776	10365.58077578
1369	2019-08-17 00:00:00	10427.04068	10206.3532838	10346.04220416	10296.78649638	495255.43431793	48.05883646	10305.18986305
1370	2019-08-17 04:00:00	10386.4079022	10267.09783998	10296.25593922	10368.73999944	282824.38181016	27.33833172	10345.34165094
1371	2019-08-17 08:00:00	10459.70000002	10317.11934624	10362.65839945	10332.29817617	616821.30681345	59.35522803	10392.0299405
1372	2019-08-17 12:00:00	10365.0	10252.41192816	10328.67605253	10311.70611478	300295.93548076	29.10691757	10316.99542758
1373	2019-08-17 16:00:00	10345.62109138	10001.00000001	10311.86196751	10173.0	1137152.2437991	111.77684787	10173.41484814
1374	2019-08-17 20:00:00	10244.64910708	10060.7348176	10158.24192273	10214.13066121	385634.14560251	38.04762084	10135.56530181
1375	2019-08-18 00:00:00	10258.34206579	10109.0303273	10214.02298649	10113.86607691	82384.43865096	8.10224407	10168.10132343
1376	2019-08-18 04:00:00	10196.39251287	10082.94992633	10122.86791963	10139.10660077	178785.3370473	17.61626816	10148.87690306
1377	2019-08-18 08:00:00	10429.97602162	10097.497662	10146.9799999	10390.95	921585.24316327	89.60001146	10285.54827333
1378	2019-08-18 12:00:00	10449.0	10368.09555561	10387.03374003	10387.56845547	297847.37639562	28.61628125	10408.31873972
1379	2019-08-18 16:00:00	10457.67618276	10340.41817998	10391.31343984	10366.26601916	1554251.9504782	149.19712865	10417.43875731
1380	2019-08-18 20:00:00	10429.0	10286.05600001	10353.76112352	10314.99999992	518095.64446392	50.04694602	10352.19300408
1381	2019-08-19 00:00:00	10423.82009439	10260.95659381	10302.23008702	10411.24999928	313732.48489965	30.3341916	10342.53653555
1382	2019-08-19 04:00:00	10730.86729433	10346.07890537	10409.0	10705.59999999	1606367.6060383	151.80726376	10581.62545224
1383	2019-08-19 08:00:00	10778.98	10650.0	10711.0	10665.05254728	1141181.6401207	106.60465524	10704.80118857
1384	2019-08-19 12:00:00	10739.99999999	10622.690196	10667.66935911	10707.57667912	763817.32640107	71.46447001	10688.07095741
1385	2019-08-19 16:00:00	10796.24325	10626.25195116	10706.40952764	10676.4	1327931.6820447	123.90174732	10717.6186839
1386	2019-08-19 20:00:00	10929.8	10630.0	10684.7527698	10915.76304202	1198600.9761781	111.08643826	10789.80472281
1387	2019-08-20 00:00:00	10942.17	10781.85529097	10914.69999999	10785.5	1526084.2732755	140.25225722	10880.99616736
1388	2019-08-20 04:00:00	10820.42857142	10730.21474665	10782.89440006	10809.49999994	340714.11545279	31.59105984	10785.14355575
1389	2019-08-20 08:00:00	10811.0	10519.8244101	10810.30000003	10693.23671649	2271361.5210264	213.09018924	10659.15577402
1390	2019-08-20 12:00:00	10737.67433622	10573.81439996	10697.56335308	10737.67433622	764654.56855553	71.82293167	10646.38480741
1391	2019-08-20 16:00:00	10794.99999999	10712.18045843	10737.06475395	10738.62596555	282238.80812467	26.24851476	10752.56298138
1392	2019-08-20 20:00:00	10835.22577752	10655.98717723	10729.90123807	10747.1349111	744155.69478144	69.16822783	10758.63468138
1393	2019-08-21 00:00:00	10799.53171858	10236.86319239	10763.86594711	10317.78609884	2320818.03683	222.01244956	10453.54907542
1394	2019-08-21 04:00:00	10328.60536462	10126.0	10323.19616996	10142.61	2434054.215206	238.7188624	10196.32127404
1395	2019-08-21 08:00:00	10256.40882183	10100.0	10139.50384199	10183.99999992	874170.50173	86.01900365	10162.52763501
1396	2019-08-21 12:00:00	10183.99999997	9932.02044565	10183.99999997	9990.0	4918717.5440241	490.71016224	10023.67165491
1397	2019-08-21 16:00:00	10175.0	9886.05320926	9990.0	10107.41479512	1177597.5393223	117.27720738	10041.14580855
1398	2019-08-21 20:00:00	10189.3526621	9988.34673	10117.65213464	10134.36772855	680131.89301355	67.33419577	10100.83933187
1399	2019-08-22 00:00:00	10160.99999995	9775.0	10134.52	9877.79654298	1604244.381338	162.42364994	9876.91374951
1400	2019-08-22 04:00:00	10043.30168	9873.01735539	9873.22409281	9977.66528135	858166.49115944	86.08813163	9968.46458287
1401	2019-08-22 08:00:00	10062.0	9891.26302723	9966.18999968	9969.6194707	676810.73453276	67.83543319	9977.24496926
1402	2019-08-22 12:00:00	10174.83368717	9955.0	9972.18075799	10102.12421484	1149441.6563035	113.78401665	10101.96062808
1403	2019-08-22 16:00:00	10229.23754879	10067.26188274	10110.94999992	10170.88567867	1318912.8508513	129.53484261	10181.91572457
1404	2019-08-22 20:00:00	10203.66	10098.47782225	10168.10000001	10103.61402433	401305.34927416	39.53422947	10150.83270001
1405	2019-08-23 00:00:00	10150.0	10029.59444478	10101.00000001	10142.86691229	726660.56749128	72.0856629	10080.51446373
1406	2019-08-23 04:00:00	10219.35160678	10097.95918367	10143.0	10200.0	199721.93906828	19.65378797	10162.0074142
1407	2019-08-23 08:00:00	10203.21795775	10067.87234691	10203.21795775	10116.13291026	577889.55020227	57.02637424	10133.72422679
1408	2019-08-23 12:00:00	10420.50844618	10099.38615572	10108.54662824	10386.75208	2280612.5115295	220.37063366	10348.98558692
1409	2019-08-23 16:00:00	10441.70679653	10360.95400008	10386.75207001	10390.0451	322484.55660041	31.04945415	10386.15864364
1410	2019-08-23 20:00:00	10435.16602455	10260.55556428	10399.79999995	10383.75091678	1006476.2886631	97.21328391	10353.27938921
1411	2019-08-24 00:00:00	10400.0	10280.82891289	10389.9	10320.59999996	221315.14094192	21.36278629	10359.84435445
1412	2019-08-24 04:00:00	10358.09588433	10245.0	10341.28767687	10295.49999988	309069.01284	30.01906405	10295.75779995
1413	2019-08-24 08:00:00	10295.0	9895.15483671	10295.0	10004.50000007	3226200.7991171	321.96867255	10020.23201066
1414	2019-08-24 12:00:00	10022.15402	9945.2412	10004.07299434	9993.77191363	1368135.2528158	137.22343815	9970.12807185
1415	2019-08-24 16:00:00	10130.00000001	9952.20622259	9993.77191363	10100.0	268791.26961248	26.69813988	10067.79014645
1416	2019-08-24 20:00:00	10196.29251289	9969.55994323	10108.10101037	10120.02	501469.04305	49.62363765	10105.44705704
1417	2019-08-25 00:00:00	10150.89704307	10032.0	10137.71826091	10105.25	418646.4034971	41.34515848	10125.6451514
1418	2019-08-25 04:00:00	10122.63217498	10015.0	10106.9731176	10088.04544881	106350.36825145	10.55647987	10074.41586221
1419	2019-08-25 08:00:00	10150.89704307	10052.9957856	10100.55804674	10106.77616812	241492.69680234	23.88820577	10109.28569217
1420	2019-08-25 12:00:00	10280.20202161	9955.43841006	10096.56836779	10068.30999981	3088418.9726655	304.01638413	10158.72543022
1421	2019-08-25 16:00:00	10138.12969685	9970.20408163	10067.18548644	10075.38505726	1745558.6324731	173.71191276	10048.58333973
1422	2019-08-25 20:00:00	10157.0	9915.69389319	10076.30695996	10136.97951002	1398858.8329596	139.79854575	10006.24738587
1423	2019-08-26 00:00:00	10600.0	10136.97951002	10136.97951002	10283.86999998	6123271.9688739	589.68032031	10384.05345739
1424	2019-08-26 04:00:00	10391.08477255	10266.79477947	10288.53953457	10330.61679895	469503.60163853	45.47468982	10324.50366339
1425	2019-08-26 08:00:00	10414.95152619	10294.04369078	10333.58908846	10383.18402884	372748.94433385	36.03960253	10342.7595802
1426	2019-08-26 12:00:00	10400.82040811	10299.08514213	10380.84652284	10345.28122945	387196.92463525	37.41452326	10348.84026035
1427	2019-08-26 16:00:00	10388.17424199	10250.0	10342.2	10341.19999976	1085117.1935016	105.16453612	10318.28060614
1428	2019-08-26 20:00:00	10412.72614673	10201.0	10337.64192987	10373.47386427	491948.76201177	47.7549525	10301.52342862
1429	2019-08-27 00:00:00	10390.88999994	10107.77665285	10374.17641559	10193.60006176	661494.67510533	64.45451066	10262.96946996
1430	2019-08-27 04:00:00	10250.04416917	10136.91405872	10194.10006195	10181.87707328	276864.78491099	27.12986858	10205.16498613
1431	2019-08-27 08:00:00	10210.15462881	10102.93999881	10179.27443784	10130.68154747	456230.44758948	45.02471257	10132.88972983
1432	2019-08-27 12:00:00	10200.19164575	10059.71709492	10127.88154747	10190.5076984	563301.52116143	55.62963822	10125.92458239
1433	2019-08-27 16:00:00	10234.24062636	10140.0	10189.20443263	10165.97274662	346051.60881402	33.97628562	10185.09241075
1434	2019-08-27 20:00:00	10199.99999999	10120.48575978	10161.20484049	10182.12413899	216944.16173245	21.34383843	10164.25243491
1435	2019-08-28 00:00:00	10182.12413899	10080.0	10182.12413899	10087.75552503	281026.41679107	27.77673882	10117.32941769
1436	2019-08-28 04:00:00	10210.79450515	10065.0	10088.00840955	10158.29954985	437636.91056348	43.14964818	10142.30541898
1437	2019-08-28 08:00:00	10164.90999999	10109.55727961	10158.59999999	10147.50318823	222631.75532176	21.97472888	10131.26289464
1438	2019-08-28 12:00:00	10290.0	10146.93026564	10147.50318823	10245.0	708337.7726801	69.35931467	10212.58321323
1439	2019-08-28 16:00:00	10265.42500103	9627.19994825	10248.23381196	9686.98	9354403.4513879	942.8827492	9921.06755513
1440	2019-08-28 20:00:00	9752.79292009	9651.83419811	9691.48288997	9740.09698812	997606.54096724	102.80132379	9704.21881925
1441	2019-08-29 00:00:00	9740.0	9540.0	9740.0	9599.67837391	792851.10187799	82.26632308	9637.61442342
1442	2019-08-29 04:00:00	9640.58205381	9336.28458356	9598.75000001	9387.41323044	1357715.8283905	143.13879059	9485.31018596
1443	2019-08-29 08:00:00	9495.43054782	9390.60000009	9390.60000009	9468.27297671	668762.41791167	70.79915085	9445.91015404
1444	2019-08-29 12:00:00	9585.0	9389.33172785	9468.05579815	9500.94652916	1959145.2069068	205.99449453	9510.66780389
1445	2019-08-29 16:00:00	9551.71169001	9444.99999997	9507.75587583	9502.73000013	640050.70687347	67.37627754	9499.64483409
1446	2019-08-29 20:00:00	9542.07097302	9459.90266099	9512.5311744	9485.98999998	192211.36613726	20.21809287	9506.89896288
1447	2019-08-30 00:00:00	9532.32730365	9350.0	9498.1731896	9468.92220883	428666.4730669	45.40799163	9440.3310448
1448	2019-08-30 04:00:00	9545.66110364	9456.09942621	9467.32692967	9484.65237962	310254.45372708	32.67757167	9494.41582931
1449	2019-08-30 08:00:00	9626.0	9477.26736002	9477.26736002	9575.8933963	609265.01295262	63.7505588	9557.01447047
1450	2019-08-30 12:00:00	9610.01890475	9557.28899564	9576.66233959	9590.8000001	205565.31882213	21.45650194	9580.56068025
1451	2019-08-30 16:00:00	9596.959028	9459.11662969	9593.15440003	9561.67990696	302979.41968233	31.77656015	9534.68274262
1452	2019-08-30 20:00:00	9682.99105978	9560.97759181	9572.26156862	9579.88337486	414198.18464295	43.09458175	9611.37497622
1453	2019-08-31 00:00:00	9649.48286022	9568.93223825	9586.09999999	9616.03658197	135622.39214188	14.09342026	9623.0999743
1454	2019-08-31 04:00:00	9617.0	9587.00000001	9615.34393434	9587.27252403	45806.05987064	4.76946023	9604.03434806
1455	2019-08-31 08:00:00	9589.75595075	9533.3896976	9589.75595075	9555.81324179	286406.36975984	29.93140788	9568.75703635
1456	2019-08-31 12:00:00	9609.8001	9549.61000001	9550.22531323	9591.91800001	161249.66607781	16.83676171	9577.23752674
1457	2019-08-31 16:00:00	9613.85489049	9560.69999999	9594.86890394	9572.46697342	132705.93326466	13.84795649	9583.06977354
1458	2019-08-31 20:00:00	9688.8800001	9400.0	9568.9923813	9591.20000001	641629.33171899	67.32485823	9530.34805549
1459	2019-09-01 00:00:00	9635.44989004	9588.39466403	9588.39466403	9618.61780514	63165.31139233	6.56815354	9616.90542214
1460	2019-09-01 04:00:00	9627.95019694	9604.45069986	9620.53640082	9605.75779196	89579.68698644	9.31949881	9612.07129404
1461	2019-09-01 08:00:00	9608.50181519	9552.11000001	9608.35779217	9571.21586446	219563.76195215	22.92442321	9577.72241163
1462	2019-09-01 12:00:00	9646.10569655	9555.09886775	9571.80063963	9607.36942873	179484.74832213	18.71600169	9589.90874733
1463	2019-09-01 16:00:00	9631.3576682	9542.08835999	9601.0	9616.68789152	429657.62998437	44.77138814	9596.70110385
1464	2019-09-01 20:00:00	9800.0	9604.55154696	9624.50309228	9724.72622572	661703.36889481	68.05514754	9723.04657051
1465	2019-09-02 00:00:00	9770.47173412	9731.47325296	9738.39999845	9750.96388935	283076.59782726	29.02898569	9751.51529062
1466	2019-09-02 04:00:00	9770.0	9729.01915875	9742.99328799	9742.46104716	325352.40964231	33.35569898	9754.02763519
1467	2019-09-02 08:00:00	9840.39736061	9733.50353	9743.20146723	9822.70000001	508148.37977513	51.96738439	9778.21735189
1468	2019-09-02 12:00:00	9948.99999999	9789.99999999	9822.97056117	9876.2322468	1078752.6431331	109.20064567	9878.62879852
1469	2019-09-02 16:00:00	10173.67864696	9876.2322468	9876.2322468	10165.14240494	1494397.1939811	148.94971243	10032.89747661
1470	2019-09-02 20:00:00	10421.736	10120.23407593	10170.62492791	10346.19101013	7183653.9844249	700.39725675	10256.54214832
1471	2019-09-03 00:00:00	10474.92462884	10282.88066017	10351.97424552	10390.0	698193.48594226	67.1924049	10390.95842724
1472	2019-09-03 04:00:00	10410.47618538	10352.47156953	10384.60000026	10365.40095959	666798.82037343	64.27079381	10374.83405517
1473	2019-09-03 08:00:00	10460.0	10272.3765655	10368.17584279	10402.20000014	930389.50358883	89.71468857	10370.53707055
1474	2019-09-03 12:00:00	10739.0	10402.98776949	10415.45899553	10650.0	4882428.7369711	459.84817983	10617.47974902
1475	2019-09-03 16:00:00	10700.0	10591.50000001	10653.54	10642.8153621	414650.86574702	39.00661399	10630.27069853
1476	2019-09-03 20:00:00	10700.05479978	10150.55732752	10649.62717761	10568.00600024	2556404.9964287	243.99057933	10477.47418547
1477	2019-09-04 00:00:00	10624.34512224	10422.48755045	10568.0060016	10608.36381084	1730773.0115362	163.98768188	10554.2867104
1478	2019-09-04 04:00:00	10625.62483954	10534.17775042	10603.00000019	10561.65692028	313391.23347284	29.62011319	10580.35232554
1479	2019-09-04 08:00:00	10577.39926798	10469.29497834	10573.7699997	10514.60000001	415033.99014126	39.44975709	10520.57150046
1480	2019-09-04 12:00:00	10532.751416	10376.45321424	10516.20000019	10406.90000004	972596.99002378	93.38730811	10414.65922626
1481	2019-09-04 16:00:00	10690.0	10406.91264986	10406.91264986	10681.50769064	849008.02813569	80.21473345	10584.19060464
1482	2019-09-04 20:00:00	10785.93478377	10483.64	10680.99826227	10558.40000161	2305967.5579728	217.44879708	10604.64619229
1483	2019-09-05 00:00:00	10568.00999971	10493.7015748	10568.00999971	10544.99999999	190974.96216085	18.15020102	10521.91994735
1484	2019-09-05 04:00:00	10620.94668	10522.0	10545.0	10555.0	180589.90807711	17.08661076	10569.08889736
1485	2019-09-05 08:00:00	10631.12999998	10455.55	10543.06562733	10560.13673645	520958.9964838	49.32254689	10562.28904086
1486	2019-09-05 12:00:00	10589.1137501	10522.56686301	10560.13673644	10545.206396	288217.94989889	27.32031801	10549.58254122
1487	2019-09-05 16:00:00	10601.0	10470.17851937	10528.57553198	10520.01303561	684216.74808851	64.97228292	10530.90206066
1488	2019-09-05 20:00:00	10593.80764463	10500.0	10538.86834457	10567.44674386	365654.68406989	34.65600918	10550.97493109
1489	2019-09-06 00:00:00	10695.00000001	10556.06694094	10562.6609414	10659.1170611	525406.92973108	49.38180104	10639.68746918
1490	2019-09-06 04:00:00	10775.46554509	10641.93356093	10641.93356094	10716.06707586	934306.04246719	87.21122973	10713.13918356
1491	2019-09-06 08:00:00	10876.35534745	10676.52868289	10716.06707586	10826.17453004	631112.2284774	58.50308234	10787.67482385
1492	2019-09-06 12:00:00	10900.0	10723.81069709	10823.52460919	10845.62491883	1463223.0361521	135.05842668	10834.00030728
1493	2019-09-06 16:00:00	10855.69779939	10210.0	10839.29025413	10381.74414666	2403420.0300283	229.82528753	10457.5960977
1494	2019-09-06 20:00:00	10417.56609667	10200.0	10376.34010421	10301.65941387	1661069.5952497	160.97685102	10318.68610129
1495	2019-09-07 00:00:00	10378.58209999	10301.89063622	10314.80132287	10327.2	191770.24649686	18.53008794	10349.12770612
1496	2019-09-07 04:00:00	10397.0974275	10311.70611479	10328.77553467	10364.73850424	199038.30168131	19.22449423	10353.36999247
1497	2019-09-07 08:00:00	10414.9769	10330.81626203	10365.2385043	10411.12777488	317940.48771186	30.62822823	10380.63597163
1498	2019-09-07 12:00:00	10459.64401219	10372.60000016	10412.7673731	10459.40000011	291899.71793966	28.03527762	10411.87185289
1499	2019-09-07 16:00:00	10545.02922053	10355.00000001	10459.6440122	10456.7943395	916479.22523192	87.37085008	10489.53082627
1500	2019-09-07 20:00:00	10529.99999987	10451.90515836	10461.17468008	10464.38604994	132440.51541668	12.64411644	10474.47767862
1501	2019-09-08 00:00:00	10545.02922053	10458.70651567	10458.70651567	10540.06770017	246581.75858549	23.48527401	10499.42012516
1502	2019-09-08 04:00:00	10574.55673853	10507.077	10541.91496012	10517.41594925	144911.16297931	13.74556878	10542.39117337
1503	2019-09-08 08:00:00	10523.71556901	10224.36623503	10517.34997857	10384.60987997	860330.97158532	82.80814606	10389.44853278
1504	2019-09-08 12:00:00	10412.12846798	10360.00000001	10385.65005967	10383.6	723325.56461928	69.60002322	10392.60521987
1505	2019-09-08 16:00:00	10420.0	10321.74066261	10383.60000001	10340.51167217	284474.74630536	27.41631199	10376.11281959
1506	2019-09-08 20:00:00	10415.82551262	10328.865289	10341.09394606	10394.75521409	342781.58042046	33.05159229	10371.10640276
1507	2019-09-09 00:00:00	10400.19905457	10266.021395	10380.44850145	10296.96691025	174844.62102571	16.94276741	10319.72031455
1508	2019-09-09 04:00:00	10326.64090563	10100.0	10301.59999999	10145.99724301	1238716.2157531	121.09582455	10229.22318218
1509	2019-09-09 08:00:00	10523.91053171	10100.0	10145.997243	10420.10027883	1979394.0080431	193.56837229	10225.81315648
1510	2019-09-09 12:00:00	10417.95914255	10291.321263	10417.95914255	10324.0	426728.04184489	41.24698807	10345.67763155
1511	2019-09-09 16:00:00	10320.05503389	10169.14602199	10320.05503389	10313.13146066	483529.74680739	47.16631092	10251.59138749
1512	2019-09-09 20:00:00	10360.59999999	10217.80028183	10299.50703034	10309.55288085	247584.15657843	24.0585341	10290.90781463
1513	2019-09-10 00:00:00	10378.06337277	10271.77125711	10298.0	10310.3036701	206695.95340731	19.98836946	10340.81113124
1514	2019-09-10 04:00:00	10329.94773949	10128.00000001	10323.44772799	10265.216643	2973176.1956701	292.00396347	10181.97205386
1515	2019-09-10 08:00:00	10280.82891286	10209.06528187	10267.0166432	10255.197004	213369.23201841	20.81283162	10251.81176276
1516	2019-09-10 12:00:00	10264.16474971	10175.96494734	10249.20000001	10179.23426497	438745.68921563	42.9351655	10218.79580773
1517	2019-09-10 16:00:00	10239.17439588	9965.53034342	10179.96064791	10030.9	3127307.0108059	310.69482759	10065.52646873
1518	2019-09-10 20:00:00	10132.52329677	10000.0	10029.9	10114.97397512	467907.33350396	46.48947803	10064.80075345
1519	2019-09-11 00:00:00	10277.32291145	10055.7781497	10092.70863565	10112.6496	1049756.4471968	103.2658929	10165.5679113
1520	2019-09-11 04:00:00	10105.30924183	9900.0	10102.89999988	10055.9	774401.09791066	77.56971793	9983.29139999
1521	2019-09-11 08:00:00	10133.50954626	9991.51872785	10055.9	10067.46188276	424675.28806914	42.14803516	10075.80273806
1522	2019-09-11 12:00:00	10104.99999998	9981.43328254	10067.26188274	9990.0	442178.05830371	44.14977661	10015.4087349
1523	2019-09-11 16:00:00	10120.0	9933.0	9990.0	10087.59999991	657179.93997411	65.41732769	10045.96126409
1524	2019-09-11 20:00:00	10190.0	10055.93266964	10072.15762032	10158.13444378	491596.41118656	48.56690345	10122.04559618
1525	2019-09-12 00:00:00	10205.46	10092.67250265	10163.97700702	10101.77476907	293554.25474847	28.96846232	10133.58084063
1526	2019-09-12 04:00:00	10123.09999999	10050.0	10104.43016628	10082.89999954	419464.63827175	41.57627902	10089.03750309
1527	2019-09-12 08:00:00	10185.0	10081.70000037	10081.70000037	10162.10000033	320822.76196293	31.60855986	10149.86963607
1528	2019-09-12 12:00:00	10363.48482009	10164.0	10164.0	10315.53620055	1347686.7518217	131.0957379	10280.17213534
1529	2019-09-12 16:00:00	10349.99999996	10242.36481104	10334.13199995	10304.09784532	475667.61419097	46.19684473	10296.53901626
1530	2019-09-12 20:00:00	10444.44	10304.09784529	10304.09784529	10394.18689557	864118.72373828	83.11749284	10396.35213013
1531	2019-09-13 00:00:00	10434.60633276	10321.70059893	10394.18689557	10362.2	517717.59545492	49.80231002	10395.45344878
1532	2019-09-13 04:00:00	10395.69742704	10268.19261601	10359.8	10289.72092554	301751.61166977	29.22788877	10324.09881002
1533	2019-09-13 08:00:00	10327.6294	10251.36337851	10289.72092554	10300.17043849	196577.43011715	19.10957084	10286.85739533
1534	2019-09-13 12:00:00	10337.12970002	10274.86373508	10304.1575889	10300.8	290675.61202442	28.20937532	10304.22009445
1535	2019-09-13 16:00:00	10311.19999997	10195.0	10286.4200703	10203.62981978	854240.53542179	83.48760297	10231.94468439
1536	2019-09-13 20:00:00	10365.525	10154.0	10205.70000026	10344.79375393	515675.37882096	50.23739301	10264.77187457
1537	2019-09-14 00:00:00	10353.1297888	10276.68670025	10353.1297888	10288.58855023	293803.49338111	28.44801867	10327.73131898
1538	2019-09-14 04:00:00	10332.79999998	10265.0	10284.78294779	10320.47191431	123762.74749187	11.99935977	10314.11257468
1539	2019-09-14 08:00:00	10343.5	10290.79999979	10326.61919581	10291.19999996	157476.24981373	15.27164268	10311.67721203
1540	2019-09-14 12:00:00	10395.70343006	10216.13594058	10291.69999977	10362.09999986	627856.85247694	60.80364063	10325.97466157
1541	2019-09-14 16:00:00	10395.70343006	10324.63995811	10350.97000112	10370.0	524746.00677066	50.57179481	10376.25832229
1542	2019-09-14 20:00:00	10400.0	10319.99999997	10371.12431991	10336.60000037	2058656.187944	198.2747169	10382.84769803
1543	2019-09-15 00:00:00	10355.90001595	10292.29999996	10336.60000037	10293.40999863	460344.92633884	44.52503978	10339.0121292
1544	2019-09-15 04:00:00	10327.17947425	10260.0	10300.0	10292.01567596	327051.33243181	31.76738527	10295.19205474
1545	2019-09-15 08:00:00	10319.20322999	10265.60675202	10292.0156763	10281.21031444	752732.91173195	73.18457103	10285.40443891
1546	2019-09-15 12:00:00	10315.634722	10250.32746781	10287.04293644	10306.19645374	544005.03430903	52.90639903	10282.4052342
1547	2019-09-15 16:00:00	10330.0	10285.20000003	10306.09645368	10304.68786065	414174.81859927	40.18798173	10305.93726706
1548	2019-09-15 20:00:00	10318.09999999	10273.05488649	10304.68786064	10295.88087366	226360.12541297	21.97827151	10299.26877143
1549	2019-09-16 00:00:00	10350.00000002	10301.10403943	10303.58090827	10303.1	330454.25298267	31.98768826	10330.67004707
1550	2019-09-16 04:00:00	10323.23764291	10287.57810936	10302.84388292	10302.20000049	745446.65418092	72.30978167	10309.07073655
1551	2019-09-16 08:00:00	10321.4296337	10277.33921144	10302.4558452	10277.33921144	259132.0123521	25.14600414	10305.09702095
1552	2019-09-16 12:00:00	10288.11294566	10113.9156	10288.11294566	10130.73702432	3149808.4844952	310.17076938	10155.07841306
1553	2019-09-16 16:00:00	10160.632628	10082.30314434	10130.0	10131.22359716	678879.69307537	66.94425502	10140.97016797
1554	2019-09-16 20:00:00	10320.4581213	10125.50000006	10129.81107893	10258.19999998	673852.28764458	65.79163465	10242.21834932
1555	2019-09-17 00:00:00	10258.19999997	10177.0	10258.19999997	10223.38243999	214726.59034616	21.01941064	10215.63325555
1556	2019-09-17 04:00:00	10225.24035324	10166.42143292	10225.15573316	10193.24453794	291956.34656441	28.6448516	10192.27994759
1557	2019-09-17 08:00:00	10201.42472333	10140.0	10197.72472268	10163.44999977	337598.76656277	33.2102377	10165.50286729
1558	2019-09-17 12:00:00	10242.0	10149.2857921	10158.0	10209.97826567	356782.59225621	34.9941159	10195.5023889
1559	2019-09-17 16:00:00	10263.99999999	10205.02127821	10207.61432295	10248.09172569	889641.47577314	86.86760236	10241.34949743
1560	2019-09-17 20:00:00	10268.03967019	10174.93	10248.09172569	10187.80747155	373487.88066933	36.50197978	10231.98968714
1561	2019-09-18 00:00:00	10257.88999983	10191.60000004	10191.60000004	10203.55511381	276109.8855838	27.02609318	10216.41876777
1562	2019-09-18 04:00:00	10227.05909736	10189.11404003	10210.10012847	10198.30611269	310918.66886789	30.45993364	10207.46376346
1563	2019-09-18 08:00:00	10200.15194291	10148.00851916	10198.30611269	10165.46350534	590157.42511219	58.00306908	10174.58962901
1564	2019-09-18 12:00:00	10199.91	10090.86864049	10162.36767898	10178.06287502	320188.05822955	31.49370671	10166.73144186
1565	2019-09-18 16:00:00	10210.65133992	10130.55502712	10176.60000117	10181.32217418	294873.30320857	28.94472812	10187.46149509
1566	2019-09-18 20:00:00	10216.67979999	10138.18439	10179.9	10164.35519547	130059.84887107	12.7711999	10183.83941128
1567	2019-09-19 00:00:00	10176.99899924	9700.0	10153.15811	9820.63024009	5459568.0885274	553.86747164	9857.17408599
1568	2019-09-19 04:00:00	9920.90756848	9791.1410049	9822.27734669	9875.2	1320766.7768351	134.05385618	9852.50864444
1569	2019-09-19 08:00:00	9890.96265687	9825.0	9874.32559847	9858.94	377222.25966664	38.25047499	9861.89739513
1570	2019-09-19 12:00:00	9889.15543603	9850.17393939	9860.43349952	9879.98865926	282724.05281923	28.64046281	9871.49036992
1571	2019-09-19 16:00:00	10100.0	9877.85579691	9880.80676827	10082.41358154	1400154.8356727	139.69741532	10022.76837023
1572	2019-09-19 20:00:00	10265.82954118	10087.23240787	10087.23240787	10243.92000013	3619684.8905645	353.52047151	10238.96826993
1573	2019-09-20 00:00:00	10265.82954118	10152.73000001	10244.3316609	10224.88	515570.94148802	50.50612125	10208.08822233
1574	2019-09-20 04:00:00	10220.33847938	10140.01000001	10220.33847938	10152.06	329588.27003957	32.39943629	10172.65445884
1575	2019-09-20 08:00:00	10174.93	10125.00000001	10157.39999965	10174.93	335316.51135694	33.05492	10144.22395688
1576	2019-09-20 12:00:00	10227.69342703	10145.5516833	10171.205	10179.9	421656.2026468	41.41094059	10182.24161632
1577	2019-09-20 16:00:00	10193.93497357	10069.08423204	10178.36999991	10157.63682368	407828.70162362	40.23829866	10135.33661225
1578	2019-09-20 20:00:00	10181.43954	10088.83556589	10170.09999999	10163.24200001	158141.67218341	15.59362753	10141.4293678
1579	2019-09-21 00:00:00	10173.26576661	10117.50597	10166.7	10133.50260977	165480.67452505	16.30970324	10146.14871221
1580	2019-09-21 04:00:00	10123.20599198	9976.66325	10123.20599198	10075.99732525	531009.59323452	52.76451302	10063.76374654
1581	2019-09-21 08:00:00	10083.05180794	9988.0	10077.11532612	10051.25999992	517795.77633723	51.65026355	10025.0364809
1582	2019-09-21 12:00:00	10065.22448	9902.000002	10050.0	10039.56559994	2886885.0501803	288.3476409	10011.82129033
1583	2019-09-21 16:00:00	10054.9	9967.7905	10050.0083959	10010.62713486	625046.96465301	62.51231197	9998.78175923
1584	2019-09-21 20:00:00	10028.56249999	9948.47081699	10010.62713485	9984.52967214	237561.84894845	23.79954758	9981.78003804
1585	2019-09-22 00:00:00	10007.40297108	9869.0	9989.7	9881.1748309	578450.49952565	58.26324409	9928.22333463
1586	2019-09-22 04:00:00	10050.20118999	9861.98417983	9875.09999977	10034.3878698	462791.29441234	46.49207483	9954.19748644
1587	2019-09-22 08:00:00	10087.0	9984.8174	10034.3878698	10002.29994009	462968.90973987	46.17451955	10026.50193768
1588	2019-09-22 12:00:00	10053.76848531	9922.08795	10007.24439996	9988.904	565834.05802318	56.6426924	9989.533231
1589	2019-09-22 16:00:00	10029.0099999	9961.63363997	9995.19753	9992.7	384461.06962209	38.46831536	9994.2268338
1590	2019-09-22 20:00:00	10065.237	9992.66115762	9992.66115762	10028.28475599	255165.62693601	25.44644531	10027.5548835
1591	2019-09-23 00:00:00	10045.0434798	9890.0	10030.64091866	9964.62805012	3600863.7180104	362.18872944	9941.95408448
1592	2019-09-23 04:00:00	9978.60454	9879.15346	9963.94229415	9898.15555346	589108.15444634	59.30995022	9932.70357269
1593	2019-09-23 08:00:00	9965.20000004	9900.00000001	9900.00000002	9922.8	288915.5212753	29.06395203	9940.68256708
1594	2019-09-23 12:00:00	9950.0	9708.10000003	9921.69999969	9868.19641996	1919693.76335	195.03907801	9842.61094205
1595	2019-09-23 16:00:00	9880.52701746	9787.64418999	9875.0	9808.419511	3510517.9110203	357.4670809	9820.53480891
1596	2019-09-23 20:00:00	9832.0	9645.776	9808.0	9697.199	3984331.853134	408.54816347	9752.41650652
1597	2019-09-24 00:00:00	9783.39810866	9612.33919331	9704.0	9721.95521785	578735.13394327	59.66904251	9699.08531457
1598	2019-09-24 04:00:00	9781.36098	9688.68325403	9718.83119948	9754.8	356687.04787606	36.57095708	9753.28720809
1599	2019-09-24 08:00:00	9766.54261998	9680.47421809	9754.8	9727.0	2102052.9069927	216.52613291	9708.07947632
1600	2019-09-24 12:00:00	9727.0	9417.0	9727.0	9520.53915222	2640004.3320072	276.2522287	9556.49966854
1601	2019-09-24 16:00:00	9605.7165658	7906.6	9522.33232809	8330.0	10027084.783019	1161.23339033	8634.85744254
1602	2019-09-24 20:00:00	8769.71585	8121.60241995	8330.0	8501.53413007	4124000.2391608	482.37365975	8549.38937026
1603	2019-09-25 00:00:00	8720.0	8501.53413008	8503.31429997	8558.99926081	1526869.3062417	176.7444509	8638.85286619
1604	2019-09-25 04:00:00	8586.29318017	8323.51	8558.99926081	8328.89999998	2046747.4778164	241.05773904	8490.69391411
1605	2019-09-25 08:00:00	8450.4	8220.92969954	8338.68999966	8315.10312004	1658550.4392307	199.07098406	8331.45245683
1606	2019-09-25 12:00:00	8442.225	8250.00000013	8315.10312	8300.0	925016.73861357	110.59921038	8363.68302662
1607	2019-09-25 16:00:00	8405.01933999	8243.0432	8307.29999998	8351.2691	780324.02526878	93.50935873	8344.87623342
1608	2019-09-25 20:00:00	8619.9	8326.79235963	8345.80298	8433.3339948	2052959.4056876	243.12179491	8444.16028784
1609	2019-09-26 00:00:00	8447.03729	8320.0	8436.4312666	8362.5364464	701423.55820271	83.60590466	8389.64139022
1610	2019-09-26 04:00:00	8433.02381875	8344.4872761	8358.4000001	8380.45139	383953.17263761	45.7216692	8397.61932046
1611	2019-09-26 08:00:00	8459.22999999	8367.73461619	8380.0913897	8398.9120857	609857.91931715	72.40999751	8422.28891435
1612	2019-09-26 12:00:00	8432.4203462	7900.0	8392.26443964	7951.50882303	6386723.3732223	785.02529025	8135.6912351
1613	2019-09-26 16:00:00	8155.78622024	7766.6	7928.56626985	8120.0	4594072.0947761	580.14888252	7918.78125287
1614	2019-09-26 20:00:00	8136.87114116	8002.91000003	8120.76346865	8037.41157048	3409906.7064769	421.9774446	8080.77955377
1615	2019-09-27 00:00:00	8070.0	7938.8	8047.99999999	8002.11906581	1782255.4142939	222.32534732	8016.4292366
1616	2019-09-27 04:00:00	8080.444818	7954.92756082	8028.526093	8055.9342451	518157.24512469	64.56993029	8024.74530787
1617	2019-09-27 08:00:00	8125.20682874	7952.0	8061.8467784	7991.73541598	752357.6033528	93.64290462	8034.32578694
1618	2019-09-27 12:00:00	8088.60113692	7866.6	7986.80356419	7977.69962293	1260517.4715204	158.47201882	7954.19583158
1619	2019-09-27 16:00:00	8059.21704181	7946.49836502	7982.22765185	7999.34808855	582085.45002036	72.67189329	8009.77411855
1620	2019-09-27 20:00:00	8260.0	7992.31	7999.34808855	8166.6136	2471461.465752	302.35829426	8173.94962423
1621	2019-09-28 00:00:00	8200.0	8102.43000001	8166.61360001	8141.0	313924.81694336	38.47502211	8159.18483544
1622	2019-09-28 04:00:00	8200.0	7700.98129344	8157.11446284	8182.65622443	1954048.6640395	245.54911002	7957.87312721
1623	2019-09-28 08:00:00	8230.0	8126.92000001	8189.13031768	8139.59137136	204984.18057449	25.05548738	8181.20906872
1624	2019-09-28 12:00:00	8136.31150759	8006.18979996	8136.31150759	8048.55469835	405383.81511584	50.25211838	8066.99952528
1625	2019-09-28 16:00:00	8179.30507095	8032.04855137	8064.72285866	8146.49244129	523059.97213231	64.25596694	8140.25524852
1626	2019-09-28 20:00:00	8309.49	8069.96999991	8146.53527624	8205.90000002	1787473.9982641	218.4259437	8183.43264534
1627	2019-09-29 00:00:00	8217.85405642	8138.16238683	8192.46544036	8139.29999987	151842.358473	18.56375702	8179.5058139
1628	2019-09-29 04:00:00	8136.36344397	8046.87730001	8130.89989994	8079.99999999	208020.17759377	25.73575924	8082.92367261
1629	2019-09-29 08:00:00	8112.4603651	8036.82000001	8080.0	8083.49732961	252693.78741611	31.34212611	8062.43285887
1630	2019-09-29 12:00:00	8082.29732912	7894.00000001	8071.65814839	7954.23416095	1289529.7934829	161.70357892	7974.65215114
1631	2019-09-29 16:00:00	8023.93358136	7927.29	7950.76051093	7959.67989955	740612.1526803	92.78461248	7982.05793918
1632	2019-09-29 20:00:00	8120.79086618	7919.16798559	7936.37858914	8049.34563487	432050.30208292	53.7576107	8037.00715967
1633	2019-09-30 00:00:00	8047.55479429	7963.01056562	8047.21952532	7985.10755165	2514473.0511485	314.9518348	7983.6748776
1634	2019-09-30 04:00:00	7985.10755165	7723.0	7985.10755165	7811.61564989	1831653.0215655	233.06886597	7858.84898844
1635	2019-09-30 08:00:00	8090.9	7779.1643227	7800.0	8032.16290151	1955822.9630145	245.42857417	7969.01081966
1636	2019-09-30 12:00:00	8298.30235253	7996.234059	8034.38000628	8269.99999999	2770795.8586884	340.32144411	8141.70222489
1637	2019-09-30 16:00:00	8315.42	8193.30000002	8270.0	8252.44965947	561581.89885009	68.05210585	8252.2339586
1638	2019-09-30 20:00:00	8281.75679901	8135.0	8261.54	8280.47096847	424514.25804818	51.6632542	8216.94770532
1639	2019-10-01 00:00:00	8490.05999999	8173.85142	8281.75679901	8402.55	1003412.8922893	120.15426504	8351.03849168
1640	2019-10-01 04:00:00	8459.99999999	8347.27212179	8399.46225179	8411.80953181	436435.22678155	51.96601453	8398.47409367
1641	2019-10-01 08:00:00	8410.00614583	8288.62692514	8405.55906034	8353.03578881	722966.146994	86.82942152	8326.28081977
1642	2019-10-01 12:00:00	8416.19926227	8279.20818177	8361.81363963	8362.5762	873937.47757179	104.73643666	8344.15897123
1643	2019-10-01 16:00:00	8482.92397999	8235.59292	8360.0	8306.01226502	1256609.4444259	150.947476	8324.81256212
1644	2019-10-01 20:00:00	8404.09103623	8273.17163087	8306.03226671	8299.89999999	452510.34601089	54.30300279	8333.06304921
1645	2019-10-02 00:00:00	8328.67177845	8203.85	8300.0	8241.14811318	429455.00851769	52.03592596	8253.04826607
1646	2019-10-02 04:00:00	8254.59999985	8155.67956077	8233.90066989	8204.27094825	777999.71351936	94.90032397	8198.07226122
1647	2019-10-02 08:00:00	8278.47999997	8202.68426668	8203.85	8270.0	317786.82641421	38.53624336	8246.44020034
1648	2019-10-02 12:00:00	8290.83948	8193.85775047	8276.49999999	8233.9869664	571018.15452484	69.24010078	8246.9284142
1649	2019-10-02 16:00:00	8268.73637997	8188.03140005	8227.72769706	8256.24897151	553596.31927454	67.30444653	8225.25624704
1650	2019-10-02 20:00:00	8369.398171	8216.44	8252.38103754	8357.89978089	1039239.9852448	125.14975967	8303.9710822
1651	2019-10-03 00:00:00	8392.03072904	8311.10715387	8362.88157415	8325.20766315	578668.21726455	69.35608197	8343.43868378
1652	2019-10-03 04:00:00	8366.28834	8240.50905163	8325.354362	8256.27966126	960365.54201339	115.68021039	8301.90002918
1653	2019-10-03 08:00:00	8290.03322893	8168.10000011	8247.41988338	8223.07999999	980675.48518037	119.11128725	8233.27081607
1654	2019-10-03 12:00:00	8242.10999999	8050.0	8212.47508527	8119.43127945	2362774.5901597	290.21472151	8141.47048732
1655	2019-10-03 16:00:00	8203.74321367	8090.0	8118.03325999	8145.17893976	583758.80291947	71.59744304	8153.34707684
1656	2019-10-03 20:00:00	8274.0	8113.01853808	8150.49990435	8214.26248971	556502.06305863	67.92171651	8193.28620731
1657	2019-10-04 00:00:00	8223.60000001	8030.0	8223.60000001	8113.88336297	688149.94852582	84.79314649	8115.63171095
1658	2019-10-04 04:00:00	8142.94259426	8008.0	8094.16668922	8138.25778999	939020.68748783	116.20452374	8080.75845299
1659	2019-10-04 08:00:00	8173.91826	8089.28134	8135.30714097	8150.68813308	571017.32194199	70.19191827	8135.08643182
1660	2019-10-04 12:00:00	8178.34999972	8123.69000005	8164.30000001	8147.40435365	349434.99116813	42.9062887	8144.14394149
1661	2019-10-04 16:00:00	8202.5297	8128.81744526	8133.60000001	8177.60889088	935975.24653248	114.53390932	8172.03614274
1662	2019-10-04 20:00:00	8214.914692	8128.4113658	8181.0121181	8135.75597232	592168.92260473	72.40851725	8178.16667285
1663	2019-10-05 00:00:00	8143.1258762	8095.05	8135.75597232	8128.77192361	305588.15290326	37.65951734	8114.49998533
1664	2019-10-05 04:00:00	8141.90349457	8095.05000001	8132.84345241	8107.22273663	155552.8236921	19.16770939	8115.35799751
1665	2019-10-05 08:00:00	8107.22273663	8067.36494012	8107.22273663	8083.50880988	412902.10123564	51.06451804	8085.8904986
1666	2019-10-05 12:00:00	8090.71475999	8015.0	8081.2999992	8083.1	465992.38169692	57.85108853	8055.03221353
1667	2019-10-05 16:00:00	8099.00369997	8033.09026001	8090.51469996	8074.51885224	315907.73451644	39.17597779	8063.81237527
1668	2019-10-05 20:00:00	8180.0	8056.3216471	8069.23	8123.70530665	895082.04016149	110.34797307	8111.4497644
1669	2019-10-06 00:00:00	8154.40999993	8012.9921	8126.92	8040.49247861	1338120.2795185	165.86622527	8067.46688387
1670	2019-10-06 04:00:00	8079.07033056	7909.99999997	8042.34328074	7967.28999996	1095243.4063326	137.24251848	7980.35053905
1671	2019-10-06 08:00:00	7968.69999925	7864.60612158	7956.78322558	7938.90000002	687391.9396258	86.80281962	7919.0047355
1672	2019-10-06 12:00:00	8049.99999999	7865.17399278	7939.80000001	8009.59546614	3001967.9316005	379.30536421	7914.38301394
1673	2019-10-06 16:00:00	8024.3307425	7800.0	8009.59546614	7894.4149347	2838040.7748468	361.14052682	7858.54968933
1674	2019-10-06 20:00:00	7922.72775126	7800.0	7889.28949458	7862.0	1099078.2398127	139.88596542	7856.95860562
1675	2019-10-07 00:00:00	7898.5	7771.1272	7862.0	7859.04145356	1273023.74748	162.73387197	7822.73371898
1676	2019-10-07 04:00:00	7882.81870859	7806.48171845	7868.70639343	7856.3227263	281676.76158863	35.88780745	7848.8150044
1677	2019-10-07 08:00:00	8056.0	7862.75918128	7862.75918128	7986.31841632	1175339.7051426	147.64035366	7960.82965128
1678	2019-10-07 12:00:00	8211.1111	7983.89999988	7983.89999988	8171.98718657	1872190.3073823	230.30397676	8129.21397937
1679	2019-10-07 16:00:00	8293.21419929	8140.0	8176.47439115	8211.99999999	1707070.0179776	207.47130515	8227.98129477
1680	2019-10-07 20:00:00	8239.65908606	8159.99443312	8210.81621472	8188.96999999	618250.14818027	75.4352588	8195.77155318
1681	2019-10-08 00:00:00	8299.0	8187.69445095	8188.97	8244.51000022	708378.74524092	85.87419751	8249.02899568
1682	2019-10-08 04:00:00	8270.87404872	8190.0	8254.9871255	8202.01027304	484608.93628884	58.91138869	8226.06540203
1683	2019-10-08 08:00:00	8200.28	8127.89000001	8198.00000001	8177.21730321	841512.41775932	103.12285953	8160.2897902
1684	2019-10-08 12:00:00	8236.27361701	8136.01200356	8165.80000016	8182.58209299	1310903.1879248	160.17706283	8184.08806332
1685	2019-10-08 16:00:00	8208.29285976	8160.74	8179.2773955	8165.10649814	671570.71541916	82.14411991	8175.51781131
1686	2019-10-08 20:00:00	8209.22156	8107.7216428	8167.22341928	8168.29932128	968918.67372446	118.64121046	8166.7969331
1687	2019-10-09 00:00:00	8199.31588855	8120.98145854	8168.29932128	8120.98145854	935918.24589225	114.62244531	8165.22665662
1688	2019-10-09 04:00:00	8187.72044107	8118.03235814	8120.25953932	8176.03030509	316533.4227226	38.82496756	8152.83160851
1689	2019-10-09 08:00:00	8230.5999999	8156.48390121	8176.03030508	8187.671626	826543.40170508	100.87728377	8193.55330373
1690	2019-10-09 12:00:00	8650.0	8160.30000001	8184.87021298	8552.44694521	3752300.0728954	445.57506993	8421.25227851
1691	2019-10-09 16:00:00	8677.59062	8500.00000001	8556.56246154	8578.21991595	2083684.8123855	242.83570186	8580.63619321
1692	2019-10-09 20:00:00	8612.49677995	8520.79999988	8584.19486036	8557.6500005	1020217.7209186	118.94503098	8577.22018745
1693	2019-10-10 00:00:00	8583.74344587	8480.00000002	8559.87075082	8541.65513888	984537.10756675	115.3851251	8532.61723912
1694	2019-10-10 04:00:00	8642.0	8537.00001	8546.3102037	8612.27513286	1008491.5331477	117.46179057	8585.69861955
1695	2019-10-10 08:00:00	8616.85584093	8464.99999999	8616.11936379	8529.30334412	1879198.2742399	220.42286851	8525.42336892
1696	2019-10-10 12:00:00	8546.56354	8422.22442288	8527.52000001	8534.2901774	1264898.9660125	149.29957361	8472.22088735
1697	2019-10-10 16:00:00	8567.27036568	8487.97351815	8535.55702415	8551.45569538	959593.20800578	112.6206035	8520.58307435
1698	2019-10-10 20:00:00	8580.70932459	8519.33051282	8550.12208127	8556.34174685	754871.20621166	88.30723334	8548.23753004
1699	2019-10-11 00:00:00	8567.10735781	8482.75862068	8558.54461617	8549.13136537	746580.26904145	87.6121973	8521.41930061
1700	2019-10-11 04:00:00	8770.0	8363.28587597	8553.04356498	8390.74347092	6303112.1637904	739.31063044	8525.66148012
1701	2019-10-11 08:00:00	8398.99999996	8280.0	8392.49110345	8301.91474494	2096913.5936653	251.63285247	8333.22665574
1702	2019-10-11 12:00:00	8354.63920487	8278.48000001	8299.99999999	8344.33462004	1397706.5745549	167.82955243	8328.1314543
1703	2019-10-11 16:00:00	8366.17910419	8283.68786	8341.99375079	8340.51	1363938.3208516	163.81578037	8326.04965022
1704	2019-10-11 20:00:00	8356.83985332	8220.0	8340.64925011	8235.8500005	872439.78223008	105.26808793	8287.78976977
1705	2019-10-12 00:00:00	8327.05662581	8245.16979005	8245.16979005	8314.4499988	583473.60344167	70.43598419	8283.74317689
1706	2019-10-12 04:00:00	8354.33705999	8308.33240309	8313.68802037	8335.25480001	324702.11855522	38.97294312	8331.47544324
1707	2019-10-12 08:00:00	8362.87962999	8295.89999998	8335.55480001	8317.13723691	574875.06101394	69.12825582	8316.06488829
1708	2019-10-12 12:00:00	8398.918224	8308.47843489	8318.73693027	8373.57428677	839580.82198985	100.70873742	8336.72274619
1709	2019-10-12 16:00:00	8390.58745915	8293.40679066	8373.60000001	8303.97320393	969197.17527749	116.36289514	8329.09128044
1710	2019-10-12 20:00:00	8345.3267959	8295.32872073	8315.99999939	8301.78354408	493529.75477175	59.28154511	8325.18372886
1711	2019-10-13 00:00:00	8360.1094028	8281.46072227	8291.30138248	8331.80660657	242167.33661557	29.08031478	8327.53491314
1712	2019-10-13 04:00:00	8351.97390889	8309.49000001	8332.60000223	8326.49999954	194769.08973095	23.39106025	8326.64649012
1713	2019-10-13 08:00:00	8373.58212176	8318.57021264	8319.40000288	8352.32872487	350829.21781125	42.05589378	8341.97507836
1714	2019-10-13 12:00:00	8432.22999999	8345.57374351	8354.02006433	8411.80017055	886747.04746101	105.58627488	8398.31738044
1715	2019-10-13 16:00:00	8456.08461	8398.24280622	8411.70017052	8425.78850691	547025.63508031	64.89093764	8429.92342189
1716	2019-10-13 20:00:00	8431.51522814	8162.62400001	8431.51522813	8281.87357591	1209805.5687501	146.39619541	8263.91399969
1717	2019-10-14 00:00:00	8306.15974445	8247.46	8278.48	8286.47285606	789697.77272225	95.34094981	8282.88132534
1718	2019-10-14 04:00:00	8328.52407783	8275.43284569	8290.99999985	8301.21429281	878480.24199651	105.79582671	8303.54343186
1719	2019-10-14 08:00:00	8323.65745995	8278.99999996	8303.07108432	8283.66749539	727503.57156959	87.62592867	8302.37787618
1720	2019-10-14 12:00:00	8290.77498745	8245.24025472	8278.48	8252.96172774	694085.71854716	83.98324509	8264.57369923
1721	2019-10-14 16:00:00	8384.05283992	8208.2828211	8252.90141288	8322.00000023	1517250.9742527	182.49899994	8313.74952603
1722	2019-10-14 20:00:00	8350.0	8244.07609776	8337.68634566	8345.08962667	655639.66625991	78.85021329	8315.00181043
1723	2019-10-15 00:00:00	8384.8989	8310.00000001	8345.08962666	8310.31701032	263758.55104427	31.5808879	8351.84089438
1724	2019-10-15 04:00:00	8340.50999997	8277.76362018	8310.31701032	8280.00000029	537119.19683663	64.63866831	8309.56470607
1725	2019-10-15 08:00:00	8314.59	8259.7114552	8282.49063073	8289.88789887	593465.17085476	71.63808223	8284.21354091
1726	2019-10-15 12:00:00	8349.0	8233.00000002	8290.43179171	8309.49	712739.67349816	86.07629641	8280.32458672
1727	2019-10-15 16:00:00	8309.79118996	8100.0	8309.49000002	8168.72875386	1569645.622387	191.96486539	8176.7338997
1728	2019-10-15 20:00:00	8175.89174999	8128.32277722	8172.53446014	8163.15567182	381254.7963997	46.77179147	8151.38322516
1729	2019-10-16 00:00:00	8179.99999992	8146.45956532	8160.95567154	8165.94906306	314284.76998657	38.50977848	8161.16795244
1730	2019-10-16 04:00:00	8177.71694443	8126.92277719	8166.39999999	8138.08784974	509994.19799214	62.52719599	8156.35804416
1731	2019-10-16 08:00:00	8160.65307049	8002.24705	8137.78784937	8054.5478194	1601312.8848512	197.5883106	8104.28957051
1732	2019-10-16 12:00:00	8054.24781935	7935.85341091	8054.24781935	7951.79000008	1394615.0653234	174.76287462	7980.04191883
1733	2019-10-16 16:00:00	8011.12626443	7921.5981865	7951.19	7960.1150887	1266031.8778372	158.84351848	7970.3087035
1734	2019-10-16 20:00:00	8022.81180033	7960.1150886	7960.1150886	8000.03045398	628800.77810564	78.60567362	7999.43247284
1735	2019-10-17 00:00:00	7990.3	7954.84687635	7990.17114799	7970.1798737	349826.23956563	43.86677402	7974.74278382
1736	2019-10-17 04:00:00	7986.12654845	7934.82663091	7972.99007866	7977.79999999	420813.08255721	52.84502258	7963.15456049
1737	2019-10-17 08:00:00	8112.55502	7973.3411726	7977.39999983	8070.41785524	1496671.8629795	185.78673236	8055.85976978
1738	2019-10-17 12:00:00	8087.39274521	8019.58909145	8066.54225142	8071.30295866	1113104.7705447	138.15379995	8056.99713614
1739	2019-10-17 16:00:00	8117.18819994	8044.8546915	8074.96862006	8050.25549612	695277.83994151	86.05436577	8079.51849647
1740	2019-10-17 20:00:00	8072.70975594	8035.50000002	8057.75062867	8072.70975588	511172.61922857	63.43592373	8058.09372941
1741	2019-10-18 00:00:00	8113.83999974	8048.55797156	8070.8303962	8063.6	459758.93907197	56.94284449	8074.04236984
1742	2019-10-18 04:00:00	8072.67946458	7858.97181408	8062.6857773	7914.99999946	2053728.6768695	258.47802439	7945.46724703
1743	2019-10-18 08:00:00	7936.99999998	7818.0	7912.57224011	7922.89219446	1198724.7421534	152.15549428	7878.28758879
1744	2019-10-18 12:00:00	7964.51734965	7894.57734314	7922.11537833	7915.70000054	964001.01892236	121.67506441	7922.7491976
1745	2019-10-18 16:00:00	7981.8814759	7904.5113001	7919.64081934	7941.00003495	1589688.9477309	200.20454951	7940.32379195
1746	2019-10-18 20:00:00	7975.0	7915.27645381	7948.30996935	7949.72534466	588818.94881583	74.10257404	7945.99858971
1747	2019-10-19 00:00:00	7960.80502312	7901.70932951	7948.16	7942.41627297	313962.662999	39.64076428	7920.19701692
1748	2019-10-19 04:00:00	7961.21237972	7915.8811066	7942.41627297	7940.41488812	102687.52281856	12.92749418	7943.34318691
1749	2019-10-19 08:00:00	7991.02861106	7922.23230003	7931.70000001	7945.32168003	433386.59935584	54.48111963	7954.80346768
1750	2019-10-19 12:00:00	8089.66149787	7877.00000001	7945.12168001	7992.09999873	818460.31557776	102.52988386	7982.65134773
1751	2019-10-19 16:00:00	8002.69999963	7955.76142545	7992.09999865	7974.50661325	702597.72753412	88.04750442	7979.75742938
1752	2019-10-19 20:00:00	7980.59999926	7899.0	7974.9066135	7952.26047833	459974.48335781	57.9863218	7932.46526214
1753	2019-10-20 00:00:00	7953.54367503	7873.92836958	7953.54367503	7907.79998705	400713.68764562	50.67357932	7907.74389776
1754	2019-10-20 04:00:00	7940.1742855	7901.75	7909.59999707	7909.65764216	164726.27324114	20.79405979	7921.7947291
1755	2019-10-20 08:00:00	7976.67665032	7888.83497953	7916.62408219	7939.10224164	325103.57837152	41.01194102	7927.0468621
1756	2019-10-20 12:00:00	8036.82	7939.10224167	7947.16712558	8029.39714806	616775.17192966	77.28838142	7980.17969321
1757	2019-10-20 16:00:00	8239.54784187	8001.03768708	8019.20000007	8228.17810539	848204.62942256	104.21027766	8139.35677428
1758	2019-10-20 20:00:00	8293.43406172	8169.13130122	8237.48563027	8221.11725194	651060.80694834	79.14214233	8226.47438874
1759	2019-10-21 00:00:00	8252.0	8180.55739368	8225.95659995	8217.66468615	371317.25196463	45.19805937	8215.33617018
1760	2019-10-21 04:00:00	8245.0	8200.0	8217.66468614	8216.29725039	804059.43899531	97.74095727	8226.43302719
1761	2019-10-21 08:00:00	8272.61219998	8190.75769486	8214.5	8223.92000027	239566.97398164	29.14598816	8219.55229881
1762	2019-10-21 12:00:00	8338.26944733	8115.71276396	8230.89999984	8190.00000001	1067232.8971846	129.91934903	8214.58008489
1763	2019-10-21 16:00:00	8198.56839851	8148.01205279	8191.34946839	8185.89999768	715250.19548818	87.54259951	8170.3102203
1764	2019-10-21 20:00:00	8227.80114083	8181.00000005	8181.00000005	8199.04394432	442722.28120432	54.03395475	8193.40881585
1765	2019-10-22 00:00:00	8205.08579717	8161.18853724	8181.0011008	8201.09999985	403212.71627856	49.29533143	8179.53150089
1766	2019-10-22 04:00:00	8220.84527625	8184.45323077	8201.39999989	8209.89999999	674843.3794357	82.26863012	8202.92471688
1767	2019-10-22 08:00:00	8276.32074801	8203.9908596	8209.89999999	8275.89361503	455047.59312343	55.20636527	8242.66533212
1768	2019-10-22 12:00:00	8293.62418282	8148.87662785	8275.89361504	8207.99999999	804285.39943612	97.87073837	8217.83316271
1769	2019-10-22 16:00:00	8215.78947368	8160.5263158	8198.50000001	8163.00000029	544736.5737584	66.49607755	8192.01062421
1770	2019-10-22 20:00:00	8162.00000001	7995.0	8162.00000001	8022.14757244	1168648.4542291	144.98013865	8060.74863157
1771	2019-10-23 00:00:00	8046.86041112	7944.28227859	8022.0	7959.72574463	1209123.2018735	150.87400317	8014.12553832
1772	2019-10-23 04:00:00	7984.33999939	7928.52322252	7957.24006283	7961.04074854	1026273.4390525	128.94798716	7958.81705217
1773	2019-10-23 08:00:00	8010.75525424	7950.0	7961.04074854	7958.65527908	730703.81430427	91.45578848	7989.69454474
1774	2019-10-23 12:00:00	7962.96889435	7430.00000001	7962.96889434	7446.10242481	5128586.698957	676.36226062	7582.6032846
1775	2019-10-23 16:00:00	7536.25063822	7305.76084001	7431.72000034	7484.9809136	3430983.4810018	459.71029846	7463.36006066
1776	2019-10-23 20:00:00	7494.49999991	7400.0	7480.88436001	7465.12909912	1050834.8684651	141.23547166	7440.30416802
1777	2019-10-24 00:00:00	7497.36628144	7401.7431009	7464.20356194	7411.1882792	805222.01255883	108.17259668	7443.86320817
1778	2019-10-24 04:00:00	7437.86891798	7343.79989326	7411.18827923	7416.70500629	937133.85561698	126.55065175	7405.2076592
1779	2019-10-24 08:00:00	7475.44942508	7390.29999911	7422.72091061	7426.29999996	909902.24235607	122.39935047	7433.88129807
1780	2019-10-24 12:00:00	7497.93007915	7412.5268586	7425.63633357	7434.10631741	2007521.4362308	269.51866265	7448.54332717
1781	2019-10-24 16:00:00	7469.87251543	7411.13131061	7433.38833532	7467.39851338	1259495.6566062	169.26859033	7440.81140009
1782	2019-10-24 20:00:00	7465.30000049	7411.45691337	7465.30000049	7415.0	342858.58568814	46.06225359	7443.37410713
1783	2019-10-25 00:00:00	7452.90394577	7411.13131061	7415.00000001	7431.7102602	172588.41688855	23.23323728	7428.51350453
1784	2019-10-25 04:00:00	7464.85894599	7382.21400002	7440.50001627	7457.40000024	554319.81287278	74.59426069	7431.13220434
1785	2019-10-25 08:00:00	7640.98933133	7441.07000005	7460.7	7575.33725438	1199410.9538183	159.21056333	7533.48853701
1786	2019-10-25 12:00:00	8400.0	7575.33725437	7575.33725437	8262.99979998	3586929.8247245	452.89322023	7920.03426967
1787	2019-10-25 16:00:00	8750.60000015	8250.0	8250.00000002	8629.04543979	5464636.6674227	643.32319873	8494.38770156
1788	2019-10-25 20:00:00	8694.34559945	8549.85569116	8633.87134318	8656.9899841	1255246.477585	145.76958746	8611.16848484
