	date	high	low	open	close	volume	quoteVolume	weightedAverage
0	2018-12-31 23:00:00	3696.22229999	3696.22229999	3696.22229999	3696.22229999	0.0	0.0	3696.22229999
1	2019-01-01 00:00:00	3711.42000003	3684.1585	3696.20229991	3700.24999998	38071.26238342	10.28938632	3700.05180089
2	2019-01-01 02:00:00	3700.43719947	3674.11000001	3685.7185	3692.00000003	27097.40483944	7.3524094	3685.5136004
3	2019-01-01 04:00:00	3706.93949993	3699.11649999	3699.11649999	3703.40619998	6625.47148744	1.78935506	3702.71481359
4	2019-01-01 06:00:00	3725.47863624	3689.1391001	3703.40339982	3720.95255	32101.79827886	8.64049552	3715.27283412
5	2019-01-01 08:00:00	3729.42959998	3699.0	3722.22999999	3706.11429998	38535.9073184	10.37822988	3713.14836575
6	2019-01-01 10:00:00	3718.31052225	3702.90000002	3705.51269986	3713.50132428	47340.86742172	12.76651835	3708.20501908
7	2019-01-01 12:00:00	3742.04999998	3704.70132144	3713.31051148	3714.17301416	114093.70983845	30.67382621	3719.57867457
8	2019-01-01 14:00:00	3716.5495	3667.99593217	3709.1537	3685.68145793	237361.44191081	64.34048863	3689.14577686
9	2019-01-01 16:00:00	3700.30999937	3676.37030734	3685.68145785	3686.4914984	63814.20277639	17.30326299	3687.98664236
10	2019-01-01 18:00:00	3701.77263227	3638.95819695	3685.00491903	3701.33065007	364971.09449184	99.55728725	3665.94053105
11	2019-01-01 20:00:00	3729.20512824	3695.0000003	3697.00000076	3703.7825	395666.21874008	106.51195426	3714.75879387
12	2019-01-01 22:00:00	3812.0	3697.29450196	3706.94332907	3795.55974532	563619.17333758	149.69160776	3765.20221655
13	2019-01-02 00:00:00	3808.70875567	3763.75791224	3796.24838735	3769.35798347	181494.81313887	47.95832029	3784.42806256
14	2019-01-02 02:00:00	3790.0	3764.22876829	3767.7400461	3775.80691489	159441.55238758	42.21187818	3777.17266471
15	2019-01-02 04:00:00	3778.43204999	3767.59102	3775.80691489	3774.03001	347856.14290392	92.21743611	3772.12984417
16	2019-01-02 06:00:00	3774.76709378	3751.41443611	3774.1433	3769.37572204	161158.3870885	42.80304179	3765.11528968
17	2019-01-02 08:00:00	3799.0	3769.82801491	3770.5	3774.49980766	182407.67256837	48.28475643	3777.74863238
18	2019-01-02 10:00:00	3800.77811493	3771.9743508	3778.65540725	3786.68535702	309930.25763818	81.85491084	3786.3367568
19	2019-01-02 12:00:00	3844.31279	3780.43846881	3786.76418525	3821.74381472	309769.11198554	81.21055038	3814.39493435
20	2019-01-02 14:00:00	3828.78	3790.67724361	3824.20501427	3801.0	317705.13483612	83.31657801	3813.22832051
21	2019-01-02 16:00:00	3860.45133478	3800.98116914	3801.69656997	3822.99999702	252948.1263235	66.17497955	3822.41336595
22	2019-01-02 18:00:00	3827.09999998	3799.55404081	3822.99999995	3825.57962	389457.61504367	101.96612722	3819.48030843
23	2019-01-02 20:00:00	3878.69452049	3816.47610998	3827.0	3860.42749998	430083.05250844	111.91820625	3842.83368112
24	2019-01-02 22:00:00	3885.54389999	3841.75821684	3859.81607028	3858.89981478	315704.07424086	81.67809427	3865.22331431
25	2019-01-03 00:00:00	3861.97671467	3818.88564822	3856.00000016	3838.14691481	256107.92363018	66.75217221	3836.69797028
26	2019-01-03 02:00:00	3844.99999998	3828.80711489	3838.14691478	3839.57501492	51272.01851027	13.36107931	3837.41592431
27	2019-01-03 04:00:00	3849.99999433	3802.01091992	3839.57501492	3825.27	128444.85137342	33.56799619	3826.40806577
28	2019-01-03 06:00:00	3832.62359985	3820.0	3830.6	3827.08884033	322977.9646701	84.37391604	3827.93616592
29	2019-01-03 08:00:00	3830.67069996	3787.03957749	3827.08884033	3804.85862736	261189.77131982	68.58036025	3808.52142461
30	2019-01-03 10:00:00	3822.69914998	3790.17094145	3805.27142138	3808.41472966	154036.92775712	40.46589105	3806.5868256
31	2019-01-03 12:00:00	3826.30666972	3797.96445648	3802.81768322	3819.2331492	149774.75037567	39.29959792	3811.10134206
32	2019-01-03 14:00:00	3816.11999999	3786.10000001	3812.39260999	3803.99590185	191677.28808577	50.41449062	3802.02766562
33	2019-01-03 16:00:00	3803.99590185	3731.00000003	3803.99590185	3750.97248366	528815.44900555	140.57829551	3761.71475893
34	2019-01-03 18:00:00	3769.88156651	3738.25304489	3750.97248358	3750.27578776	150695.52385231	40.12461052	3755.68814
35	2019-01-03 20:00:00	3779.7	3750.97577997	3750.97577997	3771.97302	25172.86260245	6.67310856	3772.28429241
36	2019-01-03 22:00:00	3778.18513437	3756.12000001	3771.97302	3761.85757117	46982.20818324	12.47444629	3766.27604071
37	2019-01-04 00:00:00	3772.96992599	3737.71591645	3763.83092408	3761.07280005	63564.55635186	16.95734677	3748.49657874
38	2019-01-04 02:00:00	3781.33695432	3752.57529198	3761.07280024	3779.66020004	21009.89314881	5.5759684400000005	3767.93616658
39	2019-01-04 04:00:00	3790.6241373	3766.6758	3781.85	3777.1467	121840.90166895	32.27158039	3775.48605294
40	2019-01-04 06:00:00	3798.07925	3777.6622209	3783.74999993	3780.98000019	115894.38493715	30.61006848	3786.15242278
41	2019-01-04 08:00:00	3797.28541273	3760.00000001	3783.1593	3760.26360311	103243.58734477	27.37249608	3771.80024222
42	2019-01-04 10:00:00	3776.71519987	3751.54765853	3760.26360311	3751.64765017	93532.47380986	24.82585707	3767.5425886
43	2019-01-04 12:00:00	3763.34669502	3738.2240432	3754.09850979	3745.0	151204.77630351	40.29888316	3752.08354294
44	2019-01-04 14:00:00	3753.04253995	3701.35925415	3745.0	3726.89999932	151491.37801133	40.64787076	3726.92038177
45	2019-01-04 16:00:00	3749.2085	3716.69620001	3724.35154963	3746.498	61729.47586252	16.49010754	3743.42469949
46	2019-01-04 18:00:00	3746.498	3725.40000001	3746.498	3741.59856999	140766.19887217	37.68360685	3735.47573172
47	2019-01-04 20:00:00	3819.99291489	3735.21082	3737.32615	3798.37261	353365.73680483	93.57408436	3776.32054026
48	2019-01-04 22:00:00	3811.65	3782.77513807	3798.81867	3794.90259	96256.41942479	25.33573771	3799.23491972
49	2019-01-05 00:00:00	3839.55900037	3789.12672848	3790.68631634	3801.49406556	326303.3499955	85.53692226	3814.76608433
50	2019-01-05 02:00:00	3820.73451119	3801.00757398	3801.09461488	3810.88110148	26401.20426205	6.92526218	3812.30393533
51	2019-01-05 04:00:00	3831.09	3812.48411506	3815.69999991	3829.4	52206.20901011	13.65101952	3824.34505595
52	2019-01-05 06:00:00	3829.4	3780.91030002	3829.4	3780.91050031	63936.25382016	16.81558388	3802.20242582
53	2019-01-05 08:00:00	3795.19101485	3780.72193481	3788.07991425	3794.232204	16417.41095261	4.32816802	3793.15471967
54	2019-01-05 10:00:00	3810.49247485	3774.44288772	3782.75321495	3801.89999999	97476.59107281	25.68905822	3794.47896602
55	2019-01-05 12:00:00	3808.09999981	3785.00230016	3801.89999999	3794.0127307	71447.63331984	18.80075617	3800.25317459
56	2019-01-05 14:00:00	3807.79999946	3780.03	3794.01273046	3785.53708216	49407.11077108	13.03438181	3790.52198188
57	2019-01-05 16:00:00	3808.14569999	3776.6513	3785.0	3800.95	38936.73589632	10.26269646	3794.00638497
58	2019-01-05 18:00:00	3816.56749329	3789.86000032	3795.0	3806.56749335	43138.63316185	11.33030451	3807.36750047
59	2019-01-05 20:00:00	3814.32	3796.00000001	3814.32	3802.1299	15849.52390551	4.16869113	3802.03843634
60	2019-01-05 22:00:00	3801.93985847	3751.49661488	3801.93985847	3775.80715	199506.07847203	52.89310649	3771.87296627
61	2019-01-06 00:00:00	3788.37961485	3763.8047801	3772.41640967	3763.8047801	143881.70092293	38.10819969	3775.61002863
62	2019-01-06 02:00:00	3780.0	3737.04586	3763.8047801	3774.03907196	80998.80368554	21.57262779	3754.70269426
63	2019-01-06 04:00:00	3781.42440735	3764.2	3770.39	3780.45703481	20255.04681401	5.36278318	3776.96545509
64	2019-01-06 06:00:00	3780.45703482	3762.17073227	3776.63199776	3765.43701274	12826.27569813	3.39810072	3774.54253272
65	2019-01-06 08:00:00	3782.23999978	3765.43701274	3765.43701274	3776.85782681	19543.50717068	5.17515474	3776.41020463
66	2019-01-06 10:00:00	3817.0	3770.27781683	3772.9725033	3810.39984598	194934.19625529	51.29772167	3800.05563423
67	2019-01-06 12:00:00	3817.47999997	3785.92670891	3810.82051002	3799.69229845	87828.86721858	23.1205014	3798.74405399
68	2019-01-06 14:00:00	3819.0	3792.41046777	3794.61645491	3803.01257137	127367.37325138	33.41576382	3811.59544751
69	2019-01-06 16:00:00	4024.62694568	3803.20152849	3810.47998955	4000.61	1170223.714237	296.92489689	3941.14379256
70	2019-01-06 18:00:00	4023.66170695	3980.0	4005.0	4000.0	535464.79476274	133.8471796	4000.56838226
71	2019-01-06 20:00:00	4008.61451489	3960.0	4000.0	3964.58141568	204836.54087814	51.43202156	3982.66555863
72	2019-01-06 22:00:00	4009.6515	3964.77951562	3967.51316228	3988.0	172766.02042285	43.36078855	3984.38373009
73	2019-01-07 00:00:00	4012.11000002	3975.1324	3988.0	3989.66329996	168351.91824156	42.14881917	3994.22620981
74	2019-01-07 02:00:00	3994.86261472	3969.82940019	3980.47000005	3990.46740046	44904.85995509	11.28308204	3979.83988735
75	2019-01-07 04:00:00	3996.9581697	3980.34000103	3990.46740048	3990.94730347	88561.38197989	22.21970916	3985.7129246
76	2019-01-07 06:00:00	4000.0	3982.92000399	3988.86751487	3998.5	54620.71554289	13.66723768	3996.47074425
77	2019-01-07 08:00:00	4015.1716	3930.0	3996.81897536	3955.57161484	406748.15256209	102.59798217	3964.48491441
78	2019-01-07 10:00:00	3998.95032381	3950.21010001	3950.21010001	3974.66309704	153110.14766969	38.51397528	3975.44388904
79	2019-01-07 12:00:00	3985.28435	3957.89005867	3974.1401	3985.28434997	70334.86706587	17.68882066	3976.23269622
80	2019-01-07 14:00:00	3996.13214228	3967.64238649	3985.28434997	3973.0308	71578.43792567	17.96379105	3984.59532993
81	2019-01-07 16:00:00	3985.41889996	3950.0	3974.0	3980.0	272232.57743538	68.44720011	3977.26389096
82	2019-01-07 18:00:00	3990.0	3972.3269	3975.56720001	3985.0	45791.29284842	11.49840182	3982.40499551
83	2019-01-07 20:00:00	3987.0	3965.78567982	3986.99999998	3968.41000001	94166.09480908	23.67439322	3977.55050927
84	2019-01-07 22:00:00	3975.29220996	3957.89952999	3972.20946797	3974.89220995	37244.06846105	9.38563965	3968.19714477
85	2019-01-08 00:00:00	3989.9899997	3958.73852039	3977.59005694	3962.0846	92651.51354602	23.32511152	3972.17880251
86	2019-01-08 02:00:00	3964.72971033	3924.48348141	3964.72971033	3947.45546555	381246.01723996	96.75711307	3940.23762329
87	2019-01-08 04:00:00	3948.99589	3938.0	3947.45546555	3948.99589	396035.72601582	100.46485544	3942.0325076
88	2019-01-08 06:00:00	3958.15180644	3933.30000005	3942.35250015	3954.0	112749.91537408	28.5660262	3946.99334743
89	2019-01-08 08:00:00	3978.87999999	3949.77084989	3949.87085942	3974.76999998	83024.39472216	20.9572264	3961.61176758
90	2019-01-08 10:00:00	4011.98999999	3964.1543401	3974.97992	4005.70351	247450.9333702	62.14605196	3981.76433684
91	2019-01-08 12:00:00	4037.98036999	3989.25941293	4002.20000001	4029.7071199	409378.15995225	102.10664246	4009.31957108
92	2019-01-08 14:00:00	4074.99999998	3983.48072	4022.69760001	4000.07411	384208.31475391	95.37157709	4028.54106513
93	2019-01-08 16:00:00	4008.00999999	3952.0729	4003.95313293	3968.63682	645281.31327592	162.1265763	3980.10818461
94	2019-01-08 18:00:00	3987.17523769	3960.0	3968.63682	3987.03702859	106432.48405802	26.80909188	3970.01452098
95	2019-01-08 20:00:00	3987.9999991	3958.9651	3983.54842984	3964.48402001	120006.87704846	30.240357	3968.4345343
96	2019-01-08 22:00:00	3973.12577998	3947.94646045	3961.4886866	3954.34154414	301504.35084815	76.24834809	3954.24108719
97	2019-01-09 00:00:00	3994.9297	3936.99524085	3954.34154413	3984.24278344	283732.6356262	71.57548599	3964.10351535
98	2019-01-09 02:00:00	3995.91967597	3979.26353177	3984.61335806	3981.37292897	28003.72402686	7.01960801	3989.3572386
99	2019-01-09 04:00:00	3997.0	3982.67211482	3982.67211482	3993.19999986	73638.13581642	18.45357841	3990.45291814
100	2019-01-09 06:00:00	3997.00356442	3978.69326868	3987.9011	3989.24441831	70511.15754808	17.67060987	3990.30695979
101	2019-01-09 08:00:00	4000.0	3979.45874	3988.12464746	3982.35389999	60348.26535702	15.12940279	3988.80684153
102	2019-01-09 10:00:00	4008.19423	3975.5695	3986.25035	3988.00000001	127223.42695783	31.85747831	3993.51843607
103	2019-01-09 12:00:00	3988.00000001	3951.0	3988.00000001	3972.39996999	207884.74148121	52.33016999	3972.56002648
104	2019-01-09 14:00:00	3971.74099	3940.0	3971.74099	3957.19995085	164820.88686403	41.67008167	3955.37710171
105	2019-01-09 16:00:00	3974.72892	3956.51999	3961.39995999	3966.56422217	200731.39310703	50.61745038	3965.65594671
106	2019-01-09 18:00:00	3974.87233469	3963.39454778	3967.88411	3974.87233469	60313.06196841	15.19115809	3970.27412993
107	2019-01-09 20:00:00	3986.78509499	3956.73356	3974.87233469	3967.91438451	158813.56389366	40.01142611	3969.20528293
108	2019-01-09 22:00:00	3976.28979997	3963.0	3967.91438	3965.47000001	106586.91039437	26.85556616	3968.89455837
109	2019-01-10 00:00:00	3990.23708863	3963.01000014	3963.01000014	3982.02871455	133681.40425649	33.55222611	3984.27823591
110	2019-01-10 02:00:00	3983.24149368	3975.66271565	3982.02871455	3976.21781488	44156.79888298	11.09572282	3979.62346386
111	2019-01-10 04:00:00	3992.9384568	3976.21781499	3977.01261566	3989.64257036	87160.44882354	21.86133468	3986.96832098
112	2019-01-10 06:00:00	3986.0	3737.5	3985.53350096	3774.70222	1781276.7316636	468.15397797	3804.89500353
113	2019-01-10 08:00:00	3781.73315	3717.42452519	3777.61487	3739.92521488	628970.84730348	167.75850565	3749.26353132
114	2019-01-10 10:00:00	3748.5	3725.60979	3734.0	3737.18105	410275.65349047	109.68963686	3740.33195145
115	2019-01-10 12:00:00	3748.5	3712.03469914	3737.38105001	3724.58438496	395832.42000043	106.15336536	3728.87301931
116	2019-01-10 14:00:00	3735.25356866	3700.44680001	3724.58438496	3722.91079423	600393.08048332	161.42522699	3719.32622724
117	2019-01-10 16:00:00	3726.05519	3528.81816107	3722.91079423	3572.27091461	1305426.374587	364.68375831	3579.61204698
118	2019-01-10 18:00:00	3601.35649584	3541.90459997	3580.12731487	3592.33598784	361848.56799675	101.25252443	3573.72391487
119	2019-01-10 20:00:00	3602.46218017	3576.51285	3594.451644	3596.67406322	351388.95781533	97.93648878	3587.92685129
120	2019-01-10 22:00:00	3596.67406342	3577.0	3589.5399075	3586.27805144	178687.32564768	49.82453649	3586.33192069
121	2019-01-11 00:00:00	3616.53891153	3565.88488435	3586.27805144	3591.93650259	373693.77184524	103.89794562	3596.73879608
122	2019-01-11 02:00:00	3599.29909935	3569.21100004	3593.85698977	3580.65951001	103611.30752929	28.8982839	3585.37925254
123	2019-01-11 04:00:00	3583.56874083	3551.72090014	3583.56874083	3572.18516	140546.13314285	39.48385085	3559.58525111
124	2019-01-11 06:00:00	3597.1796	3570.28400472	3576.34757882	3595.97191757	240176.45480554	67.00492889	3584.45951341
125	2019-01-11 08:00:00	3629.39112687	3591.1862	3596.27191	3591.1862	380090.26404269	105.34181708	3608.16126566
126	2019-01-11 10:00:00	3598.0	3565.75019206	3590.73274999	3594.50576	187997.34741338	52.38940162	3588.46143685
127	2019-01-11 12:00:00	3596.72679124	3573.22000001	3596.72679124	3574.9999998	136220.26068754	38.03046876	3581.87172362
128	2019-01-11 14:00:00	3614.00949859	3573.55714	3573.55714	3589.1025	318231.47856717	88.43242157	3598.58378768
129	2019-01-11 16:00:00	3617.24807811	3585.0	3587.0255626	3605.22735297	277130.13195493	76.91136954	3603.24011407
130	2019-01-11 18:00:00	3611.0328551	3594.7274986	3605.49999986	3608.0	29580.83593448	8.20395767	3605.67876192
131	2019-01-11 20:00:00	3649.99999999	3600.0	3608.0	3604.52312986	481928.30346541	133.42208623	3612.05792146
132	2019-01-11 22:00:00	3614.92	3511.54873196	3605.96526999	3600.00038064	546681.76887431	153.10876009	3570.54533361
133	2019-01-12 00:00:00	3613.5609288	3570.3877	3593.46020005	3590.89232752	242059.69474871	67.27943888	3597.8257069
134	2019-01-12 02:00:00	3601.22763	3580.08750013	3590.89232753	3600.92762	62587.56872925	17.43928727	3588.88340792
135	2019-01-12 04:00:00	3599.53199	3585.10000001	3591.141925	3585.10000001	10253.04830145	2.8558947999999997	3590.13514834
136	2019-01-12 06:00:00	3593.9973	3572.0	3589.57087999	3580.196777	17660.34251449	4.936253	3577.68179923
137	2019-01-12 08:00:00	3586.2257	3566.60491338	3581.55975	3578.3561	171056.65137969	47.85486087	3574.48853198
138	2019-01-12 10:00:00	3585.61629817	3570.29972466	3577.82097	3570.29972466	8947.84782834	2.50131035	3577.2641441
139	2019-01-12 12:00:00	3605.00334	3527.53061553	3570.18367369	3583.29	338358.09821968	94.82859925	3568.10182683
140	2019-01-12 14:00:00	3594.74264	3582.10000032	3583.29	3588.85472991	20437.6576869	5.69413446	3589.24746692
141	2019-01-12 16:00:00	3600.0	3575.0	3594.25999921	3595.74290999	26399.62243315	7.36190025	3585.97937171
142	2019-01-12 18:00:00	3599.7	3588.79521268	3597.56125304	3594.03109	27064.32808443	7.52495788	3596.6085812
143	2019-01-12 20:00:00	3600.0	3586.23791488	3593.67	3591.64795996	62934.18628184	17.50794128	3594.60802817
144	2019-01-12 22:00:00	3609.1	3565.00000001	3593.04798959	3582.25441006	74550.88731217	20.80226387	3583.78721556
145	2019-01-13 00:00:00	3588.15115167	3568.64308857	3579.06711515	3577.44282466	21286.77062416	5.94986232	3577.69129423
146	2019-01-13 02:00:00	3593.04900099	3568.76271	3572.19574965	3593.04900099	9766.77200456	2.72812486	3580.03115904
147	2019-01-13 04:00:00	3595.0	3585.0	3591.85981488	3585.00000001	9356.38441732	2.60566064	3590.79163022
148	2019-01-13 06:00:00	3586.79999983	3580.18538762	3585.00000001	3585.42763995	26499.13490229	7.39294319	3584.38232531
149	2019-01-13 08:00:00	3588.25425001	3574.45000001	3583.92879374	3587.0	38013.94100289	10.60442957	3584.72285114
150	2019-01-13 10:00:00	3588.25425	3582.09000328	3588.25424991	3583.71859	42370.80595526	11.82244393	3583.92953319
151	2019-01-13 12:00:00	3609.22908069	3560.0	3586.16811065	3589.13917002	248880.76457013	69.31174697	3590.7443608
152	2019-01-13 14:00:00	3590.55845194	3566.20000002	3590.55845194	3574.06017872	101606.33998587	28.38177473	3579.98542911
153	2019-01-13 16:00:00	3575.36152987	3444.44444444	3575.36152987	3476.404365	711696.95839392	203.54306363	3496.54243039
154	2019-01-13 18:00:00	3486.08381	3457.52000004	3476.2021825	3469.21176	123908.07257715	35.72366638	3468.51499672
155	2019-01-13 20:00:00	3500.0	3455.958	3469.2	3482.0	296062.60309835	84.98777042	3483.59065822
156	2019-01-13 22:00:00	3488.13539	3461.00166969	3488.13539	3474.78631704	55424.27980272	15.95480442	3473.83009805
157	2019-01-14 00:00:00	3494.11999996	3469.0632149	3477.6020905	3493.03999972	45002.82199185	12.91830756	3483.64689281
158	2019-01-14 02:00:00	3498.73740088	3486.85467004	3493.0399997	3492.99999999	50852.82961092	14.56844867	3490.61391249
159	2019-01-14 04:00:00	3517.39	3488.00000093	3488.3674	3509.9	224079.13137889	63.89978316	3506.72757085
160	2019-01-14 06:00:00	3523.13972029	3505.00011488	3505.00011488	3510.88771749	25153.00455006	7.14702716	3519.36602267
161	2019-01-14 08:00:00	3515.487921	3500.401	3514.25352717	3503.3	39475.54517751	11.26230419	3505.10379683
162	2019-01-14 10:00:00	3532.19891726	3490.0	3507.70000006	3490.01000028	301644.54569969	85.96784553	3508.80662229
163	2019-01-14 12:00:00	3507.99809877	3490.3	3495.31805688	3497.56537978	94918.07774524	27.10870216	3501.38775309
164	2019-01-14 14:00:00	3646.10305	3490.0	3497.80432093	3632.74329123	827934.9484446	230.11788705	3597.8730687
165	2019-01-14 16:00:00	3660.0	3611.74751	3630.83969784	3626.8873569	335437.6074589	92.39426159	3630.50260575
166	2019-01-14 18:00:00	3645.1728	3624.1540675	3628.99999997	3639.12139999	177939.82251581	48.93479631	3636.26368011
167	2019-01-14 20:00:00	3661.85	3607.07236588	3639.12139999	3624.45236	189251.82806967	52.01733887	3638.24509636
168	2019-01-14 22:00:00	3632.41304	3617.5128	3622.05344001	3628.0	27452.03564583	7.57265044	3625.1555335
169	2019-01-15 00:00:00	3642.9581	3625.21741001	3626.44379997	3636.90179977	66193.67313766	18.19674815	3637.66496035
170	2019-01-15 02:00:00	3636.84677784	3619.00000001	3636.84677784	3627.0	69765.34822839	19.24174942	3625.72792658
171	2019-01-15 04:00:00	3627.99999997	3619.0	3627.99999997	3619.0	8809.63495691	2.43020818	3625.05361862
172	2019-01-15 06:00:00	3627.29993	3605.9	3619.09606992	3626.79908	48155.05145579	13.30609216	3619.02284132
173	2019-01-15 08:00:00	3627.40752987	3576.33414889	3627.40752987	3602.22121955	92652.37625973	25.7406409	3599.45879435
174	2019-01-15 10:00:00	3614.68251488	3593.62518052	3602.22121955	3610.24125001	166059.64023707	46.10207678	3601.99912532
175	2019-01-15 12:00:00	3630.00011481	3598.99223218	3612.5498868	3622.9	72044.69514651	19.94058931	3612.96720104
176	2019-01-15 14:00:00	3633.99491536	3581.86713782	3623.27881546	3599.7	398433.19086611	110.58029809	3603.11192633
177	2019-01-15 16:00:00	3607.35345	3586.81000002	3598.77917138	3595.07773004	163596.61291063	45.46462696	3598.32739977
178	2019-01-15 18:00:00	3603.04983539	3590.17278744	3595.8	3597.41384	136968.01655915	38.1023356	3594.74070033
179	2019-01-15 20:00:00	3604.28903468	3515.48270535	3597.74816572	3538.04660018	697532.53505771	196.35342731	3552.43371411
180	2019-01-15 22:00:00	3560.18172098	3540.19968993	3540.19968993	3553.90266648	106306.74428393	29.93379827	3551.39509276
181	2019-01-16 00:00:00	3568.99999999	3546.96113	3548.35502516	3568.99999999	93187.95760409	26.22151007	3553.87456158
182	2019-01-16 02:00:00	3571.09	3557.0	3568.99999972	3571.09	28146.73713824	7.89730995	3564.09173711
183	2019-01-16 04:00:00	3583.1665	3571.14689927	3574.18999968	3579.08997999	87674.96759021	24.5079769	3577.40534634
184	2019-01-16 06:00:00	3580.68995999	3554.94597404	3579.39999999	3554.94597404	233695.71528618	65.44036966	3571.12462078
185	2019-01-16 08:00:00	3600.55651587	3556.99999993	3556.99999993	3587.39301494	181015.63130658	50.49595761	3584.75489671
186	2019-01-16 10:00:00	3598.94188473	3581.4773149	3583.05051808	3588.62838285	106086.60710885	29.53293474	3592.14578716
187	2019-01-16 12:00:00	3637.8436984	3580.0	3594.7031	3596.27121487	419946.30674901	116.2608289	3612.1048742
188	2019-01-16 14:00:00	3609.23622	3579.20877773	3595.47121	3584.31407001	290362.20630351	80.7666389	3595.07601477
189	2019-01-16 16:00:00	3590.0	3556.11451897	3590.0	3588.63585	138471.3061564	38.77199113	3571.42623117
190	2019-01-16 18:00:00	3605.0	3563.12245419	3590.0	3579.27821484	160982.96327736	44.90887774	3584.65789791
191	2019-01-16 20:00:00	3606.41652099	3565.05231178	3572.04000003	3584.43303353	250426.73231831	69.82551064	3586.46474652
192	2019-01-16 22:00:00	3599.20950063	3575.78955011	3585.98081633	3589.40221968	90367.65730739	25.19873462	3586.19822265
193	2019-01-17 00:00:00	3597.10950762	3582.27316268	3588.00212	3597.10950755	84986.53734629	23.67185031	3590.19410115
194	2019-01-17 02:00:00	3596.57	3557.04869805	3595.76999997	3572.20461487	182609.65155218	51.11477194	3572.54164738
195	2019-01-17 04:00:00	3581.95091582	3570.68619	3574.7610102	3572.7534	47170.95607307	13.19265709	3575.54628694
196	2019-01-17 06:00:00	3587.14567917	3569.84842	3571.12015756	3579.99711	69718.79211191	19.48056212	3578.8901615
197	2019-01-17 08:00:00	3584.52999	3569.30017004	3581.00003643	3574.49999975	40894.93790631	11.43420484	3576.54410416
198	2019-01-17 10:00:00	3587.9748386	3534.0778	3571.90008489	3580.48874	194429.9282939	54.56717935	3563.12953335
199	2019-01-17 12:00:00	3581.55312075	3563.10250002	3580.85185803	3566.53501373	51846.84333802	14.51799942	3571.21128318
200	2019-01-17 14:00:00	3604.3535345	3564.07000008	3571.50050978	3597.92040798	79727.4812211	22.20495672	3590.52630574
201	2019-01-17 16:00:00	3630.0	3576.51977622	3596.45257044	3597.01062	274702.99853734	76.44697279	3593.3796789
202	2019-01-17 18:00:00	3618.36341488	3595.80926401	3597.01062	3602.188548	104937.14296184	29.09100486	3607.20241417
203	2019-01-17 20:00:00	3619.40000002	3600.83641501	3602.19	3617.0	55071.0396816	15.25406622	3610.25308841
204	2019-01-17 22:00:00	3619.40000001	3610.1	3619.4	3618.10803999	14153.59070322	3.9158409499999998	3614.44473459
205	2019-01-18 00:00:00	3617.89940836	3596.97676288	3616.49999993	3597.04658	18691.41569295	5.1791037	3609.00587739
206	2019-01-18 02:00:00	3612.65476	3600.00000001	3600.00000001	3602.49682389	6755.66318579	1.87240614	3608.01166022
207	2019-01-18 04:00:00	3606.17573448	3592.5017469	3601.87092331	3600.0	16267.42789431	4.52235802	3597.11190984
208	2019-01-18 06:00:00	3612.99780084	3592.71000008	3600.0	3604.57597599	19707.93747824	5.46788131	3604.30966967
209	2019-01-18 08:00:00	3609.99900077	3599.57891	3604.57597597	3609.99900077	28310.4926119	7.85361433	3604.77245537
210	2019-01-18 10:00:00	3610.0	3590.56831489	3608.8896414	3591.02818005	39225.79905856	10.89854543	3599.17746001
211	2019-01-18 12:00:00	3599.44277708	3581.18209841	3598.29999985	3587.95426	129976.78513059	36.19113307	3591.39861355
212	2019-01-18 14:00:00	3610.0	3582.73000049	3588.71641485	3610.0	103884.46439322	28.89466943	3595.28129037
213	2019-01-18 16:00:00	3605.53599996	3575.45489144	3605.53599996	3579.19409	38559.37507833	10.76226919	3582.82945702
214	2019-01-18 18:00:00	3587.79999995	3565.46267219	3579.19409	3576.70069256	42286.21218997	11.81986857	3577.5535015
215	2019-01-18 20:00:00	3601.60913618	3587.9	3587.9	3601.60913617	49343.99685938	13.72300587	3595.71345569
216	2019-01-18 22:00:00	3603.24261587	3597.0	3601.59623863	3597.0	18490.70756224	5.13664535	3599.76332846
217	2019-01-19 00:00:00	3608.99890099	3595.68135099	3598.27961481	3599.50000004	57556.83517183	15.98037913	3601.719002
218	2019-01-19 02:00:00	3610.99900099	3603.25691499	3605.88911466	3606.39318062	16790.97111806	4.65316087	3608.50862181
219	2019-01-19 04:00:00	3610.99900099	3601.4968017	3607.59999981	3606.97781487	33875.17761071	9.3995808	3603.90301775
220	2019-01-19 06:00:00	3609.99979997	3600.0	3607.83451488	3604.70739288	12354.00565729	3.42566939	3606.30412653
221	2019-01-19 08:00:00	3618.41807	3600.17111489	3607.6399	3614.27010214	37974.1943586	10.51984916	3609.76605092
222	2019-01-19 10:00:00	3730.0	3614.47032965	3616.31371061	3693.47	846524.21860356	229.33965624	3691.13755763
223	2019-01-19 12:00:00	3693.57	3676.69000006	3690.10000018	3685.59744746	41094.71340626	11.14835493	3686.16837769
224	2019-01-19 14:00:00	3693.26999	3682.0000002	3685.59744746	3684.8	51714.3840499	14.02869802	3686.32812369
225	2019-01-19 16:00:00	3691.99999999	3682.0000002	3684.12311021	3691.99999999	110109.25581338	29.85656109	3687.94167156
226	2019-01-19 18:00:00	3694.0	3657.10789142	3692.0	3687.49999992	90062.44073252	24.47949215	3679.09759649
227	2019-01-19 20:00:00	3687.4	3673.90011492	3681.40955007	3680.0	41813.3136505	11.3585355	3681.22401435
228	2019-01-19 22:00:00	3686.76121582	3667.07000003	3680.0	3669.29000018	28868.59165929	7.84739316	3678.74924458
229	2019-01-20 00:00:00	3688.8410605	3664.19189	3669.29000018	3683.98789181	40430.74921944	10.99633691	3676.74704316
230	2019-01-20 02:00:00	3687.88719999	3677.8410605	3683.00003819	3686.24129986	47810.44726966	12.97749596	3684.10419213
231	2019-01-20 04:00:00	3686.24129986	3674.76732332	3686.24129986	3674.76732332	5349.36932154	1.4535943	3680.09789357
232	2019-01-20 06:00:00	3680.77276034	3670.77376001	3674.76732332	3680.38024005	17932.03439611	4.87466601	3678.61805492
233	2019-01-20 08:00:00	3693.54800075	3675.53681493	3680.3737362	3681.06067931	32087.15697744	8.703233	3686.80891083
234	2019-01-20 10:00:00	3685.41	3577.40397263	3680.06551351	3584.12355619	340181.71178754	94.03980362	3617.42260928
235	2019-01-20 12:00:00	3587.0	3478.99850414	3585.0	3529.1759874	748269.16038112	213.16059788	3510.35401393
236	2019-01-20 14:00:00	3536.0395758	3514.79201219	3530.0	3526.79170488	289953.31802937	82.15588926	3529.3065493
237	2019-01-20 16:00:00	3536.25531266	3514.80106	3526.79170486	3523.8525	89520.89386121	25.39982433	3524.46901593
238	2019-01-20 18:00:00	3525.0	3510.50174001	3521.88068	3516.95201485	173930.67114629	49.41573271	3519.74283508
239	2019-01-20 20:00:00	3545.0	3515.00000001	3515.00000001	3541.78999997	108571.29150326	30.74692898	3531.12636302
240	2019-01-20 22:00:00	3550.0	3535.35684802	3539.89751171	3535.35684802	79381.18758819	22.39098446	3545.22989956
241	2019-01-21 00:00:00	3549.35907	3534.41542571	3537.61154999	3537.46237	51114.59133115	14.44089126	3539.57317528
242	2019-01-21 02:00:00	3543.11945	3525.282	3537.91924	3534.0365148	61843.50213765	17.52684541	3528.50160373
243	2019-01-21 04:00:00	3531.63961387	3497.23183432	3531.63961387	3524.87261851	124239.55769198	35.3196091	3517.58020141
244	2019-01-21 06:00:00	3531.87551488	3522.35835854	3524.87261851	3524.61263999	43931.61664207	12.45115385	3528.31690711
245	2019-01-21 08:00:00	3537.34983	3516.31390672	3524.61263999	3525.89314197	87421.81743149	24.79419132	3525.89912303
246	2019-01-21 10:00:00	3557.35900098	3524.61446294	3526.58957352	3546.33999962	293748.03233257	82.91519428	3542.75274735
247	2019-01-21 12:00:00	3564.1053034	3533.01611021	3546.3399996	3535.52979569	163554.98219939	46.09494253	3548.21967926
248	2019-01-21 14:00:00	3545.86999998	3520.0	3534.27295307	3530.14361742	103436.97819818	29.27007791	3533.8812051
249	2019-01-21 16:00:00	3540.49904755	3530.14361743	3530.14361743	3536.55761484	58849.14364222	16.640135	3536.57849784
250	2019-01-21 18:00:00	3540.33999997	3527.55	3534.54274312	3530.24151001	44582.05453449	12.61160001	3535.00384559
251	2019-01-21 20:00:00	3534.93194	3511.0447156	3530.34151001	3515.26993	42511.97140918	12.06749174	3522.85067395
252	2019-01-21 22:00:00	3532.71033993	3486.856322	3514.87879002	3530.45259	230733.60224963	65.88387886	3502.12534905
253	2019-01-22 00:00:00	3540.33999996	3525.03561	3525.03561	3538.17750999	11847.43115936	3.35149622	3534.96778205
254	2019-01-22 02:00:00	3554.74720332	3521.15259163	3537.59621824	3522.27156992	109540.23880853	30.94756486	3539.54307242
255	2019-01-22 04:00:00	3533.16249999	3517.17551001	3525.10248651	3521.37372473	61040.38712624	17.319991	3524.27360535
256	2019-01-22 06:00:00	3521.37372473	3510.5	3521.37372472	3514.81851488	70708.93173714	20.11997675	3514.36448539
257	2019-01-22 08:00:00	3532.28521544	3514.05156648	3516.73311999	3514.05156648	43495.12426219	12.34881889	3522.20926143
258	2019-01-22 10:00:00	3531.21115871	3428.32102543	3514.05156648	3531.21115871	803905.13010834	230.52809327	3487.23280839
259	2019-01-22 12:00:00	3572.65911086	3520.75839661	3532.36686968	3548.52273001	275905.84427675	77.72930601	3549.57297883
260	2019-01-22 14:00:00	3587.318969	3546.92321488	3548.52273001	3577.98699368	320216.25304927	89.84996704	3563.8995049
261	2019-01-22 16:00:00	3587.81543	3565.66741	3581.49541488	3582.21122682	101595.08306723	28.40944762	3576.10202162
262	2019-01-22 18:00:00	3605.0	3570.26999	3581.85300557	3579.20005999	204716.26532049	57.0368319	3589.19418384
263	2019-01-22 20:00:00	3592.56901	3564.22871001	3578.13196	3568.73199	68816.7670397	19.21836895	3580.78082582
264	2019-01-22 22:00:00	3579.19659994	3562.78000005	3563.00000004	3571.03742	21963.51673531	6.14480117	3574.32504774
265	2019-01-23 00:00:00	3584.00159	3568.75291087	3570.0	3575.93001488	35582.69619446	9.94233963	3578.90572226
266	2019-01-23 02:00:00	3586.24811258	3576.21224005	3581.98000999	3577.43851008	112327.00392271	31.36496258	3581.28926939
267	2019-01-23 04:00:00	3578.68727709	3566.09501488	3578.68727709	3571.42928485	50509.2213412	14.14779443	3570.1127544
268	2019-01-23 06:00:00	3579.99989999	3561.24821001	3573.3399437	3561.34821002	79565.45349142	22.32303189	3564.27629918
269	2019-01-23 08:00:00	3575.0708999	3555.0	3562.65398999	3559.99642833	85862.68384872	24.06650282	3567.72583415
270	2019-01-23 10:00:00	3581.27202589	3559.80951222	3559.99642833	3574.79547001	40948.26836912	11.46543529	3571.45344536
271	2019-01-23 12:00:00	3586.50771001	3569.0	3575.27884999	3586.50771001	49677.30123399	13.88831929	3576.91238203
272	2019-01-23 14:00:00	3604.69997	3540.00000001	3586.50771489	3553.34341488	436412.22472253	122.24050753	3570.11136112
273	2019-01-23 16:00:00	3571.39037	3553.17106061	3555.6964	3569.64162997	69080.87516455	19.37029358	3566.33082917
274	2019-01-23 18:00:00	3576.03631487	3528.40000001	3569.64162985	3531.27673859	62702.21430526	17.64997497	3552.53842636
275	2019-01-23 20:00:00	3545.70496536	3521.37372465	3535.54	3543.30580999	162732.87169099	46.01919347	3536.19564838
276	2019-01-23 22:00:00	3551.60295513	3540.09471001	3540.09471001	3551.08168	34149.16743682	9.62344175	3548.53994277
277	2019-01-24 00:00:00	3554.43611613	3531.06020073	3551.60295514	3537.0	24001.34275616	6.76901771	3545.76450888
278	2019-01-24 02:00:00	3547.8765633	3533.06807	3537.0	3535.21007999	9661.58552273	2.72740344	3542.41157763
279	2019-01-24 04:00:00	3541.09207163	3527.54509107	3536.73041998	3527.54509107	2414.84611528	0.68302032	3535.54066339
280	2019-01-24 06:00:00	3552.36005999	3529.42141489	3534.14511488	3548.23896845	54403.38656595	15.37503719	3538.4230876
281	2019-01-24 08:00:00	3550.45944996	3540.20804118	3546.80942646	3545.64201	28526.50865385	8.04834071	3544.3962528
282	2019-01-24 10:00:00	3568.38462073	3536.64291488	3548.51706	3559.08000006	85878.52664037	24.13893518	3557.67667463
283	2019-01-24 12:00:00	3570.08952644	3558.55222	3562.67989999	3560.73803671	46860.56082072	13.14374392	3565.23689946
284	2019-01-24 14:00:00	3571.65999998	3547.87656336	3560.77364409	3553.33771488	51097.90533537	14.34533862	3561.98669748
285	2019-01-24 16:00:00	3558.28852999	3547.87656334	3554.26135478	3551.06042885	19806.24414788	5.57383166	3553.43421833
286	2019-01-24 18:00:00	3584.4781714	3551.06042809	3551.06042809	3574.61478023	191858.68458147	53.72476454	3571.14053871
287	2019-01-24 20:00:00	3583.00312647	3560.645057	3574.61478023	3567.14633981	100721.79277331	28.19256193	3572.63710277
288	2019-01-24 22:00:00	3576.3903984	3562.3815684	3567.14633987	3567.63879191	78709.05275091	22.06272863	3567.51216365
289	2019-01-25 00:00:00	3578.24244929	3566.41278427	3570.42259	3577.73558967	17098.93058907	4.78339497	3574.64325992
290	2019-01-25 02:00:00	3579.9899999	3567.27861486	3577.73558967	3568.18221488	16086.07922728	4.49841146	3575.94661366
291	2019-01-25 04:00:00	3569.99999999	3549.89280595	3568.31371488	3562.63459538	117408.93869063	32.96467044	3561.65971397
292	2019-01-25 06:00:00	3570.833343	3560.0	3562.63455514	3568.12634544	159708.92541284	44.82984523	3562.5580368
293	2019-01-25 08:00:00	3568.43720019	3518.714	3564.65768243	3559.57542086	251978.79114041	71.24779834	3536.65372139
294	2019-01-25 10:00:00	3561.50073	3533.01000001	3561.50073	3543.28333316	234346.41646863	66.0275094	3549.22393102
295	2019-01-25 12:00:00	3556.03288447	3537.79915	3537.79915	3549.79892405	82912.06146027	23.36036339	3549.26248689
296	2019-01-25 14:00:00	3571.544462	3549.79892404	3549.79892405	3567.43871347	90930.93297954	25.52859189	3561.92512972
297	2019-01-25 16:00:00	3571.24170999	3555.96301	3567.43871347	3560.45836849	126919.22895995	35.64976307	3560.17033579
298	2019-01-25 18:00:00	3560.4583685	3545.09040507	3558.34218371	3551.81872833	79749.4717754	22.4560502	3551.35792203
299	2019-01-25 20:00:00	3568.61901478	3548.32096266	3551.81872833	3562.10529786	15818.48196766	4.44732712	3556.85146175
300	2019-01-25 22:00:00	3569.8531494	3565.17499267	3565.17499267	3566.73243065	9343.38223403	2.61907666	3567.43365963
301	2019-01-26 00:00:00	3569.0	3564.31201493	3568.99	3569.0	2457.82435719	0.689067	3566.88733779
302	2019-01-26 02:00:00	3585.66547897	3562.06151003	3569.85314937	3579.63694511	129945.58518416	36.31022254	3578.76036262
303	2019-01-26 04:00:00	3580.1197408	3569.97177172	3579.5214718	3573.58582004	6334.6763322	1.7724352300000001	3573.99594917
304	2019-01-26 06:00:00	3651.0	3569.31041492	3574.24773917	3618.0	275231.09656123	76.23643413	3610.23045873
305	2019-01-26 08:00:00	3618.57431748	3597.9	3618.0	3599.81621473	89982.13370594	24.92990099	3609.40597967
306	2019-01-26 10:00:00	3604.1884045	3590.74	3601.00354179	3592.78571276	40228.56048171	11.19124924	3594.64431709
307	2019-01-26 12:00:00	3594.23561487	3580.43960423	3590.0	3587.6075073	29378.60681155	8.18950998	3587.34611512
308	2019-01-26 14:00:00	3589.29589391	3550.19694481	3589.2958939	3558.39445111	140077.46798768	39.30120355	3564.20300995
309	2019-01-26 16:00:00	3572.54192978	3554.73000011	3559.40544788	3568.41478182	161475.76380641	45.37831047	3558.43490279
310	2019-01-26 18:00:00	3570.02938981	3563.2	3568.41478182	3567.80189001	23243.09594926	6.5129896800000004	3568.72912306
311	2019-01-26 20:00:00	3570.66889381	3562.23000001	3568.27379897	3569.31295713	14202.58159395	3.97852206	3569.8134583
312	2019-01-26 22:00:00	3574.42710189	3568.8259245	3569.64842318	3568.8259245	15212.91955511	4.25887688	3572.04962335
313	2019-01-27 00:00:00	3571.98659139	3539.7471496	3568.8259245	3570.78722	117804.22683017	33.10541764	3558.45765521
314	2019-01-27 02:00:00	3578.56406364	3570.30902388	3571.55217057	3578.56406364	79453.12147701	22.22873886	3574.34229523
315	2019-01-27 04:00:00	3575.58329999	3562.17569432	3575.58329999	3562.17569432	21030.16232079	5.9013699	3563.60687046
316	2019-01-27 06:00:00	3565.07914362	3559.00000004	3563.48391125	3565.07914362	5123.45083275	1.43778743	3563.42719782
317	2019-01-27 08:00:00	3570.3424836	3551.0646	3566.55028139	3553.85001653	15560.79841262	4.37040561	3560.49296134
318	2019-01-27 10:00:00	3558.55149998	3527.0	3553.85001652	3543.50000009	146363.03810432	41.35311194	3539.34761467
319	2019-01-27 12:00:00	3553.41981	3542.17999999	3547.18981488	3542.17999999	23021.84546234	6.48473492	3550.15983634
320	2019-01-27 14:00:00	3566.96323993	3495.22552099	3543.88429819	3558.01395656	471073.0637003	132.95299317	3543.15500891
321	2019-01-27 16:00:00	3571.19999999	3557.60478648	3557.60478648	3568.96371174	112365.02320306	31.4939307	3567.83102983
322	2019-01-27 18:00:00	3568.96371174	3560.6	3568.96371174	3566.82623346	66287.6607018	18.59039602	3565.69384699
323	2019-01-27 20:00:00	3571.19999997	3562.37161486	3562.91898023	3562.37161486	17931.27646297	5.02419667	3568.983788
324	2019-01-27 22:00:00	3562.01331487	3540.0	3561.58182203	3553.22422902	201667.61588413	56.81481477	3549.56038667
325	2019-01-28 00:00:00	3555.31351136	3525.0	3549.97071852	3525.0	99068.63170543	27.94249655	3545.44668291
326	2019-01-28 02:00:00	3531.87050411	3482.0	3526.71789212	3486.17623221	289376.37470727	82.48401644	3508.27211375
327	2019-01-28 04:00:00	3493.66889706	3438.0	3482.0	3438.39561488	224659.66342934	64.74470547	3469.93104375
328	2019-01-28 06:00:00	3467.76581478	3409.9	3438.00000002	3460.18782108	193786.51134907	56.24890011	3445.16090039
329	2019-01-28 08:00:00	3456.37063999	3427.37878984	3456.37063999	3451.59896312	125074.44466099	36.37357675	3438.60724835
330	2019-01-28 10:00:00	3451.59896293	3414.1308402	3451.59896293	3422.16785022	70737.61740343	20.64006207	3427.199839
331	2019-01-28 12:00:00	3432.45982	3421.02166249	3422.16785288	3428.05026024	168241.67335112	49.10845612	3425.92063859
332	2019-01-28 14:00:00	3428.44636521	3382.60763366	3428.05026024	3425.17469743	360108.76744394	105.64753922	3408.58641954
333	2019-01-28 16:00:00	3434.17996	3408.13756407	3424.6179	3419.73438466	196666.90734039	57.53130465	3418.43294771
334	2019-01-28 18:00:00	3430.58502	3417.94528637	3420.5235476	3424.99999998	91041.00463393	26.59275936	3423.5260584
335	2019-01-28 20:00:00	3436.87612917	3424.22453	3425.40153994	3426.75807841	48511.72714358	14.14938331	3428.54003462
336	2019-01-28 22:00:00	3446.93999991	3425.16775772	3426.85373226	3440.72161058	58355.67555315	16.96370776	3440.03070429
337	2019-01-29 00:00:00	3440.57588673	3419.49915223	3438.34332004	3421.29166026	32702.28276492	9.52903802	3431.85562868
338	2019-01-29 02:00:00	3425.55393063	3405.12832279	3422.72849075	3409.70600432	74407.4048431	21.79849488	3413.41937838
339	2019-01-29 04:00:00	3416.26522	3382.60763366	3408.5867033	3389.00846418	134203.82039681	39.49801338	3397.73595967
340	2019-01-29 06:00:00	3399.40326	3353.73884922	3388.79362757	3358.35260047	208859.13179287	61.80278891	3379.44509425
341	2019-01-29 08:00:00	3402.3	3365.49997997	3365.49997997	3389.14080349	125855.08443481	37.2426727	3379.32471841
342	2019-01-29 10:00:00	3395.67726362	3380.89999999	3395.67726362	3385.7787695	162913.79507649	48.11114264	3386.19675478
343	2019-01-29 12:00:00	3414.88461674	3384.82234787	3387.9999986	3406.41945006	113666.93220945	33.46796522	3396.29049636
344	2019-01-29 14:00:00	3423.43186	3403.99426006	3403.99426006	3420.9999998	152448.69683414	44.61675271	3416.84877483
345	2019-01-29 16:00:00	3437.52531017	3412.30866897	3424.75062506	3416.00000001	106041.85509887	30.97392091	3423.58513173
346	2019-01-29 18:00:00	3428.16249864	3405.99998	3416.99779575	3425.0	34081.36502695	9.97788369	3415.69075024
347	2019-01-29 20:00:00	3434.11924069	3410.31197212	3425.1	3418.22488	59839.16535619	17.49528291	3420.30281327
348	2019-01-29 22:00:00	3421.50691	3405.80000003	3416.62496781	3408.10668048	46556.91823064	13.63292875	3415.03422224
349	2019-01-30 00:00:00	3414.2	3392.17466299	3414.2	3407.2499998	53630.95679211	15.76922316	3400.98914499
350	2019-01-30 02:00:00	3427.47574364	3404.24999965	3406.03805737	3420.19737015	91252.27576787	26.71268802	3416.06489393
351	2019-01-30 04:00:00	3446.0	3420.25	3420.25	3443.75544999	158524.75266031	46.1739173	3433.20995769
352	2019-01-30 06:00:00	3435.04955493	3420.66299057	3432.82236057	3426.07	246319.48030837	71.87396748	3427.1028711
353	2019-01-30 08:00:00	3438.36239996	3422.887795	3426.07	3430.1	38095.50143506	11.09137513	3434.69596768
354	2019-01-30 10:00:00	3445.804959	3430.1	3430.14224958	3434.02867935	48026.38319469	13.9746753	3436.67256402
355	2019-01-30 12:00:00	3478.55287	3431.22181114	3432.95674105	3458.64380285	345007.2762998	99.76231956	3458.2924477
356	2019-01-30 14:00:00	3470.61999994	3450.57193358	3458.55865241	3465.0	260371.92687456	75.19696348	3462.53245909
357	2019-01-30 16:00:00	3469.83048496	3454.98218274	3465.00000001	3469.12997	53604.69732686	15.48495155	3461.72844995
358	2019-01-30 18:00:00	3476.0	3457.52325	3469.22861208	3457.52325	189799.86829011	54.7121622	3469.06173432
359	2019-01-30 20:00:00	3462.2	3446.30553217	3457.04614	3459.0	219294.5481838	63.41385312	3458.14892794
360	2019-01-30 22:00:00	3467.14999977	3458.50244721	3458.72615159	3460.77990593	130426.00368353	37.66335292	3462.94192024
361	2019-01-31 00:00:00	3490.6489295	3461.45318236	3461.63627444	3473.97060995	228004.13809982	65.55549422	3478.03247939
362	2019-01-31 02:00:00	3472.58937001	3463.71733285	3472.58937001	3464.74101959	19882.57088584	5.7329846700000004	3468.10117771
363	2019-01-31 04:00:00	3467.4110229	3459.10513265	3464.74101927	3465.0	91916.53322101	26.53339821	3464.18248026
364	2019-01-31 06:00:00	3479.58999984	3464.71012451	3465.0	3478.8397599	15106.86358504	4.34909536	3473.56457712
365	2019-01-31 08:00:00	3478.8397599	3430.29939578	3478.8397599	3441.0	416174.39346396	120.65858263	3449.19013958
366	2019-01-31 10:00:00	3453.7	3423.30041	3441.0	3429.57502681	195883.73343258	57.10240459	3430.39377831
367	2019-01-31 12:00:00	3441.69460618	3427.49157969	3428.80058004	3441.69460618	66164.1410881	19.25080593	3436.95434511
368	2019-01-31 14:00:00	3443.12895316	3428.73163324	3443.12895316	3437.51429616	33489.67377917	9.74987781	3434.88138331
369	2019-01-31 16:00:00	3443.1289531	3424.93101001	3437.51429616	3430.79297892	102245.27956252	29.7679163	3434.74761659
370	2019-01-31 18:00:00	3439.70313412	3421.00000007	3433.31915999	3437.36988999	173443.69071045	50.59506348	3428.07536508
371	2019-01-31 20:00:00	3449.99999999	3431.61766983	3435.0	3442.25302	74094.16924406	21.52466997	3442.29060642
372	2019-01-31 22:00:00	3449.89999	3429.48270641	3440.6432606	3430.1721432	54872.85286354	15.9456526	3441.24221441
373	2019-02-01 00:00:00	3437.83018853	3397.78294055	3430.07213999	3413.38189	318687.7090001	93.11213074	3422.62287918
374	2019-02-01 02:00:00	3420.0	3406.63112	3410.56647473	3419.99999999	79636.49206378	23.34176375	3411.759836
375	2019-02-01 04:00:00	3419.99999999	3412.79610878	3419.99999999	3419.79943258	36923.19680966	10.80667238	3416.70363561
376	2019-02-01 06:00:00	3424.20376151	3413.70766615	3419.99999997	3419.0	126459.47312873	36.99224717	3418.53990506
377	2019-02-01 08:00:00	3441.0	3418.22376001	3419.0	3433.73676	40235.94472028	11.72703183	3431.04250961
378	2019-02-01 10:00:00	3474.21000001	3431.5022821	3433.76416941	3460.80859067	340127.4360831	98.25525657	3461.6716495
379	2019-02-01 12:00:00	3476.3984228	3456.77717002	3459.15244	3468.8	163283.16215929	47.09968032	3466.75733359
380	2019-02-01 14:00:00	3474.51154997	3456.0325051	3468.88983032	3462.2285544	131728.9922853	38.01813138	3464.89918109
381	2019-02-01 16:00:00	3466.0	3454.14704938	3462.2285544	3464.70806448	50203.99568116	14.51579069	3458.57809287
382	2019-02-01 18:00:00	3485.5382149	3461.92409907	3464.48308766	3473.72240052	75663.78798345	21.77072074	3475.48383386
383	2019-02-01 20:00:00	3484.63068333	3465.1448	3479.0	3482.11689946	35339.80947824	10.15157163	3481.2155956
384	2019-02-01 22:00:00	3485.0	3466.12949975	3480.85115934	3468.02262987	56809.3060279	16.32379497	3480.15312201
385	2019-02-02 00:00:00	3468.1443619	3458.0941677	3466.40233668	3458.0941677	18060.28028032	5.21413242	3463.71722571
386	2019-02-02 02:00:00	3467.21450364	3458.71401244	3458.71401244	3466.7997501	33493.38669481	9.66697347	3464.72314202
387	2019-02-02 04:00:00	3470.45604363	3443.44502266	3466.48568305	3456.75029982	34264.8020256	9.91045351	3457.44036748
388	2019-02-02 06:00:00	3461.95463504	3442.59343	3456.45028998	3455.75776639	45709.52446888	13.23213104	3454.43408402
389	2019-02-02 08:00:00	3459.45000049	3443.46016419	3455.75776639	3459.45000049	51425.36761481	14.90168147	3450.97751004
390	2019-02-02 10:00:00	3478.89879976	3459.82343696	3462.92536847	3478.89879976	106945.84213826	30.84045057	3467.71334924
391	2019-02-02 12:00:00	3480.0	3466.99	3478.31393216	3470.21756999	39196.93301797	11.28143599	3474.46309607
392	2019-02-02 14:00:00	3471.19999994	3453.61799998	3466.00000001	3454.99999997	132974.28510151	38.40327645	3462.57656621
393	2019-02-02 16:00:00	3465.65127866	3450.0	3454.99999997	3459.33826205	70058.4402405	20.25472779	3458.86851538
394	2019-02-02 18:00:00	3485.0	3458.70460166	3461.39419828	3471.16374271	83755.17286051	24.12047083	3472.36890402
395	2019-02-02 20:00:00	3472.88817161	3459.67477578	3472.88817161	3468.80599578	60871.7437771	17.56521901	3465.47024221
396	2019-02-02 22:00:00	3517.48346758	3462.90000055	3469.7899997	3507.74606999	232696.00268744	66.61230821	3493.28838679
397	2019-02-03 00:00:00	3511.5222	3481.47556011	3508.61221131	3488.89083833	199747.04455147	57.22072195	3490.81657386
398	2019-02-03 02:00:00	3494.34513956	3473.58287591	3489.94721561	3475.00000063	91077.46076963	26.1412853	3484.04677598
399	2019-02-03 04:00:00	3484.79997997	3475.30000004	3476.00000001	3483.50220787	33528.10028388	9.64275451	3477.02518498
400	2019-02-03 06:00:00	3484.38705902	3462.39952999	3482.28167385	3464.34687999	56815.36820914	16.34776726	3475.42066788
401	2019-02-03 08:00:00	3464.39979897	3447.92845388	3464.39979897	3456.12452976	116647.3651188	33.76249702	3454.93892379
402	2019-02-03 10:00:00	3470.7	3455.90183934	3456.12452975	3467.69990999	65434.28643313	18.87926921	3465.93322576
403	2019-02-03 12:00:00	3471.29999999	3456.22384287	3463.26209791	3470.77999998	18703.98902265	5.39459367	3467.17290806
404	2019-02-03 14:00:00	3470.77999998	3454.1021622	3470.77999998	3463.39554959	19507.03762643	5.62701352	3466.67687168
405	2019-02-03 16:00:00	3485.49373041	3461.95295445	3462.99564956	3462.19500155	60538.5830301	17.41695041	3475.84287748
406	2019-02-03 18:00:00	3472.36316998	3433.53998442	3461.17095518	3448.36886602	110557.71039163	31.99342241	3455.6387552
407	2019-02-03 20:00:00	3448.5196	3424.33108563	3448.41958986	3435.37921522	117562.9321047	34.21984173	3435.51945775
408	2019-02-03 22:00:00	3461.142231	3428.90000004	3435.84800999	3455.01000008	113774.52110271	33.01729586	3445.9067025
409	2019-02-04 00:00:00	3470.9	3459.79193114	3460.12293801	3470.29998999	32139.34072735	9.27298978	3465.90921481
410	2019-02-04 02:00:00	3470.0	3454.32193701	3470.0	3458.39541001	47205.88429154	13.65289059	3457.57434884
411	2019-02-04 04:00:00	3462.33978001	3456.26580017	3460.76538301	3457.76079976	27625.78499787	7.98173373	3461.12585716
412	2019-02-04 06:00:00	3465.30334754	3457.59112007	3457.86080101	3463.00331966	10244.06367311	2.95856495	3462.51099645
413	2019-02-04 08:00:00	3481.56178	3448.0492449	3463.00331967	3451.96695999	134374.36723001	38.78823464	3464.30737251
414	2019-02-04 10:00:00	3456.41986	3434.63599018	3450.77508	3434.73599	119389.59134472	34.6096722	3449.60191055
415	2019-02-04 12:00:00	3455.19997	3434.93599	3435.50277641	3453.35445288	87224.19444304	25.31557161	3445.47600136
416	2019-02-04 14:00:00	3464.80999974	3450.57822006	3453.35445288	3454.27990007	89204.21315789	25.80791426	3456.46735568
417	2019-02-04 16:00:00	3469.99999972	3454.88010002	3464.52999996	3467.3266	106291.53721947	30.68381833	3464.09094449
418	2019-02-04 18:00:00	3474.08999994	3460.88110005	3467.3266	3471.68995	54410.13995397	15.68551252	3468.81492616
419	2019-02-04 20:00:00	3474.4	3464.88144292	3471.58993983	3470.0	74445.69527845	21.45162892	3470.39824136
420	2019-02-04 22:00:00	3471.49624	3451.5	3470.48029277	3463.46921617	28451.25318467	8.21410692	3463.70621441
421	2019-02-05 00:00:00	3465.0	3456.05418531	3463.59964241	3456.12021976	27916.68537477	8.06590529	3461.07279605
422	2019-02-05 02:00:00	3468.7552418	3451.85738619	3453.1763	3461.64758	118285.3317537	34.15712754	3462.97655197
423	2019-02-05 04:00:00	3475.33525564	3461.22000011	3461.64758	3469.77749951	70975.47538606	20.45764368	3469.38662615
424	2019-02-05 06:00:00	3472.09999843	3463.69690009	3469.71262516	3467.17963802	30281.49479571	8.733833390000001	3467.14820898
425	2019-02-05 08:00:00	3489.90813191	3463.69977	3467.17963802	3477.56881033	329882.68078874	94.86297694	3477.46498612
426	2019-02-05 10:00:00	3483.86628	3464.57102038	3483.59999987	3467.57425021	33688.07494837	9.69268101	3475.61989439
427	2019-02-05 12:00:00	3476.21488952	3462.6	3468.70839033	3466.12505056	122158.5926899	35.22281009	3468.16714446
428	2019-02-05 14:00:00	3471.99999925	3451.68440714	3471.47935707	3460.36707007	47652.67687102	13.76734939	3461.28187214
429	2019-02-05 16:00:00	3469.7119992	3457.0	3460.10643	3458.4	63999.03494897	18.48724416	3461.79421849
430	2019-02-05 18:00:00	3467.53858986	3455.3779521	3458.40000004	3466.37998992	15406.04220329	4.45060306	3461.56284791
431	2019-02-05 20:00:00	3466.78073968	3459.4	3466.37998992	3460.0	26175.62207717	7.56071793	3462.05510105
432	2019-02-05 22:00:00	3473.10200585	3459.56945764	3460.0	3470.4028611	96865.64981672	27.95591664	3464.94271907
433	2019-02-06 00:00:00	3480.62767568	3395.25925675	3470.4	3416.48706997	533869.99499317	155.97031992	3422.89478707
434	2019-02-06 02:00:00	3426.86125	3415.17870005	3418.80235694	3421.0000001	40514.36146313	11.85068825	3418.7348961
435	2019-02-06 04:00:00	3423.02147989	3400.00000001	3421.0	3419.59993	251159.5555711	73.63714697	3410.77249602
436	2019-02-06 06:00:00	3423.2	3416.00000011	3419.59992994	3422.45144593	28800.84922759	8.42065882	3420.2607947
437	2019-02-06 08:00:00	3422.52335998	3403.64189091	3422.52335998	3412.63884753	66358.37082385	19.47103241	3408.05610234
438	2019-02-06 10:00:00	3412.63884753	3398.69802855	3412.63884753	3401.71941194	49687.44819662	14.59913445	3403.45164754
439	2019-02-06 12:00:00	3412.63884753	3400.0	3400.91933992	3406.01924957	50706.50804907	14.87472915	3408.90294792
440	2019-02-06 14:00:00	3415.87462	3383.3383	3406.01924956	3415.87462	100827.6629705	29.64321626	3401.3739294
441	2019-02-06 16:00:00	3432.98907097	3398.63190461	3416.15297041	3398.63190461	77635.28331014	22.74117872	3413.86364647
442	2019-02-06 18:00:00	3410.02659999	3388.398285	3400.45	3400.89992999	100563.73929196	29.60752399	3396.56025697
443	2019-02-06 20:00:00	3409.38002	3397.53762	3400.76997494	3409.38002	33543.15967387	9.86108777	3401.56790571
444	2019-02-06 22:00:00	3411.95999965	3402.70000005	3409.24999	3407.5	35727.16387973	10.4836039	3407.90859903
445	2019-02-07 00:00:00	3409.47999986	3399.63828022	3405.23700157	3409.4	16223.07170601	4.76152038	3407.12008167
446	2019-02-07 02:00:00	3412.07	3404.5	3410.81999958	3412.07	13427.52111682	3.94336732	3405.09012404
447	2019-02-07 04:00:00	3418.91999998	3410.23125	3412.07	3414.08997997	39023.24816642	11.42542033	3415.47593342
448	2019-02-07 06:00:00	3417.86	3409.61913801	3414.79793014	3409.85458	46514.40804338	13.63289884	3411.92350866
449	2019-02-07 08:00:00	3419.38	3409.18233138	3410.99951422	3419.38	44291.24152836	12.96922205	3415.10395593
450	2019-02-07 10:00:00	3435.53795984	3410.50000002	3419.38	3410.50000002	400244.46822755	116.86386968	3424.87776011
451	2019-02-07 12:00:00	3415.28938998	3402.59056347	3410.8	3411.0	98848.54270386	28.97236048	3411.82220109
452	2019-02-07 14:00:00	3422.9	3402.57976609	3406.97571329	3406.8	36447.24479326	10.68715085	3410.37993238
453	2019-02-07 16:00:00	3411.21649795	3395.06415346	3403.3597705	3397.3969478	37518.38381303	11.02869932	3401.88654386
454	2019-02-07 18:00:00	3403.05501999	3395.06415346	3397.67376304	3400.03083324	97802.88442932	28.76922559	3399.56611356
455	2019-02-07 20:00:00	3402.95133997	3393.456789	3399.16125419	3397.9776077	96333.96683636	28.33703977	3399.57764178
456	2019-02-07 22:00:00	3402.78838725	3393.456789	3397.90677992	3399.38299973	24027.42569875	7.06975456	3398.62232766
457	2019-02-08 00:00:00	3400.09392395	3392.44976346	3400.09392389	3394.63160084	47532.50136091	13.99668845	3395.98195178
458	2019-02-08 02:00:00	3404.66533677	3381.6460603	3394.68139704	3404.01000396	33231.30438765	9.77657727	3399.07346609
459	2019-02-08 04:00:00	3411.88	3398.19000004	3404.01000395	3409.33774176	70395.87080539	20.64608047	3409.64818516
460	2019-02-08 06:00:00	3410.52786113	3395.94733	3409.50318392	3397.30049	32903.7855861	9.6588083	3406.60923833
461	2019-02-08 08:00:00	3443.33000003	3396.6	3396.6	3422.54771	199422.64483891	58.11775068	3431.35517988
462	2019-02-08 10:00:00	3442.59000677	3422.74771	3426.32	3433.30190442	147249.48108832	42.88694547	3433.43363521
463	2019-02-08 12:00:00	3448.42374999	3428.51160119	3433.80739849	3443.63288775	128519.19232104	37.35727202	3440.27241208
464	2019-02-08 14:00:00	3509.63430868	3444.49	3444.49	3503.05560021	562613.10574193	161.73267121	3478.66081437
465	2019-02-08 16:00:00	3734.99999998	3488.36327377	3503.0556002	3667.0	1252071.0376485	344.75145262	3631.8078666
466	2019-02-08 18:00:00	3669.10000677	3647.14	3667.0	3662.0	257675.58631769	70.46717985	3656.67516234
467	2019-02-08 20:00:00	3670.40978	3620.20000811	3662.0	3636.36024	298697.51601484	81.90538408	3646.86057418
468	2019-02-08 22:00:00	3664.07875224	3630.0	3632.96609774	3660.0	365506.01634236	100.27211641	3645.14113622
469	2019-02-09 00:00:00	3666.8886314	3642.29100001	3660.0	3643.60663017	544654.35489743	149.07372825	3653.59048365
470	2019-02-09 02:00:00	3647.74258914	3636.41629001	3647.72419998	3641.32404005	21448.803242	5.89030324	3641.37504778
471	2019-02-09 04:00:00	3653.53999997	3646.0	3646.57597992	3649.88101072	100826.66919669	27.62624357	3649.66988513
472	2019-02-09 06:00:00	3665.70957543	3645.50465494	3645.50465494	3662.72164281	54817.27316945	14.98679569	3657.70470908
473	2019-02-09 08:00:00	3675.50646909	3650.02094049	3662.72164281	3657.17041488	302519.78662737	82.52749548	3665.68481047
474	2019-02-09 10:00:00	3667.23367	3656.4005	3657.17041488	3662.47615352	108673.5055395	29.68835529	3660.47578176
475	2019-02-09 12:00:00	3667.90397068	3641.54124773	3662.47615352	3661.27	225042.498354	61.59153363	3653.78949168
476	2019-02-09 14:00:00	3689.26	3642.22396706	3659.47	3642.32396	847890.91919815	231.39757446	3664.21697019
477	2019-02-09 16:00:00	3651.77359206	3631.00000073	3642.22396706	3639.13629531	81572.84563754	22.40400634	3640.99368655
478	2019-02-09 18:00:00	3668.62752725	3636.0	3646.62189502	3657.09999749	617338.27682365	168.84956834	3656.14364841
479	2019-02-09 20:00:00	3666.34586714	3653.96837579	3657.09999987	3666.09032154	131884.61923651	36.05077113	3658.30230817
480	2019-02-09 22:00:00	3670.28	3658.42359001	3666.09032154	3669.50953405	43444.85031192	11.85124054	3665.84832746
481	2019-02-10 00:00:00	3673.64757809	3651.77359206	3667.1090414	3655.22766449	33832.91686637	9.23718601	3662.68654
482	2019-02-10 02:00:00	3660.13483464	3652.21474055	3655.66619573	3653.89563759	63065.47448692	17.2498078	3656.01027084
483	2019-02-10 04:00:00	3663.76999875	3653.8956375	3653.89563759	3658.99998641	39903.86412912	10.90957672	3657.69132508
484	2019-02-10 06:00:00	3655.53369857	3611.51214121	3655.53369857	3630.50890187	298651.92191831	82.1187497	3636.82987148
485	2019-02-10 08:00:00	3641.44512999	3631.00000011	3631.35855743	3637.63727	39499.44087258	10.86185877	3636.52683292
486	2019-02-10 10:00:00	3648.29999999	3633.37097999	3640.0	3634.69303001	45420.76350108	12.47031609	3642.3105215
487	2019-02-10 12:00:00	3643.51769	3619.48321008	3634.69303348	3632.14	78168.63512993	21.52167036	3632.08960189
488	2019-02-10 14:00:00	3633.84045027	3618.45029	3632.05991	3629.34319	47657.86052879	13.1485928	3624.55977257
489	2019-02-10 16:00:00	3653.37585473	3625.97109023	3629.34318999	3633.00000001	120406.85732392	33.06449543	3641.57552559
490	2019-02-10 18:00:00	3672.12989482	3637.44250186	3637.50000057	3643.7941	141943.38955708	38.83695051	3654.85414516
491	2019-02-10 20:00:00	3669.79008996	3637.7808	3643.7941	3646.89999999	400018.98952395	109.39624361	3656.60626291
492	2019-02-10 22:00:00	3689.79374087	3643.01004001	3646.9	3676.80000003	516219.14275873	140.50155022	3674.11706098
493	2019-02-11 00:00:00	3681.3554028	3613.4586	3681.35	3636.10930877	467638.43428851	128.19083053	3647.98661772
494	2019-02-11 02:00:00	3642.04	3627.00010003	3632.58	3628.87778	10523.30221637	2.89757406	3631.76298464
495	2019-02-11 04:00:00	3631.03267985	3620.59724391	3627.94413944	3623.95270386	66926.24636646	18.44859537	3627.71501158
496	2019-02-11 06:00:00	3638.71275691	3626.34741478	3626.98873968	3638.7127569	13706.90969363	3.76951014	3636.25754662
497	2019-02-11 08:00:00	3638.76999999	3624.1664	3638.76999995	3635.98999976	64596.43304427	17.79228064	3630.58757622
498	2019-02-11 10:00:00	3641.98999991	3624.0664	3634.99999999	3630.71767958	63246.10993662	17.4196363	3630.73653475
499	2019-02-11 12:00:00	3657.32670449	3628.66231071	3630.67885624	3642.53989	64940.82046735	17.85585956	3636.94731408
500	2019-02-11 14:00:00	3652.76996	3632.32094	3636.33994	3645.87452998	58746.3511302	16.11779761	3644.81255762
501	2019-02-11 16:00:00	3645.87452998	3616.24751102	3645.87452998	3638.899999	98754.01253965	27.20659354	3629.78233178
502	2019-02-11 18:00:00	3651.0	3635.37308387	3638.89999901	3642.99774001	96279.13942427	26.43363994	3642.29593967
503	2019-02-11 20:00:00	3651.0	3634.18	3640.00000019	3637.15259	19146.84442007	5.25329236	3644.73231413
504	2019-02-11 22:00:00	3641.22	3629.96335003	3635.2	3633.54137	6755.80987742	1.85878223	3634.53543313
505	2019-02-12 00:00:00	3634.57	3590.00000001	3634.56322	3614.79998999	359986.31554538	99.91897314	3602.78237688
506	2019-02-12 02:00:00	3624.10766998	3611.57327447	3613.78030999	3622.00765999	38101.72797056	10.52511764	3620.07620948
507	2019-02-12 04:00:00	3636.03057	3619.70607	3626.29641769	3627.6982591	76652.88305996	21.1312773	3627.46094198
508	2019-02-12 06:00:00	3629.28643149	3619.51000162	3627.34920954	3629.0	43040.80606544	11.86625165	3627.16107284
509	2019-02-12 08:00:00	3627.2119149	3600.8	3627.2119149	3604.27046002	21145.30309469	5.86100417	3607.79526534
510	2019-02-12 10:00:00	3617.62254134	3601.91372418	3604.92154282	3604.84540171	77877.00617015	21.57536664	3609.53338451
511	2019-02-12 12:00:00	3635.14258881	3609.93306001	3611.00000001	3618.34195	354725.20767603	97.86045366	3624.80649137
512	2019-02-12 14:00:00	3630.15999993	3611.43223609	3618.54195003	3620.3799	138493.41953436	38.263539	3619.4618468
513	2019-02-12 16:00:00	3634.34999962	3617.27388455	3620.1881651	3631.78999989	67475.40382333	18.60128296	3627.45967406
514	2019-02-12 18:00:00	3660.56860147	3628.21232665	3631.77999946	3639.78101767	363728.69335019	99.83676739	3643.23387925
515	2019-02-12 20:00:00	3654.01999998	3604.89297824	3639.78101767	3617.48000001	252467.10436606	69.41363316	3637.14003824
516	2019-02-12 22:00:00	3640.21439919	3619.98712914	3619.98712914	3633.80360746	143603.80422333	39.62358964	3624.19976403
517	2019-02-13 00:00:00	3640.21439929	3629.13814003	3629.13814003	3635.79225984	11340.7843023	3.11765157	3637.60479568
518	2019-02-13 02:00:00	3643.8550881	3630.09702049	3636.33494846	3639.86032073	49861.68754285	13.70059593	3639.38092894
519	2019-02-13 04:00:00	3645.79515184	3633.28262229	3642.64997994	3645.01046133	25360.71877202	6.96708754	3640.07465478
520	2019-02-13 06:00:00	3666.6279375	3627.1392	3645.0	3634.20054	275818.74915378	75.61202384	3647.8159841
521	2019-02-13 08:00:00	3636.54766885	3612.61000017	3634.2429311	3618.62571014	176915.4986753	48.8898997	3618.65129118
522	2019-02-13 10:00:00	3627.83278999	3603.34548946	3618.62571014	3614.13087873	168997.01245763	46.74742095	3615.10879152
523	2019-02-13 12:00:00	3624.99999999	3609.3006945	3612.93340043	3611.65511071	150288.10032501	41.56068574	3616.11214177
524	2019-02-13 14:00:00	3614.8873108	3600.0	3614.58729	3600.53	259540.89514907	72.03914734	3602.77577862
525	2019-02-13 16:00:00	3614.10124875	3600.5	3600.53	3610.54999999	169615.24686975	47.02716495	3606.75041861
526	2019-02-13 18:00:00	3615.90736998	3605.20780134	3610.54999999	3605.20780134	89033.88015015	24.65713757	3610.87656251
527	2019-02-13 20:00:00	3615.99	3600.5	3605.65133386	3604.79407001	31239.43249874	8.66206331	3606.46550143
528	2019-02-13 22:00:00	3612.0	3601.12450502	3604.76736311	3609.17532079	12731.71796057	3.5284041200000003	3608.35027042
529	2019-02-14 00:00:00	3626.23120022	3609.63982094	3610.99383004	3616.88268001	74683.01918398	20.6269864	3620.64616399
530	2019-02-14 02:00:00	3621.51999072	3605.68950004	3616.82506166	3610.51999071	12621.78149353	3.49298407	3613.46666362
531	2019-02-14 04:00:00	3621.30999993	3605.7895837	3610.51999071	3614.28994972	28578.21897804	7.90026589	3617.37432334
532	2019-02-14 06:00:00	3621.43141595	3600.0	3613.28512999	3609.0	119213.5265806	33.03105469	3609.13472789
533	2019-02-14 08:00:00	3616.69999977	3603.70000004	3612.11698	3605.61015649	18686.64571282	5.17845964	3608.53362039
534	2019-02-14 10:00:00	3606.38536007	3569.182733	3606.38536007	3587.1234	170861.80907959	47.57783487	3591.20606363
535	2019-02-14 12:00:00	3599.49999977	3580.01000001	3587.1234	3590.80000009	38059.08178645	10.59047366	3593.70912088
536	2019-02-14 14:00:00	3605.38	3583.12000004	3590.80000009	3594.3879583	285489.38973521	79.53446531	3589.50536251
537	2019-02-14 16:00:00	3610.59603984	3591.58510005	3597.38910018	3607.39992999	91466.72836137	25.38803957	3602.74877109
538	2019-02-14 18:00:00	3612.8	3605.25054003	3607.19992997	3608.25204	43156.52596906	11.95824104	3608.93594841
539	2019-02-14 20:00:00	3607.14998	3591.03227639	3605.94855742	3604.32012684	51657.4918273	14.34819581	3600.27786847
540	2019-02-14 22:00:00	3605.91693328	3587.42825	3604.32012684	3591.14783653	23532.18015762	6.54370212	3596.15699585
541	2019-02-15 00:00:00	3606.10822998	3589.14637025	3589.14637025	3604.33205662	22500.24472087	6.24552997	3602.61576342
542	2019-02-15 02:00:00	3617.0	3601.14360362	3604.53205001	3617.0	17299.98825994	4.79394347	3608.71761801
543	2019-02-15 04:00:00	3623.20039001	3610.49883001	3612.71369532	3611.98643778	210960.9380503	58.30175068	3618.43230417
544	2019-02-15 06:00:00	3623.10732822	3605.6616401	3611.4	3614.98999	74487.77314024	20.62291725	3611.89313021
545	2019-02-15 08:00:00	3620.39998997	3604.40010009	3618.0	3606.41869993	19381.93642511	5.36311982	3613.92940594
546	2019-02-15 10:00:00	3623.45005005	3601.259448	3606.41869993	3611.94389237	134466.84046583	37.16940614	3617.67524504
547	2019-02-15 12:00:00	3624.01999999	3611.94389237	3613.88086996	3619.99999874	89304.06684533	24.67557608	3619.12794075
548	2019-02-15 14:00:00	3652.23814458	3574.21000001	3619.99999893	3585.04311995	510865.42520636	142.09435065	3595.25500394
549	2019-02-15 16:00:00	3604.99999999	3585.04311996	3585.04311996	3603.27390625	33551.54662047	9.31540083	3601.72871063
550	2019-02-15 18:00:00	3604.39999683	3597.98312532	3597.98312532	3598.00502416	38023.18034587	10.55973003	3600.77201195
551	2019-02-15 20:00:00	3604.99999999	3597.0000003	3599.65575455	3601.61964476	9302.74059598	2.58207171	3602.82038641
552	2019-02-15 22:00:00	3605.30999892	3597.10000001	3600.47305856	3605.30999892	14329.89836142	3.9774169500000003	3602.81522947
553	2019-02-16 00:00:00	3615.0	3601.00000003	3605.30999892	3614.98999506	31072.60386525	8.60746782	3609.95876081
554	2019-02-16 02:00:00	3620.11	3607.89074687	3609.93581326	3620.11	65310.65924372	18.06559997	3615.19458817
555	2019-02-16 04:00:00	3629.18303293	3614.29629864	3622.811928	3614.35425911	266753.04669209	73.62225408	3623.26649768
556	2019-02-16 06:00:00	3619.31059	3614.90419584	3616.0	3619.31059	7064.96054091	1.95375886	3616.08624562
557	2019-02-16 08:00:00	3627.38989	3617.62231848	3619.4105901	3619.67322237	75725.57896694	20.89769073	3623.63382372
558	2019-02-16 10:00:00	3626.28331299	3612.40982134	3619.67322187	3624.92809617	14678.7322763	4.05174025	3622.82164467
559	2019-02-16 12:00:00	3640.0	3614.00000001	3624.58940122	3623.80265002	141857.56492096	39.10399477	3627.70007911
560	2019-02-16 14:00:00	3644.4129121	3624.30046001	3631.63854504	3632.0	116855.58524195	32.12815126	3637.17116171
561	2019-02-16 16:00:00	3637.36256789	3623.17887037	3632.0	3625.9292896	69373.89077892	19.11076401	3630.09509942
562	2019-02-16 18:00:00	3640.53999999	3625.15873011	3625.9292896	3631.52550002	30426.58635694	8.3767535	3632.26473799
563	2019-02-16 20:00:00	3637.27069	3626.33000001	3631.47036473	3633.47355636	20768.9702875	5.71598242	3633.49093146
564	2019-02-16 22:00:00	3633.87396	3616.0	3633.47355636	3620.20816999	18797.16307518	5.17950761	3629.14093202
565	2019-02-17 00:00:00	3632.01382975	3615.0	3622.29697	3628.37943359	142926.80076477	39.44037981	3623.86978658
566	2019-02-17 02:00:00	3634.99999999	3627.57227801	3627.57227801	3631.93622098	19722.06196904	5.4290416	3632.69678557
567	2019-02-17 04:00:00	3643.35786996	3630.41335488	3631.68550244	3643.35786996	28216.10358565	7.75784393	3637.10637133
568	2019-02-17 06:00:00	3645.0	3634.35774286	3643.52183618	3640.50000023	23202.95962032	6.37795155	3637.99559128
569	2019-02-17 08:00:00	3647.49	3637.59675031	3643.35786989	3646.83999965	78867.51499569	21.64490612	3643.69864015
570	2019-02-17 10:00:00	3700.0	3618.9288906	3643.91188366	3618.9288906	532954.53211083	145.63858727	3659.43217454
571	2019-02-17 12:00:00	3627.99939993	3599.00000006	3625.9998998	3614.0834652	50728.29570582	14.0343853	3614.57196887
572	2019-02-17 14:00:00	3628.0	3614.0834652	3614.0834652	3624.76533973	24615.20517661	6.79677869	3621.59874542
573	2019-02-17 16:00:00	3632.47838219	3620.0	3625.12076999	3631.43860978	61900.82837133	17.0654566	3627.25884353
574	2019-02-17 18:00:00	3631.60193993	3614.08346468	3631.33859995	3620.15677279	143871.11662828	39.70978137	3623.06493928
575	2019-02-17 20:00:00	3648.91343327	3620.0	3627.84553998	3627.5796	85589.53692584	23.55739162	3633.23488043
576	2019-02-17 22:00:00	3685.95814995	3635.36463536	3639.0	3669.67084142	150359.94757982	41.00881968	3666.52707278
577	2019-02-18 00:00:00	3770.9104	3658.80000001	3669.57	3696.47246001	259277.58297969	70.02079105	3702.86566449
578	2019-02-18 02:00:00	3737.15056963	3691.57975411	3696.53993966	3737.15056963	362513.30683552	97.3655704	3723.21864234
579	2019-02-18 04:00:00	3755.05392944	3704.72420001	3732.37101017	3721.0	276429.52739293	73.99327292	3735.87376911
580	2019-02-18 06:00:00	3765.1925455	3712.09040001	3720.99999999	3732.74597	355393.2765108	94.84718215	3747.00933074
581	2019-02-18 08:00:00	3758.14939302	3731.17702895	3732.74597309	3744.61580002	95067.66243504	25.38898846	3744.44466682
582	2019-02-18 10:00:00	3755.50000001	3724.0	3744.67580027	3745.50000002	56098.0360621	14.99146119	3741.99921883
583	2019-02-18 12:00:00	3844.43973676	3732.34688714	3744.19937405	3819.40000001	715329.7200128	188.46524959	3795.55234489
584	2019-02-18 14:00:00	3850.0	3792.89849	3828.73588989	3825.80719	307682.1183289	80.54235913	3820.12796312
585	2019-02-18 16:00:00	3986.00000002	3826.05855	3826.13895	3886.10999984	2011929.6100913	515.46372364	3903.14491169
586	2019-02-18 18:00:00	3922.0	3881.56469013	3886.11999999	3893.1	317962.92107785	81.43510132	3904.49469484
587	2019-02-18 20:00:00	3910.80813759	3881.0	3893.2	3888.76793179	178090.58037965	45.69864824	3897.06451368
588	2019-02-18 22:00:00	3906.17996	3867.35194646	3887.21304657	3902.33502	213345.57531258	54.86591346	3888.49035509
589	2019-02-19 00:00:00	3975.28181155	3866.26	3906.56999	3884.0	388362.2915592	98.82850259	3929.65876626
590	2019-02-19 02:00:00	3924.67968083	3871.64655296	3882.6282814	3899.06489	539670.29069492	138.48299884	3897.01476149
591	2019-02-19 04:00:00	3912.83210998	3884.33616191	3890.8071	3890.74134653	131193.4198974	33.65985646	3897.62267861
592	2019-02-19 06:00:00	3916.40413803	3890.15544	3891.14223885	3910.80351216	88698.85177545	22.6973184	3907.90005287
593	2019-02-19 08:00:00	3921.33399997	3882.87660002	3915.35744875	3893.77545996	115011.57916762	29.39530249	3912.58362477
594	2019-02-19 10:00:00	3898.3278209	3874.64984886	3893.61516259	3896.0	282716.23874067	72.69120114	3889.27730326
595	2019-02-19 12:00:00	3985.7636	3896.0	3896.0	3973.82306519	286469.58535247	72.71999105	3939.3512185
596	2019-02-19 14:00:00	4000.0	3931.92515	3971.8101	3975.82647959	203416.11467198	51.27162997	3967.42047777
597	2019-02-19 16:00:00	3981.0	3943.71137494	3974.19829018	3958.99131006	127136.17740768	32.08231573	3962.81173957
598	2019-02-19 18:00:00	3968.30222007	3944.73408	3959.32741001	3963.4521581	90260.02732966	22.83649121	3952.44726957
599	2019-02-19 20:00:00	3960.91985842	3897.85770007	3960.91985842	3912.70334992	225865.19591247	57.53001808	3926.04076011
600	2019-02-19 22:00:00	3944.6942	3909.62460003	3913.71691999	3914.72000004	224307.89921172	57.1144167	3927.3429052
601	2019-02-20 00:00:00	3922.05047602	3880.0	3911.70096806	3908.78440436	111997.87286054	28.72817052	3898.53829301
602	2019-02-20 02:00:00	3923.85	3898.70335132	3908.78440436	3914.37215009	80820.36879364	20.64558724	3914.6558465
603	2019-02-20 04:00:00	3918.975	3888.00000009	3912.49999999	3900.00000003	135229.69712417	34.63270171	3904.68229295
604	2019-02-20 06:00:00	3923.0	3897.05296997	3900.00000003	3906.80000036	55367.78729937	14.1733841	3906.46206359
605	2019-02-20 08:00:00	3938.51163873	3906.80000011	3911.44985996	3934.1559832	79964.6022586	20.40668775	3918.54882273
606	2019-02-20 10:00:00	3988.45564847	3927.01089989	3936.56061432	3951.251385	428422.60776599	108.00279909	3966.77318898
607	2019-02-20 12:00:00	3995.0	3937.43494433	3960.0	3946.92608789	280276.94724769	70.75107997	3961.45115193
608	2019-02-20 14:00:00	3957.86315	3934.24946416	3948.37485498	3943.12883	239125.23636612	60.65387255	3942.45620787
609	2019-02-20 16:00:00	3970.0	3937.39749325	3945.74066128	3946.47796001	375599.50595337	94.91022185	3957.41890211
610	2019-02-20 18:00:00	3969.67159547	3936.75253318	3945.37752001	3955.99999997	80705.94245355	20.43856637	3948.7085832
611	2019-02-20 20:00:00	3973.49637998	3950.80173027	3955.25142081	3950.80173027	88178.27238782	22.2558621	3962.02456645
612	2019-02-20 22:00:00	3978.43154	3948.02499992	3949.9076479	3970.74600001	91413.23342226	23.04676411	3966.42378886
613	2019-02-21 00:00:00	3976.22112398	3947.75009149	3976.22112398	3954.77294999	120559.511988	30.47088313	3956.54800924
614	2019-02-21 02:00:00	3975.0	3947.82000005	3954.77294999	3975.0	97535.15452265	24.61272323	3962.79410495
615	2019-02-21 04:00:00	3985.1	3957.66904184	3968.89261612	3983.66000001	191356.2978537	48.13962616	3975.02666966
616	2019-02-21 06:00:00	4010.0	3946.71871546	3985.1	3964.76960122	375995.4452166	94.26881617	3988.54531639
617	2019-02-21 08:00:00	3967.39332997	3919.28804996	3962.2363024	3926.79609043	287623.28930745	72.82238506	3949.65489073
618	2019-02-21 10:00:00	3939.96636415	3906.09925	3931.94379998	3925.951421	102031.25114344	26.00233779	3923.92607031
619	2019-02-21 12:00:00	3941.89045661	3922.80844275	3930.00893497	3941.89045661	129592.00745419	32.97548777	3929.94967528
620	2019-02-21 14:00:00	3975.33441095	3926.30168402	3941.89045402	3928.55212003	540305.6445212	136.71442567	3952.07485876
621	2019-02-21 16:00:00	3940.0	3915.36865	3929.35709514	3939.79997998	53717.01902259	13.65851215	3932.86021439
622	2019-02-21 18:00:00	3937.37999965	3917.09999001	3932.65658366	3931.70682739	19280.40402021	4.90695764	3929.19715936
623	2019-02-21 20:00:00	3940.08407	3929.55736505	3935.35989971	3935.80933308	88114.85199039	22.39963816	3933.76229388
624	2019-02-21 22:00:00	3940.08407	3922.5	3931.16160024	3940.08407	56224.37601647	14.2881098	3935.04646895
625	2019-02-22 00:00:00	3950.0	3933.10000001	3942.62999988	3949.59989982	19598.64833152	4.97026684	3943.17829654
626	2019-02-22 02:00:00	3957.72999999	3948.87063293	3949.59989983	3957.72999977	107142.77501321	27.09269803	3954.6735026
627	2019-02-22 04:00:00	3965.0	3955.57400561	3957.71999977	3955.94163488	31973.54117284	8.07681455	3958.6820986
628	2019-02-22 06:00:00	3969.172133	3933.1	3954.35925823	3938.17973357	43412.57527784	10.98324432	3952.61855359
629	2019-02-22 08:00:00	3973.95605	3933.11	3938.17973357	3953.26837003	181508.97265961	45.85365575	3958.44060175
630	2019-02-22 10:00:00	3959.0	3944.97000009	3954.32269101	3949.68000032	132979.20834944	33.64061799	3952.93595346
631	2019-02-22 12:00:00	3984.56697	3949.98000006	3949.98000006	3978.50628903	77876.74128568	19.62671043	3967.89576956
632	2019-02-22 14:00:00	3983.00878999	3936.92341527	3978.69992375	3956.2	164692.62564218	41.68672783	3950.72087005
633	2019-02-22 16:00:00	3985.02987319	3951.6986939	3956.22506997	3969.17343476	612335.03403742	154.36730221	3966.74052905
634	2019-02-22 18:00:00	3985.7095254	3963.69727278	3967.68734054	3963.69727278	82936.46657655	20.87163659	3973.64462623
635	2019-02-22 20:00:00	3971.63259984	3957.67378	3971.63259984	3966.3003734	99433.24359399	25.09020042	3963.03106111
636	2019-02-22 22:00:00	3966.3003734	3966.3003734	3966.3003734	3966.3003734	0.0	0.0	3966.3003734
637	2019-02-23 00:00:00	3966.3003734	3966.3003734	3966.3003734	3966.3003734	0.0	0.0	3966.3003734
638	2019-02-23 02:00:00	3966.3003734	3966.3003734	3966.3003734	3966.3003734	0.0	0.0	3966.3003734
639	2019-02-23 04:00:00	3966.3003734	3966.3003734	3966.3003734	3966.3003734	0.0	0.0	3966.3003734
640	2019-02-23 06:00:00	3966.3003734	3950.617266	3966.3003734	3960.115	138175.27598013	34.91495545	3957.48109081
641	2019-02-23 08:00:00	3961.32	3939.11117777	3961.32	3955.31035052	102139.88712061	25.87502374	3947.43162931
642	2019-02-23 10:00:00	3963.34839254	3955.31035052	3955.32269032	3956.42511803	14418.33610256	3.6419605600000002	3958.94899602
643	2019-02-23 12:00:00	3959.58649112	3951.46375984	3952.85085115	3953.18737839	91453.88676229	23.1311011	3953.71955562
644	2019-02-23 14:00:00	3955.16458797	3938.00000001	3953.14072488	3946.75571598	101413.45534515	25.68287968	3948.67929954
645	2019-02-23 16:00:00	4090.6406687	3944.37321282	3946.75571597	4090.64066009	876156.88777923	218.50861606	4009.71322585
646	2019-02-23 18:00:00	4150.0	4086.0352087	4090.6406687	4102.75123451	607073.84082207	147.3804559	4119.09324825
647	2019-02-23 20:00:00	4153.90154684	4100.30000002	4100.30000002	4118.76420761	106438.59626613	25.77735282	4129.15154668
648	2019-02-23 22:00:00	4122.75999996	4109.0	4117.95561831	4112.11277084	83585.10888946	20.30764969	4115.94202999
649	2019-02-24 00:00:00	4146.93	4117.60261769	4117.60261769	4144.51524393	238187.70143241	57.54820253	4138.92512643
650	2019-02-24 02:00:00	4193.17030086	4140.06764587	4143.57956962	4166.79750001	132616.4385303	31.82914061	4166.51018496
651	2019-02-24 04:00:00	4176.21013021	4159.01202	4173.96729751	4170.46228001	133412.2855217	32.01106259	4167.69312629
652	2019-02-24 06:00:00	4182.99257305	4159.62480572	4170.56228001	4164.54144003	165850.69646831	39.69829995	4177.77830983
653	2019-02-24 08:00:00	4170.0	4130.4494846	4165.69999996	4138.51612066	148089.7025644	35.74405555	4143.05820326
654	2019-02-24 10:00:00	4176.16291356	4134.58000001	4138.51612014	4143.93399334	414236.68737784	99.5994001	4159.02793552
655	2019-02-24 12:00:00	4159.02164918	4090.21282713	4144.31000001	4103.8	573846.53087124	138.75938517	4135.55112087
656	2019-02-24 14:00:00	4103.86000001	3732.37678131	4100.4569	3786.40349995	2195236.3805909	568.91450618	3858.64019416
657	2019-02-24 16:00:00	3795.1548633	3708.3500136	3777.80000002	3775.12819648	1264917.5054643	337.68419669	3745.85934983
658	2019-02-24 18:00:00	3800.0	3764.99999999	3775.12819648	3787.85238998	148532.24823126	39.26472424	3782.84200656
659	2019-02-24 20:00:00	3821.6390439	3784.56024988	3784.56024988	3803.90384994	138916.60890487	36.52847925	3802.96721235
660	2019-02-24 22:00:00	3799.5192	3746.07751542	3799.5192	3750.94339887	270395.41184472	71.61731429	3775.55922789
661	2019-02-25 00:00:00	3789.78226649	3748.5077175	3750.94339875	3787.69999989	65136.46696058	17.2714225	3771.34349881
662	2019-02-25 02:00:00	3810.5	3778.3580561	3785.93464996	3800.26796052	183758.3208549	48.39512873	3797.04167913
663	2019-02-25 04:00:00	3812.0	3787.87882317	3800.27622391	3806.7502109	33681.10700848	8.85382288	3804.13155593
664	2019-02-25 06:00:00	3816.93241522	3777.8473	3808.00140509	3787.0430766	24574.48944847	6.45631385	3806.27243647
665	2019-02-25 08:00:00	3805.2183163	3786.59433416	3787.0430738	3795.93460671	79326.94071602	20.88445267	3798.37297962
666	2019-02-25 10:00:00	3808.56549999	3757.54003794	3794.85367029	3798.15204458	283573.80142563	74.78915455	3791.64336235
667	2019-02-25 12:00:00	3822.76092923	3795.27596003	3797.54999978	3803.44134413	86557.00622672	22.74520716	3805.50529251
668	2019-02-25 14:00:00	3810.79343639	3778.38939001	3803.1259422	3810.79343633	153149.90420941	40.28900813	3801.28256608
669	2019-02-25 16:00:00	3854.53739999	3800.75355003	3809.66454996	3829.0515594	161504.35987389	42.084355	3837.63419622
670	2019-02-25 18:00:00	3870.0	3833.49999021	3833.49999956	3856.96368996	162056.56127381	41.99401411	3859.03954904
671	2019-02-25 20:00:00	3869.00000001	3809.99999999	3853.00000027	3820.0	324274.31782063	84.44356095	3840.13078288
672	2019-02-25 22:00:00	3845.0	3819.85023284	3820.0	3826.98240025	83422.8483535	21.73374485	3838.40193805
673	2019-02-26 00:00:00	3834.587559	3823.62075002	3826.98240025	3833.57891925	56641.37825517	14.78791237	3830.24843791
674	2019-02-26 02:00:00	3843.79999962	3832.45	3834.48754828	3837.91816223	30074.33170541	7.83239486	3839.73640795
675	2019-02-26 04:00:00	3837.49999974	3776.55888961	3836.00000008	3801.17713978	105997.12054632	27.93704228	3794.14253964
676	2019-02-26 06:00:00	3814.77430949	3785.13862901	3809.158133	3809.27393435	66961.09465491	17.65310435	3793.16256944
677	2019-02-26 08:00:00	3811.73494452	3791.78094481	3808.97391999	3806.40000001	57876.31693533	15.2098939	3805.17558609
678	2019-02-26 10:00:00	3827.29237537	3806.90000018	3806.90000018	3808.0	16060.85507651	4.2081457	3816.6109782
679	2019-02-26 12:00:00	3818.82427984	3790.8554615	3818.82427984	3803.88543514	41662.2719976	10.94925217	3805.03356309
680	2019-02-26 14:00:00	3831.92535163	3800.12129	3803.88543477	3824.98999949	61865.67012012	16.20119346	3818.58720919
681	2019-02-26 16:00:00	3834.40286671	3793.35400665	3820.43363585	3817.63815062	329737.10606021	86.46723558	3813.4341158
682	2019-02-26 18:00:00	3826.18999999	3806.09682817	3814.92083994	3820.17377	81455.90245755	21.33399084	3818.12775061
683	2019-02-26 20:00:00	3820.78999998	3800.7177	3819.18929	3800.7177	64296.80932985	16.84841771	3816.19273907
684	2019-02-26 22:00:00	3812.84094136	3800.81770004	3800.81770005	3811.28752027	33642.6154869	8.8400916	3805.68629932
685	2019-02-27 00:00:00	3812.64093992	3795.0	3811.0	3796.1130237	74922.75935184	19.71032147	3801.19418477
686	2019-02-27 02:00:00	3821.86185	3796.1130237	3796.1130237	3818.79999917	53045.76588928	13.93764121	3805.93567376
687	2019-02-27 04:00:00	3830.0	3813.20004	3823.72854143	3823.08430002	11469.60426668	3.00237484	3820.17731892
688	2019-02-27 06:00:00	3827.8135798	3812.73073032	3823.08430002	3822.07388024	93811.84745926	24.56393892	3819.08812608
689	2019-02-27 08:00:00	3838.99999999	3820.82119173	3829.72579724	3822.0	35538.3085131	9.27830698	3830.25788968
690	2019-02-27 10:00:00	3830.7	3818.52160002	3822.0	3828.38638417	79584.24937852	20.8112633	3824.09506964
691	2019-02-27 12:00:00	3838.72842824	3812.0421	3829.99999973	3831.89422999	231267.19863121	60.41675566	3827.86523547
692	2019-02-27 14:00:00	3831.6	3790.0	3830.09408	3809.56782672	289033.8798207	75.78660312	3813.7859189
693	2019-02-27 16:00:00	3817.49999963	3807.16354278	3811.24999998	3816.58486962	50629.28332294	13.27193625	3814.76239557
694	2019-02-27 18:00:00	3819.09999999	3809.82367432	3816.58486962	3819.09999999	103140.83382733	27.03216474	3815.48554543
695	2019-02-27 20:00:00	3815.09999	3682.51	3815.05076619	3764.5184	788299.5772594	210.75725984	3740.31991997
696	2019-02-27 22:00:00	3825.0	3761.30847	3764.9684357	3816.21998944	228433.81870675	60.01418755	3806.33027009
697	2019-02-28 00:00:00	3833.84999	3809.60314294	3816.21998944	3825.11317569	123974.67706616	32.42904522	3822.95180832
698	2019-02-28 02:00:00	3827.25235456	3810.10894883	3825.11317569	3817.81251514	152456.81444228	39.92345656	3818.72782516
699	2019-02-28 04:00:00	3829.49998999	3813.99839	3817.40999	3829.39994914	22716.8152431	5.9448602600000005	3821.25302355
700	2019-02-28 06:00:00	3828.50483	3814.03903853	3828.50483	3818.92502	29932.92253962	7.83343787	3821.17316003
701	2019-02-28 08:00:00	3852.28057215	3819.96992005	3822.72524039	3837.23941003	115346.92407674	30.03131158	3840.88865947
702	2019-02-28 10:00:00	3842.90310999	3821.8	3837.23940996	3835.75372981	171679.49978676	44.72479686	3838.5752835
703	2019-02-28 12:00:00	3837.64889953	3824.58970483	3837.6488995	3832.34999985	46470.8359813	12.12648149	3832.17803281
704	2019-02-28 14:00:00	3898.0	3776.74181127	3832.35	3854.43699997	360625.62858041	93.69628302	3848.87870635
705	2019-02-28 16:00:00	3879.93999993	3797.0392	3859.02999997	3816.45347999	294479.45161425	76.9540414	3826.69248108
706	2019-02-28 18:00:00	3845.58718142	3808.85351503	3813.47073836	3823.47445529	288480.41467075	75.36458212	3827.79823832
707	2019-02-28 20:00:00	3827.8230486	3812.09130001	3818.99719001	3825.45492071	28244.05959998	7.38346654	3825.31151823
708	2019-02-28 22:00:00	3825.45492071	3810.0	3825.0	3820.78809986	31721.63362362	8.30279378	3820.59755597
709	2019-03-01 00:00:00	3825.45492074	3814.98922306	3821.66149863	3825.45492074	61906.96140933	16.19411919	3822.80509875
710	2019-03-01 02:00:00	3829.98934044	3822.20000013	3822.20000013	3824.09610001	10878.16401092	2.84191239	3827.76191454
711	2019-03-01 04:00:00	3829.97999965	3825.20046319	3825.20046319	3828.32959968	21397.28627827	5.59254713	3826.03593333
712	2019-03-01 06:00:00	3842.04	3823.38832783	3828.08714222	3842.04	86709.72872334	22.64634685	3828.86163926
713	2019-03-01 08:00:00	3851.7884	3835.54822515	3840.90520657	3840.60561995	99175.22798304	25.80845183	3842.74223949
714	2019-03-01 10:00:00	3842.86129999	3827.68822002	3841.7864	3829.0	46868.40176265	12.22147261	3834.92262007
715	2019-03-01 12:00:00	3833.22644572	3822.88493059	3829.09381	3833.22644572	63318.72045511	16.54064836	3828.06762328
716	2019-03-01 14:00:00	3836.17896667	3827.56904571	3831.28026011	3830.79457	51337.69364055	13.39852712	3831.5923221
717	2019-03-01 16:00:00	3856.48649999	3828.78202991	3828.78202996	3844.2500101	199725.43361987	51.88128294	3849.6625816
718	2019-03-01 18:00:00	3856.38999994	3844.15001166	3844.25001081	3845.43030999	58160.02186438	15.10274595	3850.95677679
719	2019-03-01 20:00:00	3849.89893787	3837.14334618	3845.08647	3848.52973014	41026.0260463	10.6724032	3844.12257272
720	2019-03-01 22:00:00	3855.94991976	3814.54120379	3849.76331	3827.14680095	257198.28123576	67.07685551	3834.38190833
721	2019-03-02 00:00:00	3835.05293868	3826.0	3826.76268852	3835.05293867	44958.97465674	11.73390613	3831.54374669
722	2019-03-02 02:00:00	3839.66000001	3833.19724	3835.05293867	3837.15962999	19276.02075972	5.02315545	3837.43265594
723	2019-03-02 04:00:00	3834.32999189	3803.8633547	3834.32999189	3815.02000001	94449.19184067	24.72297484	3820.30044733
724	2019-03-02 06:00:00	3819.86752	3797.65448	3815.02000001	3804.04140817	35257.8060649	9.25927119	3807.83814853
725	2019-03-02 08:00:00	3814.49998999	3770.0	3803.52857973	3804.96663	244057.76341462	64.41890211	3788.60482592
726	2019-03-02 10:00:00	3832.0670273	3803.87696005	3804.31246003	3822.57520723	70363.5540154	18.42542356	3818.82966143
727	2019-03-02 12:00:00	3831.87041	3814.60650001	3818.73742	3822.3929	55175.7450134	14.43455549	3822.47621352
728	2019-03-02 14:00:00	3826.18999999	3815.02494693	3822.9	3816.71523	72981.30372635	19.10243364	3820.52387155
729	2019-03-02 16:00:00	3823.39299991	3804.41343455	3815.2	3809.57419649	26519.83378164	6.95396277	3813.62895643
730	2019-03-02 18:00:00	3822.85994	3807.00020006	3809.53447	3820.5	47324.34747222	12.39716992	3817.35087746
731	2019-03-02 20:00:00	3822.63985	3813.33040957	3822.46570337	3821.25894611	16615.67080633	4.35187729	3818.04671848
732	2019-03-02 22:00:00	3825.1830424	3814.22155129	3821.5017748	3823.85992	15468.69748423	4.04847157	3820.87343748
733	2019-03-03 00:00:00	3835.0	3817.0	3823.85991999	3829.10465	66618.7424357	17.40815282	3826.87026731
734	2019-03-03 02:00:00	3829.10464999	3819.10485676	3829.10464999	3823.50217906	11149.9612684	2.91431118	3825.93366999
735	2019-03-03 04:00:00	3828.69638682	3821.7765378	3824.93080665	3822.32597906	26711.88663626	6.98211049	3825.76108964
736	2019-03-03 06:00:00	3826.88866831	3820.41670429	3823.74535191	3823.69643792	10139.2453194	2.65224113	3822.89724894
737	2019-03-03 08:00:00	3832.81453883	3810.44432	3823.69643792	3825.71511	52976.63941026	13.86431209	3821.0795506
738	2019-03-03 10:00:00	3828.41998999	3821.60538	3824.99999999	3826.27999	49140.04187813	12.84586403	3825.35902321
739	2019-03-03 12:00:00	3825.29997999	3795.0	3825.29997999	3822.12920002	46121.57559994	12.10991484	3808.57968113
740	2019-03-03 14:00:00	3828.0	3798.42068913	3822.39987998	3799.62856372	139614.04505484	36.60963549	3813.58741178
741	2019-03-03 16:00:00	3811.35391467	3787.93213173	3799.62856372	3804.98208326	204524.12051233	53.80252751	3801.38499021
742	2019-03-03 18:00:00	3809.955	3801.07026018	3804.98208326	3808.05995497	46669.57356069	12.25909029	3806.93611488
743	2019-03-03 20:00:00	3816.99999999	3808.0	3810.74582717	3810.72996999	35344.91828068	9.26874888	3813.34295904
744	2019-03-03 22:00:00	3813.58995998	3780.32396209	3809.79609	3807.07705161	79184.8729601	20.83092005	3801.3142372
745	2019-03-04 00:00:00	3829.06605996	3811.80999861	3811.80999861	3828.08999999	38603.56232975	10.09994903	3822.15417276
746	2019-03-04 02:00:00	3827.89999	3794.9688	3827.89999	3803.55234001	87120.42422287	22.87108082	3809.19576597
747	2019-03-04 04:00:00	3803.55234001	3704.0	3803.55234001	3731.59764	405449.03030022	108.30931836	3743.43626605
748	2019-03-04 06:00:00	3751.49	3716.39479002	3730.01995577	3733.33898995	29557.57645489	7.91385947	3734.91297981
749	2019-03-04 08:00:00	3733.11317997	3704.00000002	3730.0648395	3706.38265874	42744.06303196	11.47938254	3723.55071215
750	2019-03-04 10:00:00	3717.77156338	3671.37113	3707.86521181	3703.00312054	327030.39359667	88.33847477	3702.0153953
751	2019-03-04 12:00:00	3714.523596	3691.85594	3707.03650328	3709.02384192	63633.81719746	17.19280985	3701.18774956
752	2019-03-04 14:00:00	3727.03435583	3706.76303147	3708.07033999	3707.0497374	69309.4585952	18.64340698	3717.6390919
753	2019-03-04 16:00:00	3734.08999991	3711.62628866	3711.62628866	3727.47511623	54571.16584917	14.63920168	3727.74192487
754	2019-03-04 18:00:00	3729.69307999	3710.00000001	3726.73769626	3724.38999678	81040.47221135	21.78796813	3719.50572572
755	2019-03-04 20:00:00	3732.39999982	3710.0	3723.60675114	3714.64078905	68568.37068329	18.40903157	3724.71362344
756	2019-03-04 22:00:00	3722.66999953	3700.0	3714.29280465	3719.22138508	21585.84116861	5.81176342	3714.16377589
757	2019-03-05 00:00:00	3722.54879171	3715.52016874	3718.91923996	3715.52016874	25433.64961891	6.83663748	3720.19866393
758	2019-03-05 02:00:00	3719.120627	3706.3315903	3719.120627	3712.31604005	13627.62215511	3.67061946	3712.62188947
759	2019-03-05 04:00:00	3724.66661549	3712.0219803	3716.00996996	3720.48764	2710.53487834	0.7290464600000001	3717.91789284
760	2019-03-05 06:00:00	3730.6299942	3716.5234	3724.0	3730.6299942	12222.81916772	3.28110425	3725.21512162
761	2019-03-05 08:00:00	3744.86999995	3730.6299942	3730.6299942	3739.04622138	101686.24760248	27.18658407	3740.30982857
762	2019-03-05 10:00:00	3745.08234992	3727.50260015	3739.50998999	3739.49993	54144.84217865	14.49230588	3736.10953474
763	2019-03-05 12:00:00	3845.0	3741.07944635	3741.58146999	3838.90700003	796737.36126422	209.51904635	3802.69658126
764	2019-03-05 14:00:00	3845.122217	3817.00000001	3845.1222163	3831.08924818	223767.46090433	58.40683876	3831.18596477
765	2019-03-05 16:00:00	3879.87999999	3827.54510055	3829.70000013	3842.13993682	233012.16872704	60.52366659	3849.93477519
766	2019-03-05 18:00:00	3858.18956507	3838.56976825	3846.44	3855.85145863	80136.78338018	20.84099058	3845.15232481
767	2019-03-05 20:00:00	3857.48951992	3836.66844321	3857.48951992	3851.13519	134929.36074164	35.05933037	3848.60062407
768	2019-03-05 22:00:00	3859.5759974	3832.91022871	3848.52518	3859.05856	80823.23378923	21.03045015	3843.15281949
769	2019-03-06 00:00:00	3866.04999999	3812.0372	3860.0	3838.25299993	68422.97514103	17.79812192	3844.39298981
770	2019-03-06 02:00:00	3845.0	3825.7789889	3838.34646	3829.01179998	79085.25861756	20.60718885	3837.75095153
771	2019-03-06 04:00:00	3841.0	3821.73517018	3826.67000001	3834.67098	16083.72882849	4.19469631	3834.30113644
772	2019-03-06 06:00:00	3858.71959902	3830.86041002	3834.52348998	3849.81828644	165813.88876576	43.14245276	3843.40430731
773	2019-03-06 08:00:00	3852.02209621	3834.24959	3848.14552	3850.08141118	54745.06665652	14.23118474	3846.83831014
774	2019-03-06 10:00:00	3902.65759857	3844.76712167	3847.6120301	3858.50000032	497700.95411494	128.65008656	3868.64064706
775	2019-03-06 12:00:00	3863.21499	3845.06389916	3858.50000001	3849.89998	75143.53730501	19.4924927	3854.99886861
776	2019-03-06 14:00:00	3864.88136365	3834.99147904	3850.11158834	3859.49	76366.700439	19.79631202	3857.62258959
777	2019-03-06 16:00:00	3876.61249997	3852.37020001	3860.58586999	3857.61170002	153390.46214679	39.69411437	3864.31249522
778	2019-03-06 18:00:00	3862.68996998	3852.2673888	3857.7317	3852.51013417	56554.56823986	14.66679891	3855.95852148
779	2019-03-06 20:00:00	3860.0	3848.05101539	3852.71	3856.60417001	114832.58342538	29.79169265	3854.51692102
780	2019-03-06 22:00:00	3866.21859427	3853.47000175	3858.90159	3861.94211998	35046.91056272	9.07981361	3859.87114582
781	2019-03-07 00:00:00	3900.0	3859.76316522	3866.11	3879.88787222	210833.88587216	54.37081656	3877.70313582
782	2019-03-07 02:00:00	3887.061	3869.54384755	3878.3365376	3884.55299456	23917.34090151	6.17173358	3875.30352558
783	2019-03-07 04:00:00	3900.44865145	3871.548	3884.55057106	3873.9997	181578.79251932	46.67448733	3890.32216327
784	2019-03-07 06:00:00	3879.1605983	3856.46076	3878.94413496	3879.16059829	112198.32381618	29.00841528	3867.78535584
785	2019-03-07 08:00:00	3879.46997999	3853.7886901	3879.29953937	3859.20000002	67414.79973619	17.44689675	3863.99946662
786	2019-03-07 10:00:00	3870.75331525	3841.3135798	3858.65095199	3866.25668848	53004.7733357	13.7306922	3860.31327216
787	2019-03-07 12:00:00	3879.0	3859.53358	3866.25668848	3872.09131031	102359.33585243	26.44403497	3870.79112429
788	2019-03-07 14:00:00	3898.99999997	3860.32000001	3872.0913103	3880.66	240016.23778758	62.00329076	3871.02418025
789	2019-03-07 16:00:00	3895.89383798	3875.65848026	3886.02540734	3878.878633	72088.02277567	18.54999373	3886.14809389
790	2019-03-07 18:00:00	3895.43061217	3876.0	3882.9	3882.4229	87351.15431462	22.47397509	3886.76920592
791	2019-03-07 20:00:00	3888.70319109	3875.80651	3879.0	3882.46071733	40905.72560169	10.53887858	3881.41160287
792	2019-03-07 22:00:00	3882.76942359	3869.28337955	3882.46071733	3877.51152117	183299.25170617	47.29438684	3875.70838641
793	2019-03-08 00:00:00	3885.22024559	3863.47067	3877.72376167	3868.21802608	150829.4363643	38.92670696	3874.70320875
794	2019-03-08 02:00:00	3881.53075	3869.42383738	3869.42383738	3873.51695527	25351.71322057	6.54448961	3873.74947953
795	2019-03-08 04:00:00	3899.54841883	3874.79420796	3874.79420796	3894.59787001	56679.22865428	14.56041689	3892.69270807
796	2019-03-08 06:00:00	3935.0	3890.26355003	3894.49787244	3897.19	276809.09963885	70.72494736	3913.88201718
797	2019-03-08 08:00:00	3900.00000327	3876.6	3897.19	3889.11360006	84839.31576913	21.80377581	3891.03779585
798	2019-03-08 10:00:00	3910.0	3886.6	3889.09799	3895.09318676	86915.06805578	22.30556628	3896.56406677
799	2019-03-08 12:00:00	3909.82535755	3888.87067643	3895.09318676	3900.99	39129.29810866	10.04549251	3895.20952503
800	2019-03-08 14:00:00	3915.42217764	3900.1	3906.25643729	3905.88430123	68038.40809292	17.39450325	3911.48899828
801	2019-03-08 16:00:00	3915.28884	3901.01259039	3910.0826299	3911.37926408	44222.34220616	11.32071336	3906.32116545
802	2019-03-08 18:00:00	3922.00588819	3902.97442918	3910.40141937	3918.90325017	234474.26917096	59.98148365	3909.11086059
803	2019-03-08 20:00:00	3926.93700032	3885.98236344	3919.45945929	3894.0	301872.13829077	77.25264375	3907.59621467
804	2019-03-08 22:00:00	3885.98	3795.97510448	3885.98	3860.21	576076.98664485	150.20346466	3835.31090943
805	2019-03-09 00:00:00	3889.79999999	3854.7100001	3854.7100001	3874.40000092	117931.5277656	30.41737271	3877.11091585
806	2019-03-09 02:00:00	3887.04789858	3873.80000057	3877.97458999	3877.73424015	48288.37851062	12.42887184	3885.17792541
807	2019-03-09 04:00:00	3882.19383794	3864.02235056	3876.18314644	3882.19383794	14173.23741432	3.65749001	3875.12676058
808	2019-03-09 06:00:00	3938.86292074	3882.19383794	3882.19383794	3912.00000058	202684.09516076	51.80039606	3912.79045291
809	2019-03-09 08:00:00	3925.0	3910.00000001	3912.0	3915.69995	79901.37210657	20.39452902	3917.78461901
810	2019-03-09 10:00:00	3920.69989999	3910.0	3914.32802	3912.61	59657.56435323	15.23918054	3914.74884076
811	2019-03-09 12:00:00	3938.35380831	3909.45867822	3913.26657001	3920.15462506	227781.28792122	58.07901141	3921.92088658
812	2019-03-09 14:00:00	3960.48129077	3919.36309534	3921.89589383	3950.78013989	391505.27818164	99.14462618	3948.83004017
813	2019-03-09 16:00:00	3968.78862	3899.89401803	3950.58957999	3914.97233085	125847.21745059	32.06708392	3924.49833494
814	2019-03-09 18:00:00	3932.83877723	3913.09105769	3913.09105769	3928.32394842	63211.70060395	16.09506229	3927.39707775
815	2019-03-09 20:00:00	3927.28912	3912.66923165	3925.69698651	3916.49608731	94180.78404152	24.02274913	3920.48318582
816	2019-03-09 22:00:00	3940.34169997	3910.92942	3913.93534	3940.29437935	64036.8050728	16.3076017	3926.80703458
817	2019-03-10 00:00:00	3940.29437935	3923.81127738	3940.29437935	3934.86574108	24583.16036601	6.25583909	3929.63438035
818	2019-03-10 02:00:00	3936.09923026	3916.23127	3936.09923026	3921.62861062	34132.62092101	8.70223361	3922.28276678
819	2019-03-10 04:00:00	3924.37580999	3911.87450866	3924.1439821	3919.51862727	38174.90504271	9.74273406	3918.29488597
820	2019-03-10 06:00:00	3918.08868979	3886.0274	3916.94432001	3904.88165	227333.96631292	58.25711439	3902.25243205
821	2019-03-10 08:00:00	3915.62530999	3892.2	3903.86578254	3899.89999981	19800.38315799	5.06579787	3908.64058656
822	2019-03-10 10:00:00	3913.77183	3899.89999981	3901.0983749	3908.19992999	89491.45243871	22.90635674	3906.83919989
823	2019-03-10 12:00:00	3912.68	3890.62793187	3903.42	3890.62793187	24436.65818517	6.26216102	3902.27241157
824	2019-03-10 14:00:00	3913.96999999	3892.25622003	3893.71870886	3907.89993999	41358.09911902	10.5825467	3908.14236794
825	2019-03-10 16:00:00	3910.97999987	3884.68130279	3905.5	3910.03296995	73891.24532492	18.965763420000002	3896.03327261
826	2019-03-10 18:00:00	3908.80357435	3900.10000968	3908.80357435	3902.10004519	63924.43208872	16.36619044	3905.88343225
827	2019-03-10 20:00:00	3923.31148717	3902.40006383	3902.40006383	3916.53394	76647.62879812	19.592074	3912.17534183
828	2019-03-10 22:00:00	3930.92127196	3914.66065001	3915.93414	3921.10716996	14682.97671876	3.73990998	3926.02410145
829	2019-03-11 00:00:00	3933.44	3918.83149718	3920.0	3928.50954995	60531.08060437	15.42314664	3924.69072733
830	2019-03-11 02:00:00	3933.45000012	3925.29825971	3928.50954995	3931.58824115	18959.6929274	4.82564472	3928.94504828
831	2019-03-11 04:00:00	3933.45000012	3864.0	3933.25	3879.53916897	124201.0900397	31.9215406	3890.8238044
832	2019-03-11 06:00:00	3901.69	3870.87495497	3883.19460616	3890.0	64086.60445267	16.49607995	3884.95961749
833	2019-03-11 08:00:00	3898.22571629	3874.11456189	3890.0	3898.22571629	89547.83949692	23.03849515	3886.87884837
834	2019-03-11 10:00:00	3900.57757536	3871.12913999	3899.87134952	3874.07205447	51923.31939733	13.36015453	3886.43104993
835	2019-03-11 12:00:00	3876.43714567	3837.60182639	3874.70017392	3873.14835841	216535.18074486	56.16467584	3855.3624232
836	2019-03-11 14:00:00	3870.29	3852.70016546	3870.23412901	3855.16687457	71455.00075066	18.51480313	3859.34434457
837	2019-03-11 16:00:00	3873.74406967	3847.72351754	3854.47825619	3869.99999995	171558.23117437	44.45430188	3859.20425963
838	2019-03-11 18:00:00	3883.85040455	3855.0	3870.0	3855.0	59588.09392401	15.40742365	3867.4924035
839	2019-03-11 20:00:00	3872.00791924	3856.6168838	3856.6168838	3871.03790908	34107.0596918	8.81777956	3867.9873385
840	2019-03-11 22:00:00	3881.00000001	3864.10000001	3871.03790909	3874.36999975	42131.45637687	10.874163	3874.45510766
841	2019-03-12 00:00:00	3874.83521476	3832.62701227	3874.35818549	3836.54546125	162284.88535505	42.20487372	3845.1693146
842	2019-03-12 02:00:00	3839.26630371	3815.38368496	3836.54546125	3823.19724623	169118.96001896	44.16813834	3828.98094361
843	2019-03-12 04:00:00	3855.08768743	3820.0	3830.63999993	3834.51	169698.21853513	44.1593062	3842.86423719
844	2019-03-12 06:00:00	3849.96999988	3834.5	3838.0	3847.00000002	230605.30436402	59.95077141	3846.57776606
845	2019-03-12 08:00:00	3889.34223191	3847.00000001	3847.00000002	3885.39969221	177936.72571995	45.95483819	3871.99112712
846	2019-03-12 10:00:00	3900.0	3879.0	3887.92747868	3879.0	281075.96585528	72.21500882	3892.20981134
847	2019-03-12 12:00:00	3900.6	3879.0	3879.0	3892.0	162626.48133608	41.84583403	3886.32429262
848	2019-03-12 14:00:00	3894.87999977	3873.89999986	3891.99999999	3873.89999986	118234.46262473	30.39988179	3889.30665722
849	2019-03-12 16:00:00	3891.5	3870.38412021	3873.89999986	3886.0	112694.47772752	29.01431357	3884.09939306
850	2019-03-12 18:00:00	3887.06126976	3872.39300481	3885.99	3881.0	130080.51256751	33.51873976	3880.82945537
851	2019-03-12 20:00:00	3890.10226576	3879.40985054	3881.80000003	3882.42080292	66364.39571651	17.08708315	3883.892595
852	2019-03-12 22:00:00	3890.10226576	3877.06151294	3883.77964406	3881.304599	25482.39758065	6.56043237	3884.25581478
853	2019-03-13 00:00:00	3895.11291559	3873.24402809	3883.33349553	3878.55496849	62147.29675165	16.00884129	3882.06089534
854	2019-03-13 02:00:00	3895.26387492	3873.2540281	3877.44557006	3891.91076277	53060.41314051	13.62638613	3893.94610091
855	2019-03-13 04:00:00	3894.79999853	3877.34621413	3894.79999853	3878.19870644	44043.03006068	11.33813003	3884.50564106
856	2019-03-13 06:00:00	3886.72999971	3873.29000001	3878.19999975	3885.0	35427.15835766	9.13104783	3879.85683759
857	2019-03-13 08:00:00	3890.91999999	3868.9666956	3888.56478276	3868.9666956	63843.16363803	16.45542533	3879.76380784
858	2019-03-13 10:00:00	3868.9666956	3839.47260985	3868.9666956	3857.64232724	143831.09899366	37.34858228	3851.04574827
859	2019-03-13 12:00:00	3885.68156318	3856.26296733	3858.00820313	3879.19593627	110864.49525237	28.62602726	3872.85648285
860	2019-03-13 14:00:00	3888.01999947	3859.01615231	3879.70168044	3870.0	75204.08843945	19.41805924	3872.89417083
861	2019-03-13 16:00:00	3874.76826344	3862.04319812	3872.44253719	3867.77696291	59022.08063193	15.27009877	3865.20621254
862	2019-03-13 18:00:00	3872.14148081	3866.1088089	3866.1088089	3869.19350185	31759.67225404	8.20845463	3869.14147493
863	2019-03-13 20:00:00	3872.99999999	3858.45008083	3869.19350173	3858.89501988	52247.94549829	13.51364725	3866.30970394
864	2019-03-13 22:00:00	3875.05747243	3860.52149815	3865.25581505	3866.06659539	37244.44809857	9.63546457	3865.35053167
865	2019-03-14 00:00:00	3888.33983515	3864.60504626	3864.60504626	3876.95411148	79781.38926644	20.6001746	3872.85014887
866	2019-03-14 02:00:00	3882.48221577	3866.22593364	3880.5419448	3866.22593364	19372.75238224	5.00420418	3871.29535195
867	2019-03-14 04:00:00	3878.99999998	3864.00000001	3874.98999972	3864.00000001	33102.65218165	8.54121624	3875.63682401
868	2019-03-14 06:00:00	3872.00411377	3857.90435025	3869.66735688	3860.50000003	31420.61722998	8.13710302	3861.4009375
869	2019-03-14 08:00:00	3871.11088705	3860.50000004	3861.73432501	3864.00000001	42611.70520874	11.02211882	3866.01758741
870	2019-03-14 10:00:00	3873.57512109	3861.19934647	3861.60000002	3862.95159351	44592.42855579	11.53762737	3864.95655699
871	2019-03-14 12:00:00	3876.92999997	3857.7699594	3866.07452074	3867.52979982	48342.06015058	12.49472807	3868.99657837
872	2019-03-14 14:00:00	3920.00000001	3806.77053214	3867.52979982	3884.20338968	803651.74714711	207.59589644	3871.23137272
873	2019-03-14 16:00:00	3885.286421	3874.74597796	3884.6046143	3880.90000016	96974.00507641	24.9806538	3881.96425333
874	2019-03-14 18:00:00	3883.186421	3873.61186258	3881.48283836	3873.61186258	20776.95430016	5.35862233	3877.29401712
875	2019-03-14 20:00:00	3880.96799045	3872.81188053	3873.68933636	3880.96799	71565.64170933	18.45796059	3877.22367053
876	2019-03-14 22:00:00	3885.39079004	3872.95042508	3879.39079004	3877.31933336	43087.45181935	11.1027843	3880.77896995
877	2019-03-15 00:00:00	3897.25403813	3879.0	3879.66822514	3892.3116455	77698.7930683	19.97161294	3890.46159174
878	2019-03-15 02:00:00	3893.16005603	3882.4145644	3893.16005603	3886.77150418	49353.82327709	12.69048374	3889.04192213
879	2019-03-15 04:00:00	3890.99869968	3886.0	3886.77150418	3889.99999939	17407.91849099	4.47899822	3886.56517282
880	2019-03-15 06:00:00	3897.70459983	3878.41839751	3887.00000626	3892.64105136	24041.33668308	6.18281668	3888.41169443
881	2019-03-15 08:00:00	3899.0	3880.08000001	3892.64105018	3896.836641	59187.43475424	15.20523472	3892.56962119
882	2019-03-15 10:00:00	3925.0	3889.82362286	3895.64117982	3916.51036469	98482.09634989	25.19609494	3908.62538756
883	2019-03-15 12:00:00	3921.60999995	3901.36404813	3917.77355265	3913.5	166006.99497739	42.44382986	3911.21620091
884	2019-03-15 14:00:00	3938.23369973	3912.77576156	3913.5	3934.54977789	252526.31978395	64.39061133	3921.78789062
885	2019-03-15 16:00:00	3931.38999993	3918.99519241	3930.0	3929.79999999	74923.99920435	19.07820004	3927.20482263
886	2019-03-15 18:00:00	3934.8	3926.6	3928.27104518	3933.09433381	103461.50378089	26.32590035	3930.02717496
887	2019-03-15 20:00:00	3934.0	3910.12953605	3932.75	3921.39999998	31620.85437422	8.05992021	3923.22176279
888	2019-03-15 22:00:00	3928.51747393	3911.39006991	3919.47655049	3922.88872503	56822.31292235	14.47763241	3924.83462165
889	2019-03-16 00:00:00	3965.77564009	3922.70231014	3922.77341336	3960.49545144	466524.97991478	118.23387838	3945.78090735
890	2019-03-16 02:00:00	4000.0199	3949.25525318	3960.32464211	3983.02266584	2594831.6636238	649.58281252	3994.61256303
891	2019-03-16 04:00:00	4058.88166734	3979.12916744	3983.16151732	4017.05961993	673406.54336632	167.11660188	4029.56101183
892	2019-03-16 06:00:00	4022.91828345	4004.52809467	4017.14083262	4010.28158885	126329.22801549	31.467607309999998	4014.58003371
893	2019-03-16 08:00:00	4015.89760659	3998.8509361	4010.28158885	4013.44735777	72367.89887265	18.0737789	4004.02700913
894	2019-03-16 10:00:00	4020.0	4011.01005568	4015.49999999	4015.67542371	205504.9699004	51.14385563	4018.17515259
895	2019-03-16 12:00:00	4017.1	3975.0	4015.13093889	3990.0	209967.97023686	52.62891411	3989.59343523
896	2019-03-16 14:00:00	4017.28923037	3985.05549987	3989.69	3988.413221	176695.30433834	44.18448035	3999.03547441
897	2019-03-16 16:00:00	4005.0	3991.81780622	3992.47999993	4001.01744132	25080.00104584	6.26865127	4000.86078577
898	2019-03-16 18:00:00	4003.01545024	3991.8	4001.01744133	3993.87210608	36864.92300167	9.21985031	3998.42966666
899	2019-03-16 20:00:00	4004.99	3989.59415924	3995.00957439	4004.99	63490.94594481	15.88729705	3996.33403624
900	2019-03-16 22:00:00	4007.8083746	3999.39068776	4004.6	4005.55029275	30670.98527275	7.6599082	4004.09306116
901	2019-03-17 00:00:00	4008.3	3977.23442805	4005.55029275	3987.20972021	72088.39009459	18.07964597	3987.26779352
902	2019-03-17 02:00:00	3987.20972021	3953.34334462	3987.20972021	3970.7364754	160943.8942854	40.50648766	3973.2868383
903	2019-03-17 04:00:00	3971.91614575	3950.0	3969.90158858	3971.25987549	120225.36846779	30.38295423	3957.00061151
904	2019-03-17 06:00:00	3975.71035411	3967.2933148	3969.15987384	3973.89024458	39803.3277797	10.02248568	3971.40280869
905	2019-03-17 08:00:00	3981.81860347	3968.20000001	3973.8902452	3970.70549966	134292.0581373	33.7990685	3973.24731411
906	2019-03-17 10:00:00	3994.52920797	3972.92767951	3972.92767951	3987.6215208	80370.11778348	20.16133589	3986.34883233
907	2019-03-17 12:00:00	3988.84316109	3974.4251715	3988.84316109	3985.18488778	13528.82965399	3.39823876	3981.12981737
908	2019-03-17 14:00:00	3999.07224016	3981.94999988	3987.5015399	3988.65130217	96791.94879231	24.25677934	3990.30503743
909	2019-03-17 16:00:00	3991.47063613	3978.53503982	3988.08000005	3985.79959975	32948.91591357	8.26992875	3984.18377105
910	2019-03-17 18:00:00	3997.37999972	3982.40615723	3986.39566161	3989.96442562	19714.08915919	4.94159634	3989.41714433
911	2019-03-17 20:00:00	3996.68095537	3989.0465088	3994.61966043	3993.0	10120.01788821	2.53463599	3992.69083534
912	2019-03-17 22:00:00	3997.29999995	3983.95000008	3992.00100003	3986.3999999	13156.79033347	3.29941544	3987.61252492
913	2019-03-18 00:00:00	4032.34421406	3981.0	3985.0	4019.0	205096.64699161	51.11678696	4012.31492018
914	2019-03-18 02:00:00	4026.9	4008.23536816	4019.0	4008.23536816	75344.76038857	18.7361106	4021.36612006
915	2019-03-18 04:00:00	4016.7799981	3960.00000001	4009.0	3960.00000001	134058.81076582	33.62191126	3987.24539271
916	2019-03-18 06:00:00	3981.13184453	3963.16863364	3964.98167208	3975.78133787	51488.12077661	12.96879175	3970.155568
917	2019-03-18 08:00:00	3992.0	3970.9000001	3982.78999807	3977.86720337	46557.2829446	11.686884599999999	3983.72060117
918	2019-03-18 10:00:00	3979.85999888	3955.23784336	3974.5666	3969.86952644	84285.21775576	21.22855298	3970.37037028
919	2019-03-18 12:00:00	3988.8348099	3967.51975532	3969.0	3987.51480989	96150.98409083	24.13668402	3983.60371338
920	2019-03-18 14:00:00	3987.59480896	3975.66388246	3982.48810296	3982.1	20851.80873546	5.23854843	3980.45546664
921	2019-03-18 16:00:00	3984.00495721	3974.68380499	3983.88480863	3982.13748948	27838.72640259	6.99471239	3979.9672739
922	2019-03-18 18:00:00	3983.0	3972.87033773	3982.06437829	3976.0	168480.26190976	42.37916939	3975.54421983
923	2019-03-18 20:00:00	3994.13769783	3977.0	3977.0	3993.1	38529.45967189	9.66279658	3987.40254468
924	2019-03-18 22:00:00	3993.89	3983.0	3992.95691041	3988.50629841	27411.82230088	6.87343712	3988.08075527
925	2019-03-19 00:00:00	4008.42982148	3984.54000009	3988.62814687	3996.99999999	75495.40815098	18.88198329	3998.27745801
926	2019-03-19 02:00:00	3997.0	3988.33114248	3995.09999997	3990.26999991	32936.25486957	8.24344507	3995.44784855
927	2019-03-19 04:00:00	3990.01999997	3972.45258209	3990.01999997	3981.99419448	37795.77129246	9.50176975	3977.76122626
928	2019-03-19 06:00:00	3988.2199999	3974.30000085	3983.99315927	3980.6	26611.13128108	6.68501065	3980.71636297
929	2019-03-19 08:00:00	3995.7667169	3975.58687068	3980.90640841	3992.17282672	81292.55371732	20.38412062	3988.03339289
930	2019-03-19 10:00:00	3997.0	3983.9	3997.0	3988.6994322	29945.81239993	7.50128952	3992.08860291
931	2019-03-19 12:00:00	4010.0	3981.47411389	3988.59	3988.0	151399.45645173	37.88211812	3996.59427627
932	2019-03-19 14:00:00	4012.56232016	3988.50133452	3988.51505368	3999.52374253	178743.68543036	44.72367788	3996.62312902
933	2019-03-19 16:00:00	4038.00435404	3995.28110361	3999.52374254	4012.67065075	114638.93651767	28.54409373	4016.20515971
934	2019-03-19 18:00:00	4020.0	3997.551699	4013.17065075	4009.05896606	86241.48973731	21.5189428	4007.70105385
935	2019-03-19 20:00:00	4010.05983944	3999.0	4009.05896606	4005.1	78485.44880046	19.61125005	4002.06252025
936	2019-03-19 22:00:00	4022.58245063	4002.75881558	4005.1	4015.61067084	49672.05587876	12.3726296	4014.67250573
937	2019-03-20 00:00:00	4032.38645991	3978.4824	4014.70975407	3990.95338262	181823.93562556	45.46981576	3998.78320566
938	2019-03-20 02:00:00	3996.91999958	3987.8	3990.95338262	3996.28999995	32877.56449376	8.23234378	3993.70645497
939	2019-03-20 04:00:00	4004.8978164	3988.0	3995.28999999	4004.8978164	14663.85976633	3.66849134	3997.24529984
940	2019-03-20 06:00:00	4018.44530997	3996.90989807	4005.11338024	4011.68999999	47382.19927546	11.82774817	4006.02030026
941	2019-03-20 08:00:00	4017.80008084	3997.45660004	4008.07669027	3997.45660004	34204.73727487	8.53695467	4006.66731839
942	2019-03-20 10:00:00	4020.0	3986.44700001	3997.45660005	4013.19036465	91136.37981338	22.72304243	4010.74724452
943	2019-03-20 12:00:00	4020.0	4003.86127071	4012.89036465	4015.5	138999.86198366	34.62989721	4013.86874297
944	2019-03-20 14:00:00	4023.91	4005.91825324	4018.33935453	4016.8	109034.13368817	27.15424694	4015.36208789
945	2019-03-20 16:00:00	4035.20075332	4007.20880219	4017.0	4007.31880222	228091.7091064	56.77602442	4017.39486757
946	2019-03-20 18:00:00	4028.9	4015.9583977	4018.5	4025.41699583	40178.82180547	9.9862812	4023.40180501
947	2019-03-20 20:00:00	4026.53789472	4022.0	4024.82248463	4024.81822833	78763.27135414	19.57709092	4023.23673501
948	2019-03-20 22:00:00	4050.0	4021.0	4022.0	4040.68444076	228172.00520427	56.50876367	4037.81626752
949	2019-03-21 00:00:00	4057.172087	4029.8	4043.57716675	4036.89298189	124020.80549987	30.63915821	4047.78762686
950	2019-03-21 02:00:00	4046.22999919	4036.689	4037.82810336	4046.22999919	97229.28372777	24.06593846	4040.12018435
951	2019-03-21 04:00:00	4045.4	4027.74113459	4045.39999999	4030.4495885	41432.86439781	10.26982031	4034.4293422
952	2019-03-21 06:00:00	4047.97211587	4029.8874	4030.98696	4045.06371972	40498.73079139	10.02853321	4038.35036922
953	2019-03-21 08:00:00	4046.35554553	4036.41923305	4044.76637589	4043.1136963	82511.243176	20.41759987	4041.18229867
954	2019-03-21 10:00:00	4054.41542447	4035.42130804	4038.89400986	4043.23000001	128804.31960045	31.84475539	4044.757701
955	2019-03-21 12:00:00	4067.28213403	4008.90370701	4045.96675182	4029.7918784	276238.07570452	68.45023118	4035.60471517
956	2019-03-21 14:00:00	4029.7918784	3911.22976903	4029.7918784	3976.2439	963618.95049378	243.32617272	3960.19441608
957	2019-03-21 16:00:00	3972.54929086	3948.48688648	3969.11028855	3969.71160605	383555.63423232	96.81426524	3961.76775479
958	2019-03-21 18:00:00	3979.33426272	3961.75402036	3969.71160602	3977.30342919	15970.34592519	4.02056917	3972.1604703
959	2019-03-21 20:00:00	3989.0	3977.11612344	3979.13426271	3985.0	41504.20726008	10.41848008	3983.71038206
960	2019-03-21 22:00:00	3994.54202523	3982.4568868	3985.55	3982.4568868	161045.51767131	40.39541965	3986.72718507
961	2019-03-22 00:00:00	3994.54202521	3978.590912	3988.71998987	3986.6	15804.007251	3.96581844	3985.0556676
962	2019-03-22 02:00:00	3993.79	3985.24306901	3987.99999991	3986.0	15316.3524376	3.83904849	3989.62203199
963	2019-03-22 04:00:00	3987.52785668	3979.73552998	3985.99999999	3983.7000081	50903.87319797	12.77949514	3983.24602344
964	2019-03-22 06:00:00	3987.9	3972.7	3983.7000081	3981.18999962	44310.10843783	11.13440525	3979.56670724
965	2019-03-22 08:00:00	3991.64	3977.5326428	3977.5326428	3982.0	76696.98792656	19.23898204	3986.5408558
966	2019-03-22 10:00:00	3992.89	3981.99999999	3982.0	3986.51904155	34075.87247215	8.54438638	3988.10060274
967	2019-03-22 12:00:00	4002.17317108	3985.0	3986.78257802	3989.28674779	74493.10705294	18.6543639	3993.33407733
968	2019-03-22 14:00:00	4000.0	3989.72778866	3989.72778866	3993.72117149	77526.57350267	19.40086208	3996.03755662
969	2019-03-22 16:00:00	4002.67436537	3985.0	3993.6	3999.7330843	144233.74864086	36.09366888	3996.09552357
970	2019-03-22 18:00:00	4008.63913928	3993.46356654	3998.48970408	4000.94329214	41757.14716904	10.43070068	4003.29263106
971	2019-03-22 20:00:00	4001.08848063	3983.92322116	3998.64665694	3989.11364282	62078.5622513	15.54760448	3992.80560109
972	2019-03-22 22:00:00	3996.68748194	3987.05849452	3988.98760708	3988.04409935	25513.06594745	6.3925459700000005	3991.06491641
973	2019-03-23 00:00:00	3999.0	3979.98999942	3990.0	3991.00001	75676.96018027	18.94875105	3993.77035354
974	2019-03-23 02:00:00	4010.3201073	3991.09700643	3991.09700643	4010.3201073	125745.44187076	31.43189484	4000.56829252
975	2019-03-23 04:00:00	4009.9301073	3994.80427616	4009.89	4002.77624368	10428.55133809	2.6050736	4003.16956038
976	2019-03-23 06:00:00	4018.16171549	4000.71188343	4001.98406979	4003.40345756	87609.95555075	21.82199147	4014.7552835
977	2019-03-23 08:00:00	4014.99	4001.94375984	4003.80379791	4005.84142728	31374.50819218	7.83066981	4006.6187125
978	2019-03-23 10:00:00	4009.91238272	3985.19140001	4007.59082143	3999.59434567	32781.18013463	8.20639333	3994.59041462
979	2019-03-23 12:00:00	4006.39365423	3977.24173274	4000.02317125	3990.5	122110.48798017	30.62973882	3986.66435576
980	2019-03-23 14:00:00	4000.0	3982.3411764	3990.0	4000.0	86097.5544156	21.5975344	3986.45293583
981	2019-03-23 16:00:00	3999.4	3988.98638566	3999.4	3991.31707391	57686.27913059	14.44646011	3993.10825568
982	2019-03-23 18:00:00	3995.0	3987.4	3990.27925471	3994.27999935	39336.12041392	9.85327928	3992.18567708
983	2019-03-23 20:00:00	3995.0	3991.00000001	3994.0	3995.0	9909.46530607	2.48172461	3992.97539547
984	2019-03-23 22:00:00	4005.780273	3993.96362965	3995.0	4003.79999999	8595.5947737	2.14854895	4000.65112489
985	2019-03-24 00:00:00	4009.63804079	3995.37470215	4000.0	3995.37470215	91064.6461157	22.75451972	4002.04650488
986	2019-03-24 02:00:00	3997.189679	3978.20002634	3995.37470215	3991.0	99916.11522957	25.06475424	3986.31936594
987	2019-03-24 04:00:00	3990.40406621	3982.0	3990.25887648	3982.0	33864.61673317	8.49151672	3988.05276487
988	2019-03-24 06:00:00	3987.05478368	3975.0	3984.8	3981.0	40743.66472754	10.23362799	3981.35097028
989	2019-03-24 08:00:00	4003.89861964	3980.99999999	3981.0	3991.46456266	32532.98739132	8.13950436	3996.9248682
990	2019-03-24 10:00:00	4000.69999999	3991.20649444	3993.36906822	3993.57177217	28683.07879347	7.17911307	3995.35130785
991	2019-03-24 12:00:00	4003.00186444	3983.83	3992.31455409	3995.66410719	60964.92675296	15.26290917	3994.3189122
992	2019-03-24 14:00:00	3997.17999876	3990.63083364	3995.4213728	3990.63083364	37638.00616901	9.42276762	3994.36850051
993	2019-03-24 16:00:00	3995.0	3988.56155171	3992.90622902	3992.46111142	44407.45166278	11.12349254	3992.22200249
994	2019-03-24 18:00:00	3992.39970187	3979.2	3992.39970186	3988.85999901	27996.53339514	7.02592217	3984.74858071
995	2019-03-24 20:00:00	3986.26228436	3958.64883778	3983.73410695	3986.26228436	98794.90694504	24.85777937	3974.40597868
996	2019-03-24 22:00:00	3993.36155932	3984.5	3986.26228436	3991.51000001	85257.41974371	21.37995509	3987.72679291
997	2019-03-25 00:00:00	3992.36334139	3980.95426238	3991.51000001	3992.36334139	14996.63836042	3.7618487800000002	3986.50749603
998	2019-03-25 02:00:00	4000.86189982	3989.35728007	3994.71873011	3993.48803812	14472.77869581	3.62375619	3993.86104831
999	2019-03-25 04:00:00	3994.69999998	3987.6	3994.69999998	3989.01000001	6594.08668242	1.65259658	3990.1369531
1000	2019-03-25 06:00:00	3996.66999915	3984.92445082	3989.16955194	3996.66999915	45616.59468354	11.43678124	3988.58679957
1001	2019-03-25 08:00:00	4001.031894	3991.27661167	3991.27661168	3993.73148478	61865.13891479	15.47968796	3996.53656292
1002	2019-03-25 10:00:00	3996.64723464	3986.7	3995.61164189	3988.0	15709.70570392	3.93688612	3990.38865364
1003	2019-03-25 12:00:00	3987.89999829	3970.5	3985.07642049	3987.59999978	101738.14053521	25.56297422	3979.90232512
1004	2019-03-25 14:00:00	3987.32999903	3963.0	3985.88999997	3963.0	33258.45932952	8.36154225	3977.55083155
1005	2019-03-25 16:00:00	3979.97754113	3959.0	3963.0	3964.99999999	155685.90483785	39.19154263	3972.43625512
1006	2019-03-25 18:00:00	3969.03260235	3964.6	3964.79999999	3968.90648595	5117.16072439	1.29022603	3966.0963315
1007	2019-03-25 20:00:00	3968.90648595	3968.90648595	3968.90648595	3968.90648595	0.0	0.0	3968.90648595
1008	2019-03-25 22:00:00	3967.33289966	3927.58121221	3967.04223138	3943.99999777	379587.8065613	96.21978007	3945.008046
1009	2019-03-26 00:00:00	3948.42999972	3932.23476779	3942.6096586	3943.828	61176.59376954	15.52968746	3939.33193614
1010	2019-03-26 02:00:00	3951.29999958	3943.0	3943.828	3943.0	111453.5460302	28.25878989	3944.03109489
1011	2019-03-26 04:00:00	3943.99999665	3931.94608011	3943.99999531	3931.94608011	13991.56966557	3.5517960200000003	3939.29425755
1012	2019-03-26 06:00:00	3936.85533423	3910.33347538	3935.47215156	3925.99998591	95845.93217896	24.43040211	3923.22368446
1013	2019-03-26 08:00:00	3936.74999968	3925.40200441	3926.0	3927.96357652	49024.00564551	12.47154613	3930.86832494
1014	2019-03-26 10:00:00	3934.09999946	3913.30862955	3926.09828215	3915.20217983	95351.1451282	24.27989218	3927.16509699
1015	2019-03-26 12:00:00	3918.57227556	3898.00000005	3916.0587138	3902.86670957	410796.59791713	105.28651525	3901.70191255
1016	2019-03-26 14:00:00	3950.00770674	3908.11324861	3908.11324861	3942.0	59346.98583607	15.08368858	3934.51412904
1017	2019-03-26 16:00:00	3947.39999953	3929.32183396	3940.17518787	3929.32183396	25875.22341571	6.56991119	3938.44340774
1018	2019-03-26 18:00:00	3943.26048537	3928.34237467	3931.45194303	3935.0	38650.82154534	9.81392604	3938.36486924
1019	2019-03-26 20:00:00	3938.69999999	3927.66326448	3935.0	3927.66326448	16100.46568064	4.09283679	3933.81571431
1020	2019-03-26 22:00:00	3947.4	3927.66326448	3927.66326448	3946.35630101	12032.79833312	3.05664886	3936.59817802
1021	2019-03-27 00:00:00	3999.0	3935.5658625	3946.35630101	3983.0000001	335433.29638943	84.49608325	3969.8088182
1022	2019-03-27 02:00:00	3998.13674649	3977.0686347	3984.2	3992.65744822	107776.03585253	27.02431424	3988.11362595
1023	2019-03-27 04:00:00	4008.88999997	3984.09775604	3992.77339622	4005.99989985	106996.94061604	26.77054436	3996.81602201
1024	2019-03-27 06:00:00	4004.29989979	3992.13919002	4002.91945338	3997.4993	27605.17647083	6.90620395	3997.15627726
1025	2019-03-27 08:00:00	4004.42544272	3987.76963651	3998.50137597	3999.9	156374.00491915	39.1067689	3998.64292851
1026	2019-03-27 10:00:00	4043.377638	3997.0	3997.00121796	4034.6607908	809348.80022258	201.02070799	4026.19614822
1027	2019-03-27 12:00:00	4036.10569651	4013.70618425	4036.06311462	4022.0	219233.0757743	54.4363179	4027.33109496
1028	2019-03-27 14:00:00	4024.91721957	4005.5685673	4020.39174417	4022.93814794	122985.30558327	30.6214487	4016.31244779
1029	2019-03-27 16:00:00	4029.56493223	4011.98999994	4022.93814794	4021.99110575	319864.6946389	79.40826445	4028.10333224
1030	2019-03-27 18:00:00	4030.24727823	4013.49405605	4021.62456892	4022.0	125986.64459741	31.29647094	4025.58629817
1031	2019-03-27 20:00:00	4026.82999999	4015.10000323	4022.0	4024.31516379	77907.5626044	19.36666775	4022.76548604
1032	2019-03-27 22:00:00	4046.66717629	4019.52	4019.52	4045.46999999	219418.31540425	54.33384906	4038.33557166
1033	2019-03-28 00:00:00	4041.49	4018.32459374	4041.49	4025.6890365	211209.46578638	52.37310903	4032.78456632
1034	2019-03-28 02:00:00	4031.61206914	4014.62797533	4029.15723424	4015.2343968	121698.61094058	30.26542711	4021.043896
1035	2019-03-28 04:00:00	4028.74666088	4005.54511104	4015.2343968	4028.74666088	125401.32202999	31.21858973	4016.87978587
1036	2019-03-28 06:00:00	4028.93795998	4019.42823923	4027.76341142	4027.88644221	48518.37241044	12.05463743	4024.87197911
1037	2019-03-28 08:00:00	4024.7	4014.0	4024.7	4020.45802765	50067.60305899	12.45946412	4018.4395233
1038	2019-03-28 10:00:00	4024.98999994	4006.77639533	4021.75802765	4016.31750902	53835.90069838	13.40951057	4014.75508127
1039	2019-03-28 12:00:00	4026.83615911	4013.98982709	4018.12057216	4026.74329	37899.4263874	9.42675337	4020.41136538
1040	2019-03-28 14:00:00	4037.34706135	4019.08883909	4024.63987065	4030.13929431	143503.40856837	35.6320063	4027.37379871
1041	2019-03-28 16:00:00	4030.6090148	4020.0	4030.6090148	4027.41736468	133388.98944266	33.14119219	4024.86997685
1042	2019-03-28 18:00:00	4028.97	4020.62720178	4024.15622012	4023.7481316	54944.65654244	13.65015641	4025.20344032
1043	2019-03-28 20:00:00	4027.5735202	4022.28479024	4023.7481316	4025.28582329	40695.76168624	10.11047774	4025.10768855
1044	2019-03-28 22:00:00	4028.51471228	4022.11642373	4024.9512	4028.51471228	17063.47596552	4.23933419	4025.03676303
1045	2019-03-29 00:00:00	4056.18856897	4025.00000033	4027.0	4033.00696419	542876.76249561	134.29178593	4042.51651533
1046	2019-03-29 02:00:00	4041.56679071	4027.56840667	4027.56840668	4041.56679068	17802.0274848	4.41200734	4034.90432198
1047	2019-03-29 04:00:00	4069.0	4027.1092023	4041.56679071	4030.79999999	262140.77013758	64.75387238	4048.26399569
1048	2019-03-29 06:00:00	4069.01900674	4027.4898341	4030.79999999	4060.65000004	80795.66371946	19.92793804	4054.39155608
1049	2019-03-29 08:00:00	4093.49999023	4041.68517908	4058.21818956	4085.70000004	607932.98533934	149.12421828	4076.68849735
1050	2019-03-29 10:00:00	4120.98746821	4082.15115946	4082.47007369	4120.71520037	561802.28492472	137.12994021	4096.86086105
1051	2019-03-29 12:00:00	4121.0	4085.0	4120.0	4096.01924782	347902.18622706	84.8648594	4099.48462398
1052	2019-03-29 14:00:00	4098.58073304	4086.37380261	4095.33105197	4093.22986365	83998.17826237	20.52444375	4092.59219326
1053	2019-03-29 16:00:00	4097.49552011	4085.04103099	4089.07648463	4094.0	82384.70665066	20.13521793	4091.57263343
1054	2019-03-29 18:00:00	4107.574029	4087.64792319	4094.10000001	4088.96855153	68085.59973276	16.61005942	4099.05816777
1055	2019-03-29 20:00:00	4094.10837518	4083.50098234	4088.96855153	4090.97106138	52375.27018303	12.8090633	4088.92273824
1056	2019-03-29 22:00:00	4106.60708961	4090.00000009	4095.0	4104.60395545	18874.44456656	4.60863218	4095.45475303
1057	2019-03-30 00:00:00	4140.0	4102.59931454	4102.89931454	4121.33349881	192332.23887686	46.6365225	4124.06904646
1058	2019-03-30 02:00:00	4128.22472839	4092.74899471	4122.36501229	4094.17916137	96021.84336428	23.33120872	4115.59660353
1059	2019-03-30 04:00:00	4104.68058641	4052.57725231	4093.15826961	4104.68058641	170887.52428437	41.87034515	4081.34978759
1060	2019-03-30 06:00:00	4107.4314579	4089.56927105	4105.38782337	4096.42859261	46280.26279729	11.29633515	4096.92720539
1061	2019-03-30 08:00:00	4097.96999999	4086.03796228	4095.30039915	4088.37042646	36022.62238141	8.7980205	4094.40082361
1062	2019-03-30 10:00:00	4095.99999999	4078.79713223	4088.37042646	4095.99999999	26826.81374962	6.56767435	4084.67477526
1063	2019-03-30 12:00:00	4095.99	4084.29484399	4093.85199999	4085.7993435	16023.24153443	3.91617107	4091.55811838
1064	2019-03-30 14:00:00	4091.91429756	4073.13595995	4086.72349426	4075.63274059	23328.49238589	5.70844217	4086.66527419
1065	2019-03-30 16:00:00	4093.94914192	4062.02806239	4075.63274059	4082.43861941	91888.26497337	22.52540146	4079.31752677
1066	2019-03-30 18:00:00	4091.2	4082.43861941	4082.43861941	4088.3	16535.97859988	4.04420775	4088.80542793
1067	2019-03-30 20:00:00	4096.87711259	4087.60010006	4088.0	4096.87711259	16844.6274061	4.11683915	4091.64089058
1068	2019-03-30 22:00:00	4106.33569553	4090.3	4096.6098998	4105.3	106161.81450708	25.89647584	4099.46956346
1069	2019-03-31 00:00:00	4114.0	4095.45913881	4105.76366177	4097.00242427	76924.67650671	18.75448224	4101.66889825
1070	2019-03-31 02:00:00	4098.0	4087.8764206	4097.00242427	4095.80944181	55379.43263552	13.52828488	4093.60337446
1071	2019-03-31 04:00:00	4100.96482571	4092.82803721	4096.99614806	4096.97587965	25922.13187529	6.32520592	4098.22734676
1072	2019-03-31 06:00:00	4097.0024167	4085.0	4096.97587965	4087.99999982	7916.37013351	1.93454425	4092.1111696
1073	2019-03-31 08:00:00	4097.77190751	4086.61562904	4086.61562904	4097.0	25460.43973855	6.21775732	4094.79470301
1074	2019-03-31 10:00:00	4110.641106	4091.43090837	4094.77868721	4110.641106	29614.19052613	7.2140587	4105.06647612
1075	2019-03-31 12:00:00	4111.46681799	4099.8302741	4106.88992007	4100.56000001	120839.03727885	29.44425088	4103.994283
1076	2019-03-31 14:00:00	4111.7633746	4096.9	4100.56000002	4096.9	27871.83449305	6.78934337	4105.23271163
1077	2019-03-31 16:00:00	4106.7942356	4096.65588179	4098.0	4099.12315148	30019.98159823	7.31734681	4102.57739283
1078	2019-03-31 18:00:00	4105.39979671	4098.47109749	4102.0	4104.95298238	11657.62724334	2.84054985	4104.00375242
1079	2019-03-31 20:00:00	4111.3633755	4104.95298239	4107.48999999	4104.9529824	184026.11796372	44.7937749	4108.29670807
1080	2019-03-31 22:00:00	4107.72388337	4101.95298239	4104.95298239	4104.7592224	54068.99018198	13.17151108	4104.99523202
1081	2019-04-01 00:00:00	4139.99999999	4063.94371652	4102.17000001	4121.06671223	508089.75248598	123.60847502	4110.47666758
1082	2019-04-01 02:00:00	4140.0	4122.11453558	4122.39334103	4133.19214103	47441.09776491	11.49774214	4126.12295416
1083	2019-04-01 04:00:00	4136.0	4124.47913293	4133.49851742	4132.09951991	134629.00243775	32.59944671	4129.79409237
1084	2019-04-01 06:00:00	4141.28	4121.47186919	4132.09951991	4128.70520504	86713.19105603	20.97181362	4134.74927
1085	2019-04-01 08:00:00	4135.52201231	4119.5524432	4131.68051415	4133.87330641	89335.94893612	21.6391858	4128.43393285
1086	2019-04-01 10:00:00	4136.59999986	4122.0	4133.26155495	4134.00999999	355520.84766657	86.0436545	4131.86596655
1087	2019-04-01 12:00:00	4152.0	4131.52198181	4134.00999998	4152.0	93651.64878191	22.605941950000002	4142.78905028
1088	2019-04-01 14:00:00	4159.12005494	4135.63616239	4152.0	4146.66842453	184788.16158525	44.5105011	4151.563272
1089	2019-04-01 16:00:00	4155.34538467	4140.5701	4149.42184313	4144.89293941	52215.14880447	12.58340603	4149.52427665
1090	2019-04-01 18:00:00	4146.00383282	4137.88429726	4143.4202	4139.50248373	54615.16652113	13.18981601	4140.70723046
1091	2019-04-01 20:00:00	4146.73142284	4134.41821501	4139.50248372	4145.59999999	44363.72176523	10.71453212	4140.51880832
1092	2019-04-01 22:00:00	4151.97787363	4143.80318242	4147.19999999	4145.0	59907.06318498	14.44673179	4146.75540847
1093	2019-04-02 00:00:00	4169.0	4138.68616096	4146.70150381	4159.94385704	297068.22814485	71.54838694	4151.99057379
1094	2019-04-02 02:00:00	4187.13124601	4159.18000005	4159.94385704	4173.90000001	443459.84295316	106.15635994	4177.42133588
1095	2019-04-02 04:00:00	4859.0	4174.27358807	4174.27358807	4613.91833967	5854269.6435884	1288.99946488	4541.71611633
1096	2019-04-02 06:00:00	4700.0	4557.14285715	4614.21833975	4645.43036978	1030865.8809249	222.86702786	4625.47506835
1097	2019-04-02 08:00:00	4775.0	4649.99999991	4649.99999991	4740.30000002	845854.02848551	180.03394601	4698.30299913
1098	2019-04-02 10:00:00	4750.81575105	4703.47030058	4739.3297398	4721.38038495	581037.7290956	123.07606747	4720.96436813
1099	2019-04-02 12:00:00	4765.87301041	4714.47140001	4722.0	4765.48358915	648386.90143633	136.5094861	4749.7571045
1100	2019-04-02 14:00:00	4765.87301041	4650.0	4762.87528243	4732.0	782455.70587161	166.68161261	4694.31326958
1101	2019-04-02 16:00:00	4738.04999999	4663.2733271	4738.04999999	4689.96355143	251208.00437294	53.46660658	4698.40935195
1102	2019-04-02 18:00:00	4743.53399359	4689.79226823	4689.79226823	4736.343248	241840.79275581	51.3070339	4713.59917681
1103	2019-04-02 20:00:00	4791.0	4717.46885849	4730.2994723	4749.93445457	1265959.4576865	266.11984503	4757.10279157
1104	2019-04-02 22:00:00	4899.9	4756.13092782	4760.0	4861.41982157	910313.02686996	188.34512791	4833.21781121
1105	2019-04-03 00:00:00	4950.0	4859.76889198	4861.10219193	4935.09736719	1093326.8850529	222.60397555	4911.53350856
1106	2019-04-03 02:00:00	5038.0	4935.0	4935.19606912	5007.51176938	836420.51024968	167.7022112	4987.53417897
1107	2019-04-03 04:00:00	5007.51176938	4808.32217016	5007.51176938	4905.94075915	794464.07083129	162.70827163	4882.75158277
1108	2019-04-03 06:00:00	4952.93899999	4887.15160885	4905.76537689	4918.296483	381053.08313611	77.3147371	4928.59572998
1109	2019-04-03 08:00:00	4933.22901203	4894.00842719	4920.0267	4923.53877988	200456.1671306	40.84975042	4907.15769544
1110	2019-04-03 10:00:00	4940.0	4901.66258952	4933.22901202	4922.82074049	81825.53148239	16.63345139	4919.33571475
1111	2019-04-03 12:00:00	4999.99	4912.35785142	4912.35785142	4993.4703126	454423.0786335	91.49441882	4966.67539391
1112	2019-04-03 14:00:00	4994.24733855	4937.22771591	4991.78300836	4962.5	667483.7148492	134.74681327	4953.61410523
1113	2019-04-03 16:00:00	5133.34496543	4956.8236337	4956.8236337	5081.0	1321181.1222194	261.02290371	5061.552467
1114	2019-04-03 18:00:00	5145.48274215	5079.36528646	5081.0	5101.15764965	602709.14953675	117.90609062	5111.77282163
1115	2019-04-03 20:00:00	5274.73567118	5106.0086963	5109.97641004	5134.27652238	1097987.6150039	210.75798635	5209.70822515
1116	2019-04-03 22:00:00	5202.99969993	4784.44121629	5140.773	4939.9	3746212.2438606	757.59252491	4944.89071721
1117	2019-04-04 00:00:00	5036.0	4887.61931231	4939.9	4953.88171752	226048.94679377	45.3895724	4980.19555684
1118	2019-04-04 02:00:00	5003.74676685	4910.97994882	4961.12541121	4936.8069544	1094120.7952295	221.57099284	4938.01458939
1119	2019-04-04 04:00:00	5020.08402072	4926.73770732	4934.93860713	4988.49815512	398137.09312012	80.14944387	4967.43425651
1120	2019-04-04 06:00:00	5035.75494803	4980.75620456	4999.0	5015.0	335514.34468548	67.02753836	5005.61937518
1121	2019-04-04 08:00:00	5026.2466419	4964.47372075	5015.79468966	4998.05692752	298668.87597697	59.78239306	4995.93376392
1122	2019-04-04 10:00:00	4998.05692752	4902.70358529	4998.05692752	4968.70000002	603968.8256352	121.95833985	4952.25522402
1123	2019-04-04 12:00:00	4997.63649761	4963.13230807	4970.71371061	4985.90000031	256775.51380857	51.50317667	4985.6247791
1124	2019-04-04 14:00:00	5015.5496022	4933.28258675	4986.0	4982.23013919	359488.23318862	72.21341926	4978.13615353
1125	2019-04-04 16:00:00	4980.88947282	4863.92231062	4980.00200572	4869.19191504	513308.51521838	104.3876194	4917.33136715
1126	2019-04-04 18:00:00	4877.84752424	4802.32872637	4877.84752424	4805.0728482	557541.08806737	115.27851551	4836.47005342
1127	2019-04-04 20:00:00	4922.09579515	4779.0	4806.18603943	4906.61051274	465622.12142449	96.3226393	4833.98425134
1128	2019-04-04 22:00:00	4922.09579515	4855.54420472	4920.35494556	4890.34243552	220476.65189998	45.0727999	4891.56769468
1129	2019-04-05 00:00:00	4950.75629858	4898.32730814	4898.32730814	4907.49747345	203561.63817057	41.28942079	4930.11609937
1130	2019-04-05 02:00:00	4921.13913539	4885.94455076	4911.8750379	4890.80971793	52228.93359904	10.64376811	4906.99656919
1131	2019-04-05 04:00:00	4997.38428337	4901.0804002	4901.08040039	4984.58255422	572512.73117825	115.87542152	4940.76072102
1132	2019-04-05 06:00:00	4985.08255419	4938.35772268	4984.38255422	4951.26542458	186497.67333598	37.64826996	4953.68508391
1133	2019-04-05 08:00:00	4975.22655254	4942.58487436	4950.56023902	4950.99999999	173129.8777968	34.89666153	4961.21606497
1134	2019-04-05 10:00:00	5006.87379574	4935.93056685	4950.99999999	4983.57658004	289500.43836139	58.11701016	4981.3374357
1135	2019-04-05 12:00:00	5037.38472809	4955.1255	4985.9303182	4979.83727257	399590.86029239	80.04695541	4991.95576203
1136	2019-04-05 14:00:00	4995.68973127	4934.45973383	4980.5803158	4967.2379782	392595.63942657	79.11502642	4962.33973736
1137	2019-04-05 16:00:00	5010.54960219	4957.38571247	4967.2379782	5010.54960219	274593.28366828	55.01430179	4991.30725527
1138	2019-04-05 18:00:00	5035.49478424	4968.89450593	5004.07890184	4978.28685166	319123.60319487	63.81362735	5000.86919435
1139	2019-04-05 20:00:00	5024.23956948	4959.32266965	4980.57632234	4989.06709093	202916.78278262	40.64944943	4991.87038515
1140	2019-04-05 22:00:00	5014.28519196	4980.32140002	4986.57904635	5005.49886382	185771.10399126	37.18576092	4995.75911303
1141	2019-04-06 00:00:00	5005.49886382	4962.94044315	5005.49886382	4985.0	135938.52564511	27.28597658	4981.99231559
1142	2019-04-06 02:00:00	4999.12986328	4978.21655784	4985.0	4993.7107078	47583.25916406	9.53960636	4987.96882894
1143	2019-04-06 04:00:00	5008.394368	4988.41268979	4993.71070775	5000.5642695	55418.03217842	11.07410618	5004.28940066
1144	2019-04-06 06:00:00	5000.56426951	4983.00600001	5000.56426951	4984.46814203	55592.155275	11.13413187	4992.94924149
1145	2019-04-06 08:00:00	4984.46814202	4947.76210325	4984.46814202	4966.85549821	265778.90701434	53.57790944	4960.60614892
1146	2019-04-06 10:00:00	4984.6175608	4965.85549807	4965.85549807	4983.60950647	49275.10605588	9.90221369	4976.17074307
1147	2019-04-06 12:00:00	5017.66799917	4978.18506577	4979.73809198	4991.7800334	257104.13124645	51.40320777	5001.7137529
1148	2019-04-06 14:00:00	5096.93021854	4983.39893471	4991.7800334	5087.58803306	640473.59906419	127.38161466	5027.99089785
1149	2019-04-06 16:00:00	5200.0	5080.88129923	5091.0	5088.10708146	1133821.0172751	220.47459965	5142.63783254
1150	2019-04-06 18:00:00	5170.04700426	5116.21569292	5116.95563502	5139.54694789	344295.06691191	66.91897728000001	5144.95410578
1151	2019-04-06 20:00:00	5152.75768991	4933.08600812	5135.63614974	5015.16609296	1102150.7312424	219.92821059	5011.4113523
1152	2019-04-06 22:00:00	5074.039214	5014.64537916	5019.11829993	5051.06520581	687699.3409482	136.24168845	5047.64252977
1153	2019-04-07 00:00:00	5061.80210866	5033.9192941	5051.06520581	5044.39836097	205315.49752097	40.69148767	5045.66210962
1154	2019-04-07 02:00:00	5145.08568057	5044.39836097	5044.39836097	5122.5	317819.67001969	62.20887178	5108.912297
1155	2019-04-07 04:00:00	5148.99999999	5088.0846135	5119.89188264	5093.60515898	373818.79700408	72.99728555	5120.99585878
1156	2019-04-07 06:00:00	5159.0	5086.14235575	5093.50515898	5141.44150089	287598.48174043	56.01779797	5134.05546384
1157	2019-04-07 08:00:00	5177.64925736	5121.25887191	5136.59940487	5127.80261266	190168.29053527	36.92932711	5149.51951246
1158	2019-04-07 10:00:00	5144.62429501	5100.0	5126.28505224	5112.32604226	251549.3799348	49.1128556	5121.86426265
1159	2019-04-07 12:00:00	5160.16821389	5112.78509265	5112.78509265	5158.99999998	62964.01091046	12.25853534	5136.34044884
1160	2019-04-07 14:00:00	5164.19204048	5090.00000001	5155.77244257	5126.6375746	285590.09243347	55.64784442	5132.0962278
1161	2019-04-07 16:00:00	5131.49933557	5052.38817769	5123.07058521	5119.18755194	266494.52168497	52.30472344	5095.03739161
1162	2019-04-07 18:00:00	5150.0	5105.64223163	5119.18755194	5118.23520736	223795.28526022	43.57929165	5135.35848764
1163	2019-04-07 20:00:00	5150.0	5089.3572462	5118.23520736	5129.61513123	382547.22462834	74.5715905	5129.93248586
1164	2019-04-07 22:00:00	5220.0	5106.37024978	5140.012	5174.93586977	1266169.9193252	245.40430258	5159.52616157
1165	2019-04-08 00:00:00	5300.0	5155.75695842	5172.49044736	5250.81715709	911780.55793434	173.9513587	5241.58342164
1166	2019-04-08 02:00:00	5315.70006089	5190.15367481	5257.59321431	5200.62670905	576745.65309559	109.73646141	5255.73401661
1167	2019-04-08 04:00:00	5269.507894	5200.50000005	5200.62670905	5250.79887801	642685.10375899	122.43047872	5249.38814646
1168	2019-04-08 06:00:00	5251.78242718	5161.97113833	5248.33452491	5207.61959812	216909.73333802	41.7101494	5200.40653074
1169	2019-04-08 08:00:00	5213.99999999	5150.0	5207.61959812	5213.99999999	388273.00930416	74.94158204	5181.00897705
1170	2019-04-08 10:00:00	5219.29337489	5055.30852647	5213.99999999	5055.30852647	554616.03034403	108.20249685	5125.7230331
1171	2019-04-08 12:00:00	5160.0	5050.0	5055.50863898	5135.86767462	1895603.6796242	369.08493622	5135.95515178
1172	2019-04-08 14:00:00	5204.50470769	5131.62737544	5137.96856931	5188.83946622	217940.7093534	42.12964371	5173.09642715
1173	2019-04-08 16:00:00	5206.0	5148.009026	5195.03038058	5160.00000003	115784.01832002	22.42995942	5162.02531408
1174	2019-04-08 18:00:00	5186.61412617	5148.009026	5160.00000001	5162.931	237016.33753516	45.82275531	5172.45931484
1175	2019-04-08 20:00:00	5235.00000001	5156.66748968	5158.76122986	5228.0	159357.06608056	30.62047245	5204.26542538
1176	2019-04-08 22:00:00	5257.74305186	5177.9173022	5228.0	5240.21979062	252622.94253882	48.41288327	5218.09331474
1177	2019-04-09 00:00:00	5240.21979062	5174.57698564	5240.21979062	5187.14448583	342393.65424422	65.92213768	5193.91006259
1178	2019-04-09 02:00:00	5206.58982563	5138.32	5180.0	5155.10798607	220218.11320456	42.58339613	5171.45491478
1179	2019-04-09 04:00:00	5179.0	5076.19235437	5163.49155825	5141.51133912	448528.40724982	87.53710855	5123.86592017
1180	2019-04-09 06:00:00	5177.83844166	5137.88942411	5140.67218294	5150.0	78629.16020305	15.24167776	5158.8257829
1181	2019-04-09 08:00:00	5167.89999999	5106.7	5147.57750002	5121.35064	236698.17693876	46.05861095	5139.0645974
1182	2019-04-09 10:00:00	5164.98035943	5090.0	5123.84964084	5149.03	233164.45491101	45.5161432	5122.67601159
1183	2019-04-09 12:00:00	5190.50592244	5137.77371514	5155.88921174	5149.38035191	152863.00661334	29.59170232	5165.73886018
1184	2019-04-09 14:00:00	5177.60174926	5138.4468035	5150.99143496	5166.70744599	202150.12482043	39.25107553	5150.18052603
1185	2019-04-09 16:00:00	5187.53075185	5160.55900243	5160.55900243	5161.76746079	52971.28925621	10.23875703	5173.60545826
1186	2019-04-09 18:00:00	5175.20289543	5158.76874678	5161.4360054	5164.9	87079.18228327	16.85267726	5167.08300644
1187	2019-04-09 20:00:00	5198.0	5162.27281032	5164.7	5170.64022313	132477.68957073	25.59953925	5175.0028888
1188	2019-04-09 22:00:00	5176.37557261	5124.82591378	5170.68683699	5154.12533859	105818.12743892	20.54794059	5149.81669211
1189	2019-04-10 00:00:00	5198.8	5137.83695891	5153.09743701	5182.60457848	199675.66659136	38.64590064	5166.80070291
1190	2019-04-10 02:00:00	5187.69251113	5165.96988695	5185.02357782	5167.93360722	58513.87290306	11.30315773	5176.77221717
1191	2019-04-10 04:00:00	5214.57968534	5175.27116483	5175.27116483	5213.97968498	90137.14364882	17.35118423	5194.86984023
1192	2019-04-10 06:00:00	5223.0	5190.0	5212.74199392	5197.69999995	169266.53041749	32.49735226	5208.62527701
1193	2019-04-10 08:00:00	5217.81641299	5199.41298955	5199.59876487	5202.40000004	192451.54154464	36.98203109	5203.92027891
1194	2019-04-10 10:00:00	5220.26261205	5193.0	5203.40000056	5200.0	52345.03216761	10.05567838	5205.51972621
1195	2019-04-10 12:00:00	5242.77618815	5199.37811886	5199.37811886	5229.4	269156.53270435	51.53133006	5223.16292614
1196	2019-04-10 14:00:00	5244.0	5220.0788729	5229.4	5244.0	89180.71950691	17.05045702	5230.40053426
1197	2019-04-10 16:00:00	5270.0	5224.66377841	5244.0	5258.47871611	213342.83241302	40.70730047	5240.89855995
1198	2019-04-10 18:00:00	5420.93626445	5253.82308635	5253.82308635	5361.0	1873415.9336845	352.00016575	5322.20185093
1199	2019-04-10 20:00:00	5388.43619901	5197.48464421	5361.0	5279.0282	701575.40332035	133.09315126	5271.31108309
1200	2019-04-10 22:00:00	5310.94203295	5255.63719978	5277.7282	5309.45449317	230916.91976631	43.76113495	5276.75801896
1201	2019-04-11 00:00:00	5326.57628912	5273.97308821	5313.0	5284.84790434	185494.20321203	34.99161183	5301.10485087
1202	2019-04-11 02:00:00	5282.51	5113.86522461	5282.51	5140.58	800985.70330051	154.41882084	5187.0989491
1203	2019-04-11 04:00:00	5191.76169999	5100.02000001	5140.58	5175.87242511	603254.02862345	117.10113831	5151.56417204
1204	2019-04-11 06:00:00	5198.19386906	5159.01992093	5180.79491254	5168.79639123	131357.32753139	25.35993732	5179.71814653
1205	2019-04-11 08:00:00	5176.23592061	4987.0	5164.89999996	5060.00040085	1050372.2900313	205.84241156	5102.79821379
1206	2019-04-11 10:00:00	5081.20360717	4925.0	5053.81497304	5002.973123	982379.88476076	196.08565257	5009.95290519
1207	2019-04-11 12:00:00	5036.0013425	4974.3	5001.00508784	4990.45334628	671901.62105124	134.27531665	5003.91015872
1208	2019-04-11 14:00:00	5035.8999994	4967.57394026	4989.0	4997.32533286	579326.9821907	115.38820691	5020.67756926
1209	2019-04-11 16:00:00	5032.0	4964.13990158	4995.02512828	5032.0	266788.19022453	53.31320844	5004.16684778
1210	2019-04-11 18:00:00	5061.45771031	5018.31579034	5034.98480943	5046.20067877	216139.8966077	42.86021884	5042.90231028
1211	2019-04-11 20:00:00	5050.09015397	4989.42305717	5046.20067877	4992.0	139807.45958782	27.80590349	5027.97758893
1212	2019-04-11 22:00:00	5037.92179004	4968.23769723	4989.42305717	5022.1	36671.48450895	7.32918565	5003.48691657
1213	2019-04-12 00:00:00	5016.0	4872.40447627	5016.0	4921.37	551821.44227055	112.09256732	4922.90840921
1214	2019-04-12 02:00:00	4983.02318329	4913.1	4916.27337695	4983.02318006	156661.6384162	31.68975422	4943.60534728
1215	2019-04-12 04:00:00	5009.56488258	4963.26439601	4983.02318329	4975.12376872	127886.2936434	25.65432849	4984.9791895
1216	2019-04-12 06:00:00	5006.0	4969.1554185	4986.15541849	4991.4493674	49943.37274687	10.02288259	4982.93502876
1217	2019-04-12 08:00:00	5006.0	4965.20000001	4991.56556705	4990.46924026	121814.30343697	24.45362065	4981.44242852
1218	2019-04-12 10:00:00	5064.98480942	4978.48762058	4990.04287407	5040.0	147032.01585396	29.30777372	5016.82649998
1219	2019-04-12 12:00:00	5056.04	5015.19016442	5040.0	5023.70000013	97698.03246408	19.38220003	5040.60593291
1220	2019-04-12 14:00:00	5051.78661705	5016.41296385	5024.17346655	5044.88156172	138198.9239112	27.43524086	5037.2775882
1221	2019-04-12 16:00:00	5077.82223453	5036.66122322	5042.47809309	5043.99999998	135124.77673783	26.73021809	5055.13184676
1222	2019-04-12 18:00:00	5051.3360522	5005.97113833	5040.19779121	5030.8821764	1047780.1610913	208.60822525	5022.71739206
1223	2019-04-12 20:00:00	5045.89999993	5003.15292259	5032.11595079	5042.49999999	96013.47443521	19.12202246	5021.0941147
1224	2019-04-12 22:00:00	5064.27974045	5032.52222062	5042.49999999	5053.2249604	79987.11498996	15.84355624	5048.5581506
1225	2019-04-13 00:00:00	5055.20438629	5024.8000001	5043.00000001	5054.15178229	63788.88784187	12.67134249	5034.10651966
1226	2019-04-13 02:00:00	5100.0999693	5051.16210715	5056.09999994	5079.98480943	358931.36284209	70.48142048	5092.56709637
1227	2019-04-13 04:00:00	5088.28999547	5071.47302132	5083.39999999	5085.30000038	31322.58540392	6.16860799	5077.7396545
1228	2019-04-13 06:00:00	5093.0	5060.06579289	5083.289997	5062.20428025	100156.91944043	19.71536061	5080.14646151
1229	2019-04-13 08:00:00	5070.26335344	5037.71049528	5069.26034222	5045.3	89420.24810909	17.7065796	5050.11414565
1230	2019-04-13 10:00:00	5054.94091581	5002.05785799	5048.76274057	5017.92107887	235496.25050425	46.92073117	5019.02346003
1231	2019-04-13 12:00:00	5040.01350997	5017.35327283	5017.69285964	5036.0999997	82294.19957203	16.36475993	5028.74468822
1232	2019-04-13 14:00:00	5072.0	5035.64313399	5039.9	5056.0	110692.40176631	21.8711077	5061.12462544
1233	2019-04-13 16:00:00	5070.0	5040.0	5056.00000001	5063.57836026	60575.05148668	11.989780960000001	5052.22336327
1234	2019-04-13 18:00:00	5068.47577626	5049.8233887	5066.1985191	5049.8233887	27815.57125262	5.49782618	5059.37625925
1235	2019-04-13 20:00:00	5063.233651	5016.24006815	5050.09999991	5044.9513534	123272.99177914	24.45906342	5039.97187718
1236	2019-04-13 22:00:00	5063.233651	5029.53586572	5044.9513534	5049.60651492	25873.91173006	5.12556046	5048.01610126
1237	2019-04-14 00:00:00	5065.45363398	5053.07163978	5056.11757259	5053.07163978	8266.75094962	1.63435828	5058.10203967
1238	2019-04-14 02:00:00	5057.85183945	5020.30000093	5057.85183945	5034.11651687	52123.36389978	10.34573335	5038.15071744
1239	2019-04-14 04:00:00	5039.0	4997.6260146	5031.48419317	5024.93275278	183003.71774782	36.52247089	5010.71568511
1240	2019-04-14 06:00:00	5044.59999994	5006.4	5025.80854682	5039.0	21383.7595001	4.25282512	5028.13045369
1241	2019-04-14 08:00:00	5049.84676351	5028.36681487	5040.67683007	5046.30000004	37629.09411234	7.46670205	5039.58693682
1242	2019-04-14 10:00:00	5050.0	5038.5	5046.30000003	5046.3	27288.16530358	5.40861833	5045.31169304
1243	2019-04-14 12:00:00	5060.0	5038.41867006	5046.26999986	5057.69161273	89406.69289375	17.69560442	5052.48030933
1244	2019-04-14 14:00:00	5069.0	5044.75508492	5051.54670445	5069.0	69137.97741811	13.68296973	5052.84881735
1245	2019-04-14 16:00:00	5084.7483649	5059.1479718	5066.12312034	5068.29800058	167300.0027174	32.99809965	5069.98901427
1246	2019-04-14 18:00:00	5087.6	5068.29800058	5068.29800058	5071.87503898	183104.96998917	36.04665637	5079.66586719
1247	2019-04-14 20:00:00	5089.0	5062.02400001	5071.87503898	5081.8	72280.90869412	14.23544338	5077.53125523
1248	2019-04-14 22:00:00	5147.04034544	5081.8	5081.8	5126.69105029	469126.00100433	91.5131365	5126.32414259
1249	2019-04-15 00:00:00	5165.40000005	5126.55778482	5126.69105029	5148.3622523	164692.45483965	32.0425754	5139.80080513
1250	2019-04-15 02:00:00	5161.49999995	5135.4486694	5156.18247319	5139.0	105541.57521536	20.49663412	5149.21496853
1251	2019-04-15 04:00:00	5165.8889749	5137.54416002	5144.54175859	5145.11850246	98083.62957997	19.05017907	5148.69856181
1252	2019-04-15 06:00:00	5146.97118245	5126.9719334	5144.88202417	5137.62318834	116675.70865446	22.71895783	5135.61007188
1253	2019-04-15 08:00:00	5140.0	5128.00882105	5139.16884912	5134.0	41734.56515414	8.12606816	5135.88667143
1254	2019-04-15 10:00:00	5140.0	5097.67213341	5140.0	5102.53871053	90886.15564375	17.78283573	5110.89215599
1255	2019-04-15 12:00:00	5124.71143079	5083.08042464	5102.7	5115.5218551	141262.68594873	27.65836167	5107.41336143
1256	2019-04-15 14:00:00	5146.1614954	5111.76920472	5115.42185508	5130.55581498	177039.63596231	34.52024514	5128.57412351
1257	2019-04-15 16:00:00	5139.50234615	4992.58447433	5133.13614809	5051.14025717	649260.6603418	128.70905893	5044.40531023
1258	2019-04-15 18:00:00	5052.76517503	4990.0	5048.042011	5012.9	449291.36593147	89.23959565	5034.6638469
1259	2019-04-15 20:00:00	5037.44248725	4950.0	5004.51967482	5023.09952293	318634.77329365	63.74293183	4998.74674957
1260	2019-04-15 22:00:00	5051.53854694	5024.89068724	5024.89068724	5032.7545694	202178.13972719	40.09307431	5042.71980152
1261	2019-04-16 00:00:00	5055.0	5021.19935944	5031.83403907	5047.59999982	63984.28872017	12.72142499	5029.64791841
1262	2019-04-16 02:00:00	5048.10000002	5034.12454994	5045.49999993	5042.63757061	44234.92189716	8.77193234	5042.7796502
1263	2019-04-16 04:00:00	5077.31197525	5040.78972338	5044.33231285	5066.58942891	52566.20156655	10.39692713	5055.93632707
1264	2019-04-16 06:00:00	5067.68942895	5049.6	5067.68942895	5066.06	78098.64807095	15.43580865	5059.57607027
1265	2019-04-16 08:00:00	5079.98480941	5066.06	5066.30000026	5078.0	43724.89732878	8.61956146	5072.75196443
1266	2019-04-16 10:00:00	5072.12459546	5042.4946387	5072.10936409	5049.12953704	37295.09775302	7.37580765	5056.40867044
1267	2019-04-16 12:00:00	5064.41213246	5025.00000001	5055.88957828	5029.04520647	107591.45916031	21.3543227	5038.39249185
1268	2019-04-16 14:00:00	5087.30000087	5009.0	5025.74324999	5073.01267549	144026.82644233	28.44338568	5063.63159655
1269	2019-04-16 16:00:00	5193.9587789	5064.76208289	5073.77320639	5176.99230011	422780.15979407	82.23004336	5141.43179936
1270	2019-04-16 18:00:00	5185.0	5140.29326754	5176.99220567	5160.3718924	146453.9435737	28.3610668	5163.90813527
1271	2019-04-16 20:00:00	5182.19825121	5139.09356697	5160.3718924	5173.65321096	199827.07576497	38.73385956	5158.97661722
1272	2019-04-16 22:00:00	5188.6	5153.6311	5173.65321096	5176.5244883	81491.94668739	15.74499287	5175.73728741
1273	2019-04-17 00:00:00	5234.98087353	5165.0	5175.72605442	5176.69730016	227853.1345282	43.85348463	5195.78173663
1274	2019-04-17 02:00:00	5202.07000001	5173.59419764	5185.74962821	5197.1342639	117802.66801543	22.70413042	5188.60074516
1275	2019-04-17 04:00:00	5201.54090105	5180.77920004	5199.99648916	5191.6194167	86688.74805077	16.68322759	5196.16168892
1276	2019-04-17 06:00:00	5197.20000083	5174.1361983	5187.20456029	5184.93924618	54971.58502086	10.59333853	5189.25972819
1277	2019-04-17 08:00:00	5188.69999999	5160.0	5187.60066282	5180.0	77196.79551515	14.92145825	5173.54230543
1278	2019-04-17 10:00:00	5220.96593031	5166.1933613	5180.0	5208.80828839	137716.67721451	26.45731641	5205.23983159
1279	2019-04-17 12:00:00	5225.0	5144.00000001	5208.80828839	5189.79999831	725792.45509262	140.10484348	5180.35234946
1280	2019-04-17 14:00:00	5202.25678165	5165.0	5189.29999998	5180.46812126	150325.54254563	29.00542536	5182.6698171
1281	2019-04-17 16:00:00	5211.388	5176.60775528	5180.46812126	5201.53614844	104576.7030034	20.11867029	5197.99278461
1282	2019-04-17 18:00:00	5209.35718471	5189.16709955	5204.73335134	5208.00000003	63234.08371295	12.15586576	5201.9399491
1283	2019-04-17 20:00:00	5214.98480942	5197.72558798	5208.0	5212.24402718	115000.84336634	22.08602395	5206.95094901
1284	2019-04-17 22:00:00	5214.76455474	5188.5	5211.97008841	5203.18561709	37874.38563391	7.27992815	5202.57684602
1285	2019-04-18 00:00:00	5249.3	5200.0	5202.29557818	5235.12950788	1226779.3881112	234.76732371	5225.51166288
1286	2019-04-18 02:00:00	5249.43914602	5224.30898515	5238.0	5247.86683735	62576.9626488	11.9429494	5239.65735371
1287	2019-04-18 04:00:00	5263.68374999	5237.65870996	5249.59550059	5240.69288397	210356.91921702	40.0853968	5247.71951906
1288	2019-04-18 06:00:00	5254.25672814	5236.27650002	5240.69288397	5246.93007358	127900.7888235	24.39002459	5243.97949463
1289	2019-04-18 08:00:00	5247.64152758	5211.77650954	5247.64152758	5226.16311378	115025.30598852	22.00774158	5226.58381689
1290	2019-04-18 10:00:00	5239.59717866	5203.58830786	5234.5697392	5216.0	76093.79313217	14.58687873	5216.59187963
1291	2019-04-18 12:00:00	5236.12489305	5216.13092448	5218.16793892	5233.72132178	415854.92959261	79.48039718	5232.16974684
1292	2019-04-18 14:00:00	5248.72132178	5215.03055005	5233.72132178	5226.68983888	1045266.5477354	199.46367276	5240.38554626
1293	2019-04-18 16:00:00	5260.31415926	5207.31104862	5228.64188415	5235.80669404	759582.86164565	144.77037675	5246.81138985
1294	2019-04-18 18:00:00	5280.63039924	5236.25370621	5236.25370621	5268.29093318	69797.87130247	13.28846534	5252.51558525
1295	2019-04-18 20:00:00	5291.39483621	5256.25762495	5268.29093317	5270.47284978	199752.98104767	37.85853788	5276.29940915
1296	2019-04-18 22:00:00	5278.29	5234.12267327	5270.80929965	5260.81355704	130946.3184173	24.9055635	5257.71353927
1297	2019-04-19 00:00:00	5256.34466624	5200.0	5255.38492057	5200.0	955965.67201041	183.58184537	5207.29961115
1298	2019-04-19 02:00:00	5222.505687	5196.0	5200.0	5215.13328867	1278255.3392897	245.71168596	5202.25700416
1299	2019-04-19 04:00:00	5221.17255757	5203.70107116	5214.71835321	5217.09135882	46131.00253656	8.8429824	5216.67922086
1300	2019-04-19 06:00:00	5232.76841752	5217.09135882	5217.09135882	5230.00000001	94557.95413842	18.08715065	5227.90769912
1301	2019-04-19 08:00:00	5248.56314682	5214.21204156	5230.0	5237.11449474	82848.88261918	15.83008582	5233.6344579
1302	2019-04-19 10:00:00	5260.20014499	5224.48936789	5239.64620837	5237.1	265390.39977293	50.64649465	5240.05464952
1303	2019-04-19 12:00:00	5243.57539235	5218.2	5236.56366779	5234.18350572	43491.1797191	8.31678099	5229.32848314
1304	2019-04-19 14:00:00	5266.50346296	5224.24096348	5234.20444078	5260.40000006	92058.70702562	17.51839685	5254.97326118
1305	2019-04-19 16:00:00	5328.31375588	5237.542869	5258.0	5255.28210822	250142.09970749	47.38443383	5278.99310995
1306	2019-04-19 18:00:00	5277.2151644	5246.18712524	5253.2948412	5274.88049051	70536.96008371	13.40752798	5260.99667208
1307	2019-04-19 20:00:00	5277.19568262	5214.21204157	5274.88049051	5246.194314	134998.58774094	25.76432386	5239.74890528
1308	2019-04-19 22:00:00	5269.0	5231.98317177	5251.09999997	5260.85910911	57117.43386423	10.87946371	5250.0229227
1309	2019-04-20 00:00:00	5283.64378609	5258.6556945	5261.24619999	5280.57505498	23740.36010746	4.50198428	5273.31030739
1310	2019-04-20 02:00:00	5293.0	5263.92647369	5279.09540816	5273.97082117	104748.04983611	19.83784898	5280.21208053
1311	2019-04-20 04:00:00	5306.93732114	5261.70000001	5276.58725573	5306.51984026	108972.744701	20.59459929	5291.32629222
1312	2019-04-20 06:00:00	5309.98480941	5285.82015175	5302.00000002	5308.6	94977.22970394	17.91676757	5301.02482676
1313	2019-04-20 08:00:00	5328.95	5285.43877811	5309.70132956	5290.05628156	169024.37905329	31.82506726	5311.04546213
1314	2019-04-20 10:00:00	5292.39203978	5273.78578407	5287.28362166	5285.64022209	148040.28365912	28.02749473	5281.96633645
1315	2019-04-20 12:00:00	5303.37117249	5284.25500467	5290.0	5288.76724026	63566.79338082	12.00029611	5297.10207132
1316	2019-04-20 14:00:00	5315.04249998	5276.0	5290.78871122	5291.86492757	108380.3455496	20.44399834	5301.32823076
1317	2019-04-20 16:00:00	5302.79649039	5282.39621503	5293.5564161	5286.51389542	141243.09653105	26.67726522	5294.51183868
1318	2019-04-20 18:00:00	5301.50000086	5282.1029823	5285.3946697	5299.5	74099.71338645	14.01233448	5288.17760468
1319	2019-04-20 20:00:00	5301.79649087	5241.0	5299.51999999	5244.00000056	145213.90077723	27.51276024	5278.05641856
1320	2019-04-20 22:00:00	5308.39394845	5247.9762186	5247.9762186	5289.87388452	158641.92384955	29.99767847	5288.4733733
1321	2019-04-21 00:00:00	5313.30000074	5286.41116149	5289.87388452	5293.48697264	94801.77422765	17.88921875	5299.3803448
1322	2019-04-21 02:00:00	5311.42865674	5298.60369152	5298.60369152	5307.6	6178.35362676	1.16419311	5306.98350101
1323	2019-04-21 04:00:00	5304.0	5281.96329898	5304.0	5282.03485513	81261.20291052	15.36182515	5289.81433632
1324	2019-04-21 06:00:00	5300.0	5277.97006228	5280.90000001	5277.97006228	97230.5323581	18.39653706	5285.26276662
1325	2019-04-21 08:00:00	5285.2533	5196.0	5279.37985217	5205.1641078	446946.05122034	85.27158786	5241.44163885
1326	2019-04-21 10:00:00	5231.26030796	5188.0	5205.26410783	5227.99989985	450074.6707267	86.27912934	5216.49527724
1327	2019-04-21 12:00:00	5229.34556461	5167.7828115	5224.99999996	5222.40000002	267493.87656313	51.39525278	5204.64171483
1328	2019-04-21 14:00:00	5238.3999	5216.3724684	5222.40000002	5238.3999	144347.2327456	27.63202242	5223.91124875
1329	2019-04-21 16:00:00	5240.89999999	5216.0	5238.3999	5235.49209863	90007.61599456	17.20358087	5231.91169761
1330	2019-04-21 18:00:00	5239.4316206	5196.99809918	5226.8	5220.25105402	35686.95733705	6.85105771	5208.97047545
1331	2019-04-21 20:00:00	5245.5242067	5200.0	5214.60000006	5234.00000026	80012.44963067	15.34380231	5214.6428906
1332	2019-04-21 22:00:00	5270.0	5232.0	5232.0	5258.95905177	111040.21962247	21.13445318	5253.99066049
1333	2019-04-22 00:00:00	5267.0	5226.31279583	5259.29999999	5232.79045667	108584.51852985	20.69880798	5245.93100408
1334	2019-04-22 02:00:00	5247.25724094	5212.0	5227.86969591	5221.89999991	30038.50922304	5.73998708	5233.20153937
1335	2019-04-22 04:00:00	5252.90784405	5220.49999966	5220.49999966	5233.56501392	47172.11477755	8.98959606	5247.41205975
1336	2019-04-22 06:00:00	5252.01280498	5226.80729081	5243.20582524	5244.72090475	18528.33110184	3.53368511	5243.34526848
1337	2019-04-22 08:00:00	5268.72410368	5240.72506293	5244.72090475	5266.09313691	72495.97068852	13.78929997	5257.4076165
1338	2019-04-22 10:00:00	5291.06703957	5264.98480972	5268.7241037	5275.90124606	98729.77468258	18.69431464	5281.2727604
1339	2019-04-22 12:00:00	5287.27674131	5268.38492328	5273.40000001	5268.38492328	118923.13201457	22.53832986	5276.48378354
1340	2019-04-22 14:00:00	5344.03197846	5266.0	5268.38492328	5283.21811998	501104.95221773	94.41694544	5307.36246425
1341	2019-04-22 16:00:00	5330.08442684	5253.72089779	5278.21811998	5330.0	437049.80356546	82.50659436	5297.14996668
1342	2019-04-22 18:00:00	5390.0	5316.45933268	5328.71353453	5350.37631414	2594923.9848761	485.7218089	5342.40780901
1343	2019-04-22 20:00:00	5379.48390821	5328.90000001	5355.5559065	5363.70374741	279702.77619787	52.28696475	5349.37871293
1344	2019-04-22 22:00:00	5382.61364858	5349.95911853	5359.80336784	5364.93620828	453797.91891796	84.5682022	5366.0584843
1345	2019-04-23 00:00:00	5367.08105288	5337.08382823	5363.27633158	5347.28502239	271268.45346771	50.67165168	5353.45591615
1346	2019-04-23 02:00:00	5438.98786739	5349.9144692	5355.99999998	5424.22291869	870710.7906849	161.54185832	5390.00107922
1347	2019-04-23 04:00:00	5597.01	5416.28443051	5419.81786701	5506.84397309	1224766.2499039	222.79496269	5497.27980882
1348	2019-04-23 06:00:00	5521.00527623	5477.78281155	5504.55607882	5507.5064119	618336.98704546	112.30460767	5505.89152016
1349	2019-04-23 08:00:00	5538.68874681	5474.16311287	5507.50641187	5499.36000641	369875.79852936	67.17357959	5506.26899425
1350	2019-04-23 10:00:00	5522.26654422	5500.0	5500.0	5515.09308	175150.65907108	31.76185526	5514.49711099
1351	2019-04-23 12:00:00	5554.85581748	5511.36015077	5514.65765368	5542.0	347611.17635935	62.82445246	5533.05540674
1352	2019-04-23 14:00:00	5550.0	5514.4485264	5539.80627054	5528.48772	816658.52077524	147.54986039	5534.79697382
1353	2019-04-23 16:00:00	5578.66646742	5517.39999999	5532.79999998	5553.80635398	435950.63131492	78.61378948	5545.47280061
1354	2019-04-23 18:00:00	5580.0	5552.95559491	5553.50835016	5570.97990834	201224.94449755	36.13027286	5569.42775597
1355	2019-04-23 20:00:00	5572.34541812	5530.63341943	5570.97990834	5542.80000001	73388.12018228	13.21694722	5552.57722987
1356	2019-04-23 22:00:00	5543.64047334	5480.0	5543.64047334	5494.4451665	251883.3323993	45.72497609	5508.65968532
1357	2019-04-24 00:00:00	5522.1852786	5440.55765348	5494.29134272	5498.85826538	423814.5562627	77.16525164	5492.29798718
1358	2019-04-24 02:00:00	5557.13572592	5492.3595642	5497.0	5535.00000001	237440.01502991	42.91043402	5533.38647004
1359	2019-04-24 04:00:00	5581.06276628	5506.19241033	5538.75269406	5570.55998357	688102.93030704	124.0218022	5548.24166477
1360	2019-04-24 06:00:00	5588.0	5390.0	5570.55998357	5421.09069235	879065.53171936	159.67472082	5505.35192549
1361	2019-04-24 08:00:00	5457.04337356	5380.1	5421.1528201	5426.76283916	1107194.012609	204.09351017	5424.93493147
1362	2019-04-24 10:00:00	5435.09062769	5342.0	5426.6238746	5382.49000001	617118.67834003	114.46250205	5391.44844195
1363	2019-04-24 12:00:00	5428.66646743	5374.36842261	5384.80569928	5394.82873293	433014.11241706	80.11634376	5404.81619723
1364	2019-04-24 14:00:00	5449.45567649	5387.89503005	5389.99999999	5427.13341783	343639.04423421	63.42735221	5417.83682056
1365	2019-04-24 16:00:00	5436.55189944	5380.1	5429.22055665	5385.62890295	476005.50833065	88.04944637	5406.11585824
1366	2019-04-24 18:00:00	5400.0	5348.39999999	5380.0	5399.75564042	303792.04060497	56.47167073	5379.54759754
1367	2019-04-24 20:00:00	5414.14023181	5381.02407634	5397.82655531	5398.95992891	309269.21394591	57.27644533	5399.58812325
1368	2019-04-24 22:00:00	5417.74099994	5390.59832331	5399.10662949	5409.0325917	251597.49719683	46.58562483	5400.75394748
1369	2019-04-25 00:00:00	5432.69620505	5402.49564684	5408.97964369	5423.28999997	179831.11327729	33.19730506	5417.03951426
1370	2019-04-25 02:00:00	5433.00646642	5386.98752371	5430.28000001	5415.95453023	148983.687148	27.5678037	5404.26392937
1371	2019-04-25 04:00:00	5426.0	5391.33101707	5415.95453023	5406.24101083	69475.12767541	12.84361222	5409.31371061
1372	2019-04-25 06:00:00	5405.0	5367.76741633	5404.20000004	5402.93201605	224931.38377004	41.77528521	5384.31713007
1373	2019-04-25 08:00:00	5405.40540537	5356.40809572	5401.58128305	5395.91882404	237055.58553156	43.9743116	5390.77422491
1374	2019-04-25 10:00:00	5438.07436	5395.91882404	5395.91882404	5438.0	136112.6825908	25.11524668	5419.52401762
1375	2019-04-25 12:00:00	5440.0	5417.10000001	5438.0	5431.12488776	170249.98433818	31.36927656	5427.28436891
1376	2019-04-25 14:00:00	5435.0	5401.85206347	5432.63183278	5431.63451041	340317.72064855	62.78394931	5420.4573683
1377	2019-04-25 16:00:00	5469.15	5423.54123466	5433.25351465	5469.08999998	148509.16618098	27.24831861	5450.21394921
1378	2019-04-25 18:00:00	5488.66646742	5465.39999996	5471.66468177	5471.35007317	151731.6017419	27.71933051	5473.85521043
1379	2019-04-25 20:00:00	5481.48581467	5385.1	5470.48841637	5392.82838934	410184.87064186	75.3333128	5444.93339528
1380	2019-04-25 22:00:00	5392.82838929	5110.88677657	5392.82838929	5229.5526	4334087.7271644	830.45335992	5218.94176884
1381	2019-04-26 00:00:00	5350.0	5168.63090661	5230.64739068	5313.10000084	701992.64245047	133.07658834	5275.10248952
1382	2019-04-26 02:00:00	5505.45	5300.00000001	5307.25559084	5340.00000008	753510.21550184	139.15524562	5414.88904816
1383	2019-04-26 04:00:00	5379.19992896	5300.00000002	5340.00000147	5319.88331002	428778.30120757	80.45624866	5329.33499074
1384	2019-04-26 06:00:00	5330.58317546	5250.21724923	5324.26541035	5288.89332728	716092.06298535	135.38196032	5289.42010658
1385	2019-04-26 08:00:00	5318.6664674	5281.61000005	5288.40000001	5310.5	362309.27463648	68.32563684	5302.68419575
1386	2019-04-26 10:00:00	5344.36	5293.95708012	5309.42746368	5329.2663649	386387.49159582	72.6063303	5321.677738
1387	2019-04-26 12:00:00	5340.0	5304.49999987	5329.26636527	5304.49999987	346632.33989049	65.08785444	5325.60710247
1388	2019-04-26 14:00:00	5334.59255656	5280.01000001	5304.49999988	5285.79935878	473218.86564951	89.05594266	5313.72586168
1389	2019-04-26 16:00:00	5291.28	5201.8780661	5291.28	5265.76325439	401882.78820065	76.64877382	5243.17308903
1390	2019-04-26 18:00:00	5285.04941835	5236.60974144	5265.76325439	5260.0	158375.78081269	30.09624061	5262.31109277
1391	2019-04-26 20:00:00	5298.66629964	5260.0	5260.0	5286.8	120081.74097382	22.7091024	5287.82418867
1392	2019-04-26 22:00:00	5327.2700964	5292.23921526	5292.61548	5312.71123874	185595.40479296	34.96452599	5308.1058455
1393	2019-04-27 00:00:00	5323.2	5296.73706083	5310.02778062	5302.0	38413.893521	7.23151982	5312.0083298
1394	2019-04-27 02:00:00	5308.20509694	5292.0240948	5299.86562787	5298.50883	54893.64500615	10.35657129	5300.3685746
1395	2019-04-27 04:00:00	5304.16328819	5267.18347329	5293.86966244	5304.16328819	62242.51639094	11.78014531	5283.67984884
1396	2019-04-27 06:00:00	5323.14968181	5301.53870001	5304.1632882	5314.594352	121616.56021598	22.91476618	5307.34458561
1397	2019-04-27 08:00:00	5323.07238799	5277.0	5320.44040579	5285.16461969	73341.29908089	13.84757712	5296.32718022
1398	2019-04-27 10:00:00	5297.95273762	5270.0	5285.19372134	5281.97174981	30560.39806533	5.78300171	5284.52170651
1399	2019-04-27 12:00:00	5288.12681591	5264.76972467	5276.20481581	5276.55746773	30596.55756938	5.79980427	5275.44657457
1400	2019-04-27 14:00:00	5305.82999999	5277.40754598	5277.40754618	5278.15761467	49433.85965978	9.34969069	5287.21872186
1401	2019-04-27 16:00:00	5315.4	5278.15761467	5278.15761467	5315.04	161714.98429058	30.53039677	5296.85170844
1402	2019-04-27 18:00:00	5350.29000019	5303.61300408	5315.4	5332.60999997	131863.91450105	24.73326786	5331.43922782
1403	2019-04-27 20:00:00	5344.99999997	5315.84290861	5331.38863114	5325.55602718	90407.78904724	16.95150968	5333.3178433
1404	2019-04-27 22:00:00	5332.06664999	5284.65091641	5330.0	5296.32637366	98387.88399389	18.54966407	5304.02510916
1405	2019-04-28 00:00:00	5322.2654482	5296.32637371	5296.32637371	5309.41237707	46184.87019255	8.69950414	5308.90835262
1406	2019-04-28 02:00:00	5310.54084276	5276.87806612	5307.0	5306.53866866	320099.80974496	60.55156989	5286.39984605
1407	2019-04-28 04:00:00	5317.16103116	5295.24876712	5306.53866866	5317.16103116	93332.83559503	17.59837661	5303.49120622
1408	2019-04-28 06:00:00	5320.99999999	5303.72708847	5317.16103116	5320.99999998	48165.7778524	9.06295397	5314.57822822
1409	2019-04-28 08:00:00	5326.94815124	5308.72265242	5320.99999999	5318.07800828	147011.70580955	27.6394393	5318.91056883
1410	2019-04-28 10:00:00	5343.13904868	5310.96959825	5315.0	5333.20000003	224471.12799348	42.14286777	5326.43220244
1411	2019-04-28 12:00:00	5335.30078459	5282.81058902	5335.30078459	5289.01108186	209052.51755283	39.31682224	5317.12650317
1412	2019-04-28 14:00:00	5336.62494286	5286.89571143	5286.89571143	5333.40312473	272391.74822226	51.32120289	5307.58697932
1413	2019-04-28 16:00:00	5334.83153988	5312.15882517	5333.40312472	5324.51542449	145575.90030743	27.32742936	5327.09822024
1414	2019-04-28 18:00:00	5321.46869654	5261.3259746	5321.46869654	5290.13550282	332012.37209598	62.73533036	5292.27104074
1415	2019-04-28 20:00:00	5309.99999999	5263.074867	5294.66274284	5290.39847165	191116.86999027	36.11148251	5292.41273706
1416	2019-04-28 22:00:00	5317.86555804	5275.50359112	5287.21244861	5314.30345056	89491.71595032	16.90813481	5292.82011031
1417	2019-04-29 00:00:00	5335.21312182	5304.46162089	5314.85903876	5321.5783794	147268.84251906	27.6728518	5321.78047941
1418	2019-04-29 02:00:00	5325.29256118	5296.80000088	5319.70809748	5318.96609528	184293.95697106	34.66860927	5315.87395201
1419	2019-04-29 04:00:00	5333.41078047	5312.37703091	5319.44093535	5319.87857494	272405.97191382	51.20456002	5319.95532834
1420	2019-04-29 06:00:00	5324.80860248	5303.03614442	5319.44789139	5304.31779375	74999.36148532	14.1148394	5313.5115009
1421	2019-04-29 08:00:00	5311.8	5279.24357627	5305.26655493	5292.4	114217.38863213	21.54327092	5301.76634069
1422	2019-04-29 10:00:00	5298.93412667	5251.81546632	5294.80000009	5276.91771037	448049.68961791	84.92585739	5275.77469792
1423	2019-04-29 12:00:00	5278.76774467	5200.0	5276.51479721	5247.76194064	1164800.2030303	222.89664966	5225.74118905
1424	2019-04-29 14:00:00	5279.19384814	5239.2	5247.76194065	5244.70000001	224449.82258274	42.64670634	5263.00485653
1425	2019-04-29 16:00:00	5279.78301619	5239.45530001	5244.70000001	5241.30853044	64482.29773553	12.25842661	5260.24258961
1426	2019-04-29 18:00:00	5247.51185062	5217.15473949	5247.51185062	5232.00000027	85152.18265143	16.27397316	5232.41508476
1427	2019-04-29 20:00:00	5238.06802858	5212.82793531	5238.06802858	5212.82793532	12376.71962594	2.36888206	5224.70908743
1428	2019-04-29 22:00:00	5246.18999995	5190.0	5216.69669425	5242.41999996	294585.75870744	56.56227103	5208.16709341
1429	2019-04-30 00:00:00	5254.05539564	5233.35407259	5242.37312454	5254.05539521	99643.97195775	18.99839712	5244.86204432
1430	2019-04-30 02:00:00	5257.68268122	5215.7086306	5254.05539562	5221.19732945	102657.73604346	19.58331286	5242.10264
1431	2019-04-30 04:00:00	5219.56799834	5199.28852138	5218.82149432	5211.87518349	199720.85243311	38.32741079	5210.91428605
1432	2019-04-30 06:00:00	5224.55591253	5209.22862151	5211.69785407	5221.29069288	41190.53329436	7.89657576	5216.252531
1433	2019-04-30 08:00:00	5235.8	5212.94174296	5222.69999993	5221.45967241	92181.5308479	17.63284126	5227.83194657
1434	2019-04-30 10:00:00	5291.21684004	5224.0	5224.0	5291.21684004	413360.86555581	78.55818198	5261.8435806
1435	2019-04-30 12:00:00	5330.0	5262.0	5285.99683655	5312.2900622	429211.96176573	81.24435242	5282.97597286
1436	2019-04-30 14:00:00	5336.96489556	5295.04855196	5314.50484704	5312.36605249	189965.28894245	35.71804463	5318.46832351
1437	2019-04-30 16:00:00	5330.0	5276.06041123	5312.36605249	5293.7999998	551344.82169847	103.80747881	5311.22447071
1438	2019-04-30 18:00:00	5313.00000079	5293.7999998	5293.7999998	5301.57446092	164470.36855597	31.02928231	5300.48896757
1439	2019-04-30 20:00:00	5324.36846149	5293.67	5301.57446092	5322.72019565	480382.529993	90.39581112	5314.21228529
1440	2019-04-30 22:00:00	5338.00000018	5316.3	5318.1	5321.39761414	173040.4717407	32.48206281	5327.26239564
1441	2019-05-01 00:00:00	5375.2489468	5319.2	5321.58839732	5333.0294964	333102.18866677	62.30487357	5346.32637192
1442	2019-05-01 02:00:00	5365.76901096	5330.55517047	5334.27924676	5354.43936419	194051.37401068	36.31751006	5343.19048002
1443	2019-05-01 04:00:00	5360.11423776	5342.33727142	5348.27453047	5346.6	26173.29906403	4.89367294	5348.39564984
1444	2019-05-01 06:00:00	5351.74915167	5337.5368996	5346.55051678	5351.74915118	130704.7508432	24.45458422	5344.79546523
1445	2019-05-01 08:00:00	5354.9	5334.0	5344.40374053	5348.8969631	237737.27435786	44.46492092	5346.62537206
1446	2019-05-01 10:00:00	5369.07072119	5344.72500005	5348.98210955	5363.3	65126.0631019	12.14490336	5362.41921169
1447	2019-05-01 12:00:00	5363.29999963	5337.20171424	5363.29999963	5353.88108701	160834.9746655	30.07519884	5347.76097478
1448	2019-05-01 14:00:00	5370.0	5346.0240072	5353.88108701	5347.70000009	522742.59703489	97.43333861	5365.13070877
1449	2019-05-01 16:00:00	5406.40595454	5353.00265093	5357.0	5398.0	387262.42915129	72.09155045	5371.81440451
1450	2019-05-01 18:00:00	5398.0	5338.99999989	5397.7	5368.0212872	205531.09524694	38.33171526	5361.90707493
1451	2019-05-01 20:00:00	5376.35638	5358.54106581	5367.03015341	5371.59999999	39660.08769735	7.38755452	5368.50017011
1452	2019-05-01 22:00:00	5396.77775971	5356.71373237	5363.81077987	5395.6	111737.88184568	20.80583742	5370.50634348
1453	2019-05-02 00:00:00	5397.0	5375.66425798	5387.3	5378.60505315	83615.28685723	15.52777973	5384.88362864
1454	2019-05-02 02:00:00	5400.0	5377.87328815	5381.0	5400.0	72798.16314887	13.506294369999999	5389.94347039
1455	2019-05-02 04:00:00	5390.46635897	5368.5263456	5385.5	5389.52887692	43889.19196995	8.16078409	5378.06067234
1456	2019-05-02 06:00:00	5415.0	5384.76656818	5386.10953228	5410.0	122163.95283706	22.62065839	5400.54806234
1457	2019-05-02 08:00:00	5450.0	5404.70020006	5409.24510004	5429.90352354	323169.32420085	59.52201608	5429.40823386
1458	2019-05-02 10:00:00	5446.00000001	5420.91590408	5426.46336102	5446.00000001	121071.57434951	22.27842374	5434.47668302
1459	2019-05-02 12:00:00	5466.6	5417.26817218	5446.0	5462.61205353	262621.3349115	48.23467952	5444.65802457
1460	2019-05-02 14:00:00	5535.0	5455.79716385	5464.02005567	5522.77176231	618044.70658507	112.4002599	5498.60567168
1461	2019-05-02 16:00:00	5533.43449684	5472.99999998	5522.0	5498.91992355	230592.26761771	41.98495794	5492.25910735
1462	2019-05-02 18:00:00	5512.78568585	5491.54037729	5496.96145231	5503.0363133	169079.92727747	30.74522145	5499.38882542
1463	2019-05-02 20:00:00	5521.54643727	5493.5973586	5501.08523091	5500.78704376	82792.85119697	15.0279695	5509.25068067
1464	2019-05-02 22:00:00	5506.9	5491.37142527	5500.78704376	5500.4723121	60329.04857291	10.97318816	5497.85966423
1465	2019-05-03 00:00:00	5558.66646705	5483.15403604	5496.2921577	5557.75075599	204848.45561498	37.09368502	5522.46172103
1466	2019-05-03 02:00:00	5599.57546744	5548.51428397	5552.1473866	5589.8999994	179291.13118869	32.11974905	5581.95927712
1467	2019-05-03 04:00:00	5607.89999998	5567.98451578	5573.0	5593.60000005	174332.331333	31.15981775	5594.78019838
1468	2019-05-03 06:00:00	5700.0	5595.03000026	5601.69999359	5689.73136528	293195.6019474	51.96355593	5642.33137436
1469	2019-05-03 08:00:00	5836.64824562	5660.79367077	5689.73136527	5827.8851578	1579858.1706232	274.80422416	5749.03160769
1470	2019-05-03 10:00:00	5827.88515779	5726.50655797	5827.88515779	5758.0	858860.28094059	149.06744562	5761.5549617
1471	2019-05-03 12:00:00	5819.22585667	5747.27110901	5750.71094456	5808.81493439	281388.71907651	48.70050676	5777.94232128
1472	2019-05-03 14:00:00	5850.70851039	5747.43404397	5807.54499544	5782.23866204	661607.75487479	113.97357348	5804.92244538
1473	2019-05-03 16:00:00	5797.43124712	5727.0	5776.46230003	5742.91243033	146666.36131726	25.48067162	5755.98490905
1474	2019-05-03 18:00:00	5770.78797637	5720.71610869	5742.91243033	5754.80000001	124220.68971319	21.62940856	5743.13853144
1475	2019-05-03 20:00:00	5793.17715671	5754.80559994	5754.80562994	5792.93295022	98657.43056164	17.06638483	5780.8042854
1476	2019-05-03 22:00:00	5788.85731144	5742.3	5788.33294579	5771.5	198685.78056765	34.46083037	5765.55406339
1477	2019-05-04 00:00:00	5900.0	5771.59818547	5771.59818547	5878.999569	425265.90918111	72.93532139	5830.72647211
1478	2019-05-04 02:00:00	5889.82	5819.99999999	5884.11621624	5842.85150437	602532.89812097	102.74027477	5864.6222182
1479	2019-05-04 04:00:00	5842.85150436	5775.30859738	5842.85150436	5786.01985639	243778.89916834	42.02627794	5800.6302513
1480	2019-05-04 06:00:00	5821.777	5759.00000002	5785.7	5804.25432678	140953.05157483	24.30493214	5799.36001314
1481	2019-05-04 08:00:00	5818.00000003	5779.80000001	5804.2543281	5784.04	183050.31812959	31.55238177	5801.47386222
1482	2019-05-04 10:00:00	5800.5	5761.29625962	5785.0	5791.62920409	458927.53983029	79.40903524	5779.28617874
1483	2019-05-04 12:00:00	5797.06081966	5618.16226492	5792.74999996	5631.69954701	813316.25115776	143.17156561	5680.71074512
1484	2019-05-04 14:00:00	5672.28821096	5596.84587203	5633.26780047	5644.36586765	406067.09789726	71.97425379	5641.83824791
1485	2019-05-04 16:00:00	5695.0	5636.38230557	5641.029315	5678.43099274	109555.77155683	19.38993767	5650.13531355
1486	2019-05-04 18:00:00	5690.0	5667.14760745	5680.86	5678.26999998	94526.34197684	16.65242455	5676.43118231
1487	2019-05-04 20:00:00	5852.63878063	5678.27	5678.27	5825.11046639	514854.71537552	88.84404323	5795.03922443
1488	2019-05-04 22:00:00	5866.0	5810.17815781	5816.38241767	5842.8	247119.73779458	42.31099351	5840.55625486
1489	2019-05-05 00:00:00	5836.1	5757.76495388	5836.01902891	5791.88044427	304383.79318754	52.51379569	5796.2634235
1490	2019-05-05 02:00:00	5826.47470978	5788.21549211	5796.08078117	5811.17727061	105868.68168422	18.2569672	5798.80987485
1491	2019-05-05 04:00:00	5823.3585323	5778.82696953	5811.1772706	5822.84920005	150107.7740839	25.88868473	5798.20008816
1492	2019-05-05 06:00:00	5826.47470978	5740.0	5818.14	5750.39077464	166430.15941562	28.80136259	5778.55158399
1493	2019-05-05 08:00:00	5785.1361	5712.63	5744.94464307	5761.81522486	102390.54644886	17.75750817	5766.04248009
1494	2019-05-05 10:00:00	5795.62078623	5750.40172631	5761.87	5764.6861894	68125.11964942	11.77805659	5784.07134732
1495	2019-05-05 12:00:00	5802.721072	5765.0	5765.0	5782.69093433	48658.92799544	8.40839981	5786.94271145
1496	2019-05-05 14:00:00	5787.51124002	5740.00000002	5776.83721507	5777.82011139	77976.04547822	13.52335465	5766.0282893
1497	2019-05-05 16:00:00	5777.8201113	5739.97493492	5777.8201113	5745.5507589	94723.56736468	16.45665321	5755.94357831
1498	2019-05-05 18:00:00	5777.89840469	5699.27264148	5744.0	5762.72391881	151020.14575736	26.27195838	5748.33986766
1499	2019-05-05 20:00:00	5819.09711529	5762.72391882	5762.72391883	5799.04830001	91912.82459996	15.86043945	5795.09949202
1500	2019-05-05 22:00:00	5806.31401978	5765.1000811	5803.37734037	5776.39331064	312911.6407828	54.07778666	5786.32484998
1501	2019-05-06 00:00:00	5793.77577663	5650.0	5784.0	5691.02	639860.57215105	112.21128979	5702.28337405
1502	2019-05-06 02:00:00	5716.42999999	5675.35590593	5689.09958609	5699.30884781	264666.45527214	46.42694052	5700.70851767
1503	2019-05-06 04:00:00	5732.89840464	5678.25916935	5695.56558194	5715.86171593	42776.24575084	7.49863704	5704.53610738
1504	2019-05-06 06:00:00	5716.32471455	5630.0	5715.70000005	5631.47957883	191480.64255283	33.8752314	5652.52648142
1505	2019-05-06 08:00:00	5696.46999999	5620.99999999	5631.47957883	5685.76	108269.93139476	19.07206924	5676.88435021
1506	2019-05-06 10:00:00	5712.66600743	5676.0943395	5685.75999998	5710.09062927	86606.13779483	15.21139245	5693.50492267
1507	2019-05-06 12:00:00	5703.77503717	5676.8082616	5701.99999996	5695.61297865	113864.8417143	20.00373134	5692.18011274
1508	2019-05-06 14:00:00	5730.0	5699.73000004	5699.99999898	5728.0	144256.39062682	25.22353651	5719.11835478
1509	2019-05-06 16:00:00	5781.42595829	5727.99999999	5728.0	5766.9	410374.26168035	71.23393223	5760.93792429
1510	2019-05-06 18:00:00	5798.40173965	5765.46909081	5766.9	5796.95426145	121102.94658758	20.94711461	5781.36649568
1511	2019-05-06 20:00:00	5797.23678867	5736.93732824	5795.45899015	5755.94931875	148693.8468031	25.83193244	5756.2029921
1512	2019-05-06 22:00:00	5773.85881677	5744.28401558	5755.7830302	5744.28401558	67736.56543137	11.74901426	5765.29774604
1513	2019-05-07 00:00:00	5837.33132808	5752.34437575	5754.61385487	5810.0	404613.97856769	69.7296741	5802.60819787
1514	2019-05-07 02:00:00	5987.14760746	5809.99999999	5809.99999999	5964.0	493202.71803838	83.44617167	5910.42954
1515	2019-05-07 04:00:00	5980.0112421	5934.11631296	5964.0	5956.37552553	150581.19824236	25.27963417	5956.62093959
1516	2019-05-07 06:00:00	5958.67880734	5914.0	5953.0003	5937.22200093	121238.62474877	20.41207588	5939.55389258
1517	2019-05-07 08:00:00	5958.53430541	5925.97433809	5935.0	5956.0	71483.92095437	12.04046428	5936.97379868
1518	2019-05-07 10:00:00	5965.96302354	5926.59006068	5956.00000002	5945.33297352	79375.03281832	13.34289067	5948.86331466
1519	2019-05-07 12:00:00	5999.0	5944.65600224	5944.65600224	5999.0	226152.78838631	37.81499829	5980.50505389
1520	2019-05-07 14:00:00	6015.68442672	5839.30952006	5999.0	5915.88847173	604326.16512008	102.17739709	5914.47993716
1521	2019-05-07 16:00:00	5962.92538873	5904.93408805	5915.888472	5945.02103994	171937.80645722	28.93966562	5941.25062517
1522	2019-05-07 18:00:00	5947.49999998	5871.4190517	5938.18724396	5917.90000003	176813.19611688	29.89801201	5913.87802164
1523	2019-05-07 20:00:00	5950.0	5915.19664731	5924.65082786	5950.0	60050.10576575	10.1250922	5930.82063645
1524	2019-05-07 22:00:00	5965.642312	5822.8630633	5950.0	5846.0	552279.09967332	93.68071114	5895.33419369
1525	2019-05-08 00:00:00	5891.0	5795.0	5848.3384	5878.63318972	470640.38102783	80.56639976	5841.6459272
1526	2019-05-08 02:00:00	5893.15061335	5859.65520216	5878.12995584	5875.65594024	156310.77784514	26.59760805	5876.87349747
1527	2019-05-08 04:00:00	5900.0	5877.02152208	5880.0	5895.99999999	46973.99339595	7.97111171	5893.02911625
1528	2019-05-08 06:00:00	5925.5543	5893.0	5893.0	5912.1	116464.81138688	19.700889019999998	5911.65257916
1529	2019-05-08 08:00:00	5925.5543	5880.0	5906.36867864	5897.28469352	125910.68974169	21.33917498	5900.44787859
1530	2019-05-08 10:00:00	5950.0	5893.0	5893.0	5938.15458327	138245.17033811	23.34896665	5920.82606525
1531	2019-05-08 12:00:00	5950.02668376	5910.00000001	5938.15458327	5934.21204933	221465.6383284	37.36885222	5926.47686968
1532	2019-05-08 14:00:00	5971.83067578	5897.08602727	5934.99999999	5958.97162974	163112.1427253	27.48326181	5934.96302778
1533	2019-05-08 16:00:00	5966.1227876	5919.97791197	5961.57346654	5932.0	189217.12176474	31.88233781	5934.85718934
1534	2019-05-08 18:00:00	5956.0	5924.01551442	5932.0	5952.76437643	85629.93576917	14.39839501	5947.18617663
1535	2019-05-08 20:00:00	5960.31454002	5928.77824534	5952.99999987	5950.28	123267.65027634	20.72934895	5946.52782263
1536	2019-05-08 22:00:00	6010.02668376	5892.57089488	5950.28	5982.9000003	538055.93155715	90.28427703	5959.57512489
1537	2019-05-09 00:00:00	6103.49227362	5982.9000003	5982.9000003	6079.90000415	488337.27396136	80.66976646	6053.53523867
1538	2019-05-09 02:00:00	6092.73633	6059.60496452	6087.52134555	6074.0	60262.56192261	9.919227320000001	6075.32824669
1539	2019-05-09 04:00:00	6114.14596859	6072.0	6074.0	6085.99718417	182575.44043402	29.97824344	6090.26478817
1540	2019-05-09 06:00:00	6109.969526	6060.89560314	6081.0	6087.0	211703.83867567	34.77638822	6087.5740556
1541	2019-05-09 08:00:00	6108.99999996	6060.2	6086.94021287	6090.0	126657.30787313	20.81202638	6085.77490536
1542	2019-05-09 10:00:00	6108.0	6066.6089823	6090.0	6073.14646712	161964.29576254	26.63450804	6080.99445723
1543	2019-05-09 12:00:00	6072.99999999	6010.6237984	6072.99999999	6063.29999998	452671.21963919	74.94588125	6039.97460686
1544	2019-05-09 14:00:00	6063.99999993	6025.30242477	6053.31622916	6045.89999999	263645.44770146	43.58531556	6048.95121932
1545	2019-05-09 16:00:00	6102.3	6038.0	6043.79999995	6101.00000001	290904.65799343	47.90401922	6072.65658978
1546	2019-05-09 18:00:00	6114.25992901	6072.95880012	6101.00000001	6109.12532647	233092.68521335	38.17223773	6106.34060444
1547	2019-05-09 20:00:00	6156.99999999	6096.16923507	6109.12532647	6145.0	455586.86651959	74.3635619	6126.47988987
1548	2019-05-09 22:00:00	6195.50000088	6134.19376021	6145.0	6174.69999999	437271.04012493	70.96161869	6162.0781515
1549	2019-05-10 00:00:00	6195.50000088	6137.70627834	6174.69999999	6195.50000088	353346.86317307	57.21116209	6176.18748273
1550	2019-05-10 02:00:00	6325.92467073	6181.13866611	6195.50000088	6299.98	753717.40382427	120.5286071	6253.43162888
1551	2019-05-10 04:00:00	6299.50000102	6216.54163493	6283.60050156	6274.66153885	139595.1403717	22.28237705	6264.82264699
1552	2019-05-10 06:00:00	6350.0000001	6251.42555678	6274.0	6332.91702746	484511.31006593	76.77934712	6310.43800501
1553	2019-05-10 08:00:00	6350.0	6276.42331889	6343.05076602	6318.51995547	286207.66937082	45.38458189	6306.27533519
1554	2019-05-10 10:00:00	6340.00000001	6290.0	6317.0	6306.0	802160.45301527	127.04112328	6314.17947436
1555	2019-05-10 12:00:00	6334.31567103	6270.0	6307.0	6317.39999999	226187.23619072	35.90156318	6300.20578927
1556	2019-05-10 14:00:00	6361.18590748	6279.7334492	6309.94043565	6350.64961	278795.91565245	44.16966758	6311.9314889
1557	2019-05-10 16:00:00	6448.0	6333.09338428	6356.77010558	6431.86168808	518711.00826702	81.0040281	6403.52116349
1558	2019-05-10 18:00:00	6445.45700591	6390.00000005	6434.43443253	6392.9615859	250300.84275904	39.00600942	6416.98154927
1559	2019-05-10 20:00:00	6404.88541452	6270.01999999	6391.08874704	6371.82304546	527857.49949724	83.24703511	6340.85644971
1560	2019-05-10 22:00:00	6415.85191628	6363.93298101	6363.93298302	6382.09999949	67443.62644849	10.54574521	6395.34002628
1561	2019-05-11 00:00:00	6500.0	6380.70000014	6380.70000015	6495.40239602	212604.99288653	33.01133798	6440.36279339
1562	2019-05-11 02:00:00	6603.3127222	6466.68175079	6495.40239602	6578.46392439	632434.98512172	96.61607363	6545.85682651
1563	2019-05-11 04:00:00	6775.0	6572.6472178	6576.32	6723.98862025	1240449.5168254	185.6575824	6681.38354916
1564	2019-05-11 06:00:00	6949.0	6650.0	6723.98862025	6795.0	1301699.7678152	190.62749481	6828.49957773
1565	2019-05-11 08:00:00	6810.66999947	6636.89181151	6795.0	6770.94157884	875768.67936754	130.22961912	6724.80412125
1566	2019-05-11 10:00:00	6815.0	6763.3014365	6770.94157884	6770.3671262	349520.34105819	51.43977418	6794.7487451
1567	2019-05-11 12:00:00	6810.61638538	6710.33290273	6764.48877559	6800.0	867997.52564792	128.26268541	6767.34252735
1568	2019-05-11 14:00:00	6893.62688429	6757.75664019	6800.99459517	6893.62688429	427237.71567924	62.71530831	6812.33541207
1569	2019-05-11 16:00:00	6981.88545335	6839.75517588	6893.62688429	6940.80000001	1114032.3348981	160.85147484	6925.84470242
1570	2019-05-11 18:00:00	6960.0	6874.73863056	6940.79999939	6906.68603568	358053.13415305	51.77619635	6915.4005005
1571	2019-05-11 20:00:00	7010.0	6899.45900305	6910.86126561	7000.0001	364562.90356719	52.39444759	6958.04460846
1572	2019-05-11 22:00:00	7377.0	7000.0001	7000.00010005	7215.08049998	1994701.8874783	275.82692695	7231.71558895
1573	2019-05-12 00:00:00	7274.19325995	6948.63813949	7214.98039997	7182.10584855	1581473.0119597	222.77471081	7098.97908164
1574	2019-05-12 02:00:00	7233.42390026	7124.12425352	7180.81655807	7163.49915375	339460.04232477	47.18717653	7193.90451575
1575	2019-05-12 04:00:00	7335.7794499	7163.49915375	7163.49915375	7306.46861706	323157.99052289	44.58248967	7248.54069198
1576	2019-05-12 06:00:00	7500.0	7278.0	7307.67749998	7483.0	900916.0026465	121.54498954	7412.20190199
1577	2019-05-12 08:00:00	7518.29323308	7203.92049678	7481.00000003	7368.29323309	1512435.8919775	205.46427981	7361.06486916
1578	2019-05-12 10:00:00	7430.45466315	6987.16613998	7367.28751882	7169.2791723	1760567.4416116	246.17552075	7151.67550472
1579	2019-05-12 12:00:00	7245.6610041	7030.0	7166.60313061	7100.70011933	721623.74462037	101.11652697	7136.55587512
1580	2019-05-12 14:00:00	7151.46228439	6756.90779629	7100.0	6864.93	1766667.4994839	254.86087402	6931.88982529
1581	2019-05-12 16:00:00	6970.7482651	6838.50739173	6864.93	6933.39297643	800495.13800498	116.03517726	6898.72810045
1582	2019-05-12 18:00:00	7078.83306936	6933.39297646	6939.05873499	7008.56485582	495093.62873361	70.5653574	7016.10034973
1583	2019-05-12 20:00:00	7168.29323296	7000.60000014	7019.79057765	7150.0	553170.37006868	77.79860336	7110.28663983
1584	2019-05-12 22:00:00	7150.0	6880.49738034	7150.0	6980.59158242	815801.9129202	116.92133773	6977.35698854
1585	2019-05-13 00:00:00	7076.72499829	6862.86784574	6977.594289	7033.07389009	439686.42490958	63.06622976	6971.82036381
1586	2019-05-13 02:00:00	7081.28846698	6998.85414742	7039.9	7036.01980255	250605.32124313	35.61774951	7035.96731098
1587	2019-05-13 04:00:00	7157.34263416	7023.079919	7033.11606895	7053.79086783	464994.31946434	65.41268408	7108.62619389
1588	2019-05-13 06:00:00	7095.641844	7025.22352779	7058.86317845	7040.40535347	206698.58718789	29.27331849	7060.98925062
1589	2019-05-13 08:00:00	7133.29323307	7029.0	7057.99999991	7089.70000013	293925.82218977	41.41880069	7096.43488689
1590	2019-05-13 10:00:00	7296.61057967	7046.74592352	7089.70000013	7232.56221128	687444.82785747	95.85647595	7171.60547625
1591	2019-05-13 12:00:00	7385.00000001	7219.02826649	7231.88502051	7359.1	1135468.3269381	155.39739911	7306.86828377
1592	2019-05-13 14:00:00	7857.90381234	7300.71003952	7350.0	7790.0	3138485.5790111	408.91713062	7675.11396319
1593	2019-05-13 16:00:00	7914.47902	7718.36260154	7783.7692464	7784.0	1843284.1253594	235.70928469	7820.15917524
1594	2019-05-13 18:00:00	7890.0	7748.00000003	7773.68915288	7872.10934842	1087919.2169429	139.10740338	7820.71399874
1595	2019-05-13 20:00:00	8064.84427021	7768.87919672	7866.63586881	8060.240241	2075683.3122726	262.01386477	7922.03616436
1596	2019-05-13 22:00:00	8100.0	7650.0	8060.240241	7811.96432384	3125009.7322492	398.13062756	7849.207059
1597	2019-05-14 00:00:00	8060.0	7793.94132296	7805.71831231	7967.51873054	649363.19955655	81.5781151	7960.01720265
1598	2019-05-14 02:00:00	7990.50000007	7846.04636846	7967.51873066	7951.99999972	441493.21001872	55.68811513	7927.96109166
1599	2019-05-14 04:00:00	8040.0	7936.94542482	7936.94542482	7965.89661458	485116.68491018	60.7113761	7990.54009434
1600	2019-05-14 06:00:00	8311.28471438	7954.81203184	7965.89661458	8311.28471438	1442847.536966	178.8260801	8068.44021945
1601	2019-05-14 08:00:00	8342.61065618	7920.00000001	8306.78886201	8062.18820565	1396111.878586	171.95454164	8119.07533974
1602	2019-05-14 10:00:00	8124.24062517	7950.00000003	8062.1882056	8062.88163168	1155201.3262801	143.6702438	8040.64429575
1603	2019-05-14 12:00:00	8214.44948957	8061.33098288	8064.30982878	8153.91465097	866949.87101237	106.13487835	8168.37861869
1604	2019-05-14 14:00:00	8184.00000018	7950.0	8145.60000008	7961.91020448	863247.73328303	107.26644207	8047.69615384
1605	2019-05-14 16:00:00	8067.0571585	7754.55095323	7957.28751569	8047.57420786	1289632.7127862	162.91279974	7916.09201268
1606	2019-05-14 18:00:00	8050.18892051	7750.17088884	8047.57420786	7810.0	1409763.7703487	179.09451756	7871.61879411
1607	2019-05-14 20:00:00	7900.37740799	7682.90511992	7810.0	7802.0	990648.99835672	127.25421951	7784.80275287
1608	2019-05-14 22:00:00	8050.894061	7805.65506421	7805.65506421	8000.0	685557.83781908	86.38244705	7936.30953082
1609	2019-05-15 00:00:00	8127.19593332	7967.12053024	8010.0	8005.65031481	794533.65807575	98.51479155	8065.12043089
1610	2019-05-15 02:00:00	8094.43084459	7959.71303017	8005.65031481	8033.00000003	320304.04660147	39.91441871	8024.77042014
1611	2019-05-15 04:00:00	8050.00000001	7959.59999994	8036.20303055	7996.105241	277828.93919904	34.65573789	8016.82365214
1612	2019-05-15 06:00:00	8030.2	7830.0	8011.98999999	7887.21120001	515990.00133552	65.04656378	7932.62505119
1613	2019-05-15 08:00:00	8051.80000087	7833.75	7887.21119999	8051.80000087	318096.53685957	40.12145172	7928.34065625
1614	2019-05-15 10:00:00	8125.0	7925.94428016	8042.66802181	7956.59999999	880452.77156465	109.32121693	8053.81422097
1615	2019-05-15 12:00:00	8040.0	7900.55639606	7965.34200399	7970.60260737	831770.60272882	104.40205603	7966.99446694
1616	2019-05-15 14:00:00	8018.2870505	7909.80256441	7972.75029517	7995.82811108	449121.00625994	56.43222181	7958.59159634
1617	2019-05-15 16:00:00	8100.79	7920.0	7996.60000005	8075.49022173	1069004.4578498	133.11145077	8030.8978053
1618	2019-05-15 18:00:00	8223.83493776	8048.12971791	8066.0000003	8169.06000025	1368868.8407875	167.95581754	8150.17223479
1619	2019-05-15 20:00:00	8215.37740801	8090.4444	8169.06000025	8126.3504519	425709.13150124	52.2465213	8148.08566979
1620	2019-05-15 22:00:00	8242.45843065	8111.14690012	8126.3504519	8169.88672531	921641.95612331	112.75000414	8174.20773642
1621	2019-05-16 00:00:00	8320.0	8142.49500009	8170.26680001	8269.10000002	1091019.6076156	131.9999624	8265.30241205
1622	2019-05-16 02:00:00	8300.0	8202.28250003	8269.10030001	8237.05786382	1163554.3808876	141.12977923	8244.57026175
1623	2019-05-16 04:00:00	8231.16785288	7929.63323986	8229.17648374	8020.66017553	2480215.1232218	307.57653741	8063.73315762
1624	2019-05-16 06:00:00	8138.32802073	7975.03014679	8009.00000129	8005.00000003	515344.15638462	63.98360966	8054.31514606
1625	2019-05-16 08:00:00	8076.80413073	7950.0	8007.28999974	7981.42672194	754712.7760518	93.95152546	8033.00183106
1626	2019-05-16 10:00:00	8004.7459	7770.04979891	7980.28924069	7877.41566355	1702339.0985153	216.21674188	7873.2991891
1627	2019-05-16 12:00:00	7908.1960956	7751.89877158	7875.96312295	7852.32430908	745125.20405772	95.00909188	7842.67262546
1628	2019-05-16 14:00:00	8025.14526862	7837.05000054	7837.0600005	8015.0	759654.69530165	95.3868786	7963.93284329
1629	2019-05-16 16:00:00	8029.91127241	7862.9872107	8016.24229586	7912.68854731	855867.0812403	107.63971492	7951.22025245
1630	2019-05-16 18:00:00	7951.51303188	7802.02376564	7916.88667057	7859.33114471	397377.10880377	50.48551555	7871.11123803
1631	2019-05-16 20:00:00	7945.37740801	7708.0	7853.46572075	7921.74027826	710441.63414482	90.69317765	7833.46280892
1632	2019-05-16 22:00:00	7939.50000079	7818.60000006	7916.24959024	7873.93604739	397317.51542324	50.4475314	7875.85644722
1633	2019-05-17 00:00:00	7929.10385391	7750.0	7871.72774774	7791.32095309	560513.9452263	71.22222995	7869.92973429
1634	2019-05-17 02:00:00	7805.4323675	7010.0	7785.77088125	7346.28706562	4559980.0863468	619.40794371	7361.83662585
1635	2019-05-17 04:00:00	7480.31924307	7166.68715135	7357.39555107	7200.0	931337.06961969	126.87797012	7340.41590308
1636	2019-05-17 06:00:00	7366.69467229	7163.78339522	7200.0	7303.399998	878465.22131876	120.97464071	7261.56503679
1637	2019-05-17 08:00:00	7325.377408	7237.21970659	7303.399998	7289.99999982	370296.57970246	50.7991449	7289.42545059
1638	2019-05-17 10:00:00	7290.39869892	7060.0	7289.99999982	7163.29900679	1092294.1054379	152.39536539	7167.50212608
1639	2019-05-17 12:00:00	7195.99976882	6917.9094749	7163.29900679	7195.9965382	1310438.6494699	185.27501754	7072.93766245
1640	2019-05-17 14:00:00	7270.37740801	7081.81818181	7195.9965382	7084.0	708353.04525978	98.4890554	7192.20061947
1641	2019-05-17 16:00:00	7213.99999999	6999.99999999	7084.0	7054.67999989	1722818.8335064	242.92892165	7091.86383327
1642	2019-05-17 18:00:00	7141.27964295	6994.68	7045.57871439	7136.34330005	704425.99382412	99.39588876	7087.07374733
1643	2019-05-17 20:00:00	7287.91689088	7083.6351868	7135.83188478	7269.0	655491.64977825	91.17595944	7189.30355988
1644	2019-05-17 22:00:00	7359.0	7198.05138015	7270.0	7352.42393267	750332.69580507	102.9169733	7290.66034246
1645	2019-05-18 00:00:00	7435.0	7231.36085862	7356.0564	7269.018805	583542.97153561	79.45939589	7343.91402048
1646	2019-05-18 02:00:00	7376.42547407	7268.62695278	7269.01880499	7376.42547407	209176.58851708	28.57405189	7320.50845719
1647	2019-05-18 04:00:00	7457.62888199	7300.0	7376.42547406	7410.0	383000.4493745	51.78989383	7395.27388551
1648	2019-05-18 06:00:00	7418.2	7288.63127366	7409.99999999	7294.5450267	475224.48838947	64.614835	7354.72726022
1649	2019-05-18 08:00:00	7365.38270793	7198.86813194	7307.46230133	7280.23978577	489975.92679896	67.30437139	7280.00153154
1650	2019-05-18 10:00:00	7343.72918859	7247.27859453	7278.10584736	7300.001	175640.33297124	24.06961318	7297.18137378
1651	2019-05-18 12:00:00	7333.83423882	7268.02817625	7300.001	7313.24039007	103340.09557408	14.14379271	7306.39211793
1652	2019-05-18 14:00:00	7391.3580037	7320.09999996	7325.78072903	7346.03514357	495617.81057608	67.35395154	7358.40732791
1653	2019-05-18 16:00:00	7360.83564079	7261.54543274	7346.03514357	7281.64431896	451425.26875512	61.61670464	7326.34553231
1654	2019-05-18 18:00:00	7304.32853784	7232.78072843	7280.748413	7247.59579791	154181.35016485	21.2117773	7268.66721181
1655	2019-05-18 20:00:00	7342.30256707	7236.70885255	7247.59579791	7326.97499991	170322.16599596	23.39714008	7279.61474836
1656	2019-05-18 22:00:00	7339.67888513	7239.02032368	7327.75446914	7267.63201716	232973.560239	32.01978846	7275.92440312
1657	2019-05-19 00:00:00	7602.37402772	7250.0	7262.28626822	7583.3906662	1188675.4886345	158.65507571	7492.19956131
1658	2019-05-19 02:00:00	7919.93000003	7588.07755515	7588.07755515	7901.34729824	1347316.1479956	174.01309359	7742.61361716
1659	2019-05-19 04:00:00	7980.0	7816.6293883	7904.03515698	7896.755245	722210.03727628	91.4594665	7896.50393681
1660	2019-05-19 06:00:00	7953.01365999	7851.01000007	7896.84484548	7917.66133443	341927.9910943	43.20500592	7914.08272753
1661	2019-05-19 08:00:00	8011.00000003	7873.79305381	7911.32847217	8011.00000003	546618.11834704	68.88224195	7935.54482073
1662	2019-05-19 10:00:00	8085.377408	7941.54416439	8011.39073454	7963.35995872	731779.92699092	91.40188566	8006.17975993
1663	2019-05-19 12:00:00	7986.31701622	7776.62094599	7963.35995872	7844.59328576	1423942.4358343	180.6401797	7882.75586416
1664	2019-05-19 14:00:00	7980.76161198	7842.0	7842.0	7968.68457279	379517.46468183	47.83358552	7934.12119447
1665	2019-05-19 16:00:00	7996.9999998	7871.74733302	7968.68457279	7965.61108079	436755.44450119	54.94392956	7949.11190369
1666	2019-05-19 18:00:00	8043.95239212	7931.57871267	7968.10000087	7951.49530458	597997.97211744	74.85989678	7988.22864897
1667	2019-05-19 20:00:00	8061.0	7900.0	7936.59689646	8057.0	473594.39388435	59.00634175	8026.16091488
1668	2019-05-19 22:00:00	8264.0	8003.11412637	8057.08041738	8163.01036736	1248430.3393125	153.05950673	8156.50308814
1669	2019-05-20 00:00:00	8146.09814502	7800.0	8146.09814502	7956.92382186	1138658.0525907	142.9167864	7967.27999049
1670	2019-05-20 02:00:00	8112.72633682	7850.323828	7960.00000003	8025.83092101	325175.26761229	40.64399473	8000.57351085
1671	2019-05-20 04:00:00	8102.83609181	7927.50447428	8026.92373076	7992.64613795	333237.98510438	41.54499416	8021.13447942
1672	2019-05-20 06:00:00	7989.17854947	7846.13717681	7985.58	7870.39373015	192458.89554875	24.34881436	7904.24095002
1673	2019-05-20 08:00:00	7924.38193533	7793.90000088	7870.3693317	7881.64667937	372176.09375173	47.42252918	7848.08613515
1674	2019-05-20 10:00:00	7935.39679079	7810.32409093	7884.69190057	7834.07016056	295283.5023483	37.56753875	7860.07048035
1675	2019-05-20 12:00:00	7886.96660889	7564.99999999	7834.31540935	7720.73464449	2292204.8466498	298.28007448	7684.74009082
1676	2019-05-20 14:00:00	7829.03853365	7671.28406385	7744.22519175	7818.17123946	365092.19796524	47.03885731	7761.50227373
1677	2019-05-20 16:00:00	7874.41999998	7755.0	7829.03853364	7755.0	226221.25075416	28.91655286	7823.24407232
1678	2019-05-20 18:00:00	7846.30000087	7682.11468128	7755.0	7810.44135941	266723.74491724	34.35562126	7763.612915
1679	2019-05-20 20:00:00	8070.0	7784.73364374	7810.0	8011.84361485	494003.07356576	62.17186151	7945.76616442
1680	2019-05-20 22:00:00	8045.37740795	7850.0	8010.94361467	7924.86865096	322258.20955757	40.71746244	7914.49639162
1681	2019-05-21 00:00:00	7986.46317434	7875.33225032	7939.45539033	7887.76771297	198854.72263848	25.06688179	7932.96606671
1682	2019-05-21 02:00:00	7930.88313964	7800.0	7885.48286303	7894.17531001	252276.50395072	31.99788687	7884.16138152
1683	2019-05-21 04:00:00	7898.19034813	7789.17304621	7888.67723532	7871.78456513	165515.35657344	21.07046071	7855.32688874
1684	2019-05-21 06:00:00	7930.08821143	7858.3728584	7873.42478328	7898.70689456	132506.71669898	16.78267058	7895.44882427
1685	2019-05-21 08:00:00	7972.73	7880.36937316	7898.62432831	7934.05167777	160319.19653694	20.24174063	7920.22778413
1686	2019-05-21 10:00:00	7940.53328808	7779.0	7934.05167777	7847.41170049	308077.86303777	39.17774822	7863.59290758
1687	2019-05-21 12:00:00	7972.39239737	7811.60000039	7847.06479286	7885.92975538	290796.09252315	36.92015511	7876.35078067
1688	2019-05-21 14:00:00	7931.54893816	7858.5074126	7890.00002092	7906.89999936	291187.25541677	36.89230353	7892.89980713
1689	2019-05-21 16:00:00	7960.0	7866.96152177	7905.79999996	7955.5	307904.42005459	38.94580867	7905.97064407
1690	2019-05-21 18:00:00	7990.2023282	7924.9433377	7959.9999998	7963.18884451	267076.34835079	33.55898948	7958.41449606
1691	2019-05-21 20:00:00	8028.07500712	7939.0	7963.18884451	7942.14201036	425133.93984951	53.14436194	7999.60568403
1692	2019-05-21 22:00:00	7951.99999997	7861.54488016	7940.96158686	7903.1610962	224462.03268269	28.34524769	7918.85945529
1693	2019-05-22 00:00:00	7979.60116908	7900.0	7903.1610962	7901.3760856	189252.65608756	23.82943544	7941.96977784
1694	2019-05-22 02:00:00	7946.78778249	7894.79610953	7903.00000001	7903.7603199	271776.25565311	34.26583308	7931.40662941
1695	2019-05-22 04:00:00	7944.21614677	7816.99999952	7900.9158037	7926.78	153969.93693264	19.56493527	7869.68803156
1696	2019-05-22 06:00:00	7933.90000071	7875.41272543	7926.78	7885.5904196	104115.19327756	13.17962169	7899.71030477
1697	2019-05-22 08:00:00	7923.09999996	7850.10958244	7885.59041951	7850.10958244	115269.21898592	14.58296633	7904.3739372
1698	2019-05-22 10:00:00	7890.98500339	7745.07358369	7857.91244927	7802.40401927	828275.36257612	105.82343654	7826.95582053
1699	2019-05-22 12:00:00	7858.31070121	7780.0	7805.70609417	7848.556518	164219.58311274	20.98887253	7824.12599238
1700	2019-05-22 14:00:00	8000.0	7826.92757312	7837.78799474	7922.83874124	601577.73220447	75.84044753	7932.14902861
1701	2019-05-22 16:00:00	7940.0	7846.51665634	7930.20000026	7883.0	347015.83561961	43.85951128	7911.98591804
1702	2019-05-22 18:00:00	7914.2080611	7850.0	7883.0	7894.91047554	106925.37076733	13.5609178	7884.81814758
1703	2019-05-22 20:00:00	7908.1933701	7625.0	7900.0	7673.6	930024.83546143	119.76872991	7765.1723965
1704	2019-05-22 22:00:00	7746.3903104	7511.88319056	7673.59999996	7628.80358764	792080.69473415	103.7840163	7632.0104287
1705	2019-05-23 00:00:00	7677.27135563	7544.62913073	7628.80358762	7613.56443263	365453.27165161	48.04712148	7606.14289461
1706	2019-05-23 02:00:00	7679.26756919	7602.37010005	7615.01886979	7654.82779275	121320.79782881	15.85045425	7654.08965038
1707	2019-05-23 04:00:00	7688.34314119	7581.7657951	7660.05779638	7623.22170934	253982.09697292	33.26350409	7635.45825736
1708	2019-05-23 06:00:00	7634.34211432	7550.5	7617.0	7585.01238195	179772.93015044	23.65672406	7599.23181648
1709	2019-05-23 08:00:00	7590.0	7469.00000001	7585.06428411	7581.70000087	727098.02557726	96.65904941	7522.29646386
1710	2019-05-23 10:00:00	7641.52028759	7574.84690201	7582.99999999	7590.50151774	314448.23434799	41.34120419	7606.17017595
1711	2019-05-23 12:00:00	7687.70181687	7556.1199004	7589.0	7655.58333824	229937.70676739	30.16254477	7623.28604966
1712	2019-05-23 14:00:00	7800.0	7655.58333824	7655.58333824	7761.30396854	466174.81092786	60.32054627	7728.29226116
1713	2019-05-23 16:00:00	7850.0	7737.28602861	7761.0	7759.0	492908.75254459	63.32849911	7783.36387995
1714	2019-05-23 18:00:00	7789.02701851	7707.49261481	7755.7461605	7765.0	154051.02155648	19.89817431	7741.96763765
1715	2019-05-23 20:00:00	7920.00000005	7756.04067597	7757.24558721	7883.90746223	265132.5593311	33.77061558	7850.98390353
1716	2019-05-23 22:00:00	7930.45	7816.86555205	7883.90746223	7847.22406338	198085.57607419	25.12216989	7884.89119138
1717	2019-05-24 00:00:00	7901.9	7800.0	7850.29539091	7839.45225001	215549.46386295	27.45662628	7850.54440646
1718	2019-05-24 02:00:00	7854.17637231	7803.74796775	7854.17637231	7838.48867818	124779.73746577	15.9561594	7820.16112635
1719	2019-05-24 04:00:00	7862.08566396	7773.84	7846.56624547	7821.47385334	69194.29723266	8.86255254	7807.49077879
1720	2019-05-24 06:00:00	7880.0	7794.69900732	7810.50987763	7841.896821	75984.05863802	9.68196936	7847.99618886
1721	2019-05-24 08:00:00	7975.0	7852.9855358	7852.9855358	7924.96716679	650206.11021859	81.9325991	7935.8657892
1722	2019-05-24 10:00:00	7999.47385444	7914.66331956	7926.43612003	7972.58563511	474615.56121892	59.58352272	7965.55053398
1723	2019-05-24 12:00:00	7988.53749397	7928.18839976	7973.34205158	7929.7386747	198611.60294841	24.95560176	7958.59802774
1724	2019-05-24 14:00:00	8089.99272089	7923.01977808	7929.86712682	8059.25421328	998164.53003784	124.20055784	8036.71535295
1725	2019-05-24 16:00:00	8117.44621983	7978.90793122	8046.12646678	8027.37479194	726690.40152682	90.07497289	8067.61721054
1726	2019-05-24 18:00:00	8045.4978708	7967.93152285	8021.0546711	8023.11426671	178073.17840946	22.24476078	8005.17390007
1727	2019-05-24 20:00:00	8089.31545451	8010.17311839	8024.95820534	8020.00000002	195728.03212852	24.29332563	8056.86447008
1728	2019-05-24 22:00:00	8065.0	7901.00000001	8020.0	7975.28895219	245149.61656068	30.73498743	7976.239363
1729	2019-05-25 00:00:00	8025.57464098	7939.66936506	7957.42571844	8011.456674	272289.63290844	34.05397619	7995.82496297
1730	2019-05-25 02:00:00	8017.1747815	7975.70937977	8011.45667399	7979.13049535	41966.77382888	5.24951006	7994.41725974
1731	2019-05-25 04:00:00	8010.78224734	7928.35399517	7983.89	7938.79986277	117323.29535449	14.73278591	7963.41547832
1732	2019-05-25 06:00:00	7970.18915128	7915.48791435	7935.73100418	7963.1627751	147746.77115686	18.61647992	7936.34305689
1733	2019-05-25 08:00:00	8039.0	7940.1161249	7963.2990306	8037.63387354	208650.07923017	26.0660146	8004.67898265
1734	2019-05-25 10:00:00	8087.4703042	8027.81452642	8038.9	8039.44278597	212304.0039122	26.34595534	8058.31487878
1735	2019-05-25 12:00:00	8066.31511958	7986.31474026	8040.00000004	7993.7540443	131117.88102502	16.34734867	8020.74291506
1736	2019-05-25 14:00:00	8040.33703275	7970.0	7996.3082952	8015.22711427	168715.05991017	21.0684133	8007.96232292
1737	2019-05-25 16:00:00	8028.09791128	7976.84727638	8012.04752221	8000.0000317	58677.12347137	7.34012561	7994.02170876
1738	2019-05-25 18:00:00	8038.79893555	7935.00000002	8002.00000032	7964.5583908	97510.79693536	12.21082201	7985.60464279
1739	2019-05-25 20:00:00	8042.42062544	7967.08776579	7967.08776579	8015.32341247	76274.58057807	9.51782347	8013.8679624
1740	2019-05-25 22:00:00	8054.03069878	8001.28428041	8013.6875328	8036.47249247	56251.28692729	7.00590292	8029.12737581
1741	2019-05-26 00:00:00	8045.08842876	7992.95710868	8036.40000083	8005.3	54954.77819201	6.8521455	8020.08337272
1742	2019-05-26 02:00:00	8026.76531166	7960.68799982	8011.66128146	7968.77391307	185967.86778349	23.28615169	7986.20013556
1743	2019-05-26 04:00:00	8018.97039936	7949.81849289	7960.89802113	7964.52290903	171040.57690529	21.42684438	7982.53694626
1744	2019-05-26 06:00:00	7995.90415479	7920.00000001	7964.26551161	7981.49999998	341110.697854	42.88499578	7954.08024764
1745	2019-05-26 08:00:00	7995.9216433	7960.20105379	7980.69999999	7971.10000025	41034.94749608	5.14439659	7976.62986867
1746	2019-05-26 10:00:00	7971.10000025	7852.55417392	7971.10000025	7909.64591673	291713.54011734	36.89147168	7907.34353586
1747	2019-05-26 12:00:00	7969.65185766	7880.0	7909.64591673	7969.65185766	143537.91500468	18.11170296	7925.14736585
1748	2019-05-26 14:00:00	7999.15112417	7951.03168833	7969.83623731	7976.93590553	96933.14321918	12.14789237	7979.42064901
1749	2019-05-26 16:00:00	7990.0	7943.54825837	7989.0	7968.2	49258.5300054	6.17865978	7972.36484275
1750	2019-05-26 18:00:00	8499.999	7962.71363893	7968.41593165	8484.17915149	2378614.7121965	287.03292323	8286.90550697
1751	2019-05-26 20:00:00	8684.1635884	8430.00000002	8484.05072334	8576.20613161	2951103.8144909	345.47528968	8542.15598812
1752	2019-05-26 22:00:00	8729.52563474	8549.98890019	8576.20613161	8622.61232617	1474154.802516	171.15044253	8613.21058084
1753	2019-05-27 00:00:00	8830.0	8607.30306214	8616.50275214	8721.16543237	1969310.7474821	224.82309286	8759.37930766
1754	2019-05-27 02:00:00	8739.79341971	8588.38000082	8732.23679172	8664.34223703	577250.62616151	66.61651147	8665.27852365
1755	2019-05-27 04:00:00	8674.00897257	8597.01876182	8667.3588002	8640.3982301	251194.84760087	29.07887009	8638.39780649
1756	2019-05-27 06:00:00	8729.44256472	8638.85544889	8640.3982301	8705.5969997	751681.582348	86.48600509	8691.36667332
1757	2019-05-27 08:00:00	8696.44625141	8613.73615208	8695.20750004	8681.89117046	801428.35331426	92.60806826	8653.97981376
1758	2019-05-27 10:00:00	8701.4514949	8650.40000087	8681.89117046	8684.34403742	374114.38331865	43.09213345	8681.7326822
1759	2019-05-27 12:00:00	8800.52266181	8685.63468209	8685.63468209	8787.85688293	1370867.7175722	156.09191156	8782.43916594
1760	2019-05-27 14:00:00	8861.883	8742.04137429	8777.56399114	8797.60000089	742669.60603855	84.25013552	8815.05532845
1761	2019-05-27 16:00:00	8900.08580809	8607.87240079	8797.6000009	8633.50000078	1721499.9717477	197.36547034	8722.39692577
1762	2019-05-27 18:00:00	8789.7093468	8618.24944648	8633.5	8760.45970614	405976.45274224	46.59157059	8713.51722213
1763	2019-05-27 20:00:00	8796.3	8672.03977012	8762.0349141	8767.78965825	490097.59088805	56.18883409	8722.33066988
1764	2019-05-27 22:00:00	8818.2495	8715.05000001	8762.9	8750.08139821	798208.15081867	91.21000311	8751.3224822
1765	2019-05-28 00:00:00	8795.08766306	8719.25161073	8749.78539435	8755.00000001	314610.74664067	35.9135757	8760.21784265
1766	2019-05-28 02:00:00	8786.43357801	8743.80579963	8756.08724043	8760.45654195	371572.2116985	42.37133717	8769.42377833
1767	2019-05-28 04:00:00	8784.59289593	8687.0	8764.30570748	8713.2263173	164198.69113022	18.7687173	8748.53025412
1768	2019-05-28 06:00:00	8730.39597424	8633.05331792	8725.75470458	8720.31085945	445618.38809198	51.30636002	8685.44149143
1769	2019-05-28 08:00:00	8740.45097675	8689.92985092	8720.79245953	8710.95187809	171129.6700582	19.66557977	8701.98957059
1770	2019-05-28 10:00:00	8735.71648901	8654.0	8704.0	8735.71648901	304463.36888667	35.03735028	8689.68019709
1771	2019-05-28 12:00:00	8750.03035803	8550.0	8733.15302706	8655.89999965	704997.69459891	81.7102062	8628.02491127
1772	2019-05-28 14:00:00	8689.65517241	8639.01943127	8655.89999921	8689.04173833	362341.84821582	41.80663042	8667.09047286
1773	2019-05-28 16:00:00	8775.0	8615.25391791	8678.65517312	8736.054635	712348.03353942	81.90488403	8697.25953434
1774	2019-05-28 18:00:00	8755.0	8638.48956501	8733.0	8683.0000001	322579.07374343	37.08158935	8699.17065039
1775	2019-05-28 20:00:00	8713.5752558	8666.18517418	8691.63036551	8708.26395646	371639.79175203	42.75799359	8691.70324771
1776	2019-05-28 22:00:00	8737.50601272	8677.97422145	8708.26395637	8722.1895544	218942.70045026	25.18450779	8693.54693273
1777	2019-05-29 00:00:00	8718.05751243	8655.0	8718.05751243	8657.83564812	157052.70471993	18.08049761	8686.3043323
1778	2019-05-29 02:00:00	8669.99931231	8613.86182274	8657.7515303	8657.70889996	113966.97655625	13.18765897	8641.94144051
1779	2019-05-29 04:00:00	8661.59641594	8426.78085745	8661.59641594	8469.97622236	1628832.9188413	190.37300779	8556.00769116
1780	2019-05-29 06:00:00	8600.5485517	8445.18140107	8465.0	8550.0	488960.64556769	57.25612439	8539.8837378
1781	2019-05-29 08:00:00	8625.4439451	8531.3349257	8544.31718401	8625.4439451	248659.49282168	28.99599543	8575.64946931
1782	2019-05-29 10:00:00	8684.22374652	8614.7638707	8626.00000013	8628.44999934	315852.99109401	36.50061141	8653.3616532
1783	2019-05-29 12:00:00	8748.62120843	8620.03407033	8628.44999889	8731.93505768	381652.49223659	43.92876108	8687.98670514
1784	2019-05-29 14:00:00	8748.44272317	8657.88143569	8730.02544561	8694.90597648	656380.61022905	75.41156777	8703.97778005
1785	2019-05-29 16:00:00	8717.74284753	8626.20892677	8684.72999151	8667.92106113	147304.98327333	16.96614401	8682.29004696
1786	2019-05-29 18:00:00	8697.0	8646.75427485	8667.92106113	8671.09999999	98763.62393647	11.38523108	8674.71404335
1787	2019-05-29 20:00:00	8709.9	8611.29064909	8673.66953384	8644.53213584	173932.4334811	20.10679534	8650.43039131
1788	2019-05-29 22:00:00	8685.1371945	8615.73400732	8641.20327715	8653.0	128324.80801126	14.84487661	8644.38360671
1789	2019-05-30 00:00:00	8720.20000002	8556.9260559	8655.09999999	8620.67467	626613.57606111	72.57882037	8633.55966474
1790	2019-05-30 02:00:00	8686.0	8550.98881605	8614.0061678	8684.84158582	284052.35967114	33.03177298	8599.36764045
1791	2019-05-30 04:00:00	8750.39081831	8657.82681887	8681.29661665	8704.07026966	230090.9353596	26.44349749	8701.22930775
1792	2019-05-30 06:00:00	8728.94941412	8686.79758249	8705.0	8690.16073427	517168.00269378	59.47182599	8696.01688
1793	2019-05-30 08:00:00	8716.30434025	8670.0	8693.20054025	8707.66306493	449181.41165433	51.71481637	8685.73927519
1794	2019-05-30 10:00:00	8773.87298105	8704.3384688	8707.66306493	8720.82439066	894040.82549797	102.3472324	8735.36884714
1795	2019-05-30 12:00:00	8740.81214109	8693.86743457	8720.00000001	8710.0	297220.32550878	34.10276895	8715.43087731
1796	2019-05-30 14:00:00	8950.0	8700.0	8710.0	8950.0	745007.95356496	84.60219955	8806.01163477
1797	2019-05-30 16:00:00	9050.46826904	8530.76669515	8931.4688769	8604.79657569	3484198.4206796	399.48150656	8721.80154391
1798	2019-05-30 18:00:00	8659.99999998	8571.16509406	8599.84111968	8620.3734	548417.67552505	63.68703304	8611.13556947
1799	2019-05-30 20:00:00	8621.00000003	8053.00000001	8621.00000003	8229.77692996	4339108.4920705	520.45167408	8337.19768457
1800	2019-05-30 22:00:00	8316.1537333	8189.59445031	8212.11	8275.24969776	871190.38547585	105.58335459	8251.20956668
1801	2019-05-31 00:00:00	8383.18198183	8273.86	8273.86	8345.4738165	538116.76670411	64.60501661	8329.33408178
1802	2019-05-31 02:00:00	8353.13623605	8217.88254147	8345.4738165	8272.5535098	429250.74473703	51.86619643	8276.11766974
1803	2019-05-31 04:00:00	8285.13902252	8117.09170448	8267.77564962	8247.2797457	934298.39103226	113.88465411	8203.90067769
1804	2019-05-31 06:00:00	8319.7298478	8253.55225356	8255.69999999	8311.26364245	377566.08421244	45.60766303	8278.56678304
1805	2019-05-31 08:00:00	8336.48915971	8284.36541608	8316.24620426	8321.01000044	157317.94821218	18.92503725	8312.68895981
1806	2019-05-31 10:00:00	8350.0	8234.9	8321.01000042	8287.63903998	323414.40109574	39.09085078	8273.40399716
1807	2019-05-31 12:00:00	8441.48915972	8263.08268852	8263.08268852	8418.0	589963.05464836	70.3515624	8385.92682979
1808	2019-05-31 14:00:00	8450.0	8302.43145924	8418.0	8358.68293635	449654.56871581	53.60423686	8388.41470479
1809	2019-05-31 16:00:00	8446.20238936	8299.59389891	8352.89425011	8392.5084887	361204.16174538	43.09297847	8381.97252939
1810	2019-05-31 18:00:00	8467.23629837	8399.86034009	8403.48768967	8446.18238929	334577.87533616	39.63212139	8442.08847777
1811	2019-05-31 20:00:00	8541.48915972	8432.0	8445.05673484	8540.99999999	809667.34887686	95.17982533	8506.71185904
1812	2019-05-31 22:00:00	8580.0	8480.001	8540.99999999	8549.98762712	323084.59959544	37.82451574	8541.67180397
1813	2019-06-01 00:00:00	8587.33521751	8489.16978341	8547.17394021	8560.0	202681.52117946	23.72234676	8543.90685837
1814	2019-06-01 02:00:00	8561.26839583	8520.26839583	8560.0	8559.99999995	120685.31110728	14.12348833	8545.00731599
1815	2019-06-01 04:00:00	8570.0	8458.88675323	8550.0	8458.88675323	195190.4019453	22.93266764	8511.45645196
1816	2019-06-01 06:00:00	8544.48507461	8455.13025256	8474.82308645	8538.00000009	106563.71198739	12.53865733	8498.8136435
1817	2019-06-01 08:00:00	8610.23539745	8517.93607926	8538.00000004	8580.33998906	405446.41437287	47.30426799	8571.03241632
1818	2019-06-01 10:00:00	8593.59940238	8520.0	8580.33998906	8561.05906779	112417.7510908	13.11762624	8569.97668892
1819	2019-06-01 12:00:00	8570.79985225	8501.0	8560.54990795	8522.2999597	85121.26595118	9.95900807	8547.16306612
1820	2019-06-01 14:00:00	8532.35576049	8430.70000089	8512.42673388	8526.78516836	568824.09955739	67.04761298	8483.88293446
1821	2019-06-01 16:00:00	8576.51024659	8503.5507673	8522.77555205	8505.11408602	124557.10834436	14.58696813	8538.93058751
1822	2019-06-01 18:00:00	8541.0	8474.82308645	8513.70512313	8538.10396873	159757.24238678	18.77018747	8511.22252466
1823	2019-06-01 20:00:00	8599.1	8532.35576049	8533.88169157	8579.08197977	122660.33026684	14.31241036	8570.20775547
1824	2019-06-01 22:00:00	8588.0	8506.64517596	8585.0	8542.76100762	164099.58003168	19.19298091	8549.97880741
1825	2019-06-02 00:00:00	8590.27900417	8531.56036447	8541.35645645	8567.15815781	67411.49018723	7.8580312800000005	8578.67419779
1826	2019-06-02 02:00:00	8575.76143265	8532.35576049	8568.5238989	8548.9	72601.4155141	8.48101968	8560.45832381
1827	2019-06-02 04:00:00	8577.0	8542.08186019	8549.70417453	8577.0	36882.82663467	4.3108669	8555.77949638
1828	2019-06-02 06:00:00	8724.34840867	8562.11723955	8580.8800614	8707.10887467	825609.89430332	95.42726404	8651.71921891
1829	2019-06-02 08:00:00	8741.48915972	8677.75328403	8704.91679455	8698.06266968	537309.80660599	61.66812648	8712.92574098
1830	2019-06-02 10:00:00	8727.50750089	8677.75328403	8704.7586625	8720.00000046	127811.95639147	14.68808886	8701.74177251
1831	2019-06-02 12:00:00	8803.60730671	8600.91881572	8720.5	8668.39999993	648459.30792115	74.28315742	8729.56038008
1832	2019-06-02 14:00:00	8715.29999991	8658.55314025	8670.99999983	8677.04725676	331654.21166776	38.16732317	8689.48053261
1833	2019-06-02 16:00:00	8703.34150324	8635.55117427	8677.04725676	8648.82590325	168818.95288688	19.48255209	8665.13545592
1834	2019-06-02 18:00:00	8688.52229534	8625.84114964	8633.56658174	8664.93228249	96270.20354672	11.13964529	8642.12468534
1835	2019-06-02 20:00:00	8705.85841001	8645.18207929	8664.93228249	8681.5226746	114089.29719171	13.14243028	8680.98934223
1836	2019-06-02 22:00:00	8750.0	8681.52267232	8681.52299439	8724.49080533	121295.82301671	13.89314732	8730.62238691
1837	2019-06-03 00:00:00	8732.89563132	8625.84114964	8720.2659723	8692.26728403	515624.48839735	59.43541827	8675.37410193
1838	2019-06-03 02:00:00	8731.48467482	8648.3735969	8673.0	8660.18377964	454868.70475131	52.38298838	8683.51957035
1839	2019-06-03 04:00:00	8671.96425728	8534.33108338	8660.18	8578.10533463	402319.6102938	46.82661577	8591.68666533
1840	2019-06-03 06:00:00	8607.36117081	8342.8077888	8575.0	8469.4	1881885.4715434	222.40395067	8461.56494016
1841	2019-06-03 08:00:00	8522.08894697	8435.0	8470.0	8484.76363912	212341.16129796	25.02435729	8485.37921822
1842	2019-06-03 10:00:00	8544.10034485	8471.00000127	8489.13881294	8503.95515695	209488.77745903	24.60631391	8513.61883073
1843	2019-06-03 12:00:00	8560.42898129	8432.25449907	8500.0	8448.95590146	486644.51000791	57.11193938	8520.88924471
1844	2019-06-03 14:00:00	8486.0540495	8336.25328193	8446.98045509	8470.3927827	508880.57737855	60.50456595	8410.61446171
1845	2019-06-03 16:00:00	8556.00317348	8437.5929239	8463.02601626	8478.57817547	181676.46964123	21.38345172	8496.12457428
1846	2019-06-03 18:00:00	8580.0	8480.8	8492.0104162	8576.85638473	213349.65740495	24.94789814	8551.8089022
1847	2019-06-03 20:00:00	8577.49999848	8471.22399518	8575.74574193	8513.18390435	271749.45360361	31.85430748	8531.01119131
1848	2019-06-03 22:00:00	8512.87390427	8075.0	8512.87390427	8118.44080432	1955317.8337035	237.71324596	8225.53167286
1849	2019-06-04 00:00:00	8115.93591117	7805.0	8115.93591117	8027.16917589	2170472.1394184	272.70226508	7959.1276544
1850	2019-06-04 02:00:00	8044.5821616	7908.88675323	8025.99999999	7920.00000001	487476.01635775	60.88676305	8006.27249567
1851	2019-06-04 04:00:00	8012.8552417	7885.82877811	7916.18976006	7969.6	342426.94229821	43.01229283	7961.14133351
1852	2019-06-04 06:00:00	7969.59999986	7809.82344682	7954.80012549	7888.90000007	440636.0659942	55.91813141	7880.02128975
1853	2019-06-04 08:00:00	7996.48915972	7893.24300252	7900.39999999	7970.1708419	480407.78694402	60.47925139	7943.34876677
1854	2019-06-04 10:00:00	8001.54436079	7926.00000113	7962.72959133	7945.84780742	297281.32089315	37.30817041	7968.26318809
1855	2019-06-04 12:00:00	8038.58738275	7879.99999999	7949.0	8019.50000001	350568.91719583	43.93551102	7979.17013042
1856	2019-06-04 14:00:00	8021.5063339	7924.21516367	8012.63221908	7939.32853779	290141.95580089	36.32254591	7987.93004542
1857	2019-06-04 16:00:00	7966.43977486	7611.0	7955.72378264	7613.8574022	1924948.7041385	247.52489783	7776.78819793
1858	2019-06-04 18:00:00	7731.48915971	7559.28951872	7615.55011109	7618.81623071	1865412.4362594	245.02890428	7613.03015144
1859	2019-06-04 20:00:00	7733.45052602	7509.28951	7628.80965183	7509.28951	853637.79701003	112.3563068	7597.59573202
1860	2019-06-04 22:00:00	7691.48915972	7506.13533914	7509.28951	7691.48915971	1166130.5890075	154.14797366	7565.00757888
1861	2019-06-05 00:00:00	7796.48915972	7691.48915972	7691.48915972	7753.15943485	382935.33557909	49.32561191	7763.41784219
1862	2019-06-05 02:00:00	7880.0	7754.86879366	7760.24629665	7794.987259	266942.87049707	34.09311608	7829.81731182
1863	2019-06-05 04:00:00	7837.81389799	7724.37703608	7794.987259	7739.63856272	275576.25265936	35.36775387	7791.73745871
1864	2019-06-05 06:00:00	7835.99999999	7697.8842131	7736.65873799	7825.65045483	199839.37585925	25.76689751	7755.663086
1865	2019-06-05 08:00:00	7836.16816053	7775.536623	7836.16816053	7785.90000001	100148.92662593	12.835507400000001	7802.49066164
1866	2019-06-05 10:00:00	7886.48915969	7765.2453248	7800.0	7789.91411345	357249.43230918	45.54448735	7843.9664841
1867	2019-06-05 12:00:00	7808.40851678	7738.45683028	7790.42677628	7760.00000004	145569.37806614	18.72504719	7774.04599246
1868	2019-06-05 14:00:00	7785.94659619	7580.47725419	7763.29647296	7634.00178628	673866.51272297	87.83251843	7672.17569037
1869	2019-06-05 16:00:00	7818.09421352	7624.77799172	7624.77799172	7787.80664299	238252.71951494	30.75698999	7746.29505658
1870	2019-06-05 18:00:00	7830.85480318	7713.72574926	7793.93454627	7789.94148044	246450.61881141	31.65265723	7786.09571451
1871	2019-06-05 20:00:00	7893.22653188	7614.69755323	7789.5	7730.604498	774540.87330237	99.88477605	7754.343594
1872	2019-06-05 22:00:00	7812.6726288	7695.47786338	7727.47666493	7773.49521967	224948.40406605	28.948294699999998	7770.69621534
1873	2019-06-06 00:00:00	7851.45764559	7742.2009288	7774.26701925	7825.18426588	237790.4322319	30.48899878	7799.22075984
1874	2019-06-06 02:00:00	7853.48915972	7791.50000001	7835.87060475	7846.58182317	66991.12350233	8.57502627	7812.35198505
1875	2019-06-06 04:00:00	7850.68479323	7771.857589	7850.68479323	7792.50823058	167261.8654504	21.47426685	7788.94416367
1876	2019-06-06 06:00:00	7820.7801162	7757.0628262	7792.50823058	7764.00691306	125371.50103097	16.09085006	7791.47780033
1877	2019-06-06 08:00:00	7806.0	7742.66346326	7764.42576064	7755.90866756	91398.40758789	11.74811939	7779.83305699
1878	2019-06-06 10:00:00	7831.75201019	7755.15131977	7757.90164476	7830.02666871	295635.60118412	37.85019282	7810.67622535
1879	2019-06-06 12:00:00	7841.4891597	7642.41983257	7827.00000002	7710.72073062	793611.56537859	102.75931943	7723.013054
1880	2019-06-06 14:00:00	7710.72073062	7710.72073062	7710.72073062	7710.72073062	0.0	0.0	7710.72073062
1881	2019-06-06 16:00:00	7710.72073062	7710.72073062	7710.72073062	7710.72073062	0.0	0.0	7710.72073062
1882	2019-06-06 18:00:00	7707.32641505	7510.0	7707.32641505	7599.99999992	855910.992543	112.93024842	7579.11192544
1883	2019-06-06 20:00:00	7734.67977663	7587.56398321	7599.99999992	7734.0	472039.15495789	61.40078074	7687.83636411
1884	2019-06-06 22:00:00	7800.0	7697.04275731	7734.66165993	7784.81161432	208992.01557474	26.96078218	7751.70446389
1885	2019-06-07 00:00:00	7812.51779337	7751.29824008	7789.57486601	7774.30000019	444389.80667114	57.07000292	7786.74932423
1886	2019-06-07 02:00:00	7813.11148738	7747.92706031	7774.30000019	7789.84546287	239842.0432745	30.82865504	7779.84128607
1887	2019-06-07 04:00:00	7797.74295915	7763.8	7789.84546287	7781.20110007	99093.40252962	12.73109641	7783.57176305
1888	2019-06-07 06:00:00	7981.10149621	7781.20000013	7781.20000013	7934.96550068	634986.6086951	80.27464401	7910.176576
1889	2019-06-07 08:00:00	7998.0556928	7920.0	7939.89348878	7939.99999989	333664.70980887	41.90719593	7961.99083246
1890	2019-06-07 10:00:00	7989.97999995	7880.0	7938.59999999	7887.11130368	283804.73641066	35.80748963	7925.84845637
1891	2019-06-07 12:00:00	7949.76265549	7876.6143951	7897.68608729	7946.0	118483.80333801	14.98093973	7908.97002948
1892	2019-06-07 14:00:00	7950.22064662	7900.0	7946.0	7922.19515533	133487.90381751	16.85001151	7922.12537886
1893	2019-06-07 16:00:00	8093.24596995	7908.2	7929.00224421	8063.55	657340.17707618	81.87147429	8028.92805799
1894	2019-06-07 18:00:00	8088.1414995	7934.64750323	8064.57	7957.59999939	485877.27738053	60.59814054	8018.02288074
1895	2019-06-07 20:00:00	7978.90158869	7870.0	7940.01644305	7917.02400677	566208.73814154	71.57264109	7910.96611105
1896	2019-06-07 22:00:00	8041.23632969	7925.00000344	7939.39999872	7994.0	232872.19363195	29.13601626	7992.58867629
1897	2019-06-08 00:00:00	8043.51695302	7952.88119973	7985.5010644	7956.76895633	297429.31449207	37.15531577	8005.02723037
1898	2019-06-08 02:00:00	7963.7836195	7924.64750324	7957.6574001	7924.64750324	162889.90322012	20.49469827	7947.90443236
1899	2019-06-08 04:00:00	7996.58593805	7924.89561221	7924.89561221	7932.10878209	214453.49027222	26.9348169	7961.94349745
1900	2019-06-08 06:00:00	7931.79660717	7856.71566071	7931.79660717	7915.68170488	191135.71221343	24.2115949	7894.38750329
1901	2019-06-08 08:00:00	7968.60861134	7904.84170564	7904.84170564	7963.57871056	296075.6358151	37.30066865	7937.54231574
1902	2019-06-08 10:00:00	7998.0	7952.88119972	7964.98895382	7974.68603928	149264.56261627	18.71523822	7975.56306052
1903	2019-06-08 12:00:00	7983.59999991	7899.0	7981.10429171	7946.29986244	322772.03443803	40.68552706	7933.33791552
1904	2019-06-08 14:00:00	7938.33099211	7849.202621	7935.68285885	7911.5383933	203813.84638267	25.80095948	7899.46771323
1905	2019-06-08 16:00:00	7916.70000085	7769.09511391	7903.80006097	7811.05233344	1425648.5605457	182.6115152	7807.00252656
1906	2019-06-08 18:00:00	7829.0	7785.0	7811.05233344	7805.06978875	727831.51922583	93.17268005	7811.64091056
1907	2019-06-08 20:00:00	7883.2000008	7817.39597382	7828.79989963	7869.59999998	109938.38341748	14.00627681	7849.22252421
1908	2019-06-08 22:00:00	7932.3	7870.69999969	7870.69999969	7895.0	36922.20547932	4.67345447	7900.40979672
1909	2019-06-09 00:00:00	7930.80001139	7846.76363798	7907.939905	7855.99999999	127657.82345657	16.19893986	7880.62827319
1910	2019-06-09 02:00:00	7879.75743651	7834.64750323	7854.50000012	7875.67212762	76303.22600119	9.71664934	7852.83314558
1911	2019-06-09 04:00:00	7884.2010607	7854.94968954	7874.9	7876.6356884	32170.25833724	4.08731898	7870.74815903
1912	2019-06-09 06:00:00	7898.56647038	7847.84488281	7872.05172226	7897.47779586	66981.59701284	8.51730498	7864.17736245
1913	2019-06-09 08:00:00	7919.63839526	7864.90941497	7897.47779585	7864.90941497	30599.20536387	3.87490564	7896.76141994
1914	2019-06-09 10:00:00	7886.81981866	7830.0	7871.26604583	7845.89888076	499629.91052438	63.64103074	7850.7513897
1915	2019-06-09 12:00:00	7845.55691239	7680.0	7845.55691239	7729.59095225	838409.55806591	108.40720741	7733.89129834
1916	2019-06-09 14:00:00	7749.46726328	7676.63482094	7729.59095224	7715.00000001	813950.52760295	105.73602352	7697.94910481
1917	2019-06-09 16:00:00	7715.00000002	7582.07670339	7715.00000002	7634.46558626	1127720.4919668	147.7001104	7635.20412349
1918	2019-06-09 18:00:00	7752.98421111	7625.94599256	7633.22603679	7733.99999999	150116.97260978	19.53127644	7685.97859289
1919	2019-06-09 20:00:00	7733.99999999	7614.88550321	7733.99999999	7623.84378697	149900.11180928	19.51284402	7682.12525327
1920	2019-06-09 22:00:00	7650.601256	7511.73703814	7618.0	7640.60080127	657379.91614521	86.93531276	7561.71336221
1921	2019-06-10 00:00:00	7656.13243967	7515.0	7628.0983474	7625.57573464	340797.55772439	44.83188628	7601.6778682
1922	2019-06-10 02:00:00	7671.48915972	7587.29325013	7618.00000001	7648.93443657	440704.45250534	57.88557297	7613.37289921
1923	2019-06-10 04:00:00	7663.47650553	7612.20174105	7655.03616478	7622.4524322	186203.70343946	24.40424729	7629.97117783
1924	2019-06-10 06:00:00	7725.22973379	7632.11358	7632.11358	7702.0	228559.10819754	29.74262519	7684.56404696
1925	2019-06-10 08:00:00	7725.3803966	7679.0	7700.09084106	7680.78761409	187294.01131974	24.28738865	7711.57467848
1926	2019-06-10 10:00:00	7956.48915972	7594.72485562	7681.00000056	7917.2916452	1125247.8457623	144.34602525	7795.48895657
1927	2019-06-10 12:00:00	8010.0	7877.76606858	7908.1684126	7899.40627522	818133.31470093	102.85972605	7953.87413634
1928	2019-06-10 14:00:00	7936.09878187	7858.98456524	7899.40627525	7904.03043581	274452.09374574	34.74374228	7899.324475
1929	2019-06-10 16:00:00	7955.83088479	7887.0730878	7906.7492567	7903.70257398	144413.84110637	18.24902198	7913.51127006
1930	2019-06-10 18:00:00	7980.0	7894.96016092	7900.00000001	7940.88988595	565587.61113986	71.32664952	7929.54127168
1931	2019-06-10 20:00:00	7966.22595912	7877.37326487	7940.96261443	7921.49999999	286504.94722545	36.11399817	7933.34888806
1932	2019-06-10 22:00:00	7988.73922554	7907.40961977	7921.49999999	7988.73922554	107480.15966261	13.5069593	7957.39124368
1933	2019-06-11 00:00:00	8010.0	7923.539719	7983.54293557	7929.332	328820.04351007	41.25146143	7971.11258877
1934	2019-06-11 02:00:00	7940.66777966	7900.11101862	7935.66884782	7926.99054568	246462.5863258	31.13670867	7915.49899952
1935	2019-06-11 04:00:00	7942.13215439	7900.11101864	7926.99054568	7915.07064893	123239.55002579	15.56256772	7918.97277127
1936	2019-06-11 06:00:00	7915.0	7870.0	7915.0	7899.61427696	119727.62357041	15.15935276	7897.93769337
1937	2019-06-11 08:00:00	7930.21888101	7887.24510326	7897.24510323	7905.0	107397.82031143	13.5775776	7909.93971645
1938	2019-06-11 10:00:00	7902.24510323	7721.7334794	7902.24510323	7762.2979885	1134016.2524629	145.61192734	7787.9351862
1939	2019-06-11 12:00:00	7797.31049937	7743.920415	7762.2979885	7786.85741483	85821.10696923	11.0444198	7770.5401029
1940	2019-06-11 14:00:00	7800.83793484	7735.59214371	7788.09999998	7761.25465815	130193.90314203	16.783078	7757.45087653
1941	2019-06-11 16:00:00	7879.0	7698.54700887	7761.25465815	7857.56024757	470893.80402472	60.23081891	7818.15377154
1942	2019-06-11 18:00:00	7897.12763217	7843.18725639	7866.48053982	7876.68792482	261277.17481359	33.22416769	7864.06983167
1943	2019-06-11 20:00:00	7950.85975983	7857.24510325	7876.60963077	7879.06560038	324267.13990844	41.02665991	7903.81524159
1944	2019-06-11 22:00:00	7909.75792806	7864.5003418	7891.63180035	7887.5653311	55097.56350239	6.98776867	7884.85797175
1945	2019-06-12 00:00:00	7893.48189757	7799.99099999	7893.17362552	7828.9063291	130390.93170112	16.64954034	7831.50339519
1946	2019-06-12 02:00:00	8038.0	7823.1233738	7824.57840937	7954.7855083	925276.19033076	116.01113902	7975.75300222
1947	2019-06-12 04:00:00	7968.0	7905.27	7959.06624232	7924.57774359	266345.71328344	33.57044763	7933.93392364
1948	2019-06-12 06:00:00	7968.13278158	7904.7438466	7929.54018422	7961.21311609	302579.10325198	38.19577032	7921.79607105
1949	2019-06-12 08:00:00	7954.07779164	7868.97982945	7954.07779164	7923.60000001	270233.61810526	34.20246609	7900.99805651
1950	2019-06-12 10:00:00	8000.84776348	7923.60000001	7923.60000001	7965.39999998	347898.96814792	43.60269293	7978.84132309
1951	2019-06-12 12:00:00	8006.27653724	7951.00995165	7967.59999994	7978.96513697	257919.79321646	32.31249098	7982.04611882
1952	2019-06-12 14:00:00	8198.67750445	7900.0	7979.78728984	8142.51583839	1464904.267694	181.00123492	8093.33852523
1953	2019-06-12 16:00:00	8171.48915958	8072.6210436	8138.78030697	8106.048237	470285.39037575	57.8006944	8136.32769048
1954	2019-06-12 18:00:00	8136.3430935	8099.03425882	8106.048237	8116.66000004	420087.11664307	51.7385389	8119.42365544
1955	2019-06-12 20:00:00	8132.32515379	8061.3765455	8116.66000002	8116.0	275787.17266151	34.05696087	8097.82099213
1956	2019-06-12 22:00:00	8130.0	8083.21206164	8116.0	8130.0	100236.13498653	12.37393034	8100.58988796
1957	2019-06-13 00:00:00	8148.64172855	8096.87866144	8123.24785274	8096.87866144	199285.3711541	24.53475911	8122.57296925
1958	2019-06-13 02:00:00	8099.92660258	8021.1674	8096.87866144	8082.53878687	147386.94980659	18.26920286	8067.50852437
1959	2019-06-13 04:00:00	8111.88525075	8073.90665822	8085.42034343	8101.34856528	72753.38576581	8.99007696	8092.63214202
1960	2019-06-13 06:00:00	8114.2	8074.1722937	8100.4178339	8106.99892971	269063.68157587	33.20941057	8102.03123023
1961	2019-06-13 08:00:00	8108.33692711	8050.26899808	8105.272211	8079.42518981	158553.3427643	19.58893399	8094.02608867
1962	2019-06-13 10:00:00	8088.03797214	8040.54540574	8086.20485025	8080.77011182	186387.96632426	23.11675249	8062.89578974
1963	2019-06-13 12:00:00	8134.46751366	8001.2	8080.77000067	8116.05305328	288295.76139403	35.71791117	8071.46196265
1964	2019-06-13 14:00:00	8202.0	8107.79999964	8116.05305329	8165.1	379194.46856043	46.4150326	8169.64779122
1965	2019-06-13 16:00:00	8176.0	8138.40059097	8165.1	8170.0	159707.8208687	19.57023815	8160.74999417
1966	2019-06-13 18:00:00	8273.82980369	8169.92833713	8169.92833713	8225.7	342343.60032423	41.61891685	8225.67299283
1967	2019-06-13 20:00:00	8303.0	8213.38576898	8225.0	8303.0	272029.50961852	32.88284037	8272.68893312
1968	2019-06-13 22:00:00	8303.59999999	8170.00000001	8303.0	8210.0	375694.0017723	45.542826840000004	8249.2464311
1969	2019-06-14 00:00:00	8243.99999995	8153.8792154	8210.0	8158.99999999	904589.17730053	110.11163096	8215.20096845
1970	2019-06-14 02:00:00	8207.68211233	8159.0	8159.0	8201.71883336	166847.28924735	20.38064953	8186.55406451
1971	2019-06-14 04:00:00	8237.4	8183.91111561	8200.00000001	8218.0	97089.38906001	11.82510947	8210.44315118
1972	2019-06-14 06:00:00	8234.92020782	8176.68800353	8216.1428466	8228.89226258	192655.06095722	23.52567734	8189.13981403
1973	2019-06-14 08:00:00	8295.8	8233.03346593	8237.4	8289.57696493	190838.82901969	23.08472904	8266.88624713
1974	2019-06-14 10:00:00	8295.99999997	8249.0	8279.1527359	8250.0	192426.62091187	23.27545186	8267.36348962
1975	2019-06-14 12:00:00	8440.70170157	8247.84788807	8250.0	8401.00000001	1053141.5603263	126.06658605	8353.85166937
1976	2019-06-14 14:00:00	8440.04392002	8367.27728488	8405.52744316	8403.83171034	272822.07511346	32.46044517	8404.75457698
1977	2019-06-14 16:00:00	8418.46905375	8320.6	8400.40219063	8365.34505101	576085.12183503	68.76404033	8377.70903324
1978	2019-06-14 18:00:00	8423.24102994	8369.49028432	8372.364	8400.0	139267.99301834	16.57516937	8402.20633102
1979	2019-06-14 20:00:00	8600.0	8390.0	8390.0	8585.70000071	1163616.1060979	136.47245242	8526.38085902
1980	2019-06-14 22:00:00	8700.0	8582.00049962	8586.49176945	8673.19999996	543208.75633338	62.90934366	8634.78657906
1981	2019-06-15 00:00:00	8674.00351103	8577.26289341	8673.09996994	8577.26289341	277850.99263506	32.23556582	8619.39244952
1982	2019-06-15 02:00:00	8634.09161184	8566.56958123	8577.48965003	8596.59999996	78657.34878143	9.1470048	8599.2464748
1983	2019-06-15 04:00:00	8645.0	8582.09173791	8596.59999997	8645.0	317691.04451135	36.88781055	8612.35838545
1984	2019-06-15 06:00:00	8700.0	8575.50794107	8645.0	8659.5557048	359761.91603805	41.6002852	8648.06369255
1985	2019-06-15 08:00:00	8668.2152557	8606.07380615	8666.48915972	8609.9343645	216198.20137474	25.02074698	8640.75727025
1986	2019-06-15 10:00:00	8643.08351949	8588.0	8610.0	8625.52083313	146891.58084396	17.04712237	8616.79629299
1987	2019-06-15 12:00:00	8625.5995592	8586.02062005	8625.52083338	8609.69587805	292498.17231641	34.01187208	8599.88452351
1988	2019-06-15 14:00:00	8789.99999998	8602.3	8612.0	8758.40282471	562340.69166315	64.48109216	8721.01685665
1989	2019-06-15 16:00:00	8865.62023983	8737.36573628	8758.4028245	8772.01038638	675494.38358526	76.83238394	8791.79258726
1990	2019-06-15 18:00:00	8839.01086856	8761.06660002	8772.01038638	8808.47447641	297943.02598558	33.88698855	8792.25445323
1991	2019-06-15 20:00:00	8814.0	8732.23922667	8811.99999986	8789.55615501	221285.06691655	25.2461684	8765.0950992
1992	2019-06-15 22:00:00	8832.56474546	8770.2353092	8791.54169184	8809.26970927	222273.67901253	25.26123183	8799.00396419
1993	2019-06-16 00:00:00	8960.0	8759.37683497	8809.49125799	8907.84638238	604440.58195523	67.94223908	8896.38890533
1994	2019-06-16 02:00:00	8965.0	8907.04457065	8907.04457065	8955.72314139	194709.32699631	21.78155243	8939.18501089
1995	2019-06-16 04:00:00	9279.00000021	8950.0	8955.72314139	9273.20244949	1631344.0602733	179.32108503	9097.33543046
1996	2019-06-16 06:00:00	9325.0	9163.92088713	9273.20244956	9241.4858966	1373556.0483786	148.74844992	9234.0864669
1997	2019-06-16 08:00:00	9308.0	8902.12036056	9246.29055985	9021.95395739	2266823.9329334	249.93543258	9069.63814427
1998	2019-06-16 10:00:00	9085.0	8989.40652159	9021.95395739	9074.91366648	544129.65543224	60.07886934	9056.92236571
1999	2019-06-16 12:00:00	9211.51441144	9012.5207289	9075.0	9187.96014074	847409.7480194	93.01769088	9110.19979105
2000	2019-06-16 14:00:00	9268.20008224	9118.58615015	9180.00003037	9200.0	873000.31415546	94.88226	9200.88027156
2001	2019-06-16 16:00:00	9209.07065547	8987.37890103	9200.0	9036.70999998	649779.51472844	71.67721039	9065.35719223
2002	2019-06-16 18:00:00	9076.10053408	8889.41415546	9030.0	8907.31225701	893525.52519579	99.54807789	8975.8189624
2003	2019-06-16 20:00:00	9048.08427858	8801.10000001	8935.13238864	9045.36985337	1691113.1196099	190.38320349	8882.68023969
2004	2019-06-16 22:00:00	9061.73116165	8937.3127551	9048.08427868	8968.92286817	359744.10680317	39.95478387	9003.7805729
2005	2019-06-17 00:00:00	9180.0	8949.00000001	8963.50269782	9108.32818675	403803.14679157	44.37644334	9099.49325361
2006	2019-06-17 02:00:00	9150.29284698	9071.89033436	9110.0	9150.29284698	271369.75494859	29.80853514	9103.7601705
2007	2019-06-17 04:00:00	9205.00000004	9127.31545691	9150.62413323	9135.3	288623.80890456	31.53197081	9153.37042025
2008	2019-06-17 06:00:00	9165.14120005	9090.0	9142.56947868	9120.32781978	98995.0638488	10.84246026	9130.31373645
2009	2019-06-17 08:00:00	9171.76191533	9117.97462041	9122.37157354	9142.00000001	206571.658676	22.57904567	9148.82150889
2010	2019-06-17 10:00:00	9293.41844344	9050.0	9142.00000001	9257.76899052	779163.32678256	84.84872876	9182.96995334
2011	2019-06-17 12:00:00	9301.0	9182.31275508	9254.99165982	9252.52664887	586839.51262551	63.42246739	9252.86474613
2012	2019-06-17 14:00:00	9390.83903896	9100.0	9241.92252501	9152.27134385	1287677.1681299	139.25376681	9246.98266788
2013	2019-06-17 16:00:00	9251.27637924	9130.52006346	9150.80439102	9232.38187455	341389.30653284	37.13727035	9192.63325805
2014	2019-06-17 18:00:00	9330.0	9192.07379538	9231.66381045	9280.0	316810.61738707	34.17310466	9270.75899421
2015	2019-06-17 20:00:00	9334.70794979	9171.39551999	9274.40295725	9258.6805197	1656554.9972979	179.30203631	9238.90788632
2016	2019-06-17 22:00:00	9429.96026884	9248.75756798	9264.41872671	9310.4213446	937652.72046471	100.40654568	9338.56168554
2017	2019-06-18 00:00:00	9327.01003269	9220.90698241	9307.20008688	9286.36420226	373046.97197333	40.18874394	9282.37450093
2018	2019-06-18 02:00:00	9270.74494869	9188.0	9269.62723301	9223.60000001	428822.51800709	46.48610193	9224.74675662
2019	2019-06-18 04:00:00	9265.78490467	9068.96551724	9224.78265315	9123.79722133	346931.8476316	37.8758597	9159.70885887
2020	2019-06-18 06:00:00	9158.88402	9002.31275506	9123.79722134	9100.0	340826.99930594	37.57442327	9070.7180482
2021	2019-06-18 08:00:00	9227.22015188	9076.30561466	9101.37985574	9226.56865313	421878.46932237	46.0506524	9161.18333477
2022	2019-06-18 10:00:00	9238.0	9152.23741631	9213.94939306	9175.4947943	216643.64326023	23.57837465	9188.23483281
2023	2019-06-18 12:00:00	9189.52158325	9096.78092682	9174.39506777	9174.50000008	706096.88495683	77.21490606	9144.56704005
2024	2019-06-18 14:00:00	9174.4999997	8949.31554828	9174.4999997	9077.6841332	982246.2614327	108.47355164	9055.16825606
2025	2019-06-18 16:00:00	9123.29385556	8957.0	9077.68413325	9049.68135387	775297.57500701	85.91459618	9024.0495734
2026	2019-06-18 18:00:00	9111.5295029	9040.0	9051.74071711	9059.83784136	150837.26170958	16.61636781	9077.63137132
2027	2019-06-18 20:00:00	9137.51636999	9005.29806511	9059.83784136	9009.69551356	366323.20375888	40.32412792	9084.46686027
2028	2019-06-18 22:00:00	9095.38207437	8957.59570572	9014.19976135	9076.40925673	535145.02901667	59.38975361	9010.72990689
2029	2019-06-19 00:00:00	9162.99999999	9050.0	9086.28669228	9133.87469659	342258.98521526	37.5264077	9120.48357922
2030	2019-06-19 02:00:00	9157.83845825	9114.88865433	9136.9124056	9114.88865433	256556.91074624	28.07523544	9138.19267142
2031	2019-06-19 04:00:00	9209.59362007	9117.04000057	9130.01724643	9167.16540088	486927.93501345	53.03213557	9181.75234279
2032	2019-06-19 06:00:00	9181.24271554	9126.5	9174.09195827	9166.90000001	110782.71731748	12.10140409	9154.53417583
2033	2019-06-19 08:00:00	9185.08275505	9096.21227416	9167.93136087	9118.09542615	440005.02785855	48.07891901	9151.72464187
2034	2019-06-19 10:00:00	9130.0	9088.66990179	9111.72293545	9130.0	94124.23056298	10.31952569	9120.98417994
2035	2019-06-19 12:00:00	9150.0	9066.0	9130.0	9125.46947368	259343.6673689	28.45858632	9113.02003735
2036	2019-06-19 14:00:00	9120.50613569	9050.0	9120.50613569	9090.0021518	183370.80879531	20.20250593	9076.63680093
2037	2019-06-19 16:00:00	9150.0	9066.02056397	9090.00215181	9133.82519185	113350.11240049	12.42645123	9121.68005993
2038	2019-06-19 18:00:00	9145.31913556	9101.04007681	9138.33451852	9143.88505755	123059.78396025	13.49095441	9121.65145773
2039	2019-06-19 20:00:00	9206.37985574	9112.72356075	9143.88505652	9206.37985574	278525.55768218	30.45628676	9145.09243615
2040	2019-06-19 22:00:00	9292.69376912	9206.29970422	9206.29970422	9250.00000005	413244.06706826	44.64812381	9255.57519117
2041	2019-06-20 00:00:00	9285.2136	9231.69147525	9251.49962426	9239.31049931	77027.96304814	8.31604449	9262.57226506
2042	2019-06-20 02:00:00	9340.07450047	9244.0	9244.0	9321.6758003	269045.484422	28.91453975	9304.85101088
2043	2019-06-20 04:00:00	9328.07130306	9269.04627904	9323.527815	9275.9925629	108865.69346539	11.71752456	9290.84406078
2044	2019-06-20 06:00:00	9301.18000001	9238.12508886	9275.99256285	9246.69105625	109005.0663565	11.74420974	9281.60078623
2045	2019-06-20 08:00:00	9249.62427953	9191.17751954	9245.01042541	9208.99652167	179093.45144729	19.42255115	9220.90255106
2046	2019-06-20 10:00:00	9263.127418	9186.66	9211.41625321	9260.0	385496.42712047	41.7868646	9225.30155853
2047	2019-06-20 12:00:00	9309.83999106	9199.26376617	9260.08705196	9300.6816286	329051.46685976	35.59289175	9244.86465362
2048	2019-06-20 14:00:00	9386.28319594	9286.1051029	9307.1	9364.26259532	902345.59816645	96.69738796	9331.64397925
2049	2019-06-20 16:00:00	9410.0	9270.0	9359.35476088	9338.29727853	735653.13684152	78.72018209	9345.16558918
2050	2019-06-20 18:00:00	9500.0	9329.53323306	9338.927477	9500.0	759696.76624456	80.43962739	9444.30986187
2051	2019-06-20 20:00:00	9580.00000001	9477.3129	9499.4513258	9493.9	872131.62836411	91.54301432	9527.01453892
2052	2019-06-20 22:00:00	9564.38794843	9446.96568637	9493.9	9520.18418425	259097.22012091	27.22503514	9516.87367118
2053	2019-06-21 00:00:00	9730.0	9520.0	9520.0	9714.43846006	864387.97949106	89.61101508	9646.00142872
2054	2019-06-21 02:00:00	9769.80664888	9622.16706083	9714.43846006	9729.99999999	603748.04056032	62.18032711	9709.63114253
2055	2019-06-21 04:00:00	9757.60979399	9686.61233945	9729.99999999	9729.99999999	593375.18229511	61.0201567	9724.2487464
2056	2019-06-21 06:00:00	9729.74060791	9637.93055979	9723.19045938	9721.40863972	521086.48421173	53.80183806	9685.29148819
2057	2019-06-21 08:00:00	9764.70161601	9666.40086928	9719.12115607	9751.05872857	337035.66449624	34.70893049	9710.34427561
2058	2019-06-21 10:00:00	9800.0	9709.38920396	9751.05872857	9793.0	657369.50876114	67.31915945	9764.96905386
2059	2019-06-21 12:00:00	9888.0	9680.0	9780.0003206	9769.99988998	1356375.9482816	138.9649346	9760.56263535
2060	2019-06-21 14:00:00	9842.75753746	9719.8	9769.50000088	9792.52656073	326963.72345663	33.39281974	9791.43797985
2061	2019-06-21 16:00:00	9920.0	9792.52656073	9792.52656073	9899.99999999	398730.76575321	40.32642605	9887.58005132
2062	2019-06-21 18:00:00	9930.00000007	9830.15780209	9899.99999999	9899.64770336	1047031.0047846	105.89352374	9887.58299662
2063	2019-06-21 20:00:00	9922.91534648	9860.39999999	9898.23765027	9914.99999998	338555.82793792	34.19801206	9899.86866324
2064	2019-06-21 22:00:00	10195.0	9844.00467065	9904.2	10177.25008034	1244869.2315511	124.47121876	10001.26168886
2065	2019-06-22 00:00:00	10476.0	10019.73104214	10168.0988083	10460.150475	1669056.0773205	163.15890299	10229.63532319
2066	2019-06-22 02:00:00	10938.53601752	10372.9909054	10460.150475	10572.60000001	2693378.7673413	251.77759026	10697.45232115
2067	2019-06-22 04:00:00	10750.84853044	10527.39608752	10582.76756852	10730.3657123	800425.40828918	75.02745964	10668.43275954
2068	2019-06-22 06:00:00	10765.17747832	10672.46327016	10729.8911	10672.57045836	598020.20073801	55.76163845	10724.58086528
2069	2019-06-22 08:00:00	10931.0	10652.98596236	10672.57045837	10923.95467712	1119735.4271385	103.64207597	10803.86914926
2070	2019-06-22 10:00:00	10934.6711986	10723.73328151	10923.95467712	10849.90041481	1109930.8978091	102.23886266	10856.2523969
2071	2019-06-22 12:00:00	11163.39963985	10850.0	10850.0	11088.76272087	2203518.6637324	199.53096714	11043.49212213
2072	2019-06-22 14:00:00	11115.70587488	10320.0	11079.62255395	10806.30708571	4832045.7950041	447.48042581	10798.34003075
2073	2019-06-22 16:00:00	11011.09758931	10660.51270848	10822.0126567	10716.50000086	1379819.8559679	126.68808719	10891.472802
2074	2019-06-22 18:00:00	10832.83309688	10482.99600001	10691.94891196	10685.88310188	1301378.8638087	122.05519647	10662.21596004
2075	2019-06-22 20:00:00	10752.80869869	10521.07003411	10678.07316905	10598.52676289	678786.63916602	63.69161724	10657.39368193
2076	2019-06-22 22:00:00	10788.62400088	10412.03283738	10597.00680988	10729.36157159	1499855.461852	142.4652843	10527.86627438
2077	2019-06-23 00:00:00	10973.54761995	10720.0	10721.9878372	10887.22297335	1176495.315748	107.99482941	10893.99670498
2078	2019-06-23 02:00:00	10907.19397575	10679.31317681	10891.85045089	10781.65987078	575029.57967925	53.382487330000004	10771.876854
2079	2019-06-23 04:00:00	10811.0119617	10690.34846363	10794.50008955	10811.0119617	686078.75016766	63.79611592	10754.24013317
2080	2019-06-23 06:00:00	10832.85428376	10724.82929619	10805.92564728	10743.14627999	457251.33244245	42.39188932	10786.29284462
2081	2019-06-23 08:00:00	10786.50826167	10610.99999997	10745.41387809	10688.42126053	628497.85844251	58.78304195	10691.82263444
2082	2019-06-23 10:00:00	10714.59999998	10558.02077125	10688.42126053	10660.0020467	538483.54897223	50.56924403	10648.43976415
2083	2019-06-23 12:00:00	10800.0	10649.52024893	10662.65600618	10691.19311754	303576.43177168	28.29879976	10727.53736364
2084	2019-06-23 14:00:00	10817.28410426	10685.29930776	10685.29930776	10806.44229246	428461.32055799	39.74850676	10779.30607922
2085	2019-06-23 16:00:00	10849.11670495	10729.41723068	10806.44229246	10802.6271201	302954.63239882	28.08115727	10788.53800382
2086	2019-06-23 18:00:00	11101.34077219	10792.86299137	10802.6271201	11043.44008598	1382392.1612043	126.12391244	10960.58736571
2087	2019-06-23 20:00:00	11394.99999999	10964.98063635	11049.99899996	11035.33826809	1911697.2691452	171.21787153	11165.29046916
2088	2019-06-23 22:00:00	11137.46311519	10800.0	11035.33826808	10899.95750221	1555782.1191543	142.29590903	10933.42830275
2089	2019-06-24 00:00:00	10889.1772131	10625.0	10889.1772131	10707.80488937	1107968.436758	103.20655315	10735.4465675
2090	2019-06-24 02:00:00	10763.62701928	10677.29034151	10708.04080946	10727.86039259	433553.18222537	40.43886481	10721.20061387
2091	2019-06-24 04:00:00	10865.36614837	10690.4587067	10733.01467443	10849.17057314	521981.38542474	48.34027089	10798.06496352
2092	2019-06-24 06:00:00	10844.83090484	10745.01988087	10834.29147772	10816.11879079	519689.77074317	48.11523195	10800.94077657
2093	2019-06-24 08:00:00	10973.22618172	10813.43985323	10813.43985323	10925.00000001	751441.17724316	68.91671773	10903.6123889
2094	2019-06-24 10:00:00	11010.02703098	10819.0970774	10925.00000001	10937.86037833	518447.0675176	47.50683209	10913.10543577
2095	2019-06-24 12:00:00	10969.69697378	10820.0	10948.75233241	10863.88535173	924738.62185364	85.09431432	10867.2198518
2096	2019-06-24 14:00:00	10969.69697377	10863.88535174	10863.88535174	10937.71208933	356549.84309931	32.65180952	10919.75753689
2097	2019-06-24 16:00:00	11133.56828818	10937.71208933	10937.71208933	11065.0	826468.95460903	74.73980103	11057.94962281
2098	2019-06-24 18:00:00	11112.0	10864.35900001	11066.8799753	10944.40627545	869344.64529381	79.19336601	10977.49330649
2099	2019-06-24 20:00:00	10989.89815914	10863.18280001	10943.90303815	10987.67015671	558469.09353876	51.05162843	10939.30028705
2100	2019-06-24 22:00:00	11093.49868829	10987.67015671	10987.77107379	11048.62871993	244391.54963035	22.13821691	11039.35111955
2101	2019-06-25 00:00:00	11147.69650151	11032.15145584	11056.10000087	11147.69650151	613445.89251459	55.32804916	11087.430369
2102	2019-06-25 02:00:00	11247.0	11106.65000001	11129.92000001	11174.0471158	657604.30192219	58.83016215	11178.01273852
2103	2019-06-25 04:00:00	11378.37926057	11167.38061802	11171.3092108	11348.93482822	1101267.0641019	97.56852273	11287.11425865
2104	2019-06-25 06:00:00	11412.28726192	11276.00000001	11350.0	11386.78091135	1446642.0527939	127.23897701	11369.48824007
2105	2019-06-25 08:00:00	11398.17732665	11265.98258927	11380.19440012	11375.0	898429.06565568	79.19700203	11344.23074897
2106	2019-06-25 10:00:00	11495.0	11350.60450199	11376.42432711	11424.23281555	1202006.7196515	105.30016458	11415.05072139
2107	2019-06-25 12:00:00	11442.26428426	11133.46422457	11428.66171	11345.15134824	1531152.7486748	136.03607662	11255.49035754
2108	2019-06-25 14:00:00	11417.66088856	11287.70123976	11348.1218826	11389.00388475	523688.64496322	46.08234147	11364.19349056
2109	2019-06-25 16:00:00	11483.0	11284.0	11389.00388471	11377.72749741	735182.86098035	64.56083506	11387.44349104
2110	2019-06-25 18:00:00	11442.74779145	11350.99438352	11385.71696525	11416.87311421	323852.21329576	28.39745873	11404.26741614
2111	2019-06-25 20:00:00	11629.89999996	11385.28480613	11416.87311421	11598.3855884	825203.11352119	71.83610518	11487.30309714
2112	2019-06-25 22:00:00	11839.99999999	11567.08234644	11598.28557996	11814.85058455	2243500.0588257	191.66586864	11705.26643447
2113	2019-06-26 00:00:00	11995.0	11701.00000001	11821.64207207	11924.1640355	2607563.8533128	219.45941109	11881.75909322
2114	2019-06-26 02:00:00	12291.34836495	11839.2660959	11922.8073728	12282.78598739	3294936.8152097	273.37898992	12052.63365767
2115	2019-06-26 04:00:00	12985.27209926	12209.19096424	12282.78598739	12502.75	5724687.8571552	454.78790596	12587.59914705
2116	2019-06-26 06:00:00	12829.98999998	12502.75	12502.75	12526.26189416	2012835.7667768	158.57638157	12693.16241705
2117	2019-06-26 08:00:00	12752.33429731	12340.0	12526.26189416	12456.31572548	1886296.6801893	149.69879289	12600.6138311
2118	2019-06-26 10:00:00	12760.76219197	12419.85321831	12456.51689488	12695.67987844	1603553.1530779	127.05220266	12621.21489832
2119	2019-06-26 12:00:00	12943.8371306	12596.78067728	12703.63634607	12942.335644	2222276.375345	174.38193256	12743.73063035
2120	2019-06-26 14:00:00	12960.8183105	12750.0	12942.33564405	12882.34127775	1555281.2125288	120.85273161	12869.22680033
2121	2019-06-26 16:00:00	13700.00000001	12815.2236565	12882.34127782	13550.0	6261038.1899441	467.56052395	13390.86143768
2122	2019-06-26 18:00:00	13963.81	13460.24177317	13534.64944332	13951.15841002	3845937.8307123	279.48484025	13760.81016513
2123	2019-06-26 20:00:00	13954.64528211	11900.0	13951.15841002	12600.0	9538941.4001219	751.8823159	12686.74791041
2124	2019-06-26 22:00:00	13193.19112592	12326.84493708	12600.0	13101.48646392	4077147.0090263	319.83740807	12747.56143638
2125	2019-06-27 00:00:00	13455.73782958	12500.0	13099.25239001	12845.072745	2478956.9985944	190.09092173	13040.90156454
2126	2019-06-27 02:00:00	13028.74025461	12583.2598543	12840.55077273	12994.2935477	1149365.1987226	89.71694473	12811.01582517
2127	2019-06-27 04:00:00	13139.34559945	12700.0	12991.59178944	12920.50890446	994971.37742848	77.00956496	12920.10126203
2128	2019-06-27 06:00:00	12929.09796618	12200.0	12929.09796618	12461.55610248	2493050.2403861	199.50277269	12496.31875673
2129	2019-06-27 08:00:00	12481.20496704	11400.0	12465.40456938	11933.49115534	5300237.7211771	447.80162739	11836.128761
2130	2019-06-27 10:00:00	12260.0	11839.65516101	11931.96235	12237.56849483	1989557.4705655	165.39846733	12028.87489033
2131	2019-06-27 12:00:00	12338.66053089	11700.66834397	12237.56849483	11799.67882	2159491.0846603	180.93174919	11935.39052337
2132	2019-06-27 14:00:00	12090.87916	11594.77124833	11798.9	11811.68000001	1609286.5463844	136.53007366	11787.04810774
2133	2019-06-27 16:00:00	11939.34559945	10600.0	11819.4384713	11063.56083	8098387.043258	733.06285944	11047.32962388
2134	2019-06-27 18:00:00	11239.99999999	10794.00000001	11035.0	11047.524601	2380111.6271607	216.27479514	11005.03470882
2135	2019-06-27 20:00:00	11083.60052	10531.0	11047.524601	10898.34000001	2416022.157669	224.14654653	10778.7614624
2136	2019-06-27 22:00:00	11535.515	10879.6411905	10879.6411905	11307.51810984	3401693.976681	301.32895081	11288.97162896
2137	2019-06-28 00:00:00	11756.0	11214.40000088	11316.20623565	11500.49444023	1731323.2042755	149.30230843	11596.0913296
2138	2019-06-28 02:00:00	11602.85506579	11090.80000087	11515.83752135	11368.2809671	1295899.7236559	114.89478448	11279.01261594
2139	2019-06-28 04:00:00	11397.99637063	11013.19399476	11369.34559945	11322.0828712	3027759.5635206	272.25327515	11121.11346264
2140	2019-06-28 06:00:00	11659.34559944	11322.11376021	11322.11376021	11415.05868929	1771203.6971904	154.2144345	11485.33016985
2141	2019-06-28 08:00:00	12089.61540335	11418.55868884	11418.55868884	12012.70000091	2592084.9560955	218.82034044	11845.72216131
2142	2019-06-28 10:00:00	12305.64197482	11833.91979328	12017.50115253	12187.51869828	2811854.3252609	233.8364926	12024.87385093
2143	2019-06-28 12:00:00	12208.09945951	11656.23249513	12200.00000001	11940.0	1943401.7590523	163.62405282	11877.23764054
2144	2019-06-28 14:00:00	12056.65099061	11800.0	11943.741203	11953.10000001	1697148.4889567	142.05350817	11947.24798296
2145	2019-06-28 16:00:00	12082.93179731	11810.50000001	12009.57264259	11884.62886985	832431.43029161	69.83707699	11919.62015264
2146	2019-06-28 18:00:00	12384.52338499	11859.04682655	11905.674889	12360.50000088	1470471.9964754	120.72322166	12180.52315251
2147	2019-06-28 20:00:00	12439.99999997	12175.60503197	12360.50000088	12350.00000035	2061048.2865135	166.90087778	12348.93617054
2148	2019-06-28 22:00:00	12483.38445048	12218.79135163	12350.0	12411.32087548	816893.58389226	66.22336039	12335.42935727
2149	2019-06-29 00:00:00	12439.10486219	11915.39987517	12400.2846418	11938.8478559	1000625.7546346	81.51151679	12275.88191264
2150	2019-06-29 02:00:00	11938.8478559	11540.00000006	11915.39987518	11611.0654968	2611345.0343665	221.7429768	11776.4497981
2151	2019-06-29 04:00:00	11789.00044115	11492.23408671	11594.79420808	11630.20307076	995809.35587693	85.48827959	11648.48983571
2152	2019-06-29 06:00:00	11913.0	11538.7	11623.36061267	11884.91386072	707293.35635445	60.14148838	11760.48972857
2153	2019-06-29 08:00:00	11872.51160718	11619.25685967	11872.29058814	11669.04907986	1288125.2480552	109.924198	11718.30471808
2154	2019-06-29 10:00:00	12049.99999999	11611.99999999	11668.66336906	12012.68671339	1342451.6136118	113.33532288	11844.9533605
2155	2019-06-29 12:00:00	12188.76910151	11970.99999999	12023.3779912	12046.21257385	1026279.6506114	85.17152771	12049.56254989
2156	2019-06-29 14:00:00	12082.78038846	11900.0	12025.52118071	11944.12	943017.49952311	78.68161926	11985.23249002
2157	2019-06-29 16:00:00	12032.05645152	11724.48979592	11944.13154287	12016.2572	1164846.5366096	98.37238536	11841.19437936
2158	2019-06-29 18:00:00	12093.0	11891.41433604	12029.49129292	11898.19482812	774035.76037046	64.54023328	11993.07348351
2159	2019-06-29 20:00:00	12233.056	11899.08857494	11899.61292627	11993.39487778	1468400.0595411	121.30854675	12104.67109598
2160	2019-06-29 22:00:00	12120.0	11867.07978174	11999.1299296	11917.37690192	663160.55859802	55.3061044	11990.7298804
2161	2019-06-30 00:00:00	12150.0	11909.07853493	11909.07853493	12099.99999999	898631.55812347	74.40375224	12077.77203527
2162	2019-06-30 02:00:00	12200.0	12027.22743415	12099.89999998	12132.65306122	1017477.6582205	83.8564926	12133.55849586
2163	2019-06-30 04:00:00	12169.99999999	11895.34017241	12132.65306122	11969.64000028	458500.03305755	38.1141839	12029.64319688
2164	2019-06-30 06:00:00	12021.2013557	11695.667404	11987.26345675	11736.25284719	1540474.2753574	130.13089467	11837.88276614
2165	2019-06-30 08:00:00	11880.0	11705.7086086	11746.61069433	11836.13226848	575726.79403131	48.78313485	11801.75886198
2166	2019-06-30 10:00:00	11824.67404797	11513.0	11817.53940868	11629.03008501	1182748.6320549	101.64293005	11636.30988867
2167	2019-06-30 12:00:00	11719.98999998	11130.0	11628.95846098	11200.0	2247146.7503341	197.11858669	11399.97393481
2168	2019-06-30 14:00:00	11327.49999999	11050.0	11200.0	11156.35988782	1837123.7948117	164.02673317	11200.14865447
2169	2019-06-30 16:00:00	11421.3898453	10950.0001	11156.35988783	11360.4845027	1551736.2991789	138.61587595	11194.50631858
2170	2019-06-30 18:00:00	11378.70000087	11189.0	11368.74849483	11295.0	941663.63786616	83.43808425	11285.77730817
2171	2019-06-30 20:00:00	11521.73018926	11250.0	11317.73976082	11346.31049243	1125992.9320694	98.8409466	11391.96831679
2172	2019-06-30 22:00:00	11350.88310323	10778.3242213	11350.88310323	10838.63780999	1991107.4325551	181.060174	10996.93758471
2173	2019-07-01 00:00:00	11154.40953104	10704.51404334	10838.63780999	10969.1733757	1065594.4041758	97.02468361	10982.71454776
2174	2019-07-01 02:00:00	11262.5	10880.0	10972.4713027	11165.0	777133.74590658	70.00311704	11101.41631925
2175	2019-07-01 04:00:00	11197.5	11000.0	11153.06122448	11079.81148128	564995.63260964	50.87900153	11104.69183001
2176	2019-07-01 06:00:00	11126.9265797	10883.92853033	11096.14507363	10974.31585727	533999.60209293	48.68469038	10968.53236458
2177	2019-07-01 08:00:00	11200.0	10958.26768342	10989.79591836	11121.115	1074388.1403636	96.884825	11089.33355005
2178	2019-07-01 10:00:00	11146.9084526	10900.0	11112.34727075	11035.85469675	776338.18195376	70.62270706	10992.7559318
2179	2019-07-01 12:00:00	11035.85469675	10543.15912875	11035.65469673	10595.94572836	1642240.9088374	153.70023538	10684.70002519
2180	2019-07-01 14:00:00	10649.34559945	10063.06001079	10595.94572836	10398.26568576	4789205.9734424	462.79752116	10348.38294171
2181	2019-07-01 16:00:00	10466.8	10183.20000001	10399.41638029	10296.18	1925207.677678	186.39571993	10328.60453234
2182	2019-07-01 18:00:00	10376.73143163	10043.26675341	10312.5	10220.18155225	1462936.2615851	143.60104812	10187.50406586
2183	2019-07-01 20:00:00	10631.957254	10220.1815523	10223.24760679	10601.95439493	1888502.3829255	180.32800354	10472.59630147
2184	2019-07-01 22:00:00	10691.52131724	10467.0488209	10601.95439493	10623.96787549	524941.3901335	49.64402963	10574.10919391
2185	2019-07-02 00:00:00	10697.76	10226.1934746	10617.23737321	10272.04515206	690556.03093911	66.08162205	10450.04661684
2186	2019-07-02 02:00:00	10399.90134	10243.72465379	10262.8378431	10338.1	244189.99241077	23.67779402	10313.03812359
2187	2019-07-02 04:00:00	10367.30167224	9781.79191997	10338.2	9824.01515396	2831468.4643814	284.88998665	9938.81356686
2188	2019-07-02 06:00:00	9914.34559944	9764.25215	9821.28118861	9867.9417497	1169710.5711404	118.78951996	9846.91723254
2189	2019-07-02 08:00:00	10350.0	9829.26127805	9866.5352156	10173.67061	1381569.9213655	136.767247	10101.61388541
2190	2019-07-02 10:00:00	10250.0	9723.0	10165.67090149	10002.7006	1460632.7001099	146.31380741	9982.87670839
2191	2019-07-02 12:00:00	10201.25779896	9924.36394353	10004.40862416	9997.17076817	1123442.7345918	111.38532659	10086.09274655
2192	2019-07-02 14:00:00	10634.64737173	9997.99009992	9997.99009992	10631.38745877	1640599.0498261	157.65580299	10406.20781925
2193	2019-07-02 16:00:00	10779.34559945	10442.08468338	10627.13484504	10765.73772395	986790.51896535	93.01627978	10608.7936574
2194	2019-07-02 18:00:00	10900.25248738	10597.20173826	10765.73772395	10795.84188038	1701138.7328316	157.80483633	10780.01645826
2195	2019-07-02 20:00:00	10939.3455994	10613.0	10779.79075369	10682.00067245	1215228.5460878	112.70260934	10782.61233882
2196	2019-07-02 22:00:00	10880.7839	10671.99999998	10680.3876482	10836.18072559	856794.47941518	79.3838845	10793.0530839
2197	2019-07-03 00:00:00	11444.0	10838.63376673	10838.63376673	11353.3364941	2310522.1436807	206.52803127	11187.45058224
2198	2019-07-03 02:00:00	11369.1319799	11093.63277057	11353.3364941	11276.47609802	997045.64773552	88.77983488	11230.54181259
2199	2019-07-03 04:00:00	11499.58938756	11214.4423611	11290.37067451	11418.59354666	1183657.2982151	104.00862584	11380.37627798
2200	2019-07-03 06:00:00	11468.34096316	11211.0	11428.66440001	11250.48471449	1109361.9006603	97.67354426	11357.85446371
2201	2019-07-03 08:00:00	11299.58590199	10905.0	11223.64	11204.45290088	1718141.0922233	154.84127179	11096.14427963
2202	2019-07-03 10:00:00	11356.12351792	11078.00000001	11207.83171056	11150.0	1027834.5412406	91.32152524	11255.11798603
2203	2019-07-03 12:00:00	11400.0	11139.71231102	11160.0	11225.95157001	510035.77166025	45.12933202	11301.64681884
2204	2019-07-03 14:00:00	11452.25027674	11194.33720554	11194.33720554	11411.4183211	650553.65017539	57.28524566	11356.39103368
2205	2019-07-03 16:00:00	11440.42738999	11128.97018182	11411.4183211	11184.38258936	656734.71289063	58.31314252	11262.20753178
2206	2019-07-03 18:00:00	11303.80000005	11029.61554301	11181.88931801	11262.63975792	816557.05228183	73.22383409	11151.52002663
2207	2019-07-03 20:00:00	11403.0	11216.57675262	11276.06868116	11358.73598906	469931.79952964	41.49938102	11323.82671691
2208	2019-07-03 22:00:00	11975.92246945	11360.00000004	11360.00000004	11933.0	2419934.7386012	205.65098963	11767.19228511
2209	2019-07-04 00:00:00	11996.05154189	11746.0	11933.0	11847.02055703	1565360.8132226	131.8899619	11868.68803866
2210	2019-07-04 02:00:00	11996.9601917	11800.30000005	11853.91716704	11839.7	637861.71560395	53.61005286	11898.17359944
2211	2019-07-04 04:00:00	11858.04680982	11570.1079144	11841.5	11645.40000001	709565.6560736	60.69197466	11691.26000675
2212	2019-07-04 06:00:00	11793.1448418	11617.57557155	11646.0	11689.69097209	525428.62009911	44.88653305	11705.70735578
2213	2019-07-04 08:00:00	11730.0	11550.12035403	11674.9245548	11595.55634911	541351.48937376	46.51012175	11639.43393405
2214	2019-07-04 10:00:00	11726.77110389	11481.00574788	11599.76034804	11693.44747509	995156.46523245	85.92544814	11581.62670983
2215	2019-07-04 12:00:00	11861.38111928	11657.13530907	11692.49298269	11812.40000001	1049332.7456828	89.3625496	11742.42174579
2216	2019-07-04 14:00:00	11861.90000004	11685.10000001	11813.53377175	11721.5535045	1083890.0305135	91.85932069	11799.45619423
2217	2019-07-04 16:00:00	11848.0	11617.89888143	11721.5535045	11827.97470519	841867.64742198	71.72966109	11736.67398714
2218	2019-07-04 18:00:00	11828.25477091	11719.57612092	11819.47274365	11792.37934556	210716.78971638	17.87831014	11786.16927809
2219	2019-07-04 20:00:00	11795.99999997	11400.0	11795.99999997	11564.0933143	1299970.2800254	112.2673953	11579.23256838
2220	2019-07-04 22:00:00	11680.92266142	11000.84143199	11544.97201351	11160.94506294	1450470.7021729	128.87390298	11254.96061369
2221	2019-07-05 00:00:00	11280.08295797	11020.7840157	11138.90311001	11240.0	985638.55195848	88.19548532	11175.612316
2222	2019-07-05 02:00:00	11280.41125955	11094.85800194	11233.02977955	11149.03486888	306494.79703739	27.43956492	11169.81256557
2223	2019-07-05 04:00:00	11219.24220525	11029.01141	11148.46664373	11144.0564326	420460.36563803	37.70487315	11151.35340637
2224	2019-07-05 06:00:00	11149.71972259	10803.64926503	11137.78677743	10969.34559945	1931038.7752528	176.05677409	10968.27307687
2225	2019-07-05 08:00:00	11203.8909765	10855.61154723	10970.79791116	11195.53964895	1457094.0047303	132.15828897	11025.36977503
2226	2019-07-05 10:00:00	11325.55977485	11155.64481662	11197.99880157	11185.01631616	568987.60197741	50.65104309	11233.48241745
2227	2019-07-05 12:00:00	11226.20632951	11086.2897168	11184.53838973	11154.28533131	787129.89988469	70.61125408	11147.37176304
2228	2019-07-05 14:00:00	11406.66059999	11156.91320835	11156.91320835	11227.80576992	873232.66424829	77.26256531	11302.14432752
2229	2019-07-05 16:00:00	11275.82590619	11040.00000001	11230.0	11267.69768749	566553.08692156	50.81423234	11149.49613192
2230	2019-07-05 18:00:00	11309.34559945	11089.74847058	11268.69768763	11108.8556556	481696.65712495	43.06970936	11184.11673268
2231	2019-07-05 20:00:00	11131.12555445	10823.03818588	11104.48657518	11057.28	1016028.0331808	92.73169667	10956.64233122
2232	2019-07-05 22:00:00	11100.16059917	10823.81189429	11040.03137497	10966.50168114	495500.40528565	45.10349926	10985.85283659
2233	2019-07-06 00:00:00	11399.0	11000.3062534	11000.3062534	11333.85440093	715753.935356	63.55438963	11262.0692217
2234	2019-07-06 02:00:00	11456.25195365	11285.21001599	11337.87795629	11454.30747653	435276.72017303	38.29324598	11366.9319232
2235	2019-07-06 04:00:00	11530.516	11295.61184621	11458.44918632	11313.00719657	857246.49427474	75.01928635	11427.0147849
2236	2019-07-06 06:00:00	11433.83846904	11324.22649824	11325.90891068	11378.58489818	664933.52826828	58.35664771	11394.30646483
2237	2019-07-06 08:00:00	11475.0	11276.51411163	11377.98489812	11370.19384968	671111.4234002	59.10497945	11354.56656351
2238	2019-07-06 10:00:00	11396.7028921	11298.19086631	11374.73369772	11354.9847416	470073.49936832	41.4207124	11348.75457546
2239	2019-07-06 12:00:00	11424.50105793	11295.0	11369.93500545	11326.93	435816.73789549	38.35723576	11362.04758399
2240	2019-07-06 14:00:00	11610.44531796	11310.82977316	11336.75236519	11573.48429551	812077.49124384	70.76770098	11475.25608431
2241	2019-07-06 16:00:00	11676.4	11459.09090523	11578.0	11532.64256143	845681.01690956	73.10952302	11567.31684158
2242	2019-07-06 18:00:00	11552.32956209	11422.52361164	11540.27163179	11485.39999999	379441.1735474	33.07249541	11473.01311387
2243	2019-07-06 20:00:00	11486.4711009	11094.0	11486.4711009	11176.99999999	766733.46352076	68.16282994	11248.55678961
2244	2019-07-06 22:00:00	11274.0	11070.78429161	11175.06782052	11265.41486788	503619.86823581	45.08310833	11170.92159106
2245	2019-07-07 00:00:00	11245.4959974	11124.33720554	11227.96905703	11237.2967498	296241.95817656	26.53153645	11165.65407867
2246	2019-07-07 02:00:00	11229.99999999	11113.13198665	11227.754	11143.86766834	342747.59046946	30.70573893	11162.32998824
2247	2019-07-07 04:00:00	11302.80030605	11137.72829867	11151.55361826	11219.11760199	458429.46168846	40.71321089	11259.96824291
2248	2019-07-07 06:00:00	11230.27980407	11170.25849312	11213.73192696	11187.70532247	135854.04717037	12.13103788	11198.88079768
2249	2019-07-07 08:00:00	11240.0	11111.0	11198.88717543	11239.9	296730.43548854	26.51061749	11192.89038063
2250	2019-07-07 10:00:00	11345.92027628	11220.00812239	11239.9	11321.54993651	412466.61826684	36.58270143	11274.90869027
2251	2019-07-07 12:00:00	11434.79840776	11308.35209573	11341.23309612	11337.88037024	586809.72390971	51.6233393	11367.13997712
2252	2019-07-07 14:00:00	11383.01587288	11177.69503205	11339.99999999	11204.86240539	554093.90504234	49.32756186	11232.94734523
2253	2019-07-07 16:00:00	11453.22533953	11143.89094836	11206.85841336	11413.25036716	667217.48811835	59.2195412	11266.84662863
2254	2019-07-07 18:00:00	11520.99	11343.7884001	11416.29758404	11465.20324871	997130.13400323	87.36084368	11413.92518661
2255	2019-07-07 20:00:00	11524.17466752	11368.62511194	11476.44217911	11473.80811325	396373.86930343	34.55681982	11470.20678893
2256	2019-07-07 22:00:00	11500.0	11298.0	11473.80811325	11415.1745791	263813.30179165	23.16053894	11390.63743184
2257	2019-07-08 00:00:00	11468.0	11342.72319962	11421.45311305	11413.25536585	239277.46195191	20.93235879	11430.98416917
2258	2019-07-08 02:00:00	11406.29359775	11290.0	11386.12002494	11352.5213649	483841.48438551	42.61913914	11352.68084125
2259	2019-07-08 04:00:00	11436.5994645	11354.80000003	11360.90000009	11414.87127839	477172.40538622	41.819328229999996	11410.33167156
2260	2019-07-08 06:00:00	11438.69292037	11371.73097955	11406.3481192	11428.41649625	112508.76469951	9.87122753	11397.64678279
2261	2019-07-08 08:00:00	11809.55956296	11356.77792872	11425.84194065	11769.10593114	1416225.5935174	121.11259863	11693.46219581
2262	2019-07-08 10:00:00	11924.34559944	11764.77149413	11783.29190414	11883.22989371	1231111.1897652	103.76162153	11864.80291664
2263	2019-07-08 12:00:00	11899.99999998	11765.90687882	11883.94238996	11838.45904901	1313575.7842687	111.18970266	11813.82585656
2264	2019-07-08 14:00:00	11870.62449998	11807.05821381	11831.6578737	11824.40163694	243960.52333914	20.60028426	11842.5804353
2265	2019-07-08 16:00:00	11872.96682038	11729.0	11825.0	11870.27850035	562535.68130107	47.7244726	11787.15343836
2266	2019-07-08 18:00:00	12200.0	11802.5756794	11857.25146785	12176.99481597	1723381.6855993	143.16681487	12037.57789236
2267	2019-07-08 20:00:00	12280.59028994	12079.68880042	12176.00000001	12280.59028994	1457665.9369225	119.7779738	12169.73280376
2268	2019-07-08 22:00:00	12344.7805097	12212.40793735	12282.46286091	12260.11338586	1361205.3967451	110.78057768	12287.40114243
2269	2019-07-09 00:00:00	12521.21113174	12191.28997792	12260.0	12487.49999998	1797035.0765299	145.7988629	12325.43958701
2270	2019-07-09 02:00:00	12741.14536162	12497.59999004	12497.6	12652.81566227	1372659.7780274	108.49544723	12651.77307502
2271	2019-07-09 04:00:00	12725.0	12597.7187307	12650.2395236	12663.09999998	1026100.260761	81.07249155	12656.57735618
2272	2019-07-09 06:00:00	12779.52933984	12400.0	12650.0	12425.81770779	1627349.3841575	129.02724011	12612.44821457
2273	2019-07-09 08:00:00	12635.18802774	12425.81770772	12425.82268249	12634.0	639121.08336969	51.00861154	12529.67026692
2274	2019-07-09 10:00:00	12634.05118786	12070.60161973	12634.05118786	12273.70796119	3763448.8715201	307.25200878	12248.73642474
2275	2019-07-09 12:00:00	12395.63079125	12237.15250461	12273.70796119	12345.48120739	560990.02644461	45.54667745	12316.81558024
2276	2019-07-09 14:00:00	12384.34833141	12164.58334454	12350.6068078	12360.00000001	645310.01418303	52.51129576	12288.97525462
2277	2019-07-09 16:00:00	12566.00000002	12359.78452153	12360.0	12502.40596528	1103055.1230449	88.2615492	12497.57264678
2278	2019-07-09 18:00:00	12600.0	12278.09468419	12518.08649302	12491.04174091	1078380.856184	86.41142371	12479.60986967
2279	2019-07-09 20:00:00	12632.75088849	12325.31376796	12460.74789756	12537.27004733	1216758.4232703	97.53169036	12475.51866248
2280	2019-07-09 22:00:00	12605.97656751	12450.0	12549.0879205	12560.61493975	873814.76393705	69.67139926	12541.94365576
2281	2019-07-10 00:00:00	12973.00000001	12523.96294534	12529.66580296	12912.46481922	3223244.7597956	250.69471288	12857.25064867
2282	2019-07-10 02:00:00	13107.38981756	12850.0	12909.46481922	12950.0	2552014.0857731	196.32235282	12999.10096387
2283	2019-07-10 04:00:00	13061.5610377	12936.38536351	12975.10696084	13038.13571006	473928.37707303	36.44584449	13003.63275168
2284	2019-07-10 06:00:00	13037.46882406	12805.89999995	13037.46882406	12868.28314748	1712460.320612	132.22841633	12950.7738816
2285	2019-07-10 08:00:00	13050.00000001	12840.1386061	12865.80491653	12943.01969276	785329.53902305	60.80929627	12914.62962399
2286	2019-07-10 10:00:00	13124.34559945	12901.99000001	12942.68360012	12972.30756012	954032.99287985	73.32602071	13010.83822144
2287	2019-07-10 12:00:00	13154.26681399	12917.46734618	12968.06341201	13037.30218486	810657.07628412	62.13814194	13046.04629257
2288	2019-07-10 14:00:00	13062.54100016	12129.99999999	13037.30214999	12377.74915264	5725691.1275616	458.07217572	12499.5392234
2289	2019-07-10 16:00:00	12375.25324287	12074.34997148	12375.06769921	12281.15289754	2400119.5690307	196.11859042	12238.10330214
2290	2019-07-10 18:00:00	12317.85982905	11900.0	12281.925578	12088.7574544	2648071.3995549	218.72116573	12107.06513343
2291	2019-07-10 20:00:00	12102.8944437	11574.62785449	12073.0138	11955.71211616	2906917.051572	246.27979506	11803.31115211
2292	2019-07-10 22:00:00	12200.0	11870.09833854	11964.34559945	12116.93014948	1066230.693854	88.54360583	12041.87116459
2293	2019-07-11 00:00:00	12109.78900001	11798.0	12109.78900001	12007.96092488	734994.13551006	61.66283252	11919.56492221
2294	2019-07-11 02:00:00	12030.21554932	11643.17464168	11997.42508801	11714.99369206	755854.18312028	63.956165490000004	11818.31614402
2295	2019-07-11 04:00:00	11730.1082053	11208.499	11705.0	11443.76612074	2554083.0478403	224.09699055	11397.22154042
2296	2019-07-11 06:00:00	11600.0	11388.09936516	11441.30000001	11590.05915722	1014771.4125746	88.32992277	11488.42182526
2297	2019-07-11 08:00:00	11598.46962535	11372.3770254	11584.44715004	11463.24090391	826066.10625738	72.16187905	11447.40293812
2298	2019-07-11 10:00:00	11645.78209	11315.36371536	11457.4074074	11601.90226583	709281.38800974	61.7693188	11482.74583221
2299	2019-07-11 12:00:00	11709.76818242	11563.20665631	11607.14425291	11613.41520003	721156.95322675	61.96057097	11638.96558629
2300	2019-07-11 14:00:00	11767.5200191	11399.99999999	11613.41520003	11502.00787909	952856.44838685	82.0967038	11606.51285961
2301	2019-07-11 16:00:00	11750.0	11389.4078496	11500.00000001	11668.59195762	644526.36680042	55.44949432	11623.66536799
2302	2019-07-11 18:00:00	11694.99999994	11501.0	11668.59195763	11577.51916817	686916.06817534	59.19046156	11605.18181597
2303	2019-07-11 20:00:00	11608.72659444	11018.16020462	11576.73363661	11277.14732118	3498490.7497527	311.97548028	11213.99267215
2304	2019-07-11 22:00:00	11427.09965158	11216.61577559	11282.17474175	11337.18581225	604582.03767245	53.33264002	11336.06057089
2305	2019-07-12 00:00:00	11512.95326606	11211.82530002	11335.39702605	11397.8000001	642354.90474386	56.46782041	11375.59232993
2306	2019-07-12 02:00:00	11419.25296526	11131.31464427	11419.25296526	11197.76108172	317150.17840282	28.09674582	11287.79042365
2307	2019-07-12 04:00:00	11400.24144658	11094.2803934	11197.76108172	11390.0	459336.89925119	40.66668156	11295.16551709
2308	2019-07-12 06:00:00	11710.0	11340.86793896	11390.36921675	11648.06603052	884670.66005454	76.44062309	11573.30519157
2309	2019-07-12 08:00:00	11676.84937999	11544.94347872	11648.06603052	11634.83446206	557651.9791363	47.96647439	11625.86965642
2310	2019-07-12 10:00:00	11736.0	11608.77174154	11634.83446206	11669.634076	402149.26208229	34.47270074	11665.73124384
2311	2019-07-12 12:00:00	11710.0	11542.66675375	11670.94817944	11635.33183621	439134.91479675	37.73290346	11637.98368345
2312	2019-07-12 14:00:00	11674.36197819	11443.7661207	11626.88531473	11489.46496796	617365.20714226	53.43528408	11553.51221148
2313	2019-07-12 16:00:00	11600.60000019	11416.58146981	11488.0	11597.68	497754.41069966	43.10911023	11546.38562577
2314	2019-07-12 18:00:00	11639.34559944	11519.23076923	11597.42072448	11591.42733949	212644.5915623	18.36989959	11575.70788672
2315	2019-07-12 20:00:00	11872.0	11591.4273395	11591.4273395	11770.77140879	758893.94973007	64.4491123	11775.08770326
2316	2019-07-12 22:00:00	11800.0	11716.97018167	11763.0	11755.15391067	236139.27102728	20.05382655	11775.27243683
2317	2019-07-13 00:00:00	11790.0	11605.53318359	11758.69316735	11662.04407374	284748.43339636	24.32929631	11703.93215521
2318	2019-07-13 02:00:00	11705.55499998	11535.19086172	11663.57087346	11583.13640001	281167.08470678	24.22334336	11607.27817494
2319	2019-07-13 04:00:00	11656.91934229	11510.0	11583.13631547	11638.29999998	115353.25029847	9.95704201	11585.09225758
2320	2019-07-13 06:00:00	11638.63436832	11449.99999999	11638.63436832	11457.09488	285278.98375202	24.7988886	11503.70036147
2321	2019-07-13 08:00:00	11569.71213771	11457.03534478	11467.15167678	11515.92908086	1717791.920759	149.33266686	11503.12223627
2322	2019-07-13 10:00:00	11501.20723632	11202.49324216	11501.20723632	11296.78064153	1424455.3591748	126.00128073	11305.08635247
2323	2019-07-13 12:00:00	11447.36322378	11272.44711598	11298.49779309	11360.317176	453254.13390886	39.95920536	11342.92160781
2324	2019-07-13 14:00:00	11421.67315109	11290.61881157	11369.21388933	11412.47759353	298995.73411683	26.31253295	11363.24407403
2325	2019-07-13 16:00:00	11469.0	11261.73853305	11419.86478579	11351.20182725	187246.75059385	16.46833205	11370.11022278
2326	2019-07-13 18:00:00	11350.32952208	11011.0	11350.32952208	11194.98323325	1426251.2922158	128.00298305	11142.32854759
2327	2019-07-13 20:00:00	11197.8918563	10830.57515945	11193.0	11041.0962366	1969545.5154655	180.03169955	10939.9929034
2328	2019-07-13 22:00:00	11444.34559943	11017.92844792	11044.34559945	11384.47102144	1168154.5463595	103.66402166	11268.65934442
2329	2019-07-14 00:00:00	11438.8	11265.1977979	11362.37521601	11392.05826858	422508.66009123	37.18431309	11362.5511669
2330	2019-07-14 02:00:00	11443.41236848	11279.91270321	11394.6214175	11286.27761725	227626.96002033	20.04111375	11357.99950341
2331	2019-07-14 04:00:00	11334.53030015	11141.62076625	11279.0	11218.0	362768.4847379	32.35501621	11212.12495717
2332	2019-07-14 06:00:00	11296.53325141	11091.28920001	11233.73326604	11151.73405407	258115.94081836	23.07420919	11186.33963543
2333	2019-07-14 08:00:00	11180.31365343	10712.63317487	11120.91102311	10861.2659257	1773161.5917628	162.33411985	10922.91376206
2334	2019-07-14 10:00:00	10915.0	10562.2147418	10868.7714021	10691.60133664	1405951.4324667	131.24603216	10712.33476035
2335	2019-07-14 12:00:00	10750.46972316	10530.70311671	10685.77351535	10639.12777196	735178.99890749	68.98268868	10657.44193181
2336	2019-07-14 14:00:00	10703.30000079	10310.0	10639.22777197	10409.37671561	1595535.3942184	151.60526956	10524.27398367
2337	2019-07-14 16:00:00	10691.0	10350.53714054	10404.09132643	10591.39999984	1624449.2100625	153.94617779	10552.05938453
2338	2019-07-14 18:00:00	10587.01481791	10328.99999999	10570.17341938	10477.40000025	793480.2381495	75.96241621	10445.69509158
2339	2019-07-14 20:00:00	10720.00000001	10374.99571965	10481.80000006	10660.0019999	625247.764506	59.15247035	10570.10401774
2340	2019-07-14 22:00:00	10655.26711998	10104.0	10650.0016496	10187.72402807	1062427.7627412	103.12744517	10302.08555045
2341	2019-07-15 00:00:00	10187.72402806	9901.34	10187.72402806	10043.86684337	1502114.7262343	149.65459017	10037.21118428
2342	2019-07-15 02:00:00	10264.34559942	9870.0	10041.56202619	10239.79151422	1082887.6819069	107.80245736	10045.11129361
2343	2019-07-15 04:00:00	10283.9932105	10054.82227549	10245.0	10180.20000004	435938.97297784	42.88835023	10164.50785912
2344	2019-07-15 06:00:00	10327.93429128	10070.5437605	10183.16692349	10313.31396637	912618.59843681	89.73188291	10170.50538605
2345	2019-07-15 08:00:00	10365.717371	10137.36423107	10320.76109646	10315.62902976	418363.40802616	40.80290057	10253.27616864
2346	2019-07-15 10:00:00	10379.34559944	10260.0	10320.8573434	10296.66499784	484549.07945476	46.95563949	10319.29465166
2347	2019-07-15 12:00:00	10387.3359219	10070.83431923	10297.44835002	10375.20763256	940779.46433589	92.21109089	10202.45455569
2348	2019-07-15 14:00:00	10611.45383991	10387.45068583	10387.45068583	10561.78830367	1113783.8901971	105.81604252	10525.66192868
2349	2019-07-15 16:00:00	10670.0	10434.57302541	10562.15376321	10435.1121477	1122367.2745008	106.09848115	10578.54233477
2350	2019-07-15 18:00:00	10935.0	10379.69999999	10434.73953769	10845.00000001	2071356.6959907	192.59385613	10755.05074571
2351	2019-07-15 20:00:00	10947.89049589	10730.10000003	10845.00000001	10736.85909062	761663.20957659	70.34998957	10826.77075337
2352	2019-07-15 22:00:00	11062.4	10737.80744767	10737.80744767	10836.90135676	897523.07132048	82.02775966	10941.69918867
2353	2019-07-16 00:00:00	11017.06664065	10825.6634259	10836.90135673	10919.59852448	541773.19192128	49.5713587	10929.15760489
2354	2019-07-16 02:00:00	10902.15443074	10634.39759192	10902.15443074	10693.25842439	736405.32430081	68.60419419	10734.11520965
2355	2019-07-16 04:00:00	10786.10283	10605.35308958	10697.00000002	10756.288312	336028.42813953	31.33862183	10722.50177312
2356	2019-07-16 06:00:00	10776.94728646	10500.0	10737.76706599	10720.94808292	839681.31909781	78.98853567	10630.42012331
2357	2019-07-16 08:00:00	10835.41683909	10646.17866004	10721.08647929	10678.16794372	631352.61106951	58.78295463	10740.40280968
2358	2019-07-16 10:00:00	10750.0	10601.0	10669.75486936	10672.61851648	476156.282267	44.58970289	10678.61527226
2359	2019-07-16 12:00:00	10672.5	10351.0	10672.5	10385.90941179	1082318.8722911	103.35431484	10471.92731108
2360	2019-07-16 14:00:00	10540.36891111	10338.69660001	10398.0	10489.55655471	743971.20107105	71.13064252	10459.22228049
2361	2019-07-16 16:00:00	10492.77701945	9518.69172703	10492.77701944	9687.91669341	5179779.7851483	528.02789174	9809.67078856
2362	2019-07-16 18:00:00	9781.26591922	9534.83932698	9687.91669341	9685.20000002	2090601.111095	216.63816704	9650.19756056
2363	2019-07-16 20:00:00	9779.34559944	9418.0	9695.9997794	9653.1	2430068.7268482	252.01053089	9642.72690615
2364	2019-07-16 22:00:00	9646.82642652	9357.38023436	9639.92999457	9403.62017037	1628731.0871956	171.85796317	9477.19300958
2365	2019-07-17 00:00:00	9611.80684299	9428.07965695	9429.99999984	9444.79508116	831289.37861928	87.44762008	9506.14068008
2366	2019-07-17 02:00:00	9458.68339955	9222.2	9458.68339955	9415.16266185	1060028.9232668	113.58404613	9332.55117583
2367	2019-07-17 04:00:00	9571.99999999	9316.60210618	9402.56752788	9544.455114	606370.34167574	64.0419549	9468.32966955
2368	2019-07-17 06:00:00	9597.53158827	9436.30718775	9548.66999999	9564.2	402285.55829504	42.16880291	9539.88566271
2369	2019-07-17 08:00:00	9591.11822658	9407.63856734	9548.60464827	9426.24777459	368609.0523985	38.82487798	9494.14580487
2370	2019-07-17 10:00:00	9424.4243624	9065.4321612	9424.4243624	9145.0	1918260.3156849	208.84840261	9184.94128617
2371	2019-07-17 12:00:00	9509.34559945	9085.9888696	9150.0	9493.27283324	1053657.6186538	112.65038114	9353.34268726
2372	2019-07-17 14:00:00	9799.99	9502.10301143	9502.10301143	9731.36469367	1209037.0471834	125.39770455	9641.62024753
2373	2019-07-17 16:00:00	9850.25482859	9642.01829225	9698.95464875	9781.70625604	1131430.1865248	116.11283598	9744.23005842
2374	2019-07-17 18:00:00	9946.83309319	9702.56494025	9780.24987403	9702.56494025	1097485.8711581	111.45882824	9846.558487
2375	2019-07-17 20:00:00	9929.34559944	9628.92908995	9728.99775445	9797.08760959	771963.9866731	79.05133674	9765.3501953
2376	2019-07-17 22:00:00	9891.76154477	9588.9	9797.08760959	9666.90000001	884151.46314512	90.99077838	9716.93482445
2377	2019-07-18 00:00:00	9798.11627737	9542.74127117	9671.049386	9768.30057848	859326.77589724	89.13183697	9641.07556973
2378	2019-07-18 02:00:00	9790.0	9653.90733961	9748.56517002	9712.17594599	292092.81504436	30.04087586	9723.17905794
2379	2019-07-18 04:00:00	9886.973	9656.78532223	9709.94058679	9800.83203204	463403.54553044	47.23938245	9809.68678032
2380	2019-07-18 06:00:00	9989.53872455	9774.13517525	9830.78619	9774.64494121	595721.73391014	60.26116738	9885.66534321
2381	2019-07-18 08:00:00	9831.65406023	9685.6050165	9783.58652088	9730.60376508	285006.36808943	29.23109147	9750.11037073
2382	2019-07-18 10:00:00	9860.37175667	9718.42583163	9729.37034952	9749.03126585	235186.31132749	24.00611777	9796.93233119
2383	2019-07-18 12:00:00	9757.85144998	9330.0	9757.85144997	9375.20697112	1752901.9089988	185.11669822	9469.1722889
2384	2019-07-18 14:00:00	10440.11160893	9269.55533329	9371.24662086	10440.0	4393892.7900082	437.55110184	10042.01057095
2385	2019-07-18 16:00:00	10649.34559943	10337.00302	10440.0	10506.35359996	2019154.7313853	192.06687399	10512.76927373
2386	2019-07-18 18:00:00	10712.48689398	10453.54722783	10515.4	10476.82671244	1272818.0851035	120.60036401	10554.01528471
2387	2019-07-18 20:00:00	10683.56453998	10479.61990054	10479.61990054	10556.00372728	756483.42540604	71.62089839	10562.3280692
2388	2019-07-18 22:00:00	10765.00000002	10500.0	10556.00372728	10622.74536665	571947.68986796	53.71086395	10648.64066235
2389	2019-07-19 00:00:00	10697.9	10545.30087997	10646.2857625	10553.45013622	408169.32700946	38.43569806	10619.53724301
2390	2019-07-19 02:00:00	10644.72978715	10504.7697559	10546.80373983	10568.78452091	326358.37686817	30.79089178	10599.18560332
2391	2019-07-19 04:00:00	10577.34225083	10388.21910672	10571.64350291	10497.76605633	608176.92786436	58.06326618	10474.38368311
2392	2019-07-19 06:00:00	10626.14594943	10413.18061538	10497.76605633	10600.46248339	360836.7048043	34.27298865	10528.31162432
2393	2019-07-19 08:00:00	10756.8539444	10235.3684365	10602.19559723	10329.3346118	1626992.6490123	156.21879518	10414.83290879
2394	2019-07-19 10:00:00	10388.68311186	10260.39810867	10339.3637594	10296.0730861	510070.90562781	49.43117491	10318.81007393
2395	2019-07-19 12:00:00	10639.69023986	10118.73398895	10285.0	10306.87025407	1832647.618407	176.56886651	10379.22287564
2396	2019-07-19 14:00:00	10433.04505798	10275.70248793	10300.39810867	10402.93324904	571069.60678666	55.14740712	10355.33013445
2397	2019-07-19 16:00:00	10464.34559944	10313.83053752	10410.0	10428.0	401815.18983066	38.63841722	10399.36981742
2398	2019-07-19 18:00:00	10434.0824962	10348.0	10415.60000109	10395.57157804	238114.76561863	22.9097611	10393.59444121
2399	2019-07-19 20:00:00	10550.0	10395.12018022	10395.12018022	10535.19999996	526147.88177695	50.14413261	10492.71079966
2400	2019-07-19 22:00:00	10561.88165561	10448.00299388	10535.2	10512.15623196	191874.44066682	18.27625189	10498.56621705
2401	2019-07-20 00:00:00	10580.16551551	10352.94118769	10506.07519681	10430.07053637	515148.66428532	49.17699944	10475.39846171
2402	2019-07-20 02:00:00	10544.0	10430.87053648	10430.87053649	10503.57463443	123415.38903129	11.75411946	10499.75623025
2403	2019-07-20 04:00:00	10614.34559944	10470.39810867	10525.49999984	10571.06318116	249241.59882726	23.59449241	10563.54993768
2404	2019-07-20 06:00:00	10683.0000001	10525.60245413	10571.06318116	10562.49094542	464018.69769052	43.72943571	10611.12932642
2405	2019-07-20 08:00:00	10594.55623342	10504.00000001	10554.82469537	10562.40173517	115966.95900125	10.99772921	10544.62760328
2406	2019-07-20 10:00:00	10600.39810867	10445.91920625	10562.40173515	10569.41427584	294912.45383835	27.98991642	10536.38208178
2407	2019-07-20 12:00:00	10700.0	10482.65054675	10569.41427588	10510.0	814893.49909722	76.91878785	10594.20619948
2408	2019-07-20 14:00:00	10634.56	10528.55356607	10530.0	10622.99518549	260604.31613102	24.63485401	10578.68319516
2409	2019-07-20 16:00:00	10993.09999998	10577.31468864	10620.87058645	10877.12503434	1923012.7171658	178.0825855	10798.43215307
2410	2019-07-20 18:00:00	10938.30000087	10858.99480001	10883.24416655	10900.0	561587.66591365	51.5112559	10902.23206756
2411	2019-07-20 20:00:00	10923.45191097	10866.0448953	10901.94664067	10921.46495101	231149.67602383	21.1916777	10907.56849439
2412	2019-07-20 22:00:00	11060.00329226	10623.78356599	10911.80000018	10750.05167907	1468532.1102139	134.93952023	10882.8911479
2413	2019-07-21 00:00:00	10809.722639	10673.58945344	10749.75159994	10786.46887983	321611.68341553	29.94245844	10740.99122688
2414	2019-07-21 02:00:00	10785.86887977	10550.0	10785.86887977	10580.57519718	766672.66820046	72.11397099	10631.40273202
2415	2019-07-21 04:00:00	10660.0	10555.8642236	10580.7405704	10570.39810867	285479.18526016	26.92384128	10603.21156595
2416	2019-07-21 06:00:00	10625.548508	10525.0	10570.39810867	10587.84398533	240479.68280727	22.70697162	10590.56605309
2417	2019-07-21 08:00:00	10724.34559945	10476.38111885	10585.98524585	10692.92324165	569671.87393649	53.77630258	10593.36262639
2418	2019-07-21 10:00:00	10697.27000078	10521.33	10687.62545281	10590.0	460948.13749715	43.51082196	10593.87335686
2419	2019-07-21 12:00:00	10595.34810754	10491.2	10590.00000001	10540.0	353337.10463396	33.49967467	10547.47868791
2420	2019-07-21 14:00:00	10549.90894384	10335.0	10540.0	10451.32175643	904814.22216829	86.89006523	10413.32193471
2421	2019-07-21 16:00:00	10483.93182917	10302.5	10439.53350767	10410.47640543	558242.02439369	53.80403687	10375.46728589
2422	2019-07-21 18:00:00	10510.39810866	10351.33291611	10407.48607461	10410.59999999	247831.01769382	23.72000487	10448.18578461
2423	2019-07-21 20:00:00	10584.66276145	10399.18461493	10405.09254423	10563.42484605	211432.06225811	20.1164183	10510.42283496
2424	2019-07-21 22:00:00	10636.24914258	10515.08358995	10552.80000006	10582.13493539	281481.37162943	26.57842184	10590.59764059
2425	2019-07-22 00:00:00	10679.34559944	10564.33702359	10599.2798305	10584.19747407	154093.12835879	14.48970633	10634.66193512
2426	2019-07-22 02:00:00	10632.6975488	10570.68694318	10577.59999995	10608.57247486	153836.62779851	14.49463164	10613.3520064
2427	2019-07-22 04:00:00	10625.20000003	10516.41804622	10610.13974434	10590.1575679	116288.46300372	11.00174287	10570.00371466
2428	2019-07-22 06:00:00	10628.19418546	10580.15701276	10590.15756791	10602.74484449	152539.42479983	14.38508235	10604.00080364
2429	2019-07-22 08:00:00	10617.51756429	10450.39810868	10605.04143108	10453.00876882	451795.18168152	42.99130184	10508.99047818
2430	2019-07-22 10:00:00	10610.08566678	10416.8784134	10450.39810867	10549.99000001	674123.76081184	64.18576377	10502.69905998
2431	2019-07-22 12:00:00	10576.84086686	10470.96324255	10560.0	10494.84568457	97629.70496579	9.27931342	10521.22075706
2432	2019-07-22 14:00:00	10535.43517749	10172.51553296	10500.53271619	10234.92593336	2160113.1026652	210.50786754	10261.43643897
2433	2019-07-22 16:00:00	10409.46694487	10195.0	10227.08934614	10353.21100265	558856.02359289	54.2858024	10294.69951415
2434	2019-07-22 18:00:00	10349.9	10089.97151118	10349.89999999	10152.87870088	744580.26953773	72.84444327	10221.51088145
2435	2019-07-22 20:00:00	10389.7092299	10137.37512349	10153.64304549	10287.78554576	505841.96132845	49.17636785	10286.281469
2436	2019-07-22 22:00:00	10363.89159997	10260.39810865	10298.85049957	10344.1772921	204673.68462784	19.80464602	10334.6297844
2437	2019-07-23 00:00:00	10339.39403026	10214.67168409	10339.39403026	10229.20364398	165445.94588975	16.14044664	10250.39452624
2438	2019-07-23 02:00:00	10300.89297428	10226.53171084	10249.90680224	10262.5462026	50153.27738465	4.88717109	10262.23073861
2439	2019-07-23 04:00:00	10259.4833592	10120.0	10257.67865985	10162.750637	226247.50493378	22.14944039	10214.5923757
2440	2019-07-23 06:00:00	10217.43758183	9983.54088	10169.27502976	10049.99	1787163.5162632	177.98507436	10041.08643766
2441	2019-07-23 08:00:00	10087.80741751	9917.07299999	10042.51663682	9992.34192648	619256.7177442	62.07082463	9976.61496259
2442	2019-07-23 10:00:00	10060.0	9895.0	10001.61958325	10032.95596366	373620.68155265	37.44352762	9978.24471413
2443	2019-07-23 12:00:00	10035.0	9900.0	10032.76371532	9982.79441988	628406.11631388	63.15337	9950.47637701
2444	2019-07-23 14:00:00	10087.90865	9903.1	9967.36176377	9927.83474199	409821.69802029	41.06042675	9980.94102907
2445	2019-07-23 16:00:00	10023.82813095	9910.39810867	9925.84013355	10022.06148998	202636.1030489	20.3131374	9975.61819519
2446	2019-07-23 18:00:00	10116.80503762	10016.09999998	10016.6	10094.55211327	488228.8193759	48.37713735	10092.139513
2447	2019-07-23 20:00:00	10128.00299385	10099.0000002	10100.84	10125.17616538	43030.54247556	4.25808171	10105.61689657
2448	2019-07-23 22:00:00	10136.34	9836.76708831	10107.31616604	9868.87636545	670956.94305034	67.42351177	9951.37935471
2449	2019-07-24 00:00:00	9872.18752059	9600.0	9870.41062188	9707.49263394	1412324.6844328	145.51248276	9705.8661748
2450	2019-07-24 02:00:00	9724.7491027	9620.8224964	9702.70328821	9655.17195048	445060.34555225	46.10155472	9653.91185298
2451	2019-07-24 04:00:00	9770.4871775	9595.0	9650.83401637	9706.25299999	496777.10216162	51.40085806	9664.76282519
2452	2019-07-24 06:00:00	9766.64178	9669.0641858	9706.35852073	9710.6473801	158399.33130459	16.30676131	9713.72109356
2453	2019-07-24 08:00:00	9789.34559945	9700.0	9710.6473801	9768.02999999	168436.33134747	17.26125275	9758.05949817
2454	2019-07-24 10:00:00	9770.62	9629.95960866	9756.62944363	9718.41349317	307037.33721537	31.65119848	9700.65438152
2455	2019-07-24 12:00:00	9796.05796202	9685.25245468	9724.53500673	9711.5518485	1300467.2495999	133.19135376	9763.90143119
2456	2019-07-24 14:00:00	9924.88247595	9688.34745826	9704.68895088	9919.87377896	624448.91100474	63.48834995	9835.64561839
2457	2019-07-24 16:00:00	9921.45570616	9524.62282879	9917.16065711	9611.67959002	1743321.0693473	181.55021695	9602.4179901
2458	2019-07-24 18:00:00	9693.57003297	9580.39810868	9609.00000001	9654.16521061	226304.16482599	23.42720903	9659.88584197
2459	2019-07-24 20:00:00	9818.01944783	9566.67088952	9674.05800175	9773.05889653	443445.32880835	45.820953	9677.78493843
2460	2019-07-24 22:00:00	9838.15122226	9755.25547005	9781.67500287	9761.78000001	221247.19813643	22.61143699	9784.74734862
2461	2019-07-25 00:00:00	10170.97669335	9730.37878635	9761.78	10070.0	1178285.0505659	117.3598807	10039.93054132
2462	2019-07-25 02:00:00	10107.68684868	10037.66778959	10069.76744195	10091.6119498	512957.00429781	50.87783006	10082.13211319
2463	2019-07-25 04:00:00	10105.12435939	10020.26206841	10080.61027187	10060.00000001	233130.57859962	23.17846465	10058.06821633
2464	2019-07-25 06:00:00	10085.00000001	10027.22969982	10056.18503021	10051.15364765	278365.81868816	27.67608409	10057.99150569
2465	2019-07-25 08:00:00	10130.19729999	10048.11867826	10048.11867826	10054.26041701	212419.68761454	21.06478813	10084.11223049
2466	2019-07-25 10:00:00	10081.8	10040.67890667	10057.50221414	10074.0	370262.97941067	36.80155453	10061.06899937
2467	2019-07-25 12:00:00	10149.89999999	9902.68488	10074.0	9959.78274999	696170.55631743	69.63882894	9996.8733954
2468	2019-07-25 14:00:00	10009.33909214	9947.49906122	9961.29722171	9987.59999998	151871.82882246	15.2073754	9986.72189169
2469	2019-07-25 16:00:00	10055.39810867	9933.3479818	9987.6	9979.02380717	203610.14549938	20.41326008	9974.40608219
2470	2019-07-25 18:00:00	10004.99999997	9800.0	9987.90149505	9858.487908	286430.18423904	28.94022906	9897.30190611
2471	2019-07-25 20:00:00	9888.0	9785.70872	9836.26698611	9887.77259241	379511.06865437	38.55372815	9843.69312295
2472	2019-07-25 22:00:00	9961.72129895	9869.56766156	9885.72592414	9881.18122021	134931.54597214	13.629326110000001	9900.08932819
2473	2019-07-26 00:00:00	9881.18122022	9645.75396707	9881.18122022	9695.9314433	1183250.481943	121.95143513	9702.63679703
2474	2019-07-26 02:00:00	9738.00343	9649.52897999	9695.93144326	9700.19999976	522260.76048441	53.85122354	9698.21530789
2475	2019-07-26 04:00:00	9735.7	9695.98437437	9700.09999996	9729.9499	98221.01073529	10.10378102	9721.21333002
2476	2019-07-26 06:00:00	9810.0	9672.43175951	9729.3389087	9769.13504998	321221.81195707	32.96097751	9745.51837425
2477	2019-07-26 08:00:00	9796.04039993	9748.7117203	9769.13504998	9789.45533768	130680.01172902	13.37166874	9772.90226597
2478	2019-07-26 10:00:00	9810.0	9749.40000004	9790.37063184	9802.07993978	127633.85860043	13.0661523	9768.28186829
2479	2019-07-26 12:00:00	9839.29675325	9736.95490985	9802.07993978	9772.68076899	193460.23680663	19.77830757	9781.4353489
2480	2019-07-26 14:00:00	9794.50394	9701.23152657	9777.4705329	9789.13964742	115973.64576717	11.89291941	9751.4867266
2481	2019-07-26 16:00:00	9880.25333634	9744.07023513	9787.18181949	9788.4378506	199071.60580511	20.29501411	9808.89220998
2482	2019-07-26 18:00:00	9859.95862586	9782.54898	9794.07959998	9848.60000002	92427.84084683	9.40103325	9831.66832718
2483	2019-07-26 20:00:00	9854.27222	9741.60160841	9842.61	9824.68429902	177421.00410431	18.09043462	9807.44840193
2484	2019-07-26 22:00:00	9834.09055065	9775.66617721	9824.99979994	9824.55083507	49350.51060622	5.03313561	9805.12237901
2485	2019-07-27 00:00:00	10170.02519507	9814.14621187	9820.7509536	10088.00356403	1031805.3522167	102.37938829	10078.25275624
2486	2019-07-27 02:00:00	10112.1081264	10072.57282801	10086.89096709	10100.0	70822.12793939	7.02052623	10087.86601163
2487	2019-07-27 04:00:00	10107.08046407	10039.8736594	10099.93319547	10058.05794679	115477.34122921	11.46681494	10070.56814237
2488	2019-07-27 06:00:00	10078.6	10008.97882661	10055.08857999	10066.876222	416315.08599788	41.39359195	10057.47668626
2489	2019-07-27 08:00:00	10081.00000006	10046.24523363	10057.29613969	10050.0	221840.04415201	22.04564163	10062.76196788
2490	2019-07-27 10:00:00	10064.37045971	9442.54332	10050.0	9538.20005977	2029662.3895693	210.99604922	9619.43314612
2491	2019-07-27 12:00:00	9537.88999995	9400.0	9537.88999994	9452.64899859	807187.55721396	85.39512927	9452.38404244
2492	2019-07-27 14:00:00	9492.93	9324.95523	9452.40497955	9440.56892819	499648.08486616	52.982640860000004	9430.41110741
2493	2019-07-27 16:00:00	9475.4496	9401.56589762	9435.57625315	9466.71858968	179234.72549381	18.98279492	9441.95658485
2494	2019-07-27 18:00:00	9472.5140226	9373.10336551	9462.47669992	9424.2434353	258154.42558528	27.37633664	9429.8382205
2495	2019-07-27 20:00:00	9536.0	9393.50494534	9416.20544968	9534.32529989	249194.73732249	26.24708449	9494.18734173
2496	2019-07-27 22:00:00	9540.15869069	9340.51237	9534.32529988	9469.68002697	888606.78661018	94.02828431	9450.42008509
2497	2019-07-28 00:00:00	9480.23927154	9376.7058	9466.11594269	9472.92525573	258941.13743466	27.42869128	9440.52105116
2498	2019-07-28 02:00:00	9494.5	9464.66474946	9480.64	9474.78477166	102600.01649347	10.81895096	9483.36089818
2499	2019-07-28 04:00:00	9570.0	9482.01406656	9484.47513873	9516.35285305	242207.20207456	25.40959876	9532.11439355
2500	2019-07-28 06:00:00	9539.25	9485.29540623	9533.86	9504.25000001	57084.69020947	6.00064958	9513.0851166
2501	2019-07-28 08:00:00	9523.12725673	9484.19426512	9498.50217116	9484.19426513	44039.79628435	4.63523087	9501.10092021
2502	2019-07-28 10:00:00	9557.75395348	9443.24996566	9484.19426512	9547.77557	344374.65059187	36.26349196	9496.45585625
2503	2019-07-28 12:00:00	9547.77557	9492.73386977	9547.77557	9505.98842198	125126.80463174	13.15020977	9515.19457257
2504	2019-07-28 14:00:00	9546.51745507	9502.22169117	9509.64751593	9526.68864962	92793.37148641	9.74261184	9524.48614502
2505	2019-07-28 16:00:00	9600.00000001	9515.71431221	9518.67451336	9564.51727487	342219.12034471	35.78480783	9563.25158906
2506	2019-07-28 18:00:00	9577.66145823	9556.32928369	9564.51727486	9571.77654291	120923.66067667	12.63610882	9569.69130285
2507	2019-07-28 20:00:00	9575.29074746	9474.52820584	9574.5	9474.62336074	369686.57301292	38.86083041	9513.08989315
2508	2019-07-28 22:00:00	9688.01649171	9175.0	9474.3588084	9530.1431304	1881667.4485263	200.37851555	9390.5648685
2509	2019-07-29 00:00:00	9730.0	9500.82303566	9546.71204727	9689.0	670368.91066889	69.45853436	9651.35410422
2510	2019-07-29 02:00:00	9670.11860001	9608.4	9670.11860001	9624.00000007	138546.27722754	14.37900994	9635.31410059
2511	2019-07-29 04:00:00	9693.16734975	9603.23726902	9624.00000007	9611.00002401	291753.20551072	30.21537192	9655.7873351
2512	2019-07-29 06:00:00	9615.33416944	9574.38575375	9605.95845793	9615.33416944	124087.08306891	12.92946906	9597.2295918
2513	2019-07-29 08:00:00	9641.90000014	9393.78815088	9615.41819284	9487.80205705	358222.64523529	37.71107513	9499.13636777
2514	2019-07-29 10:00:00	9533.0	9470.97379884	9487.73478155	9495.25623577	108910.49025364	11.46122464	9502.51772167
2515	2019-07-29 12:00:00	9619.34559945	9482.0982039	9482.0982039	9561.95294325	483082.23889748	50.62590212	9542.19517417
2516	2019-07-29 14:00:00	9595.62655943	9514.11675704	9569.25734687	9529.96850989	152398.59467806	15.94176286	9559.70779495
2517	2019-07-29 16:00:00	9683.26510959	9420.0	9529.68650473	9486.30000096	421715.31950202	44.1851848	9544.26967796
2518	2019-07-29 18:00:00	9531.57693996	9455.40520583	9485.42384502	9496.3403295	85183.77538795	8.95942952	9507.72314217
2519	2019-07-29 20:00:00	9543.47	9493.54320447	9496.3403288	9523.07001369	332190.63666519	34.85390369	9530.94493
2520	2019-07-29 22:00:00	9538.7815753	9445.0	9520.0	9512.99197827	361136.34561679	37.98153396	9508.20854147
2521	2019-07-30 00:00:00	9533.40101839	9460.99999999	9522.55599509	9460.99999999	52232.18419564	5.49990203	9496.92992906
2522	2019-07-30 02:00:00	9481.00470902	9400.0	9461.0	9441.81186656	223169.44341074	23.66232992	9431.42303252
2523	2019-07-30 04:00:00	9460.23129108	9433.63387563	9449.0	9457.89922074	120732.7575138	12.78290547	9444.86038773
2524	2019-07-30 06:00:00	9530.0	9451.74792598	9452.90129221	9499.00534562	89222.8907871	9.39708403	9494.74225219
2525	2019-07-30 08:00:00	9508.5	9467.69319279	9502.6	9489.0205896	29277.27262488	3.08575967	9487.86547102
2526	2019-07-30 10:00:00	9572.32026319	9463.67652841	9489.02058959	9540.29999999	220494.82721877	23.15493276	9522.58551144
2527	2019-07-30 12:00:00	9604.3456	9528.04285603	9535.81272955	9551.8998387	1317663.2123161	137.53355468	9580.66717159
2528	2019-07-30 14:00:00	9704.34559942	9550.20144779	9550.20144779	9686.65215997	673094.64152378	69.66696045	9661.60482926
2529	2019-07-30 16:00:00	9709.25362324	9584.00000001	9688.78895995	9620.52998242	330961.09551522	34.34972206	9635.04435165
2530	2019-07-30 18:00:00	9650.0	9501.65087501	9618.076	9592.0	456301.61177384	47.55848804	9594.53570916
2531	2019-07-30 20:00:00	9602.84768188	9522.88775202	9594.0	9571.59431978	96800.78891678	10.11939755	9565.86480949
2532	2019-07-30 22:00:00	9627.8193362	9558.13953488	9571.59431978	9578.99996978	85691.94027378	8.93478524	9590.82260759
2533	2019-07-31 00:00:00	9709.34559945	9568.75450207	9578.74527142	9691.0	285092.66300804	29.48185423	9670.10625532
2534	2019-07-31 02:00:00	9691.0	9641.82639421	9691.0	9672.87590971	189906.36031216	19.63719863	9670.74601068
2535	2019-07-31 04:00:00	9776.52949353	9651.57371324	9674.05427814	9698.22038467	317371.84977101	32.67934339	9711.6960394
2536	2019-07-31 06:00:00	9827.0	9697.3925858	9697.3925858	9730.11192526	319506.589171	32.66027346	9782.728536
2537	2019-07-31 08:00:00	9771.44479473	9730.11192517	9738.07636753	9752.0	144537.86149368	14.82757464	9747.90989105
2538	2019-07-31 10:00:00	9790.0	9750.0	9752.00000003	9760.0	257191.83636798	26.31299504	9774.32770298
2539	2019-07-31 12:00:00	9947.86390061	9755.00000013	9755.00000013	9947.86390061	903927.51185588	91.71848134	9855.45659554
2540	2019-07-31 14:00:00	10114.10159208	9894.5	9947.86390061	10040.29123895	1850875.0320091	184.67159558	10022.52147221
2541	2019-07-31 16:00:00	10118.15033589	9941.83882	10044.88156528	10013.52000011	742942.27244396	74.31772327	9996.83843576
2542	2019-07-31 18:00:00	10015.30000004	9949.0486164	10015.00000002	9983.38488535	251583.42211096	25.19247809	9986.44997178
2543	2019-07-31 20:00:00	10047.0	9984.72569023	9986.48078377	10044.3776835	175712.69822215	17.54332027	10015.93173457
2544	2019-07-31 22:00:00	10083.39810867	9980.21017211	10044.97060399	10074.98929989	223931.95450111	22.33605271	10025.58318645
2545	2019-08-01 00:00:00	10147.37844906	9989.81521824	10074.9892999	10016.81078479	339698.36657103	33.73879589	10068.47925689
2546	2019-08-01 02:00:00	10044.65768	9974.90820431	10016.8107848	10006.4465428	183335.13717717	18.30857933	10013.61896369
2547	2019-08-01 04:00:00	10004.01144809	9851.98625729	9994.92878175	9909.20623929	438879.94676173	44.24189213	9920.00851754
2548	2019-08-01 06:00:00	9970.76426261	9885.72570501	9897.16514399	9959.99999996	154898.68563982	15.62199306	9915.4240464
2549	2019-08-01 08:00:00	9984.77118	9931.2043602	9958.58167242	9960.15419463	221037.04851479	22.17723893	9966.84254575
2550	2019-08-01 10:00:00	9967.33535613	9910.74418605	9958.45980693	9967.33535612	139481.87813288	14.03032675	9941.4561484
2551	2019-08-01 12:00:00	10055.06865054	9953.97389496	9963.38484043	10053.05763681	371580.62457114	37.07362031	10022.77688189
2552	2019-08-01 14:00:00	10050.00000001	9964.44955986	10050.0	10016.43400003	459601.43616132	45.90350816	10012.33793633
2553	2019-08-01 16:00:00	10100.0	10005.49272649	10018.81969997	10092.95535136	164902.79143765	16.40399941	10052.59676717
2554	2019-08-01 18:00:00	10300.0	10075.1724341	10092.95535126	10276.2915	602855.73070066	59.21219356	10181.27676843
2555	2019-08-01 20:00:00	10462.18460001	10285.46324515	10285.46324515	10411.84368759	994607.67832698	95.83475403	10378.36104859
2556	2019-08-01 22:00:00	10425.0182693	10362.0	10410.0	10373.0	296986.79037115	28.5513623	10401.84308022
2557	2019-08-02 00:00:00	10432.07335989	10310.99181242	10379.18290219	10370.8	377913.04358059	36.47876479	10359.80921383
2558	2019-08-02 02:00:00	10407.54387072	10339.01111093	10377.0534934	10345.70892894	95659.03471551	9.21767922	10377.77866124
2559	2019-08-02 04:00:00	10428.07139804	10322.46806135	10343.7622295	10428.07139804	300381.41304461	28.91207068	10389.48113987
2560	2019-08-02 06:00:00	10554.34559942	10426.07624762	10429.0	10515.53635275	663706.17523727	63.30517685	10484.23222653
2561	2019-08-02 08:00:00	10528.08684106	10436.18279415	10520.56921644	10441.08150333	454383.08104329	43.3537249	10480.83139548
2562	2019-08-02 10:00:00	10530.0	10441.08150332	10441.08150332	10481.42334316	155323.4980471	14.81581114	10483.63107354
2563	2019-08-02 12:00:00	10556.16876091	10481.4233429	10481.42334291	10537.00000001	548961.11623753	52.14946606	10526.68718805
2564	2019-08-02 14:00:00	10635.00000004	10518.06588212	10538.72627299	10623.25150582	814158.03276947	77.10793952	10558.67966175
2565	2019-08-02 16:00:00	10663.19007842	10359.24001	10623.25150582	10442.86105939	1436378.8391584	137.22750985	10467.13476567
2566	2019-08-02 18:00:00	10484.91609997	10417.13128239	10435.04332039	10443.82208692	183000.34555075	17.51066021	10450.79644948
2567	2019-08-02 20:00:00	10445.47080378	10353.67302	10441.07008259	10422.46627929	475112.74110048	45.71679934	10392.51977302
2568	2019-08-02 22:00:00	10539.93749013	10404.86465234	10408.09391767	10524.00598433	256370.60878759	24.43242016	10493.05009936
2569	2019-08-03 00:00:00	10670.67382	10496.06665489	10524.00598434	10643.61089999	644231.65810186	60.87685845	10582.53783957
2570	2019-08-03 02:00:00	10835.00000004	10610.13052096	10647.89869996	10790.90031918	608614.99866454	56.62639333	10747.90328103
2571	2019-08-03 04:00:00	10850.01	10710.46949	10778.79342425	10776.92969353	459364.60667156	42.62775126	10776.18671155
2572	2019-08-03 06:00:00	10838.16682687	10753.83802	10790.68929501	10825.00000004	115680.39868093	10.72060373	10790.47426752
2573	2019-08-03 08:00:00	10871.3846262	10714.55468288	10835.8568265	10762.81376786	292334.06437279	27.10405836	10785.61964743
2574	2019-08-03 10:00:00	10777.77777777	10745.0	10763.50151463	10745.06067319	125973.50996949	11.70400351	10763.28367997
2575	2019-08-03 12:00:00	10815.0	10675.0	10745.0	10792.59104995	529281.82274554	49.17759261	10762.66231539
2576	2019-08-03 14:00:00	10818.02441	10704.72995914	10792.59104995	10734.53908603	157696.13384942	14.65269646	10762.26033071
2577	2019-08-03 16:00:00	10849.7	10697.62402003	10737.67295385	10830.0	335723.4330612	31.10316693	10793.86654795
2578	2019-08-03 18:00:00	10899.0	10800.0	10827.31188145	10818.65531065	515388.90608447	47.538535949999996	10841.49723555
2579	2019-08-03 20:00:00	10876.09408444	10801.39595217	10843.1818062	10821.0241475	205195.9730803	18.92547734	10842.31427265
2580	2019-08-03 22:00:00	10843.76415572	10764.57666923	10826.20129664	10814.35497247	174874.33466338	16.18444314	10805.0881424
2581	2019-08-04 00:00:00	10891.32856821	10814.35497248	10814.35497248	10853.69359188	161897.24658155	14.90214803	10864.02082811
2582	2019-08-04 02:00:00	10846.46684515	10688.52285626	10846.46684515	10758.44755357	286432.24773002	26.67345433	10738.47594639
2583	2019-08-04 04:00:00	10757.0650894	10555.0	10757.0650894	10617.16414594	691810.97259959	65.03531852	10637.46573927
2584	2019-08-04 06:00:00	10711.98634423	10600.21230867	10605.65535161	10656.2498293	238313.36039128	22.32414789	10675.13804179
2585	2019-08-04 08:00:00	10731.9	10643.5346238	10668.22425893	10731.9	231547.35421828	21.66558671	10687.33366502
2586	2019-08-04 10:00:00	10742.57703288	10658.1	10732.9	10664.98610417	378109.07432098	35.32152314	10704.77829685
2587	2019-08-04 12:00:00	10696.10416231	10635.1	10663.70000001	10648.97580152	218345.72611125	20.48398326	10659.33921834
2588	2019-08-04 14:00:00	10957.17649958	10662.16087407	10662.24011249	10939.53073702	937413.21503935	86.26997717	10866.04222917
2589	2019-08-04 16:00:00	10988.0	10867.80930082	10938.59286434	10898.29036754	701319.62270694	64.23987851	10917.20032748
2590	2019-08-04 18:00:00	10942.79225725	10886.00140429	10898.29036758	10911.97869575	339982.13611788	31.15208342	10913.62434846
2591	2019-08-04 20:00:00	10964.10959649	10760.0	10916.57495211	10926.60000036	566890.10653944	52.05113575	10891.02280615
2592	2019-08-04 22:00:00	11024.30821454	10906.71197972	10929.41000004	10936.96759597	490403.3117178	44.70742585	10969.16904505
2593	2019-08-05 00:00:00	11450.0	10937.812	10937.812	11406.98483991	2831613.7450033	251.93315974	11239.54364691
2594	2019-08-05 02:00:00	11640.5	11358.61799	11413.1489136	11552.30215208	1378014.3179751	119.63056139	11518.91541729
2595	2019-08-05 04:00:00	11591.70042732	11520.33932	11555.31329846	11533.89999992	629577.40097177	54.49242212	11553.48535591
2596	2019-08-05 06:00:00	11844.3883804	11518.29067286	11533.28504206	11676.93947499	1546055.0859015	132.28335902	11687.44955794
2597	2019-08-05 08:00:00	11746.24287076	11659.05946828	11670.27675803	11701.99999999	1070433.8518371	91.54721936	11692.69650482
2598	2019-08-05 10:00:00	11772.28967108	11572.95831428	11702.0	11760.0	1439898.6494487	123.27110064	11680.74789608
2599	2019-08-05 12:00:00	11800.37397807	11705.30875914	11760.0	11732.93864034	657943.27867495	55.94505873	11760.52530126
2600	2019-08-05 14:00:00	11790.0	11640.0	11735.85879743	11749.10538113	796961.70827961	68.02430344	11715.83783996
2601	2019-08-05 16:00:00	11923.86475	11724.70575583	11749.17753894	11784.96945194	1538983.470576	130.0743721	11831.56563225
2602	2019-08-05 18:00:00	11861.24145729	11749.0	11784.96945194	11753.0192348	432330.34003652	36.62355206	11804.70805585
2603	2019-08-05 20:00:00	11820.0	11704.82127173	11756.43890803	11740.19422909	723744.51396377	61.6632985	11737.03858809
2604	2019-08-05 22:00:00	11850.0	11732.22131963	11753.0	11816.22202379	461712.22948379	39.14242272	11795.69881983
2605	2019-08-06 00:00:00	11833.34774165	11621.00000001	11820.62791282	11685.35995927	794890.48407993	67.90142077	11706.53684511
2606	2019-08-06 02:00:00	11716.43880781	11585.00000004	11686.25896991	11679.37312007	502345.40841315	43.10185177	11654.84515824
2607	2019-08-06 04:00:00	11808.51296749	11646.03778003	11699.8999995	11808.51296749	178726.0302005	15.23719518	11729.58855545
2608	2019-08-06 06:00:00	12300.05713911	11816.06203235	11816.06203235	12169.72481346	1902681.3320765	157.53810169	12077.59463688
2609	2019-08-06 08:00:00	12253.86117251	12176.43595429	12180.38230369	12222.86951414	921616.58559122	75.41224399	12221.04709831
2610	2019-08-06 10:00:00	12300.0	11616.34096	12230.0	11781.58107894	2694426.4429902	226.8236027	11878.95091567
2611	2019-08-06 12:00:00	11788.71659041	11570.41786554	11788.71659041	11788.02120539	808232.32994775	69.15192284	11687.77810875
2612	2019-08-06 14:00:00	11799.99999994	11691.66077131	11791.27845884	11712.50105939	341561.14283982	29.10669392	11734.79694322
2613	2019-08-06 16:00:00	11820.504	11689.48521653	11712.60880657	11700.16665258	537650.51083626	45.76564155	11747.90722094
2614	2019-08-06 18:00:00	11749.2	11638.05227054	11700.07000009	11698.93186001	452957.97992851	38.705924	11702.54919966
2615	2019-08-06 20:00:00	11735.00000003	11321.64495859	11700.99999998	11387.99	1294774.8896485	112.73808819	11484.80438542
2616	2019-08-06 22:00:00	11500.0	11234.00000015	11387.99	11490.3412909	843364.51937374	74.33409321	11345.59504198
2617	2019-08-07 00:00:00	11570.0	11405.95835199	11479.51093826	11524.71626617	539110.21760299	46.9213362	11489.6603819
2618	2019-08-07 02:00:00	11676.94206062	11530.78483442	11530.78483442	11632.82415324	399890.0799348	34.39666112	11625.84003545
2619	2019-08-07 04:00:00	11734.18666998	11582.73159373	11640.52652687	11605.53745277	479181.2810503	41.10752428	11656.77791215
2620	2019-08-07 06:00:00	11670.91525735	11527.08552527	11610.04553999	11545.31908756	332374.48220642	28.67071484	11592.82159727
2621	2019-08-07 08:00:00	11656.823264	11472.32166255	11541.39072404	11639.6981236	229869.45779165	19.9260461	11536.12997972
2622	2019-08-07 10:00:00	11749.34559944	11587.50019866	11639.6981236	11739.07562581	547464.39348821	46.93450178	11664.43389671
2623	2019-08-07 12:00:00	12135.00000001	11710.00000003	11749.34559945	12025.98132451	2261093.1343398	188.57177249	11990.62354075
2624	2019-08-07 14:00:00	12096.45290755	11621.51501999	12026.34331	11666.1955643	2658381.2568311	224.24054309	11855.04289366
2625	2019-08-07 16:00:00	11789.0	11517.85714285	11661.96978435	11789.0	559027.7792552	48.0337602	11638.2264667
2626	2019-08-07 18:00:00	11812.6076958	11675.0	11789.0	11792.42523009	445257.6620442	37.89303341	11750.38317008
2627	2019-08-07 20:00:00	12066.2	11612.53354947	11797.70132	11943.31554731	1372990.4627457	115.52105866	11885.19633278
2628	2019-08-07 22:00:00	12050.0	11847.7108404	11927.49321445	11954.01386547	1208330.7128035	100.88955404	11976.76731056
2629	2019-08-08 00:00:00	12009.74905607	11863.77	11997.09107499	11888.5	294357.85783907	24.66375289	11934.83648461
2630	2019-08-08 02:00:00	11990.0	11899.96638424	11904.44640563	11941.00479997	184140.46300063	15.40123303	11956.2156252
2631	2019-08-08 04:00:00	11954.55675797	11888.72049999	11950.0	11910.0	195058.84420341	16.36880891	11916.4958963
2632	2019-08-08 06:00:00	11924.99999997	11773.54334716	11924.99999997	11912.10031939	314931.34217626	26.59200495	11843.08376778
2633	2019-08-08 08:00:00	11975.09331078	11841.525	11918.3838	11865.2983296	283288.57948016	23.79782327	11903.97021887
2634	2019-08-08 10:00:00	11912.76154	11794.93491537	11869.13025999	11839.05954302	264801.55263536	22.33913677	11853.70568978
2635	2019-08-08 12:00:00	11913.06479999	11686.20609	11829.3902439	11700.0	781821.62762335	66.16960129	11815.41995692
2636	2019-08-08 14:00:00	11767.78534645	11639.1	11683.54847037	11700.0	619098.20463973	52.84574273	11715.1954473
2637	2019-08-08 16:00:00	11787.51402254	11532.28094249	11697.33553861	11587.81517001	782515.47840869	67.21759323	11641.52777281
2638	2019-08-08 18:00:00	11678.57142857	11550.0	11587.81517	11610.8891283	386691.98053819	33.2884962	11616.38477794
2639	2019-08-08 20:00:00	11781.64495857	11551.30458214	11610.8891283	11750.88229393	402428.90597504	34.45411086	11680.14196071
2640	2019-08-08 22:00:00	12079.60499462	11755.73005231	11755.73005231	11985.12904302	1117081.8583654	93.52612722	11944.06195968
2641	2019-08-09 00:00:00	12040.000001	11887.10081825	11999.0	11904.49999982	863793.93052232	72.22806339	11959.25641614
2642	2019-08-09 02:00:00	11946.42857141	11855.0314423	11900.92735033	11866.06906793	140241.54786373	11.81147811	11873.32750039
2643	2019-08-09 04:00:00	11919.45609747	11839.28571428	11866.06906793	11858.61950074	147845.43908996	12.45314374	11872.1378454
2644	2019-08-09 06:00:00	11894.44627	11816.04729182	11865.4292456	11885.86329987	171124.26907796	14.42724048	11861.19198021
2645	2019-08-09 08:00:00	11961.24015814	11701.50699	11884.96329975	11781.49039141	1215272.5596841	102.64415883	11839.66602227
2646	2019-08-09 10:00:00	11814.28610728	11689.48521651	11775.57600004	11700.00000002	826421.10160123	70.49687244	11722.80518266
2647	2019-08-09 12:00:00	11887.99999999	11697.4630411	11710.91194	11827.58004169	443993.85899251	37.56867614	11818.19283005
2648	2019-08-09 14:00:00	11837.19930999	11700.3395936	11832.79446488	11733.38957326	496880.03861635	42.27297696	11754.0820247
2649	2019-08-09 16:00:00	11865.0	11706.10321988	11739.22809101	11790.86197847	229158.73354688	19.43252594	11792.53455029
2650	2019-08-09 18:00:00	11900.0	11810.5682	11812.5636867	11829.45847597	296929.19957738	25.05484123	11851.17067203
2651	2019-08-09 20:00:00	11929.0	11832.96717954	11832.96717954	11928.52393201	177169.18770091	14.91898148	11875.42111627
2652	2019-08-09 22:00:00	11964.34559944	11849.21140235	11928.52393202	11872.04837057	290022.35367588	24.38616191	11892.90691771
2653	2019-08-10 00:00:00	11980.00000001	11873.84194361	11887.5954169	11903.07657199	556546.58243785	46.64950306	11930.38609054
2654	2019-08-10 02:00:00	11912.44561325	11766.64256398	11903.07657199	11819.1287554	260620.04942722	22.05811549	11815.15481435
2655	2019-08-10 04:00:00	11897.57592998	11798.35789018	11829.29024388	11829.59024391	66016.28097115	5.57659342	11838.10186598
2656	2019-08-10 06:00:00	11872.31000005	11811.40000003	11852.89999999	11833.39675098	63417.0490494	5.3589508200000004	11833.85539063
2657	2019-08-10 08:00:00	11884.0	11835.25714354	11835.25714354	11884.0	167391.58336217	14.11521043	11858.95061163
2658	2019-08-10 10:00:00	11889.91069092	11335.18129609	11884.66128001	11399.29999999	1890137.2016487	164.33741841	11501.56318589
2659	2019-08-10 12:00:00	11505.61546293	11316.69156992	11399.29999996	11465.27342979	1132525.0228981	99.18933102	11417.81087998
2660	2019-08-10 14:00:00	11467.70513996	11376.79589606	11467.70513996	11429.53190996	432658.3866563	37.90043122	11415.65868063
2661	2019-08-10 16:00:00	11430.19300998	11270.0	11429.72190995	11374.77178013	1063773.4652135	93.97529279	11319.71429544
2662	2019-08-10 18:00:00	11396.31384471	11273.94711	11387.41509418	11330.52735597	285359.35966258	25.14286316	11349.51727043
2663	2019-08-10 20:00:00	11395.00112826	11279.35775447	11331.40225333	11323.6207152	326687.01374983	28.81672034	11336.71736045
2664	2019-08-10 22:00:00	11365.00000001	11265.61815159	11323.62071518	11318.0	234990.57586947	20.77222418	11312.73058836
2665	2019-08-11 00:00:00	11458.82381792	11301.83920025	11321.12168998	11376.68095364	291714.42712898	25.55132329	11416.80310714
2666	2019-08-11 02:00:00	11409.0	11365.32566983	11365.32566983	11401.62780183	84467.91981549	7.41285082	11394.79558763
2667	2019-08-11 04:00:00	11426.4394699	11359.06432	11399.70002924	11378.09999962	148617.55663872	13.06202847	11377.83132076
2668	2019-08-11 06:00:00	11398.56260356	11323.28228001	11378.29999965	11376.39999998	183103.14603014	16.12080594	11358.18809007
2669	2019-08-11 08:00:00	11402.82738742	11124.5	11370.67354267	11363.30448987	1601647.1958765	142.78022798	11217.56995724
2670	2019-08-11 10:00:00	11480.0	11345.99212	11363.40448987	11480.0	526627.51958844	46.19579494	11399.90166361
2671	2019-08-11 12:00:00	11473.28742341	11377.78777779	11463.08716723	11383.26184	291891.82220073	25.56817587	11416.21614638
2672	2019-08-11 14:00:00	11428.10973998	11357.82843085	11404.39999986	11368.40525003	184644.61687729	16.21275678	11388.84764527
2673	2019-08-11 16:00:00	11441.11881049	11375.87583421	11385.39702058	11375.87583421	151762.92470821	13.29637054	11413.86096692
2674	2019-08-11 18:00:00	11419.75439988	11372.4208016	11375.8758342	11378.24000044	193685.32464765	16.99026974	11399.77926257
2675	2019-08-11 20:00:00	11560.0	11302.24912206	11389.99999674	11530.1199999	725275.2217756	63.2748986	11462.2897519
2676	2019-08-11 22:00:00	11603.20956648	11492.07706391	11509.9490659	11539.26500184	470881.50585482	40.80628662	11539.43533847
2677	2019-08-12 00:00:00	11568.03446366	11461.64495858	11541.89093999	11493.22592856	255582.88387482	22.1893991	11518.2426853
2678	2019-08-12 02:00:00	11496.90990641	11409.99388004	11496.90990641	11449.2725	115811.21295139	10.11426987	11450.27910466
2679	2019-08-12 04:00:00	11471.56431106	11383.55151671	11447.36987412	11383.55151671	115121.66185144	10.0825053	11417.96194755
2680	2019-08-12 06:00:00	11430.401761	11348.72172241	11387.29230926	11415.4608112	272365.16062418	23.94297622	11375.57662512
2681	2019-08-12 08:00:00	11402.70843464	11314.69196	11402.70843464	11365.0	146684.06382865	12.90985087	11362.18112089
2682	2019-08-12 10:00:00	11396.2999998	11315.0	11365.0	11336.82679915	164542.40806284	14.48796041	11357.18233667
2683	2019-08-12 12:00:00	11426.27100912	11250.0	11335.02679895	11384.0	308622.80675706	27.23706003	11330.98823504
2684	2019-08-12 14:00:00	11406.56961126	11355.45600001	11371.89277507	11401.56442139	86777.6112838	7.61721137	11392.30711459
2685	2019-08-12 16:00:00	11435.3411486	11385.11200002	11401.56442139	11413.27391723	176224.03714561	15.44165174	11412.25304862
2686	2019-08-12 18:00:00	11445.82111157	11394.73107199	11412.3526394	11430.74954504	82470.30347896	7.22464531	11415.13526827
2687	2019-08-12 20:00:00	11480.0	11396.80000002	11443.90000001	11396.80000002	337011.55858035	29.4250284	11453.2279799
2688	2019-08-12 22:00:00	11435.80730357	11384.3784841	11401.48999996	11387.0733912	60229.40548145	5.2832332	11400.10353535
2689	2019-08-13 00:00:00	11451.521168	11365.43046568	11391.387599	11418.86849974	125042.01753225	10.9675649	11401.07386392
2690	2019-08-13 02:00:00	11424.93295767	11370.33033902	11410.94896491	11392.85714285	48224.32603721	4.23501079	11387.06096123
2691	2019-08-13 04:00:00	11392.85714285	11339.34711699	11392.85714285	11391.62431	134209.37147611	11.80825701	11365.72242308
2692	2019-08-13 06:00:00	11391.62431001	11310.0	11391.62431001	11359.49982013	266928.49304244	23.52874698	11344.78148238
2693	2019-08-13 08:00:00	11358.84720188	11270.0	11358.84720188	11313.8	359754.94087261	31.79379385	11315.25676268
2694	2019-08-13 10:00:00	11313.0069	11222.0	11312.90689	11285.7654303	571371.76072835	50.71143926	11267.11781534
2695	2019-08-13 12:00:00	11299.80186288	11165.0	11285.76543029	11167.02882054	552413.32008487	49.19273256	11229.57175454
2696	2019-08-13 14:00:00	11165.00000001	10933.99226285	11165.0	10963.07999994	1321366.8676574	119.95986425	11015.07471618
2697	2019-08-13 16:00:00	10994.29999997	10790.00000001	10964.0	10900.00704031	726076.74615635	66.70027702	10885.66312758
2698	2019-08-13 18:00:00	10961.36883	10881.11000005	10902.51704059	10926.10480098	397127.35376068	36.31609961	10935.29751337
2699	2019-08-13 20:00:00	10981.96130999	10866.98939	10943.99999999	10913.28361283	205043.48654341	18.78817605	10913.43225642
2700	2019-08-13 22:00:00	10950.0	10865.1	10913.5636137	10885.79242875	176288.95080481	16.15478581	10912.49075525
2701	2019-08-14 00:00:00	10896.03140608	10574.42114803	10896.03140608	10613.05724546	835676.71705745	78.12829851	10696.2103744
2702	2019-08-14 02:00:00	10698.55791096	10539.93749012	10604.35813029	10658.04865138	566990.51763796	53.24643031	10648.4230837
2703	2019-08-14 04:00:00	10662.9538473	10555.0	10656.69958159	10629.00370484	276998.71433868	26.10410455	10611.30880042
2704	2019-08-14 06:00:00	10677.69603	10600.0	10630.58	10613.2300003	223747.96950491	21.03306491	10637.9156087
2705	2019-08-14 08:00:00	10625.62483926	10401.06304	10617.14	10517.80000002	707054.56296984	67.33386777	10500.72699499
2706	2019-08-14 10:00:00	10599.0	10486.02682411	10528.47616423	10568.0	443407.28457412	42.04966579	10544.84681967
2707	2019-08-14 12:00:00	10678.6317728	10558.73750885	10559.2375089	10597.46821118	465511.02303588	43.77481452	10634.220342
2708	2019-08-14 14:00:00	10595.67432847	10470.0	10595.67432847	10514.68085236	541939.18249464	51.56774255	10509.26714445
2709	2019-08-14 16:00:00	10617.66159332	10100.87523446	10514.68085236	10237.32076227	2137017.4366495	207.54251658	10296.76941315
2710	2019-08-14 18:00:00	10267.47942547	10126.45335138	10237.32076227	10147.99999999	506533.09656838	49.63718868	10204.70961467
2711	2019-08-14 20:00:00	10275.40790997	10130.00226807	10143.89835236	10214.2	274828.53924428	26.94584546	10199.29174804
2712	2019-08-14 22:00:00	10264.99263255	9953.0	10217.29999984	10052.17796145	1718167.6955453	170.46084457	10079.54465953
2713	2019-08-15 00:00:00	10227.10586227	10044.64447809	10054.59980013	10085.87456512	934655.43230322	92.23190417	10133.75404871
2714	2019-08-15 02:00:00	10096.723513	9830.315	10096.723513	9850.54329303	453042.87651717	45.3747379	9984.47368479
2715	2019-08-15 04:00:00	9895.1548367	9665.37194962	9849.70477002	9737.57483129	1414002.6683623	144.60075281	9778.66740583
2716	2019-08-15 06:00:00	9912.4894776	9523.4400982	9725.99008379	9865.98597614	1909908.2133846	197.02886311	9693.54531735
2717	2019-08-15 08:00:00	10029.07453886	9814.61331721	9865.98597615	9979.4864197	1493275.9520551	150.26439368	9937.65665627
2718	2019-08-15 10:00:00	10204.0398073	9962.14785985	9979.4864197	10158.62739455	1344860.5299105	132.98789175	10112.65395829
2719	2019-08-15 12:00:00	10171.47202213	9921.64495858	10171.47202213	10013.30199431	1206006.857561	120.28748186	10026.03794603
2720	2019-08-15 14:00:00	10110.41000002	9972.2231735	10013.30199432	10091.40000007	489846.762005	48.80535978	10036.74113279
2721	2019-08-15 16:00:00	10168.59999994	9981.65295085	10100.0	10016.32372851	607661.87484954	60.34976492	10069.00152229
2722	2019-08-15 18:00:00	10135.61778523	10019.92892017	10019.92892017	10112.0	246638.47873945	24.45313936	10086.16828736
2723	2019-08-15 20:00:00	10411.7344357	10097.49766243	10115.72407585	10338.6604382	1481447.0605319	143.42696968	10328.92951609
2724	2019-08-15 22:00:00	10445.99999999	10257.83170231	10337.97266205	10311.39375692	890918.48619166	85.96145272	10364.16274971
2725	2019-08-16 00:00:00	10392.1030944	10251.76452877	10305.65100999	10350.00000001	684500.66936555	66.19041295	10341.38689968
2726	2019-08-16 02:00:00	10412.698922	10280.12891279	10362.15411947	10323.96111011	224795.02955832	21.76723646	10327.21953342
2727	2019-08-16 04:00:00	10325.89523383	9750.0	10325.89523383	9910.77882784	2229974.0036018	220.98265414	10091.17214326
2728	2019-08-16 06:00:00	10026.69451544	9854.047955	9907.32260869	9943.73876998	465494.18790583	46.90433248	9924.33242929
2729	2019-08-16 08:00:00	10141.26729609	9883.55074	9932.31736936	10086.57130774	393495.24679929	39.23224252	10029.89432986
2730	2019-08-16 10:00:00	10215.06758663	9813.80371309	10074.81232916	10149.99999995	966565.71465579	96.66312803	9999.32170988
2731	2019-08-16 12:00:00	10199.92139479	10063.98897446	10142.83187368	10119.93407581	406398.27727745	40.04864372	10147.61648656
2732	2019-08-16 14:00:00	10448.0	10013.57228263	10103.18172542	10375.0	1246800.112819	121.52759269	10259.39941062
2733	2019-08-16 16:00:00	10520.0	10312.01619986	10375.0	10374.91419697	1060012.3835597	101.84806058	10407.78172429
2734	2019-08-16 18:00:00	10481.1450704	10380.0	10380.0	10436.14507056	1377190.4744623	132.24683497	10413.78778384
2735	2019-08-16 20:00:00	10499.85320999	10359.0	10459.6440122	10408.1568597	383752.18675983	36.80047855	10427.91294788
2736	2019-08-16 22:00:00	10460.0	10267.45935659	10416.23125517	10349.64220512	485595.88539915	47.06824921	10316.84614468
2737	2019-08-17 00:00:00	10381.51930891	10206.3532838	10346.04220416	10381.51930891	248775.09948788	24.23160091	10266.55648596
2738	2019-08-17 02:00:00	10427.04068	10296.78649638	10366.35844489	10296.78649638	246480.33483005	23.82723555	10344.4788764
2739	2019-08-17 04:00:00	10380.6878054	10267.09783998	10296.25593922	10377.94999993	100011.73217563	9.68129073	10330.41305801
2740	2019-08-17 06:00:00	10386.4079022	10320.61039138	10377.87999959	10368.73999944	182812.64963453	17.65704099	10353.52694361
2741	2019-08-17 08:00:00	10459.70000002	10317.63642169	10362.65839945	10438.1450704	377681.869411	36.34894071	10390.4505065
2742	2019-08-17 10:00:00	10438.2450704	10317.11934624	10438.1450704	10332.29817617	239139.43740244	23.00628732	10394.52537804
2743	2019-08-17 12:00:00	10365.0	10284.40999984	10328.67605253	10346.31788211	195050.02359041	18.89967926	10320.28220728
2744	2019-08-17 14:00:00	10348.70000001	10252.41192816	10348.70000001	10311.70611478	105245.91189035	10.20723831	10310.90964019
2745	2019-08-17 16:00:00	10345.62109138	10050.0	10311.86196751	10073.88880003	786115.36163606	77.1359581	10191.29574584
2746	2019-08-17 18:00:00	10226.53	10001.00000001	10069.44448002	10173.0	351036.88216307	34.64088977	10133.59889118
2747	2019-08-17 20:00:00	10177.33419441	10060.7348176	10158.24192273	10147.76610083	280776.36264045	27.76216324	10113.63416507
2748	2019-08-17 22:00:00	10244.64910708	10131.39977289	10135.48864678	10214.13066121	104857.78296205	10.2854576	10194.76109279
2749	2019-08-18 00:00:00	10258.34206579	10164.43749281	10214.02298649	10191.16863011	32954.12809421	3.22489901	10218.65428716
2750	2019-08-18 02:00:00	10205.49997066	10109.0303273	10186.0	10113.86607691	49430.31055675	4.87734506	10134.67571981
2751	2019-08-18 04:00:00	10142.9875661	10082.94992633	10122.86791963	10136.77690074	33717.35852086	3.33703437	10103.98898614
2752	2019-08-18 06:00:00	10196.39251287	10124.0	10139.79496161	10139.10660077	145067.97852643	14.27923379	10159.36713831
2753	2019-08-18 08:00:00	10227.0161205	10097.497662	10146.9799999	10190.99257698	284860.57945369	28.06082692	10151.53902149
2754	2019-08-18 10:00:00	10429.97602162	10170.53455902	10192.80250885	10390.95	636724.66370957	61.53918454	10346.65422476
2755	2019-08-18 12:00:00	10435.53650507	10368.09555561	10387.03374003	10378.2752897	29163.15255165	2.80403169	10400.43614901
2756	2019-08-18 14:00:00	10449.0	10373.0	10380.01575139	10387.56845547	268684.22384397	25.81224956	10409.17503991
2757	2019-08-18 16:00:00	10457.67618276	10340.41817998	10391.31343984	10370.02078356	1364232.1198189	130.8867776	10422.99416972
2758	2019-08-18 18:00:00	10409.58385996	10351.34559898	10371.45823099	10366.26601916	190019.8306593	18.31035105	10377.72733796
2759	2019-08-18 20:00:00	10396.67863393	10315.5535625	10353.76112352	10396.67863393	179813.63853669	17.36707386	10353.70955327
2760	2019-08-18 22:00:00	10429.0	10286.05600001	10397.05197449	10314.99999992	338282.00592723	32.67987216	10351.3870639
2761	2019-08-19 00:00:00	10357.55479619	10260.95659381	10302.23008702	10338.67560361	190028.90725918	18.43229504	10309.5630168
2762	2019-08-19 02:00:00	10423.82009439	10338.6756036	10338.6756036	10411.24999928	123703.57764047	11.90189656	10393.60214709
2763	2019-08-19 04:00:00	10417.13944637	10346.07890537	10409.0	10362.60296278	132171.27645244	12.74132141	10373.43554874
2764	2019-08-19 06:00:00	10730.86729433	10357.71775382	10357.71775382	10705.59999999	1474196.3295858	139.06594235	10600.69996056
2765	2019-08-19 08:00:00	10736.68729	10650.0	10711.0	10650.24317148	631965.97713833	59.13444244	10686.93558376
2766	2019-08-19 10:00:00	10778.98	10650.26158587	10650.26158587	10665.05254728	509215.66298238	47.4702128	10727.05667294
2767	2019-08-19 12:00:00	10706.9	10622.690196	10667.66935911	10706.87866262	367882.9041676	34.48658878	10667.41934131
2768	2019-08-19 14:00:00	10739.99999999	10672.51314297	10706.87866261	10707.57667912	395934.42223347	36.97788123	10707.33122243
2769	2019-08-19 16:00:00	10740.0	10626.25195116	10706.40952764	10712.2808688	479570.25743953	44.94959756	10669.06676526
2770	2019-08-19 18:00:00	10796.24325	10660.96717281	10704.95132793	10676.4	848361.42460517	78.95214976	10745.26060638
2771	2019-08-19 20:00:00	10714.29397626	10630.0	10684.7527698	10712.70176557	168329.11100763	15.77164289	10672.8964244
2772	2019-08-19 22:00:00	10929.8	10700.37667001	10710.17219951	10915.76304202	1030271.8651704	95.31479537	10809.14942083
2773	2019-08-20 00:00:00	10942.17	10852.71272998	10914.69999999	10887.82504985	1182019.8897338	108.476482	10896.55442304
2774	2019-08-20 02:00:00	10889.62505171	10781.85529097	10887.72504893	10785.5	344064.38354178	31.77577522	10827.88322738
2775	2019-08-20 04:00:00	10820.42857142	10773.78994649	10782.89440006	10778.0	105636.99845702	9.78262649	10798.42908906
2776	2019-08-20 06:00:00	10818.54482367	10730.21474665	10773.51558088	10809.49999994	235077.11699577	21.80843335	10779.18405339
2777	2019-08-20 08:00:00	10811.0	10519.8244101	10810.30000003	10702.31739395	1978028.9488788	185.56418236	10659.54067063
2778	2019-08-20 10:00:00	10702.30739383	10621.53293	10700.01099999	10693.23671649	293332.57214765	27.52600688	10656.56102704
2779	2019-08-20 12:00:00	10702.31739396	10641.21540754	10697.56335308	10665.19999997	238027.1516604	22.31341822	10667.44455347
2780	2019-08-20 14:00:00	10737.67433622	10573.81439996	10651.0	10737.67433622	526627.41689512	49.50951345	10636.89340084
2781	2019-08-20 16:00:00	10794.99999999	10714.82001003	10737.06475395	10749.8	204830.50671731	19.04279583	10756.32530779
2782	2019-08-20 18:00:00	10753.8898999	10712.18045843	10749.8	10738.62596555	77408.30140735	7.20571893	10742.62015481
2783	2019-08-20 20:00:00	10820.0	10655.98717723	10729.90123807	10795.51843798	421105.26824091	39.23579253	10732.68159216
2784	2019-08-20 22:00:00	10835.22577752	10734.4999999	10795.51843798	10747.1349111	323050.42654053	29.9324353	10792.65429968
2785	2019-08-21 00:00:00	10799.53171858	10650.0	10763.86594711	10686.25999998	196612.9093557	18.37772712	10698.43447298
2786	2019-08-21 02:00:00	10701.25979985	10236.86319239	10677.63475457	10317.78609884	2124205.1274743	203.63472244	10431.44853697
2787	2019-08-21 04:00:00	10328.60536462	10175.42152152	10323.19616996	10247.74648522	1306393.9870555	127.6610232	10233.30343364
2788	2019-08-21 06:00:00	10286.91954236	10126.0	10245.49999997	10142.61	1127660.2281505	111.0578392	10153.81026925
2789	2019-08-21 08:00:00	10256.40882183	10139.50384199	10139.50384199	10228.36099401	274040.18609585	26.90581005	10185.16764916
2790	2019-08-21 10:00:00	10228.36099401	10100.0	10228.36099401	10183.99999992	600130.31563415	59.1131936	10152.22286407
2791	2019-08-21 12:00:00	10183.99999997	9932.02044565	10183.99999997	9969.02668685	3206354.5031442	320.68703414	9998.39145895
2792	2019-08-21 14:00:00	10112.64958873	9961.07524326	9961.07524326	9990.0	1712363.0408799	170.0231281	10071.35358592
2793	2019-08-21 16:00:00	10175.0	9886.05320926	9990.0	10113.90347702	966536.83001553	96.37208638	10029.21972867
2794	2019-08-21 18:00:00	10132.40265012	10066.2652136	10110.31046173	10107.41479512	211060.7093068	20.905121	10096.12473933
2795	2019-08-21 20:00:00	10189.3526621	10059.71709492	10117.65213464	10059.71709492	344339.89575157	33.92513269	10149.99407365
2796	2019-08-21 22:00:00	10135.80999999	9988.34673	10058.71521934	10134.36772855	335791.99726197	33.40906308	10050.92529706
2797	2019-08-22 00:00:00	10160.99999995	9781.23688	10134.52	9822.3588607	605746.57356595	61.13355262	9908.57798386
2798	2019-08-22 02:00:00	9950.72862999	9775.0	9808.53148004	9877.79654298	998497.80777205	101.29009732	9857.80282763
2799	2019-08-22 04:00:00	10029.59444473	9873.01735539	9873.22409281	9979.40388827	358820.97971276	36.01887338	9962.02673879
2800	2019-08-22 06:00:00	10043.30168	9896.27422061	9977.13273012	9977.66528135	499345.51144668	50.06925825	9973.09584562
2801	2019-08-22 08:00:00	9992.4728705	9909.18999967	9966.18999968	9989.7468666	247590.52158182	24.83621292	9968.9321548
2802	2019-08-22 10:00:00	10062.0	9891.26302723	9989.74686662	9969.6194707	429220.21295094	42.99922027	9982.04642446
2803	2019-08-22 12:00:00	10150.00001	9955.0	9972.18075799	10122.00000002	841114.19211512	83.32993593	10093.78181715
2804	2019-08-22 14:00:00	10174.83368717	10061.90224705	10126.85305	10102.12421484	308327.46418834	30.45408072	10124.33988808
2805	2019-08-22 16:00:00	10174.66924738	10067.26188274	10110.94999992	10155.71106399	214573.60343773	21.20994175	10116.65217976
2806	2019-08-22 18:00:00	10229.23754879	10154.39176999	10154.39176999	10170.88567867	1104339.2474135	108.32490086	10194.69428216
2807	2019-08-22 20:00:00	10203.66	10100.09296217	10168.10000001	10127.03122067	123732.31794444	12.19459971	10146.48458226
2808	2019-08-22 22:00:00	10191.0496613	10098.47782225	10137.92359185	10103.61402433	277573.03132971	27.33962976	10152.77213943
2809	2019-08-23 00:00:00	10124.04247068	10029.59444478	10101.00000001	10070.63	662748.95554084	65.75005955	10079.8228941
2810	2019-08-23 02:00:00	10150.0	10057.7285301	10067.98870004	10142.86691229	63911.61195043	6.33560335	10087.69148252
2811	2019-08-23 04:00:00	10181.18461607	10117.22862337	10143.0	10133.35856264	104239.1082098	10.28024079	10139.753566
2812	2019-08-23 06:00:00	10219.35160678	10097.95918367	10132.0	10200.0	95482.83085848	9.37354718	10186.41385432
2813	2019-08-23 08:00:00	10203.21795775	10110.0	10203.21795775	10114.944	262391.04605799	25.81736444	10163.35523588
2814	2019-08-23 10:00:00	10140.83359978	10067.87234691	10114.35532	10116.13291026	315498.50414427	31.2090098	10109.21224883
2815	2019-08-23 12:00:00	10400.0	10099.38615572	10108.54662824	10339.55076172	789664.3359467	76.72691665	10291.88152508
2816	2019-08-23 14:00:00	10420.50844618	10340.7	10340.7	10386.75208	1490948.1755828	143.64371701	10379.48757256
2817	2019-08-23 16:00:00	10405.20151499	10360.95400008	10386.75207001	10394.29999987	178697.11577571	17.21170579	10382.3013219
2818	2019-08-23 18:00:00	10441.70679653	10365.0	10389.01558581	10390.0451	143787.44082469	13.837748359999999	10390.95646805
2819	2019-08-23 20:00:00	10421.53558199	10260.55556428	10399.79999995	10388.03312056	565467.13536602	54.67242711	10342.82114873
2820	2019-08-23 22:00:00	10435.16602455	10348.07209007	10388.0331206	10383.75091678	441009.15329712	42.5408568	10366.72005386
2821	2019-08-24 00:00:00	10400.0	10359.2971869	10389.9	10369.00000001	142714.62610368	13.74526951	10382.81759407
2822	2019-08-24 02:00:00	10369.00000022	10280.82891289	10369.0	10320.59999996	78600.51483824	7.61751678	10318.39077067
2823	2019-08-24 04:00:00	10358.09588433	10314.00000009	10341.28767687	10322.16577546	42946.15484028	4.15504901	10335.89609579
2824	2019-08-24 06:00:00	10331.75542329	10245.0	10320.00000051	10295.49999988	266122.85799972	25.86401504	10289.30959049
2825	2019-08-24 08:00:00	10295.0	9895.15483671	10295.0	9989.99264	2892484.4571452	288.58816108	10022.87982403
2826	2019-08-24 10:00:00	10044.0	9964.96562639	9985.07468059	10004.50000007	333716.34197188	33.38051147	9997.34058214
2827	2019-08-24 12:00:00	10022.15402	9945.2412	10004.07299434	9997.51044849	197004.622888	19.71742503	9991.39708092
2828	2019-08-24 14:00:00	10003.80000028	9948.24898	9996.48357267	9993.77191363	1171130.6299278	117.50601312	9966.55914733
2829	2019-08-24 16:00:00	10080.95830584	9952.20622259	9993.77191363	10043.43904538	166242.20561176	16.5333668	10054.95176044
2830	2019-08-24 18:00:00	10130.00000001	10040.73802255	10040.73802255	10100.0	102549.06400071	10.16477308	10088.67224025
2831	2019-08-24 20:00:00	10151.0	10043.70864903	10108.10101037	10055.0	103906.42003035	10.29902164	10088.96025878
2832	2019-08-24 22:00:00	10196.29251289	9969.55994323	10049.74201574	10120.02	397562.62301964	39.32461601	10109.76490955
2833	2019-08-25 00:00:00	10150.89704307	10032.0	10137.71826091	10069.22431003	309081.99832074	30.50391556	10132.53520561
2834	2019-08-25 02:00:00	10150.89704307	10061.92713418	10080.0	10105.25	109564.40517635	10.84124292	10106.25866285
2835	2019-08-25 04:00:00	10122.63217498	10015.0	10106.9731176	10055.1779684	65247.40441976	6.48336769	10063.81367516
2836	2019-08-25 06:00:00	10122.34	10027.25919222	10060.70876503	10088.04544881	41102.96383168	4.07311218	10091.29187099
2837	2019-08-25 08:00:00	10130.0	10052.9957856	10100.55804674	10125.01063242	91901.36729182	9.1187919	10078.2393435
2838	2019-08-25 10:00:00	10150.89704307	10089.93021474	10129.69945701	10106.77616812	149591.32951052	14.76941387	10128.45403529
2839	2019-08-25 12:00:00	10280.20202161	10090.33021478	10096.56836779	10224.10502686	2076071.0772828	203.39434578	10207.12286431
2840	2019-08-25 14:00:00	10224.10501003	9955.43841006	10224.10501003	10068.30999981	1012347.8953826	100.62203835	10060.89632035
2841	2019-08-25 16:00:00	10122.29999998	10035.85509774	10067.18548644	10081.48300839	292559.16725635	29.01526477	10082.93977585
2842	2019-08-25 18:00:00	10138.12969685	9970.20408163	10077.58300785	10075.38505726	1452999.4652168	144.69664799	10041.69402263
2843	2019-08-25 20:00:00	10086.55317367	9915.69389319	10076.30695996	10012.10112524	1192612.1996095	119.31600646	9995.40828588
2844	2019-08-25 22:00:00	10157.0	9980.0	9995.14216871	10136.97951002	206246.63335016	20.48253929	10069.38790303
2845	2019-08-26 00:00:00	10600.0	10136.97951002	10136.97951002	10416.6440122	5219068.3472174	502.40396661	10388.19096599
2846	2019-08-26 02:00:00	10452.85468567	10217.92206781	10416.6440122	10283.86999998	904203.62165648	87.2763537	10360.2360012
2847	2019-08-26 04:00:00	10350.43305957	10266.79477947	10288.53953457	10342.67605253	299373.2714011	29.04040807	10308.85208911
2848	2019-08-26 06:00:00	10391.08477255	10319.03364985	10342.67605252	10330.61679895	170130.33023743	16.43428175	10352.16097822
2849	2019-08-26 08:00:00	10381.19549514	10294.04369078	10333.58908846	10354.30454467	223334.92288154	21.63440553	10323.13656928
2850	2019-08-26 10:00:00	10414.95152619	10332.0	10370.80758	10383.18402884	149414.0214523	14.405197	10372.23034522
2851	2019-08-26 12:00:00	10400.82040811	10299.08514213	10380.84652284	10365.96453127	208525.63352012	20.13683663	10355.43155817
2852	2019-08-26 14:00:00	10375.49654179	10313.1973153	10368.72821426	10345.28122945	178671.29111513	17.27768663	10341.15821992
2853	2019-08-26 16:00:00	10388.17424199	10250.0	10342.2	10327.12999997	844354.65766207	81.82657569	10318.83163314
2854	2019-08-26 18:00:00	10342.35999998	10300.4605376	10326.39999966	10341.19999976	240762.53583947	23.33796043	10316.34861845
2855	2019-08-26 20:00:00	10337.64192987	10201.0	10337.64192987	10293.03650555	243745.66404752	23.77778618	10250.98224882
2856	2019-08-26 22:00:00	10412.72614673	10296.25593922	10296.25593922	10373.47386427	248203.09796424	23.97716632	10351.64433743
2857	2019-08-27 00:00:00	10390.88999994	10304.64955728	10374.17641559	10320.8	223292.79014916	21.58530542	10344.66669821
2858	2019-08-27 02:00:00	10318.41574204	10107.77665285	10308.22894686	10193.60006176	438201.88495617	42.86920524	10221.83365665
2859	2019-08-27 04:00:00	10250.04416917	10161.1	10194.10006195	10237.72600623	184062.83003318	18.01390242	10217.82097747
2860	2019-08-27 06:00:00	10243.11514252	10136.91405872	10243.11514252	10181.87707328	92801.95487781	9.11596616	10180.15570143
2861	2019-08-27 08:00:00	10210.15462881	10133.58095275	10179.27443784	10150.5959499	74683.05076937	7.33864771	10176.67746437
2862	2019-08-27 10:00:00	10179.3568498	10102.93999881	10154.10000019	10130.68154747	381547.39682011	37.68606486	10124.36289746
2863	2019-08-27 12:00:00	10200.0	10059.71709492	10127.88154747	10184.85185943	381343.88548573	37.74483159	10103.20802667
2864	2019-08-27 14:00:00	10200.19164575	10125.0	10180.6060976	10190.5076984	181957.63567569	17.88480663	10173.86653599
2865	2019-08-27 16:00:00	10234.24062636	10169.0	10189.20443263	10183.47563379	228098.94308931	22.37936066	10192.3797804
2866	2019-08-27 18:00:00	10210.99479198	10140.0	10194.89999935	10165.97274662	117952.6657247	11.59692496	10171.02948682
2867	2019-08-27 20:00:00	10182.81562682	10129.77982896	10161.20484049	10146.48228712	83755.73439189	8.25129255	10150.61990401
2868	2019-08-27 22:00:00	10199.99999999	10120.48575978	10147.12110894	10182.12413899	133188.42734055	13.09254588	10172.84404128
2869	2019-08-28 00:00:00	10182.12413899	10108.88331501	10182.12413899	10109.29950386	109660.81669063	10.81499583	10139.70032114
2870	2019-08-28 02:00:00	10134.10028523	10080.0	10108.57174975	10087.75552503	171365.60010043	16.96174299	10103.06548103
2871	2019-08-28 04:00:00	10158.24192273	10065.0	10088.00840955	10127.74212	204919.07013121	20.27934591	10104.81654786
2872	2019-08-28 06:00:00	10210.79450515	10124.029167	10135.0744632	10158.29954985	232717.84043226	22.87030227	10175.54720899
2873	2019-08-28 08:00:00	10162.07221785	10110.0	10158.59999999	10151.63054488	67840.87782107	6.68899452	10142.16376141
2874	2019-08-28 10:00:00	10164.90999999	10109.55727961	10145.59115596	10147.50318823	154790.87750068	15.28573436	10126.49270588
2875	2019-08-28 12:00:00	10290.0	10146.93026564	10147.50318823	10173.78852877	433408.9066925	42.48350043	10201.81723035
2876	2019-08-28 14:00:00	10256.0	10162.25938919	10175.96826513	10245.0	274928.8659876	26.87581424	10229.60136323
2877	2019-08-28 16:00:00	10265.42500103	10099.0	10248.23381196	10199.0	998605.47366257	98.08562801	10180.95610868
2878	2019-08-28 18:00:00	10191.13856299	9627.19994825	10191.13856299	9686.98	8355797.9777253	844.79712119	9890.89305365
2879	2019-08-28 20:00:00	9744.93999996	9651.83419811	9691.48288997	9718.54199976	741795.35471122	76.5216108	9693.93282441
2880	2019-08-28 22:00:00	9752.79292009	9693.57108304	9734.10593759	9740.09698812	255811.18625602	26.27971299	9734.16971309
2881	2019-08-29 00:00:00	9740.0	9640.00000001	9740.0	9689.08379668	325360.37655669	33.60108502	9683.03185337
2882	2019-08-29 02:00:00	9703.98230773	9540.0	9692.28289391	9599.67837391	467490.7253213	48.66523806	9606.25579895
2883	2019-08-29 04:00:00	9640.58205381	9572.54323623	9598.75000001	9602.25713799	235337.80243757	24.5124013	9600.7649172
2884	2019-08-29 06:00:00	9595.90988932	9336.28458356	9595.26610723	9387.41323044	1122378.025953	118.62638929	9461.45316122
2885	2019-08-29 08:00:00	9488.0	9390.60000009	9390.60000009	9485.62050837	501714.99512524	53.15575452	9438.58289014
2886	2019-08-29 10:00:00	9495.43054782	9453.99999995	9480.48015677	9468.27297671	167047.42278643	17.64339633	9467.9856226
2887	2019-08-29 12:00:00	9494.95870227	9390.18999986	9468.05579815	9457.04317699	380488.42785974	40.25979822	9450.82798926
2888	2019-08-29 14:00:00	9585.0	9389.33172785	9460.08320006	9500.94652916	1578656.779047	165.73469631	9525.20392045
2889	2019-08-29 16:00:00	9545.39386329	9470.7800004	9507.75587583	9540.0	279795.89170344	29.40160568	9516.34732975
2890	2019-08-29 18:00:00	9551.71169001	9444.99999997	9526.4771085	9502.73000013	360254.81517002	37.97467186	9486.71305174
2891	2019-08-29 20:00:00	9542.07097302	9487.50000003	9512.5311744	9512.52	141667.30467798	14.89063543	9513.8522022
2892	2019-08-29 22:00:00	9515.102752	9459.90266099	9509.86810741	9485.98999998	50544.06145928	5.32745744	9487.46414749
2893	2019-08-30 00:00:00	9532.32730365	9350.0	9498.1731896	9442.90000015	233477.48181154	24.77612541	9423.48643897
2894	2019-08-30 02:00:00	9485.98999999	9425.16699715	9449.29056766	9468.92220883	195188.99125536	20.63186622	9460.55917453
2895	2019-08-30 04:00:00	9518.59067304	9456.09942621	9467.32692967	9514.50039658	201405.94119798	21.2222622	9490.31443019
2896	2019-08-30 06:00:00	9545.66110364	9478.23578445	9518.82338687	9484.65237962	108848.5125291	11.45530947	9502.01413712
2897	2019-08-30 08:00:00	9580.89000049	9477.26736002	9477.26736002	9570.1061	302125.23336978	31.67436158	9538.47901896
2898	2019-08-30 10:00:00	9626.0	9549.84209	9570.90610019	9575.8933963	307139.77958283	32.07619722	9575.3177185
2899	2019-08-30 12:00:00	9610.01890475	9557.28899564	9576.66233959	9610.01890475	115840.13584848	12.0922475	9579.70268541
2900	2019-08-30 14:00:00	9607.78517027	9560.0	9599.9999999	9590.8000001	89725.18297364	9.36425444	9581.668626
2901	2019-08-30 16:00:00	9596.959028	9522.76606008	9593.15440003	9535.8467176	171690.1470064	17.97748581	9550.28688777
2902	2019-08-30 18:00:00	9576.39314389	9459.11662969	9530.0	9561.67990696	131289.27267593	13.79907434	9514.3536038
2903	2019-08-30 20:00:00	9682.99105978	9571.0	9572.26156862	9602.36397088	241129.38503856	25.05706822	9623.20822697
2904	2019-08-30 22:00:00	9623.78834	9560.97759181	9591.36160668	9579.88337486	173068.79960438	18.03751353	9594.93664781
2905	2019-08-31 00:00:00	9643.75139928	9568.93223825	9586.09999999	9628.46584367	105134.60922361	10.925756	9622.63931426
2906	2019-08-31 02:00:00	9649.48286022	9615.34393434	9627.30578144	9616.03658197	30487.78291826	3.16766426	9624.68886089
2907	2019-08-31 04:00:00	9617.0	9589.2	9615.34393434	9611.81816275	27401.9604199	2.85100584	9611.33086276
2908	2019-08-31 06:00:00	9615.79999991	9587.00000001	9609.76916898	9587.27252403	18404.09945074	1.91845439	9593.19103267
2909	2019-08-31 08:00:00	9589.75595075	9533.3896976	9589.75595075	9568.44226882	212837.18644104	22.23446609	9572.39924626
2910	2019-08-31 10:00:00	9580.0	9543.58122253	9566.95457715	9555.81324179	73569.1833188	7.69694179	9558.23563774
2911	2019-08-31 12:00:00	9609.8001	9549.61000001	9550.22531323	9590.04651491	78679.09998077	8.21542654	9576.99513198
2912	2019-08-31 14:00:00	9593.558328	9560.41168105	9587.9	9591.91800001	82570.56609704	8.62133517	9577.46850909
2913	2019-08-31 16:00:00	9613.85489049	9571.814428	9594.86890394	9588.75015093	40083.77741212	4.17683653	9596.68330906
2914	2019-08-31 18:00:00	9602.49999935	9560.69999999	9599.90318879	9572.46697342	92622.15585253	9.67111996	9577.19025672
2915	2019-08-31 20:00:00	9650.0	9400.0	9568.9923813	9650.0	512743.93061625	53.91770877	9509.74999333
2916	2019-08-31 22:00:00	9688.8800001	9578.0	9650.0	9591.20000001	128885.40110274	13.40714946	9613.18447946
2917	2019-09-01 00:00:00	9635.44989004	9588.39466403	9588.39466403	9618.55581001	49069.73215606	5.10229847	9617.18183375
2918	2019-09-01 02:00:00	9618.61780514	9602.73229005	9614.66596475	9618.61780514	14095.57923627	1.46585507	9615.94329804
2919	2019-09-01 04:00:00	9627.95019694	9607.36612915	9620.53640082	9607.36612915	43350.32828877	4.51007939	9611.87698489
2920	2019-09-01 06:00:00	9616.82302	9604.45069986	9607.36612911	9605.75779196	46229.35869766	4.80941942	9612.25350931
2921	2019-09-01 08:00:00	9608.50181519	9552.11000001	9608.35779217	9593.10379166	131966.65373825	13.78411647	9573.82027534
2922	2019-09-01 10:00:00	9594.3595182	9566.24113021	9593.10379166	9571.21586446	87597.1082139	9.14030674	9583.60706108
2923	2019-09-01 12:00:00	9586.43698378	9555.09886775	9571.80063963	9566.87913624	23304.01535067	2.43577857	9567.37842991
2924	2019-09-01 14:00:00	9646.10569655	9559.88578987	9562.13104543	9607.36942873	156180.73297146	16.28022312	9593.27963875
2925	2019-09-01 16:00:00	9617.42036	9542.08835999	9601.0	9588.7017	208642.01490834	21.76990048	9583.96732681
2926	2019-09-01 18:00:00	9631.3576682	9575.04559166	9587.40859984	9616.68789152	221015.61507602	23.00148766	9608.75306601
2927	2019-09-01 20:00:00	9631.35766817	9604.55154696	9624.50309228	9618.51727296	61004.2024508	6.33872911	9624.04314684
2928	2019-09-01 22:00:00	9800.0	9623.1	9623.1	9724.72622572	600699.16644401	61.71641843	9733.21494871
2929	2019-09-02 00:00:00	9760.0	9731.47325296	9738.39999845	9738.60567007	173776.23667839	17.82362933	9749.7672029
2930	2019-09-02 02:00:00	9770.47173412	9735.18060001	9740.58086385	9750.96388935	109300.36114887	11.20535636	9754.2958597
2931	2019-09-02 04:00:00	9770.0	9739.96182485	9742.99328799	9752.04056855	180469.97214826	18.48677431	9762.11258503
2932	2019-09-02 06:00:00	9753.94679719	9729.01915875	9750.67278853	9742.46104716	144882.43749405	14.86892467	9743.97548642
2933	2019-09-02 08:00:00	9783.78465315	9733.50353	9743.20146723	9760.09590559	240276.78130369	24.65547232	9745.3732861
2934	2019-09-02 10:00:00	9840.39736061	9768.57083035	9768.57083035	9822.70000001	267871.59847144	27.311912069999998	9807.86690382
2935	2019-09-02 12:00:00	9926.68217	9789.99999999	9822.97056117	9890.61648647	429527.59024337	43.64941459	9840.39750081
2936	2019-09-02 14:00:00	9948.99999999	9851.06753378	9890.61648645	9876.2322468	649225.05288976	65.55123108	9904.08634885
2937	2019-09-02 16:00:00	10105.71056729	9876.2322468	9876.2322468	10063.86184791	1121183.0566099	112.06607346	10004.66083975
2938	2019-09-02 18:00:00	10173.67864696	10067.29636196	10067.29636196	10165.14240494	373214.13737118	36.88363897	10118.69077437
2939	2019-09-02 20:00:00	10386.0	10120.23407593	10170.62492791	10359.0	6402038.9539234	624.95031306	10244.07672119
2940	2019-09-02 22:00:00	10421.736	10295.12387581	10359.0	10346.19101013	781615.03050157	75.44694369	10359.79712727
2941	2019-09-03 00:00:00	10395.60000008	10282.88066017	10351.97424552	10319.76964972	187481.30708002	18.13564611	10337.72416724
2942	2019-09-03 02:00:00	10474.92462884	10311.0	10320.66435245	10390.0	510712.17886223	49.05675879	10410.63844124
2943	2019-09-03 04:00:00	10410.47618538	10352.47156953	10384.60000026	10399.1693288	437060.79034682	42.12509442	10375.30707917
2944	2019-09-03 06:00:00	10400.20000058	10353.46085492	10398.20000035	10365.40095959	229738.03002661	22.14569939	10373.93427865
2945	2019-09-03 08:00:00	10389.71992827	10288.53953459	10368.17584279	10288.53953459	398791.53940621	38.53834068	10347.91670761
2946	2019-09-03 10:00:00	10460.0	10272.3765655	10288.73953458	10402.20000014	531597.96418262	51.17634789	10387.57133129
2947	2019-09-03 12:00:00	10727.73168876	10402.98776949	10415.45899553	10663.99958342	2955151.6131769	279.05856012	10589.71855909
2948	2019-09-03 14:00:00	10739.0	10499.03391309	10664.02999999	10650.0	1927277.1237942	180.78961971	10660.33064777
2949	2019-09-03 16:00:00	10700.0	10591.599826	10653.54	10591.599826	245769.95001555	23.11092103	10634.36414743
2950	2019-09-03 18:00:00	10669.99999995	10591.50000001	10591.599826	10642.8153621	168880.91573147	15.89569296	10624.31918862
2951	2019-09-03 20:00:00	10700.05479978	10633.97487776	10649.62717761	10669.95951949	146799.64909285	13.75077077	10675.73967658
2952	2019-09-03 22:00:00	10681.30000002	10150.55732752	10669.95951949	10568.00600024	2409605.3473358	230.23980856	10465.6330389
2953	2019-09-04 00:00:00	10624.34512224	10422.48755045	10568.0060016	10501.94204184	1531061.5932963	145.05598195	10554.97038256
2954	2019-09-04 02:00:00	10617.66159335	10491.43416414	10492.62519591	10608.36381084	199711.41823988	18.93169993	10549.04836746
2955	2019-09-04 04:00:00	10625.62483954	10539.0	10603.00000019	10542.00281616	148884.69790759	14.06409216	10586.15772805
2956	2019-09-04 06:00:00	10609.99	10534.17775042	10552.47824106	10561.65692028	164506.53556525	15.55602103	10575.10370087
2957	2019-09-04 08:00:00	10573.7699997	10469.29497834	10573.7699997	10499.69999998	208214.74547263	19.82006796	10505.24881614
2958	2019-09-04 10:00:00	10577.39926798	10470.88273163	10488.84159904	10514.60000001	206819.24466862	19.62968913	10536.04279206
2959	2019-09-04 12:00:00	10532.751416	10376.45321424	10516.20000019	10390.44692331	680527.37542986	65.32902286	10416.92261168
2960	2019-09-04 14:00:00	10459.88228	10388.60000003	10405.06045	10406.90000004	292069.61459391	28.05828525	10409.38931198
2961	2019-09-04 16:00:00	10645.00387895	10406.91264986	10406.91264986	10634.73723375	505284.0391223	47.85178405	10559.35633652
2962	2019-09-04 18:00:00	10690.0	10578.8	10620.0	10681.50769064	343723.98901339	32.3629494	10620.91049752
2963	2019-09-04 20:00:00	10785.93478377	10575.0	10680.99826227	10595.79999799	1129204.5604364	106.12026728	10640.80019188
2964	2019-09-04 22:00:00	10595.79999799	10483.64	10595.79999799	10558.40000161	1176762.9975364	111.3285298	10570.18357873
2965	2019-09-05 00:00:00	10568.00999971	10493.7015748	10568.00999971	10525.90000005	145206.84455112	13.796319369999999	10525.04227083
2966	2019-09-05 02:00:00	10546.09375001	10495.460304	10526.68146439	10544.99999999	45768.11760972	4.35388165	10512.02611576
2967	2019-09-05 04:00:00	10615.32546674	10540.89999999	10545.0	10609.6935717	82240.07188968	7.76978286	10584.60363327
2968	2019-09-05 06:00:00	10620.94668	10522.0	10608.41231973	10555.0	98349.83618742	9.3168279	10556.15035965
2969	2019-09-05 08:00:00	10605.49952537	10514.0	10543.06562733	10557.89335511	114954.95710992	10.8618114	10583.40573929
2970	2019-09-05 10:00:00	10631.12999998	10455.55	10557.89335511	10560.13673645	406004.03937387	38.46073549	10556.32541087
2971	2019-09-05 12:00:00	10586.0	10522.56686301	10560.13673644	10586.0	117361.69023539	11.12318657	10551.08529348
2972	2019-09-05 14:00:00	10589.1137501	10525.62396558	10589.1137501	10545.206396	170856.25966349	16.19713144	10548.55054405
2973	2019-09-05 16:00:00	10590.55152099	10470.17851937	10528.57553198	10494.766228	226340.33838186	21.48771797	10533.47492264
2974	2019-09-05 18:00:00	10601.0	10487.92689856	10491.05826318	10520.01303561	457876.40970665	43.48456495	10529.63069155
2975	2019-09-05 20:00:00	10574.569	10500.0	10538.86834457	10551.2932211	240944.60957801	22.86110882	10539.49795152
2976	2019-09-05 22:00:00	10593.80764463	10537.28933574	10550.70174021	10567.44674386	124710.07449187	11.79490036	10573.21983955
2977	2019-09-06 00:00:00	10593.5594997	10556.06694094	10562.6609414	10578.0	62030.44725741	5.86770949	10571.49256675
2978	2019-09-06 02:00:00	10695.00000001	10578.0	10578.0	10659.1170611	463376.48247366	43.51409155	10648.883292
2979	2019-09-06 04:00:00	10775.46554509	10641.93356093	10641.93356094	10687.66496957	732984.89108005	68.41545106	10713.73322434
2980	2019-09-06 06:00:00	10725.40616998	10665.33071857	10682.82089853	10716.06707586	201321.15138713	18.79577867	10710.97691251
2981	2019-09-06 08:00:00	10770.23650467	10676.52868289	10716.06707586	10713.42785246	115452.74777508	10.78774129	10702.21695825
2982	2019-09-06 10:00:00	10876.35534745	10710.67985679	10717.45201648	10826.17453004	515659.48070231	47.71534105	10806.99559837
2983	2019-09-06 12:00:00	10900.0	10723.81069709	10823.52460919	10799.23567883	1040018.5025607	96.0077803	10832.64813862
2984	2019-09-06 14:00:00	10873.76149999	10795.93669444	10795.93669444	10845.62491883	423204.53359144	39.05064638	10837.32467507
2985	2019-09-06 16:00:00	10855.69779939	10210.0	10839.29025413	10416.96983118	1759152.2625869	167.83957928	10481.15271816
2986	2019-09-06 18:00:00	10435.164	10330.79599814	10414.19999999	10381.74414666	644267.76744141	61.98570825	10393.81150317
2987	2019-09-06 20:00:00	10417.56609667	10200.0	10376.34010421	10410.0	1035864.9565198	100.54104475	10302.90623193
2988	2019-09-06 22:00:00	10409.99999999	10280.82891288	10409.99999999	10301.65941387	625204.63872989	60.43580627	10344.93750173
2989	2019-09-07 00:00:00	10378.58209999	10301.89063622	10314.80132287	10359.09999981	95543.42902044	9.22339171	10358.81723605
2990	2019-09-07 02:00:00	10375.05347491	10319.67900646	10365.21509992	10327.2	96226.81747642	9.30669623	10339.52490747
2991	2019-09-07 04:00:00	10366.60379997	10311.70611479	10328.77553467	10366.60379997	74316.46249131	7.18525804	10342.90794813
2992	2019-09-07 06:00:00	10397.0974275	10327.0	10358.85425695	10364.73850424	124721.83918999	12.03923619	10359.61395072
2993	2019-09-07 08:00:00	10414.9769	10360.61956044	10365.2385043	10379.51795795	110072.3759543	10.58020934	10403.61040288
2994	2019-09-07 10:00:00	10414.59	10330.81626203	10384.89551988	10411.12777488	207868.11175756	20.04801889	10368.51136753
2995	2019-09-07 12:00:00	10426.0	10373.07429962	10412.7673731	10375.19423356	89748.6277077	8.64183849	10385.36276876
2996	2019-09-07 14:00:00	10459.64401219	10372.60000016	10374.41744575	10459.40000011	202151.09023196	19.39343913	10423.68446756
2997	2019-09-07 16:00:00	10545.02922053	10355.00000001	10459.6440122	10480.38014517	685594.50079154	65.33177531	10494.04363402
2998	2019-09-07 18:00:00	10505.82616757	10431.82747178	10478.38086178	10456.7943395	230884.72444038	22.03907477	10476.15323464
2999	2019-09-07 20:00:00	10529.99999987	10454.41612323	10461.17468008	10503.50415969	101659.59824192	9.70512414	10474.83749568
3000	2019-09-07 22:00:00	10504.2999999	10451.90515836	10492.52927541	10464.38604994	30780.91717475	2.9389923	10473.28949271
3001	2019-09-08 00:00:00	10501.11900947	10458.70651567	10458.70651567	10480.4657155	109159.82427292	10.39725854	10498.90448073
3002	2019-09-08 02:00:00	10545.02922053	10460.68800002	10487.2217228	10540.06770017	137421.93431256	13.08801547	10499.82975857
3003	2019-09-08 04:00:00	10574.55673853	10507.077	10541.91496012	10519.0492802	111908.13669609	10.6150699	10542.38339929
3004	2019-09-08 06:00:00	10568.28126999	10515.81848788	10525.40693141	10517.41594925	33003.02628321	3.13049888	10542.41753417
3005	2019-09-08 08:00:00	10520.90691986	10475.0	10517.34997857	10494.99999997	191432.67936553	18.2294817	10501.26835836
3006	2019-09-08 10:00:00	10523.71556901	10224.36623503	10490.34265597	10384.60987997	668898.29221979	64.57866436	10357.88365784
3007	2019-09-08 12:00:00	10412.12846798	10360.62499867	10385.65005967	10360.62499867	513503.42044851	49.38557263	10397.84279298
3008	2019-09-08 14:00:00	10411.26200925	10360.00000001	10360.00000001	10383.6	209822.14417076	20.21445059	10379.80939608
3009	2019-09-08 16:00:00	10420.0	10355.22404476	10383.60000001	10361.74220094	124716.87486734	11.99334256	10398.84204452
3010	2019-09-08 18:00:00	10382.17268893	10321.74066261	10358.0	10340.51167217	159757.87143802	15.42296943	10358.43792358
3011	2019-09-08 20:00:00	10405.0	10328.865289	10341.09394606	10405.0	226768.93914135	21.89441607	10357.3869436
3012	2019-09-08 22:00:00	10415.82551262	10365.71334142	10404.99999999	10394.75521409	116012.64127911	11.15717622	10398.02894491
3013	2019-09-09 00:00:00	10400.19905457	10371.2	10380.44850145	10387.5999981	30034.92615775	2.89177634	10386.32405359
3014	2019-09-09 02:00:00	10388.34271871	10266.021395	10380.66352653	10296.96691025	144809.69486796	14.05099107	10306.01287457
3015	2019-09-09 04:00:00	10326.64090563	10250.0	10301.59999999	10295.97033004	546426.9376869	53.05425725	10299.39850278
3016	2019-09-09 06:00:00	10302.6703402	10100.0	10294.00000162	10145.99724301	692289.27806624	68.0415673	10174.50516702
3017	2019-09-09 08:00:00	10269.53632999	10100.0	10145.997243	10262.16151204	1211665.7750863	119.77964378	10115.79043691
3018	2019-09-09 10:00:00	10523.91053171	10204.03980731	10250.0	10420.10027883	767728.23295681	73.78872851	10404.41065267
3019	2019-09-09 12:00:00	10417.95914255	10320.64452457	10417.95914255	10328.2640727	159447.53306711	15.37166572	10372.82074509
3020	2019-09-09 14:00:00	10357.32888626	10291.321263	10320.64452452	10324.0	267280.50877777	25.87532235	10329.55281338
3021	2019-09-09 16:00:00	10320.05503389	10169.14602199	10320.05503389	10270.79667599	349393.03926208	34.10837343	10243.61481145
3022	2019-09-09 18:00:00	10313.6126	10239.2820951	10270.45207975	10313.13146066	134136.70754531	13.05793749	10272.42683984
3023	2019-09-09 20:00:00	10319.43989436	10217.80028183	10299.50703034	10289.98998795	182302.94572584	17.73823686	10277.39944869
3024	2019-09-09 22:00:00	10360.59999999	10284.38916557	10284.38916557	10309.55288085	65281.21085258	6.32029724	10328.81973326
3025	2019-09-10 00:00:00	10378.06337277	10298.0	10298.0	10344.4110438	150407.7118593	14.52088384	10358.027343
3026	2019-09-10 02:00:00	10351.04877787	10271.77125711	10336.19999032	10310.3036701	56288.24154801	5.46748562	10295.0872595
3027	2019-09-10 04:00:00	10329.94773949	10128.00000001	10323.44772799	10244.96343605	2802612.1646267	275.35712284	10178.09939223
3028	2019-09-10 06:00:00	10285.99999978	10218.17624482	10243.49000114	10265.216643	170564.03104338	16.64684063	10246.03015277
3029	2019-09-10 08:00:00	10280.82891286	10209.06528187	10267.0166432	10260.80837357	118179.92378646	11.51891487	10259.64034982
3030	2019-09-10 10:00:00	10277.79498267	10222.78724276	10254.93900008	10255.197004	95189.30823195	9.29391675	10242.10898294
3031	2019-09-10 12:00:00	10264.16474971	10215.30000005	10249.20000001	10238.27824936	195092.7096865	19.06090702	10235.22697434
3032	2019-09-10 14:00:00	10239.76822887	10175.96494734	10239.76822887	10179.23426497	243652.97952913	23.87425848	10205.67737143
3033	2019-09-10 16:00:00	10239.17439588	10179.0	10179.96064791	10206.29125587	100666.65884982	9.8767781	10192.25680992
3034	2019-09-10 18:00:00	10206.29125587	9965.53034342	10206.09125587	10030.9	3026640.3519561	300.81804949	10061.3655234
3035	2019-09-10 20:00:00	10128.88	10000.0	10029.9	10117.91685962	291896.29445039	29.05263302	10047.15456425
3036	2019-09-10 22:00:00	10132.52329677	10060.50799266	10117.91685958	10114.97397512	176011.03905356	17.43684501	10094.2021881
3037	2019-09-11 00:00:00	10277.32291145	10079.35055189	10092.70863565	10081.14828552	675969.96695245	66.21882564	10208.12375361
3038	2019-09-11 02:00:00	10114.74960026	10055.7781497	10078.54157002	10112.6496	373786.48024436	37.04706726	10089.50256766
3039	2019-09-11 04:00:00	10105.30924183	9984.76840555	10102.89999988	10034.78043916	193051.94566509	19.22223866	10043.15621503
3040	2019-09-11 06:00:00	10068.7522	9900.0	10026.00223125	10055.9	581349.15224557	58.34747927	9963.56928386
3041	2019-09-11 08:00:00	10077.50284518	9991.51872785	10055.9	10025.0	152875.35089028	15.24366263	10028.78078588
3042	2019-09-11 10:00:00	10133.50954626	10028.49653086	10028.49653086	10067.46188276	271799.93717885	26.90437253	10102.44475598
3043	2019-09-11 12:00:00	10104.99999998	10025.0	10067.26188274	10035.89906235	86486.72530577	8.59810933	10058.80734779
3044	2019-09-11 14:00:00	10055.74854969	9981.43328254	10054.50000031	9990.0	355691.33299793	35.55166728	10004.91285532
3045	2019-09-11 16:00:00	10099.99999999	9933.0	9990.0	10058.06190978	402261.53784982	40.14785648	10019.50223793
3046	2019-09-11 18:00:00	10120.0	10044.64447839	10074.99999999	10087.59999991	254918.40212429	25.26947121	10087.99907231
3047	2019-09-11 20:00:00	10190.0	10055.93266964	10072.15762032	10165.86060418	390169.95303523	38.56764301	10116.51017756
3048	2019-09-11 22:00:00	10172.90235368	10110.04391098	10152.96464832	10158.13444378	101426.45815132	9.99926044	10143.39598012
3049	2019-09-12 00:00:00	10205.46	10135.42011967	10163.97700702	10135.42011967	166090.90825252	16.36525137	10148.99829507
3050	2019-09-12 02:00:00	10137.90690858	10092.67250265	10133.30930306	10101.77476907	127463.34649594	12.60321095	10113.56129811
3051	2019-09-12 04:00:00	10123.09999999	10068.52420003	10104.43016628	10082.10081092	342389.85827886	33.91536206	10095.42099751
3052	2019-09-12 06:00:00	10089.99999992	10050.0	10089.99999992	10082.89999954	77074.77999289	7.66091696	10060.77737108
3053	2019-09-12 08:00:00	10170.05874723	10081.70000037	10081.70000037	10118.15658771	166100.32628783	16.38446888	10137.66924667
3054	2019-09-12 10:00:00	10185.0	10119.772967	10119.772967	10162.10000033	154722.43567509	15.22409098	10162.99993729
3055	2019-09-12 12:00:00	10350.0	10164.0	10164.0	10342.68599999	875545.24911889	85.42159255	10249.69475494
3056	2019-09-12 14:00:00	10363.48482009	10275.20000006	10342.39691621	10315.53620055	472141.5027028	45.67414535	10337.1721372
3057	2019-09-12 16:00:00	10349.99999996	10242.36481104	10334.13199995	10287.63751587	291997.97262332	28.38898525	10285.60795857
3058	2019-09-12 18:00:00	10349.58165951	10278.94319979	10289.89999972	10304.09784532	183669.64156765	17.80785948	10313.96512163
3059	2019-09-12 20:00:00	10400.0	10304.09784529	10304.09784529	10379.43000012	314202.04061943	30.3401461	10355.98311174
3060	2019-09-12 22:00:00	10444.44	10380.0	10380.0	10394.18689557	549916.68311885	52.77734674	10419.5590928
3061	2019-09-13 00:00:00	10434.60633276	10321.70059893	10394.18689557	10321.70059896	446199.65281123	42.891981	10402.8688442
3062	2019-09-13 02:00:00	10378.56995233	10322.10059896	10322.10059896	10362.2	71517.94264368	6.91032902	10349.42655215
3063	2019-09-13 04:00:00	10395.69742704	10278.94319979	10359.8	10291.63365345	223744.64948423	21.6483852	10335.39672438
3064	2019-09-13 06:00:00	10319.11667171	10268.19261601	10283.0598072	10289.72092554	78006.96218553	7.57950357	10291.82999455
3065	2019-09-13 08:00:00	10327.6294	10263.39495118	10289.72092554	10314.99999996	62252.40235263	6.04879154	10291.70900352
3066	2019-09-13 10:00:00	10320.21898822	10251.36337851	10314.99999998	10300.17043849	134325.02776452	13.0607793	10284.61048756
3067	2019-09-13 12:00:00	10337.12970002	10286.23058127	10304.1575889	10312.8162293	156498.2801648	15.18033549	10309.27677902
3068	2019-09-13 14:00:00	10328.70179574	10274.86373508	10304.57129293	10300.8	134177.33185962	13.02903983	10298.32847319
3069	2019-09-13 16:00:00	10311.19999997	10200.85469598	10286.4200703	10234.7	533120.10805545	52.04461753	10243.52052828
3070	2019-09-13 18:00:00	10245.10648373	10195.0	10233.69999993	10203.62981978	321120.42736634	31.44298544	10212.78427836
3071	2019-09-13 20:00:00	10294.0	10154.0	10205.70000026	10293.09999996	351738.31158936	34.33070694	10245.58894764
3072	2019-09-13 22:00:00	10365.525	10260.0	10293.09999996	10344.79375393	163937.0672316	15.90668607	10306.17354929
3073	2019-09-14 00:00:00	10353.1297888	10289.55728916	10353.1297888	10292.7892205	265808.09423666	25.72751735	10331.66514361
3074	2019-09-14 02:00:00	10304.37374331	10276.68670025	10303.37374331	10288.58855023	27995.39914445	2.72050132	10290.52952065
3075	2019-09-14 04:00:00	10305.30000001	10265.0	10284.78294779	10287.90657004	51479.14852679	4.9997305999999995	10296.38447455
3076	2019-09-14 06:00:00	10332.79999998	10273.71754667	10291.0999998	10320.47191431	72283.59896508	6.99962917	10326.77549189
3077	2019-09-14 08:00:00	10343.5	10291.99837113	10326.61919581	10302.50666968	65617.41018789	6.35925061	10318.41866472
3078	2019-09-14 10:00:00	10317.0	10290.79999979	10302.7999998	10291.19999996	91858.83962583	8.91239207	10306.86698973
3079	2019-09-14 12:00:00	10349.50666958	10216.13594058	10291.69999977	10325.40343002	325272.94476923	31.56835987	10303.76446887
3080	2019-09-14 14:00:00	10395.70343006	10320.0	10325.40343003	10362.09999986	302583.9077077	29.23528076	10349.95730643
3081	2019-09-14 16:00:00	10395.70343006	10324.63995811	10350.97000112	10369.34599261	228321.88843102	22.0025678	10377.05646479
3082	2019-09-14 18:00:00	10392.29999998	10354.1341502	10380.44930861	10370.0	296424.11833964	28.56922701	10375.64363347
3083	2019-09-14 20:00:00	10400.0	10319.99999997	10371.12431991	10370.00000019	1652155.7388042	158.96074632	10393.48252352
3084	2019-09-14 22:00:00	10378.4	10326.00941563	10370.00000019	10336.60000037	406500.44913989	39.31397058	10339.84721316
3085	2019-09-15 00:00:00	10355.90001595	10317.00000003	10336.60000037	10334.70090043	434251.79570742	41.99238269	10341.20399676
3086	2019-09-15 02:00:00	10339.18449977	10292.29999996	10339.18449977	10293.40999863	26093.13063142	2.53265709	10302.67016188
3087	2019-09-15 04:00:00	10327.17947425	10260.0	10300.0	10327.17947348	145410.47534051	14.13700178	10285.80724565
3088	2019-09-15 06:00:00	10326.20000002	10275.69784194	10326.20000002	10292.01567596	181640.8570913	17.63038349	10302.71730585
3089	2019-09-15 08:00:00	10299.99999	10265.60675202	10292.0156763	10285.0	93195.39967477	9.06203717	10284.15552998
3090	2019-09-15 10:00:00	10319.20322999	10270.50000008	10270.50000008	10281.21031444	659537.51205718	64.12253386	10285.58093941
3091	2019-09-15 12:00:00	10315.634722	10250.32746781	10287.04293644	10268.25157824	314931.89935121	30.62020742	10285.10013114
3092	2019-09-15 14:00:00	10310.0	10258.19	10268.25157824	10306.19645374	229073.13495781	22.28619161	10278.70256912
3093	2019-09-15 16:00:00	10330.0	10291.97696474	10306.09645368	10317.99998918	276794.59376848	26.84538973	10310.69381194
3094	2019-09-15 18:00:00	10317.99998534	10285.20000003	10317.99998534	10304.68786065	137380.22483078	13.342592	10296.36706501
3095	2019-09-15 20:00:00	10316.1248	10273.05488649	10304.68786064	10296.00000001	163732.66837394	15.89644885	10299.95251888
3096	2019-09-15 22:00:00	10318.09999999	10288.40000304	10296.00000001	10295.88087366	62627.45703903	6.08182266	10297.48161697
3097	2019-09-16 00:00:00	10350.00000002	10303.58090827	10303.58090827	10346.67113165	168608.30769914	16.30922646	10338.21610808
3098	2019-09-16 02:00:00	10349.09999975	10301.10403943	10340.80816972	10303.1	161845.94528352	15.678461800000001	10322.82039833
3099	2019-09-16 04:00:00	10323.23764291	10302.60000021	10302.84388292	10306.02100003	67178.54537422	6.51359383	10313.59141013
3100	2019-09-16 06:00:00	10315.98016914	10287.57810936	10304.35244588	10302.20000049	678268.1088067	65.79618784	10308.62320558
3101	2019-09-16 08:00:00	10321.4296337	10286.33764006	10302.4558452	10298.05347027	162380.88634187	15.75166191	10308.80977954
3102	2019-09-16 10:00:00	10309.29999909	10277.33921144	10302.00000033	10277.33921144	96751.12601022	9.39434223	10298.87177212
3103	2019-09-16 12:00:00	10288.11294566	10113.9156	10288.11294566	10136.47170857	3020660.7334333	297.44102497	10155.4946354
3104	2019-09-16 14:00:00	10161.29060809	10125.57999993	10138.50805858	10130.73702432	129147.75106187	12.72974441	10145.3530332
3105	2019-09-16 16:00:00	10160.632628	10082.30314434	10130.0	10139.90742445	589631.19455006	58.13893454	10141.76126919
3106	2019-09-16 18:00:00	10153.60981794	10120.94182718	10141.72822281	10131.22359716	89248.49852531	8.80532048	10135.74675993
3107	2019-09-16 20:00:00	10320.4581213	10125.50000006	10129.81107893	10282.20000001	612596.56468616	59.84002243	10237.23821966
3108	2019-09-16 22:00:00	10305.0	10227.79438675	10300.0	10258.19999998	61255.72295842	5.95161222	10292.29067589
3109	2019-09-17 00:00:00	10258.19999997	10177.0	10258.19999997	10208.37699323	114773.758013	11.2331684	10217.39850468
3110	2019-09-17 02:00:00	10227.33435398	10199.91000001	10215.24330626	10223.38243999	99952.83233315	9.78624224	10213.60700889
3111	2019-09-17 04:00:00	10225.24035324	10166.42143292	10225.15573316	10196.9117051	146757.95015501	14.4082469	10185.69095696
3112	2019-09-17 06:00:00	10205.2565026	10181.91720519	10196.9117051	10193.24453794	145198.3964094	14.236604700000001	10198.94837772
3113	2019-09-17 08:00:00	10201.42472333	10140.0	10197.72472268	10158.66617145	193897.32194492	19.07495815	10165.01952036
3114	2019-09-17 10:00:00	10181.58596769	10157.952003	10162.41781602	10163.44999977	143701.44461785	14.13527955	10166.15512339
3115	2019-09-17 12:00:00	10242.0	10149.2857921	10158.0	10178.60916178	185339.59055251	18.18219916	10193.46388858
3116	2019-09-17 14:00:00	10229.93745415	10168.76631133	10176.29214409	10209.97826567	171443.00170369	16.81191674	10197.70704049
3117	2019-09-17 16:00:00	10263.99999999	10205.02127821	10207.61432295	10243.49404416	787045.85136816	76.84342517	10242.20158884
3118	2019-09-17 18:00:00	10249.85999999	10213.90109291	10245.10000007	10248.09172569	102595.62440498	10.02417719	10234.8175277
3119	2019-09-17 20:00:00	10268.03967019	10187.14158584	10248.09172569	10209.49668507	248289.62465867	24.23489223	10245.13013312
3120	2019-09-17 22:00:00	10238.15362383	10174.93	10209.09668495	10187.80747155	125198.25601065	12.26708755	10206.02938556
3121	2019-09-18 00:00:00	10257.88999983	10191.60000004	10191.60000004	10243.91305265	60965.23177373	5.96205313	10225.54318863
3122	2019-09-18 02:00:00	10250.70027158	10193.8530226	10240.35666665	10203.55511381	215144.65381007	21.06404005	10213.8361539
3123	2019-09-18 04:00:00	10227.05909736	10203.94451136	10210.10012847	10207.79999923	129373.3161503	12.66740809	10213.08504716
3124	2019-09-18 06:00:00	10219.99999977	10189.11404003	10200.9625546	10198.30611269	181545.35271759	17.79252555	10203.46168436
3125	2019-09-18 08:00:00	10200.15194291	10150.0	10198.30611269	10180.31999871	470796.10893144	46.27412198	10174.06897822
3126	2019-09-18 10:00:00	10196.4216918	10148.00851916	10188.51439492	10165.46350534	119361.31618074	11.7289471	10176.64374841
3127	2019-09-18 12:00:00	10199.91	10090.86864049	10162.36767898	10177.59517008	198030.89096683	19.48524779	10163.11894521
3128	2019-09-18 14:00:00	10187.40137256	10158.74714244	10187.40137256	10178.06287502	122157.16726271	12.00845892	10172.5931759
3129	2019-09-18 16:00:00	10205.35459176	10130.55502712	10176.60000117	10185.39999996	177260.83732863	17.4007581	10186.96060883
3130	2019-09-18 18:00:00	10210.65133992	10167.05902585	10181.60000067	10181.32217418	117612.46587994	11.54397002	10188.21650404
3131	2019-09-18 20:00:00	10216.67979999	10138.18439	10179.9	10195.28103817	72644.71471279	7.12764802	10191.96157118
3132	2019-09-18 22:00:00	10208.20000007	10155.33887797	10196.05883959	10164.35519547	57415.13415828	5.64355188	10173.58135073
3133	2019-09-19 00:00:00	10176.99899924	10126.1877681	10153.15811	10131.84949999	164556.35241617	16.20168002	10156.74622712
3134	2019-09-19 02:00:00	10141.88265813	9700.0	10130.0	9820.63024009	5295011.7361112	537.66579162	9848.14696906
3135	2019-09-19 04:00:00	9920.90756848	9791.1410049	9822.27734669	9899.99999998	914456.00426203	92.92583468	9840.70799483
3136	2019-09-19 06:00:00	9899.99999998	9856.05593	9899.99999998	9875.2	406310.77257304	41.1280215	9879.17137159
3137	2019-09-19 08:00:00	9890.96265687	9865.28106025	9874.32559847	9878.69427522	140811.1754019	14.25327213	9879.21749599
3138	2019-09-19 10:00:00	9879.83684974	9825.0	9879.49427526	9858.94	236411.08426473	23.99720286	9851.61002488
3139	2019-09-19 12:00:00	9889.15543603	9855.23266485	9860.43349952	9867.98594577	193189.90846412	19.56443564	9874.54542614
3140	2019-09-19 14:00:00	9885.36173781	9850.17393939	9860.10541794	9879.98865926	89534.14435511	9.07602717	9864.90483975
3141	2019-09-19 16:00:00	10090.0	9877.85579691	9880.80676827	10033.98198798	1085274.6322052	108.300794	10020.92959914
3142	2019-09-19 18:00:00	10100.0	10004.93902438	10030.74757992	10082.41358154	314880.20346741	31.39662132	10029.11110269
3143	2019-09-19 20:00:00	10265.82954118	10087.23240787	10087.23240787	10227.46186242	3302199.470021	322.47393266	10240.20590682
3144	2019-09-19 22:00:00	10244.3316609	10199.91000002	10227.46186242	10243.92000013	317485.42054352	31.04653885	10226.1131934
3145	2019-09-20 00:00:00	10265.82954118	10188.5	10244.3316609	10188.5	244808.76706322	23.92890274	10230.67249356
3146	2019-09-20 02:00:00	10235.0	10152.73000001	10190.038	10224.88	270762.17442479	26.57721851	10187.75438531
3147	2019-09-20 04:00:00	10220.33847938	10160.41013	10220.33847938	10165.92116412	144224.04793728	14.16024242	10185.13974969
3148	2019-09-20 06:00:00	10180.0	10140.01000001	10164.42115948	10152.06	185364.22210228	18.23919387	10162.96133609
3149	2019-09-20 08:00:00	10171.02999992	10125.00000001	10157.39999965	10141.59999998	247496.0971468	24.40391427	10141.65573639
3150	2019-09-20 10:00:00	10174.93	10139.50000081	10141.59999984	10174.93	87820.41421014	8.65100573	10151.46873681
3151	2019-09-20 12:00:00	10227.69342703	10165.09466669	10171.205	10180.1	183371.10293317	17.97840284	10199.5213126
3152	2019-09-20 14:00:00	10182.5	10145.5516833	10172.83292	10179.9	238285.09971363	23.43253775	10168.9839255
3153	2019-09-20 16:00:00	10180.0	10069.08423204	10178.36999991	10125.0	305137.29983254	30.14204922	10123.30971943
3154	2019-09-20 18:00:00	10193.93497357	10137.51275663	10137.51275663	10157.63682368	102691.40179107	10.09624944	10171.24253925
3155	2019-09-20 20:00:00	10170.35702481	10088.83556589	10170.09999999	10130.8	74811.62337525	7.38044034	10136.47152864
3156	2019-09-20 22:00:00	10181.43954	10131.10000003	10131.10000003	10163.24200001	83330.04880815	8.21318719	10145.88452453
3157	2019-09-21 00:00:00	10173.26576661	10135.00000015	10166.7	10151.30525973	48094.67484233	4.73798733	10150.86607298
3158	2019-09-21 02:00:00	10166.99999999	10117.50597	10151.30525966	10133.50260977	117385.99968272	11.57171591	10144.21720993
3159	2019-09-21 04:00:00	10123.20599198	10090.0	10123.20599198	10101.1284098	192999.13776945	19.09944763	10104.95913328
3160	2019-09-21 06:00:00	10103.99999995	9976.66325	10099.0759299	10075.99732525	338010.45546507	33.66506539	10040.39206665
3161	2019-09-21 08:00:00	10083.05180794	9990.0	10077.11532612	10005.42138191	335746.53660444	33.46472149	10032.85016744
3162	2019-09-21 10:00:00	10053.964	9988.0	10017.29531592	10051.25999992	182049.23973278	18.18554206	10010.65786942
3163	2019-09-21 12:00:00	10050.0	9902.000002	10050.0	10003.59000696	2652974.1625541	265.03210681	10010.01046433
3164	2019-09-21 14:00:00	10065.22448	9990.0	10005.29000725	10039.56559994	233910.88762626	23.31553409	10032.40529354
3165	2019-09-21 16:00:00	10054.9	9967.7905	10050.0083959	9971.17998148	390418.82666917	39.05112993	9997.63201139
3166	2019-09-21 18:00:00	10018.15539995	9968.81812	9972.65044713	10010.62713486	234628.13798383	23.46118204	10000.69551413
3167	2019-09-21 20:00:00	10028.56249999	9956.2	10010.62713485	9980.10000012	125015.68051309	12.51155829	9992.0151923
3168	2019-09-21 22:00:00	10017.2997	9948.47081699	9979.09999526	9984.52967214	112546.16843536	11.28798929	9970.43543751
3169	2019-09-22 00:00:00	10007.40297108	9869.0	9989.7	9903.64435	435089.64715629	43.80543016	9932.32221592
3170	2019-09-22 02:00:00	9938.583964	9881.1748309	9904.4717036	9881.1748309	143360.85236936	14.45781393	9915.80421932
3171	2019-09-22 04:00:00	9977.05458415	9861.98417983	9875.09999977	9945.13642809	217046.69644039	21.91048362	9906.06598214
3172	2019-09-22 06:00:00	10050.20118999	9927.61946	9945.33642812	10034.3878698	245744.59797194	24.58159121	9997.09888072
3173	2019-09-22 08:00:00	10087.0	9984.8174	10034.3878698	10008.2940509	321489.38150028	32.03121487	10036.75267407
3174	2019-09-22 10:00:00	10022.31267387	9991.76406	10011.86321011	10002.29994009	141479.52823958	14.14330468	10003.28646243
3175	2019-09-22 12:00:00	10053.76848531	9922.08795	10007.24439996	9989.12882294	417586.94029203	41.77706582	9995.60242194
3176	2019-09-22 14:00:00	9995.74741996	9950.64037004	9978.57158028	9988.904	148247.11773115	14.86562658	9972.4769039
3177	2019-09-22 16:00:00	10029.0099999	9972.17732346	9995.19753	10000.9	210447.4358964	21.04321517	10000.72632419
3178	2019-09-22 18:00:00	9998.95837734	9961.63363997	9989.6	9992.7	174013.63372568	17.42510019	9986.37780146
3179	2019-09-22 20:00:00	10055.237	9992.66115762	9992.66115762	10055.237	138913.31583628	13.87263231	10013.47925412
3180	2019-09-22 22:00:00	10065.237	10016.4950796	10052.6057708	10028.28475599	116252.31109972	11.573813	10044.42624913
3181	2019-09-23 00:00:00	10045.0434798	9947.67149815	10030.64091866	9972.89999999	571555.70916141	57.25714978	9982.2591826
3182	2019-09-23 02:00:00	9997.11734	9890.0	9972.9	9964.62805012	3029308.008849	304.93157966	9934.38597677
3183	2019-09-23 04:00:00	9978.60454	9940.0	9963.94229415	9962.73626819	226414.71546766	22.71258476	9968.68995141
3184	2019-09-23 06:00:00	9951.26612044	9879.15346	9951.26612044	9898.15555346	362693.43897867	36.59736546	9910.37017063
3185	2019-09-23 08:00:00	9965.20000004	9900.00000001	9900.00000002	9955.0	105731.18050561	10.63345185	9943.26038215
3186	2019-09-23 10:00:00	9952.6	9920.00000022	9952.6	9922.8	183184.34076968	18.43050018	9939.19530021
3187	2019-09-23 12:00:00	9929.53596999	9890.0	9921.69999969	9902.99723127	286749.80894046	28.93856949	9908.91443474
3188	2019-09-23 14:00:00	9950.0	9708.10000003	9901.2274063	9868.19641996	1632943.9544096	166.10050852	9831.05933244
3189	2019-09-23 16:00:00	9880.52701746	9787.64418999	9875.0	9812.11999845	3260865.1094977	332.05415643	9820.28095825
3190	2019-09-23 18:00:00	9846.17585365	9800.36343168	9807.35436566	9808.419511	249652.80152263	25.41292447	9823.85171046
3191	2019-09-23 20:00:00	9832.0	9715.16331594	9808.0	9760.54228243	3451006.9182242	353.48803946	9762.72612645
3192	2019-09-23 22:00:00	9758.6357327	9645.776	9758.6357327	9697.199	533324.93490982	55.06012401	9686.22836397
3193	2019-09-24 00:00:00	9783.39810866	9612.33919331	9704.0	9749.0	342440.20004317	35.32822195	9693.10599689
3194	2019-09-24 02:00:00	9753.9382072	9689.40100603	9728.25513	9721.95521785	236294.9339001	24.34082056	9707.76368519
3195	2019-09-24 04:00:00	9770.9068	9688.68325403	9718.83119948	9767.55345734	189752.64380049	19.46401421	9748.89566731
3196	2019-09-24 06:00:00	9781.36098	9736.0	9762.12101193	9754.8	166934.40407557	17.10694287	9758.28383505
3197	2019-09-24 08:00:00	9760.0	9680.47421809	9754.8	9740.0	1856233.97357	191.26398898	9705.08867596
3198	2019-09-24 10:00:00	9766.54261998	9703.71488148	9740.0	9727.0	245818.93342265	25.26214393	9730.72333463
3199	2019-09-24 12:00:00	9727.0	9590.15476598	9727.0	9639.29999989	770267.17818475	79.81559629	9650.58477275
3200	2019-09-24 14:00:00	9632.27159073	9417.0	9632.27159073	9520.53915222	1869737.1538225	196.43663241	9518.27126581
3201	2019-09-24 16:00:00	9605.7165658	9457.02231965	9522.33232809	9488.45636739	1224504.2435063	128.16690912	9553.98122583
3202	2019-09-24 18:00:00	9492.12693752	7906.6	9488.7	8330.0	8802580.5395124	1033.06648121	8520.82678086
3203	2019-09-24 20:00:00	8724.97879993	8121.60241995	8330.0	8651.94745336	2170341.8025092	256.24486269	8469.79634918
3204	2019-09-24 22:00:00	8769.71585	8466.21487112	8661.7449776	8501.53413007	1953658.4366516	226.12879706	8639.58267169
3205	2019-09-25 00:00:00	8720.0	8501.53413008	8503.31429997	8685.39999999	1027420.5699181	118.91369678	8640.05238874
3206	2019-09-25 02:00:00	8706.64832	8547.7662401	8685.02715914	8558.99926081	499448.73632359	57.83075412	8636.38636437
3207	2019-09-25 04:00:00	8586.29318017	8424.4788	8558.99926081	8490.688364	1402291.4469741	164.42606809	8528.40102097
3208	2019-09-25 06:00:00	8535.80667214	8323.51	8502.34117086	8328.89999998	644456.03084235	76.63167095	8409.78700911
3209	2019-09-25 08:00:00	8396.56859999	8220.92969954	8338.68999966	8382.1	1302737.7294519	156.59323503	8319.24654473
3210	2019-09-25 10:00:00	8450.4	8298.01345371	8396.5686025	8315.10312004	355812.70977882	42.47774903	8376.44926823
3211	2019-09-25 12:00:00	8427.29065665	8250.00000013	8315.10312	8384.0	488085.19137043	58.46061753	8348.95716111
3212	2019-09-25 14:00:00	8442.225	8300.0	8381.10000001	8300.0	436931.54724314	52.13859285	8380.19446555
3213	2019-09-25 16:00:00	8405.01933999	8243.0432	8307.29999998	8377.58011992	463265.05529005	55.5276807	8342.95705223
3214	2019-09-25 18:00:00	8392.80618042	8320.10000052	8375.07989995	8351.2691	317058.96997873	37.98167803	8347.68199889
3215	2019-09-25 20:00:00	8575.6176464	8334.62715012	8345.80298	8575.6176464	585614.28317053	69.19088212	8463.74934424
3216	2019-09-25 22:00:00	8619.9	8326.79235963	8575.31764616	8433.3339948	1467345.1225171	173.93091279	8436.36762999
3217	2019-09-26 00:00:00	8447.03729	8348.21133512	8436.4312666	8361.49723999	447881.41795769	53.30757076	8401.83507843
3218	2019-09-26 02:00:00	8399.96999995	8320.0	8357.60724	8362.5364464	253542.14024501	30.2983339	8368.18754066
3219	2019-09-26 04:00:00	8409.18847925	8344.4872761	8358.4000001	8395.45677	142385.35423643	16.97379999	8388.53729396
3220	2019-09-26 06:00:00	8433.02381875	8362.79290486	8392.00037964	8380.45139	241567.81840117	28.74786921	8402.98168314
3221	2019-09-26 08:00:00	8459.22999999	8367.73461619	8380.0913897	8445.27615486	341153.02232448	40.49453817	8424.66756608
3222	2019-09-26 10:00:00	8454.81443992	8398.9120857	8438.42625	8398.9120857	268704.89699267	31.91545934	8419.27086588
3223	2019-09-26 12:00:00	8432.4203462	8071.73308896	8392.26443964	8261.78797	3090257.9033193	375.99563836	8218.86635919
3224	2019-09-26 14:00:00	8386.0	7900.0	8258.08323999	7951.50882303	3296465.469903	409.02965189	8059.23349241
3225	2019-09-26 16:00:00	8018.22545982	7766.6	7928.56626985	7930.38694973	4101998.9577566	518.93219943	7904.69152282
3226	2019-09-26 18:00:00	8155.78622024	7914.16798	7915.38000034	8120.0	492073.13701958	61.21668309	8038.21952091
3227	2019-09-26 20:00:00	8136.87114116	8002.91000003	8120.76346865	8079.94533962	1489788.1944773	183.92849494	8099.82267817
3228	2019-09-26 22:00:00	8117.15749998	8020.0	8054.81000041	8037.41157048	1920118.5119996	238.04894966	8066.06588578
3229	2019-09-27 00:00:00	8070.0	7938.8	8047.99999999	8000.03349153	1573230.4385106	196.21940535	8017.71076466
3230	2019-09-27 02:00:00	8048.12436512	7972.91191028	8009.5362965	8002.11906581	209024.97578338	26.10594197	8006.79692093
3231	2019-09-27 04:00:00	8036.095219	7954.92756082	8028.526093	7980.20434342	221333.38165542	27.69363719	7992.21063441
3232	2019-09-27 06:00:00	8080.444818	7976.48064152	7976.48064152	8055.9342451	296823.86346926	36.8762931	8049.17844275
3233	2019-09-27 08:00:00	8125.20682874	8022.97159925	8061.8467784	8047.13390671	335862.0653819	41.61117623	8071.43887318
3234	2019-09-27 10:00:00	8081.44264329	7952.0	8050.5566533	7991.73541598	416495.53797089	52.03172839	8004.64545111
3235	2019-09-27 12:00:00	8035.1030796	7955.6728044	7986.80356419	7992.15214039	166889.42944779	20.86820146	7997.30775877
3236	2019-09-27 14:00:00	8088.60113692	7866.6	7999.05466362	7977.69962293	1093628.0420727	137.60381736	7947.6577253
3237	2019-09-27 16:00:00	8042.49410743	7946.49836502	7982.22765185	8033.69999967	395700.18435038	49.46517326	7999.57138066
3238	2019-09-27 18:00:00	8059.21704181	7999.34808855	8034.39999976	7999.34808855	186385.26566997	23.20672003	8031.52127612
3239	2019-09-27 20:00:00	8260.0	7992.31	7999.34808855	8205.65973285	673676.82024299	82.56020185	8159.82525656
3240	2019-09-27 22:00:00	8242.30999999	8131.14481784	8212.84668053	8166.6136	1797784.645509	219.79809241	8179.25499624
3241	2019-09-28 00:00:00	8200.0	8146.15000002	8166.61360001	8154.51000001	229937.88305254	28.15672399	8166.35781684
3242	2019-09-28 02:00:00	8167.38358766	8102.43000001	8154.51000001	8141.0	83986.93389081	10.31829812	8139.61109807
3243	2019-09-28 04:00:00	8160.2628	7700.98129344	8157.11446284	8145.57999994	1812549.1503905	228.19673489	7942.92324675
3244	2019-09-28 06:00:00	8200.0	8115.01000001	8126.92000001	8182.65622443	141499.51364905	17.35237513	8154.47525707
3245	2019-09-28 08:00:00	8209.99099998	8160.99	8189.13031768	8209.98999999	114904.79519465	14.02733692	8191.4903627
3246	2019-09-28 10:00:00	8230.0	8126.92000001	8210.0	8139.59137136	90079.38537983	11.02815046	8168.13170137
3247	2019-09-28 12:00:00	8136.31150759	8038.68545049	8136.31150759	8104.45317454	242649.28940491	30.01708859	8083.70500947
3248	2019-09-28 14:00:00	8105.89999983	8006.18979996	8105.74317476	8048.55469835	162734.52571093	20.23502979	8042.21824231
3249	2019-09-28 16:00:00	8166.66905293	8032.04855137	8064.72285866	8147.29082117	272139.05959042	33.44457542	8137.01642711
3250	2019-09-28 18:00:00	8179.30507095	8103.58088161	8146.15000001	8146.49244129	250920.91254188	30.81139152	8143.77086406
3251	2019-09-28 20:00:00	8170.91999999	8119.19115351	8146.53527624	8123.39	92931.5173172	11.40600913	8147.59275203
3252	2019-09-28 22:00:00	8309.49	8069.96999991	8126.3076605	8205.90000002	1694542.4809469	207.01993457	8185.40728682
3253	2019-09-29 00:00:00	8217.85405642	8165.38	8192.46544036	8165.38000001	94774.58292192	11.56621557	8194.08754301
3254	2019-09-29 02:00:00	8170.80604401	8138.16238683	8170.80604401	8139.29999987	57067.77555108	6.99754145	8155.40371698
3255	2019-09-29 04:00:00	8136.36344397	8100.11329211	8130.89989994	8121.25560701	43682.39086535	5.38358286	8113.99991442
3256	2019-09-29 06:00:00	8114.47310462	8046.87730001	8108.07030623	8079.99999999	164337.78672842	20.35217638	8074.70334671
3257	2019-09-29 08:00:00	8112.4603651	8069.83000008	8080.0	8098.0	26329.45010839	3.25080747	8099.35696019
3258	2019-09-29 10:00:00	8107.68999974	8036.82000001	8092.47401932	8083.49732961	226364.33730772	28.09131864	8058.1598966
3259	2019-09-29 12:00:00	8082.29732912	7900.0	8071.65814839	7997.71780658	948383.67502561	118.86033762	7978.97510654
3260	2019-09-29 14:00:00	8023.278028	7894.00000001	7993.17612033	7954.23416095	341146.11845731	42.8432413	7962.65894236
3261	2019-09-29 16:00:00	8023.93358136	7937.29	7950.76051093	7987.80889509	340388.13890345	42.53358775	8002.80806087
3262	2019-09-29 18:00:00	8011.54	7927.29	7985.68881552	7959.67989955	400224.01377684	50.25102473	7964.49457353
3263	2019-09-29 20:00:00	8086.19756875	7919.16798559	7936.37858914	8044.48118554	261759.16300823	32.70125867	8004.55926329
3264	2019-09-29 22:00:00	8120.79086618	8030.77000001	8044.48118554	8049.34563487	170291.13907468	21.05635203	8087.39988921
3265	2019-09-30 00:00:00	8047.55479429	7968.30000002	8047.21952532	8021.89209676	157599.54681003	19.64346778	8023.00024492
3266	2019-09-30 02:00:00	8019.33477998	7963.01056562	8016.86914467	7985.10755165	2356873.5043385	295.30836702	7981.0590134
3267	2019-09-30 04:00:00	7985.10755165	7723.0	7985.10755165	7816.17999895	1502051.4432723	190.75813397	7874.11478615
3268	2019-09-30 06:00:00	7819.23	7740.0	7800.3740487	7811.61564989	329601.57829318	42.310732	7790.02306774
3269	2019-09-30 08:00:00	8027.71207781	7779.1643227	7800.0	8016.53850009	1283773.6739181	161.81311481	7933.68124348
3270	2019-09-30 10:00:00	8090.9	7988.9365081	8012.0	8032.16290151	672049.28909641	83.61545936	8037.38081737
3271	2019-09-30 12:00:00	8120.0	7996.234059	8034.38000628	8100.38000291	1521508.0801597	187.66239643	8107.68757675
3272	2019-09-30 14:00:00	8298.30235253	8088.76000033	8100.02446	8269.99999999	1249287.7785287	152.65904768	8183.51612639
3273	2019-09-30 16:00:00	8315.42	8193.30000002	8270.0	8226.67639001	328951.9701631	39.87357604	8249.87379695
3274	2019-09-30 18:00:00	8280.766799	8226.67639	8229.99	8252.44965947	232629.92868698	28.17852981	8255.57366745
3275	2019-09-30 20:00:00	8265.91831068	8135.0	8261.54	8235.0	275999.18604804	33.66431612	8198.56803459
3276	2019-09-30 22:00:00	8281.75679901	8210.77384718	8235.0	8280.47096847	148515.07200014	17.99893808	8251.32412479
3277	2019-10-01 00:00:00	8300.438074	8173.85142	8281.75679901	8262.78062875	279914.19849116	33.98486005	8236.43816921
3278	2019-10-01 02:00:00	8490.05999999	8261.54000005	8261.55000008	8402.55	723498.69379813	86.16940499	8396.23638903
3279	2019-10-01 04:00:00	8459.99999999	8399.46225178	8399.46225179	8419.99999949	201467.50130659	23.90947161	8426.26322291
3280	2019-10-01 06:00:00	8420.0	8347.27212179	8420.0	8411.80953181	234967.72547495	28.05654292	8374.792509
3281	2019-10-01 08:00:00	8410.00614583	8295.58249581	8405.55906034	8317.0	397571.20368987	47.71453931	8332.28633115
3282	2019-10-01 10:00:00	8353.03578881	8288.62692514	8317.02817103	8353.03578881	325394.94330413	39.11488221	8318.95495829
3283	2019-10-01 12:00:00	8416.19926227	8279.20818177	8361.81363963	8331.84616369	648874.01784094	77.73521977	8347.23333594
3284	2019-10-01 14:00:00	8362.5762	8309.49	8335.64573852	8362.5762	225063.45973085	27.00121689	8335.3080214
3285	2019-10-01 16:00:00	8482.92397999	8249.95063353	8360.0	8273.26070527	665803.28493616	79.66756754	8357.26890496
3286	2019-10-01 18:00:00	8330.0	8235.59292	8275.87613337	8306.01226502	590806.15948972	71.27990846	8288.53701209
3287	2019-10-01 20:00:00	8404.09103623	8273.17163087	8306.03226671	8296.49598081	171508.57919132	20.52473139	8356.1911692
3288	2019-10-01 22:00:00	8365.35227388	8274.80971677	8297.08460973	8299.89999999	281001.76681956	33.7782714	8319.00968205
3289	2019-10-02 00:00:00	8328.67177845	8269.3526	8300.0	8278.48	160981.70897517	19.41834744	8290.18583958
3290	2019-10-02 02:00:00	8300.0	8203.85	8285.00000003	8241.14811318	268473.29954252	32.61757852	8230.93901277
3291	2019-10-02 04:00:00	8254.59999985	8155.67956077	8233.90066989	8158.1222586	486876.02836551	59.40979288	8195.2150439
3292	2019-10-02 06:00:00	8234.99870805	8168.34608628	8169.87675125	8204.27094825	291123.68515384	35.49053109	8202.85513382
3293	2019-10-02 08:00:00	8269.0	8202.68426668	8203.85	8231.89717751	192190.22404053	23.3090996	8245.28734865
3294	2019-10-02 10:00:00	8278.47999997	8208.82624259	8231.89717751	8270.0	125596.60237368	15.22714376	8248.20493936
3295	2019-10-02 12:00:00	8290.83948	8204.78	8276.49999999	8206.67603328	424228.4866823	51.39006471	8255.06815522
3296	2019-10-02 14:00:00	8245.10591192	8193.85775047	8217.373847	8233.9869664	146789.66784254	17.85003607	8223.49418605
3297	2019-10-02 16:00:00	8268.73637997	8188.03140005	8227.72769706	8222.10000002	373315.47835486	45.42711563	8217.89966581
3298	2019-10-02 18:00:00	8257.64897207	8218.24579002	8223.08	8256.24897151	180280.84091967	21.8773309	8240.53179721
3299	2019-10-02 20:00:00	8264.17790826	8216.44	8252.38103754	8249.23786884	29199.91689149	3.54457722	8237.91247281
3300	2019-10-02 22:00:00	8369.398171	8232.05374544	8252.97	8357.89978089	1010040.0683533	121.60518245	8305.8965745
3301	2019-10-03 00:00:00	8392.03072904	8311.10715387	8362.88157415	8320.79050557	393746.6888716	47.168247	8347.70664408
3302	2019-10-03 02:00:00	8343.7042511	8319.42769194	8319.42769194	8325.20766315	184921.52839295	22.18783497	8334.36559461
3303	2019-10-03 04:00:00	8366.28834	8279.54221838	8325.354362	8284.85102815	663051.63431349	79.72073204	8317.17945064
3304	2019-10-03 06:00:00	8299.03833991	8240.50905163	8289.6782041	8256.27966126	297313.90769989	35.95947835	8268.02616005
3305	2019-10-03 08:00:00	8290.03322893	8239.85782589	8247.41988338	8265.39999954	201856.45594433	24.41307968	8268.37328965
3306	2019-10-03 10:00:00	8265.39999954	8168.10000011	8265.39999953	8223.07999999	778819.02923604	94.69820757	8224.2214422
3307	2019-10-03 12:00:00	8242.10999999	8208.76375638	8212.47508527	8215.45470701	385538.42348654	46.88050949	8223.853104
3308	2019-10-03 14:00:00	8220.23600347	8050.0	8215.68476599	8119.43127945	1977236.1666732	243.33421202	8125.59874034
3309	2019-10-03 16:00:00	8203.74321367	8100.28937361	8118.03325999	8146.14999999	491447.09668428	60.23748135	8158.49344412
3310	2019-10-03 18:00:00	8150.28226165	8090.0	8143.71567532	8145.17893976	92311.70623519	11.35996169	8126.05788243
3311	2019-10-03 20:00:00	8192.81466518	8113.01853808	8150.49990435	8167.58609405	125937.85333579	15.43983815	8156.68222116
3312	2019-10-03 22:00:00	8274.0	8145.60696011	8165.38	8214.26248971	430564.20972283	52.48187836	8204.05486955
3313	2019-10-04 00:00:00	8223.60000001	8030.0	8223.60000001	8117.99999999	570644.28586653	70.30007946	8117.26373924
3314	2019-10-04 02:00:00	8134.19999997	8080.08282321	8115.16687157	8113.88336297	117505.66265929	14.49306703	8107.71539357
3315	2019-10-04 04:00:00	8100.0	8008.0	8094.16668922	8078.0	727681.00775397	90.16528564	8070.52295779
3316	2019-10-04 06:00:00	8142.94259426	8078.0	8078.0	8138.25778999	211339.67973385	26.0392381	8116.20059397
3317	2019-10-04 08:00:00	8135.30714097	8089.28134	8135.30714097	8121.0	243294.54115481	29.99068017	8112.33822559
3318	2019-10-04 10:00:00	8173.91826	8117.77645055	8121.0	8150.68813308	327722.78078717	40.2012381	8152.05690859
3319	2019-10-04 12:00:00	8174.36890243	8123.69000005	8164.30000001	8174.0	147692.86188938	18.14841703	8138.05753114
3320	2019-10-04 14:00:00	8178.34999972	8126.92	8174.0	8147.40435365	201742.12927875	24.75787167	8148.60550081
3321	2019-10-04 16:00:00	8202.5297	8128.81744526	8133.60000001	8168.2005	653357.58704108	79.9697566	8170.05846734
3322	2019-10-04 18:00:00	8195.206772	8154.41	8161.83303005	8177.60889088	282617.6594914	34.56415272	8176.61181458
3323	2019-10-04 20:00:00	8214.914692	8128.4113658	8181.0121181	8166.12271692	483408.05022889	59.06465936	8184.38733867
3324	2019-10-04 22:00:00	8197.09171621	8135.75597232	8175.51222932	8135.75597232	108760.87237584	13.34385789	8150.63179422
3325	2019-10-05 00:00:00	8143.1258762	8095.34483142	8135.75597232	8103.76198075	198807.47782933	24.5078739	8111.98387263
3326	2019-10-05 02:00:00	8139.62266581	8095.05	8102.82976841	8128.77192361	106780.67507393	13.15164344	8119.18872048
3327	2019-10-05 04:00:00	8141.90349457	8102.9945167	8132.84345241	8114.76746462	47399.63187053	5.83655143	8121.17094126
3328	2019-10-05 06:00:00	8130.0	8095.05000001	8110.00000001	8107.22273663	108153.19182156	13.33115796	8112.81301639
3329	2019-10-05 08:00:00	8107.22273663	8074.72281488	8107.22273663	8081.47150024	316440.90520576	39.127935	8087.33977925
3330	2019-10-05 10:00:00	8099.99999996	8067.36494012	8080.42851078	8083.50880988	96461.19602987	11.93658304	8081.13977899
3331	2019-10-05 12:00:00	8089.2644109	8015.0	8081.2999992	8063.00104964	161374.81074484	20.01873543	8061.18904508
3332	2019-10-05 14:00:00	8090.71475999	8029.74158358	8062.99999294	8083.1	304617.57095208	37.8323531	8051.77436748
3333	2019-10-05 16:00:00	8099.00369997	8033.09026001	8090.51469996	8041.7999997	232112.23309508	28.80356755	8058.45431098
3334	2019-10-05 18:00:00	8088.98257662	8040.0	8040.0	8074.51885224	83795.50142135	10.37241024	8078.69140175
3335	2019-10-05 20:00:00	8180.0	8056.3216471	8069.23	8138.12228771	625434.27670351	77.18082261	8103.49327142
3336	2019-10-05 22:00:00	8165.72439182	8100.0	8137.72228772	8123.70530665	269647.76345797	33.16715046	8129.96473071
3337	2019-10-06 00:00:00	8154.40999993	8042.72406426	8126.92	8058.3818435	910098.51410248	112.61544343	8081.47165595
3338	2019-10-06 02:00:00	8062.79234825	8012.9921	8050.14507037	8040.49247861	428021.76541597	53.25078184	8037.84941039
3339	2019-10-06 04:00:00	8079.07033056	8038.21374721	8042.34328074	8051.8450444	96794.87541545	12.01483873	8056.27754068
3340	2019-10-06 06:00:00	8057.17676062	7909.99999997	8043.32628771	7967.28999996	998448.53091719	125.22767975	7973.0658023
3341	2019-10-06 08:00:00	7968.69999925	7864.60612158	7956.78322558	7934.61999645	407949.07701405	51.52973369	7916.77052841
3342	2019-10-06 10:00:00	7956.65959257	7895.09810264	7934.61999645	7938.90000002	279442.86261175	35.27308593	7922.26864318
3343	2019-10-06 12:00:00	7961.06973807	7874.86849753	7939.80000001	7886.0	1050751.0238426	132.78199674	7913.35459354
3344	2019-10-06 14:00:00	8049.99999999	7865.17399278	7886.0	8009.59546614	1951216.907758	246.52336747	7914.93693998
3345	2019-10-06 16:00:00	8024.3307425	7959.4022734	8009.59546614	7973.08	254738.59219565	31.8680816	7993.53395014
3346	2019-10-06 18:00:00	7983.42402044	7800.0	7971.3208398	7894.4149347	2583302.1826512	329.27244522	7845.48546394
3347	2019-10-06 20:00:00	7922.72775126	7864.67252336	7889.28949458	7922.72775126	245683.56861434	31.13603175	7890.6512746
3348	2019-10-06 22:00:00	7913.89222191	7800.0	7913.89222191	7862.0	853394.67119839	108.74993367	7847.31210768
3349	2019-10-07 00:00:00	7874.09122367	7771.1272	7862.0	7809.81523945	935998.36249285	119.84330611	7810.18475603
3350	2019-10-07 02:00:00	7898.5	7799.41493054	7822.10501648	7859.04145356	337025.38498715	42.89056586	7857.79758857
3351	2019-10-07 04:00:00	7882.81870859	7806.48171845	7868.70639343	7834.63682487	139137.15273646	17.75160969	7838.00202721
3352	2019-10-07 06:00:00	7877.54877001	7808.3361892	7834.43682484	7856.3227263	142539.60885216	18.13619776	7859.39868645
3353	2019-10-07 08:00:00	7940.0	7862.75918128	7862.75918128	7925.58632002	475721.42314562	60.1385006	7910.43039649
3354	2019-10-07 10:00:00	8056.0	7927.20825655	7931.53172479	7986.31841632	699618.28199693	87.50185306	7995.46818188
3355	2019-10-07 12:00:00	8191.0	7983.89999988	7983.89999988	8146.91712464	1274200.8373861	156.99858578	8116.00200763
3356	2019-10-07 14:00:00	8211.1111	8110.55926773	8144.42867216	8171.98718657	597989.46999622	73.30539098	8157.51013672
3357	2019-10-07 16:00:00	8265.66025217	8140.0	8176.47439115	8257.0	719167.07471499	87.57610157	8211.91011956
3358	2019-10-07 18:00:00	8293.21419929	8200.01000001	8257.0	8211.99999999	987902.94326262	119.89520358	8239.72030376
3359	2019-10-07 20:00:00	8239.65908606	8159.99443312	8210.81621472	8183.1288815	332880.07385686	40.63138104	8192.6842095
3360	2019-10-07 22:00:00	8238.17398952	8179.60000001	8183.1288815	8188.96999999	285370.0743234	34.80387776	8199.37583654
3361	2019-10-08 00:00:00	8265.0	8187.69445095	8188.97	8264.88921589	348715.37013526	42.39230913	8225.91119219
3362	2019-10-08 02:00:00	8299.0	8232.92516136	8264.88921589	8244.51000022	359663.37510566	43.48188838	8271.56750788
3363	2019-10-08 04:00:00	8270.87404872	8191.7	8254.9871255	8242.28323265	237163.92999781	28.81605993	8230.26918232
3364	2019-10-08 06:00:00	8249.21005999	8190.0	8247.3828406	8202.01027304	247445.00629102	30.09532876	8222.04031277
3365	2019-10-08 08:00:00	8198.00000001	8127.89000001	8198.00000001	8164.23252565	546528.16685241	67.04514358	8151.64436481
3366	2019-10-08 10:00:00	8200.28	8154.41000002	8164.23252565	8177.21730321	294984.25090691	36.07771595	8176.35604525
3367	2019-10-08 12:00:00	8236.27361701	8136.01200356	8165.80000016	8199.4	556917.71886178	68.1017118	8177.73451124
3368	2019-10-08 14:00:00	8215.902	8163.50000038	8196.6798199	8182.58209299	753985.46906303	92.07535103	8188.78734241
3369	2019-10-08 16:00:00	8208.29285976	8160.74	8179.2773955	8172.8594773	366497.33551025	44.83892351	8173.6426038
3370	2019-10-08 18:00:00	8199.73826369	8161.75863177	8172.85947731	8165.10649814	305073.3799089	37.3051964	8177.7717141
3371	2019-10-08 20:00:00	8184.47579645	8107.7216428	8167.22341928	8160.25954	377678.18360296	46.40418957	8138.88114635
3372	2019-10-08 22:00:00	8209.22156	8155.34632104	8163.25399596	8168.29932128	591240.49012149	72.23702089	8184.72969728
3373	2019-10-09 00:00:00	8199.31588855	8138.92994567	8168.29932128	8164.17469472	640510.08143463	78.3550371	8174.45955155
3374	2019-10-09 02:00:00	8165.25479598	8120.98145854	8165.25148779	8120.98145854	295408.16445761	36.26740821	8145.27916489
3375	2019-10-09 04:00:00	8161.08239	8118.03235814	8120.25953932	8145.32709203	87069.26123825	10.71043846	8129.3834574
3376	2019-10-09 06:00:00	8187.72044107	8136.89738103	8145.10999682	8176.03030509	229464.16148435	28.1145291	8161.76435565
3377	2019-10-09 08:00:00	8215.24762015	8156.48390121	8176.03030508	8190.64225855	289505.44134238	35.34317809	8191.26793309
3378	2019-10-09 10:00:00	8230.5999999	8159.73910991	8192.44773243	8187.671626	537037.96036269	65.53410568	8194.78582625
3379	2019-10-09 12:00:00	8239.89336301	8160.30000001	8184.87021298	8237.53	470003.8756045	57.42425277	8184.76258606
3380	2019-10-09 14:00:00	8650.0	8239.89336301	8239.89336301	8552.44694521	3282296.1972909	388.15081716	8456.23930745
3381	2019-10-09 16:00:00	8629.32643064	8500.00000001	8556.56246154	8619.66999983	1330227.9575668	155.21025353	8570.49020482
3382	2019-10-09 18:00:00	8677.59062	8555.04125943	8628.25767006	8578.21991595	753456.85481878	87.62544833	8598.60770105
3383	2019-10-09 20:00:00	8612.49677995	8520.79999988	8584.19486036	8552.0	352062.37145542	41.0892823	8568.22878737
3384	2019-10-09 22:00:00	8610.0	8539.39596732	8549.5833451	8557.6500005	668155.34946315	77.85574868	8581.96550404
3385	2019-10-10 00:00:00	8583.74344587	8523.62354024	8559.87075082	8527.00000114	196574.61836429	22.99896482	8547.10722429
3386	2019-10-10 02:00:00	8577.06321526	8480.00000002	8523.62370005	8541.65513888	787962.48920246	92.38616028	8529.01004668
3387	2019-10-10 04:00:00	8582.50979339	8544.12614124	8546.3102037	8548.22340659	305846.35053732	35.73192671	8559.46988304
3388	2019-10-10 06:00:00	8642.0	8537.00001	8548.52340668	8612.27513286	702645.18261035	81.72986386	8597.16570449
3389	2019-10-10 08:00:00	8616.85584093	8490.49620248	8616.11936379	8513.71969861	1094479.9621129	128.13072258	8541.90111531
3390	2019-10-10 10:00:00	8530.63805686	8464.99999999	8510.8982419	8529.30334412	784718.31212701	92.29214593	8502.54703929
3391	2019-10-10 12:00:00	8527.52000001	8422.22442288	8527.52000001	8485.7571105	963817.95679204	113.85434815	8465.35922828
3392	2019-10-10 14:00:00	8546.56354	8453.59128413	8485.65711053	8534.2901774	301081.00922041	35.44522546	8494.26136561
3393	2019-10-10 16:00:00	8567.27036568	8495.6	8535.55702415	8495.6	417248.96846776	48.93591979	8526.43559696
3394	2019-10-10 18:00:00	8551.45569538	8487.97351815	8493.10000004	8551.45569538	542344.23953802	63.68468371	8516.08594003
3395	2019-10-10 20:00:00	8580.70932459	8519.33051282	8550.12208127	8539.0098618	198414.89318904	23.20191862	8551.65887091
3396	2019-10-10 22:00:00	8569.56812296	8529.50330798	8541.90003784	8556.34174685	556456.31302262	65.10531472	8547.01824905
3397	2019-10-11 00:00:00	8567.10735781	8482.75862068	8558.54461617	8525.14365607	482624.33041205	56.66038101	8517.84477635
3398	2019-10-11 02:00:00	8550.13136549	8498.92737912	8522.33509841	8549.13136537	263955.9386294	30.95181629	8527.96282312
3399	2019-10-11 04:00:00	8770.0	8363.28587597	8553.04356498	8445.14764436	4870163.6165338	568.83527986	8561.64128521
3400	2019-10-11 06:00:00	8433.56	8377.0	8425.7639001	8390.74347092	1432948.5472566	170.47535058	8405.60551646
3401	2019-10-11 08:00:00	8398.99999996	8280.0	8392.49110345	8345.0	1037552.5321709	124.44670397	8337.32432496
3402	2019-10-11 10:00:00	8379.10034478	8287.51025423	8344.43430653	8301.91474494	1059361.0614945	127.1861485	8329.21724565
3403	2019-10-11 12:00:00	8354.63920487	8278.48000001	8299.99999999	8344.71534013	790350.21660827	94.78101307	8338.69770968
3404	2019-10-11 14:00:00	8344.6346201	8282.4761527	8330.2095122	8344.33462004	607356.3579466	73.04853936	8314.42166082
3405	2019-10-11 16:00:00	8366.17910419	8283.68786	8341.99375079	8339.30000032	884508.22591196	106.2487263	8324.88309944
3406	2019-10-11 18:00:00	8359.70807811	8301.86645463	8336.10000001	8340.51	479430.09493966	57.56705407	8328.20269657
3407	2019-10-11 20:00:00	8356.83985332	8303.70409218	8340.64925011	8308.7	230477.55509649	27.64363645	8337.45428223
3408	2019-10-11 22:00:00	8342.89999966	8220.0	8309.2	8235.8500005	641962.22713359	77.62445148	8270.10323285
3409	2019-10-12 00:00:00	8327.05662581	8245.16979005	8245.16979005	8307.31646215	517144.80861835	62.44841947	8281.15127664
3410	2019-10-12 02:00:00	8325.02797545	8291.71313813	8305.46450435	8314.4499988	66328.79482332	7.98756472	8304.00718472
3411	2019-10-12 04:00:00	8348.0	8308.33240309	8313.68802037	8330.79815286	188785.85960572	22.67628149	8325.25648832
3412	2019-10-12 06:00:00	8354.33705999	8326.00000002	8330.45986998	8335.25480001	135916.2589495	16.29666163	8340.12891936
3413	2019-10-12 08:00:00	8362.87962999	8326.70000001	8335.55480001	8336.17590001	82559.99861812	9.89597517	8342.78554663
3414	2019-10-12 10:00:00	8339.5745758	8295.89999998	8336.1759	8317.13723691	492315.06239581	59.23228065	8311.60065074
3415	2019-10-12 12:00:00	8337.73391996	8308.47843489	8318.73693027	8328.01209571	436270.41021431	52.43007559	8320.9952552
3416	2019-10-12 14:00:00	8398.918224	8313.88052055	8327.68602638	8373.57428677	403310.41177553	48.27866183	8353.80262186
3417	2019-10-12 16:00:00	8390.58745915	8318.95021855	8373.60000001	8322.89999985	577392.48063116	69.20647881	8343.04086206
3418	2019-10-12 18:00:00	8325.12494709	8293.40679066	8320.69999997	8303.97320393	391804.69464632	47.15641633	8308.61895663
3419	2019-10-12 20:00:00	8345.3267959	8312.20456462	8315.99999939	8330.20000007	170782.92703226	20.5202088	8322.67004184
3420	2019-10-12 22:00:00	8343.22599598	8295.32872073	8329.70000004	8301.78354408	322746.82773948	38.76133631	8326.514472
3421	2019-10-13 00:00:00	8360.1094028	8281.46072227	8291.30138248	8343.49999997	199941.21367525	24.01693127	8325.01086119
3422	2019-10-13 02:00:00	8350.99999916	8324.60498513	8339.20061202	8331.80660657	42226.12294031	5.06338351	8339.5071412
3423	2019-10-13 04:00:00	8351.97390889	8316.60000001	8332.60000223	8323.30000014	89235.97967386	10.70871081	8333.02731366
3424	2019-10-13 06:00:00	8344.11356585	8309.49000001	8321.52066742	8326.49999954	105533.11005708	12.68234944	8321.25865608
3425	2019-10-13 08:00:00	8353.5999997	8318.57021264	8319.40000288	8341.69999818	79293.05930357	9.52045644	8328.70354518
3426	2019-10-13 10:00:00	8373.58212176	8326.93690012	8340.79999801	8352.32872487	271536.15850768	32.53543734	8345.85856861
3427	2019-10-13 12:00:00	8432.22999999	8345.57374351	8354.02006433	8413.48997497	670684.59897528	79.83749103	8400.62219294
3428	2019-10-13 14:00:00	8418.18999949	8371.82463994	8415.58676759	8411.80017055	216062.44848573	25.74878385	8391.17100614
3429	2019-10-13 16:00:00	8456.08461	8398.24280622	8411.70017052	8417.0	357112.78877243	42.36135888	8430.15423051
3430	2019-10-13 18:00:00	8434.2445573	8420.00000001	8426.53485366	8425.78850691	189912.84630787	22.52957876	8429.48944278
3431	2019-10-13 20:00:00	8431.51522814	8162.62400001	8431.51522813	8247.20000015	883563.64142051	106.98615444	8258.67277915
3432	2019-10-13 22:00:00	8310.14835854	8245.0	8245.0	8281.87357591	326241.9273296	39.41004097	8278.14230332
3433	2019-10-14 00:00:00	8291.08313415	8247.46	8278.48	8291.08313411	349983.09256938	42.31724664	8270.45992729
3434	2019-10-14 02:00:00	8306.15974445	8279.63409835	8285.09130318	8286.47285606	439714.68015286	53.02370317	8292.7946157
3435	2019-10-14 04:00:00	8324.08358635	8275.43284569	8290.99999985	8310.07451999	332106.48874556	40.02507733	8297.4602649
3436	2019-10-14 06:00:00	8328.52407783	8290.52944763	8308.122276	8301.21429281	546373.75325094	65.77074938	8307.24536973
3437	2019-10-14 08:00:00	8323.65745995	8282.59681502	8303.07108432	8297.60287861	510863.30334586	61.48736499	8308.42732371
3438	2019-10-14 10:00:00	8311.87007755	8278.99999996	8297.60287861	8283.66749539	216640.26822372	26.13856368	8288.14738544
3439	2019-10-14 12:00:00	8290.77498745	8245.24025472	8278.48	8290.77498745	389926.68448517	47.18324354	8264.09240294
3440	2019-10-14 14:00:00	8285.59043427	8249.20000001	8278.30000054	8252.96172774	304159.03406198	36.80000155	8265.19079486
3441	2019-10-14 16:00:00	8384.05283992	8208.2828211	8252.90141288	8331.23899467	1021187.5096732	123.00118062	8302.25778749
3442	2019-10-14 18:00:00	8370.04527298	8321.0	8333.59999995	8322.00000023	496063.46457951	59.49781932	8337.50665568
3443	2019-10-14 20:00:00	8346.46008748	8244.07609776	8337.68634566	8302.37236493	544986.68003565	65.57310106	8311.13171751
3444	2019-10-14 22:00:00	8350.0	8298.40755301	8303.27187637	8345.08962667	110652.98622425	13.27711223	8334.11545428
3445	2019-10-15 00:00:00	8384.8989	8322.00000006	8345.08962666	8327.99999967	203442.19765454	24.32938381	8361.99548839
3446	2019-10-15 02:00:00	8332.96872921	8310.00000001	8322.0	8310.31701032	60316.35338973	7.25150409	8317.77140868
3447	2019-10-15 04:00:00	8329.19999989	8300.4086499	8310.31701032	8327.33526702	108667.89761261	13.06265342	8318.97579447
3448	2019-10-15 06:00:00	8340.50999997	8277.76362018	8327.33526703	8280.00000029	428451.29922401	51.57601489	8307.18116042
3449	2019-10-15 08:00:00	8294.92212516	8259.7114552	8282.49063073	8273.64880664	351463.93698752	42.47133237	8275.32166699
3450	2019-10-15 10:00:00	8314.59	8273.68866429	8273.68866429	8289.88789887	242001.23386723	29.16674986	8297.16149481
3451	2019-10-15 12:00:00	8316.01589756	8278.68000007	8290.43179171	8299.74214971	137715.6746898	16.58957596	8301.33784141
3452	2019-10-15 14:00:00	8349.0	8233.00000002	8299.94214971	8309.49	575023.99880836	69.48672045	8275.30778664
3453	2019-10-15 16:00:00	8309.79118996	8100.0	8309.49000002	8167.62	1165544.2914019	142.47575658	8180.64995322
3454	2019-10-15 18:00:00	8179.26588184	8148.41084592	8161.3748627	8168.72875386	404101.33098507	49.48910881	8165.45984969
3455	2019-10-15 20:00:00	8172.53446014	8128.32277722	8172.53446014	8145.00000002	85208.19781577	10.45789722	8147.737162
3456	2019-10-15 22:00:00	8175.89174999	8137.17000328	8145.20000004	8163.15567182	296046.59858392	36.31389425	8152.43324072
3457	2019-10-16 00:00:00	8179.99999992	8146.45956532	8160.95567154	8174.4	167932.84731106	20.58212707	8159.15899945
3458	2019-10-16 02:00:00	8177.39144192	8146.80000006	8170.35197639	8165.94906306	146351.9226755	17.92765141	8163.47436306
3459	2019-10-16 04:00:00	8177.71694443	8161.40000006	8166.39999999	8170.65057005	145468.6827649	17.80883476	8168.34367465
3460	2019-10-16 06:00:00	8174.87723243	8126.92277719	8171.05221053	8138.08784974	364525.51522724	44.71836123	8151.58483452
3461	2019-10-16 08:00:00	8145.67369224	8101.00000001	8137.78784937	8145.67369224	352849.79077987	43.41810657	8126.78899783
3462	2019-10-16 10:00:00	8160.65307049	8002.24705	8147.49831	8054.5478194	1248463.0940713	154.17020403	8097.95318055
3463	2019-10-16 12:00:00	8054.24781935	7935.85341091	8054.24781935	7999.79999956	1066162.7263507	133.58359941	7981.23969603
3464	2019-10-16 14:00:00	7999.79999956	7946.1799945	7999.79999956	7951.79000008	328452.33897267	41.17927521	7976.15638686
3465	2019-10-16 16:00:00	8011.12626443	7921.5981865	7951.19	7979.44619975	896330.67933796	112.38420882	7975.5927345
3466	2019-10-16 18:00:00	7981.0	7930.10609663	7977.73913957	7960.1150887	369701.19849926	46.45930966	7957.52673048
3467	2019-10-16 20:00:00	7991.97879964	7960.1150886	7960.1150886	7977.85000128	130760.1460188	16.3860835	7979.95115909
3468	2019-10-16 22:00:00	8022.81180033	7977.85000058	7980.0	8000.03045398	498040.63208684	62.21959012	8004.56305042
3469	2019-10-17 00:00:00	7990.3	7954.84687635	7990.17114799	7954.84687712	254866.04712869	31.96150982	7974.15543145
3470	2019-10-17 02:00:00	7985.3439344	7958.59724256	7962.78866792	7970.1798737	94960.19243693	11.9052642	7976.31962144
3471	2019-10-17 04:00:00	7981.64256574	7934.82663091	7972.99007866	7978.32180071	249053.97891488	31.29718237	7957.71248576
3472	2019-10-17 06:00:00	7986.12654845	7953.41431492	7981.4425648	7977.79999999	171759.10364232	21.54784021	7971.05890745
3473	2019-10-17 08:00:00	8072.83021001	7973.3411726	7977.39999983	8056.82	932087.86916953	115.98962024	8035.95931464
3474	2019-10-17 10:00:00	8112.55502	8059.29	8059.29	8070.41785524	564583.99380998	69.79711212	8088.93056834
3475	2019-10-17 12:00:00	8072.94353944	8019.58909145	8066.54225142	8057.94395983	718279.4470241	89.17622506	8054.60700473
3476	2019-10-17 14:00:00	8087.39274521	8032.79991696	8060.58198579	8071.30295866	394825.32352064	48.97757489	8061.34898282
3477	2019-10-17 16:00:00	8117.18819994	8053.26700416	8074.96862006	8074.71432766	481424.1626797	59.54184601	8085.47592896
3478	2019-10-17 18:00:00	8087.12359546	8044.8546915	8087.09168333	8050.25549612	213853.6772618	26.51251976	8066.13928806
3479	2019-10-17 20:00:00	8063.81431576	8035.50000002	8057.75062867	8059.90000152	195449.53851744	24.27914542	8050.09958696
3480	2019-10-17 22:00:00	8072.70975594	8042.99867709	8060.7000016	8072.70975588	315723.08071112	39.15677831	8063.05049438
3481	2019-10-18 00:00:00	8101.36533697	8048.55797156	8070.8303962	8101.36533697	221634.49833665	27.43998781	8077.06256545
3482	2019-10-18 02:00:00	8113.83999974	8060.0	8104.52714	8063.6	238124.44073531	29.50285668	8071.2333493
3483	2019-10-18 04:00:00	8072.67946458	7858.97181408	8062.6857773	7912.35972555	1519712.8311021	190.86230566	7962.35184232
3484	2019-10-18 06:00:00	7926.42691001	7867.30126004	7906.68337931	7914.99999946	534015.84576738	67.61571873	7897.80624679
3485	2019-10-18 08:00:00	7922.62147889	7818.0	7912.57224011	7904.45522443	969166.85815368	123.11420971	7872.09584041
3486	2019-10-18 10:00:00	7936.99999998	7883.39999982	7910.29999845	7922.89219446	229557.88399975	29.04128457	7904.53615942
3487	2019-10-18 12:00:00	7964.51734965	7917.96413861	7922.11537833	7938.51400032	353509.32406744	44.54332985	7936.30214126
3488	2019-10-18 14:00:00	7935.23177112	7894.57734314	7924.3941063	7915.70000054	610491.69485492	77.13173456	7914.92241601
3489	2019-10-18 16:00:00	7947.39999999	7904.5113001	7919.64081934	7938.95005238	577129.82480658	72.83575252	7923.71609874
3490	2019-10-18 18:00:00	7981.8814759	7925.88475523	7938.45005232	7941.00003495	1012559.1229243	127.36879699	7949.82088905
3491	2019-10-18 20:00:00	7950.25414406	7915.27645381	7948.30996935	7946.3179509	334760.63154469	42.18827362	7934.92131391
3492	2019-10-18 22:00:00	7975.0	7940.18647907	7946.31795072	7949.72534466	254058.31727113	31.91430042	7960.64190433
3493	2019-10-19 00:00:00	7956.08733141	7914.28462552	7948.16	7914.33873687	133809.52095232	16.86658944	7933.40713179
3494	2019-10-19 02:00:00	7960.80502312	7901.70932951	7915.11485511	7942.41627297	180153.14204667	22.77417484	7910.41358522
3495	2019-10-19 04:00:00	7961.21237972	7920.01400389	7942.41627297	7934.26000001	65246.41434831	8.20753107	7949.57872128
3496	2019-10-19 06:00:00	7940.89339979	7915.8811066	7934.56000009	7940.41488812	37441.10847024	4.71996311	7932.50023308
3497	2019-10-19 08:00:00	7991.02861106	7931.70000001	7931.70000001	7948.08756148	323484.83190488	40.63967168	7959.82886997
3498	2019-10-19 10:00:00	7954.42405176	7922.23230003	7944.67780638	7945.32168003	109901.76745096	13.84144795	7940.04845793
3499	2019-10-19 12:00:00	8089.66149787	7877.00000001	7945.12168001	8009.10075666	648869.60026638	81.35112657	7976.15998234
3500	2019-10-19 14:00:00	8024.60961631	7983.32094	8011.93276387	7992.09999873	169590.71531138	21.17875729	8007.58576101
3501	2019-10-19 16:00:00	8000.00999914	7955.76142545	7992.09999865	7998.04715633	364732.41639071	45.71922348	7977.65991258
3502	2019-10-19 18:00:00	8002.69999963	7957.50780646	7996.97120725	7974.50661325	337865.31114341	42.32828094	7982.02297944
3503	2019-10-19 20:00:00	7980.59999926	7899.0	7974.9066135	7953.74134094	334895.3014931	42.22345384	7931.49946383
3504	2019-10-19 22:00:00	7952.26047833	7920.89825301	7944.13940003	7952.26047833	125079.18186471	15.76286796	7935.05231294
3505	2019-10-20 00:00:00	7953.54367503	7884.84536003	7953.54367503	7894.89753199	296575.94232308	37.49071724	7910.64999969
3506	2019-10-20 02:00:00	7921.47398778	7873.92836958	7893.75176094	7907.79998705	104137.74532253	13.18286208	7899.47923983
3507	2019-10-20 04:00:00	7929.31378601	7902.0672607	7909.59999707	7910.22065928	50322.72867883	6.35491686	7918.70763811
3508	2019-10-20 06:00:00	7940.1742855	7901.75	7910.2206593	7909.65764216	114403.5445623	14.43914293	7923.15341131
3509	2019-10-20 08:00:00	7976.67665032	7888.83497953	7916.62408219	7942.17112352	258747.70613942	32.6538376	7923.96009648
3510	2019-10-20 10:00:00	7956.35999999	7924.33000003	7948.22268924	7939.10224164	66355.8722321	8.35810342	7939.10638546
3511	2019-10-20 12:00:00	7980.26813324	7939.10224167	7947.16712558	7952.90034565	193560.26703535	24.32343593	7957.76828538
3512	2019-10-20 14:00:00	8036.82	7952.90050097	7963.10224272	8029.39714806	423214.9048943	52.96494549	7990.4718296
3513	2019-10-20 16:00:00	8157.99477976	8001.03768708	8019.20000007	8140.60000089	410331.68880266	50.78903644	8079.13907339
3514	2019-10-20 18:00:00	8239.54784187	8125.30000039	8140.60000069	8228.17810539	437872.94061989	53.42124122	8196.60739099
3515	2019-10-20 20:00:00	8293.43406172	8184.97427254	8237.48563027	8190.88143633	483898.1842872	58.77608306	8232.90969888
3516	2019-10-20 22:00:00	8223.65245257	8169.13130122	8197.49999945	8221.11725194	167162.62266113	20.36605927	8207.9021987
3517	2019-10-21 00:00:00	8230.9566	8180.55739368	8225.95659995	8214.83851168	139020.67116298	16.94432965	8204.55420984
3518	2019-10-21 02:00:00	8252.0	8207.71148473	8215.0	8217.66468615	232296.58080164	28.25372972	8221.80232853
3519	2019-10-21 04:00:00	8240.0	8200.0	8217.66468614	8228.98027599	305251.97064329	37.11967012	8223.45591047
3520	2019-10-21 06:00:00	8245.0	8207.51987676	8230.60092399	8216.29725039	498807.46835202	60.62128715	8228.25597743
3521	2019-10-21 08:00:00	8216.95489297	8190.75769486	8214.5	8198.77608162	119849.25395988	14.61334627	8201.35592119
3522	2019-10-21 10:00:00	8272.61219998	8196.10000003	8201.52954059	8223.92000027	119717.72002176	14.53264189	8237.84972669
3523	2019-10-21 12:00:00	8254.86240794	8217.35068208	8230.89999984	8238.12929697	181779.74554384	22.08942916	8229.26406233
3524	2019-10-21 14:00:00	8338.26944733	8115.71276396	8238.629297	8190.00000001	885453.1516407	107.82991987	8211.5720081
3525	2019-10-21 16:00:00	8198.56839851	8148.01205279	8191.34946839	8182.79999983	399969.45904527	48.94068984	8172.53415006
3526	2019-10-21 18:00:00	8188.46077732	8151.0	8184.83423685	8185.89999768	315280.73644291	38.60190967	8167.49065365
3527	2019-10-21 20:00:00	8227.80114083	8181.00000005	8181.00000005	8207.0	209139.85355125	25.51531694	8196.63945554
3528	2019-10-21 22:00:00	8216.50416035	8181.50000042	8207.0	8199.04394432	233582.42765307	28.51863781	8190.51839745
3529	2019-10-22 00:00:00	8195.00040602	8161.18853757	8181.0011008	8162.30000001	226868.94277158	27.72999383	8181.3556888
3530	2019-10-22 02:00:00	8205.08579717	8161.18853724	8162.21013743	8201.09999985	176343.77350697	21.5653376	8177.18585156
3531	2019-10-22 04:00:00	8218.5999995	8186.90010019	8201.39999989	8204.353735	406593.93087405	49.55500949	8204.9006762
3532	2019-10-22 06:00:00	8220.84527625	8184.45323077	8204.35373502	8209.89999999	268249.44856164	32.71362063	8199.93150851
3533	2019-10-22 08:00:00	8265.63765322	8203.9908596	8209.89999999	8265.63765321	215819.350345	26.18998894	8240.52850268
3534	2019-10-22 10:00:00	8276.32074801	8213.75996001	8265.63765323	8275.89361503	239228.24277843	29.01637633	8244.5940202
3535	2019-10-22 12:00:00	8293.62418282	8195.15510055	8275.89361504	8220.91587211	520319.96328872	63.21052813	8231.53956598
3536	2019-10-22 14:00:00	8227.91784983	8148.87662785	8220.91587213	8207.99999999	283965.43614739	34.66021024	8192.83651717
3537	2019-10-22 16:00:00	8215.78947368	8182.9000021	8198.50000001	8203.41720053	269679.25085864	32.89952024	8197.05724859
3538	2019-10-22 18:00:00	8203.41720049	8160.5263158	8203.41720046	8163.00000029	275057.32289975	33.59655731	8187.06870355
3539	2019-10-22 20:00:00	8162.00000001	8065.1	8162.00000001	8087.68150879	459615.36507767	56.74093975	8100.24238411
3540	2019-10-22 22:00:00	8105.0	7995.0	8095.62908503	8022.14757244	709033.08915146	88.2391989	8035.3527456
3541	2019-10-23 00:00:00	8046.86041112	7999.00000004	8022.0	8029.2000001	579994.80207662	72.19206254	8034.05224438
3542	2019-10-23 02:00:00	8038.15303437	7944.28227859	8034.08864052	7959.72574463	629128.39979685	78.68194063	7995.8424355
3543	2019-10-23 04:00:00	7976.42141967	7928.52322252	7957.24006283	7941.49049142	599885.30927628	75.42180314	7953.73863129
3544	2019-10-23 06:00:00	7984.33999939	7939.52727258	7947.40000002	7961.04074854	426388.1297762	53.52618402	7965.97287071
3545	2019-10-23 08:00:00	7998.91	7950.00000001	7961.04074854	7991.45832739	152805.75096063	19.15738614	7976.3361162
3546	2019-10-23 10:00:00	8010.75525424	7950.0	7994.40773738	7958.65527908	577898.06334364	72.29840234	7993.23421596
3547	2019-10-23 12:00:00	7962.96889435	7432.36997743	7962.96889434	7493.10211468	4107708.8163788	539.73825351	7610.55713517
3548	2019-10-23 14:00:00	7531.478892	7430.00000001	7493.10211467	7446.10242481	1020877.8825782	136.62400711	7472.17055166
3549	2019-10-23 16:00:00	7513.07263261	7305.76084001	7431.72000034	7512.0	2149404.6881154	288.90237734	7439.89962251
3550	2019-10-23 18:00:00	7536.25063822	7484.38378957	7509.74639972	7484.9809136	1281578.7928864	170.80792112	7503.04075175
3551	2019-10-23 20:00:00	7494.49999991	7425.5671	7480.88436001	7425.56740004	468077.38483191	62.66971008	7468.95724001
3552	2019-10-23 22:00:00	7471.0	7400.0	7431.31152802	7465.12909912	582757.4836332	78.56576158	7417.44841408
3553	2019-10-24 00:00:00	7497.36628144	7417.94984244	7464.20356194	7442.8593598	491092.17919172	65.8417024	7458.6798532
3554	2019-10-24 02:00:00	7446.67229025	7401.7431009	7437.7	7411.1882792	314129.83336711	42.33089428	7420.81731818
3555	2019-10-24 04:00:00	7427.34560502	7396.09999989	7411.18827923	7415.55519326	411370.16742188	55.46339918	7416.96638691
3556	2019-10-24 06:00:00	7437.86891798	7343.79989326	7409.80291072	7416.70500629	525763.68819509	71.08725257	7396.03331381
3557	2019-10-24 08:00:00	7475.44942508	7390.29999911	7422.72091061	7443.32662264	614068.24278581	82.60291721	7433.97767931
3558	2019-10-24 10:00:00	7457.78931135	7414.00744002	7446.01033041	7426.29999996	295833.99957026	39.79643326	7433.68124569
3559	2019-10-24 12:00:00	7462.11999995	7422.82000013	7425.63633357	7444.61000018	792860.26812152	106.50430052	7444.39674501
3560	2019-10-24 14:00:00	7497.93007915	7412.5268586	7448.89999999	7434.10631741	1214661.1681093	163.01436213	7451.2524678
3561	2019-10-24 16:00:00	7459.97598297	7411.13131061	7433.38833532	7431.79715979	900599.86686926	121.06179665	7439.17479989
3562	2019-10-24 18:00:00	7469.87251543	7427.60762539	7434.54986187	7467.39851338	358895.78973692	48.20679368	7444.92139674
3563	2019-10-24 20:00:00	7465.30000049	7421.04000226	7465.30000049	7428.1	205607.32524892	27.61343761	7445.91557751
3564	2019-10-24 22:00:00	7464.03147264	7411.45691337	7431.22630239	7415.0	137251.26043922	18.44881598	7439.57013761
3565	2019-10-25 00:00:00	7442.40321722	7411.13131061	7415.00000001	7437.87715175	98474.89406559	13.26661076	7422.7619885
3566	2019-10-25 02:00:00	7452.90394577	7424.79084459	7437.57654342	7431.7102602	74113.52282296	9.96662652	7436.16936726
3567	2019-10-25 04:00:00	7443.69999819	7382.21400002	7440.50001627	7438.09999992	258486.91974609	34.88783935	7409.08363951
3568	2019-10-25 06:00:00	7464.85894599	7438.09999992	7442.9999997	7457.40000024	295832.89312668	39.70642134	7450.50506046
3569	2019-10-25 08:00:00	7474.0	7441.07000005	7460.7	7444.07000188	287932.54496327	38.6271497	7454.14940526
3570	2019-10-25 10:00:00	7640.98933133	7446.1000013	7446.1000013	7575.33725438	911478.40885503	120.58341363	7558.9036785
3571	2019-10-25 12:00:00	7688.78999991	7575.33725437	7575.33725437	7667.00424486	570291.31402888	74.78106538	7626.14588507
3572	2019-10-25 14:00:00	8400.0	7640.14811112	7672.01822453	8262.99979998	3016638.5106956	378.11215485	7978.1579936
3573	2019-10-25 16:00:00	8750.60000015	8250.0	8250.00000002	8477.28038633	4116016.345032	486.2198769	8465.33953172
3574	2019-10-25 18:00:00	8659.03607425	8439.62919298	8468.97004941	8629.04543979	1348620.3223907	157.10332183	8584.28903145
3575	2019-10-25 20:00:00	8654.54795754	8549.85569116	8633.87134318	8567.9720798	578489.4252126	67.31900628	8593.25556302
3576	2019-10-25 22:00:00	8694.34559945	8551.0410503	8591.43342716	8656.9899841	676757.05237243	78.45058118	8626.53969152
