	date	high	low	open	close	volume	quoteVolume	weightedAverage
0	2019-04-30 22:00:00	5338.00000018	5316.3	5318.1	5321.39761414	173040.4717407	32.48206281	5327.26239564
1	2019-05-01 00:00:00	5375.2489468	5319.2	5321.58839732	5333.0294964	333102.18866677	62.30487357	5346.32637192
2	2019-05-01 02:00:00	5365.76901096	5330.55517047	5334.27924676	5354.43936419	194051.37401068	36.31751006	5343.19048002
3	2019-05-01 04:00:00	5360.11423776	5342.33727142	5348.27453047	5346.6	26173.29906403	4.89367294	5348.39564984
4	2019-05-01 06:00:00	5351.74915167	5337.5368996	5346.55051678	5351.74915118	130704.7508432	24.45458422	5344.79546523
5	2019-05-01 08:00:00	5354.9	5334.0	5344.40374053	5348.8969631	237737.27435786	44.46492092	5346.62537206
6	2019-05-01 10:00:00	5369.07072119	5344.72500005	5348.98210955	5363.3	65126.0631019	12.14490336	5362.41921169
7	2019-05-01 12:00:00	5363.29999963	5337.20171424	5363.29999963	5353.88108701	160834.9746655	30.07519884	5347.76097478
8	2019-05-01 14:00:00	5370.0	5346.0240072	5353.88108701	5347.70000009	522742.59703489	97.43333861	5365.13070877
9	2019-05-01 16:00:00	5406.40595454	5353.00265093	5357.0	5398.0	387262.42915129	72.09155045	5371.81440451
10	2019-05-01 18:00:00	5398.0	5338.99999989	5397.7	5368.0212872	205531.09524694	38.33171526	5361.90707493
11	2019-05-01 20:00:00	5376.35638	5358.54106581	5367.03015341	5371.59999999	39660.08769735	7.38755452	5368.50017011
12	2019-05-01 22:00:00	5396.77775971	5356.71373237	5363.81077987	5395.6	111737.88184568	20.80583742	5370.50634348
13	2019-05-02 00:00:00	5397.0	5375.66425798	5387.3	5378.60505315	83615.28685723	15.52777973	5384.88362864
14	2019-05-02 02:00:00	5400.0	5377.87328815	5381.0	5400.0	72798.16314887	13.506294369999999	5389.94347039
15	2019-05-02 04:00:00	5390.46635897	5368.5263456	5385.5	5389.52887692	43889.19196995	8.16078409	5378.06067234
16	2019-05-02 06:00:00	5415.0	5384.76656818	5386.10953228	5410.0	122163.95283706	22.62065839	5400.54806234
17	2019-05-02 08:00:00	5450.0	5404.70020006	5409.24510004	5429.90352354	323169.32420085	59.52201608	5429.40823386
18	2019-05-02 10:00:00	5446.00000001	5420.91590408	5426.46336102	5446.00000001	121071.57434951	22.27842374	5434.47668302
19	2019-05-02 12:00:00	5466.6	5417.26817218	5446.0	5462.61205353	262621.3349115	48.23467952	5444.65802457
20	2019-05-02 14:00:00	5535.0	5455.79716385	5464.02005567	5522.77176231	618044.70658507	112.4002599	5498.60567168
21	2019-05-02 16:00:00	5533.43449684	5472.99999998	5522.0	5498.91992355	230592.26761771	41.98495794	5492.25910735
22	2019-05-02 18:00:00	5512.78568585	5491.54037729	5496.96145231	5503.0363133	169079.92727747	30.74522145	5499.38882542
23	2019-05-02 20:00:00	5521.54643727	5493.5973586	5501.08523091	5500.78704376	82792.85119697	15.0279695	5509.25068067
24	2019-05-02 22:00:00	5506.9	5491.37142527	5500.78704376	5500.4723121	60329.04857291	10.97318816	5497.85966423
25	2019-05-03 00:00:00	5558.66646705	5483.15403604	5496.2921577	5557.75075599	204848.45561498	37.09368502	5522.46172103
26	2019-05-03 02:00:00	5599.57546744	5548.51428397	5552.1473866	5589.8999994	179291.13118869	32.11974905	5581.95927712
27	2019-05-03 04:00:00	5607.89999998	5567.98451578	5573.0	5593.60000005	174332.331333	31.15981775	5594.78019838
28	2019-05-03 06:00:00	5700.0	5595.03000026	5601.69999359	5689.73136528	293195.6019474	51.96355593	5642.33137436
29	2019-05-03 08:00:00	5836.64824562	5660.79367077	5689.73136527	5827.8851578	1579858.1706232	274.80422416	5749.03160769
30	2019-05-03 10:00:00	5827.88515779	5726.50655797	5827.88515779	5758.0	858860.28094059	149.06744562	5761.5549617
31	2019-05-03 12:00:00	5819.22585667	5747.27110901	5750.71094456	5808.81493439	281388.71907651	48.70050676	5777.94232128
32	2019-05-03 14:00:00	5850.70851039	5747.43404397	5807.54499544	5782.23866204	661607.75487479	113.97357348	5804.92244538
33	2019-05-03 16:00:00	5797.43124712	5727.0	5776.46230003	5742.91243033	146666.36131726	25.48067162	5755.98490905
34	2019-05-03 18:00:00	5770.78797637	5720.71610869	5742.91243033	5754.80000001	124220.68971319	21.62940856	5743.13853144
35	2019-05-03 20:00:00	5793.17715671	5754.80559994	5754.80562994	5792.93295022	98657.43056164	17.06638483	5780.8042854
36	2019-05-03 22:00:00	5788.85731144	5742.3	5788.33294579	5771.5	198685.78056765	34.46083037	5765.55406339
37	2019-05-04 00:00:00	5900.0	5771.59818547	5771.59818547	5878.999569	425265.90918111	72.93532139	5830.72647211
38	2019-05-04 02:00:00	5889.82	5819.99999999	5884.11621624	5842.85150437	602532.89812097	102.74027477	5864.6222182
39	2019-05-04 04:00:00	5842.85150436	5775.30859738	5842.85150436	5786.01985639	243778.89916834	42.02627794	5800.6302513
40	2019-05-04 06:00:00	5821.777	5759.00000002	5785.7	5804.25432678	140953.05157483	24.30493214	5799.36001314
41	2019-05-04 08:00:00	5818.00000003	5779.80000001	5804.2543281	5784.04	183050.31812959	31.55238177	5801.47386222
42	2019-05-04 10:00:00	5800.5	5761.29625962	5785.0	5791.62920409	458927.53983029	79.40903524	5779.28617874
43	2019-05-04 12:00:00	5797.06081966	5618.16226492	5792.74999996	5631.69954701	813316.25115776	143.17156561	5680.71074512
44	2019-05-04 14:00:00	5672.28821096	5596.84587203	5633.26780047	5644.36586765	406067.09789726	71.97425379	5641.83824791
45	2019-05-04 16:00:00	5695.0	5636.38230557	5641.029315	5678.43099274	109555.77155683	19.38993767	5650.13531355
46	2019-05-04 18:00:00	5690.0	5667.14760745	5680.86	5678.26999998	94526.34197684	16.65242455	5676.43118231
47	2019-05-04 20:00:00	5852.63878063	5678.27	5678.27	5825.11046639	514854.71537552	88.84404323	5795.03922443
48	2019-05-04 22:00:00	5866.0	5810.17815781	5816.38241767	5842.8	247119.73779458	42.31099351	5840.55625486
49	2019-05-05 00:00:00	5836.1	5757.76495388	5836.01902891	5791.88044427	304383.79318754	52.51379569	5796.2634235
50	2019-05-05 02:00:00	5826.47470978	5788.21549211	5796.08078117	5811.17727061	105868.68168422	18.2569672	5798.80987485
51	2019-05-05 04:00:00	5823.3585323	5778.82696953	5811.1772706	5822.84920005	150107.7740839	25.88868473	5798.20008816
52	2019-05-05 06:00:00	5826.47470978	5740.0	5818.14	5750.39077464	166430.15941562	28.80136259	5778.55158399
53	2019-05-05 08:00:00	5785.1361	5712.63	5744.94464307	5761.81522486	102390.54644886	17.75750817	5766.04248009
54	2019-05-05 10:00:00	5795.62078623	5750.40172631	5761.87	5764.6861894	68125.11964942	11.77805659	5784.07134732
55	2019-05-05 12:00:00	5802.721072	5765.0	5765.0	5782.69093433	48658.92799544	8.40839981	5786.94271145
56	2019-05-05 14:00:00	5787.51124002	5740.00000002	5776.83721507	5777.82011139	77976.04547822	13.52335465	5766.0282893
57	2019-05-05 16:00:00	5777.8201113	5739.97493492	5777.8201113	5745.5507589	94723.56736468	16.45665321	5755.94357831
58	2019-05-05 18:00:00	5777.89840469	5699.27264148	5744.0	5762.72391881	151020.14575736	26.27195838	5748.33986766
59	2019-05-05 20:00:00	5819.09711529	5762.72391882	5762.72391883	5799.04830001	91912.82459996	15.86043945	5795.09949202
60	2019-05-05 22:00:00	5806.31401978	5765.1000811	5803.37734037	5776.39331064	312911.6407828	54.07778666	5786.32484998
61	2019-05-06 00:00:00	5793.77577663	5650.0	5784.0	5691.02	639860.57215105	112.21128979	5702.28337405
62	2019-05-06 02:00:00	5716.42999999	5675.35590593	5689.09958609	5699.30884781	264666.45527214	46.42694052	5700.70851767
63	2019-05-06 04:00:00	5732.89840464	5678.25916935	5695.56558194	5715.86171593	42776.24575084	7.49863704	5704.53610738
64	2019-05-06 06:00:00	5716.32471455	5630.0	5715.70000005	5631.47957883	191480.64255283	33.8752314	5652.52648142
65	2019-05-06 08:00:00	5696.46999999	5620.99999999	5631.47957883	5685.76	108269.93139476	19.07206924	5676.88435021
66	2019-05-06 10:00:00	5712.66600743	5676.0943395	5685.75999998	5710.09062927	86606.13779483	15.21139245	5693.50492267
67	2019-05-06 12:00:00	5703.77503717	5676.8082616	5701.99999996	5695.61297865	113864.8417143	20.00373134	5692.18011274
68	2019-05-06 14:00:00	5730.0	5699.73000004	5699.99999898	5728.0	144256.39062682	25.22353651	5719.11835478
69	2019-05-06 16:00:00	5781.42595829	5727.99999999	5728.0	5766.9	410374.26168035	71.23393223	5760.93792429
70	2019-05-06 18:00:00	5798.40173965	5765.46909081	5766.9	5796.95426145	121102.94658758	20.94711461	5781.36649568
71	2019-05-06 20:00:00	5797.23678867	5736.93732824	5795.45899015	5755.94931875	148693.8468031	25.83193244	5756.2029921
72	2019-05-06 22:00:00	5773.85881677	5744.28401558	5755.7830302	5744.28401558	67736.56543137	11.74901426	5765.29774604
73	2019-05-07 00:00:00	5837.33132808	5752.34437575	5754.61385487	5810.0	404613.97856769	69.7296741	5802.60819787
74	2019-05-07 02:00:00	5987.14760746	5809.99999999	5809.99999999	5964.0	493202.71803838	83.44617167	5910.42954
75	2019-05-07 04:00:00	5980.0112421	5934.11631296	5964.0	5956.37552553	150581.19824236	25.27963417	5956.62093959
76	2019-05-07 06:00:00	5958.67880734	5914.0	5953.0003	5937.22200093	121238.62474877	20.41207588	5939.55389258
77	2019-05-07 08:00:00	5958.53430541	5925.97433809	5935.0	5956.0	71483.92095437	12.04046428	5936.97379868
78	2019-05-07 10:00:00	5965.96302354	5926.59006068	5956.00000002	5945.33297352	79375.03281832	13.34289067	5948.86331466
79	2019-05-07 12:00:00	5999.0	5944.65600224	5944.65600224	5999.0	226152.78838631	37.81499829	5980.50505389
80	2019-05-07 14:00:00	6015.68442672	5839.30952006	5999.0	5915.88847173	604326.16512008	102.17739709	5914.47993716
81	2019-05-07 16:00:00	5962.92538873	5904.93408805	5915.888472	5945.02103994	171937.80645722	28.93966562	5941.25062517
82	2019-05-07 18:00:00	5947.49999998	5871.4190517	5938.18724396	5917.90000003	176813.19611688	29.89801201	5913.87802164
83	2019-05-07 20:00:00	5950.0	5915.19664731	5924.65082786	5950.0	60050.10576575	10.1250922	5930.82063645
84	2019-05-07 22:00:00	5965.642312	5822.8630633	5950.0	5846.0	552279.09967332	93.68071114	5895.33419369
85	2019-05-08 00:00:00	5891.0	5795.0	5848.3384	5878.63318972	470640.38102783	80.56639976	5841.6459272
86	2019-05-08 02:00:00	5893.15061335	5859.65520216	5878.12995584	5875.65594024	156310.77784514	26.59760805	5876.87349747
87	2019-05-08 04:00:00	5900.0	5877.02152208	5880.0	5895.99999999	46973.99339595	7.97111171	5893.02911625
88	2019-05-08 06:00:00	5925.5543	5893.0	5893.0	5912.1	116464.81138688	19.700889019999998	5911.65257916
89	2019-05-08 08:00:00	5925.5543	5880.0	5906.36867864	5897.28469352	125910.68974169	21.33917498	5900.44787859
90	2019-05-08 10:00:00	5950.0	5893.0	5893.0	5938.15458327	138245.17033811	23.34896665	5920.82606525
91	2019-05-08 12:00:00	5950.02668376	5910.00000001	5938.15458327	5934.21204933	221465.6383284	37.36885222	5926.47686968
92	2019-05-08 14:00:00	5971.83067578	5897.08602727	5934.99999999	5958.97162974	163112.1427253	27.48326181	5934.96302778
93	2019-05-08 16:00:00	5966.1227876	5919.97791197	5961.57346654	5932.0	189217.12176474	31.88233781	5934.85718934
94	2019-05-08 18:00:00	5956.0	5924.01551442	5932.0	5952.76437643	85629.93576917	14.39839501	5947.18617663
95	2019-05-08 20:00:00	5960.31454002	5928.77824534	5952.99999987	5950.28	123267.65027634	20.72934895	5946.52782263
96	2019-05-08 22:00:00	6010.02668376	5892.57089488	5950.28	5982.9000003	538055.93155715	90.28427703	5959.57512489
97	2019-05-09 00:00:00	6103.49227362	5982.9000003	5982.9000003	6079.90000415	488337.27396136	80.66976646	6053.53523867
98	2019-05-09 02:00:00	6092.73633	6059.60496452	6087.52134555	6074.0	60262.56192261	9.919227320000001	6075.32824669
99	2019-05-09 04:00:00	6114.14596859	6072.0	6074.0	6085.99718417	182575.44043402	29.97824344	6090.26478817
100	2019-05-09 06:00:00	6109.969526	6060.89560314	6081.0	6087.0	211703.83867567	34.77638822	6087.5740556
101	2019-05-09 08:00:00	6108.99999996	6060.2	6086.94021287	6090.0	126657.30787313	20.81202638	6085.77490536
102	2019-05-09 10:00:00	6108.0	6066.6089823	6090.0	6073.14646712	161964.29576254	26.63450804	6080.99445723
103	2019-05-09 12:00:00	6072.99999999	6010.6237984	6072.99999999	6063.29999998	452671.21963919	74.94588125	6039.97460686
104	2019-05-09 14:00:00	6063.99999993	6025.30242477	6053.31622916	6045.89999999	263645.44770146	43.58531556	6048.95121932
105	2019-05-09 16:00:00	6102.3	6038.0	6043.79999995	6101.00000001	290904.65799343	47.90401922	6072.65658978
106	2019-05-09 18:00:00	6114.25992901	6072.95880012	6101.00000001	6109.12532647	233092.68521335	38.17223773	6106.34060444
107	2019-05-09 20:00:00	6156.99999999	6096.16923507	6109.12532647	6145.0	455586.86651959	74.3635619	6126.47988987
108	2019-05-09 22:00:00	6195.50000088	6134.19376021	6145.0	6174.69999999	437271.04012493	70.96161869	6162.0781515
109	2019-05-10 00:00:00	6195.50000088	6137.70627834	6174.69999999	6195.50000088	353346.86317307	57.21116209	6176.18748273
110	2019-05-10 02:00:00	6325.92467073	6181.13866611	6195.50000088	6299.98	753717.40382427	120.5286071	6253.43162888
111	2019-05-10 04:00:00	6299.50000102	6216.54163493	6283.60050156	6274.66153885	139595.1403717	22.28237705	6264.82264699
112	2019-05-10 06:00:00	6350.0000001	6251.42555678	6274.0	6332.91702746	484511.31006593	76.77934712	6310.43800501
113	2019-05-10 08:00:00	6350.0	6276.42331889	6343.05076602	6318.51995547	286207.66937082	45.38458189	6306.27533519
114	2019-05-10 10:00:00	6340.00000001	6290.0	6317.0	6306.0	802160.45301527	127.04112328	6314.17947436
115	2019-05-10 12:00:00	6334.31567103	6270.0	6307.0	6317.39999999	226187.23619072	35.90156318	6300.20578927
116	2019-05-10 14:00:00	6361.18590748	6279.7334492	6309.94043565	6350.64961	278795.91565245	44.16966758	6311.9314889
117	2019-05-10 16:00:00	6448.0	6333.09338428	6356.77010558	6431.86168808	518711.00826702	81.0040281	6403.52116349
118	2019-05-10 18:00:00	6445.45700591	6390.00000005	6434.43443253	6392.9615859	250300.84275904	39.00600942	6416.98154927
119	2019-05-10 20:00:00	6404.88541452	6270.01999999	6391.08874704	6371.82304546	527857.49949724	83.24703511	6340.85644971
120	2019-05-10 22:00:00	6415.85191628	6363.93298101	6363.93298302	6382.09999949	67443.62644849	10.54574521	6395.34002628
121	2019-05-11 00:00:00	6500.0	6380.70000014	6380.70000015	6495.40239602	212604.99288653	33.01133798	6440.36279339
122	2019-05-11 02:00:00	6603.3127222	6466.68175079	6495.40239602	6578.46392439	632434.98512172	96.61607363	6545.85682651
123	2019-05-11 04:00:00	6775.0	6572.6472178	6576.32	6723.98862025	1240449.5168254	185.6575824	6681.38354916
124	2019-05-11 06:00:00	6949.0	6650.0	6723.98862025	6795.0	1301699.7678152	190.62749481	6828.49957773
125	2019-05-11 08:00:00	6810.66999947	6636.89181151	6795.0	6770.94157884	875768.67936754	130.22961912	6724.80412125
126	2019-05-11 10:00:00	6815.0	6763.3014365	6770.94157884	6770.3671262	349520.34105819	51.43977418	6794.7487451
127	2019-05-11 12:00:00	6810.61638538	6710.33290273	6764.48877559	6800.0	867997.52564792	128.26268541	6767.34252735
128	2019-05-11 14:00:00	6893.62688429	6757.75664019	6800.99459517	6893.62688429	427237.71567924	62.71530831	6812.33541207
129	2019-05-11 16:00:00	6981.88545335	6839.75517588	6893.62688429	6940.80000001	1114032.3348981	160.85147484	6925.84470242
130	2019-05-11 18:00:00	6960.0	6874.73863056	6940.79999939	6906.68603568	358053.13415305	51.77619635	6915.4005005
131	2019-05-11 20:00:00	7010.0	6899.45900305	6910.86126561	7000.0001	364562.90356719	52.39444759	6958.04460846
132	2019-05-11 22:00:00	7377.0	7000.0001	7000.00010005	7215.08049998	1994701.8874783	275.82692695	7231.71558895
133	2019-05-12 00:00:00	7274.19325995	6948.63813949	7214.98039997	7182.10584855	1581473.0119597	222.77471081	7098.97908164
134	2019-05-12 02:00:00	7233.42390026	7124.12425352	7180.81655807	7163.49915375	339460.04232477	47.18717653	7193.90451575
135	2019-05-12 04:00:00	7335.7794499	7163.49915375	7163.49915375	7306.46861706	323157.99052289	44.58248967	7248.54069198
136	2019-05-12 06:00:00	7500.0	7278.0	7307.67749998	7483.0	900916.0026465	121.54498954	7412.20190199
137	2019-05-12 08:00:00	7518.29323308	7203.92049678	7481.00000003	7368.29323309	1512435.8919775	205.46427981	7361.06486916
138	2019-05-12 10:00:00	7430.45466315	6987.16613998	7367.28751882	7169.2791723	1760567.4416116	246.17552075	7151.67550472
139	2019-05-12 12:00:00	7245.6610041	7030.0	7166.60313061	7100.70011933	721623.74462037	101.11652697	7136.55587512
140	2019-05-12 14:00:00	7151.46228439	6756.90779629	7100.0	6864.93	1766667.4994839	254.86087402	6931.88982529
141	2019-05-12 16:00:00	6970.7482651	6838.50739173	6864.93	6933.39297643	800495.13800498	116.03517726	6898.72810045
142	2019-05-12 18:00:00	7078.83306936	6933.39297646	6939.05873499	7008.56485582	495093.62873361	70.5653574	7016.10034973
143	2019-05-12 20:00:00	7168.29323296	7000.60000014	7019.79057765	7150.0	553170.37006868	77.79860336	7110.28663983
144	2019-05-12 22:00:00	7150.0	6880.49738034	7150.0	6980.59158242	815801.9129202	116.92133773	6977.35698854
145	2019-05-13 00:00:00	7076.72499829	6862.86784574	6977.594289	7033.07389009	439686.42490958	63.06622976	6971.82036381
146	2019-05-13 02:00:00	7081.28846698	6998.85414742	7039.9	7036.01980255	250605.32124313	35.61774951	7035.96731098
147	2019-05-13 04:00:00	7157.34263416	7023.079919	7033.11606895	7053.79086783	464994.31946434	65.41268408	7108.62619389
148	2019-05-13 06:00:00	7095.641844	7025.22352779	7058.86317845	7040.40535347	206698.58718789	29.27331849	7060.98925062
149	2019-05-13 08:00:00	7133.29323307	7029.0	7057.99999991	7089.70000013	293925.82218977	41.41880069	7096.43488689
150	2019-05-13 10:00:00	7296.61057967	7046.74592352	7089.70000013	7232.56221128	687444.82785747	95.85647595	7171.60547625
151	2019-05-13 12:00:00	7385.00000001	7219.02826649	7231.88502051	7359.1	1135468.3269381	155.39739911	7306.86828377
152	2019-05-13 14:00:00	7857.90381234	7300.71003952	7350.0	7790.0	3138485.5790111	408.91713062	7675.11396319
153	2019-05-13 16:00:00	7914.47902	7718.36260154	7783.7692464	7784.0	1843284.1253594	235.70928469	7820.15917524
154	2019-05-13 18:00:00	7890.0	7748.00000003	7773.68915288	7872.10934842	1087919.2169429	139.10740338	7820.71399874
155	2019-05-13 20:00:00	8064.84427021	7768.87919672	7866.63586881	8060.240241	2075683.3122726	262.01386477	7922.03616436
156	2019-05-13 22:00:00	8100.0	7650.0	8060.240241	7811.96432384	3125009.7322492	398.13062756	7849.207059
157	2019-05-14 00:00:00	8060.0	7793.94132296	7805.71831231	7967.51873054	649363.19955655	81.5781151	7960.01720265
158	2019-05-14 02:00:00	7990.50000007	7846.04636846	7967.51873066	7951.99999972	441493.21001872	55.68811513	7927.96109166
159	2019-05-14 04:00:00	8040.0	7936.94542482	7936.94542482	7965.89661458	485116.68491018	60.7113761	7990.54009434
160	2019-05-14 06:00:00	8311.28471438	7954.81203184	7965.89661458	8311.28471438	1442847.536966	178.8260801	8068.44021945
161	2019-05-14 08:00:00	8342.61065618	7920.00000001	8306.78886201	8062.18820565	1396111.878586	171.95454164	8119.07533974
162	2019-05-14 10:00:00	8124.24062517	7950.00000003	8062.1882056	8062.88163168	1155201.3262801	143.6702438	8040.64429575
163	2019-05-14 12:00:00	8214.44948957	8061.33098288	8064.30982878	8153.91465097	866949.87101237	106.13487835	8168.37861869
164	2019-05-14 14:00:00	8184.00000018	7950.0	8145.60000008	7961.91020448	863247.73328303	107.26644207	8047.69615384
165	2019-05-14 16:00:00	8067.0571585	7754.55095323	7957.28751569	8047.57420786	1289632.7127862	162.91279974	7916.09201268
166	2019-05-14 18:00:00	8050.18892051	7750.17088884	8047.57420786	7810.0	1409763.7703487	179.09451756	7871.61879411
167	2019-05-14 20:00:00	7900.37740799	7682.90511992	7810.0	7802.0	990648.99835672	127.25421951	7784.80275287
168	2019-05-14 22:00:00	8050.894061	7805.65506421	7805.65506421	8000.0	685557.83781908	86.38244705	7936.30953082
169	2019-05-15 00:00:00	8127.19593332	7967.12053024	8010.0	8005.65031481	794533.65807575	98.51479155	8065.12043089
170	2019-05-15 02:00:00	8094.43084459	7959.71303017	8005.65031481	8033.00000003	320304.04660147	39.91441871	8024.77042014
171	2019-05-15 04:00:00	8050.00000001	7959.59999994	8036.20303055	7996.105241	277828.93919904	34.65573789	8016.82365214
172	2019-05-15 06:00:00	8030.2	7830.0	8011.98999999	7887.21120001	515990.00133552	65.04656378	7932.62505119
173	2019-05-15 08:00:00	8051.80000087	7833.75	7887.21119999	8051.80000087	318096.53685957	40.12145172	7928.34065625
174	2019-05-15 10:00:00	8125.0	7925.94428016	8042.66802181	7956.59999999	880452.77156465	109.32121693	8053.81422097
175	2019-05-15 12:00:00	8040.0	7900.55639606	7965.34200399	7970.60260737	831770.60272882	104.40205603	7966.99446694
176	2019-05-15 14:00:00	8018.2870505	7909.80256441	7972.75029517	7995.82811108	449121.00625994	56.43222181	7958.59159634
177	2019-05-15 16:00:00	8100.79	7920.0	7996.60000005	8075.49022173	1069004.4578498	133.11145077	8030.8978053
178	2019-05-15 18:00:00	8223.83493776	8048.12971791	8066.0000003	8169.06000025	1368868.8407875	167.95581754	8150.17223479
179	2019-05-15 20:00:00	8215.37740801	8090.4444	8169.06000025	8126.3504519	425709.13150124	52.2465213	8148.08566979
180	2019-05-15 22:00:00	8242.45843065	8111.14690012	8126.3504519	8169.88672531	921641.95612331	112.75000414	8174.20773642
181	2019-05-16 00:00:00	8320.0	8142.49500009	8170.26680001	8269.10000002	1091019.6076156	131.9999624	8265.30241205
182	2019-05-16 02:00:00	8300.0	8202.28250003	8269.10030001	8237.05786382	1163554.3808876	141.12977923	8244.57026175
183	2019-05-16 04:00:00	8231.16785288	7929.63323986	8229.17648374	8020.66017553	2480215.1232218	307.57653741	8063.73315762
184	2019-05-16 06:00:00	8138.32802073	7975.03014679	8009.00000129	8005.00000003	515344.15638462	63.98360966	8054.31514606
185	2019-05-16 08:00:00	8076.80413073	7950.0	8007.28999974	7981.42672194	754712.7760518	93.95152546	8033.00183106
186	2019-05-16 10:00:00	8004.7459	7770.04979891	7980.28924069	7877.41566355	1702339.0985153	216.21674188	7873.2991891
187	2019-05-16 12:00:00	7908.1960956	7751.89877158	7875.96312295	7852.32430908	745125.20405772	95.00909188	7842.67262546
188	2019-05-16 14:00:00	8025.14526862	7837.05000054	7837.0600005	8015.0	759654.69530165	95.3868786	7963.93284329
189	2019-05-16 16:00:00	8029.91127241	7862.9872107	8016.24229586	7912.68854731	855867.0812403	107.63971492	7951.22025245
190	2019-05-16 18:00:00	7951.51303188	7802.02376564	7916.88667057	7859.33114471	397377.10880377	50.48551555	7871.11123803
191	2019-05-16 20:00:00	7945.37740801	7708.0	7853.46572075	7921.74027826	710441.63414482	90.69317765	7833.46280892
192	2019-05-16 22:00:00	7939.50000079	7818.60000006	7916.24959024	7873.93604739	397317.51542324	50.4475314	7875.85644722
193	2019-05-17 00:00:00	7929.10385391	7750.0	7871.72774774	7791.32095309	560513.9452263	71.22222995	7869.92973429
194	2019-05-17 02:00:00	7805.4323675	7010.0	7785.77088125	7346.28706562	4559980.0863468	619.40794371	7361.83662585
195	2019-05-17 04:00:00	7480.31924307	7166.68715135	7357.39555107	7200.0	931337.06961969	126.87797012	7340.41590308
196	2019-05-17 06:00:00	7366.69467229	7163.78339522	7200.0	7303.399998	878465.22131876	120.97464071	7261.56503679
197	2019-05-17 08:00:00	7325.377408	7237.21970659	7303.399998	7289.99999982	370296.57970246	50.7991449	7289.42545059
198	2019-05-17 10:00:00	7290.39869892	7060.0	7289.99999982	7163.29900679	1092294.1054379	152.39536539	7167.50212608
199	2019-05-17 12:00:00	7195.99976882	6917.9094749	7163.29900679	7195.9965382	1310438.6494699	185.27501754	7072.93766245
200	2019-05-17 14:00:00	7270.37740801	7081.81818181	7195.9965382	7084.0	708353.04525978	98.4890554	7192.20061947
201	2019-05-17 16:00:00	7213.99999999	6999.99999999	7084.0	7054.67999989	1722818.8335064	242.92892165	7091.86383327
202	2019-05-17 18:00:00	7141.27964295	6994.68	7045.57871439	7136.34330005	704425.99382412	99.39588876	7087.07374733
203	2019-05-17 20:00:00	7287.91689088	7083.6351868	7135.83188478	7269.0	655491.64977825	91.17595944	7189.30355988
204	2019-05-17 22:00:00	7359.0	7198.05138015	7270.0	7352.42393267	750332.69580507	102.9169733	7290.66034246
205	2019-05-18 00:00:00	7435.0	7231.36085862	7356.0564	7269.018805	583542.97153561	79.45939589	7343.91402048
206	2019-05-18 02:00:00	7376.42547407	7268.62695278	7269.01880499	7376.42547407	209176.58851708	28.57405189	7320.50845719
207	2019-05-18 04:00:00	7457.62888199	7300.0	7376.42547406	7410.0	383000.4493745	51.78989383	7395.27388551
208	2019-05-18 06:00:00	7418.2	7288.63127366	7409.99999999	7294.5450267	475224.48838947	64.614835	7354.72726022
209	2019-05-18 08:00:00	7365.38270793	7198.86813194	7307.46230133	7280.23978577	489975.92679896	67.30437139	7280.00153154
210	2019-05-18 10:00:00	7343.72918859	7247.27859453	7278.10584736	7300.001	175640.33297124	24.06961318	7297.18137378
211	2019-05-18 12:00:00	7333.83423882	7268.02817625	7300.001	7313.24039007	103340.09557408	14.14379271	7306.39211793
212	2019-05-18 14:00:00	7391.3580037	7320.09999996	7325.78072903	7346.03514357	495617.81057608	67.35395154	7358.40732791
213	2019-05-18 16:00:00	7360.83564079	7261.54543274	7346.03514357	7281.64431896	451425.26875512	61.61670464	7326.34553231
214	2019-05-18 18:00:00	7304.32853784	7232.78072843	7280.748413	7247.59579791	154181.35016485	21.2117773	7268.66721181
215	2019-05-18 20:00:00	7342.30256707	7236.70885255	7247.59579791	7326.97499991	170322.16599596	23.39714008	7279.61474836
216	2019-05-18 22:00:00	7339.67888513	7239.02032368	7327.75446914	7267.63201716	232973.560239	32.01978846	7275.92440312
217	2019-05-19 00:00:00	7602.37402772	7250.0	7262.28626822	7583.3906662	1188675.4886345	158.65507571	7492.19956131
218	2019-05-19 02:00:00	7919.93000003	7588.07755515	7588.07755515	7901.34729824	1347316.1479956	174.01309359	7742.61361716
219	2019-05-19 04:00:00	7980.0	7816.6293883	7904.03515698	7896.755245	722210.03727628	91.4594665	7896.50393681
220	2019-05-19 06:00:00	7953.01365999	7851.01000007	7896.84484548	7917.66133443	341927.9910943	43.20500592	7914.08272753
221	2019-05-19 08:00:00	8011.00000003	7873.79305381	7911.32847217	8011.00000003	546618.11834704	68.88224195	7935.54482073
222	2019-05-19 10:00:00	8085.377408	7941.54416439	8011.39073454	7963.35995872	731779.92699092	91.40188566	8006.17975993
223	2019-05-19 12:00:00	7986.31701622	7776.62094599	7963.35995872	7844.59328576	1423942.4358343	180.6401797	7882.75586416
224	2019-05-19 14:00:00	7980.76161198	7842.0	7842.0	7968.68457279	379517.46468183	47.83358552	7934.12119447
225	2019-05-19 16:00:00	7996.9999998	7871.74733302	7968.68457279	7965.61108079	436755.44450119	54.94392956	7949.11190369
226	2019-05-19 18:00:00	8043.95239212	7931.57871267	7968.10000087	7951.49530458	597997.97211744	74.85989678	7988.22864897
227	2019-05-19 20:00:00	8061.0	7900.0	7936.59689646	8057.0	473594.39388435	59.00634175	8026.16091488
228	2019-05-19 22:00:00	8264.0	8003.11412637	8057.08041738	8163.01036736	1248430.3393125	153.05950673	8156.50308814
229	2019-05-20 00:00:00	8146.09814502	7800.0	8146.09814502	7956.92382186	1138658.0525907	142.9167864	7967.27999049
230	2019-05-20 02:00:00	8112.72633682	7850.323828	7960.00000003	8025.83092101	325175.26761229	40.64399473	8000.57351085
231	2019-05-20 04:00:00	8102.83609181	7927.50447428	8026.92373076	7992.64613795	333237.98510438	41.54499416	8021.13447942
232	2019-05-20 06:00:00	7989.17854947	7846.13717681	7985.58	7870.39373015	192458.89554875	24.34881436	7904.24095002
233	2019-05-20 08:00:00	7924.38193533	7793.90000088	7870.3693317	7881.64667937	372176.09375173	47.42252918	7848.08613515
234	2019-05-20 10:00:00	7935.39679079	7810.32409093	7884.69190057	7834.07016056	295283.5023483	37.56753875	7860.07048035
235	2019-05-20 12:00:00	7886.96660889	7564.99999999	7834.31540935	7720.73464449	2292204.8466498	298.28007448	7684.74009082
236	2019-05-20 14:00:00	7829.03853365	7671.28406385	7744.22519175	7818.17123946	365092.19796524	47.03885731	7761.50227373
237	2019-05-20 16:00:00	7874.41999998	7755.0	7829.03853364	7755.0	226221.25075416	28.91655286	7823.24407232
238	2019-05-20 18:00:00	7846.30000087	7682.11468128	7755.0	7810.44135941	266723.74491724	34.35562126	7763.612915
239	2019-05-20 20:00:00	8070.0	7784.73364374	7810.0	8011.84361485	494003.07356576	62.17186151	7945.76616442
240	2019-05-20 22:00:00	8045.37740795	7850.0	8010.94361467	7924.86865096	322258.20955757	40.71746244	7914.49639162
241	2019-05-21 00:00:00	7986.46317434	7875.33225032	7939.45539033	7887.76771297	198854.72263848	25.06688179	7932.96606671
242	2019-05-21 02:00:00	7930.88313964	7800.0	7885.48286303	7894.17531001	252276.50395072	31.99788687	7884.16138152
243	2019-05-21 04:00:00	7898.19034813	7789.17304621	7888.67723532	7871.78456513	165515.35657344	21.07046071	7855.32688874
244	2019-05-21 06:00:00	7930.08821143	7858.3728584	7873.42478328	7898.70689456	132506.71669898	16.78267058	7895.44882427
245	2019-05-21 08:00:00	7972.73	7880.36937316	7898.62432831	7934.05167777	160319.19653694	20.24174063	7920.22778413
246	2019-05-21 10:00:00	7940.53328808	7779.0	7934.05167777	7847.41170049	308077.86303777	39.17774822	7863.59290758
247	2019-05-21 12:00:00	7972.39239737	7811.60000039	7847.06479286	7885.92975538	290796.09252315	36.92015511	7876.35078067
248	2019-05-21 14:00:00	7931.54893816	7858.5074126	7890.00002092	7906.89999936	291187.25541677	36.89230353	7892.89980713
249	2019-05-21 16:00:00	7960.0	7866.96152177	7905.79999996	7955.5	307904.42005459	38.94580867	7905.97064407
250	2019-05-21 18:00:00	7990.2023282	7924.9433377	7959.9999998	7963.18884451	267076.34835079	33.55898948	7958.41449606
251	2019-05-21 20:00:00	8028.07500712	7939.0	7963.18884451	7942.14201036	425133.93984951	53.14436194	7999.60568403
252	2019-05-21 22:00:00	7951.99999997	7861.54488016	7940.96158686	7903.1610962	224462.03268269	28.34524769	7918.85945529
253	2019-05-22 00:00:00	7979.60116908	7900.0	7903.1610962	7901.3760856	189252.65608756	23.82943544	7941.96977784
254	2019-05-22 02:00:00	7946.78778249	7894.79610953	7903.00000001	7903.7603199	271776.25565311	34.26583308	7931.40662941
255	2019-05-22 04:00:00	7944.21614677	7816.99999952	7900.9158037	7926.78	153969.93693264	19.56493527	7869.68803156
256	2019-05-22 06:00:00	7933.90000071	7875.41272543	7926.78	7885.5904196	104115.19327756	13.17962169	7899.71030477
257	2019-05-22 08:00:00	7923.09999996	7850.10958244	7885.59041951	7850.10958244	115269.21898592	14.58296633	7904.3739372
258	2019-05-22 10:00:00	7890.98500339	7745.07358369	7857.91244927	7802.40401927	828275.36257612	105.82343654	7826.95582053
259	2019-05-22 12:00:00	7858.31070121	7780.0	7805.70609417	7848.556518	164219.58311274	20.98887253	7824.12599238
260	2019-05-22 14:00:00	8000.0	7826.92757312	7837.78799474	7922.83874124	601577.73220447	75.84044753	7932.14902861
261	2019-05-22 16:00:00	7940.0	7846.51665634	7930.20000026	7883.0	347015.83561961	43.85951128	7911.98591804
262	2019-05-22 18:00:00	7914.2080611	7850.0	7883.0	7894.91047554	106925.37076733	13.5609178	7884.81814758
263	2019-05-22 20:00:00	7908.1933701	7625.0	7900.0	7673.6	930024.83546143	119.76872991	7765.1723965
264	2019-05-22 22:00:00	7746.3903104	7511.88319056	7673.59999996	7628.80358764	792080.69473415	103.7840163	7632.0104287
265	2019-05-23 00:00:00	7677.27135563	7544.62913073	7628.80358762	7613.56443263	365453.27165161	48.04712148	7606.14289461
266	2019-05-23 02:00:00	7679.26756919	7602.37010005	7615.01886979	7654.82779275	121320.79782881	15.85045425	7654.08965038
267	2019-05-23 04:00:00	7688.34314119	7581.7657951	7660.05779638	7623.22170934	253982.09697292	33.26350409	7635.45825736
268	2019-05-23 06:00:00	7634.34211432	7550.5	7617.0	7585.01238195	179772.93015044	23.65672406	7599.23181648
269	2019-05-23 08:00:00	7590.0	7469.00000001	7585.06428411	7581.70000087	727098.02557726	96.65904941	7522.29646386
270	2019-05-23 10:00:00	7641.52028759	7574.84690201	7582.99999999	7590.50151774	314448.23434799	41.34120419	7606.17017595
271	2019-05-23 12:00:00	7687.70181687	7556.1199004	7589.0	7655.58333824	229937.70676739	30.16254477	7623.28604966
272	2019-05-23 14:00:00	7800.0	7655.58333824	7655.58333824	7761.30396854	466174.81092786	60.32054627	7728.29226116
273	2019-05-23 16:00:00	7850.0	7737.28602861	7761.0	7759.0	492908.75254459	63.32849911	7783.36387995
274	2019-05-23 18:00:00	7789.02701851	7707.49261481	7755.7461605	7765.0	154051.02155648	19.89817431	7741.96763765
275	2019-05-23 20:00:00	7920.00000005	7756.04067597	7757.24558721	7883.90746223	265132.5593311	33.77061558	7850.98390353
276	2019-05-23 22:00:00	7930.45	7816.86555205	7883.90746223	7847.22406338	198085.57607419	25.12216989	7884.89119138
277	2019-05-24 00:00:00	7901.9	7800.0	7850.29539091	7839.45225001	215549.46386295	27.45662628	7850.54440646
278	2019-05-24 02:00:00	7854.17637231	7803.74796775	7854.17637231	7838.48867818	124779.73746577	15.9561594	7820.16112635
279	2019-05-24 04:00:00	7862.08566396	7773.84	7846.56624547	7821.47385334	69194.29723266	8.86255254	7807.49077879
280	2019-05-24 06:00:00	7880.0	7794.69900732	7810.50987763	7841.896821	75984.05863802	9.68196936	7847.99618886
281	2019-05-24 08:00:00	7975.0	7852.9855358	7852.9855358	7924.96716679	650206.11021859	81.9325991	7935.8657892
282	2019-05-24 10:00:00	7999.47385444	7914.66331956	7926.43612003	7972.58563511	474615.56121892	59.58352272	7965.55053398
283	2019-05-24 12:00:00	7988.53749397	7928.18839976	7973.34205158	7929.7386747	198611.60294841	24.95560176	7958.59802774
284	2019-05-24 14:00:00	8089.99272089	7923.01977808	7929.86712682	8059.25421328	998164.53003784	124.20055784	8036.71535295
285	2019-05-24 16:00:00	8117.44621983	7978.90793122	8046.12646678	8027.37479194	726690.40152682	90.07497289	8067.61721054
286	2019-05-24 18:00:00	8045.4978708	7967.93152285	8021.0546711	8023.11426671	178073.17840946	22.24476078	8005.17390007
287	2019-05-24 20:00:00	8089.31545451	8010.17311839	8024.95820534	8020.00000002	195728.03212852	24.29332563	8056.86447008
288	2019-05-24 22:00:00	8065.0	7901.00000001	8020.0	7975.28895219	245149.61656068	30.73498743	7976.239363
289	2019-05-25 00:00:00	8025.57464098	7939.66936506	7957.42571844	8011.456674	272289.63290844	34.05397619	7995.82496297
290	2019-05-25 02:00:00	8017.1747815	7975.70937977	8011.45667399	7979.13049535	41966.77382888	5.24951006	7994.41725974
291	2019-05-25 04:00:00	8010.78224734	7928.35399517	7983.89	7938.79986277	117323.29535449	14.73278591	7963.41547832
292	2019-05-25 06:00:00	7970.18915128	7915.48791435	7935.73100418	7963.1627751	147746.77115686	18.61647992	7936.34305689
293	2019-05-25 08:00:00	8039.0	7940.1161249	7963.2990306	8037.63387354	208650.07923017	26.0660146	8004.67898265
294	2019-05-25 10:00:00	8087.4703042	8027.81452642	8038.9	8039.44278597	212304.0039122	26.34595534	8058.31487878
295	2019-05-25 12:00:00	8066.31511958	7986.31474026	8040.00000004	7993.7540443	131117.88102502	16.34734867	8020.74291506
296	2019-05-25 14:00:00	8040.33703275	7970.0	7996.3082952	8015.22711427	168715.05991017	21.0684133	8007.96232292
297	2019-05-25 16:00:00	8028.09791128	7976.84727638	8012.04752221	8000.0000317	58677.12347137	7.34012561	7994.02170876
298	2019-05-25 18:00:00	8038.79893555	7935.00000002	8002.00000032	7964.5583908	97510.79693536	12.21082201	7985.60464279
299	2019-05-25 20:00:00	8042.42062544	7967.08776579	7967.08776579	8015.32341247	76274.58057807	9.51782347	8013.8679624
300	2019-05-25 22:00:00	8054.03069878	8001.28428041	8013.6875328	8036.47249247	56251.28692729	7.00590292	8029.12737581
301	2019-05-26 00:00:00	8045.08842876	7992.95710868	8036.40000083	8005.3	54954.77819201	6.8521455	8020.08337272
302	2019-05-26 02:00:00	8026.76531166	7960.68799982	8011.66128146	7968.77391307	185967.86778349	23.28615169	7986.20013556
303	2019-05-26 04:00:00	8018.97039936	7949.81849289	7960.89802113	7964.52290903	171040.57690529	21.42684438	7982.53694626
304	2019-05-26 06:00:00	7995.90415479	7920.00000001	7964.26551161	7981.49999998	341110.697854	42.88499578	7954.08024764
305	2019-05-26 08:00:00	7995.9216433	7960.20105379	7980.69999999	7971.10000025	41034.94749608	5.14439659	7976.62986867
306	2019-05-26 10:00:00	7971.10000025	7852.55417392	7971.10000025	7909.64591673	291713.54011734	36.89147168	7907.34353586
307	2019-05-26 12:00:00	7969.65185766	7880.0	7909.64591673	7969.65185766	143537.91500468	18.11170296	7925.14736585
308	2019-05-26 14:00:00	7999.15112417	7951.03168833	7969.83623731	7976.93590553	96933.14321918	12.14789237	7979.42064901
309	2019-05-26 16:00:00	7990.0	7943.54825837	7989.0	7968.2	49258.5300054	6.17865978	7972.36484275
310	2019-05-26 18:00:00	8499.999	7962.71363893	7968.41593165	8484.17915149	2378614.7121965	287.03292323	8286.90550697
311	2019-05-26 20:00:00	8684.1635884	8430.00000002	8484.05072334	8576.20613161	2951103.8144909	345.47528968	8542.15598812
312	2019-05-26 22:00:00	8729.52563474	8549.98890019	8576.20613161	8622.61232617	1474154.802516	171.15044253	8613.21058084
313	2019-05-27 00:00:00	8830.0	8607.30306214	8616.50275214	8721.16543237	1969310.7474821	224.82309286	8759.37930766
314	2019-05-27 02:00:00	8739.79341971	8588.38000082	8732.23679172	8664.34223703	577250.62616151	66.61651147	8665.27852365
315	2019-05-27 04:00:00	8674.00897257	8597.01876182	8667.3588002	8640.3982301	251194.84760087	29.07887009	8638.39780649
316	2019-05-27 06:00:00	8729.44256472	8638.85544889	8640.3982301	8705.5969997	751681.582348	86.48600509	8691.36667332
317	2019-05-27 08:00:00	8696.44625141	8613.73615208	8695.20750004	8681.89117046	801428.35331426	92.60806826	8653.97981376
318	2019-05-27 10:00:00	8701.4514949	8650.40000087	8681.89117046	8684.34403742	374114.38331865	43.09213345	8681.7326822
319	2019-05-27 12:00:00	8800.52266181	8685.63468209	8685.63468209	8787.85688293	1370867.7175722	156.09191156	8782.43916594
320	2019-05-27 14:00:00	8861.883	8742.04137429	8777.56399114	8797.60000089	742669.60603855	84.25013552	8815.05532845
321	2019-05-27 16:00:00	8900.08580809	8607.87240079	8797.6000009	8633.50000078	1721499.9717477	197.36547034	8722.39692577
322	2019-05-27 18:00:00	8789.7093468	8618.24944648	8633.5	8760.45970614	405976.45274224	46.59157059	8713.51722213
323	2019-05-27 20:00:00	8796.3	8672.03977012	8762.0349141	8767.78965825	490097.59088805	56.18883409	8722.33066988
324	2019-05-27 22:00:00	8818.2495	8715.05000001	8762.9	8750.08139821	798208.15081867	91.21000311	8751.3224822
325	2019-05-28 00:00:00	8795.08766306	8719.25161073	8749.78539435	8755.00000001	314610.74664067	35.9135757	8760.21784265
326	2019-05-28 02:00:00	8786.43357801	8743.80579963	8756.08724043	8760.45654195	371572.2116985	42.37133717	8769.42377833
327	2019-05-28 04:00:00	8784.59289593	8687.0	8764.30570748	8713.2263173	164198.69113022	18.7687173	8748.53025412
328	2019-05-28 06:00:00	8730.39597424	8633.05331792	8725.75470458	8720.31085945	445618.38809198	51.30636002	8685.44149143
329	2019-05-28 08:00:00	8740.45097675	8689.92985092	8720.79245953	8710.95187809	171129.6700582	19.66557977	8701.98957059
330	2019-05-28 10:00:00	8735.71648901	8654.0	8704.0	8735.71648901	304463.36888667	35.03735028	8689.68019709
331	2019-05-28 12:00:00	8750.03035803	8550.0	8733.15302706	8655.89999965	704997.69459891	81.7102062	8628.02491127
332	2019-05-28 14:00:00	8689.65517241	8639.01943127	8655.89999921	8689.04173833	362341.84821582	41.80663042	8667.09047286
333	2019-05-28 16:00:00	8775.0	8615.25391791	8678.65517312	8736.054635	712348.03353942	81.90488403	8697.25953434
334	2019-05-28 18:00:00	8755.0	8638.48956501	8733.0	8683.0000001	322579.07374343	37.08158935	8699.17065039
335	2019-05-28 20:00:00	8713.5752558	8666.18517418	8691.63036551	8708.26395646	371639.79175203	42.75799359	8691.70324771
336	2019-05-28 22:00:00	8737.50601272	8677.97422145	8708.26395637	8722.1895544	218942.70045026	25.18450779	8693.54693273
337	2019-05-29 00:00:00	8718.05751243	8655.0	8718.05751243	8657.83564812	157052.70471993	18.08049761	8686.3043323
338	2019-05-29 02:00:00	8669.99931231	8613.86182274	8657.7515303	8657.70889996	113966.97655625	13.18765897	8641.94144051
339	2019-05-29 04:00:00	8661.59641594	8426.78085745	8661.59641594	8469.97622236	1628832.9188413	190.37300779	8556.00769116
340	2019-05-29 06:00:00	8600.5485517	8445.18140107	8465.0	8550.0	488960.64556769	57.25612439	8539.8837378
341	2019-05-29 08:00:00	8625.4439451	8531.3349257	8544.31718401	8625.4439451	248659.49282168	28.99599543	8575.64946931
342	2019-05-29 10:00:00	8684.22374652	8614.7638707	8626.00000013	8628.44999934	315852.99109401	36.50061141	8653.3616532
343	2019-05-29 12:00:00	8748.62120843	8620.03407033	8628.44999889	8731.93505768	381652.49223659	43.92876108	8687.98670514
344	2019-05-29 14:00:00	8748.44272317	8657.88143569	8730.02544561	8694.90597648	656380.61022905	75.41156777	8703.97778005
345	2019-05-29 16:00:00	8717.74284753	8626.20892677	8684.72999151	8667.92106113	147304.98327333	16.96614401	8682.29004696
346	2019-05-29 18:00:00	8697.0	8646.75427485	8667.92106113	8671.09999999	98763.62393647	11.38523108	8674.71404335
347	2019-05-29 20:00:00	8709.9	8611.29064909	8673.66953384	8644.53213584	173932.4334811	20.10679534	8650.43039131
348	2019-05-29 22:00:00	8685.1371945	8615.73400732	8641.20327715	8653.0	128324.80801126	14.84487661	8644.38360671
349	2019-05-30 00:00:00	8720.20000002	8556.9260559	8655.09999999	8620.67467	626613.57606111	72.57882037	8633.55966474
350	2019-05-30 02:00:00	8686.0	8550.98881605	8614.0061678	8684.84158582	284052.35967114	33.03177298	8599.36764045
351	2019-05-30 04:00:00	8750.39081831	8657.82681887	8681.29661665	8704.07026966	230090.9353596	26.44349749	8701.22930775
352	2019-05-30 06:00:00	8728.94941412	8686.79758249	8705.0	8690.16073427	517168.00269378	59.47182599	8696.01688
353	2019-05-30 08:00:00	8716.30434025	8670.0	8693.20054025	8707.66306493	449181.41165433	51.71481637	8685.73927519
354	2019-05-30 10:00:00	8773.87298105	8704.3384688	8707.66306493	8720.82439066	894040.82549797	102.3472324	8735.36884714
355	2019-05-30 12:00:00	8740.81214109	8693.86743457	8720.00000001	8710.0	297220.32550878	34.10276895	8715.43087731
356	2019-05-30 14:00:00	8950.0	8700.0	8710.0	8950.0	745007.95356496	84.60219955	8806.01163477
357	2019-05-30 16:00:00	9050.46826904	8530.76669515	8931.4688769	8604.79657569	3484198.4206796	399.48150656	8721.80154391
358	2019-05-30 18:00:00	8659.99999998	8571.16509406	8599.84111968	8620.3734	548417.67552505	63.68703304	8611.13556947
359	2019-05-30 20:00:00	8621.00000003	8053.00000001	8621.00000003	8229.77692996	4339108.4920705	520.45167408	8337.19768457
360	2019-05-30 22:00:00	8316.1537333	8189.59445031	8212.11	8275.24969776	871190.38547585	105.58335459	8251.20956668
361	2019-05-31 00:00:00	8383.18198183	8273.86	8273.86	8345.4738165	538116.76670411	64.60501661	8329.33408178
362	2019-05-31 02:00:00	8353.13623605	8217.88254147	8345.4738165	8272.5535098	429250.74473703	51.86619643	8276.11766974
363	2019-05-31 04:00:00	8285.13902252	8117.09170448	8267.77564962	8247.2797457	934298.39103226	113.88465411	8203.90067769
364	2019-05-31 06:00:00	8319.7298478	8253.55225356	8255.69999999	8311.26364245	377566.08421244	45.60766303	8278.56678304
365	2019-05-31 08:00:00	8336.48915971	8284.36541608	8316.24620426	8321.01000044	157317.94821218	18.92503725	8312.68895981
366	2019-05-31 10:00:00	8350.0	8234.9	8321.01000042	8287.63903998	323414.40109574	39.09085078	8273.40399716
367	2019-05-31 12:00:00	8441.48915972	8263.08268852	8263.08268852	8418.0	589963.05464836	70.3515624	8385.92682979
368	2019-05-31 14:00:00	8450.0	8302.43145924	8418.0	8358.68293635	449654.56871581	53.60423686	8388.41470479
369	2019-05-31 16:00:00	8446.20238936	8299.59389891	8352.89425011	8392.5084887	361204.16174538	43.09297847	8381.97252939
370	2019-05-31 18:00:00	8467.23629837	8399.86034009	8403.48768967	8446.18238929	334577.87533616	39.63212139	8442.08847777
371	2019-05-31 20:00:00	8541.48915972	8432.0	8445.05673484	8540.99999999	809667.34887686	95.17982533	8506.71185904
372	2019-05-31 22:00:00	8580.0	8480.001	8540.99999999	8549.98762712	323084.59959544	37.82451574	8541.67180397
373	2019-06-01 00:00:00	8587.33521751	8489.16978341	8547.17394021	8560.0	202681.52117946	23.72234676	8543.90685837
374	2019-06-01 02:00:00	8561.26839583	8520.26839583	8560.0	8559.99999995	120685.31110728	14.12348833	8545.00731599
375	2019-06-01 04:00:00	8570.0	8458.88675323	8550.0	8458.88675323	195190.4019453	22.93266764	8511.45645196
376	2019-06-01 06:00:00	8544.48507461	8455.13025256	8474.82308645	8538.00000009	106563.71198739	12.53865733	8498.8136435
377	2019-06-01 08:00:00	8610.23539745	8517.93607926	8538.00000004	8580.33998906	405446.41437287	47.30426799	8571.03241632
378	2019-06-01 10:00:00	8593.59940238	8520.0	8580.33998906	8561.05906779	112417.7510908	13.11762624	8569.97668892
379	2019-06-01 12:00:00	8570.79985225	8501.0	8560.54990795	8522.2999597	85121.26595118	9.95900807	8547.16306612
380	2019-06-01 14:00:00	8532.35576049	8430.70000089	8512.42673388	8526.78516836	568824.09955739	67.04761298	8483.88293446
381	2019-06-01 16:00:00	8576.51024659	8503.5507673	8522.77555205	8505.11408602	124557.10834436	14.58696813	8538.93058751
382	2019-06-01 18:00:00	8541.0	8474.82308645	8513.70512313	8538.10396873	159757.24238678	18.77018747	8511.22252466
383	2019-06-01 20:00:00	8599.1	8532.35576049	8533.88169157	8579.08197977	122660.33026684	14.31241036	8570.20775547
384	2019-06-01 22:00:00	8588.0	8506.64517596	8585.0	8542.76100762	164099.58003168	19.19298091	8549.97880741
385	2019-06-02 00:00:00	8590.27900417	8531.56036447	8541.35645645	8567.15815781	67411.49018723	7.8580312800000005	8578.67419779
386	2019-06-02 02:00:00	8575.76143265	8532.35576049	8568.5238989	8548.9	72601.4155141	8.48101968	8560.45832381
387	2019-06-02 04:00:00	8577.0	8542.08186019	8549.70417453	8577.0	36882.82663467	4.3108669	8555.77949638
388	2019-06-02 06:00:00	8724.34840867	8562.11723955	8580.8800614	8707.10887467	825609.89430332	95.42726404	8651.71921891
389	2019-06-02 08:00:00	8741.48915972	8677.75328403	8704.91679455	8698.06266968	537309.80660599	61.66812648	8712.92574098
390	2019-06-02 10:00:00	8727.50750089	8677.75328403	8704.7586625	8720.00000046	127811.95639147	14.68808886	8701.74177251
391	2019-06-02 12:00:00	8803.60730671	8600.91881572	8720.5	8668.39999993	648459.30792115	74.28315742	8729.56038008
392	2019-06-02 14:00:00	8715.29999991	8658.55314025	8670.99999983	8677.04725676	331654.21166776	38.16732317	8689.48053261
393	2019-06-02 16:00:00	8703.34150324	8635.55117427	8677.04725676	8648.82590325	168818.95288688	19.48255209	8665.13545592
394	2019-06-02 18:00:00	8688.52229534	8625.84114964	8633.56658174	8664.93228249	96270.20354672	11.13964529	8642.12468534
395	2019-06-02 20:00:00	8705.85841001	8645.18207929	8664.93228249	8681.5226746	114089.29719171	13.14243028	8680.98934223
396	2019-06-02 22:00:00	8750.0	8681.52267232	8681.52299439	8724.49080533	121295.82301671	13.89314732	8730.62238691
397	2019-06-03 00:00:00	8732.89563132	8625.84114964	8720.2659723	8692.26728403	515624.48839735	59.43541827	8675.37410193
398	2019-06-03 02:00:00	8731.48467482	8648.3735969	8673.0	8660.18377964	454868.70475131	52.38298838	8683.51957035
399	2019-06-03 04:00:00	8671.96425728	8534.33108338	8660.18	8578.10533463	402319.6102938	46.82661577	8591.68666533
400	2019-06-03 06:00:00	8607.36117081	8342.8077888	8575.0	8469.4	1881885.4715434	222.40395067	8461.56494016
401	2019-06-03 08:00:00	8522.08894697	8435.0	8470.0	8484.76363912	212341.16129796	25.02435729	8485.37921822
402	2019-06-03 10:00:00	8544.10034485	8471.00000127	8489.13881294	8503.95515695	209488.77745903	24.60631391	8513.61883073
403	2019-06-03 12:00:00	8560.42898129	8432.25449907	8500.0	8448.95590146	486644.51000791	57.11193938	8520.88924471
404	2019-06-03 14:00:00	8486.0540495	8336.25328193	8446.98045509	8470.3927827	508880.57737855	60.50456595	8410.61446171
405	2019-06-03 16:00:00	8556.00317348	8437.5929239	8463.02601626	8478.57817547	181676.46964123	21.38345172	8496.12457428
406	2019-06-03 18:00:00	8580.0	8480.8	8492.0104162	8576.85638473	213349.65740495	24.94789814	8551.8089022
407	2019-06-03 20:00:00	8577.49999848	8471.22399518	8575.74574193	8513.18390435	271749.45360361	31.85430748	8531.01119131
408	2019-06-03 22:00:00	8512.87390427	8075.0	8512.87390427	8118.44080432	1955317.8337035	237.71324596	8225.53167286
409	2019-06-04 00:00:00	8115.93591117	7805.0	8115.93591117	8027.16917589	2170472.1394184	272.70226508	7959.1276544
410	2019-06-04 02:00:00	8044.5821616	7908.88675323	8025.99999999	7920.00000001	487476.01635775	60.88676305	8006.27249567
411	2019-06-04 04:00:00	8012.8552417	7885.82877811	7916.18976006	7969.6	342426.94229821	43.01229283	7961.14133351
412	2019-06-04 06:00:00	7969.59999986	7809.82344682	7954.80012549	7888.90000007	440636.0659942	55.91813141	7880.02128975
413	2019-06-04 08:00:00	7996.48915972	7893.24300252	7900.39999999	7970.1708419	480407.78694402	60.47925139	7943.34876677
414	2019-06-04 10:00:00	8001.54436079	7926.00000113	7962.72959133	7945.84780742	297281.32089315	37.30817041	7968.26318809
415	2019-06-04 12:00:00	8038.58738275	7879.99999999	7949.0	8019.50000001	350568.91719583	43.93551102	7979.17013042
416	2019-06-04 14:00:00	8021.5063339	7924.21516367	8012.63221908	7939.32853779	290141.95580089	36.32254591	7987.93004542
417	2019-06-04 16:00:00	7966.43977486	7611.0	7955.72378264	7613.8574022	1924948.7041385	247.52489783	7776.78819793
418	2019-06-04 18:00:00	7731.48915971	7559.28951872	7615.55011109	7618.81623071	1865412.4362594	245.02890428	7613.03015144
419	2019-06-04 20:00:00	7733.45052602	7509.28951	7628.80965183	7509.28951	853637.79701003	112.3563068	7597.59573202
420	2019-06-04 22:00:00	7691.48915972	7506.13533914	7509.28951	7691.48915971	1166130.5890075	154.14797366	7565.00757888
421	2019-06-05 00:00:00	7796.48915972	7691.48915972	7691.48915972	7753.15943485	382935.33557909	49.32561191	7763.41784219
422	2019-06-05 02:00:00	7880.0	7754.86879366	7760.24629665	7794.987259	266942.87049707	34.09311608	7829.81731182
423	2019-06-05 04:00:00	7837.81389799	7724.37703608	7794.987259	7739.63856272	275576.25265936	35.36775387	7791.73745871
424	2019-06-05 06:00:00	7835.99999999	7697.8842131	7736.65873799	7825.65045483	199839.37585925	25.76689751	7755.663086
425	2019-06-05 08:00:00	7836.16816053	7775.536623	7836.16816053	7785.90000001	100148.92662593	12.835507400000001	7802.49066164
426	2019-06-05 10:00:00	7886.48915969	7765.2453248	7800.0	7789.91411345	357249.43230918	45.54448735	7843.9664841
427	2019-06-05 12:00:00	7808.40851678	7738.45683028	7790.42677628	7760.00000004	145569.37806614	18.72504719	7774.04599246
428	2019-06-05 14:00:00	7785.94659619	7580.47725419	7763.29647296	7634.00178628	673866.51272297	87.83251843	7672.17569037
429	2019-06-05 16:00:00	7818.09421352	7624.77799172	7624.77799172	7787.80664299	238252.71951494	30.75698999	7746.29505658
430	2019-06-05 18:00:00	7830.85480318	7713.72574926	7793.93454627	7789.94148044	246450.61881141	31.65265723	7786.09571451
431	2019-06-05 20:00:00	7893.22653188	7614.69755323	7789.5	7730.604498	774540.87330237	99.88477605	7754.343594
432	2019-06-05 22:00:00	7812.6726288	7695.47786338	7727.47666493	7773.49521967	224948.40406605	28.948294699999998	7770.69621534
433	2019-06-06 00:00:00	7851.45764559	7742.2009288	7774.26701925	7825.18426588	237790.4322319	30.48899878	7799.22075984
434	2019-06-06 02:00:00	7853.48915972	7791.50000001	7835.87060475	7846.58182317	66991.12350233	8.57502627	7812.35198505
435	2019-06-06 04:00:00	7850.68479323	7771.857589	7850.68479323	7792.50823058	167261.8654504	21.47426685	7788.94416367
436	2019-06-06 06:00:00	7820.7801162	7757.0628262	7792.50823058	7764.00691306	125371.50103097	16.09085006	7791.47780033
437	2019-06-06 08:00:00	7806.0	7742.66346326	7764.42576064	7755.90866756	91398.40758789	11.74811939	7779.83305699
438	2019-06-06 10:00:00	7831.75201019	7755.15131977	7757.90164476	7830.02666871	295635.60118412	37.85019282	7810.67622535
439	2019-06-06 12:00:00	7841.4891597	7642.41983257	7827.00000002	7710.72073062	793611.56537859	102.75931943	7723.013054
440	2019-06-06 14:00:00	7710.72073062	7710.72073062	7710.72073062	7710.72073062	0.0	0.0	7710.72073062
441	2019-06-06 16:00:00	7710.72073062	7710.72073062	7710.72073062	7710.72073062	0.0	0.0	7710.72073062
442	2019-06-06 18:00:00	7707.32641505	7510.0	7707.32641505	7599.99999992	855910.992543	112.93024842	7579.11192544
443	2019-06-06 20:00:00	7734.67977663	7587.56398321	7599.99999992	7734.0	472039.15495789	61.40078074	7687.83636411
444	2019-06-06 22:00:00	7800.0	7697.04275731	7734.66165993	7784.81161432	208992.01557474	26.96078218	7751.70446389
445	2019-06-07 00:00:00	7812.51779337	7751.29824008	7789.57486601	7774.30000019	444389.80667114	57.07000292	7786.74932423
446	2019-06-07 02:00:00	7813.11148738	7747.92706031	7774.30000019	7789.84546287	239842.0432745	30.82865504	7779.84128607
447	2019-06-07 04:00:00	7797.74295915	7763.8	7789.84546287	7781.20110007	99093.40252962	12.73109641	7783.57176305
448	2019-06-07 06:00:00	7981.10149621	7781.20000013	7781.20000013	7934.96550068	634986.6086951	80.27464401	7910.176576
449	2019-06-07 08:00:00	7998.0556928	7920.0	7939.89348878	7939.99999989	333664.70980887	41.90719593	7961.99083246
450	2019-06-07 10:00:00	7989.97999995	7880.0	7938.59999999	7887.11130368	283804.73641066	35.80748963	7925.84845637
451	2019-06-07 12:00:00	7949.76265549	7876.6143951	7897.68608729	7946.0	118483.80333801	14.98093973	7908.97002948
452	2019-06-07 14:00:00	7950.22064662	7900.0	7946.0	7922.19515533	133487.90381751	16.85001151	7922.12537886
453	2019-06-07 16:00:00	8093.24596995	7908.2	7929.00224421	8063.55	657340.17707618	81.87147429	8028.92805799
454	2019-06-07 18:00:00	8088.1414995	7934.64750323	8064.57	7957.59999939	485877.27738053	60.59814054	8018.02288074
455	2019-06-07 20:00:00	7978.90158869	7870.0	7940.01644305	7917.02400677	566208.73814154	71.57264109	7910.96611105
456	2019-06-07 22:00:00	8041.23632969	7925.00000344	7939.39999872	7994.0	232872.19363195	29.13601626	7992.58867629
457	2019-06-08 00:00:00	8043.51695302	7952.88119973	7985.5010644	7956.76895633	297429.31449207	37.15531577	8005.02723037
458	2019-06-08 02:00:00	7963.7836195	7924.64750324	7957.6574001	7924.64750324	162889.90322012	20.49469827	7947.90443236
459	2019-06-08 04:00:00	7996.58593805	7924.89561221	7924.89561221	7932.10878209	214453.49027222	26.9348169	7961.94349745
460	2019-06-08 06:00:00	7931.79660717	7856.71566071	7931.79660717	7915.68170488	191135.71221343	24.2115949	7894.38750329
461	2019-06-08 08:00:00	7968.60861134	7904.84170564	7904.84170564	7963.57871056	296075.6358151	37.30066865	7937.54231574
462	2019-06-08 10:00:00	7998.0	7952.88119972	7964.98895382	7974.68603928	149264.56261627	18.71523822	7975.56306052
463	2019-06-08 12:00:00	7983.59999991	7899.0	7981.10429171	7946.29986244	322772.03443803	40.68552706	7933.33791552
464	2019-06-08 14:00:00	7938.33099211	7849.202621	7935.68285885	7911.5383933	203813.84638267	25.80095948	7899.46771323
465	2019-06-08 16:00:00	7916.70000085	7769.09511391	7903.80006097	7811.05233344	1425648.5605457	182.6115152	7807.00252656
466	2019-06-08 18:00:00	7829.0	7785.0	7811.05233344	7805.06978875	727831.51922583	93.17268005	7811.64091056
467	2019-06-08 20:00:00	7883.2000008	7817.39597382	7828.79989963	7869.59999998	109938.38341748	14.00627681	7849.22252421
468	2019-06-08 22:00:00	7932.3	7870.69999969	7870.69999969	7895.0	36922.20547932	4.67345447	7900.40979672
469	2019-06-09 00:00:00	7930.80001139	7846.76363798	7907.939905	7855.99999999	127657.82345657	16.19893986	7880.62827319
470	2019-06-09 02:00:00	7879.75743651	7834.64750323	7854.50000012	7875.67212762	76303.22600119	9.71664934	7852.83314558
471	2019-06-09 04:00:00	7884.2010607	7854.94968954	7874.9	7876.6356884	32170.25833724	4.08731898	7870.74815903
472	2019-06-09 06:00:00	7898.56647038	7847.84488281	7872.05172226	7897.47779586	66981.59701284	8.51730498	7864.17736245
473	2019-06-09 08:00:00	7919.63839526	7864.90941497	7897.47779585	7864.90941497	30599.20536387	3.87490564	7896.76141994
474	2019-06-09 10:00:00	7886.81981866	7830.0	7871.26604583	7845.89888076	499629.91052438	63.64103074	7850.7513897
475	2019-06-09 12:00:00	7845.55691239	7680.0	7845.55691239	7729.59095225	838409.55806591	108.40720741	7733.89129834
476	2019-06-09 14:00:00	7749.46726328	7676.63482094	7729.59095224	7715.00000001	813950.52760295	105.73602352	7697.94910481
477	2019-06-09 16:00:00	7715.00000002	7582.07670339	7715.00000002	7634.46558626	1127720.4919668	147.7001104	7635.20412349
478	2019-06-09 18:00:00	7752.98421111	7625.94599256	7633.22603679	7733.99999999	150116.97260978	19.53127644	7685.97859289
479	2019-06-09 20:00:00	7733.99999999	7614.88550321	7733.99999999	7623.84378697	149900.11180928	19.51284402	7682.12525327
480	2019-06-09 22:00:00	7650.601256	7511.73703814	7618.0	7640.60080127	657379.91614521	86.93531276	7561.71336221
481	2019-06-10 00:00:00	7656.13243967	7515.0	7628.0983474	7625.57573464	340797.55772439	44.83188628	7601.6778682
482	2019-06-10 02:00:00	7671.48915972	7587.29325013	7618.00000001	7648.93443657	440704.45250534	57.88557297	7613.37289921
483	2019-06-10 04:00:00	7663.47650553	7612.20174105	7655.03616478	7622.4524322	186203.70343946	24.40424729	7629.97117783
484	2019-06-10 06:00:00	7725.22973379	7632.11358	7632.11358	7702.0	228559.10819754	29.74262519	7684.56404696
485	2019-06-10 08:00:00	7725.3803966	7679.0	7700.09084106	7680.78761409	187294.01131974	24.28738865	7711.57467848
486	2019-06-10 10:00:00	7956.48915972	7594.72485562	7681.00000056	7917.2916452	1125247.8457623	144.34602525	7795.48895657
487	2019-06-10 12:00:00	8010.0	7877.76606858	7908.1684126	7899.40627522	818133.31470093	102.85972605	7953.87413634
488	2019-06-10 14:00:00	7936.09878187	7858.98456524	7899.40627525	7904.03043581	274452.09374574	34.74374228	7899.324475
489	2019-06-10 16:00:00	7955.83088479	7887.0730878	7906.7492567	7903.70257398	144413.84110637	18.24902198	7913.51127006
490	2019-06-10 18:00:00	7980.0	7894.96016092	7900.00000001	7940.88988595	565587.61113986	71.32664952	7929.54127168
491	2019-06-10 20:00:00	7966.22595912	7877.37326487	7940.96261443	7921.49999999	286504.94722545	36.11399817	7933.34888806
492	2019-06-10 22:00:00	7988.73922554	7907.40961977	7921.49999999	7988.73922554	107480.15966261	13.5069593	7957.39124368
493	2019-06-11 00:00:00	8010.0	7923.539719	7983.54293557	7929.332	328820.04351007	41.25146143	7971.11258877
494	2019-06-11 02:00:00	7940.66777966	7900.11101862	7935.66884782	7926.99054568	246462.5863258	31.13670867	7915.49899952
495	2019-06-11 04:00:00	7942.13215439	7900.11101864	7926.99054568	7915.07064893	123239.55002579	15.56256772	7918.97277127
496	2019-06-11 06:00:00	7915.0	7870.0	7915.0	7899.61427696	119727.62357041	15.15935276	7897.93769337
497	2019-06-11 08:00:00	7930.21888101	7887.24510326	7897.24510323	7905.0	107397.82031143	13.5775776	7909.93971645
498	2019-06-11 10:00:00	7902.24510323	7721.7334794	7902.24510323	7762.2979885	1134016.2524629	145.61192734	7787.9351862
499	2019-06-11 12:00:00	7797.31049937	7743.920415	7762.2979885	7786.85741483	85821.10696923	11.0444198	7770.5401029
500	2019-06-11 14:00:00	7800.83793484	7735.59214371	7788.09999998	7761.25465815	130193.90314203	16.783078	7757.45087653
501	2019-06-11 16:00:00	7879.0	7698.54700887	7761.25465815	7857.56024757	470893.80402472	60.23081891	7818.15377154
502	2019-06-11 18:00:00	7897.12763217	7843.18725639	7866.48053982	7876.68792482	261277.17481359	33.22416769	7864.06983167
503	2019-06-11 20:00:00	7950.85975983	7857.24510325	7876.60963077	7879.06560038	324267.13990844	41.02665991	7903.81524159
504	2019-06-11 22:00:00	7909.75792806	7864.5003418	7891.63180035	7887.5653311	55097.56350239	6.98776867	7884.85797175
505	2019-06-12 00:00:00	7893.48189757	7799.99099999	7893.17362552	7828.9063291	130390.93170112	16.64954034	7831.50339519
506	2019-06-12 02:00:00	8038.0	7823.1233738	7824.57840937	7954.7855083	925276.19033076	116.01113902	7975.75300222
507	2019-06-12 04:00:00	7968.0	7905.27	7959.06624232	7924.57774359	266345.71328344	33.57044763	7933.93392364
508	2019-06-12 06:00:00	7968.13278158	7904.7438466	7929.54018422	7961.21311609	302579.10325198	38.19577032	7921.79607105
509	2019-06-12 08:00:00	7954.07779164	7868.97982945	7954.07779164	7923.60000001	270233.61810526	34.20246609	7900.99805651
510	2019-06-12 10:00:00	8000.84776348	7923.60000001	7923.60000001	7965.39999998	347898.96814792	43.60269293	7978.84132309
511	2019-06-12 12:00:00	8006.27653724	7951.00995165	7967.59999994	7978.96513697	257919.79321646	32.31249098	7982.04611882
512	2019-06-12 14:00:00	8198.67750445	7900.0	7979.78728984	8142.51583839	1464904.267694	181.00123492	8093.33852523
513	2019-06-12 16:00:00	8171.48915958	8072.6210436	8138.78030697	8106.048237	470285.39037575	57.8006944	8136.32769048
514	2019-06-12 18:00:00	8136.3430935	8099.03425882	8106.048237	8116.66000004	420087.11664307	51.7385389	8119.42365544
515	2019-06-12 20:00:00	8132.32515379	8061.3765455	8116.66000002	8116.0	275787.17266151	34.05696087	8097.82099213
516	2019-06-12 22:00:00	8130.0	8083.21206164	8116.0	8130.0	100236.13498653	12.37393034	8100.58988796
517	2019-06-13 00:00:00	8148.64172855	8096.87866144	8123.24785274	8096.87866144	199285.3711541	24.53475911	8122.57296925
518	2019-06-13 02:00:00	8099.92660258	8021.1674	8096.87866144	8082.53878687	147386.94980659	18.26920286	8067.50852437
519	2019-06-13 04:00:00	8111.88525075	8073.90665822	8085.42034343	8101.34856528	72753.38576581	8.99007696	8092.63214202
520	2019-06-13 06:00:00	8114.2	8074.1722937	8100.4178339	8106.99892971	269063.68157587	33.20941057	8102.03123023
521	2019-06-13 08:00:00	8108.33692711	8050.26899808	8105.272211	8079.42518981	158553.3427643	19.58893399	8094.02608867
522	2019-06-13 10:00:00	8088.03797214	8040.54540574	8086.20485025	8080.77011182	186387.96632426	23.11675249	8062.89578974
523	2019-06-13 12:00:00	8134.46751366	8001.2	8080.77000067	8116.05305328	288295.76139403	35.71791117	8071.46196265
524	2019-06-13 14:00:00	8202.0	8107.79999964	8116.05305329	8165.1	379194.46856043	46.4150326	8169.64779122
525	2019-06-13 16:00:00	8176.0	8138.40059097	8165.1	8170.0	159707.8208687	19.57023815	8160.74999417
526	2019-06-13 18:00:00	8273.82980369	8169.92833713	8169.92833713	8225.7	342343.60032423	41.61891685	8225.67299283
527	2019-06-13 20:00:00	8303.0	8213.38576898	8225.0	8303.0	272029.50961852	32.88284037	8272.68893312
528	2019-06-13 22:00:00	8303.59999999	8170.00000001	8303.0	8210.0	375694.0017723	45.542826840000004	8249.2464311
529	2019-06-14 00:00:00	8243.99999995	8153.8792154	8210.0	8158.99999999	904589.17730053	110.11163096	8215.20096845
530	2019-06-14 02:00:00	8207.68211233	8159.0	8159.0	8201.71883336	166847.28924735	20.38064953	8186.55406451
531	2019-06-14 04:00:00	8237.4	8183.91111561	8200.00000001	8218.0	97089.38906001	11.82510947	8210.44315118
532	2019-06-14 06:00:00	8234.92020782	8176.68800353	8216.1428466	8228.89226258	192655.06095722	23.52567734	8189.13981403
533	2019-06-14 08:00:00	8295.8	8233.03346593	8237.4	8289.57696493	190838.82901969	23.08472904	8266.88624713
534	2019-06-14 10:00:00	8295.99999997	8249.0	8279.1527359	8250.0	192426.62091187	23.27545186	8267.36348962
535	2019-06-14 12:00:00	8440.70170157	8247.84788807	8250.0	8401.00000001	1053141.5603263	126.06658605	8353.85166937
536	2019-06-14 14:00:00	8440.04392002	8367.27728488	8405.52744316	8403.83171034	272822.07511346	32.46044517	8404.75457698
537	2019-06-14 16:00:00	8418.46905375	8320.6	8400.40219063	8365.34505101	576085.12183503	68.76404033	8377.70903324
538	2019-06-14 18:00:00	8423.24102994	8369.49028432	8372.364	8400.0	139267.99301834	16.57516937	8402.20633102
539	2019-06-14 20:00:00	8600.0	8390.0	8390.0	8585.70000071	1163616.1060979	136.47245242	8526.38085902
540	2019-06-14 22:00:00	8700.0	8582.00049962	8586.49176945	8673.19999996	543208.75633338	62.90934366	8634.78657906
541	2019-06-15 00:00:00	8674.00351103	8577.26289341	8673.09996994	8577.26289341	277850.99263506	32.23556582	8619.39244952
542	2019-06-15 02:00:00	8634.09161184	8566.56958123	8577.48965003	8596.59999996	78657.34878143	9.1470048	8599.2464748
543	2019-06-15 04:00:00	8645.0	8582.09173791	8596.59999997	8645.0	317691.04451135	36.88781055	8612.35838545
544	2019-06-15 06:00:00	8700.0	8575.50794107	8645.0	8659.5557048	359761.91603805	41.6002852	8648.06369255
545	2019-06-15 08:00:00	8668.2152557	8606.07380615	8666.48915972	8609.9343645	216198.20137474	25.02074698	8640.75727025
546	2019-06-15 10:00:00	8643.08351949	8588.0	8610.0	8625.52083313	146891.58084396	17.04712237	8616.79629299
547	2019-06-15 12:00:00	8625.5995592	8586.02062005	8625.52083338	8609.69587805	292498.17231641	34.01187208	8599.88452351
548	2019-06-15 14:00:00	8789.99999998	8602.3	8612.0	8758.40282471	562340.69166315	64.48109216	8721.01685665
549	2019-06-15 16:00:00	8865.62023983	8737.36573628	8758.4028245	8772.01038638	675494.38358526	76.83238394	8791.79258726
550	2019-06-15 18:00:00	8839.01086856	8761.06660002	8772.01038638	8808.47447641	297943.02598558	33.88698855	8792.25445323
551	2019-06-15 20:00:00	8814.0	8732.23922667	8811.99999986	8789.55615501	221285.06691655	25.2461684	8765.0950992
552	2019-06-15 22:00:00	8832.56474546	8770.2353092	8791.54169184	8809.26970927	222273.67901253	25.26123183	8799.00396419
553	2019-06-16 00:00:00	8960.0	8759.37683497	8809.49125799	8907.84638238	604440.58195523	67.94223908	8896.38890533
554	2019-06-16 02:00:00	8965.0	8907.04457065	8907.04457065	8955.72314139	194709.32699631	21.78155243	8939.18501089
555	2019-06-16 04:00:00	9279.00000021	8950.0	8955.72314139	9273.20244949	1631344.0602733	179.32108503	9097.33543046
556	2019-06-16 06:00:00	9325.0	9163.92088713	9273.20244956	9241.4858966	1373556.0483786	148.74844992	9234.0864669
557	2019-06-16 08:00:00	9308.0	8902.12036056	9246.29055985	9021.95395739	2266823.9329334	249.93543258	9069.63814427
558	2019-06-16 10:00:00	9085.0	8989.40652159	9021.95395739	9074.91366648	544129.65543224	60.07886934	9056.92236571
559	2019-06-16 12:00:00	9211.51441144	9012.5207289	9075.0	9187.96014074	847409.7480194	93.01769088	9110.19979105
560	2019-06-16 14:00:00	9268.20008224	9118.58615015	9180.00003037	9200.0	873000.31415546	94.88226	9200.88027156
561	2019-06-16 16:00:00	9209.07065547	8987.37890103	9200.0	9036.70999998	649779.51472844	71.67721039	9065.35719223
562	2019-06-16 18:00:00	9076.10053408	8889.41415546	9030.0	8907.31225701	893525.52519579	99.54807789	8975.8189624
563	2019-06-16 20:00:00	9048.08427858	8801.10000001	8935.13238864	9045.36985337	1691113.1196099	190.38320349	8882.68023969
564	2019-06-16 22:00:00	9061.73116165	8937.3127551	9048.08427868	8968.92286817	359744.10680317	39.95478387	9003.7805729
565	2019-06-17 00:00:00	9180.0	8949.00000001	8963.50269782	9108.32818675	403803.14679157	44.37644334	9099.49325361
566	2019-06-17 02:00:00	9150.29284698	9071.89033436	9110.0	9150.29284698	271369.75494859	29.80853514	9103.7601705
567	2019-06-17 04:00:00	9205.00000004	9127.31545691	9150.62413323	9135.3	288623.80890456	31.53197081	9153.37042025
568	2019-06-17 06:00:00	9165.14120005	9090.0	9142.56947868	9120.32781978	98995.0638488	10.84246026	9130.31373645
569	2019-06-17 08:00:00	9171.76191533	9117.97462041	9122.37157354	9142.00000001	206571.658676	22.57904567	9148.82150889
570	2019-06-17 10:00:00	9293.41844344	9050.0	9142.00000001	9257.76899052	779163.32678256	84.84872876	9182.96995334
571	2019-06-17 12:00:00	9301.0	9182.31275508	9254.99165982	9252.52664887	586839.51262551	63.42246739	9252.86474613
572	2019-06-17 14:00:00	9390.83903896	9100.0	9241.92252501	9152.27134385	1287677.1681299	139.25376681	9246.98266788
573	2019-06-17 16:00:00	9251.27637924	9130.52006346	9150.80439102	9232.38187455	341389.30653284	37.13727035	9192.63325805
574	2019-06-17 18:00:00	9330.0	9192.07379538	9231.66381045	9280.0	316810.61738707	34.17310466	9270.75899421
575	2019-06-17 20:00:00	9334.70794979	9171.39551999	9274.40295725	9258.6805197	1656554.9972979	179.30203631	9238.90788632
576	2019-06-17 22:00:00	9429.96026884	9248.75756798	9264.41872671	9310.4213446	937652.72046471	100.40654568	9338.56168554
577	2019-06-18 00:00:00	9327.01003269	9220.90698241	9307.20008688	9286.36420226	373046.97197333	40.18874394	9282.37450093
578	2019-06-18 02:00:00	9270.74494869	9188.0	9269.62723301	9223.60000001	428822.51800709	46.48610193	9224.74675662
579	2019-06-18 04:00:00	9265.78490467	9068.96551724	9224.78265315	9123.79722133	346931.8476316	37.8758597	9159.70885887
580	2019-06-18 06:00:00	9158.88402	9002.31275506	9123.79722134	9100.0	340826.99930594	37.57442327	9070.7180482
581	2019-06-18 08:00:00	9227.22015188	9076.30561466	9101.37985574	9226.56865313	421878.46932237	46.0506524	9161.18333477
582	2019-06-18 10:00:00	9238.0	9152.23741631	9213.94939306	9175.4947943	216643.64326023	23.57837465	9188.23483281
583	2019-06-18 12:00:00	9189.52158325	9096.78092682	9174.39506777	9174.50000008	706096.88495683	77.21490606	9144.56704005
584	2019-06-18 14:00:00	9174.4999997	8949.31554828	9174.4999997	9077.6841332	982246.2614327	108.47355164	9055.16825606
585	2019-06-18 16:00:00	9123.29385556	8957.0	9077.68413325	9049.68135387	775297.57500701	85.91459618	9024.0495734
586	2019-06-18 18:00:00	9111.5295029	9040.0	9051.74071711	9059.83784136	150837.26170958	16.61636781	9077.63137132
587	2019-06-18 20:00:00	9137.51636999	9005.29806511	9059.83784136	9009.69551356	366323.20375888	40.32412792	9084.46686027
588	2019-06-18 22:00:00	9095.38207437	8957.59570572	9014.19976135	9076.40925673	535145.02901667	59.38975361	9010.72990689
589	2019-06-19 00:00:00	9162.99999999	9050.0	9086.28669228	9133.87469659	342258.98521526	37.5264077	9120.48357922
590	2019-06-19 02:00:00	9157.83845825	9114.88865433	9136.9124056	9114.88865433	256556.91074624	28.07523544	9138.19267142
591	2019-06-19 04:00:00	9209.59362007	9117.04000057	9130.01724643	9167.16540088	486927.93501345	53.03213557	9181.75234279
592	2019-06-19 06:00:00	9181.24271554	9126.5	9174.09195827	9166.90000001	110782.71731748	12.10140409	9154.53417583
593	2019-06-19 08:00:00	9185.08275505	9096.21227416	9167.93136087	9118.09542615	440005.02785855	48.07891901	9151.72464187
594	2019-06-19 10:00:00	9130.0	9088.66990179	9111.72293545	9130.0	94124.23056298	10.31952569	9120.98417994
595	2019-06-19 12:00:00	9150.0	9066.0	9130.0	9125.46947368	259343.6673689	28.45858632	9113.02003735
596	2019-06-19 14:00:00	9120.50613569	9050.0	9120.50613569	9090.0021518	183370.80879531	20.20250593	9076.63680093
597	2019-06-19 16:00:00	9150.0	9066.02056397	9090.00215181	9133.82519185	113350.11240049	12.42645123	9121.68005993
598	2019-06-19 18:00:00	9145.31913556	9101.04007681	9138.33451852	9143.88505755	123059.78396025	13.49095441	9121.65145773
599	2019-06-19 20:00:00	9206.37985574	9112.72356075	9143.88505652	9206.37985574	278525.55768218	30.45628676	9145.09243615
600	2019-06-19 22:00:00	9292.69376912	9206.29970422	9206.29970422	9250.00000005	413244.06706826	44.64812381	9255.57519117
601	2019-06-20 00:00:00	9285.2136	9231.69147525	9251.49962426	9239.31049931	77027.96304814	8.31604449	9262.57226506
602	2019-06-20 02:00:00	9340.07450047	9244.0	9244.0	9321.6758003	269045.484422	28.91453975	9304.85101088
603	2019-06-20 04:00:00	9328.07130306	9269.04627904	9323.527815	9275.9925629	108865.69346539	11.71752456	9290.84406078
604	2019-06-20 06:00:00	9301.18000001	9238.12508886	9275.99256285	9246.69105625	109005.0663565	11.74420974	9281.60078623
605	2019-06-20 08:00:00	9249.62427953	9191.17751954	9245.01042541	9208.99652167	179093.45144729	19.42255115	9220.90255106
606	2019-06-20 10:00:00	9263.127418	9186.66	9211.41625321	9260.0	385496.42712047	41.7868646	9225.30155853
607	2019-06-20 12:00:00	9309.83999106	9199.26376617	9260.08705196	9300.6816286	329051.46685976	35.59289175	9244.86465362
608	2019-06-20 14:00:00	9386.28319594	9286.1051029	9307.1	9364.26259532	902345.59816645	96.69738796	9331.64397925
609	2019-06-20 16:00:00	9410.0	9270.0	9359.35476088	9338.29727853	735653.13684152	78.72018209	9345.16558918
610	2019-06-20 18:00:00	9500.0	9329.53323306	9338.927477	9500.0	759696.76624456	80.43962739	9444.30986187
611	2019-06-20 20:00:00	9580.00000001	9477.3129	9499.4513258	9493.9	872131.62836411	91.54301432	9527.01453892
612	2019-06-20 22:00:00	9564.38794843	9446.96568637	9493.9	9520.18418425	259097.22012091	27.22503514	9516.87367118
613	2019-06-21 00:00:00	9730.0	9520.0	9520.0	9714.43846006	864387.97949106	89.61101508	9646.00142872
614	2019-06-21 02:00:00	9769.80664888	9622.16706083	9714.43846006	9729.99999999	603748.04056032	62.18032711	9709.63114253
615	2019-06-21 04:00:00	9757.60979399	9686.61233945	9729.99999999	9729.99999999	593375.18229511	61.0201567	9724.2487464
616	2019-06-21 06:00:00	9729.74060791	9637.93055979	9723.19045938	9721.40863972	521086.48421173	53.80183806	9685.29148819
617	2019-06-21 08:00:00	9764.70161601	9666.40086928	9719.12115607	9751.05872857	337035.66449624	34.70893049	9710.34427561
618	2019-06-21 10:00:00	9800.0	9709.38920396	9751.05872857	9793.0	657369.50876114	67.31915945	9764.96905386
619	2019-06-21 12:00:00	9888.0	9680.0	9780.0003206	9769.99988998	1356375.9482816	138.9649346	9760.56263535
620	2019-06-21 14:00:00	9842.75753746	9719.8	9769.50000088	9792.52656073	326963.72345663	33.39281974	9791.43797985
621	2019-06-21 16:00:00	9920.0	9792.52656073	9792.52656073	9899.99999999	398730.76575321	40.32642605	9887.58005132
622	2019-06-21 18:00:00	9930.00000007	9830.15780209	9899.99999999	9899.64770336	1047031.0047846	105.89352374	9887.58299662
623	2019-06-21 20:00:00	9922.91534648	9860.39999999	9898.23765027	9914.99999998	338555.82793792	34.19801206	9899.86866324
624	2019-06-21 22:00:00	10195.0	9844.00467065	9904.2	10177.25008034	1244869.2315511	124.47121876	10001.26168886
625	2019-06-22 00:00:00	10476.0	10019.73104214	10168.0988083	10460.150475	1669056.0773205	163.15890299	10229.63532319
626	2019-06-22 02:00:00	10938.53601752	10372.9909054	10460.150475	10572.60000001	2693378.7673413	251.77759026	10697.45232115
627	2019-06-22 04:00:00	10750.84853044	10527.39608752	10582.76756852	10730.3657123	800425.40828918	75.02745964	10668.43275954
628	2019-06-22 06:00:00	10765.17747832	10672.46327016	10729.8911	10672.57045836	598020.20073801	55.76163845	10724.58086528
629	2019-06-22 08:00:00	10931.0	10652.98596236	10672.57045837	10923.95467712	1119735.4271385	103.64207597	10803.86914926
630	2019-06-22 10:00:00	10934.6711986	10723.73328151	10923.95467712	10849.90041481	1109930.8978091	102.23886266	10856.2523969
631	2019-06-22 12:00:00	11163.39963985	10850.0	10850.0	11088.76272087	2203518.6637324	199.53096714	11043.49212213
632	2019-06-22 14:00:00	11115.70587488	10320.0	11079.62255395	10806.30708571	4832045.7950041	447.48042581	10798.34003075
633	2019-06-22 16:00:00	11011.09758931	10660.51270848	10822.0126567	10716.50000086	1379819.8559679	126.68808719	10891.472802
634	2019-06-22 18:00:00	10832.83309688	10482.99600001	10691.94891196	10685.88310188	1301378.8638087	122.05519647	10662.21596004
635	2019-06-22 20:00:00	10752.80869869	10521.07003411	10678.07316905	10598.52676289	678786.63916602	63.69161724	10657.39368193
636	2019-06-22 22:00:00	10788.62400088	10412.03283738	10597.00680988	10729.36157159	1499855.461852	142.4652843	10527.86627438
637	2019-06-23 00:00:00	10973.54761995	10720.0	10721.9878372	10887.22297335	1176495.315748	107.99482941	10893.99670498
638	2019-06-23 02:00:00	10907.19397575	10679.31317681	10891.85045089	10781.65987078	575029.57967925	53.382487330000004	10771.876854
639	2019-06-23 04:00:00	10811.0119617	10690.34846363	10794.50008955	10811.0119617	686078.75016766	63.79611592	10754.24013317
640	2019-06-23 06:00:00	10832.85428376	10724.82929619	10805.92564728	10743.14627999	457251.33244245	42.39188932	10786.29284462
641	2019-06-23 08:00:00	10786.50826167	10610.99999997	10745.41387809	10688.42126053	628497.85844251	58.78304195	10691.82263444
642	2019-06-23 10:00:00	10714.59999998	10558.02077125	10688.42126053	10660.0020467	538483.54897223	50.56924403	10648.43976415
643	2019-06-23 12:00:00	10800.0	10649.52024893	10662.65600618	10691.19311754	303576.43177168	28.29879976	10727.53736364
644	2019-06-23 14:00:00	10817.28410426	10685.29930776	10685.29930776	10806.44229246	428461.32055799	39.74850676	10779.30607922
645	2019-06-23 16:00:00	10849.11670495	10729.41723068	10806.44229246	10802.6271201	302954.63239882	28.08115727	10788.53800382
646	2019-06-23 18:00:00	11101.34077219	10792.86299137	10802.6271201	11043.44008598	1382392.1612043	126.12391244	10960.58736571
647	2019-06-23 20:00:00	11394.99999999	10964.98063635	11049.99899996	11035.33826809	1911697.2691452	171.21787153	11165.29046916
648	2019-06-23 22:00:00	11137.46311519	10800.0	11035.33826808	10899.95750221	1555782.1191543	142.29590903	10933.42830275
649	2019-06-24 00:00:00	10889.1772131	10625.0	10889.1772131	10707.80488937	1107968.436758	103.20655315	10735.4465675
650	2019-06-24 02:00:00	10763.62701928	10677.29034151	10708.04080946	10727.86039259	433553.18222537	40.43886481	10721.20061387
651	2019-06-24 04:00:00	10865.36614837	10690.4587067	10733.01467443	10849.17057314	521981.38542474	48.34027089	10798.06496352
652	2019-06-24 06:00:00	10844.83090484	10745.01988087	10834.29147772	10816.11879079	519689.77074317	48.11523195	10800.94077657
653	2019-06-24 08:00:00	10973.22618172	10813.43985323	10813.43985323	10925.00000001	751441.17724316	68.91671773	10903.6123889
654	2019-06-24 10:00:00	11010.02703098	10819.0970774	10925.00000001	10937.86037833	518447.0675176	47.50683209	10913.10543577
655	2019-06-24 12:00:00	10969.69697378	10820.0	10948.75233241	10863.88535173	924738.62185364	85.09431432	10867.2198518
656	2019-06-24 14:00:00	10969.69697377	10863.88535174	10863.88535174	10937.71208933	356549.84309931	32.65180952	10919.75753689
657	2019-06-24 16:00:00	11133.56828818	10937.71208933	10937.71208933	11065.0	826468.95460903	74.73980103	11057.94962281
658	2019-06-24 18:00:00	11112.0	10864.35900001	11066.8799753	10944.40627545	869344.64529381	79.19336601	10977.49330649
659	2019-06-24 20:00:00	10989.89815914	10863.18280001	10943.90303815	10987.67015671	558469.09353876	51.05162843	10939.30028705
660	2019-06-24 22:00:00	11093.49868829	10987.67015671	10987.77107379	11048.62871993	244391.54963035	22.13821691	11039.35111955
661	2019-06-25 00:00:00	11147.69650151	11032.15145584	11056.10000087	11147.69650151	613445.89251459	55.32804916	11087.430369
662	2019-06-25 02:00:00	11247.0	11106.65000001	11129.92000001	11174.0471158	657604.30192219	58.83016215	11178.01273852
663	2019-06-25 04:00:00	11378.37926057	11167.38061802	11171.3092108	11348.93482822	1101267.0641019	97.56852273	11287.11425865
664	2019-06-25 06:00:00	11412.28726192	11276.00000001	11350.0	11386.78091135	1446642.0527939	127.23897701	11369.48824007
665	2019-06-25 08:00:00	11398.17732665	11265.98258927	11380.19440012	11375.0	898429.06565568	79.19700203	11344.23074897
666	2019-06-25 10:00:00	11495.0	11350.60450199	11376.42432711	11424.23281555	1202006.7196515	105.30016458	11415.05072139
667	2019-06-25 12:00:00	11442.26428426	11133.46422457	11428.66171	11345.15134824	1531152.7486748	136.03607662	11255.49035754
668	2019-06-25 14:00:00	11417.66088856	11287.70123976	11348.1218826	11389.00388475	523688.64496322	46.08234147	11364.19349056
669	2019-06-25 16:00:00	11483.0	11284.0	11389.00388471	11377.72749741	735182.86098035	64.56083506	11387.44349104
670	2019-06-25 18:00:00	11442.74779145	11350.99438352	11385.71696525	11416.87311421	323852.21329576	28.39745873	11404.26741614
671	2019-06-25 20:00:00	11629.89999996	11385.28480613	11416.87311421	11598.3855884	825203.11352119	71.83610518	11487.30309714
672	2019-06-25 22:00:00	11839.99999999	11567.08234644	11598.28557996	11814.85058455	2243500.0588257	191.66586864	11705.26643447
673	2019-06-26 00:00:00	11995.0	11701.00000001	11821.64207207	11924.1640355	2607563.8533128	219.45941109	11881.75909322
674	2019-06-26 02:00:00	12291.34836495	11839.2660959	11922.8073728	12282.78598739	3294936.8152097	273.37898992	12052.63365767
675	2019-06-26 04:00:00	12985.27209926	12209.19096424	12282.78598739	12502.75	5724687.8571552	454.78790596	12587.59914705
676	2019-06-26 06:00:00	12829.98999998	12502.75	12502.75	12526.26189416	2012835.7667768	158.57638157	12693.16241705
677	2019-06-26 08:00:00	12752.33429731	12340.0	12526.26189416	12456.31572548	1886296.6801893	149.69879289	12600.6138311
678	2019-06-26 10:00:00	12760.76219197	12419.85321831	12456.51689488	12695.67987844	1603553.1530779	127.05220266	12621.21489832
679	2019-06-26 12:00:00	12943.8371306	12596.78067728	12703.63634607	12942.335644	2222276.375345	174.38193256	12743.73063035
680	2019-06-26 14:00:00	12960.8183105	12750.0	12942.33564405	12882.34127775	1555281.2125288	120.85273161	12869.22680033
681	2019-06-26 16:00:00	13700.00000001	12815.2236565	12882.34127782	13550.0	6261038.1899441	467.56052395	13390.86143768
682	2019-06-26 18:00:00	13963.81	13460.24177317	13534.64944332	13951.15841002	3845937.8307123	279.48484025	13760.81016513
683	2019-06-26 20:00:00	13954.64528211	11900.0	13951.15841002	12600.0	9538941.4001219	751.8823159	12686.74791041
684	2019-06-26 22:00:00	13193.19112592	12326.84493708	12600.0	13101.48646392	4077147.0090263	319.83740807	12747.56143638
685	2019-06-27 00:00:00	13455.73782958	12500.0	13099.25239001	12845.072745	2478956.9985944	190.09092173	13040.90156454
686	2019-06-27 02:00:00	13028.74025461	12583.2598543	12840.55077273	12994.2935477	1149365.1987226	89.71694473	12811.01582517
687	2019-06-27 04:00:00	13139.34559945	12700.0	12991.59178944	12920.50890446	994971.37742848	77.00956496	12920.10126203
688	2019-06-27 06:00:00	12929.09796618	12200.0	12929.09796618	12461.55610248	2493050.2403861	199.50277269	12496.31875673
689	2019-06-27 08:00:00	12481.20496704	11400.0	12465.40456938	11933.49115534	5300237.7211771	447.80162739	11836.128761
690	2019-06-27 10:00:00	12260.0	11839.65516101	11931.96235	12237.56849483	1989557.4705655	165.39846733	12028.87489033
691	2019-06-27 12:00:00	12338.66053089	11700.66834397	12237.56849483	11799.67882	2159491.0846603	180.93174919	11935.39052337
692	2019-06-27 14:00:00	12090.87916	11594.77124833	11798.9	11811.68000001	1609286.5463844	136.53007366	11787.04810774
693	2019-06-27 16:00:00	11939.34559945	10600.0	11819.4384713	11063.56083	8098387.043258	733.06285944	11047.32962388
694	2019-06-27 18:00:00	11239.99999999	10794.00000001	11035.0	11047.524601	2380111.6271607	216.27479514	11005.03470882
695	2019-06-27 20:00:00	11083.60052	10531.0	11047.524601	10898.34000001	2416022.157669	224.14654653	10778.7614624
696	2019-06-27 22:00:00	11535.515	10879.6411905	10879.6411905	11307.51810984	3401693.976681	301.32895081	11288.97162896
697	2019-06-28 00:00:00	11756.0	11214.40000088	11316.20623565	11500.49444023	1731323.2042755	149.30230843	11596.0913296
698	2019-06-28 02:00:00	11602.85506579	11090.80000087	11515.83752135	11368.2809671	1295899.7236559	114.89478448	11279.01261594
699	2019-06-28 04:00:00	11397.99637063	11013.19399476	11369.34559945	11322.0828712	3027759.5635206	272.25327515	11121.11346264
700	2019-06-28 06:00:00	11659.34559944	11322.11376021	11322.11376021	11415.05868929	1771203.6971904	154.2144345	11485.33016985
701	2019-06-28 08:00:00	12089.61540335	11418.55868884	11418.55868884	12012.70000091	2592084.9560955	218.82034044	11845.72216131
702	2019-06-28 10:00:00	12305.64197482	11833.91979328	12017.50115253	12187.51869828	2811854.3252609	233.8364926	12024.87385093
703	2019-06-28 12:00:00	12208.09945951	11656.23249513	12200.00000001	11940.0	1943401.7590523	163.62405282	11877.23764054
704	2019-06-28 14:00:00	12056.65099061	11800.0	11943.741203	11953.10000001	1697148.4889567	142.05350817	11947.24798296
705	2019-06-28 16:00:00	12082.93179731	11810.50000001	12009.57264259	11884.62886985	832431.43029161	69.83707699	11919.62015264
706	2019-06-28 18:00:00	12384.52338499	11859.04682655	11905.674889	12360.50000088	1470471.9964754	120.72322166	12180.52315251
707	2019-06-28 20:00:00	12439.99999997	12175.60503197	12360.50000088	12350.00000035	2061048.2865135	166.90087778	12348.93617054
708	2019-06-28 22:00:00	12483.38445048	12218.79135163	12350.0	12411.32087548	816893.58389226	66.22336039	12335.42935727
709	2019-06-29 00:00:00	12439.10486219	11915.39987517	12400.2846418	11938.8478559	1000625.7546346	81.51151679	12275.88191264
710	2019-06-29 02:00:00	11938.8478559	11540.00000006	11915.39987518	11611.0654968	2611345.0343665	221.7429768	11776.4497981
711	2019-06-29 04:00:00	11789.00044115	11492.23408671	11594.79420808	11630.20307076	995809.35587693	85.48827959	11648.48983571
712	2019-06-29 06:00:00	11913.0	11538.7	11623.36061267	11884.91386072	707293.35635445	60.14148838	11760.48972857
713	2019-06-29 08:00:00	11872.51160718	11619.25685967	11872.29058814	11669.04907986	1288125.2480552	109.924198	11718.30471808
714	2019-06-29 10:00:00	12049.99999999	11611.99999999	11668.66336906	12012.68671339	1342451.6136118	113.33532288	11844.9533605
715	2019-06-29 12:00:00	12188.76910151	11970.99999999	12023.3779912	12046.21257385	1026279.6506114	85.17152771	12049.56254989
716	2019-06-29 14:00:00	12082.78038846	11900.0	12025.52118071	11944.12	943017.49952311	78.68161926	11985.23249002
717	2019-06-29 16:00:00	12032.05645152	11724.48979592	11944.13154287	12016.2572	1164846.5366096	98.37238536	11841.19437936
718	2019-06-29 18:00:00	12093.0	11891.41433604	12029.49129292	11898.19482812	774035.76037046	64.54023328	11993.07348351
719	2019-06-29 20:00:00	12233.056	11899.08857494	11899.61292627	11993.39487778	1468400.0595411	121.30854675	12104.67109598
720	2019-06-29 22:00:00	12120.0	11867.07978174	11999.1299296	11917.37690192	663160.55859802	55.3061044	11990.7298804
721	2019-06-30 00:00:00	12150.0	11909.07853493	11909.07853493	12099.99999999	898631.55812347	74.40375224	12077.77203527
722	2019-06-30 02:00:00	12200.0	12027.22743415	12099.89999998	12132.65306122	1017477.6582205	83.8564926	12133.55849586
723	2019-06-30 04:00:00	12169.99999999	11895.34017241	12132.65306122	11969.64000028	458500.03305755	38.1141839	12029.64319688
724	2019-06-30 06:00:00	12021.2013557	11695.667404	11987.26345675	11736.25284719	1540474.2753574	130.13089467	11837.88276614
725	2019-06-30 08:00:00	11880.0	11705.7086086	11746.61069433	11836.13226848	575726.79403131	48.78313485	11801.75886198
726	2019-06-30 10:00:00	11824.67404797	11513.0	11817.53940868	11629.03008501	1182748.6320549	101.64293005	11636.30988867
727	2019-06-30 12:00:00	11719.98999998	11130.0	11628.95846098	11200.0	2247146.7503341	197.11858669	11399.97393481
728	2019-06-30 14:00:00	11327.49999999	11050.0	11200.0	11156.35988782	1837123.7948117	164.02673317	11200.14865447
729	2019-06-30 16:00:00	11421.3898453	10950.0001	11156.35988783	11360.4845027	1551736.2991789	138.61587595	11194.50631858
730	2019-06-30 18:00:00	11378.70000087	11189.0	11368.74849483	11295.0	941663.63786616	83.43808425	11285.77730817
731	2019-06-30 20:00:00	11521.73018926	11250.0	11317.73976082	11346.31049243	1125992.9320694	98.8409466	11391.96831679
732	2019-06-30 22:00:00	11350.88310323	10778.3242213	11350.88310323	10838.63780999	1991107.4325551	181.060174	10996.93758471
733	2019-07-01 00:00:00	11154.40953104	10704.51404334	10838.63780999	10969.1733757	1065594.4041758	97.02468361	10982.71454776
734	2019-07-01 02:00:00	11262.5	10880.0	10972.4713027	11165.0	777133.74590658	70.00311704	11101.41631925
735	2019-07-01 04:00:00	11197.5	11000.0	11153.06122448	11079.81148128	564995.63260964	50.87900153	11104.69183001
736	2019-07-01 06:00:00	11126.9265797	10883.92853033	11096.14507363	10974.31585727	533999.60209293	48.68469038	10968.53236458
737	2019-07-01 08:00:00	11200.0	10958.26768342	10989.79591836	11121.115	1074388.1403636	96.884825	11089.33355005
738	2019-07-01 10:00:00	11146.9084526	10900.0	11112.34727075	11035.85469675	776338.18195376	70.62270706	10992.7559318
739	2019-07-01 12:00:00	11035.85469675	10543.15912875	11035.65469673	10595.94572836	1642240.9088374	153.70023538	10684.70002519
740	2019-07-01 14:00:00	10649.34559945	10063.06001079	10595.94572836	10398.26568576	4789205.9734424	462.79752116	10348.38294171
741	2019-07-01 16:00:00	10466.8	10183.20000001	10399.41638029	10296.18	1925207.677678	186.39571993	10328.60453234
742	2019-07-01 18:00:00	10376.73143163	10043.26675341	10312.5	10220.18155225	1462936.2615851	143.60104812	10187.50406586
743	2019-07-01 20:00:00	10631.957254	10220.1815523	10223.24760679	10601.95439493	1888502.3829255	180.32800354	10472.59630147
744	2019-07-01 22:00:00	10691.52131724	10467.0488209	10601.95439493	10623.96787549	524941.3901335	49.64402963	10574.10919391
745	2019-07-02 00:00:00	10697.76	10226.1934746	10617.23737321	10272.04515206	690556.03093911	66.08162205	10450.04661684
746	2019-07-02 02:00:00	10399.90134	10243.72465379	10262.8378431	10338.1	244189.99241077	23.67779402	10313.03812359
747	2019-07-02 04:00:00	10367.30167224	9781.79191997	10338.2	9824.01515396	2831468.4643814	284.88998665	9938.81356686
748	2019-07-02 06:00:00	9914.34559944	9764.25215	9821.28118861	9867.9417497	1169710.5711404	118.78951996	9846.91723254
749	2019-07-02 08:00:00	10350.0	9829.26127805	9866.5352156	10173.67061	1381569.9213655	136.767247	10101.61388541
750	2019-07-02 10:00:00	10250.0	9723.0	10165.67090149	10002.7006	1460632.7001099	146.31380741	9982.87670839
751	2019-07-02 12:00:00	10201.25779896	9924.36394353	10004.40862416	9997.17076817	1123442.7345918	111.38532659	10086.09274655
752	2019-07-02 14:00:00	10634.64737173	9997.99009992	9997.99009992	10631.38745877	1640599.0498261	157.65580299	10406.20781925
753	2019-07-02 16:00:00	10779.34559945	10442.08468338	10627.13484504	10765.73772395	986790.51896535	93.01627978	10608.7936574
754	2019-07-02 18:00:00	10900.25248738	10597.20173826	10765.73772395	10795.84188038	1701138.7328316	157.80483633	10780.01645826
755	2019-07-02 20:00:00	10939.3455994	10613.0	10779.79075369	10682.00067245	1215228.5460878	112.70260934	10782.61233882
756	2019-07-02 22:00:00	10880.7839	10671.99999998	10680.3876482	10836.18072559	856794.47941518	79.3838845	10793.0530839
757	2019-07-03 00:00:00	11444.0	10838.63376673	10838.63376673	11353.3364941	2310522.1436807	206.52803127	11187.45058224
758	2019-07-03 02:00:00	11369.1319799	11093.63277057	11353.3364941	11276.47609802	997045.64773552	88.77983488	11230.54181259
759	2019-07-03 04:00:00	11499.58938756	11214.4423611	11290.37067451	11418.59354666	1183657.2982151	104.00862584	11380.37627798
760	2019-07-03 06:00:00	11468.34096316	11211.0	11428.66440001	11250.48471449	1109361.9006603	97.67354426	11357.85446371
761	2019-07-03 08:00:00	11299.58590199	10905.0	11223.64	11204.45290088	1718141.0922233	154.84127179	11096.14427963
762	2019-07-03 10:00:00	11356.12351792	11078.00000001	11207.83171056	11150.0	1027834.5412406	91.32152524	11255.11798603
763	2019-07-03 12:00:00	11400.0	11139.71231102	11160.0	11225.95157001	510035.77166025	45.12933202	11301.64681884
764	2019-07-03 14:00:00	11452.25027674	11194.33720554	11194.33720554	11411.4183211	650553.65017539	57.28524566	11356.39103368
765	2019-07-03 16:00:00	11440.42738999	11128.97018182	11411.4183211	11184.38258936	656734.71289063	58.31314252	11262.20753178
766	2019-07-03 18:00:00	11303.80000005	11029.61554301	11181.88931801	11262.63975792	816557.05228183	73.22383409	11151.52002663
767	2019-07-03 20:00:00	11403.0	11216.57675262	11276.06868116	11358.73598906	469931.79952964	41.49938102	11323.82671691
768	2019-07-03 22:00:00	11975.92246945	11360.00000004	11360.00000004	11933.0	2419934.7386012	205.65098963	11767.19228511
769	2019-07-04 00:00:00	11996.05154189	11746.0	11933.0	11847.02055703	1565360.8132226	131.8899619	11868.68803866
770	2019-07-04 02:00:00	11996.9601917	11800.30000005	11853.91716704	11839.7	637861.71560395	53.61005286	11898.17359944
771	2019-07-04 04:00:00	11858.04680982	11570.1079144	11841.5	11645.40000001	709565.6560736	60.69197466	11691.26000675
772	2019-07-04 06:00:00	11793.1448418	11617.57557155	11646.0	11689.69097209	525428.62009911	44.88653305	11705.70735578
773	2019-07-04 08:00:00	11730.0	11550.12035403	11674.9245548	11595.55634911	541351.48937376	46.51012175	11639.43393405
774	2019-07-04 10:00:00	11726.77110389	11481.00574788	11599.76034804	11693.44747509	995156.46523245	85.92544814	11581.62670983
775	2019-07-04 12:00:00	11861.38111928	11657.13530907	11692.49298269	11812.40000001	1049332.7456828	89.3625496	11742.42174579
776	2019-07-04 14:00:00	11861.90000004	11685.10000001	11813.53377175	11721.5535045	1083890.0305135	91.85932069	11799.45619423
777	2019-07-04 16:00:00	11848.0	11617.89888143	11721.5535045	11827.97470519	841867.64742198	71.72966109	11736.67398714
778	2019-07-04 18:00:00	11828.25477091	11719.57612092	11819.47274365	11792.37934556	210716.78971638	17.87831014	11786.16927809
779	2019-07-04 20:00:00	11795.99999997	11400.0	11795.99999997	11564.0933143	1299970.2800254	112.2673953	11579.23256838
780	2019-07-04 22:00:00	11680.92266142	11000.84143199	11544.97201351	11160.94506294	1450470.7021729	128.87390298	11254.96061369
781	2019-07-05 00:00:00	11280.08295797	11020.7840157	11138.90311001	11240.0	985638.55195848	88.19548532	11175.612316
782	2019-07-05 02:00:00	11280.41125955	11094.85800194	11233.02977955	11149.03486888	306494.79703739	27.43956492	11169.81256557
783	2019-07-05 04:00:00	11219.24220525	11029.01141	11148.46664373	11144.0564326	420460.36563803	37.70487315	11151.35340637
784	2019-07-05 06:00:00	11149.71972259	10803.64926503	11137.78677743	10969.34559945	1931038.7752528	176.05677409	10968.27307687
785	2019-07-05 08:00:00	11203.8909765	10855.61154723	10970.79791116	11195.53964895	1457094.0047303	132.15828897	11025.36977503
786	2019-07-05 10:00:00	11325.55977485	11155.64481662	11197.99880157	11185.01631616	568987.60197741	50.65104309	11233.48241745
787	2019-07-05 12:00:00	11226.20632951	11086.2897168	11184.53838973	11154.28533131	787129.89988469	70.61125408	11147.37176304
788	2019-07-05 14:00:00	11406.66059999	11156.91320835	11156.91320835	11227.80576992	873232.66424829	77.26256531	11302.14432752
789	2019-07-05 16:00:00	11275.82590619	11040.00000001	11230.0	11267.69768749	566553.08692156	50.81423234	11149.49613192
790	2019-07-05 18:00:00	11309.34559945	11089.74847058	11268.69768763	11108.8556556	481696.65712495	43.06970936	11184.11673268
791	2019-07-05 20:00:00	11131.12555445	10823.03818588	11104.48657518	11057.28	1016028.0331808	92.73169667	10956.64233122
792	2019-07-05 22:00:00	11100.16059917	10823.81189429	11040.03137497	10966.50168114	495500.40528565	45.10349926	10985.85283659
793	2019-07-06 00:00:00	11399.0	11000.3062534	11000.3062534	11333.85440093	715753.935356	63.55438963	11262.0692217
794	2019-07-06 02:00:00	11456.25195365	11285.21001599	11337.87795629	11454.30747653	435276.72017303	38.29324598	11366.9319232
795	2019-07-06 04:00:00	11530.516	11295.61184621	11458.44918632	11313.00719657	857246.49427474	75.01928635	11427.0147849
796	2019-07-06 06:00:00	11433.83846904	11324.22649824	11325.90891068	11378.58489818	664933.52826828	58.35664771	11394.30646483
797	2019-07-06 08:00:00	11475.0	11276.51411163	11377.98489812	11370.19384968	671111.4234002	59.10497945	11354.56656351
798	2019-07-06 10:00:00	11396.7028921	11298.19086631	11374.73369772	11354.9847416	470073.49936832	41.4207124	11348.75457546
799	2019-07-06 12:00:00	11424.50105793	11295.0	11369.93500545	11326.93	435816.73789549	38.35723576	11362.04758399
800	2019-07-06 14:00:00	11610.44531796	11310.82977316	11336.75236519	11573.48429551	812077.49124384	70.76770098	11475.25608431
801	2019-07-06 16:00:00	11676.4	11459.09090523	11578.0	11532.64256143	845681.01690956	73.10952302	11567.31684158
802	2019-07-06 18:00:00	11552.32956209	11422.52361164	11540.27163179	11485.39999999	379441.1735474	33.07249541	11473.01311387
803	2019-07-06 20:00:00	11486.4711009	11094.0	11486.4711009	11176.99999999	766733.46352076	68.16282994	11248.55678961
804	2019-07-06 22:00:00	11274.0	11070.78429161	11175.06782052	11265.41486788	503619.86823581	45.08310833	11170.92159106
805	2019-07-07 00:00:00	11245.4959974	11124.33720554	11227.96905703	11237.2967498	296241.95817656	26.53153645	11165.65407867
806	2019-07-07 02:00:00	11229.99999999	11113.13198665	11227.754	11143.86766834	342747.59046946	30.70573893	11162.32998824
807	2019-07-07 04:00:00	11302.80030605	11137.72829867	11151.55361826	11219.11760199	458429.46168846	40.71321089	11259.96824291
808	2019-07-07 06:00:00	11230.27980407	11170.25849312	11213.73192696	11187.70532247	135854.04717037	12.13103788	11198.88079768
809	2019-07-07 08:00:00	11240.0	11111.0	11198.88717543	11239.9	296730.43548854	26.51061749	11192.89038063
810	2019-07-07 10:00:00	11345.92027628	11220.00812239	11239.9	11321.54993651	412466.61826684	36.58270143	11274.90869027
811	2019-07-07 12:00:00	11434.79840776	11308.35209573	11341.23309612	11337.88037024	586809.72390971	51.6233393	11367.13997712
812	2019-07-07 14:00:00	11383.01587288	11177.69503205	11339.99999999	11204.86240539	554093.90504234	49.32756186	11232.94734523
813	2019-07-07 16:00:00	11453.22533953	11143.89094836	11206.85841336	11413.25036716	667217.48811835	59.2195412	11266.84662863
814	2019-07-07 18:00:00	11520.99	11343.7884001	11416.29758404	11465.20324871	997130.13400323	87.36084368	11413.92518661
815	2019-07-07 20:00:00	11524.17466752	11368.62511194	11476.44217911	11473.80811325	396373.86930343	34.55681982	11470.20678893
816	2019-07-07 22:00:00	11500.0	11298.0	11473.80811325	11415.1745791	263813.30179165	23.16053894	11390.63743184
817	2019-07-08 00:00:00	11468.0	11342.72319962	11421.45311305	11413.25536585	239277.46195191	20.93235879	11430.98416917
818	2019-07-08 02:00:00	11406.29359775	11290.0	11386.12002494	11352.5213649	483841.48438551	42.61913914	11352.68084125
819	2019-07-08 04:00:00	11436.5994645	11354.80000003	11360.90000009	11414.87127839	477172.40538622	41.819328229999996	11410.33167156
820	2019-07-08 06:00:00	11438.69292037	11371.73097955	11406.3481192	11428.41649625	112508.76469951	9.87122753	11397.64678279
821	2019-07-08 08:00:00	11809.55956296	11356.77792872	11425.84194065	11769.10593114	1416225.5935174	121.11259863	11693.46219581
822	2019-07-08 10:00:00	11924.34559944	11764.77149413	11783.29190414	11883.22989371	1231111.1897652	103.76162153	11864.80291664
823	2019-07-08 12:00:00	11899.99999998	11765.90687882	11883.94238996	11838.45904901	1313575.7842687	111.18970266	11813.82585656
824	2019-07-08 14:00:00	11870.62449998	11807.05821381	11831.6578737	11824.40163694	243960.52333914	20.60028426	11842.5804353
825	2019-07-08 16:00:00	11872.96682038	11729.0	11825.0	11870.27850035	562535.68130107	47.7244726	11787.15343836
826	2019-07-08 18:00:00	12200.0	11802.5756794	11857.25146785	12176.99481597	1723381.6855993	143.16681487	12037.57789236
827	2019-07-08 20:00:00	12280.59028994	12079.68880042	12176.00000001	12280.59028994	1457665.9369225	119.7779738	12169.73280376
828	2019-07-08 22:00:00	12344.7805097	12212.40793735	12282.46286091	12260.11338586	1361205.3967451	110.78057768	12287.40114243
829	2019-07-09 00:00:00	12521.21113174	12191.28997792	12260.0	12487.49999998	1797035.0765299	145.7988629	12325.43958701
830	2019-07-09 02:00:00	12741.14536162	12497.59999004	12497.6	12652.81566227	1372659.7780274	108.49544723	12651.77307502
831	2019-07-09 04:00:00	12725.0	12597.7187307	12650.2395236	12663.09999998	1026100.260761	81.07249155	12656.57735618
832	2019-07-09 06:00:00	12779.52933984	12400.0	12650.0	12425.81770779	1627349.3841575	129.02724011	12612.44821457
833	2019-07-09 08:00:00	12635.18802774	12425.81770772	12425.82268249	12634.0	639121.08336969	51.00861154	12529.67026692
834	2019-07-09 10:00:00	12634.05118786	12070.60161973	12634.05118786	12273.70796119	3763448.8715201	307.25200878	12248.73642474
835	2019-07-09 12:00:00	12395.63079125	12237.15250461	12273.70796119	12345.48120739	560990.02644461	45.54667745	12316.81558024
836	2019-07-09 14:00:00	12384.34833141	12164.58334454	12350.6068078	12360.00000001	645310.01418303	52.51129576	12288.97525462
837	2019-07-09 16:00:00	12566.00000002	12359.78452153	12360.0	12502.40596528	1103055.1230449	88.2615492	12497.57264678
838	2019-07-09 18:00:00	12600.0	12278.09468419	12518.08649302	12491.04174091	1078380.856184	86.41142371	12479.60986967
839	2019-07-09 20:00:00	12632.75088849	12325.31376796	12460.74789756	12537.27004733	1216758.4232703	97.53169036	12475.51866248
840	2019-07-09 22:00:00	12605.97656751	12450.0	12549.0879205	12560.61493975	873814.76393705	69.67139926	12541.94365576
841	2019-07-10 00:00:00	12973.00000001	12523.96294534	12529.66580296	12912.46481922	3223244.7597956	250.69471288	12857.25064867
842	2019-07-10 02:00:00	13107.38981756	12850.0	12909.46481922	12950.0	2552014.0857731	196.32235282	12999.10096387
843	2019-07-10 04:00:00	13061.5610377	12936.38536351	12975.10696084	13038.13571006	473928.37707303	36.44584449	13003.63275168
844	2019-07-10 06:00:00	13037.46882406	12805.89999995	13037.46882406	12868.28314748	1712460.320612	132.22841633	12950.7738816
845	2019-07-10 08:00:00	13050.00000001	12840.1386061	12865.80491653	12943.01969276	785329.53902305	60.80929627	12914.62962399
846	2019-07-10 10:00:00	13124.34559945	12901.99000001	12942.68360012	12972.30756012	954032.99287985	73.32602071	13010.83822144
847	2019-07-10 12:00:00	13154.26681399	12917.46734618	12968.06341201	13037.30218486	810657.07628412	62.13814194	13046.04629257
848	2019-07-10 14:00:00	13062.54100016	12129.99999999	13037.30214999	12377.74915264	5725691.1275616	458.07217572	12499.5392234
849	2019-07-10 16:00:00	12375.25324287	12074.34997148	12375.06769921	12281.15289754	2400119.5690307	196.11859042	12238.10330214
850	2019-07-10 18:00:00	12317.85982905	11900.0	12281.925578	12088.7574544	2648071.3995549	218.72116573	12107.06513343
851	2019-07-10 20:00:00	12102.8944437	11574.62785449	12073.0138	11955.71211616	2906917.051572	246.27979506	11803.31115211
852	2019-07-10 22:00:00	12200.0	11870.09833854	11964.34559945	12116.93014948	1066230.693854	88.54360583	12041.87116459
853	2019-07-11 00:00:00	12109.78900001	11798.0	12109.78900001	12007.96092488	734994.13551006	61.66283252	11919.56492221
854	2019-07-11 02:00:00	12030.21554932	11643.17464168	11997.42508801	11714.99369206	755854.18312028	63.956165490000004	11818.31614402
855	2019-07-11 04:00:00	11730.1082053	11208.499	11705.0	11443.76612074	2554083.0478403	224.09699055	11397.22154042
856	2019-07-11 06:00:00	11600.0	11388.09936516	11441.30000001	11590.05915722	1014771.4125746	88.32992277	11488.42182526
857	2019-07-11 08:00:00	11598.46962535	11372.3770254	11584.44715004	11463.24090391	826066.10625738	72.16187905	11447.40293812
858	2019-07-11 10:00:00	11645.78209	11315.36371536	11457.4074074	11601.90226583	709281.38800974	61.7693188	11482.74583221
859	2019-07-11 12:00:00	11709.76818242	11563.20665631	11607.14425291	11613.41520003	721156.95322675	61.96057097	11638.96558629
860	2019-07-11 14:00:00	11767.5200191	11399.99999999	11613.41520003	11502.00787909	952856.44838685	82.0967038	11606.51285961
861	2019-07-11 16:00:00	11750.0	11389.4078496	11500.00000001	11668.59195762	644526.36680042	55.44949432	11623.66536799
862	2019-07-11 18:00:00	11694.99999994	11501.0	11668.59195763	11577.51916817	686916.06817534	59.19046156	11605.18181597
863	2019-07-11 20:00:00	11608.72659444	11018.16020462	11576.73363661	11277.14732118	3498490.7497527	311.97548028	11213.99267215
864	2019-07-11 22:00:00	11427.09965158	11216.61577559	11282.17474175	11337.18581225	604582.03767245	53.33264002	11336.06057089
865	2019-07-12 00:00:00	11512.95326606	11211.82530002	11335.39702605	11397.8000001	642354.90474386	56.46782041	11375.59232993
866	2019-07-12 02:00:00	11419.25296526	11131.31464427	11419.25296526	11197.76108172	317150.17840282	28.09674582	11287.79042365
867	2019-07-12 04:00:00	11400.24144658	11094.2803934	11197.76108172	11390.0	459336.89925119	40.66668156	11295.16551709
868	2019-07-12 06:00:00	11710.0	11340.86793896	11390.36921675	11648.06603052	884670.66005454	76.44062309	11573.30519157
869	2019-07-12 08:00:00	11676.84937999	11544.94347872	11648.06603052	11634.83446206	557651.9791363	47.96647439	11625.86965642
870	2019-07-12 10:00:00	11736.0	11608.77174154	11634.83446206	11669.634076	402149.26208229	34.47270074	11665.73124384
871	2019-07-12 12:00:00	11710.0	11542.66675375	11670.94817944	11635.33183621	439134.91479675	37.73290346	11637.98368345
872	2019-07-12 14:00:00	11674.36197819	11443.7661207	11626.88531473	11489.46496796	617365.20714226	53.43528408	11553.51221148
873	2019-07-12 16:00:00	11600.60000019	11416.58146981	11488.0	11597.68	497754.41069966	43.10911023	11546.38562577
874	2019-07-12 18:00:00	11639.34559944	11519.23076923	11597.42072448	11591.42733949	212644.5915623	18.36989959	11575.70788672
875	2019-07-12 20:00:00	11872.0	11591.4273395	11591.4273395	11770.77140879	758893.94973007	64.4491123	11775.08770326
876	2019-07-12 22:00:00	11800.0	11716.97018167	11763.0	11755.15391067	236139.27102728	20.05382655	11775.27243683
877	2019-07-13 00:00:00	11790.0	11605.53318359	11758.69316735	11662.04407374	284748.43339636	24.32929631	11703.93215521
878	2019-07-13 02:00:00	11705.55499998	11535.19086172	11663.57087346	11583.13640001	281167.08470678	24.22334336	11607.27817494
879	2019-07-13 04:00:00	11656.91934229	11510.0	11583.13631547	11638.29999998	115353.25029847	9.95704201	11585.09225758
880	2019-07-13 06:00:00	11638.63436832	11449.99999999	11638.63436832	11457.09488	285278.98375202	24.7988886	11503.70036147
881	2019-07-13 08:00:00	11569.71213771	11457.03534478	11467.15167678	11515.92908086	1717791.920759	149.33266686	11503.12223627
882	2019-07-13 10:00:00	11501.20723632	11202.49324216	11501.20723632	11296.78064153	1424455.3591748	126.00128073	11305.08635247
883	2019-07-13 12:00:00	11447.36322378	11272.44711598	11298.49779309	11360.317176	453254.13390886	39.95920536	11342.92160781
884	2019-07-13 14:00:00	11421.67315109	11290.61881157	11369.21388933	11412.47759353	298995.73411683	26.31253295	11363.24407403
885	2019-07-13 16:00:00	11469.0	11261.73853305	11419.86478579	11351.20182725	187246.75059385	16.46833205	11370.11022278
886	2019-07-13 18:00:00	11350.32952208	11011.0	11350.32952208	11194.98323325	1426251.2922158	128.00298305	11142.32854759
887	2019-07-13 20:00:00	11197.8918563	10830.57515945	11193.0	11041.0962366	1969545.5154655	180.03169955	10939.9929034
888	2019-07-13 22:00:00	11444.34559943	11017.92844792	11044.34559945	11384.47102144	1168154.5463595	103.66402166	11268.65934442
889	2019-07-14 00:00:00	11438.8	11265.1977979	11362.37521601	11392.05826858	422508.66009123	37.18431309	11362.5511669
890	2019-07-14 02:00:00	11443.41236848	11279.91270321	11394.6214175	11286.27761725	227626.96002033	20.04111375	11357.99950341
891	2019-07-14 04:00:00	11334.53030015	11141.62076625	11279.0	11218.0	362768.4847379	32.35501621	11212.12495717
892	2019-07-14 06:00:00	11296.53325141	11091.28920001	11233.73326604	11151.73405407	258115.94081836	23.07420919	11186.33963543
893	2019-07-14 08:00:00	11180.31365343	10712.63317487	11120.91102311	10861.2659257	1773161.5917628	162.33411985	10922.91376206
894	2019-07-14 10:00:00	10915.0	10562.2147418	10868.7714021	10691.60133664	1405951.4324667	131.24603216	10712.33476035
895	2019-07-14 12:00:00	10750.46972316	10530.70311671	10685.77351535	10639.12777196	735178.99890749	68.98268868	10657.44193181
896	2019-07-14 14:00:00	10703.30000079	10310.0	10639.22777197	10409.37671561	1595535.3942184	151.60526956	10524.27398367
897	2019-07-14 16:00:00	10691.0	10350.53714054	10404.09132643	10591.39999984	1624449.2100625	153.94617779	10552.05938453
898	2019-07-14 18:00:00	10587.01481791	10328.99999999	10570.17341938	10477.40000025	793480.2381495	75.96241621	10445.69509158
899	2019-07-14 20:00:00	10720.00000001	10374.99571965	10481.80000006	10660.0019999	625247.764506	59.15247035	10570.10401774
900	2019-07-14 22:00:00	10655.26711998	10104.0	10650.0016496	10187.72402807	1062427.7627412	103.12744517	10302.08555045
901	2019-07-15 00:00:00	10187.72402806	9901.34	10187.72402806	10043.86684337	1502114.7262343	149.65459017	10037.21118428
902	2019-07-15 02:00:00	10264.34559942	9870.0	10041.56202619	10239.79151422	1082887.6819069	107.80245736	10045.11129361
903	2019-07-15 04:00:00	10283.9932105	10054.82227549	10245.0	10180.20000004	435938.97297784	42.88835023	10164.50785912
904	2019-07-15 06:00:00	10327.93429128	10070.5437605	10183.16692349	10313.31396637	912618.59843681	89.73188291	10170.50538605
905	2019-07-15 08:00:00	10365.717371	10137.36423107	10320.76109646	10315.62902976	418363.40802616	40.80290057	10253.27616864
906	2019-07-15 10:00:00	10379.34559944	10260.0	10320.8573434	10296.66499784	484549.07945476	46.95563949	10319.29465166
907	2019-07-15 12:00:00	10387.3359219	10070.83431923	10297.44835002	10375.20763256	940779.46433589	92.21109089	10202.45455569
908	2019-07-15 14:00:00	10611.45383991	10387.45068583	10387.45068583	10561.78830367	1113783.8901971	105.81604252	10525.66192868
909	2019-07-15 16:00:00	10670.0	10434.57302541	10562.15376321	10435.1121477	1122367.2745008	106.09848115	10578.54233477
910	2019-07-15 18:00:00	10935.0	10379.69999999	10434.73953769	10845.00000001	2071356.6959907	192.59385613	10755.05074571
911	2019-07-15 20:00:00	10947.89049589	10730.10000003	10845.00000001	10736.85909062	761663.20957659	70.34998957	10826.77075337
912	2019-07-15 22:00:00	11062.4	10737.80744767	10737.80744767	10836.90135676	897523.07132048	82.02775966	10941.69918867
913	2019-07-16 00:00:00	11017.06664065	10825.6634259	10836.90135673	10919.59852448	541773.19192128	49.5713587	10929.15760489
914	2019-07-16 02:00:00	10902.15443074	10634.39759192	10902.15443074	10693.25842439	736405.32430081	68.60419419	10734.11520965
915	2019-07-16 04:00:00	10786.10283	10605.35308958	10697.00000002	10756.288312	336028.42813953	31.33862183	10722.50177312
916	2019-07-16 06:00:00	10776.94728646	10500.0	10737.76706599	10720.94808292	839681.31909781	78.98853567	10630.42012331
917	2019-07-16 08:00:00	10835.41683909	10646.17866004	10721.08647929	10678.16794372	631352.61106951	58.78295463	10740.40280968
918	2019-07-16 10:00:00	10750.0	10601.0	10669.75486936	10672.61851648	476156.282267	44.58970289	10678.61527226
919	2019-07-16 12:00:00	10672.5	10351.0	10672.5	10385.90941179	1082318.8722911	103.35431484	10471.92731108
920	2019-07-16 14:00:00	10540.36891111	10338.69660001	10398.0	10489.55655471	743971.20107105	71.13064252	10459.22228049
921	2019-07-16 16:00:00	10492.77701945	9518.69172703	10492.77701944	9687.91669341	5179779.7851483	528.02789174	9809.67078856
922	2019-07-16 18:00:00	9781.26591922	9534.83932698	9687.91669341	9685.20000002	2090601.111095	216.63816704	9650.19756056
923	2019-07-16 20:00:00	9779.34559944	9418.0	9695.9997794	9653.1	2430068.7268482	252.01053089	9642.72690615
924	2019-07-16 22:00:00	9646.82642652	9357.38023436	9639.92999457	9403.62017037	1628731.0871956	171.85796317	9477.19300958
925	2019-07-17 00:00:00	9611.80684299	9428.07965695	9429.99999984	9444.79508116	831289.37861928	87.44762008	9506.14068008
926	2019-07-17 02:00:00	9458.68339955	9222.2	9458.68339955	9415.16266185	1060028.9232668	113.58404613	9332.55117583
927	2019-07-17 04:00:00	9571.99999999	9316.60210618	9402.56752788	9544.455114	606370.34167574	64.0419549	9468.32966955
928	2019-07-17 06:00:00	9597.53158827	9436.30718775	9548.66999999	9564.2	402285.55829504	42.16880291	9539.88566271
929	2019-07-17 08:00:00	9591.11822658	9407.63856734	9548.60464827	9426.24777459	368609.0523985	38.82487798	9494.14580487
930	2019-07-17 10:00:00	9424.4243624	9065.4321612	9424.4243624	9145.0	1918260.3156849	208.84840261	9184.94128617
931	2019-07-17 12:00:00	9509.34559945	9085.9888696	9150.0	9493.27283324	1053657.6186538	112.65038114	9353.34268726
932	2019-07-17 14:00:00	9799.99	9502.10301143	9502.10301143	9731.36469367	1209037.0471834	125.39770455	9641.62024753
933	2019-07-17 16:00:00	9850.25482859	9642.01829225	9698.95464875	9781.70625604	1131430.1865248	116.11283598	9744.23005842
934	2019-07-17 18:00:00	9946.83309319	9702.56494025	9780.24987403	9702.56494025	1097485.8711581	111.45882824	9846.558487
935	2019-07-17 20:00:00	9929.34559944	9628.92908995	9728.99775445	9797.08760959	771963.9866731	79.05133674	9765.3501953
936	2019-07-17 22:00:00	9891.76154477	9588.9	9797.08760959	9666.90000001	884151.46314512	90.99077838	9716.93482445
937	2019-07-18 00:00:00	9798.11627737	9542.74127117	9671.049386	9768.30057848	859326.77589724	89.13183697	9641.07556973
938	2019-07-18 02:00:00	9790.0	9653.90733961	9748.56517002	9712.17594599	292092.81504436	30.04087586	9723.17905794
939	2019-07-18 04:00:00	9886.973	9656.78532223	9709.94058679	9800.83203204	463403.54553044	47.23938245	9809.68678032
940	2019-07-18 06:00:00	9989.53872455	9774.13517525	9830.78619	9774.64494121	595721.73391014	60.26116738	9885.66534321
941	2019-07-18 08:00:00	9831.65406023	9685.6050165	9783.58652088	9730.60376508	285006.36808943	29.23109147	9750.11037073
942	2019-07-18 10:00:00	9860.37175667	9718.42583163	9729.37034952	9749.03126585	235186.31132749	24.00611777	9796.93233119
943	2019-07-18 12:00:00	9757.85144998	9330.0	9757.85144997	9375.20697112	1752901.9089988	185.11669822	9469.1722889
944	2019-07-18 14:00:00	10440.11160893	9269.55533329	9371.24662086	10440.0	4393892.7900082	437.55110184	10042.01057095
945	2019-07-18 16:00:00	10649.34559943	10337.00302	10440.0	10506.35359996	2019154.7313853	192.06687399	10512.76927373
946	2019-07-18 18:00:00	10712.48689398	10453.54722783	10515.4	10476.82671244	1272818.0851035	120.60036401	10554.01528471
947	2019-07-18 20:00:00	10683.56453998	10479.61990054	10479.61990054	10556.00372728	756483.42540604	71.62089839	10562.3280692
948	2019-07-18 22:00:00	10765.00000002	10500.0	10556.00372728	10622.74536665	571947.68986796	53.71086395	10648.64066235
949	2019-07-19 00:00:00	10697.9	10545.30087997	10646.2857625	10553.45013622	408169.32700946	38.43569806	10619.53724301
950	2019-07-19 02:00:00	10644.72978715	10504.7697559	10546.80373983	10568.78452091	326358.37686817	30.79089178	10599.18560332
951	2019-07-19 04:00:00	10577.34225083	10388.21910672	10571.64350291	10497.76605633	608176.92786436	58.06326618	10474.38368311
952	2019-07-19 06:00:00	10626.14594943	10413.18061538	10497.76605633	10600.46248339	360836.7048043	34.27298865	10528.31162432
953	2019-07-19 08:00:00	10756.8539444	10235.3684365	10602.19559723	10329.3346118	1626992.6490123	156.21879518	10414.83290879
954	2019-07-19 10:00:00	10388.68311186	10260.39810867	10339.3637594	10296.0730861	510070.90562781	49.43117491	10318.81007393
955	2019-07-19 12:00:00	10639.69023986	10118.73398895	10285.0	10306.87025407	1832647.618407	176.56886651	10379.22287564
956	2019-07-19 14:00:00	10433.04505798	10275.70248793	10300.39810867	10402.93324904	571069.60678666	55.14740712	10355.33013445
957	2019-07-19 16:00:00	10464.34559944	10313.83053752	10410.0	10428.0	401815.18983066	38.63841722	10399.36981742
958	2019-07-19 18:00:00	10434.0824962	10348.0	10415.60000109	10395.57157804	238114.76561863	22.9097611	10393.59444121
959	2019-07-19 20:00:00	10550.0	10395.12018022	10395.12018022	10535.19999996	526147.88177695	50.14413261	10492.71079966
960	2019-07-19 22:00:00	10561.88165561	10448.00299388	10535.2	10512.15623196	191874.44066682	18.27625189	10498.56621705
961	2019-07-20 00:00:00	10580.16551551	10352.94118769	10506.07519681	10430.07053637	515148.66428532	49.17699944	10475.39846171
962	2019-07-20 02:00:00	10544.0	10430.87053648	10430.87053649	10503.57463443	123415.38903129	11.75411946	10499.75623025
963	2019-07-20 04:00:00	10614.34559944	10470.39810867	10525.49999984	10571.06318116	249241.59882726	23.59449241	10563.54993768
964	2019-07-20 06:00:00	10683.0000001	10525.60245413	10571.06318116	10562.49094542	464018.69769052	43.72943571	10611.12932642
965	2019-07-20 08:00:00	10594.55623342	10504.00000001	10554.82469537	10562.40173517	115966.95900125	10.99772921	10544.62760328
966	2019-07-20 10:00:00	10600.39810867	10445.91920625	10562.40173515	10569.41427584	294912.45383835	27.98991642	10536.38208178
967	2019-07-20 12:00:00	10700.0	10482.65054675	10569.41427588	10510.0	814893.49909722	76.91878785	10594.20619948
968	2019-07-20 14:00:00	10634.56	10528.55356607	10530.0	10622.99518549	260604.31613102	24.63485401	10578.68319516
969	2019-07-20 16:00:00	10993.09999998	10577.31468864	10620.87058645	10877.12503434	1923012.7171658	178.0825855	10798.43215307
970	2019-07-20 18:00:00	10938.30000087	10858.99480001	10883.24416655	10900.0	561587.66591365	51.5112559	10902.23206756
971	2019-07-20 20:00:00	10923.45191097	10866.0448953	10901.94664067	10921.46495101	231149.67602383	21.1916777	10907.56849439
972	2019-07-20 22:00:00	11060.00329226	10623.78356599	10911.80000018	10750.05167907	1468532.1102139	134.93952023	10882.8911479
973	2019-07-21 00:00:00	10809.722639	10673.58945344	10749.75159994	10786.46887983	321611.68341553	29.94245844	10740.99122688
974	2019-07-21 02:00:00	10785.86887977	10550.0	10785.86887977	10580.57519718	766672.66820046	72.11397099	10631.40273202
975	2019-07-21 04:00:00	10660.0	10555.8642236	10580.7405704	10570.39810867	285479.18526016	26.92384128	10603.21156595
976	2019-07-21 06:00:00	10625.548508	10525.0	10570.39810867	10587.84398533	240479.68280727	22.70697162	10590.56605309
977	2019-07-21 08:00:00	10724.34559945	10476.38111885	10585.98524585	10692.92324165	569671.87393649	53.77630258	10593.36262639
978	2019-07-21 10:00:00	10697.27000078	10521.33	10687.62545281	10590.0	460948.13749715	43.51082196	10593.87335686
979	2019-07-21 12:00:00	10595.34810754	10491.2	10590.00000001	10540.0	353337.10463396	33.49967467	10547.47868791
980	2019-07-21 14:00:00	10549.90894384	10335.0	10540.0	10451.32175643	904814.22216829	86.89006523	10413.32193471
981	2019-07-21 16:00:00	10483.93182917	10302.5	10439.53350767	10410.47640543	558242.02439369	53.80403687	10375.46728589
982	2019-07-21 18:00:00	10510.39810866	10351.33291611	10407.48607461	10410.59999999	247831.01769382	23.72000487	10448.18578461
983	2019-07-21 20:00:00	10584.66276145	10399.18461493	10405.09254423	10563.42484605	211432.06225811	20.1164183	10510.42283496
984	2019-07-21 22:00:00	10636.24914258	10515.08358995	10552.80000006	10582.13493539	281481.37162943	26.57842184	10590.59764059
985	2019-07-22 00:00:00	10679.34559944	10564.33702359	10599.2798305	10584.19747407	154093.12835879	14.48970633	10634.66193512
986	2019-07-22 02:00:00	10632.6975488	10570.68694318	10577.59999995	10608.57247486	153836.62779851	14.49463164	10613.3520064
987	2019-07-22 04:00:00	10625.20000003	10516.41804622	10610.13974434	10590.1575679	116288.46300372	11.00174287	10570.00371466
988	2019-07-22 06:00:00	10628.19418546	10580.15701276	10590.15756791	10602.74484449	152539.42479983	14.38508235	10604.00080364
989	2019-07-22 08:00:00	10617.51756429	10450.39810868	10605.04143108	10453.00876882	451795.18168152	42.99130184	10508.99047818
990	2019-07-22 10:00:00	10610.08566678	10416.8784134	10450.39810867	10549.99000001	674123.76081184	64.18576377	10502.69905998
991	2019-07-22 12:00:00	10576.84086686	10470.96324255	10560.0	10494.84568457	97629.70496579	9.27931342	10521.22075706
992	2019-07-22 14:00:00	10535.43517749	10172.51553296	10500.53271619	10234.92593336	2160113.1026652	210.50786754	10261.43643897
993	2019-07-22 16:00:00	10409.46694487	10195.0	10227.08934614	10353.21100265	558856.02359289	54.2858024	10294.69951415
994	2019-07-22 18:00:00	10349.9	10089.97151118	10349.89999999	10152.87870088	744580.26953773	72.84444327	10221.51088145
995	2019-07-22 20:00:00	10389.7092299	10137.37512349	10153.64304549	10287.78554576	505841.96132845	49.17636785	10286.281469
996	2019-07-22 22:00:00	10363.89159997	10260.39810865	10298.85049957	10344.1772921	204673.68462784	19.80464602	10334.6297844
997	2019-07-23 00:00:00	10339.39403026	10214.67168409	10339.39403026	10229.20364398	165445.94588975	16.14044664	10250.39452624
998	2019-07-23 02:00:00	10300.89297428	10226.53171084	10249.90680224	10262.5462026	50153.27738465	4.88717109	10262.23073861
999	2019-07-23 04:00:00	10259.4833592	10120.0	10257.67865985	10162.750637	226247.50493378	22.14944039	10214.5923757
1000	2019-07-23 06:00:00	10217.43758183	9983.54088	10169.27502976	10049.99	1787163.5162632	177.98507436	10041.08643766
1001	2019-07-23 08:00:00	10087.80741751	9917.07299999	10042.51663682	9992.34192648	619256.7177442	62.07082463	9976.61496259
1002	2019-07-23 10:00:00	10060.0	9895.0	10001.61958325	10032.95596366	373620.68155265	37.44352762	9978.24471413
1003	2019-07-23 12:00:00	10035.0	9900.0	10032.76371532	9982.79441988	628406.11631388	63.15337	9950.47637701
1004	2019-07-23 14:00:00	10087.90865	9903.1	9967.36176377	9927.83474199	409821.69802029	41.06042675	9980.94102907
1005	2019-07-23 16:00:00	10023.82813095	9910.39810867	9925.84013355	10022.06148998	202636.1030489	20.3131374	9975.61819519
1006	2019-07-23 18:00:00	10116.80503762	10016.09999998	10016.6	10094.55211327	488228.8193759	48.37713735	10092.139513
1007	2019-07-23 20:00:00	10128.00299385	10099.0000002	10100.84	10125.17616538	43030.54247556	4.25808171	10105.61689657
1008	2019-07-23 22:00:00	10136.34	9836.76708831	10107.31616604	9868.87636545	670956.94305034	67.42351177	9951.37935471
1009	2019-07-24 00:00:00	9872.18752059	9600.0	9870.41062188	9707.49263394	1412324.6844328	145.51248276	9705.8661748
1010	2019-07-24 02:00:00	9724.7491027	9620.8224964	9702.70328821	9655.17195048	445060.34555225	46.10155472	9653.91185298
1011	2019-07-24 04:00:00	9770.4871775	9595.0	9650.83401637	9706.25299999	496777.10216162	51.40085806	9664.76282519
1012	2019-07-24 06:00:00	9766.64178	9669.0641858	9706.35852073	9710.6473801	158399.33130459	16.30676131	9713.72109356
1013	2019-07-24 08:00:00	9789.34559945	9700.0	9710.6473801	9768.02999999	168436.33134747	17.26125275	9758.05949817
1014	2019-07-24 10:00:00	9770.62	9629.95960866	9756.62944363	9718.41349317	307037.33721537	31.65119848	9700.65438152
1015	2019-07-24 12:00:00	9796.05796202	9685.25245468	9724.53500673	9711.5518485	1300467.2495999	133.19135376	9763.90143119
1016	2019-07-24 14:00:00	9924.88247595	9688.34745826	9704.68895088	9919.87377896	624448.91100474	63.48834995	9835.64561839
1017	2019-07-24 16:00:00	9921.45570616	9524.62282879	9917.16065711	9611.67959002	1743321.0693473	181.55021695	9602.4179901
1018	2019-07-24 18:00:00	9693.57003297	9580.39810868	9609.00000001	9654.16521061	226304.16482599	23.42720903	9659.88584197
1019	2019-07-24 20:00:00	9818.01944783	9566.67088952	9674.05800175	9773.05889653	443445.32880835	45.820953	9677.78493843
1020	2019-07-24 22:00:00	9838.15122226	9755.25547005	9781.67500287	9761.78000001	221247.19813643	22.61143699	9784.74734862
1021	2019-07-25 00:00:00	10170.97669335	9730.37878635	9761.78	10070.0	1178285.0505659	117.3598807	10039.93054132
1022	2019-07-25 02:00:00	10107.68684868	10037.66778959	10069.76744195	10091.6119498	512957.00429781	50.87783006	10082.13211319
1023	2019-07-25 04:00:00	10105.12435939	10020.26206841	10080.61027187	10060.00000001	233130.57859962	23.17846465	10058.06821633
1024	2019-07-25 06:00:00	10085.00000001	10027.22969982	10056.18503021	10051.15364765	278365.81868816	27.67608409	10057.99150569
1025	2019-07-25 08:00:00	10130.19729999	10048.11867826	10048.11867826	10054.26041701	212419.68761454	21.06478813	10084.11223049
1026	2019-07-25 10:00:00	10081.8	10040.67890667	10057.50221414	10074.0	370262.97941067	36.80155453	10061.06899937
1027	2019-07-25 12:00:00	10149.89999999	9902.68488	10074.0	9959.78274999	696170.55631743	69.63882894	9996.8733954
1028	2019-07-25 14:00:00	10009.33909214	9947.49906122	9961.29722171	9987.59999998	151871.82882246	15.2073754	9986.72189169
1029	2019-07-25 16:00:00	10055.39810867	9933.3479818	9987.6	9979.02380717	203610.14549938	20.41326008	9974.40608219
1030	2019-07-25 18:00:00	10004.99999997	9800.0	9987.90149505	9858.487908	286430.18423904	28.94022906	9897.30190611
1031	2019-07-25 20:00:00	9888.0	9785.70872	9836.26698611	9887.77259241	379511.06865437	38.55372815	9843.69312295
1032	2019-07-25 22:00:00	9961.72129895	9869.56766156	9885.72592414	9881.18122021	134931.54597214	13.629326110000001	9900.08932819
1033	2019-07-26 00:00:00	9881.18122022	9645.75396707	9881.18122022	9695.9314433	1183250.481943	121.95143513	9702.63679703
1034	2019-07-26 02:00:00	9738.00343	9649.52897999	9695.93144326	9700.19999976	522260.76048441	53.85122354	9698.21530789
1035	2019-07-26 04:00:00	9735.7	9695.98437437	9700.09999996	9729.9499	98221.01073529	10.10378102	9721.21333002
1036	2019-07-26 06:00:00	9810.0	9672.43175951	9729.3389087	9769.13504998	321221.81195707	32.96097751	9745.51837425
1037	2019-07-26 08:00:00	9796.04039993	9748.7117203	9769.13504998	9789.45533768	130680.01172902	13.37166874	9772.90226597
1038	2019-07-26 10:00:00	9810.0	9749.40000004	9790.37063184	9802.07993978	127633.85860043	13.0661523	9768.28186829
1039	2019-07-26 12:00:00	9839.29675325	9736.95490985	9802.07993978	9772.68076899	193460.23680663	19.77830757	9781.4353489
1040	2019-07-26 14:00:00	9794.50394	9701.23152657	9777.4705329	9789.13964742	115973.64576717	11.89291941	9751.4867266
1041	2019-07-26 16:00:00	9880.25333634	9744.07023513	9787.18181949	9788.4378506	199071.60580511	20.29501411	9808.89220998
1042	2019-07-26 18:00:00	9859.95862586	9782.54898	9794.07959998	9848.60000002	92427.84084683	9.40103325	9831.66832718
1043	2019-07-26 20:00:00	9854.27222	9741.60160841	9842.61	9824.68429902	177421.00410431	18.09043462	9807.44840193
1044	2019-07-26 22:00:00	9834.09055065	9775.66617721	9824.99979994	9824.55083507	49350.51060622	5.03313561	9805.12237901
1045	2019-07-27 00:00:00	10170.02519507	9814.14621187	9820.7509536	10088.00356403	1031805.3522167	102.37938829	10078.25275624
1046	2019-07-27 02:00:00	10112.1081264	10072.57282801	10086.89096709	10100.0	70822.12793939	7.02052623	10087.86601163
1047	2019-07-27 04:00:00	10107.08046407	10039.8736594	10099.93319547	10058.05794679	115477.34122921	11.46681494	10070.56814237
1048	2019-07-27 06:00:00	10078.6	10008.97882661	10055.08857999	10066.876222	416315.08599788	41.39359195	10057.47668626
1049	2019-07-27 08:00:00	10081.00000006	10046.24523363	10057.29613969	10050.0	221840.04415201	22.04564163	10062.76196788
1050	2019-07-27 10:00:00	10064.37045971	9442.54332	10050.0	9538.20005977	2029662.3895693	210.99604922	9619.43314612
1051	2019-07-27 12:00:00	9537.88999995	9400.0	9537.88999994	9452.64899859	807187.55721396	85.39512927	9452.38404244
1052	2019-07-27 14:00:00	9492.93	9324.95523	9452.40497955	9440.56892819	499648.08486616	52.982640860000004	9430.41110741
1053	2019-07-27 16:00:00	9475.4496	9401.56589762	9435.57625315	9466.71858968	179234.72549381	18.98279492	9441.95658485
1054	2019-07-27 18:00:00	9472.5140226	9373.10336551	9462.47669992	9424.2434353	258154.42558528	27.37633664	9429.8382205
1055	2019-07-27 20:00:00	9536.0	9393.50494534	9416.20544968	9534.32529989	249194.73732249	26.24708449	9494.18734173
1056	2019-07-27 22:00:00	9540.15869069	9340.51237	9534.32529988	9469.68002697	888606.78661018	94.02828431	9450.42008509
1057	2019-07-28 00:00:00	9480.23927154	9376.7058	9466.11594269	9472.92525573	258941.13743466	27.42869128	9440.52105116
1058	2019-07-28 02:00:00	9494.5	9464.66474946	9480.64	9474.78477166	102600.01649347	10.81895096	9483.36089818
1059	2019-07-28 04:00:00	9570.0	9482.01406656	9484.47513873	9516.35285305	242207.20207456	25.40959876	9532.11439355
1060	2019-07-28 06:00:00	9539.25	9485.29540623	9533.86	9504.25000001	57084.69020947	6.00064958	9513.0851166
1061	2019-07-28 08:00:00	9523.12725673	9484.19426512	9498.50217116	9484.19426513	44039.79628435	4.63523087	9501.10092021
1062	2019-07-28 10:00:00	9557.75395348	9443.24996566	9484.19426512	9547.77557	344374.65059187	36.26349196	9496.45585625
1063	2019-07-28 12:00:00	9547.77557	9492.73386977	9547.77557	9505.98842198	125126.80463174	13.15020977	9515.19457257
1064	2019-07-28 14:00:00	9546.51745507	9502.22169117	9509.64751593	9526.68864962	92793.37148641	9.74261184	9524.48614502
1065	2019-07-28 16:00:00	9600.00000001	9515.71431221	9518.67451336	9564.51727487	342219.12034471	35.78480783	9563.25158906
1066	2019-07-28 18:00:00	9577.66145823	9556.32928369	9564.51727486	9571.77654291	120923.66067667	12.63610882	9569.69130285
1067	2019-07-28 20:00:00	9575.29074746	9474.52820584	9574.5	9474.62336074	369686.57301292	38.86083041	9513.08989315
1068	2019-07-28 22:00:00	9688.01649171	9175.0	9474.3588084	9530.1431304	1881667.4485263	200.37851555	9390.5648685
1069	2019-07-29 00:00:00	9730.0	9500.82303566	9546.71204727	9689.0	670368.91066889	69.45853436	9651.35410422
1070	2019-07-29 02:00:00	9670.11860001	9608.4	9670.11860001	9624.00000007	138546.27722754	14.37900994	9635.31410059
1071	2019-07-29 04:00:00	9693.16734975	9603.23726902	9624.00000007	9611.00002401	291753.20551072	30.21537192	9655.7873351
1072	2019-07-29 06:00:00	9615.33416944	9574.38575375	9605.95845793	9615.33416944	124087.08306891	12.92946906	9597.2295918
1073	2019-07-29 08:00:00	9641.90000014	9393.78815088	9615.41819284	9487.80205705	358222.64523529	37.71107513	9499.13636777
1074	2019-07-29 10:00:00	9533.0	9470.97379884	9487.73478155	9495.25623577	108910.49025364	11.46122464	9502.51772167
1075	2019-07-29 12:00:00	9619.34559945	9482.0982039	9482.0982039	9561.95294325	483082.23889748	50.62590212	9542.19517417
1076	2019-07-29 14:00:00	9595.62655943	9514.11675704	9569.25734687	9529.96850989	152398.59467806	15.94176286	9559.70779495
1077	2019-07-29 16:00:00	9683.26510959	9420.0	9529.68650473	9486.30000096	421715.31950202	44.1851848	9544.26967796
1078	2019-07-29 18:00:00	9531.57693996	9455.40520583	9485.42384502	9496.3403295	85183.77538795	8.95942952	9507.72314217
1079	2019-07-29 20:00:00	9543.47	9493.54320447	9496.3403288	9523.07001369	332190.63666519	34.85390369	9530.94493
1080	2019-07-29 22:00:00	9538.7815753	9445.0	9520.0	9512.99197827	361136.34561679	37.98153396	9508.20854147
1081	2019-07-30 00:00:00	9533.40101839	9460.99999999	9522.55599509	9460.99999999	52232.18419564	5.49990203	9496.92992906
1082	2019-07-30 02:00:00	9481.00470902	9400.0	9461.0	9441.81186656	223169.44341074	23.66232992	9431.42303252
1083	2019-07-30 04:00:00	9460.23129108	9433.63387563	9449.0	9457.89922074	120732.7575138	12.78290547	9444.86038773
1084	2019-07-30 06:00:00	9530.0	9451.74792598	9452.90129221	9499.00534562	89222.8907871	9.39708403	9494.74225219
1085	2019-07-30 08:00:00	9508.5	9467.69319279	9502.6	9489.0205896	29277.27262488	3.08575967	9487.86547102
1086	2019-07-30 10:00:00	9572.32026319	9463.67652841	9489.02058959	9540.29999999	220494.82721877	23.15493276	9522.58551144
1087	2019-07-30 12:00:00	9604.3456	9528.04285603	9535.81272955	9551.8998387	1317663.2123161	137.53355468	9580.66717159
1088	2019-07-30 14:00:00	9704.34559942	9550.20144779	9550.20144779	9686.65215997	673094.64152378	69.66696045	9661.60482926
1089	2019-07-30 16:00:00	9709.25362324	9584.00000001	9688.78895995	9620.52998242	330961.09551522	34.34972206	9635.04435165
1090	2019-07-30 18:00:00	9650.0	9501.65087501	9618.076	9592.0	456301.61177384	47.55848804	9594.53570916
1091	2019-07-30 20:00:00	9602.84768188	9522.88775202	9594.0	9571.59431978	96800.78891678	10.11939755	9565.86480949
1092	2019-07-30 22:00:00	9627.8193362	9558.13953488	9571.59431978	9578.99996978	85691.94027378	8.93478524	9590.82260759
1093	2019-07-31 00:00:00	9709.34559945	9568.75450207	9578.74527142	9691.0	285092.66300804	29.48185423	9670.10625532
1094	2019-07-31 02:00:00	9691.0	9641.82639421	9691.0	9672.87590971	189906.36031216	19.63719863	9670.74601068
1095	2019-07-31 04:00:00	9776.52949353	9651.57371324	9674.05427814	9698.22038467	317371.84977101	32.67934339	9711.6960394
1096	2019-07-31 06:00:00	9827.0	9697.3925858	9697.3925858	9730.11192526	319506.589171	32.66027346	9782.728536
1097	2019-07-31 08:00:00	9771.44479473	9730.11192517	9738.07636753	9752.0	144537.86149368	14.82757464	9747.90989105
1098	2019-07-31 10:00:00	9790.0	9750.0	9752.00000003	9760.0	257191.83636798	26.31299504	9774.32770298
1099	2019-07-31 12:00:00	9947.86390061	9755.00000013	9755.00000013	9947.86390061	903927.51185588	91.71848134	9855.45659554
1100	2019-07-31 14:00:00	10114.10159208	9894.5	9947.86390061	10040.29123895	1850875.0320091	184.67159558	10022.52147221
1101	2019-07-31 16:00:00	10118.15033589	9941.83882	10044.88156528	10013.52000011	742942.27244396	74.31772327	9996.83843576
1102	2019-07-31 18:00:00	10015.30000004	9949.0486164	10015.00000002	9983.38488535	251583.42211096	25.19247809	9986.44997178
1103	2019-07-31 20:00:00	10047.0	9984.72569023	9986.48078377	10044.3776835	175712.69822215	17.54332027	10015.93173457
1104	2019-07-31 22:00:00	10083.39810867	9980.21017211	10044.97060399	10074.98929989	223931.95450111	22.33605271	10025.58318645
1105	2019-08-01 00:00:00	10147.37844906	9989.81521824	10074.9892999	10016.81078479	339698.36657103	33.73879589	10068.47925689
1106	2019-08-01 02:00:00	10044.65768	9974.90820431	10016.8107848	10006.4465428	183335.13717717	18.30857933	10013.61896369
1107	2019-08-01 04:00:00	10004.01144809	9851.98625729	9994.92878175	9909.20623929	438879.94676173	44.24189213	9920.00851754
1108	2019-08-01 06:00:00	9970.76426261	9885.72570501	9897.16514399	9959.99999996	154898.68563982	15.62199306	9915.4240464
1109	2019-08-01 08:00:00	9984.77118	9931.2043602	9958.58167242	9960.15419463	221037.04851479	22.17723893	9966.84254575
1110	2019-08-01 10:00:00	9967.33535613	9910.74418605	9958.45980693	9967.33535612	139481.87813288	14.03032675	9941.4561484
1111	2019-08-01 12:00:00	10055.06865054	9953.97389496	9963.38484043	10053.05763681	371580.62457114	37.07362031	10022.77688189
1112	2019-08-01 14:00:00	10050.00000001	9964.44955986	10050.0	10016.43400003	459601.43616132	45.90350816	10012.33793633
1113	2019-08-01 16:00:00	10100.0	10005.49272649	10018.81969997	10092.95535136	164902.79143765	16.40399941	10052.59676717
1114	2019-08-01 18:00:00	10300.0	10075.1724341	10092.95535126	10276.2915	602855.73070066	59.21219356	10181.27676843
1115	2019-08-01 20:00:00	10462.18460001	10285.46324515	10285.46324515	10411.84368759	994607.67832698	95.83475403	10378.36104859
1116	2019-08-01 22:00:00	10425.0182693	10362.0	10410.0	10373.0	296986.79037115	28.5513623	10401.84308022
1117	2019-08-02 00:00:00	10432.07335989	10310.99181242	10379.18290219	10370.8	377913.04358059	36.47876479	10359.80921383
1118	2019-08-02 02:00:00	10407.54387072	10339.01111093	10377.0534934	10345.70892894	95659.03471551	9.21767922	10377.77866124
1119	2019-08-02 04:00:00	10428.07139804	10322.46806135	10343.7622295	10428.07139804	300381.41304461	28.91207068	10389.48113987
1120	2019-08-02 06:00:00	10554.34559942	10426.07624762	10429.0	10515.53635275	663706.17523727	63.30517685	10484.23222653
1121	2019-08-02 08:00:00	10528.08684106	10436.18279415	10520.56921644	10441.08150333	454383.08104329	43.3537249	10480.83139548
1122	2019-08-02 10:00:00	10530.0	10441.08150332	10441.08150332	10481.42334316	155323.4980471	14.81581114	10483.63107354
1123	2019-08-02 12:00:00	10556.16876091	10481.4233429	10481.42334291	10537.00000001	548961.11623753	52.14946606	10526.68718805
1124	2019-08-02 14:00:00	10635.00000004	10518.06588212	10538.72627299	10623.25150582	814158.03276947	77.10793952	10558.67966175
1125	2019-08-02 16:00:00	10663.19007842	10359.24001	10623.25150582	10442.86105939	1436378.8391584	137.22750985	10467.13476567
1126	2019-08-02 18:00:00	10484.91609997	10417.13128239	10435.04332039	10443.82208692	183000.34555075	17.51066021	10450.79644948
1127	2019-08-02 20:00:00	10445.47080378	10353.67302	10441.07008259	10422.46627929	475112.74110048	45.71679934	10392.51977302
1128	2019-08-02 22:00:00	10539.93749013	10404.86465234	10408.09391767	10524.00598433	256370.60878759	24.43242016	10493.05009936
1129	2019-08-03 00:00:00	10670.67382	10496.06665489	10524.00598434	10643.61089999	644231.65810186	60.87685845	10582.53783957
1130	2019-08-03 02:00:00	10835.00000004	10610.13052096	10647.89869996	10790.90031918	608614.99866454	56.62639333	10747.90328103
1131	2019-08-03 04:00:00	10850.01	10710.46949	10778.79342425	10776.92969353	459364.60667156	42.62775126	10776.18671155
1132	2019-08-03 06:00:00	10838.16682687	10753.83802	10790.68929501	10825.00000004	115680.39868093	10.72060373	10790.47426752
1133	2019-08-03 08:00:00	10871.3846262	10714.55468288	10835.8568265	10762.81376786	292334.06437279	27.10405836	10785.61964743
1134	2019-08-03 10:00:00	10777.77777777	10745.0	10763.50151463	10745.06067319	125973.50996949	11.70400351	10763.28367997
1135	2019-08-03 12:00:00	10815.0	10675.0	10745.0	10792.59104995	529281.82274554	49.17759261	10762.66231539
1136	2019-08-03 14:00:00	10818.02441	10704.72995914	10792.59104995	10734.53908603	157696.13384942	14.65269646	10762.26033071
1137	2019-08-03 16:00:00	10849.7	10697.62402003	10737.67295385	10830.0	335723.4330612	31.10316693	10793.86654795
1138	2019-08-03 18:00:00	10899.0	10800.0	10827.31188145	10818.65531065	515388.90608447	47.538535949999996	10841.49723555
1139	2019-08-03 20:00:00	10876.09408444	10801.39595217	10843.1818062	10821.0241475	205195.9730803	18.92547734	10842.31427265
1140	2019-08-03 22:00:00	10843.76415572	10764.57666923	10826.20129664	10814.35497247	174874.33466338	16.18444314	10805.0881424
1141	2019-08-04 00:00:00	10891.32856821	10814.35497248	10814.35497248	10853.69359188	161897.24658155	14.90214803	10864.02082811
1142	2019-08-04 02:00:00	10846.46684515	10688.52285626	10846.46684515	10758.44755357	286432.24773002	26.67345433	10738.47594639
1143	2019-08-04 04:00:00	10757.0650894	10555.0	10757.0650894	10617.16414594	691810.97259959	65.03531852	10637.46573927
1144	2019-08-04 06:00:00	10711.98634423	10600.21230867	10605.65535161	10656.2498293	238313.36039128	22.32414789	10675.13804179
1145	2019-08-04 08:00:00	10731.9	10643.5346238	10668.22425893	10731.9	231547.35421828	21.66558671	10687.33366502
1146	2019-08-04 10:00:00	10742.57703288	10658.1	10732.9	10664.98610417	378109.07432098	35.32152314	10704.77829685
1147	2019-08-04 12:00:00	10696.10416231	10635.1	10663.70000001	10648.97580152	218345.72611125	20.48398326	10659.33921834
1148	2019-08-04 14:00:00	10957.17649958	10662.16087407	10662.24011249	10939.53073702	937413.21503935	86.26997717	10866.04222917
1149	2019-08-04 16:00:00	10988.0	10867.80930082	10938.59286434	10898.29036754	701319.62270694	64.23987851	10917.20032748
1150	2019-08-04 18:00:00	10942.79225725	10886.00140429	10898.29036758	10911.97869575	339982.13611788	31.15208342	10913.62434846
1151	2019-08-04 20:00:00	10964.10959649	10760.0	10916.57495211	10926.60000036	566890.10653944	52.05113575	10891.02280615
1152	2019-08-04 22:00:00	11024.30821454	10906.71197972	10929.41000004	10936.96759597	490403.3117178	44.70742585	10969.16904505
1153	2019-08-05 00:00:00	11450.0	10937.812	10937.812	11406.98483991	2831613.7450033	251.93315974	11239.54364691
1154	2019-08-05 02:00:00	11640.5	11358.61799	11413.1489136	11552.30215208	1378014.3179751	119.63056139	11518.91541729
1155	2019-08-05 04:00:00	11591.70042732	11520.33932	11555.31329846	11533.89999992	629577.40097177	54.49242212	11553.48535591
1156	2019-08-05 06:00:00	11844.3883804	11518.29067286	11533.28504206	11676.93947499	1546055.0859015	132.28335902	11687.44955794
1157	2019-08-05 08:00:00	11746.24287076	11659.05946828	11670.27675803	11701.99999999	1070433.8518371	91.54721936	11692.69650482
1158	2019-08-05 10:00:00	11772.28967108	11572.95831428	11702.0	11760.0	1439898.6494487	123.27110064	11680.74789608
1159	2019-08-05 12:00:00	11800.37397807	11705.30875914	11760.0	11732.93864034	657943.27867495	55.94505873	11760.52530126
1160	2019-08-05 14:00:00	11790.0	11640.0	11735.85879743	11749.10538113	796961.70827961	68.02430344	11715.83783996
1161	2019-08-05 16:00:00	11923.86475	11724.70575583	11749.17753894	11784.96945194	1538983.470576	130.0743721	11831.56563225
1162	2019-08-05 18:00:00	11861.24145729	11749.0	11784.96945194	11753.0192348	432330.34003652	36.62355206	11804.70805585
1163	2019-08-05 20:00:00	11820.0	11704.82127173	11756.43890803	11740.19422909	723744.51396377	61.6632985	11737.03858809
1164	2019-08-05 22:00:00	11850.0	11732.22131963	11753.0	11816.22202379	461712.22948379	39.14242272	11795.69881983
1165	2019-08-06 00:00:00	11833.34774165	11621.00000001	11820.62791282	11685.35995927	794890.48407993	67.90142077	11706.53684511
1166	2019-08-06 02:00:00	11716.43880781	11585.00000004	11686.25896991	11679.37312007	502345.40841315	43.10185177	11654.84515824
1167	2019-08-06 04:00:00	11808.51296749	11646.03778003	11699.8999995	11808.51296749	178726.0302005	15.23719518	11729.58855545
1168	2019-08-06 06:00:00	12300.05713911	11816.06203235	11816.06203235	12169.72481346	1902681.3320765	157.53810169	12077.59463688
1169	2019-08-06 08:00:00	12253.86117251	12176.43595429	12180.38230369	12222.86951414	921616.58559122	75.41224399	12221.04709831
1170	2019-08-06 10:00:00	12300.0	11616.34096	12230.0	11781.58107894	2694426.4429902	226.8236027	11878.95091567
1171	2019-08-06 12:00:00	11788.71659041	11570.41786554	11788.71659041	11788.02120539	808232.32994775	69.15192284	11687.77810875
1172	2019-08-06 14:00:00	11799.99999994	11691.66077131	11791.27845884	11712.50105939	341561.14283982	29.10669392	11734.79694322
1173	2019-08-06 16:00:00	11820.504	11689.48521653	11712.60880657	11700.16665258	537650.51083626	45.76564155	11747.90722094
1174	2019-08-06 18:00:00	11749.2	11638.05227054	11700.07000009	11698.93186001	452957.97992851	38.705924	11702.54919966
1175	2019-08-06 20:00:00	11735.00000003	11321.64495859	11700.99999998	11387.99	1294774.8896485	112.73808819	11484.80438542
1176	2019-08-06 22:00:00	11500.0	11234.00000015	11387.99	11490.3412909	843364.51937374	74.33409321	11345.59504198
1177	2019-08-07 00:00:00	11570.0	11405.95835199	11479.51093826	11524.71626617	539110.21760299	46.9213362	11489.6603819
1178	2019-08-07 02:00:00	11676.94206062	11530.78483442	11530.78483442	11632.82415324	399890.0799348	34.39666112	11625.84003545
1179	2019-08-07 04:00:00	11734.18666998	11582.73159373	11640.52652687	11605.53745277	479181.2810503	41.10752428	11656.77791215
1180	2019-08-07 06:00:00	11670.91525735	11527.08552527	11610.04553999	11545.31908756	332374.48220642	28.67071484	11592.82159727
1181	2019-08-07 08:00:00	11656.823264	11472.32166255	11541.39072404	11639.6981236	229869.45779165	19.9260461	11536.12997972
1182	2019-08-07 10:00:00	11749.34559944	11587.50019866	11639.6981236	11739.07562581	547464.39348821	46.93450178	11664.43389671
1183	2019-08-07 12:00:00	12135.00000001	11710.00000003	11749.34559945	12025.98132451	2261093.1343398	188.57177249	11990.62354075
1184	2019-08-07 14:00:00	12096.45290755	11621.51501999	12026.34331	11666.1955643	2658381.2568311	224.24054309	11855.04289366
1185	2019-08-07 16:00:00	11789.0	11517.85714285	11661.96978435	11789.0	559027.7792552	48.0337602	11638.2264667
1186	2019-08-07 18:00:00	11812.6076958	11675.0	11789.0	11792.42523009	445257.6620442	37.89303341	11750.38317008
1187	2019-08-07 20:00:00	12066.2	11612.53354947	11797.70132	11943.31554731	1372990.4627457	115.52105866	11885.19633278
1188	2019-08-07 22:00:00	12050.0	11847.7108404	11927.49321445	11954.01386547	1208330.7128035	100.88955404	11976.76731056
1189	2019-08-08 00:00:00	12009.74905607	11863.77	11997.09107499	11888.5	294357.85783907	24.66375289	11934.83648461
1190	2019-08-08 02:00:00	11990.0	11899.96638424	11904.44640563	11941.00479997	184140.46300063	15.40123303	11956.2156252
1191	2019-08-08 04:00:00	11954.55675797	11888.72049999	11950.0	11910.0	195058.84420341	16.36880891	11916.4958963
1192	2019-08-08 06:00:00	11924.99999997	11773.54334716	11924.99999997	11912.10031939	314931.34217626	26.59200495	11843.08376778
1193	2019-08-08 08:00:00	11975.09331078	11841.525	11918.3838	11865.2983296	283288.57948016	23.79782327	11903.97021887
1194	2019-08-08 10:00:00	11912.76154	11794.93491537	11869.13025999	11839.05954302	264801.55263536	22.33913677	11853.70568978
1195	2019-08-08 12:00:00	11913.06479999	11686.20609	11829.3902439	11700.0	781821.62762335	66.16960129	11815.41995692
1196	2019-08-08 14:00:00	11767.78534645	11639.1	11683.54847037	11700.0	619098.20463973	52.84574273	11715.1954473
1197	2019-08-08 16:00:00	11787.51402254	11532.28094249	11697.33553861	11587.81517001	782515.47840869	67.21759323	11641.52777281
1198	2019-08-08 18:00:00	11678.57142857	11550.0	11587.81517	11610.8891283	386691.98053819	33.2884962	11616.38477794
1199	2019-08-08 20:00:00	11781.64495857	11551.30458214	11610.8891283	11750.88229393	402428.90597504	34.45411086	11680.14196071
1200	2019-08-08 22:00:00	12079.60499462	11755.73005231	11755.73005231	11985.12904302	1117081.8583654	93.52612722	11944.06195968
1201	2019-08-09 00:00:00	12040.000001	11887.10081825	11999.0	11904.49999982	863793.93052232	72.22806339	11959.25641614
1202	2019-08-09 02:00:00	11946.42857141	11855.0314423	11900.92735033	11866.06906793	140241.54786373	11.81147811	11873.32750039
1203	2019-08-09 04:00:00	11919.45609747	11839.28571428	11866.06906793	11858.61950074	147845.43908996	12.45314374	11872.1378454
1204	2019-08-09 06:00:00	11894.44627	11816.04729182	11865.4292456	11885.86329987	171124.26907796	14.42724048	11861.19198021
1205	2019-08-09 08:00:00	11961.24015814	11701.50699	11884.96329975	11781.49039141	1215272.5596841	102.64415883	11839.66602227
1206	2019-08-09 10:00:00	11814.28610728	11689.48521651	11775.57600004	11700.00000002	826421.10160123	70.49687244	11722.80518266
1207	2019-08-09 12:00:00	11887.99999999	11697.4630411	11710.91194	11827.58004169	443993.85899251	37.56867614	11818.19283005
1208	2019-08-09 14:00:00	11837.19930999	11700.3395936	11832.79446488	11733.38957326	496880.03861635	42.27297696	11754.0820247
1209	2019-08-09 16:00:00	11865.0	11706.10321988	11739.22809101	11790.86197847	229158.73354688	19.43252594	11792.53455029
1210	2019-08-09 18:00:00	11900.0	11810.5682	11812.5636867	11829.45847597	296929.19957738	25.05484123	11851.17067203
1211	2019-08-09 20:00:00	11929.0	11832.96717954	11832.96717954	11928.52393201	177169.18770091	14.91898148	11875.42111627
1212	2019-08-09 22:00:00	11964.34559944	11849.21140235	11928.52393202	11872.04837057	290022.35367588	24.38616191	11892.90691771
1213	2019-08-10 00:00:00	11980.00000001	11873.84194361	11887.5954169	11903.07657199	556546.58243785	46.64950306	11930.38609054
1214	2019-08-10 02:00:00	11912.44561325	11766.64256398	11903.07657199	11819.1287554	260620.04942722	22.05811549	11815.15481435
1215	2019-08-10 04:00:00	11897.57592998	11798.35789018	11829.29024388	11829.59024391	66016.28097115	5.57659342	11838.10186598
1216	2019-08-10 06:00:00	11872.31000005	11811.40000003	11852.89999999	11833.39675098	63417.0490494	5.3589508200000004	11833.85539063
1217	2019-08-10 08:00:00	11884.0	11835.25714354	11835.25714354	11884.0	167391.58336217	14.11521043	11858.95061163
1218	2019-08-10 10:00:00	11889.91069092	11335.18129609	11884.66128001	11399.29999999	1890137.2016487	164.33741841	11501.56318589
1219	2019-08-10 12:00:00	11505.61546293	11316.69156992	11399.29999996	11465.27342979	1132525.0228981	99.18933102	11417.81087998
1220	2019-08-10 14:00:00	11467.70513996	11376.79589606	11467.70513996	11429.53190996	432658.3866563	37.90043122	11415.65868063
1221	2019-08-10 16:00:00	11430.19300998	11270.0	11429.72190995	11374.77178013	1063773.4652135	93.97529279	11319.71429544
1222	2019-08-10 18:00:00	11396.31384471	11273.94711	11387.41509418	11330.52735597	285359.35966258	25.14286316	11349.51727043
1223	2019-08-10 20:00:00	11395.00112826	11279.35775447	11331.40225333	11323.6207152	326687.01374983	28.81672034	11336.71736045
1224	2019-08-10 22:00:00	11365.00000001	11265.61815159	11323.62071518	11318.0	234990.57586947	20.77222418	11312.73058836
1225	2019-08-11 00:00:00	11458.82381792	11301.83920025	11321.12168998	11376.68095364	291714.42712898	25.55132329	11416.80310714
1226	2019-08-11 02:00:00	11409.0	11365.32566983	11365.32566983	11401.62780183	84467.91981549	7.41285082	11394.79558763
1227	2019-08-11 04:00:00	11426.4394699	11359.06432	11399.70002924	11378.09999962	148617.55663872	13.06202847	11377.83132076
1228	2019-08-11 06:00:00	11398.56260356	11323.28228001	11378.29999965	11376.39999998	183103.14603014	16.12080594	11358.18809007
1229	2019-08-11 08:00:00	11402.82738742	11124.5	11370.67354267	11363.30448987	1601647.1958765	142.78022798	11217.56995724
1230	2019-08-11 10:00:00	11480.0	11345.99212	11363.40448987	11480.0	526627.51958844	46.19579494	11399.90166361
1231	2019-08-11 12:00:00	11473.28742341	11377.78777779	11463.08716723	11383.26184	291891.82220073	25.56817587	11416.21614638
1232	2019-08-11 14:00:00	11428.10973998	11357.82843085	11404.39999986	11368.40525003	184644.61687729	16.21275678	11388.84764527
1233	2019-08-11 16:00:00	11441.11881049	11375.87583421	11385.39702058	11375.87583421	151762.92470821	13.29637054	11413.86096692
1234	2019-08-11 18:00:00	11419.75439988	11372.4208016	11375.8758342	11378.24000044	193685.32464765	16.99026974	11399.77926257
1235	2019-08-11 20:00:00	11560.0	11302.24912206	11389.99999674	11530.1199999	725275.2217756	63.2748986	11462.2897519
1236	2019-08-11 22:00:00	11603.20956648	11492.07706391	11509.9490659	11539.26500184	470881.50585482	40.80628662	11539.43533847
1237	2019-08-12 00:00:00	11568.03446366	11461.64495858	11541.89093999	11493.22592856	255582.88387482	22.1893991	11518.2426853
1238	2019-08-12 02:00:00	11496.90990641	11409.99388004	11496.90990641	11449.2725	115811.21295139	10.11426987	11450.27910466
1239	2019-08-12 04:00:00	11471.56431106	11383.55151671	11447.36987412	11383.55151671	115121.66185144	10.0825053	11417.96194755
1240	2019-08-12 06:00:00	11430.401761	11348.72172241	11387.29230926	11415.4608112	272365.16062418	23.94297622	11375.57662512
1241	2019-08-12 08:00:00	11402.70843464	11314.69196	11402.70843464	11365.0	146684.06382865	12.90985087	11362.18112089
1242	2019-08-12 10:00:00	11396.2999998	11315.0	11365.0	11336.82679915	164542.40806284	14.48796041	11357.18233667
1243	2019-08-12 12:00:00	11426.27100912	11250.0	11335.02679895	11384.0	308622.80675706	27.23706003	11330.98823504
1244	2019-08-12 14:00:00	11406.56961126	11355.45600001	11371.89277507	11401.56442139	86777.6112838	7.61721137	11392.30711459
1245	2019-08-12 16:00:00	11435.3411486	11385.11200002	11401.56442139	11413.27391723	176224.03714561	15.44165174	11412.25304862
1246	2019-08-12 18:00:00	11445.82111157	11394.73107199	11412.3526394	11430.74954504	82470.30347896	7.22464531	11415.13526827
1247	2019-08-12 20:00:00	11480.0	11396.80000002	11443.90000001	11396.80000002	337011.55858035	29.4250284	11453.2279799
1248	2019-08-12 22:00:00	11435.80730357	11384.3784841	11401.48999996	11387.0733912	60229.40548145	5.2832332	11400.10353535
1249	2019-08-13 00:00:00	11451.521168	11365.43046568	11391.387599	11418.86849974	125042.01753225	10.9675649	11401.07386392
1250	2019-08-13 02:00:00	11424.93295767	11370.33033902	11410.94896491	11392.85714285	48224.32603721	4.23501079	11387.06096123
1251	2019-08-13 04:00:00	11392.85714285	11339.34711699	11392.85714285	11391.62431	134209.37147611	11.80825701	11365.72242308
1252	2019-08-13 06:00:00	11391.62431001	11310.0	11391.62431001	11359.49982013	266928.49304244	23.52874698	11344.78148238
1253	2019-08-13 08:00:00	11358.84720188	11270.0	11358.84720188	11313.8	359754.94087261	31.79379385	11315.25676268
1254	2019-08-13 10:00:00	11313.0069	11222.0	11312.90689	11285.7654303	571371.76072835	50.71143926	11267.11781534
1255	2019-08-13 12:00:00	11299.80186288	11165.0	11285.76543029	11167.02882054	552413.32008487	49.19273256	11229.57175454
1256	2019-08-13 14:00:00	11165.00000001	10933.99226285	11165.0	10963.07999994	1321366.8676574	119.95986425	11015.07471618
1257	2019-08-13 16:00:00	10994.29999997	10790.00000001	10964.0	10900.00704031	726076.74615635	66.70027702	10885.66312758
1258	2019-08-13 18:00:00	10961.36883	10881.11000005	10902.51704059	10926.10480098	397127.35376068	36.31609961	10935.29751337
1259	2019-08-13 20:00:00	10981.96130999	10866.98939	10943.99999999	10913.28361283	205043.48654341	18.78817605	10913.43225642
1260	2019-08-13 22:00:00	10950.0	10865.1	10913.5636137	10885.79242875	176288.95080481	16.15478581	10912.49075525
1261	2019-08-14 00:00:00	10896.03140608	10574.42114803	10896.03140608	10613.05724546	835676.71705745	78.12829851	10696.2103744
1262	2019-08-14 02:00:00	10698.55791096	10539.93749012	10604.35813029	10658.04865138	566990.51763796	53.24643031	10648.4230837
1263	2019-08-14 04:00:00	10662.9538473	10555.0	10656.69958159	10629.00370484	276998.71433868	26.10410455	10611.30880042
1264	2019-08-14 06:00:00	10677.69603	10600.0	10630.58	10613.2300003	223747.96950491	21.03306491	10637.9156087
1265	2019-08-14 08:00:00	10625.62483926	10401.06304	10617.14	10517.80000002	707054.56296984	67.33386777	10500.72699499
1266	2019-08-14 10:00:00	10599.0	10486.02682411	10528.47616423	10568.0	443407.28457412	42.04966579	10544.84681967
1267	2019-08-14 12:00:00	10678.6317728	10558.73750885	10559.2375089	10597.46821118	465511.02303588	43.77481452	10634.220342
1268	2019-08-14 14:00:00	10595.67432847	10470.0	10595.67432847	10514.68085236	541939.18249464	51.56774255	10509.26714445
1269	2019-08-14 16:00:00	10617.66159332	10100.87523446	10514.68085236	10237.32076227	2137017.4366495	207.54251658	10296.76941315
1270	2019-08-14 18:00:00	10267.47942547	10126.45335138	10237.32076227	10147.99999999	506533.09656838	49.63718868	10204.70961467
1271	2019-08-14 20:00:00	10275.40790997	10130.00226807	10143.89835236	10214.2	274828.53924428	26.94584546	10199.29174804
1272	2019-08-14 22:00:00	10264.99263255	9953.0	10217.29999984	10052.17796145	1718167.6955453	170.46084457	10079.54465953
1273	2019-08-15 00:00:00	10227.10586227	10044.64447809	10054.59980013	10085.87456512	934655.43230322	92.23190417	10133.75404871
1274	2019-08-15 02:00:00	10096.723513	9830.315	10096.723513	9850.54329303	453042.87651717	45.3747379	9984.47368479
1275	2019-08-15 04:00:00	9895.1548367	9665.37194962	9849.70477002	9737.57483129	1414002.6683623	144.60075281	9778.66740583
1276	2019-08-15 06:00:00	9912.4894776	9523.4400982	9725.99008379	9865.98597614	1909908.2133846	197.02886311	9693.54531735
1277	2019-08-15 08:00:00	10029.07453886	9814.61331721	9865.98597615	9979.4864197	1493275.9520551	150.26439368	9937.65665627
1278	2019-08-15 10:00:00	10204.0398073	9962.14785985	9979.4864197	10158.62739455	1344860.5299105	132.98789175	10112.65395829
1279	2019-08-15 12:00:00	10171.47202213	9921.64495858	10171.47202213	10013.30199431	1206006.857561	120.28748186	10026.03794603
1280	2019-08-15 14:00:00	10110.41000002	9972.2231735	10013.30199432	10091.40000007	489846.762005	48.80535978	10036.74113279
1281	2019-08-15 16:00:00	10168.59999994	9981.65295085	10100.0	10016.32372851	607661.87484954	60.34976492	10069.00152229
1282	2019-08-15 18:00:00	10135.61778523	10019.92892017	10019.92892017	10112.0	246638.47873945	24.45313936	10086.16828736
1283	2019-08-15 20:00:00	10411.7344357	10097.49766243	10115.72407585	10338.6604382	1481447.0605319	143.42696968	10328.92951609
1284	2019-08-15 22:00:00	10445.99999999	10257.83170231	10337.97266205	10311.39375692	890918.48619166	85.96145272	10364.16274971
1285	2019-08-16 00:00:00	10392.1030944	10251.76452877	10305.65100999	10350.00000001	684500.66936555	66.19041295	10341.38689968
1286	2019-08-16 02:00:00	10412.698922	10280.12891279	10362.15411947	10323.96111011	224795.02955832	21.76723646	10327.21953342
1287	2019-08-16 04:00:00	10325.89523383	9750.0	10325.89523383	9910.77882784	2229974.0036018	220.98265414	10091.17214326
1288	2019-08-16 06:00:00	10026.69451544	9854.047955	9907.32260869	9943.73876998	465494.18790583	46.90433248	9924.33242929
1289	2019-08-16 08:00:00	10141.26729609	9883.55074	9932.31736936	10086.57130774	393495.24679929	39.23224252	10029.89432986
1290	2019-08-16 10:00:00	10215.06758663	9813.80371309	10074.81232916	10149.99999995	966565.71465579	96.66312803	9999.32170988
1291	2019-08-16 12:00:00	10199.92139479	10063.98897446	10142.83187368	10119.93407581	406398.27727745	40.04864372	10147.61648656
1292	2019-08-16 14:00:00	10448.0	10013.57228263	10103.18172542	10375.0	1246800.112819	121.52759269	10259.39941062
1293	2019-08-16 16:00:00	10520.0	10312.01619986	10375.0	10374.91419697	1060012.3835597	101.84806058	10407.78172429
1294	2019-08-16 18:00:00	10481.1450704	10380.0	10380.0	10436.14507056	1377190.4744623	132.24683497	10413.78778384
1295	2019-08-16 20:00:00	10499.85320999	10359.0	10459.6440122	10408.1568597	383752.18675983	36.80047855	10427.91294788
1296	2019-08-16 22:00:00	10460.0	10267.45935659	10416.23125517	10349.64220512	485595.88539915	47.06824921	10316.84614468
1297	2019-08-17 00:00:00	10381.51930891	10206.3532838	10346.04220416	10381.51930891	248775.09948788	24.23160091	10266.55648596
1298	2019-08-17 02:00:00	10427.04068	10296.78649638	10366.35844489	10296.78649638	246480.33483005	23.82723555	10344.4788764
1299	2019-08-17 04:00:00	10380.6878054	10267.09783998	10296.25593922	10377.94999993	100011.73217563	9.68129073	10330.41305801
1300	2019-08-17 06:00:00	10386.4079022	10320.61039138	10377.87999959	10368.73999944	182812.64963453	17.65704099	10353.52694361
1301	2019-08-17 08:00:00	10459.70000002	10317.63642169	10362.65839945	10438.1450704	377681.869411	36.34894071	10390.4505065
1302	2019-08-17 10:00:00	10438.2450704	10317.11934624	10438.1450704	10332.29817617	239139.43740244	23.00628732	10394.52537804
1303	2019-08-17 12:00:00	10365.0	10284.40999984	10328.67605253	10346.31788211	195050.02359041	18.89967926	10320.28220728
1304	2019-08-17 14:00:00	10348.70000001	10252.41192816	10348.70000001	10311.70611478	105245.91189035	10.20723831	10310.90964019
1305	2019-08-17 16:00:00	10345.62109138	10050.0	10311.86196751	10073.88880003	786115.36163606	77.1359581	10191.29574584
1306	2019-08-17 18:00:00	10226.53	10001.00000001	10069.44448002	10173.0	351036.88216307	34.64088977	10133.59889118
1307	2019-08-17 20:00:00	10177.33419441	10060.7348176	10158.24192273	10147.76610083	280776.36264045	27.76216324	10113.63416507
1308	2019-08-17 22:00:00	10244.64910708	10131.39977289	10135.48864678	10214.13066121	104857.78296205	10.2854576	10194.76109279
1309	2019-08-18 00:00:00	10258.34206579	10164.43749281	10214.02298649	10191.16863011	32954.12809421	3.22489901	10218.65428716
1310	2019-08-18 02:00:00	10205.49997066	10109.0303273	10186.0	10113.86607691	49430.31055675	4.87734506	10134.67571981
1311	2019-08-18 04:00:00	10142.9875661	10082.94992633	10122.86791963	10136.77690074	33717.35852086	3.33703437	10103.98898614
1312	2019-08-18 06:00:00	10196.39251287	10124.0	10139.79496161	10139.10660077	145067.97852643	14.27923379	10159.36713831
1313	2019-08-18 08:00:00	10227.0161205	10097.497662	10146.9799999	10190.99257698	284860.57945369	28.06082692	10151.53902149
1314	2019-08-18 10:00:00	10429.97602162	10170.53455902	10192.80250885	10390.95	636724.66370957	61.53918454	10346.65422476
1315	2019-08-18 12:00:00	10435.53650507	10368.09555561	10387.03374003	10378.2752897	29163.15255165	2.80403169	10400.43614901
1316	2019-08-18 14:00:00	10449.0	10373.0	10380.01575139	10387.56845547	268684.22384397	25.81224956	10409.17503991
1317	2019-08-18 16:00:00	10457.67618276	10340.41817998	10391.31343984	10370.02078356	1364232.1198189	130.8867776	10422.99416972
1318	2019-08-18 18:00:00	10409.58385996	10351.34559898	10371.45823099	10366.26601916	190019.8306593	18.31035105	10377.72733796
1319	2019-08-18 20:00:00	10396.67863393	10315.5535625	10353.76112352	10396.67863393	179813.63853669	17.36707386	10353.70955327
1320	2019-08-18 22:00:00	10429.0	10286.05600001	10397.05197449	10314.99999992	338282.00592723	32.67987216	10351.3870639
1321	2019-08-19 00:00:00	10357.55479619	10260.95659381	10302.23008702	10338.67560361	190028.90725918	18.43229504	10309.5630168
1322	2019-08-19 02:00:00	10423.82009439	10338.6756036	10338.6756036	10411.24999928	123703.57764047	11.90189656	10393.60214709
1323	2019-08-19 04:00:00	10417.13944637	10346.07890537	10409.0	10362.60296278	132171.27645244	12.74132141	10373.43554874
1324	2019-08-19 06:00:00	10730.86729433	10357.71775382	10357.71775382	10705.59999999	1474196.3295858	139.06594235	10600.69996056
1325	2019-08-19 08:00:00	10736.68729	10650.0	10711.0	10650.24317148	631965.97713833	59.13444244	10686.93558376
1326	2019-08-19 10:00:00	10778.98	10650.26158587	10650.26158587	10665.05254728	509215.66298238	47.4702128	10727.05667294
1327	2019-08-19 12:00:00	10706.9	10622.690196	10667.66935911	10706.87866262	367882.9041676	34.48658878	10667.41934131
1328	2019-08-19 14:00:00	10739.99999999	10672.51314297	10706.87866261	10707.57667912	395934.42223347	36.97788123	10707.33122243
1329	2019-08-19 16:00:00	10740.0	10626.25195116	10706.40952764	10712.2808688	479570.25743953	44.94959756	10669.06676526
1330	2019-08-19 18:00:00	10796.24325	10660.96717281	10704.95132793	10676.4	848361.42460517	78.95214976	10745.26060638
1331	2019-08-19 20:00:00	10714.29397626	10630.0	10684.7527698	10712.70176557	168329.11100763	15.77164289	10672.8964244
1332	2019-08-19 22:00:00	10929.8	10700.37667001	10710.17219951	10915.76304202	1030271.8651704	95.31479537	10809.14942083
1333	2019-08-20 00:00:00	10942.17	10852.71272998	10914.69999999	10887.82504985	1182019.8897338	108.476482	10896.55442304
1334	2019-08-20 02:00:00	10889.62505171	10781.85529097	10887.72504893	10785.5	344064.38354178	31.77577522	10827.88322738
1335	2019-08-20 04:00:00	10820.42857142	10773.78994649	10782.89440006	10778.0	105636.99845702	9.78262649	10798.42908906
1336	2019-08-20 06:00:00	10818.54482367	10730.21474665	10773.51558088	10809.49999994	235077.11699577	21.80843335	10779.18405339
1337	2019-08-20 08:00:00	10811.0	10519.8244101	10810.30000003	10702.31739395	1978028.9488788	185.56418236	10659.54067063
1338	2019-08-20 10:00:00	10702.30739383	10621.53293	10700.01099999	10693.23671649	293332.57214765	27.52600688	10656.56102704
1339	2019-08-20 12:00:00	10702.31739396	10641.21540754	10697.56335308	10665.19999997	238027.1516604	22.31341822	10667.44455347
1340	2019-08-20 14:00:00	10737.67433622	10573.81439996	10651.0	10737.67433622	526627.41689512	49.50951345	10636.89340084
1341	2019-08-20 16:00:00	10794.99999999	10714.82001003	10737.06475395	10749.8	204830.50671731	19.04279583	10756.32530779
1342	2019-08-20 18:00:00	10753.8898999	10712.18045843	10749.8	10738.62596555	77408.30140735	7.20571893	10742.62015481
1343	2019-08-20 20:00:00	10820.0	10655.98717723	10729.90123807	10795.51843798	421105.26824091	39.23579253	10732.68159216
1344	2019-08-20 22:00:00	10835.22577752	10734.4999999	10795.51843798	10747.1349111	323050.42654053	29.9324353	10792.65429968
1345	2019-08-21 00:00:00	10799.53171858	10650.0	10763.86594711	10686.25999998	196612.9093557	18.37772712	10698.43447298
1346	2019-08-21 02:00:00	10701.25979985	10236.86319239	10677.63475457	10317.78609884	2124205.1274743	203.63472244	10431.44853697
1347	2019-08-21 04:00:00	10328.60536462	10175.42152152	10323.19616996	10247.74648522	1306393.9870555	127.6610232	10233.30343364
1348	2019-08-21 06:00:00	10286.91954236	10126.0	10245.49999997	10142.61	1127660.2281505	111.0578392	10153.81026925
1349	2019-08-21 08:00:00	10256.40882183	10139.50384199	10139.50384199	10228.36099401	274040.18609585	26.90581005	10185.16764916
1350	2019-08-21 10:00:00	10228.36099401	10100.0	10228.36099401	10183.99999992	600130.31563415	59.1131936	10152.22286407
1351	2019-08-21 12:00:00	10183.99999997	9932.02044565	10183.99999997	9969.02668685	3206354.5031442	320.68703414	9998.39145895
1352	2019-08-21 14:00:00	10112.64958873	9961.07524326	9961.07524326	9990.0	1712363.0408799	170.0231281	10071.35358592
1353	2019-08-21 16:00:00	10175.0	9886.05320926	9990.0	10113.90347702	966536.83001553	96.37208638	10029.21972867
1354	2019-08-21 18:00:00	10132.40265012	10066.2652136	10110.31046173	10107.41479512	211060.7093068	20.905121	10096.12473933
1355	2019-08-21 20:00:00	10189.3526621	10059.71709492	10117.65213464	10059.71709492	344339.89575157	33.92513269	10149.99407365
1356	2019-08-21 22:00:00	10135.80999999	9988.34673	10058.71521934	10134.36772855	335791.99726197	33.40906308	10050.92529706
1357	2019-08-22 00:00:00	10160.99999995	9781.23688	10134.52	9822.3588607	605746.57356595	61.13355262	9908.57798386
1358	2019-08-22 02:00:00	9950.72862999	9775.0	9808.53148004	9877.79654298	998497.80777205	101.29009732	9857.80282763
1359	2019-08-22 04:00:00	10029.59444473	9873.01735539	9873.22409281	9979.40388827	358820.97971276	36.01887338	9962.02673879
1360	2019-08-22 06:00:00	10043.30168	9896.27422061	9977.13273012	9977.66528135	499345.51144668	50.06925825	9973.09584562
1361	2019-08-22 08:00:00	9992.4728705	9909.18999967	9966.18999968	9989.7468666	247590.52158182	24.83621292	9968.9321548
1362	2019-08-22 10:00:00	10062.0	9891.26302723	9989.74686662	9969.6194707	429220.21295094	42.99922027	9982.04642446
1363	2019-08-22 12:00:00	10150.00001	9955.0	9972.18075799	10122.00000002	841114.19211512	83.32993593	10093.78181715
1364	2019-08-22 14:00:00	10174.83368717	10061.90224705	10126.85305	10102.12421484	308327.46418834	30.45408072	10124.33988808
1365	2019-08-22 16:00:00	10174.66924738	10067.26188274	10110.94999992	10155.71106399	214573.60343773	21.20994175	10116.65217976
1366	2019-08-22 18:00:00	10229.23754879	10154.39176999	10154.39176999	10170.88567867	1104339.2474135	108.32490086	10194.69428216
1367	2019-08-22 20:00:00	10203.66	10100.09296217	10168.10000001	10127.03122067	123732.31794444	12.19459971	10146.48458226
1368	2019-08-22 22:00:00	10191.0496613	10098.47782225	10137.92359185	10103.61402433	277573.03132971	27.33962976	10152.77213943
1369	2019-08-23 00:00:00	10124.04247068	10029.59444478	10101.00000001	10070.63	662748.95554084	65.75005955	10079.8228941
1370	2019-08-23 02:00:00	10150.0	10057.7285301	10067.98870004	10142.86691229	63911.61195043	6.33560335	10087.69148252
1371	2019-08-23 04:00:00	10181.18461607	10117.22862337	10143.0	10133.35856264	104239.1082098	10.28024079	10139.753566
1372	2019-08-23 06:00:00	10219.35160678	10097.95918367	10132.0	10200.0	95482.83085848	9.37354718	10186.41385432
1373	2019-08-23 08:00:00	10203.21795775	10110.0	10203.21795775	10114.944	262391.04605799	25.81736444	10163.35523588
1374	2019-08-23 10:00:00	10140.83359978	10067.87234691	10114.35532	10116.13291026	315498.50414427	31.2090098	10109.21224883
1375	2019-08-23 12:00:00	10400.0	10099.38615572	10108.54662824	10339.55076172	789664.3359467	76.72691665	10291.88152508
1376	2019-08-23 14:00:00	10420.50844618	10340.7	10340.7	10386.75208	1490948.1755828	143.64371701	10379.48757256
1377	2019-08-23 16:00:00	10405.20151499	10360.95400008	10386.75207001	10394.29999987	178697.11577571	17.21170579	10382.3013219
1378	2019-08-23 18:00:00	10441.70679653	10365.0	10389.01558581	10390.0451	143787.44082469	13.837748359999999	10390.95646805
1379	2019-08-23 20:00:00	10421.53558199	10260.55556428	10399.79999995	10388.03312056	565467.13536602	54.67242711	10342.82114873
1380	2019-08-23 22:00:00	10435.16602455	10348.07209007	10388.0331206	10383.75091678	441009.15329712	42.5408568	10366.72005386
1381	2019-08-24 00:00:00	10400.0	10359.2971869	10389.9	10369.00000001	142714.62610368	13.74526951	10382.81759407
1382	2019-08-24 02:00:00	10369.00000022	10280.82891289	10369.0	10320.59999996	78600.51483824	7.61751678	10318.39077067
1383	2019-08-24 04:00:00	10358.09588433	10314.00000009	10341.28767687	10322.16577546	42946.15484028	4.15504901	10335.89609579
1384	2019-08-24 06:00:00	10331.75542329	10245.0	10320.00000051	10295.49999988	266122.85799972	25.86401504	10289.30959049
1385	2019-08-24 08:00:00	10295.0	9895.15483671	10295.0	9989.99264	2892484.4571452	288.58816108	10022.87982403
1386	2019-08-24 10:00:00	10044.0	9964.96562639	9985.07468059	10004.50000007	333716.34197188	33.38051147	9997.34058214
1387	2019-08-24 12:00:00	10022.15402	9945.2412	10004.07299434	9997.51044849	197004.622888	19.71742503	9991.39708092
1388	2019-08-24 14:00:00	10003.80000028	9948.24898	9996.48357267	9993.77191363	1171130.6299278	117.50601312	9966.55914733
1389	2019-08-24 16:00:00	10080.95830584	9952.20622259	9993.77191363	10043.43904538	166242.20561176	16.5333668	10054.95176044
1390	2019-08-24 18:00:00	10130.00000001	10040.73802255	10040.73802255	10100.0	102549.06400071	10.16477308	10088.67224025
1391	2019-08-24 20:00:00	10151.0	10043.70864903	10108.10101037	10055.0	103906.42003035	10.29902164	10088.96025878
1392	2019-08-24 22:00:00	10196.29251289	9969.55994323	10049.74201574	10120.02	397562.62301964	39.32461601	10109.76490955
1393	2019-08-25 00:00:00	10150.89704307	10032.0	10137.71826091	10069.22431003	309081.99832074	30.50391556	10132.53520561
1394	2019-08-25 02:00:00	10150.89704307	10061.92713418	10080.0	10105.25	109564.40517635	10.84124292	10106.25866285
1395	2019-08-25 04:00:00	10122.63217498	10015.0	10106.9731176	10055.1779684	65247.40441976	6.48336769	10063.81367516
1396	2019-08-25 06:00:00	10122.34	10027.25919222	10060.70876503	10088.04544881	41102.96383168	4.07311218	10091.29187099
1397	2019-08-25 08:00:00	10130.0	10052.9957856	10100.55804674	10125.01063242	91901.36729182	9.1187919	10078.2393435
1398	2019-08-25 10:00:00	10150.89704307	10089.93021474	10129.69945701	10106.77616812	149591.32951052	14.76941387	10128.45403529
1399	2019-08-25 12:00:00	10280.20202161	10090.33021478	10096.56836779	10224.10502686	2076071.0772828	203.39434578	10207.12286431
1400	2019-08-25 14:00:00	10224.10501003	9955.43841006	10224.10501003	10068.30999981	1012347.8953826	100.62203835	10060.89632035
1401	2019-08-25 16:00:00	10122.29999998	10035.85509774	10067.18548644	10081.48300839	292559.16725635	29.01526477	10082.93977585
1402	2019-08-25 18:00:00	10138.12969685	9970.20408163	10077.58300785	10075.38505726	1452999.4652168	144.69664799	10041.69402263
1403	2019-08-25 20:00:00	10086.55317367	9915.69389319	10076.30695996	10012.10112524	1192612.1996095	119.31600646	9995.40828588
1404	2019-08-25 22:00:00	10157.0	9980.0	9995.14216871	10136.97951002	206246.63335016	20.48253929	10069.38790303
1405	2019-08-26 00:00:00	10600.0	10136.97951002	10136.97951002	10416.6440122	5219068.3472174	502.40396661	10388.19096599
1406	2019-08-26 02:00:00	10452.85468567	10217.92206781	10416.6440122	10283.86999998	904203.62165648	87.2763537	10360.2360012
1407	2019-08-26 04:00:00	10350.43305957	10266.79477947	10288.53953457	10342.67605253	299373.2714011	29.04040807	10308.85208911
1408	2019-08-26 06:00:00	10391.08477255	10319.03364985	10342.67605252	10330.61679895	170130.33023743	16.43428175	10352.16097822
1409	2019-08-26 08:00:00	10381.19549514	10294.04369078	10333.58908846	10354.30454467	223334.92288154	21.63440553	10323.13656928
1410	2019-08-26 10:00:00	10414.95152619	10332.0	10370.80758	10383.18402884	149414.0214523	14.405197	10372.23034522
1411	2019-08-26 12:00:00	10400.82040811	10299.08514213	10380.84652284	10365.96453127	208525.63352012	20.13683663	10355.43155817
1412	2019-08-26 14:00:00	10375.49654179	10313.1973153	10368.72821426	10345.28122945	178671.29111513	17.27768663	10341.15821992
1413	2019-08-26 16:00:00	10388.17424199	10250.0	10342.2	10327.12999997	844354.65766207	81.82657569	10318.83163314
1414	2019-08-26 18:00:00	10342.35999998	10300.4605376	10326.39999966	10341.19999976	240762.53583947	23.33796043	10316.34861845
1415	2019-08-26 20:00:00	10337.64192987	10201.0	10337.64192987	10293.03650555	243745.66404752	23.77778618	10250.98224882
1416	2019-08-26 22:00:00	10412.72614673	10296.25593922	10296.25593922	10373.47386427	248203.09796424	23.97716632	10351.64433743
1417	2019-08-27 00:00:00	10390.88999994	10304.64955728	10374.17641559	10320.8	223292.79014916	21.58530542	10344.66669821
1418	2019-08-27 02:00:00	10318.41574204	10107.77665285	10308.22894686	10193.60006176	438201.88495617	42.86920524	10221.83365665
1419	2019-08-27 04:00:00	10250.04416917	10161.1	10194.10006195	10237.72600623	184062.83003318	18.01390242	10217.82097747
1420	2019-08-27 06:00:00	10243.11514252	10136.91405872	10243.11514252	10181.87707328	92801.95487781	9.11596616	10180.15570143
1421	2019-08-27 08:00:00	10210.15462881	10133.58095275	10179.27443784	10150.5959499	74683.05076937	7.33864771	10176.67746437
1422	2019-08-27 10:00:00	10179.3568498	10102.93999881	10154.10000019	10130.68154747	381547.39682011	37.68606486	10124.36289746
1423	2019-08-27 12:00:00	10200.0	10059.71709492	10127.88154747	10184.85185943	381343.88548573	37.74483159	10103.20802667
1424	2019-08-27 14:00:00	10200.19164575	10125.0	10180.6060976	10190.5076984	181957.63567569	17.88480663	10173.86653599
1425	2019-08-27 16:00:00	10234.24062636	10169.0	10189.20443263	10183.47563379	228098.94308931	22.37936066	10192.3797804
1426	2019-08-27 18:00:00	10210.99479198	10140.0	10194.89999935	10165.97274662	117952.6657247	11.59692496	10171.02948682
1427	2019-08-27 20:00:00	10182.81562682	10129.77982896	10161.20484049	10146.48228712	83755.73439189	8.25129255	10150.61990401
1428	2019-08-27 22:00:00	10199.99999999	10120.48575978	10147.12110894	10182.12413899	133188.42734055	13.09254588	10172.84404128
1429	2019-08-28 00:00:00	10182.12413899	10108.88331501	10182.12413899	10109.29950386	109660.81669063	10.81499583	10139.70032114
1430	2019-08-28 02:00:00	10134.10028523	10080.0	10108.57174975	10087.75552503	171365.60010043	16.96174299	10103.06548103
1431	2019-08-28 04:00:00	10158.24192273	10065.0	10088.00840955	10127.74212	204919.07013121	20.27934591	10104.81654786
1432	2019-08-28 06:00:00	10210.79450515	10124.029167	10135.0744632	10158.29954985	232717.84043226	22.87030227	10175.54720899
1433	2019-08-28 08:00:00	10162.07221785	10110.0	10158.59999999	10151.63054488	67840.87782107	6.68899452	10142.16376141
1434	2019-08-28 10:00:00	10164.90999999	10109.55727961	10145.59115596	10147.50318823	154790.87750068	15.28573436	10126.49270588
1435	2019-08-28 12:00:00	10290.0	10146.93026564	10147.50318823	10173.78852877	433408.9066925	42.48350043	10201.81723035
1436	2019-08-28 14:00:00	10256.0	10162.25938919	10175.96826513	10245.0	274928.8659876	26.87581424	10229.60136323
1437	2019-08-28 16:00:00	10265.42500103	10099.0	10248.23381196	10199.0	998605.47366257	98.08562801	10180.95610868
1438	2019-08-28 18:00:00	10191.13856299	9627.19994825	10191.13856299	9686.98	8355797.9777253	844.79712119	9890.89305365
1439	2019-08-28 20:00:00	9744.93999996	9651.83419811	9691.48288997	9718.54199976	741795.35471122	76.5216108	9693.93282441
1440	2019-08-28 22:00:00	9752.79292009	9693.57108304	9734.10593759	9740.09698812	255811.18625602	26.27971299	9734.16971309
1441	2019-08-29 00:00:00	9740.0	9640.00000001	9740.0	9689.08379668	325360.37655669	33.60108502	9683.03185337
1442	2019-08-29 02:00:00	9703.98230773	9540.0	9692.28289391	9599.67837391	467490.7253213	48.66523806	9606.25579895
1443	2019-08-29 04:00:00	9640.58205381	9572.54323623	9598.75000001	9602.25713799	235337.80243757	24.5124013	9600.7649172
1444	2019-08-29 06:00:00	9595.90988932	9336.28458356	9595.26610723	9387.41323044	1122378.025953	118.62638929	9461.45316122
1445	2019-08-29 08:00:00	9488.0	9390.60000009	9390.60000009	9485.62050837	501714.99512524	53.15575452	9438.58289014
1446	2019-08-29 10:00:00	9495.43054782	9453.99999995	9480.48015677	9468.27297671	167047.42278643	17.64339633	9467.9856226
1447	2019-08-29 12:00:00	9494.95870227	9390.18999986	9468.05579815	9457.04317699	380488.42785974	40.25979822	9450.82798926
1448	2019-08-29 14:00:00	9585.0	9389.33172785	9460.08320006	9500.94652916	1578656.779047	165.73469631	9525.20392045
1449	2019-08-29 16:00:00	9545.39386329	9470.7800004	9507.75587583	9540.0	279795.89170344	29.40160568	9516.34732975
1450	2019-08-29 18:00:00	9551.71169001	9444.99999997	9526.4771085	9502.73000013	360254.81517002	37.97467186	9486.71305174
1451	2019-08-29 20:00:00	9542.07097302	9487.50000003	9512.5311744	9512.52	141667.30467798	14.89063543	9513.8522022
1452	2019-08-29 22:00:00	9515.102752	9459.90266099	9509.86810741	9485.98999998	50544.06145928	5.32745744	9487.46414749
1453	2019-08-30 00:00:00	9532.32730365	9350.0	9498.1731896	9442.90000015	233477.48181154	24.77612541	9423.48643897
1454	2019-08-30 02:00:00	9485.98999999	9425.16699715	9449.29056766	9468.92220883	195188.99125536	20.63186622	9460.55917453
1455	2019-08-30 04:00:00	9518.59067304	9456.09942621	9467.32692967	9514.50039658	201405.94119798	21.2222622	9490.31443019
1456	2019-08-30 06:00:00	9545.66110364	9478.23578445	9518.82338687	9484.65237962	108848.5125291	11.45530947	9502.01413712
1457	2019-08-30 08:00:00	9580.89000049	9477.26736002	9477.26736002	9570.1061	302125.23336978	31.67436158	9538.47901896
1458	2019-08-30 10:00:00	9626.0	9549.84209	9570.90610019	9575.8933963	307139.77958283	32.07619722	9575.3177185
1459	2019-08-30 12:00:00	9610.01890475	9557.28899564	9576.66233959	9610.01890475	115840.13584848	12.0922475	9579.70268541
1460	2019-08-30 14:00:00	9607.78517027	9560.0	9599.9999999	9590.8000001	89725.18297364	9.36425444	9581.668626
1461	2019-08-30 16:00:00	9596.959028	9522.76606008	9593.15440003	9535.8467176	171690.1470064	17.97748581	9550.28688777
1462	2019-08-30 18:00:00	9576.39314389	9459.11662969	9530.0	9561.67990696	131289.27267593	13.79907434	9514.3536038
1463	2019-08-30 20:00:00	9682.99105978	9571.0	9572.26156862	9602.36397088	241129.38503856	25.05706822	9623.20822697
1464	2019-08-30 22:00:00	9623.78834	9560.97759181	9591.36160668	9579.88337486	173068.79960438	18.03751353	9594.93664781
1465	2019-08-31 00:00:00	9643.75139928	9568.93223825	9586.09999999	9628.46584367	105134.60922361	10.925756	9622.63931426
1466	2019-08-31 02:00:00	9649.48286022	9615.34393434	9627.30578144	9616.03658197	30487.78291826	3.16766426	9624.68886089
1467	2019-08-31 04:00:00	9617.0	9589.2	9615.34393434	9611.81816275	27401.9604199	2.85100584	9611.33086276
1468	2019-08-31 06:00:00	9615.79999991	9587.00000001	9609.76916898	9587.27252403	18404.09945074	1.91845439	9593.19103267
1469	2019-08-31 08:00:00	9589.75595075	9533.3896976	9589.75595075	9568.44226882	212837.18644104	22.23446609	9572.39924626
1470	2019-08-31 10:00:00	9580.0	9543.58122253	9566.95457715	9555.81324179	73569.1833188	7.69694179	9558.23563774
1471	2019-08-31 12:00:00	9609.8001	9549.61000001	9550.22531323	9590.04651491	78679.09998077	8.21542654	9576.99513198
1472	2019-08-31 14:00:00	9593.558328	9560.41168105	9587.9	9591.91800001	82570.56609704	8.62133517	9577.46850909
1473	2019-08-31 16:00:00	9613.85489049	9571.814428	9594.86890394	9588.75015093	40083.77741212	4.17683653	9596.68330906
1474	2019-08-31 18:00:00	9602.49999935	9560.69999999	9599.90318879	9572.46697342	92622.15585253	9.67111996	9577.19025672
1475	2019-08-31 20:00:00	9650.0	9400.0	9568.9923813	9650.0	512743.93061625	53.91770877	9509.74999333
1476	2019-08-31 22:00:00	9688.8800001	9578.0	9650.0	9591.20000001	128885.40110274	13.40714946	9613.18447946
1477	2019-09-01 00:00:00	9635.44989004	9588.39466403	9588.39466403	9618.55581001	49069.73215606	5.10229847	9617.18183375
1478	2019-09-01 02:00:00	9618.61780514	9602.73229005	9614.66596475	9618.61780514	14095.57923627	1.46585507	9615.94329804
1479	2019-09-01 04:00:00	9627.95019694	9607.36612915	9620.53640082	9607.36612915	43350.32828877	4.51007939	9611.87698489
1480	2019-09-01 06:00:00	9616.82302	9604.45069986	9607.36612911	9605.75779196	46229.35869766	4.80941942	9612.25350931
1481	2019-09-01 08:00:00	9608.50181519	9552.11000001	9608.35779217	9593.10379166	131966.65373825	13.78411647	9573.82027534
1482	2019-09-01 10:00:00	9594.3595182	9566.24113021	9593.10379166	9571.21586446	87597.1082139	9.14030674	9583.60706108
1483	2019-09-01 12:00:00	9586.43698378	9555.09886775	9571.80063963	9566.87913624	23304.01535067	2.43577857	9567.37842991
1484	2019-09-01 14:00:00	9646.10569655	9559.88578987	9562.13104543	9607.36942873	156180.73297146	16.28022312	9593.27963875
1485	2019-09-01 16:00:00	9617.42036	9542.08835999	9601.0	9588.7017	208642.01490834	21.76990048	9583.96732681
1486	2019-09-01 18:00:00	9631.3576682	9575.04559166	9587.40859984	9616.68789152	221015.61507602	23.00148766	9608.75306601
1487	2019-09-01 20:00:00	9631.35766817	9604.55154696	9624.50309228	9618.51727296	61004.2024508	6.33872911	9624.04314684
1488	2019-09-01 22:00:00	9800.0	9623.1	9623.1	9724.72622572	600699.16644401	61.71641843	9733.21494871
1489	2019-09-02 00:00:00	9760.0	9731.47325296	9738.39999845	9738.60567007	173776.23667839	17.82362933	9749.7672029
1490	2019-09-02 02:00:00	9770.47173412	9735.18060001	9740.58086385	9750.96388935	109300.36114887	11.20535636	9754.2958597
1491	2019-09-02 04:00:00	9770.0	9739.96182485	9742.99328799	9752.04056855	180469.97214826	18.48677431	9762.11258503
1492	2019-09-02 06:00:00	9753.94679719	9729.01915875	9750.67278853	9742.46104716	144882.43749405	14.86892467	9743.97548642
1493	2019-09-02 08:00:00	9783.78465315	9733.50353	9743.20146723	9760.09590559	240276.78130369	24.65547232	9745.3732861
1494	2019-09-02 10:00:00	9840.39736061	9768.57083035	9768.57083035	9822.70000001	267871.59847144	27.311912069999998	9807.86690382
1495	2019-09-02 12:00:00	9926.68217	9789.99999999	9822.97056117	9890.61648647	429527.59024337	43.64941459	9840.39750081
1496	2019-09-02 14:00:00	9948.99999999	9851.06753378	9890.61648645	9876.2322468	649225.05288976	65.55123108	9904.08634885
1497	2019-09-02 16:00:00	10105.71056729	9876.2322468	9876.2322468	10063.86184791	1121183.0566099	112.06607346	10004.66083975
1498	2019-09-02 18:00:00	10173.67864696	10067.29636196	10067.29636196	10165.14240494	373214.13737118	36.88363897	10118.69077437
1499	2019-09-02 20:00:00	10386.0	10120.23407593	10170.62492791	10359.0	6402038.9539234	624.95031306	10244.07672119
1500	2019-09-02 22:00:00	10421.736	10295.12387581	10359.0	10346.19101013	781615.03050157	75.44694369	10359.79712727
1501	2019-09-03 00:00:00	10395.60000008	10282.88066017	10351.97424552	10319.76964972	187481.30708002	18.13564611	10337.72416724
1502	2019-09-03 02:00:00	10474.92462884	10311.0	10320.66435245	10390.0	510712.17886223	49.05675879	10410.63844124
1503	2019-09-03 04:00:00	10410.47618538	10352.47156953	10384.60000026	10399.1693288	437060.79034682	42.12509442	10375.30707917
1504	2019-09-03 06:00:00	10400.20000058	10353.46085492	10398.20000035	10365.40095959	229738.03002661	22.14569939	10373.93427865
1505	2019-09-03 08:00:00	10389.71992827	10288.53953459	10368.17584279	10288.53953459	398791.53940621	38.53834068	10347.91670761
1506	2019-09-03 10:00:00	10460.0	10272.3765655	10288.73953458	10402.20000014	531597.96418262	51.17634789	10387.57133129
1507	2019-09-03 12:00:00	10727.73168876	10402.98776949	10415.45899553	10663.99958342	2955151.6131769	279.05856012	10589.71855909
1508	2019-09-03 14:00:00	10739.0	10499.03391309	10664.02999999	10650.0	1927277.1237942	180.78961971	10660.33064777
1509	2019-09-03 16:00:00	10700.0	10591.599826	10653.54	10591.599826	245769.95001555	23.11092103	10634.36414743
1510	2019-09-03 18:00:00	10669.99999995	10591.50000001	10591.599826	10642.8153621	168880.91573147	15.89569296	10624.31918862
1511	2019-09-03 20:00:00	10700.05479978	10633.97487776	10649.62717761	10669.95951949	146799.64909285	13.75077077	10675.73967658
1512	2019-09-03 22:00:00	10681.30000002	10150.55732752	10669.95951949	10568.00600024	2409605.3473358	230.23980856	10465.6330389
1513	2019-09-04 00:00:00	10624.34512224	10422.48755045	10568.0060016	10501.94204184	1531061.5932963	145.05598195	10554.97038256
1514	2019-09-04 02:00:00	10617.66159335	10491.43416414	10492.62519591	10608.36381084	199711.41823988	18.93169993	10549.04836746
1515	2019-09-04 04:00:00	10625.62483954	10539.0	10603.00000019	10542.00281616	148884.69790759	14.06409216	10586.15772805
1516	2019-09-04 06:00:00	10609.99	10534.17775042	10552.47824106	10561.65692028	164506.53556525	15.55602103	10575.10370087
1517	2019-09-04 08:00:00	10573.7699997	10469.29497834	10573.7699997	10499.69999998	208214.74547263	19.82006796	10505.24881614
1518	2019-09-04 10:00:00	10577.39926798	10470.88273163	10488.84159904	10514.60000001	206819.24466862	19.62968913	10536.04279206
1519	2019-09-04 12:00:00	10532.751416	10376.45321424	10516.20000019	10390.44692331	680527.37542986	65.32902286	10416.92261168
1520	2019-09-04 14:00:00	10459.88228	10388.60000003	10405.06045	10406.90000004	292069.61459391	28.05828525	10409.38931198
1521	2019-09-04 16:00:00	10645.00387895	10406.91264986	10406.91264986	10634.73723375	505284.0391223	47.85178405	10559.35633652
1522	2019-09-04 18:00:00	10690.0	10578.8	10620.0	10681.50769064	343723.98901339	32.3629494	10620.91049752
1523	2019-09-04 20:00:00	10785.93478377	10575.0	10680.99826227	10595.79999799	1129204.5604364	106.12026728	10640.80019188
1524	2019-09-04 22:00:00	10595.79999799	10483.64	10595.79999799	10558.40000161	1176762.9975364	111.3285298	10570.18357873
1525	2019-09-05 00:00:00	10568.00999971	10493.7015748	10568.00999971	10525.90000005	145206.84455112	13.796319369999999	10525.04227083
1526	2019-09-05 02:00:00	10546.09375001	10495.460304	10526.68146439	10544.99999999	45768.11760972	4.35388165	10512.02611576
1527	2019-09-05 04:00:00	10615.32546674	10540.89999999	10545.0	10609.6935717	82240.07188968	7.76978286	10584.60363327
1528	2019-09-05 06:00:00	10620.94668	10522.0	10608.41231973	10555.0	98349.83618742	9.3168279	10556.15035965
1529	2019-09-05 08:00:00	10605.49952537	10514.0	10543.06562733	10557.89335511	114954.95710992	10.8618114	10583.40573929
1530	2019-09-05 10:00:00	10631.12999998	10455.55	10557.89335511	10560.13673645	406004.03937387	38.46073549	10556.32541087
1531	2019-09-05 12:00:00	10586.0	10522.56686301	10560.13673644	10586.0	117361.69023539	11.12318657	10551.08529348
1532	2019-09-05 14:00:00	10589.1137501	10525.62396558	10589.1137501	10545.206396	170856.25966349	16.19713144	10548.55054405
1533	2019-09-05 16:00:00	10590.55152099	10470.17851937	10528.57553198	10494.766228	226340.33838186	21.48771797	10533.47492264
1534	2019-09-05 18:00:00	10601.0	10487.92689856	10491.05826318	10520.01303561	457876.40970665	43.48456495	10529.63069155
1535	2019-09-05 20:00:00	10574.569	10500.0	10538.86834457	10551.2932211	240944.60957801	22.86110882	10539.49795152
1536	2019-09-05 22:00:00	10593.80764463	10537.28933574	10550.70174021	10567.44674386	124710.07449187	11.79490036	10573.21983955
1537	2019-09-06 00:00:00	10593.5594997	10556.06694094	10562.6609414	10578.0	62030.44725741	5.86770949	10571.49256675
1538	2019-09-06 02:00:00	10695.00000001	10578.0	10578.0	10659.1170611	463376.48247366	43.51409155	10648.883292
1539	2019-09-06 04:00:00	10775.46554509	10641.93356093	10641.93356094	10687.66496957	732984.89108005	68.41545106	10713.73322434
1540	2019-09-06 06:00:00	10725.40616998	10665.33071857	10682.82089853	10716.06707586	201321.15138713	18.79577867	10710.97691251
1541	2019-09-06 08:00:00	10770.23650467	10676.52868289	10716.06707586	10713.42785246	115452.74777508	10.78774129	10702.21695825
1542	2019-09-06 10:00:00	10876.35534745	10710.67985679	10717.45201648	10826.17453004	515659.48070231	47.71534105	10806.99559837
1543	2019-09-06 12:00:00	10900.0	10723.81069709	10823.52460919	10799.23567883	1040018.5025607	96.0077803	10832.64813862
1544	2019-09-06 14:00:00	10873.76149999	10795.93669444	10795.93669444	10845.62491883	423204.53359144	39.05064638	10837.32467507
1545	2019-09-06 16:00:00	10855.69779939	10210.0	10839.29025413	10416.96983118	1759152.2625869	167.83957928	10481.15271816
1546	2019-09-06 18:00:00	10435.164	10330.79599814	10414.19999999	10381.74414666	644267.76744141	61.98570825	10393.81150317
1547	2019-09-06 20:00:00	10417.56609667	10200.0	10376.34010421	10410.0	1035864.9565198	100.54104475	10302.90623193
1548	2019-09-06 22:00:00	10409.99999999	10280.82891288	10409.99999999	10301.65941387	625204.63872989	60.43580627	10344.93750173
1549	2019-09-07 00:00:00	10378.58209999	10301.89063622	10314.80132287	10359.09999981	95543.42902044	9.22339171	10358.81723605
1550	2019-09-07 02:00:00	10375.05347491	10319.67900646	10365.21509992	10327.2	96226.81747642	9.30669623	10339.52490747
1551	2019-09-07 04:00:00	10366.60379997	10311.70611479	10328.77553467	10366.60379997	74316.46249131	7.18525804	10342.90794813
1552	2019-09-07 06:00:00	10397.0974275	10327.0	10358.85425695	10364.73850424	124721.83918999	12.03923619	10359.61395072
1553	2019-09-07 08:00:00	10414.9769	10360.61956044	10365.2385043	10379.51795795	110072.3759543	10.58020934	10403.61040288
1554	2019-09-07 10:00:00	10414.59	10330.81626203	10384.89551988	10411.12777488	207868.11175756	20.04801889	10368.51136753
1555	2019-09-07 12:00:00	10426.0	10373.07429962	10412.7673731	10375.19423356	89748.6277077	8.64183849	10385.36276876
1556	2019-09-07 14:00:00	10459.64401219	10372.60000016	10374.41744575	10459.40000011	202151.09023196	19.39343913	10423.68446756
1557	2019-09-07 16:00:00	10545.02922053	10355.00000001	10459.6440122	10480.38014517	685594.50079154	65.33177531	10494.04363402
1558	2019-09-07 18:00:00	10505.82616757	10431.82747178	10478.38086178	10456.7943395	230884.72444038	22.03907477	10476.15323464
1559	2019-09-07 20:00:00	10529.99999987	10454.41612323	10461.17468008	10503.50415969	101659.59824192	9.70512414	10474.83749568
1560	2019-09-07 22:00:00	10504.2999999	10451.90515836	10492.52927541	10464.38604994	30780.91717475	2.9389923	10473.28949271
1561	2019-09-08 00:00:00	10501.11900947	10458.70651567	10458.70651567	10480.4657155	109159.82427292	10.39725854	10498.90448073
1562	2019-09-08 02:00:00	10545.02922053	10460.68800002	10487.2217228	10540.06770017	137421.93431256	13.08801547	10499.82975857
1563	2019-09-08 04:00:00	10574.55673853	10507.077	10541.91496012	10519.0492802	111908.13669609	10.6150699	10542.38339929
1564	2019-09-08 06:00:00	10568.28126999	10515.81848788	10525.40693141	10517.41594925	33003.02628321	3.13049888	10542.41753417
1565	2019-09-08 08:00:00	10520.90691986	10475.0	10517.34997857	10494.99999997	191432.67936553	18.2294817	10501.26835836
1566	2019-09-08 10:00:00	10523.71556901	10224.36623503	10490.34265597	10384.60987997	668898.29221979	64.57866436	10357.88365784
1567	2019-09-08 12:00:00	10412.12846798	10360.62499867	10385.65005967	10360.62499867	513503.42044851	49.38557263	10397.84279298
1568	2019-09-08 14:00:00	10411.26200925	10360.00000001	10360.00000001	10383.6	209822.14417076	20.21445059	10379.80939608
1569	2019-09-08 16:00:00	10420.0	10355.22404476	10383.60000001	10361.74220094	124716.87486734	11.99334256	10398.84204452
1570	2019-09-08 18:00:00	10382.17268893	10321.74066261	10358.0	10340.51167217	159757.87143802	15.42296943	10358.43792358
1571	2019-09-08 20:00:00	10405.0	10328.865289	10341.09394606	10405.0	226768.93914135	21.89441607	10357.3869436
1572	2019-09-08 22:00:00	10415.82551262	10365.71334142	10404.99999999	10394.75521409	116012.64127911	11.15717622	10398.02894491
1573	2019-09-09 00:00:00	10400.19905457	10371.2	10380.44850145	10387.5999981	30034.92615775	2.89177634	10386.32405359
1574	2019-09-09 02:00:00	10388.34271871	10266.021395	10380.66352653	10296.96691025	144809.69486796	14.05099107	10306.01287457
1575	2019-09-09 04:00:00	10326.64090563	10250.0	10301.59999999	10295.97033004	546426.9376869	53.05425725	10299.39850278
1576	2019-09-09 06:00:00	10302.6703402	10100.0	10294.00000162	10145.99724301	692289.27806624	68.0415673	10174.50516702
1577	2019-09-09 08:00:00	10269.53632999	10100.0	10145.997243	10262.16151204	1211665.7750863	119.77964378	10115.79043691
1578	2019-09-09 10:00:00	10523.91053171	10204.03980731	10250.0	10420.10027883	767728.23295681	73.78872851	10404.41065267
1579	2019-09-09 12:00:00	10417.95914255	10320.64452457	10417.95914255	10328.2640727	159447.53306711	15.37166572	10372.82074509
1580	2019-09-09 14:00:00	10357.32888626	10291.321263	10320.64452452	10324.0	267280.50877777	25.87532235	10329.55281338
1581	2019-09-09 16:00:00	10320.05503389	10169.14602199	10320.05503389	10270.79667599	349393.03926208	34.10837343	10243.61481145
1582	2019-09-09 18:00:00	10313.6126	10239.2820951	10270.45207975	10313.13146066	134136.70754531	13.05793749	10272.42683984
1583	2019-09-09 20:00:00	10319.43989436	10217.80028183	10299.50703034	10289.98998795	182302.94572584	17.73823686	10277.39944869
1584	2019-09-09 22:00:00	10360.59999999	10284.38916557	10284.38916557	10309.55288085	65281.21085258	6.32029724	10328.81973326
1585	2019-09-10 00:00:00	10378.06337277	10298.0	10298.0	10344.4110438	150407.7118593	14.52088384	10358.027343
1586	2019-09-10 02:00:00	10351.04877787	10271.77125711	10336.19999032	10310.3036701	56288.24154801	5.46748562	10295.0872595
1587	2019-09-10 04:00:00	10329.94773949	10128.00000001	10323.44772799	10244.96343605	2802612.1646267	275.35712284	10178.09939223
1588	2019-09-10 06:00:00	10285.99999978	10218.17624482	10243.49000114	10265.216643	170564.03104338	16.64684063	10246.03015277
1589	2019-09-10 08:00:00	10280.82891286	10209.06528187	10267.0166432	10260.80837357	118179.92378646	11.51891487	10259.64034982
1590	2019-09-10 10:00:00	10277.79498267	10222.78724276	10254.93900008	10255.197004	95189.30823195	9.29391675	10242.10898294
1591	2019-09-10 12:00:00	10264.16474971	10215.30000005	10249.20000001	10238.27824936	195092.7096865	19.06090702	10235.22697434
1592	2019-09-10 14:00:00	10239.76822887	10175.96494734	10239.76822887	10179.23426497	243652.97952913	23.87425848	10205.67737143
1593	2019-09-10 16:00:00	10239.17439588	10179.0	10179.96064791	10206.29125587	100666.65884982	9.8767781	10192.25680992
1594	2019-09-10 18:00:00	10206.29125587	9965.53034342	10206.09125587	10030.9	3026640.3519561	300.81804949	10061.3655234
1595	2019-09-10 20:00:00	10128.88	10000.0	10029.9	10117.91685962	291896.29445039	29.05263302	10047.15456425
1596	2019-09-10 22:00:00	10132.52329677	10060.50799266	10117.91685958	10114.97397512	176011.03905356	17.43684501	10094.2021881
1597	2019-09-11 00:00:00	10277.32291145	10079.35055189	10092.70863565	10081.14828552	675969.96695245	66.21882564	10208.12375361
1598	2019-09-11 02:00:00	10114.74960026	10055.7781497	10078.54157002	10112.6496	373786.48024436	37.04706726	10089.50256766
1599	2019-09-11 04:00:00	10105.30924183	9984.76840555	10102.89999988	10034.78043916	193051.94566509	19.22223866	10043.15621503
1600	2019-09-11 06:00:00	10068.7522	9900.0	10026.00223125	10055.9	581349.15224557	58.34747927	9963.56928386
1601	2019-09-11 08:00:00	10077.50284518	9991.51872785	10055.9	10025.0	152875.35089028	15.24366263	10028.78078588
1602	2019-09-11 10:00:00	10133.50954626	10028.49653086	10028.49653086	10067.46188276	271799.93717885	26.90437253	10102.44475598
1603	2019-09-11 12:00:00	10104.99999998	10025.0	10067.26188274	10035.89906235	86486.72530577	8.59810933	10058.80734779
1604	2019-09-11 14:00:00	10055.74854969	9981.43328254	10054.50000031	9990.0	355691.33299793	35.55166728	10004.91285532
1605	2019-09-11 16:00:00	10099.99999999	9933.0	9990.0	10058.06190978	402261.53784982	40.14785648	10019.50223793
1606	2019-09-11 18:00:00	10120.0	10044.64447839	10074.99999999	10087.59999991	254918.40212429	25.26947121	10087.99907231
1607	2019-09-11 20:00:00	10190.0	10055.93266964	10072.15762032	10165.86060418	390169.95303523	38.56764301	10116.51017756
1608	2019-09-11 22:00:00	10172.90235368	10110.04391098	10152.96464832	10158.13444378	101426.45815132	9.99926044	10143.39598012
1609	2019-09-12 00:00:00	10205.46	10135.42011967	10163.97700702	10135.42011967	166090.90825252	16.36525137	10148.99829507
1610	2019-09-12 02:00:00	10137.90690858	10092.67250265	10133.30930306	10101.77476907	127463.34649594	12.60321095	10113.56129811
1611	2019-09-12 04:00:00	10123.09999999	10068.52420003	10104.43016628	10082.10081092	342389.85827886	33.91536206	10095.42099751
1612	2019-09-12 06:00:00	10089.99999992	10050.0	10089.99999992	10082.89999954	77074.77999289	7.66091696	10060.77737108
1613	2019-09-12 08:00:00	10170.05874723	10081.70000037	10081.70000037	10118.15658771	166100.32628783	16.38446888	10137.66924667
1614	2019-09-12 10:00:00	10185.0	10119.772967	10119.772967	10162.10000033	154722.43567509	15.22409098	10162.99993729
1615	2019-09-12 12:00:00	10350.0	10164.0	10164.0	10342.68599999	875545.24911889	85.42159255	10249.69475494
1616	2019-09-12 14:00:00	10363.48482009	10275.20000006	10342.39691621	10315.53620055	472141.5027028	45.67414535	10337.1721372
1617	2019-09-12 16:00:00	10349.99999996	10242.36481104	10334.13199995	10287.63751587	291997.97262332	28.38898525	10285.60795857
1618	2019-09-12 18:00:00	10349.58165951	10278.94319979	10289.89999972	10304.09784532	183669.64156765	17.80785948	10313.96512163
1619	2019-09-12 20:00:00	10400.0	10304.09784529	10304.09784529	10379.43000012	314202.04061943	30.3401461	10355.98311174
1620	2019-09-12 22:00:00	10444.44	10380.0	10380.0	10394.18689557	549916.68311885	52.77734674	10419.5590928
1621	2019-09-13 00:00:00	10434.60633276	10321.70059893	10394.18689557	10321.70059896	446199.65281123	42.891981	10402.8688442
1622	2019-09-13 02:00:00	10378.56995233	10322.10059896	10322.10059896	10362.2	71517.94264368	6.91032902	10349.42655215
1623	2019-09-13 04:00:00	10395.69742704	10278.94319979	10359.8	10291.63365345	223744.64948423	21.6483852	10335.39672438
1624	2019-09-13 06:00:00	10319.11667171	10268.19261601	10283.0598072	10289.72092554	78006.96218553	7.57950357	10291.82999455
1625	2019-09-13 08:00:00	10327.6294	10263.39495118	10289.72092554	10314.99999996	62252.40235263	6.04879154	10291.70900352
1626	2019-09-13 10:00:00	10320.21898822	10251.36337851	10314.99999998	10300.17043849	134325.02776452	13.0607793	10284.61048756
1627	2019-09-13 12:00:00	10337.12970002	10286.23058127	10304.1575889	10312.8162293	156498.2801648	15.18033549	10309.27677902
1628	2019-09-13 14:00:00	10328.70179574	10274.86373508	10304.57129293	10300.8	134177.33185962	13.02903983	10298.32847319
1629	2019-09-13 16:00:00	10311.19999997	10200.85469598	10286.4200703	10234.7	533120.10805545	52.04461753	10243.52052828
1630	2019-09-13 18:00:00	10245.10648373	10195.0	10233.69999993	10203.62981978	321120.42736634	31.44298544	10212.78427836
1631	2019-09-13 20:00:00	10294.0	10154.0	10205.70000026	10293.09999996	351738.31158936	34.33070694	10245.58894764
1632	2019-09-13 22:00:00	10365.525	10260.0	10293.09999996	10344.79375393	163937.0672316	15.90668607	10306.17354929
1633	2019-09-14 00:00:00	10353.1297888	10289.55728916	10353.1297888	10292.7892205	265808.09423666	25.72751735	10331.66514361
1634	2019-09-14 02:00:00	10304.37374331	10276.68670025	10303.37374331	10288.58855023	27995.39914445	2.72050132	10290.52952065
1635	2019-09-14 04:00:00	10305.30000001	10265.0	10284.78294779	10287.90657004	51479.14852679	4.9997305999999995	10296.38447455
1636	2019-09-14 06:00:00	10332.79999998	10273.71754667	10291.0999998	10320.47191431	72283.59896508	6.99962917	10326.77549189
1637	2019-09-14 08:00:00	10343.5	10291.99837113	10326.61919581	10302.50666968	65617.41018789	6.35925061	10318.41866472
1638	2019-09-14 10:00:00	10317.0	10290.79999979	10302.7999998	10291.19999996	91858.83962583	8.91239207	10306.86698973
1639	2019-09-14 12:00:00	10349.50666958	10216.13594058	10291.69999977	10325.40343002	325272.94476923	31.56835987	10303.76446887
1640	2019-09-14 14:00:00	10395.70343006	10320.0	10325.40343003	10362.09999986	302583.9077077	29.23528076	10349.95730643
1641	2019-09-14 16:00:00	10395.70343006	10324.63995811	10350.97000112	10369.34599261	228321.88843102	22.0025678	10377.05646479
1642	2019-09-14 18:00:00	10392.29999998	10354.1341502	10380.44930861	10370.0	296424.11833964	28.56922701	10375.64363347
1643	2019-09-14 20:00:00	10400.0	10319.99999997	10371.12431991	10370.00000019	1652155.7388042	158.96074632	10393.48252352
1644	2019-09-14 22:00:00	10378.4	10326.00941563	10370.00000019	10336.60000037	406500.44913989	39.31397058	10339.84721316
1645	2019-09-15 00:00:00	10355.90001595	10317.00000003	10336.60000037	10334.70090043	434251.79570742	41.99238269	10341.20399676
1646	2019-09-15 02:00:00	10339.18449977	10292.29999996	10339.18449977	10293.40999863	26093.13063142	2.53265709	10302.67016188
1647	2019-09-15 04:00:00	10327.17947425	10260.0	10300.0	10327.17947348	145410.47534051	14.13700178	10285.80724565
1648	2019-09-15 06:00:00	10326.20000002	10275.69784194	10326.20000002	10292.01567596	181640.8570913	17.63038349	10302.71730585
1649	2019-09-15 08:00:00	10299.99999	10265.60675202	10292.0156763	10285.0	93195.39967477	9.06203717	10284.15552998
1650	2019-09-15 10:00:00	10319.20322999	10270.50000008	10270.50000008	10281.21031444	659537.51205718	64.12253386	10285.58093941
1651	2019-09-15 12:00:00	10315.634722	10250.32746781	10287.04293644	10268.25157824	314931.89935121	30.62020742	10285.10013114
1652	2019-09-15 14:00:00	10310.0	10258.19	10268.25157824	10306.19645374	229073.13495781	22.28619161	10278.70256912
1653	2019-09-15 16:00:00	10330.0	10291.97696474	10306.09645368	10317.99998918	276794.59376848	26.84538973	10310.69381194
1654	2019-09-15 18:00:00	10317.99998534	10285.20000003	10317.99998534	10304.68786065	137380.22483078	13.342592	10296.36706501
1655	2019-09-15 20:00:00	10316.1248	10273.05488649	10304.68786064	10296.00000001	163732.66837394	15.89644885	10299.95251888
1656	2019-09-15 22:00:00	10318.09999999	10288.40000304	10296.00000001	10295.88087366	62627.45703903	6.08182266	10297.48161697
1657	2019-09-16 00:00:00	10350.00000002	10303.58090827	10303.58090827	10346.67113165	168608.30769914	16.30922646	10338.21610808
1658	2019-09-16 02:00:00	10349.09999975	10301.10403943	10340.80816972	10303.1	161845.94528352	15.678461800000001	10322.82039833
1659	2019-09-16 04:00:00	10323.23764291	10302.60000021	10302.84388292	10306.02100003	67178.54537422	6.51359383	10313.59141013
1660	2019-09-16 06:00:00	10315.98016914	10287.57810936	10304.35244588	10302.20000049	678268.1088067	65.79618784	10308.62320558
1661	2019-09-16 08:00:00	10321.4296337	10286.33764006	10302.4558452	10298.05347027	162380.88634187	15.75166191	10308.80977954
1662	2019-09-16 10:00:00	10309.29999909	10277.33921144	10302.00000033	10277.33921144	96751.12601022	9.39434223	10298.87177212
1663	2019-09-16 12:00:00	10288.11294566	10113.9156	10288.11294566	10136.47170857	3020660.7334333	297.44102497	10155.4946354
1664	2019-09-16 14:00:00	10161.29060809	10125.57999993	10138.50805858	10130.73702432	129147.75106187	12.72974441	10145.3530332
1665	2019-09-16 16:00:00	10160.632628	10082.30314434	10130.0	10139.90742445	589631.19455006	58.13893454	10141.76126919
1666	2019-09-16 18:00:00	10153.60981794	10120.94182718	10141.72822281	10131.22359716	89248.49852531	8.80532048	10135.74675993
1667	2019-09-16 20:00:00	10320.4581213	10125.50000006	10129.81107893	10282.20000001	612596.56468616	59.84002243	10237.23821966
1668	2019-09-16 22:00:00	10305.0	10227.79438675	10300.0	10258.19999998	61255.72295842	5.95161222	10292.29067589
1669	2019-09-17 00:00:00	10258.19999997	10177.0	10258.19999997	10208.37699323	114773.758013	11.2331684	10217.39850468
1670	2019-09-17 02:00:00	10227.33435398	10199.91000001	10215.24330626	10223.38243999	99952.83233315	9.78624224	10213.60700889
1671	2019-09-17 04:00:00	10225.24035324	10166.42143292	10225.15573316	10196.9117051	146757.95015501	14.4082469	10185.69095696
1672	2019-09-17 06:00:00	10205.2565026	10181.91720519	10196.9117051	10193.24453794	145198.3964094	14.236604700000001	10198.94837772
1673	2019-09-17 08:00:00	10201.42472333	10140.0	10197.72472268	10158.66617145	193897.32194492	19.07495815	10165.01952036
1674	2019-09-17 10:00:00	10181.58596769	10157.952003	10162.41781602	10163.44999977	143701.44461785	14.13527955	10166.15512339
1675	2019-09-17 12:00:00	10242.0	10149.2857921	10158.0	10178.60916178	185339.59055251	18.18219916	10193.46388858
1676	2019-09-17 14:00:00	10229.93745415	10168.76631133	10176.29214409	10209.97826567	171443.00170369	16.81191674	10197.70704049
1677	2019-09-17 16:00:00	10263.99999999	10205.02127821	10207.61432295	10243.49404416	787045.85136816	76.84342517	10242.20158884
1678	2019-09-17 18:00:00	10249.85999999	10213.90109291	10245.10000007	10248.09172569	102595.62440498	10.02417719	10234.8175277
1679	2019-09-17 20:00:00	10268.03967019	10187.14158584	10248.09172569	10209.49668507	248289.62465867	24.23489223	10245.13013312
1680	2019-09-17 22:00:00	10238.15362383	10174.93	10209.09668495	10187.80747155	125198.25601065	12.26708755	10206.02938556
1681	2019-09-18 00:00:00	10257.88999983	10191.60000004	10191.60000004	10243.91305265	60965.23177373	5.96205313	10225.54318863
1682	2019-09-18 02:00:00	10250.70027158	10193.8530226	10240.35666665	10203.55511381	215144.65381007	21.06404005	10213.8361539
1683	2019-09-18 04:00:00	10227.05909736	10203.94451136	10210.10012847	10207.79999923	129373.3161503	12.66740809	10213.08504716
1684	2019-09-18 06:00:00	10219.99999977	10189.11404003	10200.9625546	10198.30611269	181545.35271759	17.79252555	10203.46168436
1685	2019-09-18 08:00:00	10200.15194291	10150.0	10198.30611269	10180.31999871	470796.10893144	46.27412198	10174.06897822
1686	2019-09-18 10:00:00	10196.4216918	10148.00851916	10188.51439492	10165.46350534	119361.31618074	11.7289471	10176.64374841
1687	2019-09-18 12:00:00	10199.91	10090.86864049	10162.36767898	10177.59517008	198030.89096683	19.48524779	10163.11894521
1688	2019-09-18 14:00:00	10187.40137256	10158.74714244	10187.40137256	10178.06287502	122157.16726271	12.00845892	10172.5931759
1689	2019-09-18 16:00:00	10205.35459176	10130.55502712	10176.60000117	10185.39999996	177260.83732863	17.4007581	10186.96060883
1690	2019-09-18 18:00:00	10210.65133992	10167.05902585	10181.60000067	10181.32217418	117612.46587994	11.54397002	10188.21650404
1691	2019-09-18 20:00:00	10216.67979999	10138.18439	10179.9	10195.28103817	72644.71471279	7.12764802	10191.96157118
1692	2019-09-18 22:00:00	10208.20000007	10155.33887797	10196.05883959	10164.35519547	57415.13415828	5.64355188	10173.58135073
1693	2019-09-19 00:00:00	10176.99899924	10126.1877681	10153.15811	10131.84949999	164556.35241617	16.20168002	10156.74622712
1694	2019-09-19 02:00:00	10141.88265813	9700.0	10130.0	9820.63024009	5295011.7361112	537.66579162	9848.14696906
1695	2019-09-19 04:00:00	9920.90756848	9791.1410049	9822.27734669	9899.99999998	914456.00426203	92.92583468	9840.70799483
1696	2019-09-19 06:00:00	9899.99999998	9856.05593	9899.99999998	9875.2	406310.77257304	41.1280215	9879.17137159
1697	2019-09-19 08:00:00	9890.96265687	9865.28106025	9874.32559847	9878.69427522	140811.1754019	14.25327213	9879.21749599
1698	2019-09-19 10:00:00	9879.83684974	9825.0	9879.49427526	9858.94	236411.08426473	23.99720286	9851.61002488
1699	2019-09-19 12:00:00	9889.15543603	9855.23266485	9860.43349952	9867.98594577	193189.90846412	19.56443564	9874.54542614
1700	2019-09-19 14:00:00	9885.36173781	9850.17393939	9860.10541794	9879.98865926	89534.14435511	9.07602717	9864.90483975
1701	2019-09-19 16:00:00	10090.0	9877.85579691	9880.80676827	10033.98198798	1085274.6322052	108.300794	10020.92959914
1702	2019-09-19 18:00:00	10100.0	10004.93902438	10030.74757992	10082.41358154	314880.20346741	31.39662132	10029.11110269
1703	2019-09-19 20:00:00	10265.82954118	10087.23240787	10087.23240787	10227.46186242	3302199.470021	322.47393266	10240.20590682
1704	2019-09-19 22:00:00	10244.3316609	10199.91000002	10227.46186242	10243.92000013	317485.42054352	31.04653885	10226.1131934
1705	2019-09-20 00:00:00	10265.82954118	10188.5	10244.3316609	10188.5	244808.76706322	23.92890274	10230.67249356
1706	2019-09-20 02:00:00	10235.0	10152.73000001	10190.038	10224.88	270762.17442479	26.57721851	10187.75438531
1707	2019-09-20 04:00:00	10220.33847938	10160.41013	10220.33847938	10165.92116412	144224.04793728	14.16024242	10185.13974969
1708	2019-09-20 06:00:00	10180.0	10140.01000001	10164.42115948	10152.06	185364.22210228	18.23919387	10162.96133609
1709	2019-09-20 08:00:00	10171.02999992	10125.00000001	10157.39999965	10141.59999998	247496.0971468	24.40391427	10141.65573639
1710	2019-09-20 10:00:00	10174.93	10139.50000081	10141.59999984	10174.93	87820.41421014	8.65100573	10151.46873681
1711	2019-09-20 12:00:00	10227.69342703	10165.09466669	10171.205	10180.1	183371.10293317	17.97840284	10199.5213126
1712	2019-09-20 14:00:00	10182.5	10145.5516833	10172.83292	10179.9	238285.09971363	23.43253775	10168.9839255
1713	2019-09-20 16:00:00	10180.0	10069.08423204	10178.36999991	10125.0	305137.29983254	30.14204922	10123.30971943
1714	2019-09-20 18:00:00	10193.93497357	10137.51275663	10137.51275663	10157.63682368	102691.40179107	10.09624944	10171.24253925
1715	2019-09-20 20:00:00	10170.35702481	10088.83556589	10170.09999999	10130.8	74811.62337525	7.38044034	10136.47152864
1716	2019-09-20 22:00:00	10181.43954	10131.10000003	10131.10000003	10163.24200001	83330.04880815	8.21318719	10145.88452453
1717	2019-09-21 00:00:00	10173.26576661	10135.00000015	10166.7	10151.30525973	48094.67484233	4.73798733	10150.86607298
1718	2019-09-21 02:00:00	10166.99999999	10117.50597	10151.30525966	10133.50260977	117385.99968272	11.57171591	10144.21720993
1719	2019-09-21 04:00:00	10123.20599198	10090.0	10123.20599198	10101.1284098	192999.13776945	19.09944763	10104.95913328
1720	2019-09-21 06:00:00	10103.99999995	9976.66325	10099.0759299	10075.99732525	338010.45546507	33.66506539	10040.39206665
1721	2019-09-21 08:00:00	10083.05180794	9990.0	10077.11532612	10005.42138191	335746.53660444	33.46472149	10032.85016744
1722	2019-09-21 10:00:00	10053.964	9988.0	10017.29531592	10051.25999992	182049.23973278	18.18554206	10010.65786942
1723	2019-09-21 12:00:00	10050.0	9902.000002	10050.0	10003.59000696	2652974.1625541	265.03210681	10010.01046433
1724	2019-09-21 14:00:00	10065.22448	9990.0	10005.29000725	10039.56559994	233910.88762626	23.31553409	10032.40529354
1725	2019-09-21 16:00:00	10054.9	9967.7905	10050.0083959	9971.17998148	390418.82666917	39.05112993	9997.63201139
1726	2019-09-21 18:00:00	10018.15539995	9968.81812	9972.65044713	10010.62713486	234628.13798383	23.46118204	10000.69551413
1727	2019-09-21 20:00:00	10028.56249999	9956.2	10010.62713485	9980.10000012	125015.68051309	12.51155829	9992.0151923
1728	2019-09-21 22:00:00	10017.2997	9948.47081699	9979.09999526	9984.52967214	112546.16843536	11.28798929	9970.43543751
1729	2019-09-22 00:00:00	10007.40297108	9869.0	9989.7	9903.64435	435089.64715629	43.80543016	9932.32221592
1730	2019-09-22 02:00:00	9938.583964	9881.1748309	9904.4717036	9881.1748309	143360.85236936	14.45781393	9915.80421932
1731	2019-09-22 04:00:00	9977.05458415	9861.98417983	9875.09999977	9945.13642809	217046.69644039	21.91048362	9906.06598214
1732	2019-09-22 06:00:00	10050.20118999	9927.61946	9945.33642812	10034.3878698	245744.59797194	24.58159121	9997.09888072
1733	2019-09-22 08:00:00	10087.0	9984.8174	10034.3878698	10008.2940509	321489.38150028	32.03121487	10036.75267407
1734	2019-09-22 10:00:00	10022.31267387	9991.76406	10011.86321011	10002.29994009	141479.52823958	14.14330468	10003.28646243
1735	2019-09-22 12:00:00	10053.76848531	9922.08795	10007.24439996	9989.12882294	417586.94029203	41.77706582	9995.60242194
1736	2019-09-22 14:00:00	9995.74741996	9950.64037004	9978.57158028	9988.904	148247.11773115	14.86562658	9972.4769039
1737	2019-09-22 16:00:00	10029.0099999	9972.17732346	9995.19753	10000.9	210447.4358964	21.04321517	10000.72632419
1738	2019-09-22 18:00:00	9998.95837734	9961.63363997	9989.6	9992.7	174013.63372568	17.42510019	9986.37780146
1739	2019-09-22 20:00:00	10055.237	9992.66115762	9992.66115762	10055.237	138913.31583628	13.87263231	10013.47925412
1740	2019-09-22 22:00:00	10065.237	10016.4950796	10052.6057708	10028.28475599	116252.31109972	11.573813	10044.42624913
1741	2019-09-23 00:00:00	10045.0434798	9947.67149815	10030.64091866	9972.89999999	571555.70916141	57.25714978	9982.2591826
1742	2019-09-23 02:00:00	9997.11734	9890.0	9972.9	9964.62805012	3029308.008849	304.93157966	9934.38597677
1743	2019-09-23 04:00:00	9978.60454	9940.0	9963.94229415	9962.73626819	226414.71546766	22.71258476	9968.68995141
1744	2019-09-23 06:00:00	9951.26612044	9879.15346	9951.26612044	9898.15555346	362693.43897867	36.59736546	9910.37017063
1745	2019-09-23 08:00:00	9965.20000004	9900.00000001	9900.00000002	9955.0	105731.18050561	10.63345185	9943.26038215
1746	2019-09-23 10:00:00	9952.6	9920.00000022	9952.6	9922.8	183184.34076968	18.43050018	9939.19530021
1747	2019-09-23 12:00:00	9929.53596999	9890.0	9921.69999969	9902.99723127	286749.80894046	28.93856949	9908.91443474
1748	2019-09-23 14:00:00	9950.0	9708.10000003	9901.2274063	9868.19641996	1632943.9544096	166.10050852	9831.05933244
1749	2019-09-23 16:00:00	9880.52701746	9787.64418999	9875.0	9812.11999845	3260865.1094977	332.05415643	9820.28095825
1750	2019-09-23 18:00:00	9846.17585365	9800.36343168	9807.35436566	9808.419511	249652.80152263	25.41292447	9823.85171046
1751	2019-09-23 20:00:00	9832.0	9715.16331594	9808.0	9760.54228243	3451006.9182242	353.48803946	9762.72612645
1752	2019-09-23 22:00:00	9758.6357327	9645.776	9758.6357327	9697.199	533324.93490982	55.06012401	9686.22836397
1753	2019-09-24 00:00:00	9783.39810866	9612.33919331	9704.0	9749.0	342440.20004317	35.32822195	9693.10599689
1754	2019-09-24 02:00:00	9753.9382072	9689.40100603	9728.25513	9721.95521785	236294.9339001	24.34082056	9707.76368519
1755	2019-09-24 04:00:00	9770.9068	9688.68325403	9718.83119948	9767.55345734	189752.64380049	19.46401421	9748.89566731
1756	2019-09-24 06:00:00	9781.36098	9736.0	9762.12101193	9754.8	166934.40407557	17.10694287	9758.28383505
1757	2019-09-24 08:00:00	9760.0	9680.47421809	9754.8	9740.0	1856233.97357	191.26398898	9705.08867596
1758	2019-09-24 10:00:00	9766.54261998	9703.71488148	9740.0	9727.0	245818.93342265	25.26214393	9730.72333463
1759	2019-09-24 12:00:00	9727.0	9590.15476598	9727.0	9639.29999989	770267.17818475	79.81559629	9650.58477275
1760	2019-09-24 14:00:00	9632.27159073	9417.0	9632.27159073	9520.53915222	1869737.1538225	196.43663241	9518.27126581
1761	2019-09-24 16:00:00	9605.7165658	9457.02231965	9522.33232809	9488.45636739	1224504.2435063	128.16690912	9553.98122583
1762	2019-09-24 18:00:00	9492.12693752	7906.6	9488.7	8330.0	8802580.5395124	1033.06648121	8520.82678086
1763	2019-09-24 20:00:00	8724.97879993	8121.60241995	8330.0	8651.94745336	2170341.8025092	256.24486269	8469.79634918
1764	2019-09-24 22:00:00	8769.71585	8466.21487112	8661.7449776	8501.53413007	1953658.4366516	226.12879706	8639.58267169
1765	2019-09-25 00:00:00	8720.0	8501.53413008	8503.31429997	8685.39999999	1027420.5699181	118.91369678	8640.05238874
1766	2019-09-25 02:00:00	8706.64832	8547.7662401	8685.02715914	8558.99926081	499448.73632359	57.83075412	8636.38636437
1767	2019-09-25 04:00:00	8586.29318017	8424.4788	8558.99926081	8490.688364	1402291.4469741	164.42606809	8528.40102097
1768	2019-09-25 06:00:00	8535.80667214	8323.51	8502.34117086	8328.89999998	644456.03084235	76.63167095	8409.78700911
1769	2019-09-25 08:00:00	8396.56859999	8220.92969954	8338.68999966	8382.1	1302737.7294519	156.59323503	8319.24654473
1770	2019-09-25 10:00:00	8450.4	8298.01345371	8396.5686025	8315.10312004	355812.70977882	42.47774903	8376.44926823
1771	2019-09-25 12:00:00	8427.29065665	8250.00000013	8315.10312	8384.0	488085.19137043	58.46061753	8348.95716111
1772	2019-09-25 14:00:00	8442.225	8300.0	8381.10000001	8300.0	436931.54724314	52.13859285	8380.19446555
1773	2019-09-25 16:00:00	8405.01933999	8243.0432	8307.29999998	8377.58011992	463265.05529005	55.5276807	8342.95705223
1774	2019-09-25 18:00:00	8392.80618042	8320.10000052	8375.07989995	8351.2691	317058.96997873	37.98167803	8347.68199889
1775	2019-09-25 20:00:00	8575.6176464	8334.62715012	8345.80298	8575.6176464	585614.28317053	69.19088212	8463.74934424
1776	2019-09-25 22:00:00	8619.9	8326.79235963	8575.31764616	8433.3339948	1467345.1225171	173.93091279	8436.36762999
1777	2019-09-26 00:00:00	8447.03729	8348.21133512	8436.4312666	8361.49723999	447881.41795769	53.30757076	8401.83507843
1778	2019-09-26 02:00:00	8399.96999995	8320.0	8357.60724	8362.5364464	253542.14024501	30.2983339	8368.18754066
1779	2019-09-26 04:00:00	8409.18847925	8344.4872761	8358.4000001	8395.45677	142385.35423643	16.97379999	8388.53729396
1780	2019-09-26 06:00:00	8433.02381875	8362.79290486	8392.00037964	8380.45139	241567.81840117	28.74786921	8402.98168314
1781	2019-09-26 08:00:00	8459.22999999	8367.73461619	8380.0913897	8445.27615486	341153.02232448	40.49453817	8424.66756608
1782	2019-09-26 10:00:00	8454.81443992	8398.9120857	8438.42625	8398.9120857	268704.89699267	31.91545934	8419.27086588
1783	2019-09-26 12:00:00	8432.4203462	8071.73308896	8392.26443964	8261.78797	3090257.9033193	375.99563836	8218.86635919
1784	2019-09-26 14:00:00	8386.0	7900.0	8258.08323999	7951.50882303	3296465.469903	409.02965189	8059.23349241
1785	2019-09-26 16:00:00	8018.22545982	7766.6	7928.56626985	7930.38694973	4101998.9577566	518.93219943	7904.69152282
1786	2019-09-26 18:00:00	8155.78622024	7914.16798	7915.38000034	8120.0	492073.13701958	61.21668309	8038.21952091
1787	2019-09-26 20:00:00	8136.87114116	8002.91000003	8120.76346865	8079.94533962	1489788.1944773	183.92849494	8099.82267817
1788	2019-09-26 22:00:00	8117.15749998	8020.0	8054.81000041	8037.41157048	1920118.5119996	238.04894966	8066.06588578
1789	2019-09-27 00:00:00	8070.0	7938.8	8047.99999999	8000.03349153	1573230.4385106	196.21940535	8017.71076466
1790	2019-09-27 02:00:00	8048.12436512	7972.91191028	8009.5362965	8002.11906581	209024.97578338	26.10594197	8006.79692093
1791	2019-09-27 04:00:00	8036.095219	7954.92756082	8028.526093	7980.20434342	221333.38165542	27.69363719	7992.21063441
1792	2019-09-27 06:00:00	8080.444818	7976.48064152	7976.48064152	8055.9342451	296823.86346926	36.8762931	8049.17844275
1793	2019-09-27 08:00:00	8125.20682874	8022.97159925	8061.8467784	8047.13390671	335862.0653819	41.61117623	8071.43887318
1794	2019-09-27 10:00:00	8081.44264329	7952.0	8050.5566533	7991.73541598	416495.53797089	52.03172839	8004.64545111
1795	2019-09-27 12:00:00	8035.1030796	7955.6728044	7986.80356419	7992.15214039	166889.42944779	20.86820146	7997.30775877
1796	2019-09-27 14:00:00	8088.60113692	7866.6	7999.05466362	7977.69962293	1093628.0420727	137.60381736	7947.6577253
1797	2019-09-27 16:00:00	8042.49410743	7946.49836502	7982.22765185	8033.69999967	395700.18435038	49.46517326	7999.57138066
1798	2019-09-27 18:00:00	8059.21704181	7999.34808855	8034.39999976	7999.34808855	186385.26566997	23.20672003	8031.52127612
1799	2019-09-27 20:00:00	8260.0	7992.31	7999.34808855	8205.65973285	673676.82024299	82.56020185	8159.82525656
1800	2019-09-27 22:00:00	8242.30999999	8131.14481784	8212.84668053	8166.6136	1797784.645509	219.79809241	8179.25499624
1801	2019-09-28 00:00:00	8200.0	8146.15000002	8166.61360001	8154.51000001	229937.88305254	28.15672399	8166.35781684
1802	2019-09-28 02:00:00	8167.38358766	8102.43000001	8154.51000001	8141.0	83986.93389081	10.31829812	8139.61109807
1803	2019-09-28 04:00:00	8160.2628	7700.98129344	8157.11446284	8145.57999994	1812549.1503905	228.19673489	7942.92324675
1804	2019-09-28 06:00:00	8200.0	8115.01000001	8126.92000001	8182.65622443	141499.51364905	17.35237513	8154.47525707
1805	2019-09-28 08:00:00	8209.99099998	8160.99	8189.13031768	8209.98999999	114904.79519465	14.02733692	8191.4903627
1806	2019-09-28 10:00:00	8230.0	8126.92000001	8210.0	8139.59137136	90079.38537983	11.02815046	8168.13170137
1807	2019-09-28 12:00:00	8136.31150759	8038.68545049	8136.31150759	8104.45317454	242649.28940491	30.01708859	8083.70500947
1808	2019-09-28 14:00:00	8105.89999983	8006.18979996	8105.74317476	8048.55469835	162734.52571093	20.23502979	8042.21824231
1809	2019-09-28 16:00:00	8166.66905293	8032.04855137	8064.72285866	8147.29082117	272139.05959042	33.44457542	8137.01642711
1810	2019-09-28 18:00:00	8179.30507095	8103.58088161	8146.15000001	8146.49244129	250920.91254188	30.81139152	8143.77086406
1811	2019-09-28 20:00:00	8170.91999999	8119.19115351	8146.53527624	8123.39	92931.5173172	11.40600913	8147.59275203
1812	2019-09-28 22:00:00	8309.49	8069.96999991	8126.3076605	8205.90000002	1694542.4809469	207.01993457	8185.40728682
1813	2019-09-29 00:00:00	8217.85405642	8165.38	8192.46544036	8165.38000001	94774.58292192	11.56621557	8194.08754301
1814	2019-09-29 02:00:00	8170.80604401	8138.16238683	8170.80604401	8139.29999987	57067.77555108	6.99754145	8155.40371698
1815	2019-09-29 04:00:00	8136.36344397	8100.11329211	8130.89989994	8121.25560701	43682.39086535	5.38358286	8113.99991442
1816	2019-09-29 06:00:00	8114.47310462	8046.87730001	8108.07030623	8079.99999999	164337.78672842	20.35217638	8074.70334671
1817	2019-09-29 08:00:00	8112.4603651	8069.83000008	8080.0	8098.0	26329.45010839	3.25080747	8099.35696019
1818	2019-09-29 10:00:00	8107.68999974	8036.82000001	8092.47401932	8083.49732961	226364.33730772	28.09131864	8058.1598966
1819	2019-09-29 12:00:00	8082.29732912	7900.0	8071.65814839	7997.71780658	948383.67502561	118.86033762	7978.97510654
1820	2019-09-29 14:00:00	8023.278028	7894.00000001	7993.17612033	7954.23416095	341146.11845731	42.8432413	7962.65894236
1821	2019-09-29 16:00:00	8023.93358136	7937.29	7950.76051093	7987.80889509	340388.13890345	42.53358775	8002.80806087
1822	2019-09-29 18:00:00	8011.54	7927.29	7985.68881552	7959.67989955	400224.01377684	50.25102473	7964.49457353
1823	2019-09-29 20:00:00	8086.19756875	7919.16798559	7936.37858914	8044.48118554	261759.16300823	32.70125867	8004.55926329
1824	2019-09-29 22:00:00	8120.79086618	8030.77000001	8044.48118554	8049.34563487	170291.13907468	21.05635203	8087.39988921
1825	2019-09-30 00:00:00	8047.55479429	7968.30000002	8047.21952532	8021.89209676	157599.54681003	19.64346778	8023.00024492
1826	2019-09-30 02:00:00	8019.33477998	7963.01056562	8016.86914467	7985.10755165	2356873.5043385	295.30836702	7981.0590134
1827	2019-09-30 04:00:00	7985.10755165	7723.0	7985.10755165	7816.17999895	1502051.4432723	190.75813397	7874.11478615
1828	2019-09-30 06:00:00	7819.23	7740.0	7800.3740487	7811.61564989	329601.57829318	42.310732	7790.02306774
1829	2019-09-30 08:00:00	8027.71207781	7779.1643227	7800.0	8016.53850009	1283773.6739181	161.81311481	7933.68124348
1830	2019-09-30 10:00:00	8090.9	7988.9365081	8012.0	8032.16290151	672049.28909641	83.61545936	8037.38081737
1831	2019-09-30 12:00:00	8120.0	7996.234059	8034.38000628	8100.38000291	1521508.0801597	187.66239643	8107.68757675
1832	2019-09-30 14:00:00	8298.30235253	8088.76000033	8100.02446	8269.99999999	1249287.7785287	152.65904768	8183.51612639
1833	2019-09-30 16:00:00	8315.42	8193.30000002	8270.0	8226.67639001	328951.9701631	39.87357604	8249.87379695
1834	2019-09-30 18:00:00	8280.766799	8226.67639	8229.99	8252.44965947	232629.92868698	28.17852981	8255.57366745
1835	2019-09-30 20:00:00	8265.91831068	8135.0	8261.54	8235.0	275999.18604804	33.66431612	8198.56803459
1836	2019-09-30 22:00:00	8281.75679901	8210.77384718	8235.0	8280.47096847	148515.07200014	17.99893808	8251.32412479
1837	2019-10-01 00:00:00	8300.438074	8173.85142	8281.75679901	8262.78062875	279914.19849116	33.98486005	8236.43816921
1838	2019-10-01 02:00:00	8490.05999999	8261.54000005	8261.55000008	8402.55	723498.69379813	86.16940499	8396.23638903
1839	2019-10-01 04:00:00	8459.99999999	8399.46225178	8399.46225179	8419.99999949	201467.50130659	23.90947161	8426.26322291
1840	2019-10-01 06:00:00	8420.0	8347.27212179	8420.0	8411.80953181	234967.72547495	28.05654292	8374.792509
1841	2019-10-01 08:00:00	8410.00614583	8295.58249581	8405.55906034	8317.0	397571.20368987	47.71453931	8332.28633115
1842	2019-10-01 10:00:00	8353.03578881	8288.62692514	8317.02817103	8353.03578881	325394.94330413	39.11488221	8318.95495829
1843	2019-10-01 12:00:00	8416.19926227	8279.20818177	8361.81363963	8331.84616369	648874.01784094	77.73521977	8347.23333594
1844	2019-10-01 14:00:00	8362.5762	8309.49	8335.64573852	8362.5762	225063.45973085	27.00121689	8335.3080214
1845	2019-10-01 16:00:00	8482.92397999	8249.95063353	8360.0	8273.26070527	665803.28493616	79.66756754	8357.26890496
1846	2019-10-01 18:00:00	8330.0	8235.59292	8275.87613337	8306.01226502	590806.15948972	71.27990846	8288.53701209
1847	2019-10-01 20:00:00	8404.09103623	8273.17163087	8306.03226671	8296.49598081	171508.57919132	20.52473139	8356.1911692
1848	2019-10-01 22:00:00	8365.35227388	8274.80971677	8297.08460973	8299.89999999	281001.76681956	33.7782714	8319.00968205
1849	2019-10-02 00:00:00	8328.67177845	8269.3526	8300.0	8278.48	160981.70897517	19.41834744	8290.18583958
1850	2019-10-02 02:00:00	8300.0	8203.85	8285.00000003	8241.14811318	268473.29954252	32.61757852	8230.93901277
1851	2019-10-02 04:00:00	8254.59999985	8155.67956077	8233.90066989	8158.1222586	486876.02836551	59.40979288	8195.2150439
1852	2019-10-02 06:00:00	8234.99870805	8168.34608628	8169.87675125	8204.27094825	291123.68515384	35.49053109	8202.85513382
1853	2019-10-02 08:00:00	8269.0	8202.68426668	8203.85	8231.89717751	192190.22404053	23.3090996	8245.28734865
1854	2019-10-02 10:00:00	8278.47999997	8208.82624259	8231.89717751	8270.0	125596.60237368	15.22714376	8248.20493936
1855	2019-10-02 12:00:00	8290.83948	8204.78	8276.49999999	8206.67603328	424228.4866823	51.39006471	8255.06815522
1856	2019-10-02 14:00:00	8245.10591192	8193.85775047	8217.373847	8233.9869664	146789.66784254	17.85003607	8223.49418605
1857	2019-10-02 16:00:00	8268.73637997	8188.03140005	8227.72769706	8222.10000002	373315.47835486	45.42711563	8217.89966581
1858	2019-10-02 18:00:00	8257.64897207	8218.24579002	8223.08	8256.24897151	180280.84091967	21.8773309	8240.53179721
1859	2019-10-02 20:00:00	8264.17790826	8216.44	8252.38103754	8249.23786884	29199.91689149	3.54457722	8237.91247281
1860	2019-10-02 22:00:00	8369.398171	8232.05374544	8252.97	8357.89978089	1010040.0683533	121.60518245	8305.8965745
1861	2019-10-03 00:00:00	8392.03072904	8311.10715387	8362.88157415	8320.79050557	393746.6888716	47.168247	8347.70664408
1862	2019-10-03 02:00:00	8343.7042511	8319.42769194	8319.42769194	8325.20766315	184921.52839295	22.18783497	8334.36559461
1863	2019-10-03 04:00:00	8366.28834	8279.54221838	8325.354362	8284.85102815	663051.63431349	79.72073204	8317.17945064
1864	2019-10-03 06:00:00	8299.03833991	8240.50905163	8289.6782041	8256.27966126	297313.90769989	35.95947835	8268.02616005
1865	2019-10-03 08:00:00	8290.03322893	8239.85782589	8247.41988338	8265.39999954	201856.45594433	24.41307968	8268.37328965
1866	2019-10-03 10:00:00	8265.39999954	8168.10000011	8265.39999953	8223.07999999	778819.02923604	94.69820757	8224.2214422
1867	2019-10-03 12:00:00	8242.10999999	8208.76375638	8212.47508527	8215.45470701	385538.42348654	46.88050949	8223.853104
1868	2019-10-03 14:00:00	8220.23600347	8050.0	8215.68476599	8119.43127945	1977236.1666732	243.33421202	8125.59874034
1869	2019-10-03 16:00:00	8203.74321367	8100.28937361	8118.03325999	8146.14999999	491447.09668428	60.23748135	8158.49344412
1870	2019-10-03 18:00:00	8150.28226165	8090.0	8143.71567532	8145.17893976	92311.70623519	11.35996169	8126.05788243
1871	2019-10-03 20:00:00	8192.81466518	8113.01853808	8150.49990435	8167.58609405	125937.85333579	15.43983815	8156.68222116
1872	2019-10-03 22:00:00	8274.0	8145.60696011	8165.38	8214.26248971	430564.20972283	52.48187836	8204.05486955
1873	2019-10-04 00:00:00	8223.60000001	8030.0	8223.60000001	8117.99999999	570644.28586653	70.30007946	8117.26373924
1874	2019-10-04 02:00:00	8134.19999997	8080.08282321	8115.16687157	8113.88336297	117505.66265929	14.49306703	8107.71539357
1875	2019-10-04 04:00:00	8100.0	8008.0	8094.16668922	8078.0	727681.00775397	90.16528564	8070.52295779
1876	2019-10-04 06:00:00	8142.94259426	8078.0	8078.0	8138.25778999	211339.67973385	26.0392381	8116.20059397
1877	2019-10-04 08:00:00	8135.30714097	8089.28134	8135.30714097	8121.0	243294.54115481	29.99068017	8112.33822559
1878	2019-10-04 10:00:00	8173.91826	8117.77645055	8121.0	8150.68813308	327722.78078717	40.2012381	8152.05690859
1879	2019-10-04 12:00:00	8174.36890243	8123.69000005	8164.30000001	8174.0	147692.86188938	18.14841703	8138.05753114
1880	2019-10-04 14:00:00	8178.34999972	8126.92	8174.0	8147.40435365	201742.12927875	24.75787167	8148.60550081
1881	2019-10-04 16:00:00	8202.5297	8128.81744526	8133.60000001	8168.2005	653357.58704108	79.9697566	8170.05846734
1882	2019-10-04 18:00:00	8195.206772	8154.41	8161.83303005	8177.60889088	282617.6594914	34.56415272	8176.61181458
1883	2019-10-04 20:00:00	8214.914692	8128.4113658	8181.0121181	8166.12271692	483408.05022889	59.06465936	8184.38733867
1884	2019-10-04 22:00:00	8197.09171621	8135.75597232	8175.51222932	8135.75597232	108760.87237584	13.34385789	8150.63179422
1885	2019-10-05 00:00:00	8143.1258762	8095.34483142	8135.75597232	8103.76198075	198807.47782933	24.5078739	8111.98387263
1886	2019-10-05 02:00:00	8139.62266581	8095.05	8102.82976841	8128.77192361	106780.67507393	13.15164344	8119.18872048
1887	2019-10-05 04:00:00	8141.90349457	8102.9945167	8132.84345241	8114.76746462	47399.63187053	5.83655143	8121.17094126
1888	2019-10-05 06:00:00	8130.0	8095.05000001	8110.00000001	8107.22273663	108153.19182156	13.33115796	8112.81301639
1889	2019-10-05 08:00:00	8107.22273663	8074.72281488	8107.22273663	8081.47150024	316440.90520576	39.127935	8087.33977925
1890	2019-10-05 10:00:00	8099.99999996	8067.36494012	8080.42851078	8083.50880988	96461.19602987	11.93658304	8081.13977899
1891	2019-10-05 12:00:00	8089.2644109	8015.0	8081.2999992	8063.00104964	161374.81074484	20.01873543	8061.18904508
1892	2019-10-05 14:00:00	8090.71475999	8029.74158358	8062.99999294	8083.1	304617.57095208	37.8323531	8051.77436748
1893	2019-10-05 16:00:00	8099.00369997	8033.09026001	8090.51469996	8041.7999997	232112.23309508	28.80356755	8058.45431098
1894	2019-10-05 18:00:00	8088.98257662	8040.0	8040.0	8074.51885224	83795.50142135	10.37241024	8078.69140175
1895	2019-10-05 20:00:00	8180.0	8056.3216471	8069.23	8138.12228771	625434.27670351	77.18082261	8103.49327142
1896	2019-10-05 22:00:00	8165.72439182	8100.0	8137.72228772	8123.70530665	269647.76345797	33.16715046	8129.96473071
1897	2019-10-06 00:00:00	8154.40999993	8042.72406426	8126.92	8058.3818435	910098.51410248	112.61544343	8081.47165595
1898	2019-10-06 02:00:00	8062.79234825	8012.9921	8050.14507037	8040.49247861	428021.76541597	53.25078184	8037.84941039
1899	2019-10-06 04:00:00	8079.07033056	8038.21374721	8042.34328074	8051.8450444	96794.87541545	12.01483873	8056.27754068
1900	2019-10-06 06:00:00	8057.17676062	7909.99999997	8043.32628771	7967.28999996	998448.53091719	125.22767975	7973.0658023
1901	2019-10-06 08:00:00	7968.69999925	7864.60612158	7956.78322558	7934.61999645	407949.07701405	51.52973369	7916.77052841
1902	2019-10-06 10:00:00	7956.65959257	7895.09810264	7934.61999645	7938.90000002	279442.86261175	35.27308593	7922.26864318
1903	2019-10-06 12:00:00	7961.06973807	7874.86849753	7939.80000001	7886.0	1050751.0238426	132.78199674	7913.35459354
1904	2019-10-06 14:00:00	8049.99999999	7865.17399278	7886.0	8009.59546614	1951216.907758	246.52336747	7914.93693998
1905	2019-10-06 16:00:00	8024.3307425	7959.4022734	8009.59546614	7973.08	254738.59219565	31.8680816	7993.53395014
1906	2019-10-06 18:00:00	7983.42402044	7800.0	7971.3208398	7894.4149347	2583302.1826512	329.27244522	7845.48546394
1907	2019-10-06 20:00:00	7922.72775126	7864.67252336	7889.28949458	7922.72775126	245683.56861434	31.13603175	7890.6512746
1908	2019-10-06 22:00:00	7913.89222191	7800.0	7913.89222191	7862.0	853394.67119839	108.74993367	7847.31210768
1909	2019-10-07 00:00:00	7874.09122367	7771.1272	7862.0	7809.81523945	935998.36249285	119.84330611	7810.18475603
1910	2019-10-07 02:00:00	7898.5	7799.41493054	7822.10501648	7859.04145356	337025.38498715	42.89056586	7857.79758857
1911	2019-10-07 04:00:00	7882.81870859	7806.48171845	7868.70639343	7834.63682487	139137.15273646	17.75160969	7838.00202721
1912	2019-10-07 06:00:00	7877.54877001	7808.3361892	7834.43682484	7856.3227263	142539.60885216	18.13619776	7859.39868645
1913	2019-10-07 08:00:00	7940.0	7862.75918128	7862.75918128	7925.58632002	475721.42314562	60.1385006	7910.43039649
1914	2019-10-07 10:00:00	8056.0	7927.20825655	7931.53172479	7986.31841632	699618.28199693	87.50185306	7995.46818188
1915	2019-10-07 12:00:00	8191.0	7983.89999988	7983.89999988	8146.91712464	1274200.8373861	156.99858578	8116.00200763
1916	2019-10-07 14:00:00	8211.1111	8110.55926773	8144.42867216	8171.98718657	597989.46999622	73.30539098	8157.51013672
1917	2019-10-07 16:00:00	8265.66025217	8140.0	8176.47439115	8257.0	719167.07471499	87.57610157	8211.91011956
1918	2019-10-07 18:00:00	8293.21419929	8200.01000001	8257.0	8211.99999999	987902.94326262	119.89520358	8239.72030376
1919	2019-10-07 20:00:00	8239.65908606	8159.99443312	8210.81621472	8183.1288815	332880.07385686	40.63138104	8192.6842095
1920	2019-10-07 22:00:00	8238.17398952	8179.60000001	8183.1288815	8188.96999999	285370.0743234	34.80387776	8199.37583654
1921	2019-10-08 00:00:00	8265.0	8187.69445095	8188.97	8264.88921589	348715.37013526	42.39230913	8225.91119219
1922	2019-10-08 02:00:00	8299.0	8232.92516136	8264.88921589	8244.51000022	359663.37510566	43.48188838	8271.56750788
1923	2019-10-08 04:00:00	8270.87404872	8191.7	8254.9871255	8242.28323265	237163.92999781	28.81605993	8230.26918232
1924	2019-10-08 06:00:00	8249.21005999	8190.0	8247.3828406	8202.01027304	247445.00629102	30.09532876	8222.04031277
1925	2019-10-08 08:00:00	8198.00000001	8127.89000001	8198.00000001	8164.23252565	546528.16685241	67.04514358	8151.64436481
1926	2019-10-08 10:00:00	8200.28	8154.41000002	8164.23252565	8177.21730321	294984.25090691	36.07771595	8176.35604525
1927	2019-10-08 12:00:00	8236.27361701	8136.01200356	8165.80000016	8199.4	556917.71886178	68.1017118	8177.73451124
1928	2019-10-08 14:00:00	8215.902	8163.50000038	8196.6798199	8182.58209299	753985.46906303	92.07535103	8188.78734241
1929	2019-10-08 16:00:00	8208.29285976	8160.74	8179.2773955	8172.8594773	366497.33551025	44.83892351	8173.6426038
1930	2019-10-08 18:00:00	8199.73826369	8161.75863177	8172.85947731	8165.10649814	305073.3799089	37.3051964	8177.7717141
1931	2019-10-08 20:00:00	8184.47579645	8107.7216428	8167.22341928	8160.25954	377678.18360296	46.40418957	8138.88114635
1932	2019-10-08 22:00:00	8209.22156	8155.34632104	8163.25399596	8168.29932128	591240.49012149	72.23702089	8184.72969728
1933	2019-10-09 00:00:00	8199.31588855	8138.92994567	8168.29932128	8164.17469472	640510.08143463	78.3550371	8174.45955155
1934	2019-10-09 02:00:00	8165.25479598	8120.98145854	8165.25148779	8120.98145854	295408.16445761	36.26740821	8145.27916489
1935	2019-10-09 04:00:00	8161.08239	8118.03235814	8120.25953932	8145.32709203	87069.26123825	10.71043846	8129.3834574
1936	2019-10-09 06:00:00	8187.72044107	8136.89738103	8145.10999682	8176.03030509	229464.16148435	28.1145291	8161.76435565
1937	2019-10-09 08:00:00	8215.24762015	8156.48390121	8176.03030508	8190.64225855	289505.44134238	35.34317809	8191.26793309
1938	2019-10-09 10:00:00	8230.5999999	8159.73910991	8192.44773243	8187.671626	537037.96036269	65.53410568	8194.78582625
1939	2019-10-09 12:00:00	8239.89336301	8160.30000001	8184.87021298	8237.53	470003.8756045	57.42425277	8184.76258606
1940	2019-10-09 14:00:00	8650.0	8239.89336301	8239.89336301	8552.44694521	3282296.1972909	388.15081716	8456.23930745
1941	2019-10-09 16:00:00	8629.32643064	8500.00000001	8556.56246154	8619.66999983	1330227.9575668	155.21025353	8570.49020482
1942	2019-10-09 18:00:00	8677.59062	8555.04125943	8628.25767006	8578.21991595	753456.85481878	87.62544833	8598.60770105
1943	2019-10-09 20:00:00	8612.49677995	8520.79999988	8584.19486036	8552.0	352062.37145542	41.0892823	8568.22878737
1944	2019-10-09 22:00:00	8610.0	8539.39596732	8549.5833451	8557.6500005	668155.34946315	77.85574868	8581.96550404
1945	2019-10-10 00:00:00	8583.74344587	8523.62354024	8559.87075082	8527.00000114	196574.61836429	22.99896482	8547.10722429
1946	2019-10-10 02:00:00	8577.06321526	8480.00000002	8523.62370005	8541.65513888	787962.48920246	92.38616028	8529.01004668
1947	2019-10-10 04:00:00	8582.50979339	8544.12614124	8546.3102037	8548.22340659	305846.35053732	35.73192671	8559.46988304
1948	2019-10-10 06:00:00	8642.0	8537.00001	8548.52340668	8612.27513286	702645.18261035	81.72986386	8597.16570449
1949	2019-10-10 08:00:00	8616.85584093	8490.49620248	8616.11936379	8513.71969861	1094479.9621129	128.13072258	8541.90111531
1950	2019-10-10 10:00:00	8530.63805686	8464.99999999	8510.8982419	8529.30334412	784718.31212701	92.29214593	8502.54703929
1951	2019-10-10 12:00:00	8527.52000001	8422.22442288	8527.52000001	8485.7571105	963817.95679204	113.85434815	8465.35922828
1952	2019-10-10 14:00:00	8546.56354	8453.59128413	8485.65711053	8534.2901774	301081.00922041	35.44522546	8494.26136561
1953	2019-10-10 16:00:00	8567.27036568	8495.6	8535.55702415	8495.6	417248.96846776	48.93591979	8526.43559696
1954	2019-10-10 18:00:00	8551.45569538	8487.97351815	8493.10000004	8551.45569538	542344.23953802	63.68468371	8516.08594003
1955	2019-10-10 20:00:00	8580.70932459	8519.33051282	8550.12208127	8539.0098618	198414.89318904	23.20191862	8551.65887091
1956	2019-10-10 22:00:00	8569.56812296	8529.50330798	8541.90003784	8556.34174685	556456.31302262	65.10531472	8547.01824905
1957	2019-10-11 00:00:00	8567.10735781	8482.75862068	8558.54461617	8525.14365607	482624.33041205	56.66038101	8517.84477635
1958	2019-10-11 02:00:00	8550.13136549	8498.92737912	8522.33509841	8549.13136537	263955.9386294	30.95181629	8527.96282312
1959	2019-10-11 04:00:00	8770.0	8363.28587597	8553.04356498	8445.14764436	4870163.6165338	568.83527986	8561.64128521
1960	2019-10-11 06:00:00	8433.56	8377.0	8425.7639001	8390.74347092	1432948.5472566	170.47535058	8405.60551646
1961	2019-10-11 08:00:00	8398.99999996	8280.0	8392.49110345	8345.0	1037552.5321709	124.44670397	8337.32432496
1962	2019-10-11 10:00:00	8379.10034478	8287.51025423	8344.43430653	8301.91474494	1059361.0614945	127.1861485	8329.21724565
1963	2019-10-11 12:00:00	8354.63920487	8278.48000001	8299.99999999	8344.71534013	790350.21660827	94.78101307	8338.69770968
1964	2019-10-11 14:00:00	8344.6346201	8282.4761527	8330.2095122	8344.33462004	607356.3579466	73.04853936	8314.42166082
1965	2019-10-11 16:00:00	8366.17910419	8283.68786	8341.99375079	8339.30000032	884508.22591196	106.2487263	8324.88309944
1966	2019-10-11 18:00:00	8359.70807811	8301.86645463	8336.10000001	8340.51	479430.09493966	57.56705407	8328.20269657
1967	2019-10-11 20:00:00	8356.83985332	8303.70409218	8340.64925011	8308.7	230477.55509649	27.64363645	8337.45428223
1968	2019-10-11 22:00:00	8342.89999966	8220.0	8309.2	8235.8500005	641962.22713359	77.62445148	8270.10323285
1969	2019-10-12 00:00:00	8327.05662581	8245.16979005	8245.16979005	8307.31646215	517144.80861835	62.44841947	8281.15127664
1970	2019-10-12 02:00:00	8325.02797545	8291.71313813	8305.46450435	8314.4499988	66328.79482332	7.98756472	8304.00718472
1971	2019-10-12 04:00:00	8348.0	8308.33240309	8313.68802037	8330.79815286	188785.85960572	22.67628149	8325.25648832
1972	2019-10-12 06:00:00	8354.33705999	8326.00000002	8330.45986998	8335.25480001	135916.2589495	16.29666163	8340.12891936
1973	2019-10-12 08:00:00	8362.87962999	8326.70000001	8335.55480001	8336.17590001	82559.99861812	9.89597517	8342.78554663
1974	2019-10-12 10:00:00	8339.5745758	8295.89999998	8336.1759	8317.13723691	492315.06239581	59.23228065	8311.60065074
1975	2019-10-12 12:00:00	8337.73391996	8308.47843489	8318.73693027	8328.01209571	436270.41021431	52.43007559	8320.9952552
1976	2019-10-12 14:00:00	8398.918224	8313.88052055	8327.68602638	8373.57428677	403310.41177553	48.27866183	8353.80262186
1977	2019-10-12 16:00:00	8390.58745915	8318.95021855	8373.60000001	8322.89999985	577392.48063116	69.20647881	8343.04086206
1978	2019-10-12 18:00:00	8325.12494709	8293.40679066	8320.69999997	8303.97320393	391804.69464632	47.15641633	8308.61895663
1979	2019-10-12 20:00:00	8345.3267959	8312.20456462	8315.99999939	8330.20000007	170782.92703226	20.5202088	8322.67004184
1980	2019-10-12 22:00:00	8343.22599598	8295.32872073	8329.70000004	8301.78354408	322746.82773948	38.76133631	8326.514472
1981	2019-10-13 00:00:00	8360.1094028	8281.46072227	8291.30138248	8343.49999997	199941.21367525	24.01693127	8325.01086119
1982	2019-10-13 02:00:00	8350.99999916	8324.60498513	8339.20061202	8331.80660657	42226.12294031	5.06338351	8339.5071412
1983	2019-10-13 04:00:00	8351.97390889	8316.60000001	8332.60000223	8323.30000014	89235.97967386	10.70871081	8333.02731366
1984	2019-10-13 06:00:00	8344.11356585	8309.49000001	8321.52066742	8326.49999954	105533.11005708	12.68234944	8321.25865608
1985	2019-10-13 08:00:00	8353.5999997	8318.57021264	8319.40000288	8341.69999818	79293.05930357	9.52045644	8328.70354518
1986	2019-10-13 10:00:00	8373.58212176	8326.93690012	8340.79999801	8352.32872487	271536.15850768	32.53543734	8345.85856861
1987	2019-10-13 12:00:00	8432.22999999	8345.57374351	8354.02006433	8413.48997497	670684.59897528	79.83749103	8400.62219294
1988	2019-10-13 14:00:00	8418.18999949	8371.82463994	8415.58676759	8411.80017055	216062.44848573	25.74878385	8391.17100614
1989	2019-10-13 16:00:00	8456.08461	8398.24280622	8411.70017052	8417.0	357112.78877243	42.36135888	8430.15423051
1990	2019-10-13 18:00:00	8434.2445573	8420.00000001	8426.53485366	8425.78850691	189912.84630787	22.52957876	8429.48944278
1991	2019-10-13 20:00:00	8431.51522814	8162.62400001	8431.51522813	8247.20000015	883563.64142051	106.98615444	8258.67277915
1992	2019-10-13 22:00:00	8310.14835854	8245.0	8245.0	8281.87357591	326241.9273296	39.41004097	8278.14230332
1993	2019-10-14 00:00:00	8291.08313415	8247.46	8278.48	8291.08313411	349983.09256938	42.31724664	8270.45992729
1994	2019-10-14 02:00:00	8306.15974445	8279.63409835	8285.09130318	8286.47285606	439714.68015286	53.02370317	8292.7946157
1995	2019-10-14 04:00:00	8324.08358635	8275.43284569	8290.99999985	8310.07451999	332106.48874556	40.02507733	8297.4602649
1996	2019-10-14 06:00:00	8328.52407783	8290.52944763	8308.122276	8301.21429281	546373.75325094	65.77074938	8307.24536973
1997	2019-10-14 08:00:00	8323.65745995	8282.59681502	8303.07108432	8297.60287861	510863.30334586	61.48736499	8308.42732371
1998	2019-10-14 10:00:00	8311.87007755	8278.99999996	8297.60287861	8283.66749539	216640.26822372	26.13856368	8288.14738544
1999	2019-10-14 12:00:00	8290.77498745	8245.24025472	8278.48	8290.77498745	389926.68448517	47.18324354	8264.09240294
2000	2019-10-14 14:00:00	8285.59043427	8249.20000001	8278.30000054	8252.96172774	304159.03406198	36.80000155	8265.19079486
2001	2019-10-14 16:00:00	8384.05283992	8208.2828211	8252.90141288	8331.23899467	1021187.5096732	123.00118062	8302.25778749
2002	2019-10-14 18:00:00	8370.04527298	8321.0	8333.59999995	8322.00000023	496063.46457951	59.49781932	8337.50665568
2003	2019-10-14 20:00:00	8346.46008748	8244.07609776	8337.68634566	8302.37236493	544986.68003565	65.57310106	8311.13171751
2004	2019-10-14 22:00:00	8350.0	8298.40755301	8303.27187637	8345.08962667	110652.98622425	13.27711223	8334.11545428
2005	2019-10-15 00:00:00	8384.8989	8322.00000006	8345.08962666	8327.99999967	203442.19765454	24.32938381	8361.99548839
2006	2019-10-15 02:00:00	8332.96872921	8310.00000001	8322.0	8310.31701032	60316.35338973	7.25150409	8317.77140868
2007	2019-10-15 04:00:00	8329.19999989	8300.4086499	8310.31701032	8327.33526702	108667.89761261	13.06265342	8318.97579447
2008	2019-10-15 06:00:00	8340.50999997	8277.76362018	8327.33526703	8280.00000029	428451.29922401	51.57601489	8307.18116042
2009	2019-10-15 08:00:00	8294.92212516	8259.7114552	8282.49063073	8273.64880664	351463.93698752	42.47133237	8275.32166699
2010	2019-10-15 10:00:00	8314.59	8273.68866429	8273.68866429	8289.88789887	242001.23386723	29.16674986	8297.16149481
2011	2019-10-15 12:00:00	8316.01589756	8278.68000007	8290.43179171	8299.74214971	137715.6746898	16.58957596	8301.33784141
2012	2019-10-15 14:00:00	8349.0	8233.00000002	8299.94214971	8309.49	575023.99880836	69.48672045	8275.30778664
2013	2019-10-15 16:00:00	8309.79118996	8100.0	8309.49000002	8167.62	1165544.2914019	142.47575658	8180.64995322
2014	2019-10-15 18:00:00	8179.26588184	8148.41084592	8161.3748627	8168.72875386	404101.33098507	49.48910881	8165.45984969
2015	2019-10-15 20:00:00	8172.53446014	8128.32277722	8172.53446014	8145.00000002	85208.19781577	10.45789722	8147.737162
2016	2019-10-15 22:00:00	8175.89174999	8137.17000328	8145.20000004	8163.15567182	296046.59858392	36.31389425	8152.43324072
2017	2019-10-16 00:00:00	8179.99999992	8146.45956532	8160.95567154	8174.4	167932.84731106	20.58212707	8159.15899945
2018	2019-10-16 02:00:00	8177.39144192	8146.80000006	8170.35197639	8165.94906306	146351.9226755	17.92765141	8163.47436306
2019	2019-10-16 04:00:00	8177.71694443	8161.40000006	8166.39999999	8170.65057005	145468.6827649	17.80883476	8168.34367465
2020	2019-10-16 06:00:00	8174.87723243	8126.92277719	8171.05221053	8138.08784974	364525.51522724	44.71836123	8151.58483452
2021	2019-10-16 08:00:00	8145.67369224	8101.00000001	8137.78784937	8145.67369224	352849.79077987	43.41810657	8126.78899783
2022	2019-10-16 10:00:00	8160.65307049	8002.24705	8147.49831	8054.5478194	1248463.0940713	154.17020403	8097.95318055
2023	2019-10-16 12:00:00	8054.24781935	7935.85341091	8054.24781935	7999.79999956	1066162.7263507	133.58359941	7981.23969603
2024	2019-10-16 14:00:00	7999.79999956	7946.1799945	7999.79999956	7951.79000008	328452.33897267	41.17927521	7976.15638686
2025	2019-10-16 16:00:00	8011.12626443	7921.5981865	7951.19	7979.44619975	896330.67933796	112.38420882	7975.5927345
2026	2019-10-16 18:00:00	7981.0	7930.10609663	7977.73913957	7960.1150887	369701.19849926	46.45930966	7957.52673048
2027	2019-10-16 20:00:00	7991.97879964	7960.1150886	7960.1150886	7977.85000128	130760.1460188	16.3860835	7979.95115909
2028	2019-10-16 22:00:00	8022.81180033	7977.85000058	7980.0	8000.03045398	498040.63208684	62.21959012	8004.56305042
2029	2019-10-17 00:00:00	7990.3	7954.84687635	7990.17114799	7954.84687712	254866.04712869	31.96150982	7974.15543145
2030	2019-10-17 02:00:00	7985.3439344	7958.59724256	7962.78866792	7970.1798737	94960.19243693	11.9052642	7976.31962144
2031	2019-10-17 04:00:00	7981.64256574	7934.82663091	7972.99007866	7978.32180071	249053.97891488	31.29718237	7957.71248576
2032	2019-10-17 06:00:00	7986.12654845	7953.41431492	7981.4425648	7977.79999999	171759.10364232	21.54784021	7971.05890745
2033	2019-10-17 08:00:00	8072.83021001	7973.3411726	7977.39999983	8056.82	932087.86916953	115.98962024	8035.95931464
2034	2019-10-17 10:00:00	8112.55502	8059.29	8059.29	8070.41785524	564583.99380998	69.79711212	8088.93056834
2035	2019-10-17 12:00:00	8072.94353944	8019.58909145	8066.54225142	8057.94395983	718279.4470241	89.17622506	8054.60700473
2036	2019-10-17 14:00:00	8087.39274521	8032.79991696	8060.58198579	8071.30295866	394825.32352064	48.97757489	8061.34898282
2037	2019-10-17 16:00:00	8117.18819994	8053.26700416	8074.96862006	8074.71432766	481424.1626797	59.54184601	8085.47592896
2038	2019-10-17 18:00:00	8087.12359546	8044.8546915	8087.09168333	8050.25549612	213853.6772618	26.51251976	8066.13928806
2039	2019-10-17 20:00:00	8063.81431576	8035.50000002	8057.75062867	8059.90000152	195449.53851744	24.27914542	8050.09958696
2040	2019-10-17 22:00:00	8072.70975594	8042.99867709	8060.7000016	8072.70975588	315723.08071112	39.15677831	8063.05049438
2041	2019-10-18 00:00:00	8101.36533697	8048.55797156	8070.8303962	8101.36533697	221634.49833665	27.43998781	8077.06256545
2042	2019-10-18 02:00:00	8113.83999974	8060.0	8104.52714	8063.6	238124.44073531	29.50285668	8071.2333493
2043	2019-10-18 04:00:00	8072.67946458	7858.97181408	8062.6857773	7912.35972555	1519712.8311021	190.86230566	7962.35184232
2044	2019-10-18 06:00:00	7926.42691001	7867.30126004	7906.68337931	7914.99999946	534015.84576738	67.61571873	7897.80624679
2045	2019-10-18 08:00:00	7922.62147889	7818.0	7912.57224011	7904.45522443	969166.85815368	123.11420971	7872.09584041
2046	2019-10-18 10:00:00	7936.99999998	7883.39999982	7910.29999845	7922.89219446	229557.88399975	29.04128457	7904.53615942
2047	2019-10-18 12:00:00	7964.51734965	7917.96413861	7922.11537833	7938.51400032	353509.32406744	44.54332985	7936.30214126
2048	2019-10-18 14:00:00	7935.23177112	7894.57734314	7924.3941063	7915.70000054	610491.69485492	77.13173456	7914.92241601
2049	2019-10-18 16:00:00	7947.39999999	7904.5113001	7919.64081934	7938.95005238	577129.82480658	72.83575252	7923.71609874
2050	2019-10-18 18:00:00	7981.8814759	7925.88475523	7938.45005232	7941.00003495	1012559.1229243	127.36879699	7949.82088905
2051	2019-10-18 20:00:00	7950.25414406	7915.27645381	7948.30996935	7946.3179509	334760.63154469	42.18827362	7934.92131391
2052	2019-10-18 22:00:00	7975.0	7940.18647907	7946.31795072	7949.72534466	254058.31727113	31.91430042	7960.64190433
2053	2019-10-19 00:00:00	7956.08733141	7914.28462552	7948.16	7914.33873687	133809.52095232	16.86658944	7933.40713179
2054	2019-10-19 02:00:00	7960.80502312	7901.70932951	7915.11485511	7942.41627297	180153.14204667	22.77417484	7910.41358522
2055	2019-10-19 04:00:00	7961.21237972	7920.01400389	7942.41627297	7934.26000001	65246.41434831	8.20753107	7949.57872128
2056	2019-10-19 06:00:00	7940.89339979	7915.8811066	7934.56000009	7940.41488812	37441.10847024	4.71996311	7932.50023308
2057	2019-10-19 08:00:00	7991.02861106	7931.70000001	7931.70000001	7948.08756148	323484.83190488	40.63967168	7959.82886997
2058	2019-10-19 10:00:00	7954.42405176	7922.23230003	7944.67780638	7945.32168003	109901.76745096	13.84144795	7940.04845793
2059	2019-10-19 12:00:00	8089.66149787	7877.00000001	7945.12168001	8009.10075666	648869.60026638	81.35112657	7976.15998234
2060	2019-10-19 14:00:00	8024.60961631	7983.32094	8011.93276387	7992.09999873	169590.71531138	21.17875729	8007.58576101
2061	2019-10-19 16:00:00	8000.00999914	7955.76142545	7992.09999865	7998.04715633	364732.41639071	45.71922348	7977.65991258
2062	2019-10-19 18:00:00	8002.69999963	7957.50780646	7996.97120725	7974.50661325	337865.31114341	42.32828094	7982.02297944
2063	2019-10-19 20:00:00	7980.59999926	7899.0	7974.9066135	7953.74134094	334895.3014931	42.22345384	7931.49946383
2064	2019-10-19 22:00:00	7952.26047833	7920.89825301	7944.13940003	7952.26047833	125079.18186471	15.76286796	7935.05231294
2065	2019-10-20 00:00:00	7953.54367503	7884.84536003	7953.54367503	7894.89753199	296575.94232308	37.49071724	7910.64999969
2066	2019-10-20 02:00:00	7921.47398778	7873.92836958	7893.75176094	7907.79998705	104137.74532253	13.18286208	7899.47923983
2067	2019-10-20 04:00:00	7929.31378601	7902.0672607	7909.59999707	7910.22065928	50322.72867883	6.35491686	7918.70763811
2068	2019-10-20 06:00:00	7940.1742855	7901.75	7910.2206593	7909.65764216	114403.5445623	14.43914293	7923.15341131
2069	2019-10-20 08:00:00	7976.67665032	7888.83497953	7916.62408219	7942.17112352	258747.70613942	32.6538376	7923.96009648
2070	2019-10-20 10:00:00	7956.35999999	7924.33000003	7948.22268924	7939.10224164	66355.8722321	8.35810342	7939.10638546
2071	2019-10-20 12:00:00	7980.26813324	7939.10224167	7947.16712558	7952.90034565	193560.26703535	24.32343593	7957.76828538
2072	2019-10-20 14:00:00	8036.82	7952.90050097	7963.10224272	8029.39714806	423214.9048943	52.96494549	7990.4718296
2073	2019-10-20 16:00:00	8157.99477976	8001.03768708	8019.20000007	8140.60000089	410331.68880266	50.78903644	8079.13907339
2074	2019-10-20 18:00:00	8239.54784187	8125.30000039	8140.60000069	8228.17810539	437872.94061989	53.42124122	8196.60739099
2075	2019-10-20 20:00:00	8293.43406172	8184.97427254	8237.48563027	8190.88143633	483898.1842872	58.77608306	8232.90969888
2076	2019-10-20 22:00:00	8223.65245257	8169.13130122	8197.49999945	8221.11725194	167162.62266113	20.36605927	8207.9021987
2077	2019-10-21 00:00:00	8230.9566	8180.55739368	8225.95659995	8214.83851168	139020.67116298	16.94432965	8204.55420984
2078	2019-10-21 02:00:00	8252.0	8207.71148473	8215.0	8217.66468615	232296.58080164	28.25372972	8221.80232853
2079	2019-10-21 04:00:00	8240.0	8200.0	8217.66468614	8228.98027599	305251.97064329	37.11967012	8223.45591047
2080	2019-10-21 06:00:00	8245.0	8207.51987676	8230.60092399	8216.29725039	498807.46835202	60.62128715	8228.25597743
2081	2019-10-21 08:00:00	8216.95489297	8190.75769486	8214.5	8198.77608162	119849.25395988	14.61334627	8201.35592119
2082	2019-10-21 10:00:00	8272.61219998	8196.10000003	8201.52954059	8223.92000027	119717.72002176	14.53264189	8237.84972669
2083	2019-10-21 12:00:00	8254.86240794	8217.35068208	8230.89999984	8238.12929697	181779.74554384	22.08942916	8229.26406233
2084	2019-10-21 14:00:00	8338.26944733	8115.71276396	8238.629297	8190.00000001	885453.1516407	107.82991987	8211.5720081
2085	2019-10-21 16:00:00	8198.56839851	8148.01205279	8191.34946839	8182.79999983	399969.45904527	48.94068984	8172.53415006
2086	2019-10-21 18:00:00	8188.46077732	8151.0	8184.83423685	8185.89999768	315280.73644291	38.60190967	8167.49065365
2087	2019-10-21 20:00:00	8227.80114083	8181.00000005	8181.00000005	8207.0	209139.85355125	25.51531694	8196.63945554
2088	2019-10-21 22:00:00	8216.50416035	8181.50000042	8207.0	8199.04394432	233582.42765307	28.51863781	8190.51839745
2089	2019-10-22 00:00:00	8195.00040602	8161.18853757	8181.0011008	8162.30000001	226868.94277158	27.72999383	8181.3556888
2090	2019-10-22 02:00:00	8205.08579717	8161.18853724	8162.21013743	8201.09999985	176343.77350697	21.5653376	8177.18585156
2091	2019-10-22 04:00:00	8218.5999995	8186.90010019	8201.39999989	8204.353735	406593.93087405	49.55500949	8204.9006762
2092	2019-10-22 06:00:00	8220.84527625	8184.45323077	8204.35373502	8209.89999999	268249.44856164	32.71362063	8199.93150851
2093	2019-10-22 08:00:00	8265.63765322	8203.9908596	8209.89999999	8265.63765321	215819.350345	26.18998894	8240.52850268
2094	2019-10-22 10:00:00	8276.32074801	8213.75996001	8265.63765323	8275.89361503	239228.24277843	29.01637633	8244.5940202
2095	2019-10-22 12:00:00	8293.62418282	8195.15510055	8275.89361504	8220.91587211	520319.96328872	63.21052813	8231.53956598
2096	2019-10-22 14:00:00	8227.91784983	8148.87662785	8220.91587213	8207.99999999	283965.43614739	34.66021024	8192.83651717
2097	2019-10-22 16:00:00	8215.78947368	8182.9000021	8198.50000001	8203.41720053	269679.25085864	32.89952024	8197.05724859
2098	2019-10-22 18:00:00	8203.41720049	8160.5263158	8203.41720046	8163.00000029	275057.32289975	33.59655731	8187.06870355
2099	2019-10-22 20:00:00	8162.00000001	8065.1	8162.00000001	8087.68150879	459615.36507767	56.74093975	8100.24238411
2100	2019-10-22 22:00:00	8105.0	7995.0	8095.62908503	8022.14757244	709033.08915146	88.2391989	8035.3527456
2101	2019-10-23 00:00:00	8046.86041112	7999.00000004	8022.0	8029.2000001	579994.80207662	72.19206254	8034.05224438
2102	2019-10-23 02:00:00	8038.15303437	7944.28227859	8034.08864052	7959.72574463	629128.39979685	78.68194063	7995.8424355
2103	2019-10-23 04:00:00	7976.42141967	7928.52322252	7957.24006283	7941.49049142	599885.30927628	75.42180314	7953.73863129
2104	2019-10-23 06:00:00	7984.33999939	7939.52727258	7947.40000002	7961.04074854	426388.1297762	53.52618402	7965.97287071
2105	2019-10-23 08:00:00	7998.91	7950.00000001	7961.04074854	7991.45832739	152805.75096063	19.15738614	7976.3361162
2106	2019-10-23 10:00:00	8010.75525424	7950.0	7994.40773738	7958.65527908	577898.06334364	72.29840234	7993.23421596
2107	2019-10-23 12:00:00	7962.96889435	7432.36997743	7962.96889434	7493.10211468	4107708.8163788	539.73825351	7610.55713517
2108	2019-10-23 14:00:00	7531.478892	7430.00000001	7493.10211467	7446.10242481	1020877.8825782	136.62400711	7472.17055166
2109	2019-10-23 16:00:00	7513.07263261	7305.76084001	7431.72000034	7512.0	2149404.6881154	288.90237734	7439.89962251
2110	2019-10-23 18:00:00	7536.25063822	7484.38378957	7509.74639972	7484.9809136	1281578.7928864	170.80792112	7503.04075175
2111	2019-10-23 20:00:00	7494.49999991	7425.5671	7480.88436001	7425.56740004	468077.38483191	62.66971008	7468.95724001
2112	2019-10-23 22:00:00	7471.0	7400.0	7431.31152802	7465.12909912	582757.4836332	78.56576158	7417.44841408
2113	2019-10-24 00:00:00	7497.36628144	7417.94984244	7464.20356194	7442.8593598	491092.17919172	65.8417024	7458.6798532
2114	2019-10-24 02:00:00	7446.67229025	7401.7431009	7437.7	7411.1882792	314129.83336711	42.33089428	7420.81731818
2115	2019-10-24 04:00:00	7427.34560502	7396.09999989	7411.18827923	7415.55519326	411370.16742188	55.46339918	7416.96638691
2116	2019-10-24 06:00:00	7437.86891798	7343.79989326	7409.80291072	7416.70500629	525763.68819509	71.08725257	7396.03331381
2117	2019-10-24 08:00:00	7475.44942508	7390.29999911	7422.72091061	7443.32662264	614068.24278581	82.60291721	7433.97767931
2118	2019-10-24 10:00:00	7457.78931135	7414.00744002	7446.01033041	7426.29999996	295833.99957026	39.79643326	7433.68124569
2119	2019-10-24 12:00:00	7462.11999995	7422.82000013	7425.63633357	7444.61000018	792860.26812152	106.50430052	7444.39674501
2120	2019-10-24 14:00:00	7497.93007915	7412.5268586	7448.89999999	7434.10631741	1214661.1681093	163.01436213	7451.2524678
2121	2019-10-24 16:00:00	7459.97598297	7411.13131061	7433.38833532	7431.79715979	900599.86686926	121.06179665	7439.17479989
2122	2019-10-24 18:00:00	7469.87251543	7427.60762539	7434.54986187	7467.39851338	358895.78973692	48.20679368	7444.92139674
2123	2019-10-24 20:00:00	7465.30000049	7421.04000226	7465.30000049	7428.1	205607.32524892	27.61343761	7445.91557751
2124	2019-10-24 22:00:00	7464.03147264	7411.45691337	7431.22630239	7415.0	137251.26043922	18.44881598	7439.57013761
2125	2019-10-25 00:00:00	7442.40321722	7411.13131061	7415.00000001	7437.87715175	98474.89406559	13.26661076	7422.7619885
2126	2019-10-25 02:00:00	7452.90394577	7424.79084459	7437.57654342	7431.7102602	74113.52282296	9.96662652	7436.16936726
2127	2019-10-25 04:00:00	7443.69999819	7382.21400002	7440.50001627	7438.09999992	258486.91974609	34.88783935	7409.08363951
2128	2019-10-25 06:00:00	7464.85894599	7438.09999992	7442.9999997	7457.40000024	295832.89312668	39.70642134	7450.50506046
2129	2019-10-25 08:00:00	7474.0	7441.07000005	7460.7	7444.07000188	287932.54496327	38.6271497	7454.14940526
2130	2019-10-25 10:00:00	7640.98933133	7446.1000013	7446.1000013	7575.33725438	911478.40885503	120.58341363	7558.9036785
2131	2019-10-25 12:00:00	7688.78999991	7575.33725437	7575.33725437	7667.00424486	570291.31402888	74.78106538	7626.14588507
2132	2019-10-25 14:00:00	8400.0	7640.14811112	7672.01822453	8262.99979998	3016638.5106956	378.11215485	7978.1579936
2133	2019-10-25 16:00:00	8750.60000015	8250.0	8250.00000002	8477.28038633	4116016.345032	486.2198769	8465.33953172
2134	2019-10-25 18:00:00	8659.03607425	8439.62919298	8468.97004941	8629.04543979	1348620.3223907	157.10332183	8584.28903145
2135	2019-10-25 20:00:00	8654.54795754	8549.85569116	8633.87134318	8567.9720798	578489.4252126	67.31900628	8593.25556302
2136	2019-10-25 22:00:00	8694.34559945	8551.0410503	8591.43342716	8656.9899841	676757.05237243	78.45058118	8626.53969152
