	date	high	low	open	close	volume	quoteVolume	weightedAverage
0	2018-04-30 22:00:00	9293.4	9158.54320134	9243.05731777	9218.79293079	1058491.7651186	114.63853752	9233.29787711
1	2018-05-01 00:00:00	9235.38	8888.18	9235.38	8998.5	3352418.8868953	371.23702104	9030.40024807
2	2018-05-01 02:00:00	9045.0	8898.63646361	8998.5	8945.0	2452965.2041718	273.71523244	8961.74166963
3	2018-05-01 04:00:00	9016.51490082	8906.0	8945.0	8942.0	783865.16216921	87.42878845	8965.75574322
4	2018-05-01 06:00:00	9018.59006467	8921.02233798	8943.97929522	8988.22907615	838228.67683928	93.46939618	8967.94791768
5	2018-05-01 08:00:00	9073.03520501	8970.0	8988.22907537	9033.27184639	835892.46744802	92.51446185	9035.26271171
6	2018-05-01 10:00:00	9063.42189894	8962.2775372	9033.31652252	8978.0	504551.81504151	55.95340824	9017.35624177
7	2018-05-01 12:00:00	9000.78866117	8823.0	8978.0	8906.59253637	1488230.5594666	167.50351497	8884.77211796
8	2018-05-01 14:00:00	8964.49999973	8873.84243303	8931.8455325	8921.68634317	1054868.9138057	118.28144354	8918.29590707
9	2018-05-01 16:00:00	9035.11487422	8907.17313902	8931.60794478	9000.93888447	507001.89179692	56.4625538	8979.43606293
10	2018-05-01 18:00:00	9024.65182209	8937.0	9000.93888447	8996.97471057	385253.08187914	42.91288531	8977.56184642
11	2018-05-01 20:00:00	9106.0	8970.26304176	8988.0	9091.91064127	657434.19296495	72.66386837	9047.60794756
12	2018-05-01 22:00:00	9112.0	9040.0	9091.0	9070.97331262	933341.87959738	102.74007913	9084.49640589
13	2018-05-02 00:00:00	9111.0	8967.2763848	9081.58477857	9025.0	438514.49545978	48.49685235	9042.12282263
14	2018-05-02 02:00:00	9068.23080583	9000.0	9039.68785017	9045.09226098	222802.47618869	24.65752422	9035.88187527
15	2018-05-02 04:00:00	9109.0	9039.47712473	9045.09226098	9070.92907079	715737.96087794	78.83996064	9078.365274
16	2018-05-02 06:00:00	9197.0	9056.4082443	9070.92907079	9150.66005803	959489.6127178	104.95132887	9142.23405314
17	2018-05-02 08:00:00	9165.0	9111.2004188	9160.0	9122.09414525	423402.45601034	46.34702518	9135.48290027
18	2018-05-02 10:00:00	9200.0	9122.07217355	9125.0	9176.99999701	521485.33920029	56.81603897	9178.4881286
19	2018-05-02 12:00:00	9181.88	9000.0	9170.0	9093.58504373	2347148.2242591	259.62300579	9040.60184157
20	2018-05-02 14:00:00	9178.45499999	9070.28219506	9103.0	9147.56458779	727055.4814073	79.63357356	9130.01198997
21	2018-05-02 16:00:00	9178.06919219	9108.0219717	9160.0	9129.7748192	472283.42542136	51.67497351	9139.50009727
22	2018-05-02 18:00:00	9149.81637037	9079.9	9120.86871094	9120.00000372	427429.59211943	46.8826268	9117.01458074
23	2018-05-02 20:00:00	9260.0	9100.06809985	9125.0	9226.366417	877837.39843256	95.43733585	9198.05011963
24	2018-05-02 22:00:00	9279.99999996	9197.34806407	9227.0	9245.0	871187.06431056	94.18902441	9249.34799747
25	2018-05-03 00:00:00	9265.0	9197.24	9245.0	9241.56756952	629419.4664138	68.23174547	9224.73054262
26	2018-05-03 02:00:00	9287.8371948	9217.18168705	9241.45648101	9265.5108029	794539.29079846	85.79688423	9260.70099082
27	2018-05-03 04:00:00	9300.81206059	9174.0905896	9250.00000211	9200.00000001	1227197.0207879	132.45089773	9265.29787128
28	2018-05-03 06:00:00	9249.99999985	9160.0	9205.0	9245.17839298	1443907.3952952	156.97062683	9198.58335571
29	2018-05-03 08:00:00	9258.00000003	9180.08935981	9245.1783936	9197.61040856	637909.16899173	69.18458366	9220.3947071
30	2018-05-03 10:00:00	9232.99999882	9180.00000001	9213.95523721	9196.63968836	465599.46586001	50.5588322	9209.06289959
31	2018-05-03 12:00:00	9450.0	9196.15633764	9205.61372559	9450.0	2124058.0769282	227.15857782	9350.55192417
32	2018-05-03 14:00:00	9488.000001	9401.96962423	9450.0	9441.0	1874870.1614886	198.51778993	9444.34331124
33	2018-05-03 16:00:00	9700.66328938	9430.0	9435.77943088	9700.66328938	3106659.6106318	324.3459035	9578.22983767
34	2018-05-03 18:00:00	9763.015	9629.0	9700.66328938	9679.9777824	2896650.2865724	298.81753608	9693.70915968
35	2018-05-03 20:00:00	9700.0	9630.42189274	9679.9777824	9684.5045226	630197.10285424	65.18483492	9667.84841332
36	2018-05-03 22:00:00	9822.51833374	9657.22000001	9684.5045226	9746.08286219	1980103.2761574	202.85215001	9761.31273964
37	2018-05-04 00:00:00	9766.18449487	9537.0	9756.0	9615.000001	2606109.3221472	271.27988265	9606.71796481
38	2018-05-04 02:00:00	9676.74390944	9570.011111	9606.5579721	9587.39361171	745431.87291001	77.47511402	9621.56535474
39	2018-05-04 04:00:00	9650.88425239	9587.39361171	9592.34744375	9630.53791808	363852.46949715	37.79470352	9627.07563784
40	2018-05-04 06:00:00	9727.8141318	9610.33838779	9637.53791807	9695.04690287	600100.37887309	62.04035044	9672.74321658
41	2018-05-04 08:00:00	9820.0	9672.95084125	9694.99999975	9751.24134482	1188727.5873675	121.79746073	9759.87167747
42	2018-05-04 10:00:00	9791.700001	9661.00010004	9751.24134482	9768.75552384	939909.72868384	96.53948234	9736.01376246
43	2018-05-04 12:00:00	9791.70000075	9620.00000001	9768.75552384	9648.41000014	882507.27106663	90.78427454	9720.92662014
44	2018-05-04 14:00:00	9720.0	9577.7735524	9641.36998356	9622.99999933	1352261.544924	140.20359607	9644.98474239
45	2018-05-04 16:00:00	9710.0	9582.689617	9612.0	9664.0	1358601.873573	141.01701248	9634.31184422
46	2018-05-04 18:00:00	9678.17662755	9620.38920128	9664.00000001	9677.0	289398.53935333	29.97537138	9654.54391488
47	2018-05-04 20:00:00	9771.7690539	9653.51251333	9677.0	9756.0	681040.84267553	70.08218329	9717.74580505
48	2018-05-04 22:00:00	9775.10123575	9700.0	9738.90214549	9719.99999895	962984.40028738	98.9158285	9735.39235216
49	2018-05-05 00:00:00	9800.09194128	9690.19107228	9716.34555274	9800.05	1238552.8558778	126.79481046	9768.16678367
50	2018-05-05 02:00:00	9929.16055701	9800.05	9800.09194128	9840.0	1086097.2313368	110.09855122	9864.77314462
51	2018-05-05 04:00:00	9891.0	9792.10000001	9839.9769164	9826.02308395	774087.39081258	78.71749025	9833.74073988
52	2018-05-05 06:00:00	9855.91562338	9787.03014413	9826.00000019	9801.54192672	626513.64809228	63.86928204	9809.31095639
53	2018-05-05 08:00:00	9880.0	9801.54192672	9801.54192672	9859.99971583	460135.63516312	46.70461539	9852.03777658
54	2018-05-05 10:00:00	9966.0	9846.0230836	9859.99999967	9890.0	3563045.5887129	359.77398006	9903.56664514
55	2018-05-05 12:00:00	9994.48298795	9880.04616759	9891.0	9901.09925335	1183803.5466477	118.83930781	9961.38035859
56	2018-05-05 14:00:00	9985.43754037	9901.09925335	9901.09925335	9926.1	970430.67528103	97.48052953	9955.12314058
57	2018-05-05 16:00:00	9965.93100771	9830.63572132	9926.9769264	9900.0771	655900.95810895	66.22192496	9904.58912973
58	2018-05-05 18:00:00	9909.294802	9840.0	9900.0	9873.0402063	921978.13249618	93.39024463	9872.31735122
59	2018-05-05 20:00:00	9889.53036338	9736.26240313	9884.13953516	9810.0	1647156.183775	168.44342385	9778.69094635
60	2018-05-05 22:00:00	9885.0	9777.49955093	9791.33513392	9878.36795403	434381.22664947	44.12886562	9843.4714001
61	2018-05-06 00:00:00	9975.0	9854.347809	9880.0	9965.36709176	520642.35681351	52.36572511	9942.42619041
62	2018-05-06 02:00:00	9965.36709192	9850.0	9965.29784031	9900.0	974883.12428821	98.51921231	9895.36052339
63	2018-05-06 04:00:00	9934.0	9752.9999999	9903.93182251	9752.9999999	1113987.3368693	113.42590104	9821.27826761
64	2018-05-06 06:00:00	9769.93074799	9579.50500873	9752.9999999	9725.82850044	2098732.1030055	216.87680881	9677.07019722
65	2018-05-06 08:00:00	9730.0	9507.95992845	9725.82849992	9605.9769164	1821226.8236748	190.05166014	9582.7988155
66	2018-05-06 10:00:00	9681.76195907	9555.2343939	9605.9769164	9600.82475738	629254.71723776	65.41733466	9619.08216695
67	2018-05-06 12:00:00	9640.0	9525.04265337	9575.96218567	9599.70313298	963803.51338649	100.62337682	9578.3260694
68	2018-05-06 14:00:00	9620.0	9478.0	9598.65732352	9519.0	1928130.2155373	201.58758172	9564.7271478
69	2018-05-06 16:00:00	9651.0	9504.59623885	9547.77273535	9630.3101676	602752.34546385	62.68025568	9616.30323496
70	2018-05-06 18:00:00	9636.05074273	9520.0	9625.34955114	9550.0	382692.69939661	39.99943981	9567.45147468
71	2018-05-06 20:00:00	9588.58919431	9528.0	9565.49999841	9570.0	670410.03675773	70.03773562	9572.12609492
72	2018-05-06 22:00:00	9670.39909132	9550.32103026	9563.0	9669.9999996	910696.33790821	94.42646583	9644.50305222
73	2018-05-07 00:00:00	9689.889576	9302.0	9670.0	9354.98	3647322.1009354	387.13610253	9421.29157446
74	2018-05-07 02:00:00	9372.63000003	9253.0	9354.98	9333.00050014	1545077.7189509	165.90038253	9313.28605388
75	2018-05-07 04:00:00	9398.0	9300.0	9335.00050001	9387.95072806	691309.3511386	73.9899667	9343.28506919
76	2018-05-07 06:00:00	9391.97536403	9257.0	9371.0	9323.01252783	1147774.3732958	122.91777966	9337.74085791
77	2018-05-07 08:00:00	9431.6591396	9254.867864	9309.96296008	9280.98	1497388.9144471	160.3866849	9336.11736772
78	2018-05-07 10:00:00	9357.5002	9256.04182586	9280.98	9339.95339233	1119056.6775195	120.25620416	9305.6045244
79	2018-05-07 12:00:00	9377.0	9276.16178293	9321.31077079	9276.16178328	1036134.156815	111.19936543	9317.80638143
80	2018-05-07 14:00:00	9364.24437648	9180.00000002	9277.10000002	9354.99999925	1868081.9925638	201.85036104	9254.78648112
81	2018-05-07 16:00:00	9421.47950457	9335.00100687	9354.99989925	9352.05	896014.14336081	95.46966322	9385.32841889
82	2018-05-07 18:00:00	9464.99999999	9353.0	9372.5462	9421.00050018	869507.6005925	92.35257382	9415.08790309
83	2018-05-07 20:00:00	9461.3518402	9390.68761938	9438.99999969	9391.75886303	897719.05087222	95.14185977	9435.58443194
84	2018-05-07 22:00:00	9415.08449186	9267.9851	9391.75886302	9390.0	890427.41849595	95.62257683	9311.89524497
85	2018-05-08 00:00:00	9461.3518402	9354.21525821	9389.99999978	9431.87039999	406080.97305433	43.12227011	9416.96650056
86	2018-05-08 02:00:00	9474.0	9400.43601743	9431.80167417	9430.0	720454.28122196	76.27501053	9445.4825534
87	2018-05-08 04:00:00	9452.13188502	9324.56243325	9430.04469873	9325.0	830759.0616283	88.45686639	9391.68541157
88	2018-05-08 06:00:00	9395.99999906	9307.90842829	9332.53371196	9383.49083087	1212108.8706006	129.48295068	9361.14650025
89	2018-05-08 08:00:00	9417.40386718	9273.3999005	9383.49083087	9291.9	1858866.0187006	199.20814949	9331.27496771
90	2018-05-08 10:00:00	9342.0	9190.00000004	9315.0	9211.1571232	2064234.611522	223.16477779	9249.82262866
91	2018-05-08 12:00:00	9211.15712328	9056.20692385	9207.834992	9135.82028954	3257801.5910553	357.18944447	9120.65471556
92	2018-05-08 14:00:00	9205.35751534	9082.54498496	9131.0	9200.38530247	1465936.8435768	160.24272367	9148.22720185
93	2018-05-08 16:00:00	9200.40802813	9125.0	9200.38530247	9128.13727418	804128.44602994	87.85311346	9153.10128873
94	2018-05-08 18:00:00	9270.0	9090.0	9139.07994909	9255.02272584	875772.36914657	95.33236896	9186.51638158
95	2018-05-08 20:00:00	9254.99999945	9154.0	9240.0	9199.99999999	512576.52274337	55.66232645	9208.67946839
96	2018-05-08 22:00:00	9259.0	9181.40000004	9199.99999999	9201.0	200732.67357089	21.75101565	9228.65749355
97	2018-05-09 00:00:00	9200.99999971	9120.0	9200.99999971	9155.24678244	751539.91130114	82.01593905	9163.33971184
98	2018-05-09 02:00:00	9180.0	9004.0	9155.24678244	9033.00000001	1567829.9140899	172.99676456	9062.77015109
99	2018-05-09 04:00:00	9091.5	8970.9	9033.00000001	9061.49037903	1505694.1688686	166.48576693	9043.98133626
100	2018-05-09 06:00:00	9099.0	9024.9410003	9077.99999919	9029.20837701	689047.40034455	76.03413207	9062.34320805
101	2018-05-09 08:00:00	9145.0	9022.0	9029.20837701	9110.00000145	795660.5569677	87.33539633	9110.40185769
102	2018-05-09 10:00:00	9268.0441295	9096.22339122	9110.00000205	9249.99999647	1448113.4550565	157.29744917	9206.21067091
103	2018-05-09 12:00:00	9331.33124664	9242.66962469	9249.99999647	9266.0	1082248.0417604	116.54901752	9285.77576018
104	2018-05-09 14:00:00	9334.99999998	9251.0	9266.0	9285.54000085	731539.83851071	78.70846372	9294.29700359
105	2018-05-09 16:00:00	9376.0	9266.2249965	9305.70532793	9309.0	1083624.5523651	116.06817049	9336.10435824
106	2018-05-09 18:00:00	9361.83161341	9258.00008	9309.0	9292.112	435659.20531799	46.82507081	9303.97323019
107	2018-05-09 20:00:00	9329.60454277	9236.0000001	9292.112	9258.5613805	417296.67316365	45.03010986	9267.05874049
108	2018-05-09 22:00:00	9351.21610081	9258.18712097	9285.64145824	9300.40000001	1288857.1197378	138.03027936	9337.49555324
109	2018-05-10 00:00:00	9378.8	9300.40000001	9317.60720751	9305.45664232	395445.23446526	42.31938886	9344.30399676
110	2018-05-10 02:00:00	9350.0	9288.0	9314.82749367	9340.0	451712.97063205	48.44348146	9324.53566544
111	2018-05-10 04:00:00	9370.0	9310.0605609	9329.00322061	9315.0	269771.37108068	28.8638101	9346.35344904
112	2018-05-10 06:00:00	9379.0	9264.6	9324.63308304	9355.04669391	314217.63468989	33.72630626	9316.6927996
113	2018-05-10 08:00:00	9379.0	9320.0	9355.04669391	9350.1	314294.63431644	33.60405498	9352.87823161
114	2018-05-10 10:00:00	9390.0	9317.64573152	9350.1	9332.66131503	360464.46769816	38.53837372	9353.39073509
115	2018-05-10 12:00:00	9402.37950456	9317.6223403	9356.22999801	9380.0	1119003.7857042	119.54543575	9360.48941294
116	2018-05-10 14:00:00	9393.42499988	9320.62647602	9380.02339172	9345.0	361352.32768102	38.63898422	9352.0141633
117	2018-05-10 16:00:00	9378.0	9085.00000001	9345.0	9148.2	2173950.0271542	236.36824025	9197.30173924
118	2018-05-10 18:00:00	9163.95	9055.00000001	9148.2	9075.00000017	1585246.996053	174.00486113	9110.36039888
119	2018-05-10 20:00:00	9138.83542956	9055.0	9075.07017527	9099.99999989	966960.9953766	106.37015691	9090.52899296
120	2018-05-10 22:00:00	9113.12407896	8995.0	9083.35774631	9020.0	1153326.306194	127.68249724	9032.76745931
121	2018-05-11 00:00:00	9021.0	8863.63055527	9020.0	8930.36	2179257.6025186	244.26883965	8921.55383241
122	2018-05-11 02:00:00	8957.30918356	8901.959999	8930.36	8948.04	524007.2805252	58.66286505	8932.52111158
123	2018-05-11 04:00:00	9026.92553121	8928.0	8930.0	9000.0	1150514.1874934	128.09364121	8981.82124128
124	2018-05-11 06:00:00	9020.1123638	8680.69502539	9012.81291906	8733.21314575	4772679.272872	542.30747553	8800.68870193
125	2018-05-11 08:00:00	8834.23049998	8676.00000044	8733.19016215	8743.7163411	2537691.9350338	289.41062821	8768.4821761
126	2018-05-11 10:00:00	8782.5	8621.0	8743.92025597	8621.0	1646780.4839653	189.06968797	8709.91273982
127	2018-05-11 12:00:00	8624.86026668	8472.42693648	8621.0	8540.8	2831216.3811635	331.70039242	8535.46286306
128	2018-05-11 14:00:00	8670.0	8530.00000001	8540.8	8570.0	1204005.9896714	139.95920763	8602.54934319
129	2018-05-11 16:00:00	8674.0	8551.8	8570.09	8570.20000018	800509.74908836	92.96147393	8611.19897572
130	2018-05-11 18:00:00	8684.29210967	8558.62687896	8580.0	8606.97660823	372284.90983002	43.2024172	8617.22408046
131	2018-05-11 20:00:00	8638.13500518	8355.0	8592.8	8374.55819308	1947307.7875555	231.45643852	8413.27983791
132	2018-05-11 22:00:00	8480.0	8370.082998	8380.0	8385.23146603	772323.10312663	91.58034055	8433.28490032
133	2018-05-12 00:00:00	8477.98044604	8375.46945848	8409.99999971	8449.29356433	358020.626473	42.44807206	8434.32007858
134	2018-05-12 02:00:00	8477.875364	8355.0	8449.29356343	8409.67526496	605859.54100075	71.9193031	8424.15756112
135	2018-05-12 04:00:00	8440.0	8264.9865177	8410.7293875	8288.99964069	1495324.4475202	179.77894518	8317.57270587
136	2018-05-12 06:00:00	8331.92499999	8152.1	8288.9996408	8321.03	3051668.9982064	370.17673786	8243.8162264
137	2018-05-12 08:00:00	8540.52887781	8211.0571727	8321.03	8496.40505295	1553071.14109	185.78976066	8359.29351312
138	2018-05-12 10:00:00	8585.99410699	8463.35191427	8520.95197279	8539.99999924	1944258.4898168	228.19471655	8520.17311886
139	2018-05-12 12:00:00	8636.48351648	8514.12165384	8539.99999475	8525.0	783084.38623488	91.2733849	8579.54799301
140	2018-05-12 14:00:00	8539.92857964	8284.63362137	8524.6564553	8339.79	1271860.0562132	151.21638553	8410.86137428
141	2018-05-12 16:00:00	8398.0	8256.53827128	8332.0	8385.20977241	607114.34842057	72.92072764	8325.6759507
142	2018-05-12 18:00:00	8500.0	8314.14014797	8385.41139999	8474.7539692	546451.09307383	65.07233516	8397.59464187
143	2018-05-12 20:00:00	8520.0	8327.37603388	8491.68435415	8379.53619192	864008.2510285	102.5345967	8426.50460269
144	2018-05-12 22:00:00	8541.63089752	8365.06655721	8410.9024923	8471.75248934	849262.61425675	100.21110429	8474.73561212
145	2018-05-13 00:00:00	8520.0	8400.0	8443.91022179	8420.9772734	266515.59401877	31.47774908	8466.79326852
146	2018-05-13 02:00:00	8450.40209602	8351.00000004	8430.0	8436.86879444	427733.53072799	50.96875214	8392.07382501
147	2018-05-13 04:00:00	8447.09948088	8311.00388856	8446.99105145	8356.9362547	225353.81091532	26.96177264	8358.2713171
148	2018-05-13 06:00:00	8495.50596184	8361.18979963	8389.89259934	8450.00000001	341389.44658205	40.5018949	8428.97467945
149	2018-05-13 08:00:00	8616.8	8383.396	8450.0000031	8590.0	839021.94344405	98.59061405	8510.16044
150	2018-05-13 10:00:00	8590.69067213	8516.36179141	8580.0874383	8562.0	522950.63398981	61.15907845	8550.66242401
151	2018-05-13 12:00:00	8617.16161036	8501.0	8550.7382297	8566.5	744492.85891399	86.87010241	8570.18511846
152	2018-05-13 14:00:00	8655.0	8546.78000117	8566.5	8619.97753906	579250.68135897	67.28052112	8609.48565374
153	2018-05-13 16:00:00	8689.95272583	8556.73599404	8629.99999998	8565.0	973654.15423334	112.77806624	8633.3645069
154	2018-05-13 18:00:00	8657.5961932	8556.78545897	8556.78545897	8630.09470308	337654.4517544	39.1502649	8624.57642666
155	2018-05-13 20:00:00	8750.0	8620.12405635	8630.09470308	8646.00000001	993994.01175093	114.06754093	8714.08293408
156	2018-05-13 22:00:00	8750.0	8646.0	8646.00020003	8701.6132838	547853.44972735	62.97702886	8699.25843826
157	2018-05-14 00:00:00	8703.0	8582.0	8673.43452866	8686.00000001	557457.36513736	64.43697907	8651.20266627
158	2018-05-14 02:00:00	8686.0	8376.07388178	8686.0	8397.7568	1152025.4532089	135.14796548	8524.17902938
159	2018-05-14 04:00:00	8427.1601106	8275.00000001	8380.81545263	8359.02099257	1261650.9743395	151.17317154	8345.73331687
160	2018-05-14 06:00:00	8395.0000003	8301.00000001	8362.00200001	8356.98450153	683888.31782825	81.9526477	8344.92035366
161	2018-05-14 08:00:00	8443.1311111	8332.10000102	8357.8	8391.7	424464.80198592	50.57691681	8392.46100311
162	2018-05-14 10:00:00	8451.13111111	8324.95049019	8401.17602706	8435.59999996	869680.35314138	103.82911201	8376.07426573
163	2018-05-14 12:00:00	8739.4	8303.22381945	8435.314926	8697.89490438	2199228.667567	258.17489351	8518.36767575
164	2018-05-14 14:00:00	8822.35000001	8657.45389454	8661.70847413	8799.2299991	2340359.8440533	267.77182091	8740.12745665
165	2018-05-14 16:00:00	8809.14000207	8700.0	8798.92	8747.99748986	597435.55971851	68.13279421	8768.69305957
166	2018-05-14 18:00:00	8774.8820208	8708.1	8747.99748986	8755.0	472253.95057292	54.03788021	8739.31302889
167	2018-05-14 20:00:00	8882.0	8717.9	8754.99999999	8740.46794018	769866.72564932	87.38332171	8810.22500156
168	2018-05-14 22:00:00	8756.41016221	8600.0	8742.21638346	8671.0	784401.57096627	90.50266749	8667.16520872
169	2018-05-15 00:00:00	8751.09147036	8642.62710077	8650.00000566	8706.49069216	450701.8306102	51.83662025	8694.66080999
170	2018-05-15 02:00:00	8720.0	8625.00000001	8719.99999909	8712.52326148	439549.99398838	50.65127749	8677.96461945
171	2018-05-15 04:00:00	8750.1	8669.20784369	8702.0	8733.49416955	252445.60947172	28.95542357	8718.42226246
172	2018-05-15 06:00:00	8784.1	8710.13606249	8733.47108593	8739.0	392760.47191232	44.86936586	8753.42150227
173	2018-05-15 08:00:00	8748.58013909	8633.23465677	8748.58013909	8707.92799261	540992.71415158	62.25851796	8689.45699123
174	2018-05-15 10:00:00	8866.86022463	8700.0	8707.92799261	8754.08293789	990147.57395277	112.78576157	8779.01217467
175	2018-05-15 12:00:00	8786.75801354	8695.41976958	8763.44146894	8726.88789388	492193.86666961	56.38362136	8729.37663097
176	2018-05-15 14:00:00	8752.0	8480.0	8735.7728834	8516.78290135	1418821.4086357	166.16128896	8538.82042872
177	2018-05-15 16:00:00	8586.72469374	8488.02099258	8516.78290135	8550.0	726758.57216198	85.13476202	8536.56667286
178	2018-05-15 18:00:00	8566.07521745	8433.36	8550.0	8560.53056342	1473952.7113059	173.64122026	8488.4954684
179	2018-05-15 20:00:00	8555.0000003	8452.38244456	8555.0000003	8494.45942853	449393.25886088	52.81041586	8509.55728226
180	2018-05-15 22:00:00	8540.08925306	8420.0	8461.96057976	8449.74000183	791737.22733759	93.53059687	8465.00774968
181	2018-05-16 00:00:00	8484.70466449	8241.00000101	8462.67000131	8310.0	2317857.9393574	276.96232856	8368.85634016
182	2018-05-16 02:00:00	8330.00000001	8079.000001	8310.0	8140.0	1800106.5872903	220.48276629	8164.38680256
183	2018-05-16 04:00:00	8230.0	8140.0	8140.00000001	8205.83957841	626350.79719876	76.46714692	8191.10980894
184	2018-05-16 06:00:00	8242.11111	8165.0	8205.37624655	8199.4583808	598121.41844308	72.88852662	8205.97487943
185	2018-05-16 08:00:00	8242.11111	8180.0	8203.72586569	8226.43646683	336585.96539131	41.00102732	8209.2080953
186	2018-05-16 10:00:00	8423.79999998	8212.04198517	8222.00000001	8355.02000001	1084406.5164657	129.97502069	8343.19172029
187	2018-05-16 12:00:00	8379.38815255	8121.30712332	8355.02	8145.10914495	1605957.1206693	194.66556031	8249.82661602
188	2018-05-16 14:00:00	8360.78963526	8145.13013752	8146.0	8280.99999999	893819.24486638	108.66905369	8225.1497967
189	2018-05-16 16:00:00	8333.0	8200.0	8273.43636441	8280.54845914	634688.84199065	76.67070399	8278.11418131
190	2018-05-16 18:00:00	8342.19789258	8246.9324	8303.24609101	8246.9324	612138.1981739	73.71428157	8304.20082969
191	2018-05-16 20:00:00	8306.0	8212.0	8246.9324	8265.90461195	477267.02824405	57.7262505	8267.76421662
192	2018-05-16 22:00:00	8353.15064983	8236.60478466	8266.01919921	8336.80381573	952754.53319057	114.93512068	8289.49869764
193	2018-05-17 00:00:00	8390.67797081	8314.21446043	8341.95055587	8369.21	605102.15417301	72.44817748	8352.20671134
194	2018-05-17 02:00:00	8471.74999999	8333.095624	8369.21	8334.7043837	709337.55655863	84.44480641	8400.01400577
195	2018-05-17 04:00:00	8382.0	8288.0	8348.34916304	8336.08885171	1008568.4745606	120.86036497	8344.90674267
196	2018-05-17 06:00:00	8368.28175636	8201.00000001	8362.79111929	8248.0	452021.56199459	54.53937135	8287.98628964
197	2018-05-17 08:00:00	8314.5078964	8231.0	8248.0	8277.12041922	494825.67363291	59.84101892	8269.00481581
198	2018-05-17 10:00:00	8321.34364997	8253.31039678	8290.3575782	8289.68418522	227402.06332189	27.41247335	8295.56897031
199	2018-05-17 12:00:00	8330.0	8233.5	8300.0	8284.36741094	429998.64402753	51.94949313	8277.24426399
200	2018-05-17 14:00:00	8355.0	8286.0	8286.0	8296.10888301	205853.51624224	24.72095337	8327.08646633
201	2018-05-17 16:00:00	8325.91727768	8223.55703564	8296.04296578	8244.10000062	555861.07248115	67.27761106	8262.19991648
202	2018-05-17 18:00:00	8279.50381293	8120.0	8250.0	8173.74484339	613905.01499569	75.03207864	8181.90067665
203	2018-05-17 20:00:00	8233.39846794	8132.55734295	8173.0	8132.58754719	362347.33746733	44.24352375	8189.83902626
204	2018-05-17 22:00:00	8145.64919578	7989.0	8145.64919578	8050.0	1983146.7062631	246.65666866	8040.10982973
205	2018-05-18 00:00:00	8064.11938857	7920.0	8053.273328	7970.59750311	745937.37597287	93.54221099	7974.33979888
206	2018-05-18 02:00:00	8020.0	7958.00000001	7978.42197336	7990.88474835	434085.89348512	54.2713005	7998.44281389
207	2018-05-18 04:00:00	8069.67538518	7990.88474833	8000.0	8050.0	712310.2734992	88.63741517	8036.22569693
208	2018-05-18 06:00:00	8169.99999911	7966.54830434	8050.23839593	8086.08472415	1037905.8979436	128.42578589	8081.75625129
209	2018-05-18 08:00:00	8132.5442046	8084.02875074	8086.08472416	8098.99	456196.72800837	56.25846049	8108.9443976
210	2018-05-18 10:00:00	8150.0	8061.36802273	8108.39538082	8094.38835863	567423.49820855	69.98339097	8107.9737684
211	2018-05-18 12:00:00	8134.89408868	8060.0	8094.28195142	8097.37999999	688569.871989	85.01566469	8099.32939417
212	2018-05-18 14:00:00	8130.0	8040.18389843	8097.37999935	8103.29106086	434937.72153026	53.78437088	8086.69348388
213	2018-05-18 16:00:00	8146.31119663	8079.30779705	8115.87020332	8100.00000001	439638.24036091	54.13873799	8120.58530884
214	2018-05-18 18:00:00	8265.0	8086.08472415	8098.00000001	8234.06516396	1180743.308635	143.68342028	8217.67261897
215	2018-05-18 20:00:00	8264.99999999	8200.00000001	8234.78315703	8230.0	213137.29087118	25.86988154	8238.81974649
216	2018-05-18 22:00:00	8255.5	8212.47999739	8231.99	8240.0	324033.70270882	39.35180951	8234.27706993
217	2018-05-19 00:00:00	8257.75714128	8163.89999738	8244.0	8200.01264689	555772.7412528	67.66558043	8213.5221145
218	2018-05-19 02:00:00	8259.94999996	8172.48108686	8199.95211499	8230.08566563	233262.07655781	28.440242	8201.83163553
219	2018-05-19 04:00:00	8259.90964538	8212.47999739	8238.9845155	8225.60160799	236198.30078339	28.69994156	8229.92270871
220	2018-05-19 06:00:00	8244.0	8135.0	8232.40799999	8164.1885702	204162.84601444	24.90687453	8197.04799847
221	2018-05-19 08:00:00	8227.39790049	8146.4	8173.69061683	8190.04035458	204061.93472208	24.90366833	8194.05125454
222	2018-05-19 10:00:00	8365.21943672	8190.0	8190.04035458	8365.21943672	588496.79996455	71.07458045	8279.9897831
223	2018-05-19 12:00:00	8390.0	8296.20770237	8365.21943672	8296.20770238	922665.84115618	110.76573015	8329.88542491
224	2018-05-19 14:00:00	8323.54870601	8281.082	8296.20770237	8300.24511231	225890.1044309	27.20869656	8302.12884078
225	2018-05-19 16:00:00	8317.85568226	8270.5	8312.0	8305.49033759	290473.42401914	35.03721968	8290.42448778
226	2018-05-19 18:00:00	8325.78298132	8278.22531024	8288.05616425	8291.5743797	284523.81383672	34.24946064	8307.39546024
227	2018-05-19 20:00:00	8318.61678373	8175.75357	8300.31471331	8186.0852275	765970.93558303	92.80420894	8253.62280797
228	2018-05-19 22:00:00	8242.1830114	8175.75357	8200.89642615	8219.5	259897.0169256	31.65382308	8210.60433265
229	2018-05-20 00:00:00	8232.6049309	8156.85537637	8226.79361551	8222.64744902	422861.55202089	51.50825379	8209.58819036
230	2018-05-20 02:00:00	8287.66926152	8208.73141933	8229.41762333	8242.0	332095.30757261	40.26547465	8247.64417802
231	2018-05-20 04:00:00	8277.85450112	8239.6917211	8249.95828076	8253.56648624	140982.75407867	17.07240568	8257.93134964
232	2018-05-20 06:00:00	8280.0	8223.7975341	8247.5	8254.01356271	126969.62920891	15.36924152	8261.281407
233	2018-05-20 08:00:00	8357.6	8247.40000001	8265.53175386	8339.1436842	435785.59247052	52.39115844	8317.92244047
234	2018-05-20 10:00:00	8383.3	8324.94461412	8348.97940588	8337.34500411	600140.01270603	71.86677619	8350.72956548
235	2018-05-20 12:00:00	8358.0	8280.90000017	8337.34500411	8332.97887488	588326.25803676	70.72926363	8318.00343793
236	2018-05-20 14:00:00	8388.10942176	8318.00000001	8318.00000001	8377.04118829	286699.28577274	34.26903421	8366.13264371
237	2018-05-20 16:00:00	8541.17255942	8377.04118828	8380.0	8508.76707904	1743965.4045624	205.26436828	8496.19161462
238	2018-05-20 18:00:00	8550.33896226	8481.63728857	8515.0	8506.14638223	1021469.2856458	120.02468784	8510.49316626
239	2018-05-20 20:00:00	8585.0	8506.16750734	8516.02840618	8532.63463402	680831.46339532	79.64779497	8548.02651663
240	2018-05-20 22:00:00	8553.43454643	8481.63728857	8534.99999528	8525.00000001	401916.27345745	47.21792646	8511.9424674
241	2018-05-21 00:00:00	8550.0	8452.0	8529.14120759	8456.20807119	434794.12982782	51.23408512	8486.42322409
242	2018-05-21 02:00:00	8522.0	8456.20807132	8465.0	8500.06120433	231144.06799434	27.1848878	8502.66772093
243	2018-05-21 04:00:00	8539.5	8491.91064167	8505.66343688	8512.0208494	231096.06102515	27.12854497	8518.55716112
244	2018-05-21 06:00:00	8580.0	8480.80244598	8512.0208494	8521.15583866	819646.29710091	96.07175701	8531.60515234
245	2018-05-21 08:00:00	8537.37791285	8468.69755058	8530.0	8474.96567627	515264.38741733	60.60316534	8502.26856182
246	2018-05-21 10:00:00	8497.29999718	8434.0	8474.96567627	8481.0	678317.89774531	80.14372426	8463.7681117
247	2018-05-21 12:00:00	8514.14157726	8465.45371312	8481.00000001	8488.10084979	266193.43810469	31.33027826	8496.363674
248	2018-05-21 14:00:00	8496.52701265	8360.0	8496.52701265	8403.67384951	1209196.0152356	143.95712931	8399.69524976
249	2018-05-21 16:00:00	8417.41283059	8368.00000044	8404.08479343	8374.99	405652.92544967	48.34942855	8390.02523122
250	2018-05-21 18:00:00	8394.12651932	8309.88	8373.62663338	8383.93768818	787344.77642002	94.3158559	8347.95770983
251	2018-05-21 20:00:00	8440.0	8367.0	8375.0	8381.79901216	255092.60670433	30.35551802	8403.50036313
252	2018-05-21 22:00:00	8419.0	8362.1	8381.79901216	8381.24277848	228342.93790191	27.22911939	8385.98320538
253	2018-05-22 00:00:00	8400.0	8264.68372133	8390.0	8289.99999995	809534.26938485	97.30073448	8319.91940976
254	2018-05-22 02:00:00	8322.67482491	8266.0	8281.0	8318.10562936	379983.96311763	45.80313834	8296.0246151
255	2018-05-22 04:00:00	8322.67482491	8275.0	8319.0	8290.25239851	442644.04551782	53.37751008	8292.70688824
256	2018-05-22 06:00:00	8360.7	8277.0211251	8298.95642239	8319.7	753670.56354941	90.47690457	8329.97732549
257	2018-05-22 08:00:00	8322.61152823	8211.36583306	8318.76749045	8235.59189282	1140037.5983616	137.88629205	8267.95456903
258	2018-05-22 10:00:00	8272.95829427	8200.16026604	8235.75979088	8212.34712798	612398.1188417	74.36080776	8235.49578452
259	2018-05-22 12:00:00	8250.0	8138.26	8203.0	8215.45157958	1218105.9223421	148.79061575	8186.71201945
260	2018-05-22 14:00:00	8246.6362404	8200.06282543	8219.97915048	8228.0	540362.99049453	65.67894696	8227.33943684
261	2018-05-22 16:00:00	8250.14594994	8207.9816934	8232.72961666	8216.96879164	369028.63006902	44.83041339	8231.65797867
262	2018-05-22 18:00:00	8228.09330386	8162.94197453	8213.0	8175.0	496871.89074019	60.69107935	8186.9015358
263	2018-05-22 20:00:00	8215.10004767	8060.0	8180.0	8067.12675198	1318659.4714883	162.35848743	8121.90044611
264	2018-05-22 22:00:00	8104.9788749	7955.0	8080.09258691	7985.23121618	1503235.4456727	187.4895749	8017.70149873
265	2018-05-23 00:00:00	8033.00182348	7859.63643051	7986.23121619	7910.0	1227708.0035503	155.06130392	7917.56532747
266	2018-05-23 02:00:00	7962.99712884	7878.6789	7913.69388898	7950.08450042	647948.73137972	81.91366265	7910.14234277
267	2018-05-23 04:00:00	7954.0	7880.0	7954.0	7903.61751288	696040.61012122	88.01262936	7908.41740762
268	2018-05-23 06:00:00	7951.59749135	7810.0	7903.61751288	7844.97903811	1314722.162088	167.0518977	7870.14203483
269	2018-05-23 08:00:00	7879.99999997	7800.0	7843.88827887	7847.96999999	1393078.4067794	177.89194538	7831.03700284
270	2018-05-23 10:00:00	7904.0163483	7802.80000057	7847.97	7850.13326173	1283385.6937316	163.37913651	7855.26059903
271	2018-05-23 12:00:00	7937.30548386	7831.59096142	7849.95964528	7900.0	917019.80428611	116.23409017	7889.42213893
272	2018-05-23 14:00:00	7913.02017766	7658.0	7900.0	7708.0	2369472.82563	304.97249117	7769.4641131
273	2018-05-23 16:00:00	7708.00000001	7430.0	7708.00000001	7513.43193053	4103262.0803232	542.02737214	7570.21193251
274	2018-05-23 18:00:00	7621.38554769	7450.0	7513.47385331	7590.1104467	1660523.3096423	220.30914557	7537.24183962
275	2018-05-23 20:00:00	7650.00417045	7529.9588613	7593.0	7637.391987	1391282.5712825	183.23004933	7593.09172469
276	2018-05-23 22:00:00	7640.0	7447.75004985	7637.391987	7508.99999979	2239532.2547319	297.52190477	7527.28528161
277	2018-05-24 00:00:00	7649.0	7499.64723025	7499.64723025	7590.86254824	1437071.6711529	189.22766785	7594.40565685
278	2018-05-24 02:00:00	7640.0	7550.49663261	7599.95829918	7618.66291011	830944.7632018	109.52773278	7586.61520795
279	2018-05-24 04:00:00	7720.56403461	7607.51498802	7612.11979256	7678.06041666	1016258.6830841	132.35767988	7678.12403485
280	2018-05-24 06:00:00	7688.3752303	7530.0	7681.61066374	7538.13249616	660848.1646723	86.93426915	7601.69920485
281	2018-05-24 08:00:00	7554.88940343	7260.0	7550.85597339	7380.56633311	2906100.2645274	394.1235291	7373.57719079
282	2018-05-24 10:00:00	7404.61504459	7304.20000023	7380.56633311	7369.8549153	1150120.3881517	156.20177566	7363.04298265
283	2018-05-24 12:00:00	7539.99999999	7275.93789992	7369.77323905	7507.43141378	1804771.8347198	242.03352934	7456.70172079
284	2018-05-24 14:00:00	7569.03196145	7458.0	7492.05996573	7566.51001733	692821.34557822	92.13352076	7519.753287
285	2018-05-24 16:00:00	7570.20131015	7431.68169708	7554.56082603	7519.66002362	586699.96152194	78.193001	7503.22860126
286	2018-05-24 18:00:00	7627.3960661	7487.77909402	7519.66002362	7588.0	1576658.3746047	208.18657283	7573.29520906
287	2018-05-24 20:00:00	7591.15850179	7467.90887141	7591.15850179	7520.0	526043.42050512	69.94224438	7521.11152806
288	2018-05-24 22:00:00	7615.0	7502.71179974	7520.0	7575.00000126	639555.87421533	84.50404922	7568.34589725
289	2018-05-25 00:00:00	7580.00401198	7512.67234736	7575.69842051	7555.0	230212.26159426	30.51322902	7544.67059003
290	2018-05-25 02:00:00	7647.56598436	7542.38055021	7555.0	7598.99887799	504795.51291158	66.46238727	7595.20585471
291	2018-05-25 04:00:00	7629.24258588	7566.05477169	7593.60317632	7618.19999724	380111.68951402	50.02350062	7598.66232476
292	2018-05-25 06:00:00	7646.99999998	7360.0	7618.6	7424.91923486	1843617.6088234	246.93908481	7465.88013899
293	2018-05-25 08:00:00	7454.40660612	7385.5361565	7430.454632	7398.23421903	909995.94548346	122.66791096	7418.36995805
294	2018-05-25 10:00:00	7475.20055437	7337.4983627	7404.84719848	7453.38340587	780881.94774557	105.57257971	7396.63603835
295	2018-05-25 12:00:00	7530.70046064	7446.75285696	7462.76964365	7472.75783902	578444.52340229	77.16656938	7496.05079051
296	2018-05-25 14:00:00	7516.17847314	7424.59475013	7469.5	7487.37159196	518336.5756952	69.37015126	7472.04044218
297	2018-05-25 16:00:00	7497.93023307	7405.7561164	7495.0	7430.8521756	812322.44048006	109.0930673	7446.14172636
298	2018-05-25 18:00:00	7442.75428445	7360.0	7437.56604238	7423.19357494	596978.54136426	80.60433091	7406.28369002
299	2018-05-25 20:00:00	7451.03852032	7388.94840382	7423.17477468	7437.9811985	245350.15471072	33.05880104	7421.62894576
300	2018-05-25 22:00:00	7493.8	7354.62920472	7437.90599709	7450.00000188	504125.06838142	68.19299591	7392.62238964
301	2018-05-26 00:00:00	7469.0	7412.38442541	7460.15	7437.09145713	477595.31281679	64.17341121	7442.26158173
302	2018-05-26 02:00:00	7450.45917138	7406.64546291	7442.80912034	7427.86035917	118849.48096855	16.01132734	7422.83749777
303	2018-05-26 04:00:00	7438.92838356	7377.03852033	7428.3490613	7435.95856623	312524.92428762	42.24547156	7397.83254268
304	2018-05-26 06:00:00	7617.26184739	7412.3907272	7427.69459568	7554.4212214	1265960.7314984	168.05107793	7533.19018891
305	2018-05-26 08:00:00	7568.77923589	7527.45781905	7559.65630563	7540.01436705	292162.43701063	38.70070113	7549.28020629
306	2018-05-26 10:00:00	7549.84339346	7516.55741479	7539.80000067	7528.88691801	343208.78605847	45.57303011	7530.96261604
307	2018-05-26 12:00:00	7554.99999999	7477.49536999	7528.88691801	7538.0	1020614.1974632	135.84265703	7513.20844112
308	2018-05-26 14:00:00	7551.26629191	7517.24388752	7532.98697656	7537.0282825	216029.28016536	28.69328164	7528.91505669
309	2018-05-26 16:00:00	7566.01888733	7514.1615929	7538.96112448	7550.96276889	322866.85942985	42.82715036	7538.8359187
310	2018-05-26 18:00:00	7564.98111265	7521.40000002	7550.92389296	7524.8699964	201005.42154693	26.64163545	7544.78537641
311	2018-05-26 20:00:00	7613.09107269	7454.50841654	7525.26719999	7471.69622989	401720.48995132	53.31461234	7534.90407825
312	2018-05-26 22:00:00	7464.15142174	7299.00000001	7457.75595903	7331.75686948	1024574.641426	139.17804737	7361.61097807
313	2018-05-27 00:00:00	7331.75686948	7222.1	7331.75686948	7269.99999999	1229648.3169265	169.62836449	7249.0725276
314	2018-05-27 02:00:00	7322.61905797	7263.00000001	7278.71989424	7294.50003749	565653.0683132	77.58403458	7290.84368163
315	2018-05-27 04:00:00	7307.82886122	7260.0	7290.0	7276.1	234828.09377853	32.22668798	7286.75853765
316	2018-05-27 06:00:00	7349.05330633	7271.17320903	7276.1	7319.48669285	306448.07535974	42.02519406	7292.00857281
317	2018-05-27 08:00:00	7327.98133829	7242.78758577	7315.1299994	7318.77879192	310674.96612697	42.60094046	7292.67858343
318	2018-05-27 10:00:00	7387.4423188	7299.36889126	7314.03926871	7330.11255044	264583.67563109	36.11725546	7325.68608166
319	2018-05-27 12:00:00	7340.29806771	7282.63021735	7340.29806771	7292.65084469	293934.0524578	40.2676983	7299.49971979
320	2018-05-27 14:00:00	7344.16276771	7284.87943056	7292.6508447	7329.9999998	650284.52988981	88.62513653	7337.47281359
321	2018-05-27 16:00:00	7358.64305443	7321.84159369	7329.99999982	7358.64305443	570158.98819618	77.65833327	7341.8906148
322	2018-05-27 18:00:00	7395.0	7274.0208494	7359.0	7300.0	355923.18446748	48.65864434	7314.69586329
323	2018-05-27 20:00:00	7327.0	7294.00245827	7300.0	7323.3707447	346053.03864818	47.29124491	7317.48634037
324	2018-05-27 22:00:00	7370.36031608	7316.05377057	7327.0	7347.47616732	133363.06253378	18.17347281	7338.33670251
325	2018-05-28 00:00:00	7381.64398414	7316.00000001	7352.05866919	7361.63837098	338102.84013823	45.94529941	7358.81242433
326	2018-05-28 02:00:00	7450.0	7345.42261335	7357.47401633	7377.94407962	633460.53667246	85.807196	7382.37078242
327	2018-05-28 04:00:00	7383.31315242	7155.56255338	7374.05740766	7196.21757552	2185546.6915224	301.41986398	7250.83829135
328	2018-05-28 06:00:00	7244.0377748	7155.0	7196.21757535	7222.53670105	1311631.5918981	182.49231423	7187.32510699
329	2018-05-28 08:00:00	7229.77	7188.86044074	7211.55666656	7192.87383905	478543.51205344	66.41854706	7204.96808852
330	2018-05-28 10:00:00	7229.3	7188.01792829	7192.87383905	7199.99999646	567164.3902348	78.67216433	7209.21300519
331	2018-05-28 12:00:00	7305.99999999	7162.0377748	7199.9999955	7267.5	502173.88060263	69.29727047	7246.66176887
332	2018-05-28 14:00:00	7269.99989999	7207.17444027	7265.58932241	7229.63344428	374187.86210033	51.63955267	7246.14840278
333	2018-05-28 16:00:00	7240.29327125	7183.66036464	7215.82130929	7225.7169443	379161.8549889	52.61263741	7206.66884714
334	2018-05-28 18:00:00	7245.0	7198.37110836	7230.13349801	7227.24083261	367044.87572192	50.81228148	7223.54645434
335	2018-05-28 20:00:00	7241.43899532	7130.0	7230.62042971	7149.96222534	615937.32191856	85.83241932	7176.04521459
336	2018-05-28 22:00:00	7155.01256544	7059.19	7149.98111267	7100.0	1480407.2914126	208.48549242	7100.76885556
337	2018-05-29 00:00:00	7132.51455699	7055.0	7110.27109751	7118.99999794	995896.80855097	140.56181747	7085.11618927
338	2018-05-29 02:00:00	7121.92591866	7068.25111054	7103.88117484	7121.57669918	112807.44379688	15.906569	7091.87781456
339	2018-05-29 04:00:00	7133.32398204	7055.0	7122.12809999	7090.40745026	509822.8634032	71.95986638	7084.82226344
340	2018-05-29 06:00:00	7150.0	7084.17070824	7096.28229721	7140.20387004	603509.86641473	84.83500271	7113.92523293
341	2018-05-29 08:00:00	7148.19414837	7099.27792719	7148.19414837	7129.18123862	264085.38997748	37.09091703	7119.9477156
342	2018-05-29 10:00:00	7490.5464622	7114.31546479	7129.2	7398.9999999	3997223.9402388	544.37798661	7342.73618433
343	2018-05-29 12:00:00	7473.98005063	7384.46545875	7395.73950029	7450.0	1441665.0563257	193.8998486	7435.10150593
344	2018-05-29 14:00:00	7467.34231076	7391.0	7450.0	7428.2702155	1225172.5239218	165.26442442	7413.40750268
345	2018-05-29 16:00:00	7511.02342014	7412.11491569	7428.2702155	7511.02313831	846113.80642264	113.63214064	7446.07821041
346	2018-05-29 18:00:00	7531.00388855	7436.0086026	7511.02313831	7468.27884648	743920.85023195	99.32967662	7489.4117805
347	2018-05-29 20:00:00	7525.0	7460.50000311	7468.27945908	7489.25542048	442039.41342869	58.98062251	7494.6549327
348	2018-05-29 22:00:00	7494.94401583	7400.0	7494.9	7456.49341186	440497.92143623	59.17425814	7444.08016732
349	2018-05-30 00:00:00	7556.23433461	7433.22803273	7463.6089913	7508.03374547	930159.05307132	123.55332648	7528.40153779
350	2018-05-30 02:00:00	7555.03973962	7461.45863158	7501.00000281	7485.22801667	480053.89452743	63.91387223	7510.94993587
351	2018-05-30 04:00:00	7508.04835531	7463.19463008	7485.11479699	7491.81057137	231639.29271666	30.93231608	7488.58546891
352	2018-05-30 06:00:00	7523.12468133	7429.81837975	7494.55572464	7484.5308959	1273306.3861435	169.92753999	7493.2314457
353	2018-05-30 08:00:00	7500.0	7447.31880023	7484.78572843	7490.99999999	242624.82139921	32.46092368	7474.36591118
354	2018-05-30 10:00:00	7538.19353019	7471.9	7490.99999999	7501.23746619	336801.54305172	44.91018032	7499.44757852
355	2018-05-30 12:00:00	7539.11852221	7490.67910722	7507.99474561	7501.98324839	263571.20177745	35.082508	7512.89508086
356	2018-05-30 14:00:00	7514.77608266	7320.0	7514.77608266	7330.00000001	1859712.3729855	252.64357314	7361.01199754
357	2018-05-30 16:00:00	7355.70734423	7272.20810307	7330.0	7324.0	954351.43671518	130.62232437	7306.18936171
358	2018-05-30 18:00:00	7326.30810147	7290.0	7326.30810147	7318.20572055	400036.62127732	54.77524733	7303.23715139
359	2018-05-30 20:00:00	7350.0	7318.20572055	7318.24999999	7340.14227566	207845.89751878	28.33029148	7336.52520538
360	2018-05-30 22:00:00	7394.68330965	7330.32000001	7330.32000002	7381.00000001	294535.29150343	39.97666998	7367.67949033
361	2018-05-31 00:00:00	7384.32041284	7337.2958179	7384.17186741	7341.05327974	532530.67367614	72.29705333	7365.86968829
362	2018-05-31 02:00:00	7378.0	7339.13047082	7344.5	7373.54671975	192932.28672281	26.25287993	7348.99512881
363	2018-05-31 04:00:00	7513.0	7353.10881074	7373.54671895	7490.28662635	1156693.6540392	155.06503968	7459.40965433
364	2018-05-31 06:00:00	7599.0	7490.30528787	7491.0	7559.25628262	1279407.9857927	168.94712566	7572.83073502
365	2018-05-31 08:00:00	7575.65737725	7511.53094858	7559.23852206	7532.00772331	335640.27528681	44.50798909	7541.12423745
366	2018-05-31 10:00:00	7554.92135255	7513.70526334	7540.30539273	7529.96010711	329631.04487468	43.72840346	7538.14497655
367	2018-05-31 12:00:00	7571.99999999	7494.93789992	7535.0	7529.00000001	1030784.7338141	136.97818246	7525.1745592
368	2018-05-31 14:00:00	7582.99999967	7523.49168786	7534.91872893	7551.00000163	534876.1219073	70.89435452	7544.69274075
369	2018-05-31 16:00:00	7595.5949739	7534.8355081	7556.79115615	7583.84633882	1244677.8263361	164.56447736	7563.46598186
370	2018-05-31 18:00:00	7592.0	7536.60177576	7576.99057211	7542.01992929	364064.21812618	48.14565113	7561.72592085
371	2018-05-31 20:00:00	7564.64901805	7516.80057426	7551.065808	7545.6681	301617.40033424	39.96900065	7546.28325525
372	2018-05-31 22:00:00	7555.41010269	7435.65689832	7551.1226775	7489.99999999	482549.7864245	64.55008147	7475.58756604
373	2018-06-01 00:00:00	7533.48153014	7479.48972858	7489.99999999	7482.97595843	177915.40849952	23.71349205	7502.70808383
374	2018-06-01 02:00:00	7519.66323891	7468.901543	7491.95063355	7488.78130138	141352.61002598	18.85300242	7497.61798555
375	2018-06-01 04:00:00	7497.96485473	7465.2	7488.78130138	7485.84079012	123440.51397234	16.48791786	7486.72543255
376	2018-06-01 06:00:00	7600.0	7479.65997681	7495.01443445	7571.0	753425.47560606	99.67457305	7558.85330181
377	2018-06-01 08:00:00	7598.13025182	7530.0471148	7579.9426913	7532.53373727	310266.86360516	41.00833566	7565.94625486
378	2018-06-01 10:00:00	7570.94520299	7379.060643	7540.95779927	7379.060643	574021.89831658	76.77882723	7476.30458846
379	2018-06-01 12:00:00	7425.98111209	7350.84342703	7379.060643	7406.70908706	1028215.2444159	138.98986114	7397.77157831
380	2018-06-01 14:00:00	7455.81176849	7389.07657234	7411.72101201	7437.51702237	329181.85104928	44.31190372	7428.7454028
381	2018-06-01 16:00:00	7451.9	7410.11649178	7439.28126296	7417.12620303	400391.58317496	53.85085767	7435.19417329
382	2018-06-01 18:00:00	7466.06893375	7390.00000014	7420.55123017	7442.83153633	515404.45423033	69.50985222	7414.84031068
383	2018-06-01 20:00:00	7457.98162044	7410.46324083	7443.0	7444.90556334	235671.13541872	31.67052646	7441.3393701
384	2018-06-01 22:00:00	7536.60177576	7434.89491301	7444.88667601	7529.99999984	313218.52244662	41.68914861	7513.19067167
385	2018-06-02 00:00:00	7533.944	7446.97004431	7529.99999985	7485.2800668	347411.2201462	46.34226611	7496.63858305
386	2018-06-02 02:00:00	7512.591041	7484.10531051	7493.73116483	7501.04887542	94792.39092762	12.64275113	7497.76610746
387	2018-06-02 04:00:00	7533.944	7485.06689982	7501.04887542	7522.63815331	337875.81039721	44.90900623	7523.56462012
388	2018-06-02 06:00:00	7689.72738929	7472.76321717	7530.6194	7642.17612837	1119773.8510822	147.28498008	7602.77015669
389	2018-06-02 08:00:00	7710.0	7628.0	7647.98153389	7650.0	556784.43954905	72.56944634	7672.43609576
390	2018-06-02 10:00:00	7677.8999982	7610.00000001	7650.0	7652.98153315	392978.20277422	51.375568	7649.12619115
391	2018-06-02 12:00:00	7653.64302095	7624.23793365	7652.96306594	7642.35739425	511427.94459706	66.97364558	7636.25662255
392	2018-06-02 14:00:00	7684.36312518	7566.79162892	7633.82354766	7614.62498844	730230.4960874	95.68933166	7631.26341692
393	2018-06-02 16:00:00	7657.81657966	7593.79508046	7623.91531709	7634.0	469627.45364113	61.54307838	7630.87362548
394	2018-06-02 18:00:00	7673.05752724	7630.64982871	7634.0	7668.70484082	451509.88548647	58.96935812	7656.68645345
395	2018-06-02 20:00:00	7671.81817093	7613.45299276	7670.77664643	7633.22827842	822886.97449253	107.69360515	7641.00127715
396	2018-06-02 22:00:00	7647.88114847	7612.50000002	7633.07957169	7644.22813214	370782.25040082	48.60042784	7629.19724948
397	2018-06-03 00:00:00	7672.0	7631.65276629	7644.1249646	7648.35656231	322814.81166865	42.16181297	7656.56856118
398	2018-06-03 02:00:00	7686.16049139	7596.15218141	7650.99999736	7652.74633037	1127723.9672171	147.37413067	7652.11616238
399	2018-06-03 04:00:00	7668.4	7630.02666107	7644.1700732	7659.1873589	243204.10726224	31.79671636	7648.71770118
400	2018-06-03 06:00:00	7771.9651282	7642.91210905	7658.81701697	7722.23672455	717073.37589935	92.85414802	7722.57773282
401	2018-06-03 08:00:00	7771.9	7710.29012065	7714.13777782	7750.09999944	651882.42283001	84.14476962	7747.15321907
402	2018-06-03 10:00:00	7759.7485756	7701.0	7747.28211218	7715.0	525201.6935097	67.9693152	7727.04112089
403	2018-06-03 12:00:00	7749.05866357	7702.15890997	7715.01871622	7721.77152988	376834.28882346	48.78192371	7724.87553102
404	2018-06-03 14:00:00	7730.94494462	7690.0	7721.77152988	7724.6	1148139.6549311	149.03976581	7703.57930107
405	2018-06-03 16:00:00	7730.03760355	7673.79405965	7724.60000001	7698.94984334	807386.83480638	104.93125228	7694.4362834
406	2018-06-03 18:00:00	7717.80758076	7651.40860713	7698.987618	7700.50563249	419580.07856648	54.61101351	7683.06705184
407	2018-06-03 20:00:00	7732.66525946	7682.12600488	7703.91249544	7686.56426031	148944.7723079	19.32135762	7708.81504484
408	2018-06-03 22:00:00	7720.21923992	7689.75304251	7695.82757988	7710.0	272532.77491946	35.36034898	7707.29879033
409	2018-06-04 00:00:00	7757.55	7678.24839456	7710.0	7698.00227844	834880.93271425	108.09564698	7723.53888467
410	2018-06-04 02:00:00	7712.8	7675.00000001	7705.0	7693.45447213	250812.01973907	32.61314588	7690.5190521
411	2018-06-04 04:00:00	7701.24563169	7621.11881235	7701.18919464	7665.0	385657.31402409	50.32034483	7664.04354594
412	2018-06-04 06:00:00	7670.88741364	7577.0	7670.88741364	7594.19149141	868808.67993063	114.16806465	7609.9098517
413	2018-06-04 08:00:00	7619.99131703	7571.6	7600.81187301	7612.05622756	694215.15160063	91.49982591	7587.06527248
414	2018-06-04 10:00:00	7624.80633044	7475.0	7612.07494379	7512.356188	1548742.4865965	205.38765082	7540.58231063
415	2018-06-04 12:00:00	7533.14835968	7500.0	7512.356188	7500.00000035	255804.44937052	34.0427895	7514.20353994
416	2018-06-04 14:00:00	7512.63427587	7448.39307872	7500.00000238	7497.35	904736.78967816	120.91062529	7482.69052044
417	2018-06-04 16:00:00	7510.13811113	7453.22873138	7490.78102343	7477.17608961	573708.02723577	76.60498186	7489.17385404
418	2018-06-04 18:00:00	7514.86977851	7467.8	7477.62681884	7500.22885874	1436110.3063306	191.48290403	7499.94007875
419	2018-06-04 20:00:00	7549.5	7500.22885874	7500.22885874	7537.27209533	576687.65914532	76.75085704	7513.76181825
420	2018-06-04 22:00:00	7545.05832464	7463.0	7544.0	7487.93552169	1022058.9488704	136.30996043	7498.05036731
421	2018-06-05 00:00:00	7512.69999996	7468.90000001	7498.18208824	7481.91017681	176736.65664842	23.57762912	7495.94693125
422	2018-06-05 02:00:00	7491.82363257	7388.0	7486.90448157	7404.53168248	1247543.664165	168.18562526	7417.65928114
423	2018-06-05 04:00:00	7430.0	7375.0	7412.0	7422.75	653845.06768956	88.25470007	7408.61469327
424	2018-06-05 06:00:00	7453.49999996	7390.00000001	7424.88905634	7402.1615315	659441.44765257	88.84880781	7422.06298437
425	2018-06-05 08:00:00	7466.73009066	7402.18024773	7406.17812014	7428.17737997	301592.32825997	40.54080482	7439.22893487
426	2018-06-05 10:00:00	7444.6	7399.9	7419.14181841	7420.0	130815.88238027	17.61927307	7424.59021212
427	2018-06-05 12:00:00	7439.90367154	7360.01	7439.0702933	7380.09945168	205476.05521766	27.74122212	7406.88547638
428	2018-06-05 14:00:00	7565.51634039	7365.01971622	7375.11871622	7565.51634039	733778.61733056	98.61067171	7441.16843143
429	2018-06-05 16:00:00	7658.22046665	7540.0	7551.80384553	7608.7253863	1895113.3743927	249.43973131	7597.48001827
430	2018-06-05 18:00:00	7649.1142771	7611.30109968	7625.90201951	7629.80621697	442798.95305444	58.03635767	7629.681993
431	2018-06-05 20:00:00	7647.99998999	7581.82138642	7626.24231405	7585.64240462	431876.81333222	56.73031674	7612.80454878
432	2018-06-05 22:00:00	7635.0	7588.46228476	7595.49989389	7622.73002569	281756.98082569	37.00873794	7613.25558527
433	2018-06-06 00:00:00	7639.98073558	7596.4951589	7627.99999949	7630.17870273	214083.29623756	28.0914689	7620.9363419
434	2018-06-06 02:00:00	7632.58828389	7596.0	7632.58828389	7608.14495731	164376.40437762	21.60006177	7609.9969587
435	2018-06-06 04:00:00	7619.11672764	7570.0	7615.28754349	7615.0	272746.43472503	35.89813809	7597.78777498
436	2018-06-06 06:00:00	7685.29431213	7607.10999998	7614.99999999	7622.75333069	401949.94978435	52.60980314	7640.21010903
437	2018-06-06 08:00:00	7628.56773328	7583.41252659	7622.7533307	7590.71150422	179137.42817543	23.57965189	7597.11928789
438	2018-06-06 10:00:00	7631.95160864	7582.80000101	7591.00000013	7618.66553026	436363.93964256	57.34130729	7609.94055185
439	2018-06-06 12:00:00	7663.49999998	7600.99250902	7618.94790094	7631.13361101	785128.5262383	102.75445167	7640.82249944
440	2018-06-06 14:00:00	7669.1	7622.60000101	7634.0	7650.8	258072.82238049	33.79165706	7637.17570648
441	2018-06-06 16:00:00	7658.8	7494.5275811	7650.8	7521.90000245	1264155.3592392	167.91485252	7528.54997796
442	2018-06-06 18:00:00	7532.25	7487.37927988	7526.38162045	7530.1	170380.56737702	22.69100063	7508.72868743
443	2018-06-06 20:00:00	7689.24681964	7508.60000004	7532.249997	7660.11617985	642351.72077083	84.35602335	7614.77005744
444	2018-06-06 22:00:00	7680.0355212	7642.0	7669.29999954	7650.00000217	250965.2131694	32.78295388	7655.35692994
445	2018-06-07 00:00:00	7749.0	7650.0	7655.0	7725.3686967	612706.24322351	79.47083766	7709.82490262
446	2018-06-07 02:00:00	7750.0	7705.06463894	7729.33385038	7724.99578045	284810.28968169	36.85454608	7727.95543495
447	2018-06-07 04:00:00	7727.62091524	7692.22943755	7718.66792082	7709.99999246	185793.37277032	24.0996689	7709.37449561
448	2018-06-07 06:00:00	7723.6	7680.0	7709.99999246	7711.0	280824.7012986	36.42801385	7709.03136401
449	2018-06-07 08:00:00	7740.24422833	7683.72343085	7715.00581726	7700.00000001	433004.68996014	56.1869981	7706.49268696
450	2018-06-07 10:00:00	7721.10179679	7683.32343087	7700.00000001	7690.54662948	486220.63775375	63.10612514	7704.8089496
451	2018-06-07 12:00:00	7725.46462372	7690.54662948	7692.98006016	7699.45514068	175945.85304986	22.82731253	7707.69019868
452	2018-06-07 14:00:00	7710.4	7660.0	7699.47352023	7697.50925312	376669.8023282	49.01192883	7685.26787906
453	2018-06-07 16:00:00	7743.04054401	7675.60000012	7697.70061792	7687.94808743	600602.11487409	77.94669223	7705.29316499
454	2018-06-07 18:00:00	7709.53529256	7685.0	7702.83072498	7700.0	274279.28586327	35.62584569	7698.88491209
455	2018-06-07 20:00:00	7705.97978112	7635.0	7705.97978112	7665.75200356	436216.93741196	56.930248399999996	7662.30518347
456	2018-06-07 22:00:00	7698.78055399	7645.25084672	7675.29418494	7694.09351679	129336.181584	16.87177827	7665.82985588
457	2018-06-08 00:00:00	7701.18704458	7673.4327154	7685.70818855	7674.90000171	68115.56630487	8.85963181	7688.30666619
458	2018-06-08 02:00:00	7684.10756299	7629.28830059	7674.90000171	7637.45307685	125238.93831312	16.36246514	7654.03851079
459	2018-06-08 04:00:00	7646.87089886	7614.03735328	7637.45307685	7625.20000001	226944.19534077	29.75085956	7628.15591539
460	2018-06-08 06:00:00	7651.812627	7623.227	7628.09372486	7624.0367591	163568.44011763	21.41279171	7638.81899814
461	2018-06-08 08:00:00	7643.3764893	7615.9743405	7629.0	7631.08153087	641315.62305798	84.0455151	7630.57519839
462	2018-06-08 10:00:00	7631.04477176	7545.0	7624.54469144	7560.00000001	593214.1225148	78.31360544	7574.85393734
463	2018-06-08 12:00:00	7588.18174335	7545.0	7565.94459911	7575.4043597	369019.73222115	48.79004738	7563.4222969
464	2018-06-08 14:00:00	7650.0	7553.05513876	7582.88994946	7640.4097024	275527.42172596	36.33027091	7583.9627623
465	2018-06-08 16:00:00	7659.99999741	7618.47663699	7643.31143431	7653.0	183724.83792879	24.05262266	7638.45342463
466	2018-06-08 18:00:00	7654.1	7618.29792348	7645.56774901	7638.78888094	224289.02824979	29.38760991	7632.09491811
467	2018-06-08 20:00:00	7659.92647934	7627.83599214	7627.83599214	7659.92647934	184310.58056438	24.09011089	7650.88136812
468	2018-06-08 22:00:00	7660.005	7610.14376704	7659.9448612	7610.62165072	130901.66493193	17.12328067	7644.66035771
469	2018-06-09 00:00:00	7650.0	7610.62165175	7615.35332351	7650.0	55314.11907297	7.25172374	7627.72011954
470	2018-06-09 02:00:00	7682.86154523	7648.35903503	7650.0	7659.5361111	857526.22386639	111.79864201	7670.27406101
471	2018-06-09 04:00:00	7670.0	7651.0	7664.1461201	7655.01046785	60658.77527536	7.92017362	7658.76837878
472	2018-06-09 06:00:00	7678.01156075	7652.3049759	7655.01046785	7659.80766141	190995.8110025	24.90839279	7667.92994685
473	2018-06-09 08:00:00	7675.04220637	7621.50000001	7675.04220637	7643.99827333	211628.96608935	27.71195302	7636.7394942
474	2018-06-09 10:00:00	7660.0	7637.55766152	7645.07531588	7644.89654055	120883.89454584	15.80587547	7648.03536351
475	2018-06-09 12:00:00	7653.6385077	7572.2	7646.81133479	7590.2119121	410145.46513681	53.90411742	7608.79659602
476	2018-06-09 14:00:00	7630.0	7578.2	7600.11047111	7617.4199	103466.30352913	13.60432507	7605.39776848
477	2018-06-09 16:00:00	7617.41990001	7568.97309404	7617.41990001	7597.82668403	208518.67349992	27.50461227	7581.22570327
478	2018-06-09 18:00:00	7620.0	7582.86995854	7597.82668403	7617.05616108	101776.69554585	13.39337465	7599.03297007
479	2018-06-09 20:00:00	7636.0	7605.39674881	7609.1401154	7612.0966081	79733.03945207	10.46130885	7621.70781833
480	2018-06-09 22:00:00	7619.98080144	7466.3	7619.98080144	7490.0	438993.63304713	58.38678527	7518.71559663
481	2018-06-10 00:00:00	7498.76022096	7264.4	7490.10000015	7327.70321456	1820751.8046247	247.54358778	7355.27759354
482	2018-06-10 02:00:00	7330.38444509	7264.74103586	7327.7032133	7264.74103589	344630.97627766	47.23248567	7296.48188929
483	2018-06-10 04:00:00	7310.89999951	7264.74103647	7267.35866577	7293.91604172	174736.05309713	23.95877717	7293.19580282
484	2018-06-10 06:00:00	7314.68922878	7160.0	7300.0	7183.94124166	1012361.3052942	139.35496575	7264.6231144
485	2018-06-10 08:00:00	7244.05427456	7123.04914026	7183.94124167	7239.99999999	1662360.7967044	231.06757263	7194.26260372
486	2018-06-10 10:00:00	7254.82113718	7207.1	7231.67637782	7238.651703	258750.68791844	35.78340387	7231.02499858
487	2018-06-10 12:00:00	7279.48884764	7175.08139281	7237.90912348	7263.12006104	475594.32227075	65.71400762	7237.33553158
488	2018-06-10 14:00:00	7274.03443923	7207.5	7269.98128378	7221.18887762	391580.54831827	54.10310612	7237.67222254
489	2018-06-10 16:00:00	7235.04350895	6697.257254	7228.18618979	6766.86239628	4659412.3630302	675.07973192	6902.01785465
490	2018-06-10 18:00:00	6838.15704199	6650.0	6766.84368005	6837.27515635	2792073.0659062	413.60741052	6750.53926716
491	2018-06-10 20:00:00	6838.15704198	6672.31529891	6838.15704198	6729.33603285	1852232.4387737	275.10155217	6732.90435536
492	2018-06-10 22:00:00	6763.91319959	6650.0	6728.80976928	6763.91319959	487150.60200401	72.62163123	6708.06471505
493	2018-06-11 00:00:00	6765.49999999	6676.99858131	6765.49999999	6755.57260572	605429.76939014	90.07264404	6721.57208043
494	2018-06-11 02:00:00	6814.19999992	6740.23170043	6755.57260553	6767.20673617	946143.61185399	139.42287167	6786.1434822
495	2018-06-11 04:00:00	6793.9999894	6700.10000002	6769.33894313	6727.81552079	635492.23508566	94.072737	6755.32843363
496	2018-06-11 06:00:00	6758.8	6630.7	6733.79644046	6637.6	871416.11812465	130.16295237	6694.80910088
497	2018-06-11 08:00:00	6815.64445918	6622.12873599	6637.3	6753.1172042	887481.00758527	131.67414669	6739.97918266
498	2018-06-11 10:00:00	6784.13393062	6723.29354118	6757.0	6775.0	317463.39448069	46.97339701	6758.36568543
499	2018-06-11 12:00:00	6782.82444797	6720.16902034	6782.82444797	6740.01888733	898071.37958798	133.31660311	6736.38060554
500	2018-06-11 14:00:00	6752.81744379	6640.8	6740.01888733	6686.44970551	859586.16396803	128.42376904	6693.35723747
501	2018-06-11 16:00:00	6749.35624206	6682.58939681	6690.0	6711.0	319210.16133108	47.49417187	6721.03857721
502	2018-06-11 18:00:00	6784.17136358	6674.02084358	6711.0	6743.45064192	448601.1340001	66.78948794	6716.64281066
503	2018-06-11 20:00:00	6768.01100036	6725.0	6756.68128377	6768.01100036	210219.6963075	31.14896512	6748.85009815
504	2018-06-11 22:00:00	6955.68849993	6741.14085316	6768.01100036	6874.596078	2302748.0060106	334.4941719	6884.26944161
505	2018-06-12 00:00:00	6883.89999914	6820.6	6874.5960782	6842.90000016	687389.32581294	100.41800142	6845.27989098
506	2018-06-12 02:00:00	6874.19999992	6779.40972058	6849.99714527	6810.84288683	658833.43200152	96.16994628	6850.72059917
507	2018-06-12 04:00:00	6841.3	6807.646	6815.75021053	6840.02954259	363586.5683905	53.25950669	6826.69801105
508	2018-06-12 06:00:00	6845.22775169	6808.0822496	6840.68377029	6826.20878848	248119.08036818	36.34510148	6826.75437031
509	2018-06-12 08:00:00	6874.9	6800.0	6834.4	6846.793932	503742.84712411	73.68533128	6836.40608481
510	2018-06-12 10:00:00	6846.793932	6804.01837956	6846.793932	6822.80046009	221416.75386694	32.43679761	6826.09783274
511	2018-06-12 12:00:00	6836.6399775	6689.8	6829.99999999	6729.1388321	755058.03453027	112.08616907	6736.40682695
512	2018-06-12 14:00:00	6773.69999999	6725.16447658	6736.54764506	6746.40000033	596423.33969881	88.39017551	6747.62026726
513	2018-06-12 16:00:00	6760.13208695	6690.64691741	6748.40000001	6705.0	339934.21045468	50.48508742	6733.35885558
514	2018-06-12 18:00:00	6722.98162045	6434.29893281	6714.88631766	6495.56	2966723.3845979	452.82900209	6551.53130851
515	2018-06-12 20:00:00	6566.8089823	6485.14207993	6496.30000019	6531.87032221	866591.34390568	132.64108458	6533.35538268
516	2018-06-12 22:00:00	6557.96277194	6466.8749738	6531.87032234	6540.00000001	668664.084171	102.6867496	6511.68808805
517	2018-06-13 00:00:00	6569.9	6528.17733965	6540.0	6537.00169809	424491.78140116	64.84543695	6546.20897579
518	2018-06-13 02:00:00	6571.90999989	6527.93595757	6540.09190673	6548.4960968	596803.53338622	91.05426059	6554.37240958
519	2018-06-13 04:00:00	6614.80741578	6510.9049204	6548.40293312	6579.2617584	667442.85087385	101.82194362	6555.00010257
520	2018-06-13 06:00:00	6581.53249929	6534.0	6572.7790661	6534.52662492	314218.5136772	47.92012321	6557.13075486
521	2018-06-13 08:00:00	6560.55741058	6352.47697403	6544.95217445	6387.49454188	1366279.2726052	211.56166236	6458.06644438
522	2018-06-13 10:00:00	6461.13727543	6385.3644511	6392.09492906	6448.56256701	1406313.3157594	218.79463325	6427.54940955
523	2018-06-13 12:00:00	6482.0482088	6410.29984459	6447.9	6441.7454	883277.57124593	136.74928429	6459.10196774
524	2018-06-13 14:00:00	6451.78106173	6323.57758576	6449.9538	6371.0	1003464.5792471	156.56180311	6409.38312739
525	2018-06-13 16:00:00	6401.87913424	6123.77679339	6371.62197616	6316.53265179	3318183.4081283	530.1540117	6258.90464827
526	2018-06-13 18:00:00	6374.60489902	6250.62915193	6312.702778	6274.57355419	2062037.8846386	326.31092189	6319.24261895
527	2018-06-13 20:00:00	6283.64940104	6225.65935533	6274.5735543	6268.47986594	2675995.3758171	428.82073874	6240.35904532
528	2018-06-13 22:00:00	6340.0	6264.92213134	6273.09991738	6292.30084274	1237988.9796945	195.97042113	6317.22365322
529	2018-06-14 00:00:00	6338.05001069	6260.53925299	6299.23959935	6300.0	1268902.9025304	201.68542396	6291.4953278
530	2018-06-14 02:00:00	6520.0	6298.4	6300.0	6502.37185645	2289446.5867973	354.90842064	6450.80943041
531	2018-06-14 04:00:00	6514.99999998	6425.15710461	6502.33810748	6470.99999999	373189.98045444	57.69547483	6468.27123884
532	2018-06-14 06:00:00	6491.88924999	6449.78867404	6474.8219503	6480.0	447088.17033455	69.05020878	6474.82720521
533	2018-06-14 08:00:00	6550.0	6471.93487833	6480.0	6508.07729412	941325.19188878	144.53135687	6512.94786317
534	2018-06-14 10:00:00	6550.0	6470.1	6504.85062264	6525.6	633591.50422482	97.34093769	6508.99322793
535	2018-06-14 12:00:00	6530.9662516	6359.81536605	6530.93250316	6377.22324549	924011.10586008	143.68668289	6430.73587109
536	2018-06-14 14:00:00	6431.09858808	6316.48392237	6363.21872823	6349.93250221	678828.80109131	106.26392129	6388.13995239
537	2018-06-14 16:00:00	6641.0	6340.91077851	6340.94452693	6614.9627146	1890690.7214222	288.70399326	6548.89009352
538	2018-06-14 18:00:00	6703.09894302	6601.92687617	6618.85369539	6639.0	886588.36343229	133.29034323	6651.55735927
539	2018-06-14 20:00:00	6679.99999999	6617.51941512	6639.0	6639.91	402029.60608016	60.39207612	6656.99263726
540	2018-06-14 22:00:00	6656.47602656	6582.03741324	6639.91	6626.9286401	602314.01615071	91.16348531	6606.9656519
541	2018-06-15 00:00:00	6641.61834454	6560.0	6626.96239158	6589.42312058	139659.8920203	21.19905733	6588.02369587
542	2018-06-15 02:00:00	6615.49749999	6555.0	6577.88406648	6593.69330229	200852.34090966	30.523445	6580.26447898
543	2018-06-15 04:00:00	6605.5440371	6537.0	6605.5440371	6572.15575933	187272.93319514	28.54832904	6559.85619798
544	2018-06-15 06:00:00	6610.11437565	6560.0	6576.3161821	6575.49999988	121816.00424373	18.51885815	6577.94358901
545	2018-06-15 08:00:00	6601.000001	6550.0	6567.06532854	6589.1355295	197991.81095798	30.11148078	6575.29307191
546	2018-06-15 10:00:00	6655.80953363	6473.90938142	6589.01121159	6530.18661285	951564.11083699	145.36249454	6546.14599074
547	2018-06-15 12:00:00	6530.18661285	6475.00000001	6530.18661285	6498.3	421604.99480626	64.84440765	6501.7942192
548	2018-06-15 14:00:00	6549.8	6481.72390025	6498.0	6532.038265	466484.5851528	71.61559582	6513.72902524
549	2018-06-15 16:00:00	6610.0	6505.93139784	6538.33501972	6541.5	253624.25458335	38.71974458	6550.25639591
550	2018-06-15 18:00:00	6556.3743341	6530.0	6545.15295119	6546.1	106864.02460498	16.32680895	6545.30992138
551	2018-06-15 20:00:00	6549.58528182	6438.330653	6549.58528182	6472.11573922	464241.53589549	71.66579747	6477.86743864
552	2018-06-15 22:00:00	6477.89488829	6363.10000082	6472.11573922	6376.15122659	941046.63554577	146.65084528	6416.91927345
553	2018-06-16 00:00:00	6441.0	6374.45125813	6374.45125813	6440.24338331	101706.86952899	15.86849934	6409.35650875
554	2018-06-16 02:00:00	6449.80949008	6402.38578906	6441.0	6402.79536351	105505.86628279	16.40312296	6432.05970839
555	2018-06-16 04:00:00	6472.46901819	6409.19815895	6416.08430051	6450.01638289	112104.87175761	17.40294975	6441.71668412
556	2018-06-16 06:00:00	6484.5364938	6437.23414865	6457.15994291	6462.74424883	183948.03884439	28.43972755	6467.9958175
557	2018-06-16 08:00:00	6469.8	6427.60877554	6462.74424823	6461.82	164454.72869538	25.46630278	6457.73868771
558	2018-06-16 10:00:00	6499.12460008	6427.67430665	6461.83638304	6452.0	705957.49672709	109.34574681	6456.19530089
559	2018-06-16 12:00:00	6467.69999964	6375.00000001	6459.90170204	6397.0	841615.41655216	131.50424457	6399.91065918
560	2018-06-16 14:00:00	6415.1250957	6330.0	6400.0	6353.4044529	519210.40849054	81.4453483	6374.95473133
561	2018-06-16 16:00:00	6557.93095203	6330.0	6358.0	6520.13116817	1101219.6559269	170.49132433	6459.09497304
562	2018-06-16 18:00:00	6533.29249999	6480.46433751	6527.50546217	6495.1	168068.29884833	25.83287103	6505.98606144
563	2018-06-16 20:00:00	6547.0	6495.1	6499.93446797	6520.7	214222.114077	32.84229544	6522.75095899
564	2018-06-16 22:00:00	6543.05085162	6475.0	6520.7	6483.83962365	78285.95641875	12.02581831	6509.82364781
565	2018-06-17 00:00:00	6528.59127629	6483.82323921	6485.0	6517.2	130833.73894429	20.08701066	6513.35040135
566	2018-06-17 02:00:00	6538.88	6517.2	6521.88798172	6536.9	73560.41578192	11.26691106	6528.88936374
567	2018-06-17 04:00:00	6547.0	6496.4	6538.84851991	6505.09628368	130046.19957102	19.92810213	6525.76942463
568	2018-06-17 06:00:00	6530.91573922	6504.04367877	6515.18406049	6530.91573922	69976.39329945	10.73247825	6520.0591764
569	2018-06-17 08:00:00	6577.0	6502.94432434	6530.91573921	6532.89999781	191089.20201041	29.23475258	6536.37144653
570	2018-06-17 10:00:00	6533.99999971	6493.38505535	6533.99999971	6505.20721837	135817.8532796	20.86127172	6510.52606487
571	2018-06-17 12:00:00	6510.70423535	6446.0	6510.00000054	6481.03221744	227749.02829463	35.19460712	6471.13427117
572	2018-06-17 14:00:00	6519.99999987	6451.01647823	6487.99033066	6505.54375921	363205.33687354	55.94350656	6492.35915313
573	2018-06-17 16:00:00	6523.65534035	6485.701552	6509.22619316	6495.08769253	79290.40375928	12.18116143	6509.26467192
574	2018-06-17 18:00:00	6544.36209717	6486.28896251	6495.7	6523.52130222	106134.0979748	16.2841433	6517.63473334
575	2018-06-17 20:00:00	6524.0	6480.0	6524.0	6494.77203152	219612.33667101	33.81633342	6494.26813792
576	2018-06-17 22:00:00	6505.51548144	6428.41135718	6500.71330095	6442.0	395407.46636603	61.18026796	6462.99010368
577	2018-06-18 00:00:00	6457.0625056	6382.07754452	6444.0	6419.3114419	380427.62212573	59.29052687	6416.33060471
578	2018-06-18 02:00:00	6441.92735642	6398.22204848	6430.66438609	6405.14200594	218146.04965557	34.00936961	6414.29265396
579	2018-06-18 04:00:00	6440.09629823	6385.0	6411.82457795	6425.48781243	250593.34846743	39.1050383	6408.21130374
580	2018-06-18 06:00:00	6441.99171729	6416.9576033	6422.6	6438.69693054	94919.80489427	14.7630362	6429.55850059
581	2018-06-18 08:00:00	6497.46057405	6422.00000097	6438.69693054	6457.23155298	258159.61438539	40.04033807	6447.48837869
582	2018-06-18 10:00:00	6464.78133802	6390.777	6464.78133802	6425.5419813	237647.61925971	37.0161657	6420.10361596
583	2018-06-18 12:00:00	6439.93563914	6404.44842162	6425.0	6426.34781866	221811.02909364	34.51965523	6425.64439348
584	2018-06-18 14:00:00	6470.12975228	6420.0	6430.0	6470.12975228	415562.00973751	64.35727135	6457.11045574
585	2018-06-18 16:00:00	6799.0	6451.47199596	6470.12975228	6733.91879473	2277521.6894333	342.19538422	6655.61779748
586	2018-06-18 18:00:00	6757.7999998	6682.410962	6732.98375895	6699.36870184	895714.25880289	133.08252964	6730.51723036
587	2018-06-18 20:00:00	6733.88852469	6697.33872838	6706.95067585	6714.00000011	346166.33406838	51.52588397	6718.29976308
588	2018-06-18 22:00:00	6732.25277106	6691.06633386	6716.31459655	6714.48541476	354557.1506886	52.83349495	6710.84036791
589	2018-06-19 00:00:00	6729.54706734	6706.6976001	6715.0	6708.00000017	220198.41616548	32.79727398	6713.92434321
590	2018-06-19 02:00:00	6728.63128661	6671.27870876	6718.08208785	6684.05493631	522856.38427732	77.97007492	6705.85971366
591	2018-06-19 04:00:00	6713.23610086	6681.36269545	6694.91710251	6710.94586882	73043.05657474	10.89673139	6703.20795846
592	2018-06-19 06:00:00	6712.73443557	6663.0839128	6711.24469531	6693.8	206788.54878222	30.92169123	6687.49154902
593	2018-06-19 08:00:00	6717.00000001	6687.00000163	6696.0	6709.94725668	93236.27698386	13.90320177	6706.10112161
594	2018-06-19 10:00:00	6789.99999972	6690.2363828	6716.883844	6727.37	1134730.2063779	168.24550556	6744.49045518
595	2018-06-19 12:00:00	6833.0	6720.19954195	6732.48495707	6755.16	913310.81997025	134.8194955	6774.32307978
596	2018-06-19 14:00:00	6758.0	6727.31638286	6758.0	6736.86645657	425100.78790498	63.08634356	6738.39636149
597	2018-06-19 16:00:00	6743.40583509	6660.00000001	6743.40583509	6713.37457043	498643.73390333	74.39609258	6702.55273645
598	2018-06-19 18:00:00	6746.92911603	6709.6	6714.0655322	6739.64	245036.18592352	36.49302196	6714.60385473
599	2018-06-19 20:00:00	6747.99999999	6690.0	6739.97361625	6723.0	103522.53723866	15.40980239	6717.9665656
600	2018-06-19 22:00:00	6748.8	6705.52	6723.0	6746.0	68967.4761887	10.25595862	6724.62504423
601	2018-06-20 00:00:00	6746.2	6556.63650014	6746.2	6611.00040745	801854.64125516	121.2385921	6613.85642447
602	2018-06-20 02:00:00	6619.27918005	6586.64624104	6611.00040745	6604.01	345787.81962671	52.37081439	6602.68173512
603	2018-06-20 04:00:00	6611.08375869	6572.1361	6610.7801943	6582.61000015	221088.44323207	33.51627026	6596.45126134
604	2018-06-20 06:00:00	6645.0	6582.6055707	6582.60557089	6621.28253877	162684.89701973	24.57242918	6620.62736362
605	2018-06-20 08:00:00	6659.90654133	6617.98504892	6621.22573946	6637.557921	198327.10138146	29.89990438	6633.03463652
606	2018-06-20 10:00:00	6644.64115877	6612.49949349	6644.64115877	6630.0	112668.56047148	17.01047085	6623.48276335
607	2018-06-20 12:00:00	6755.15286381	6595.001	6630.0	6730.57	345649.89783401	51.692042119999996	6686.71392458
608	2018-06-20 14:00:00	6781.1	6719.82717057	6730.62455946	6750.99631467	397888.48903124	58.88707786	6756.80477773
609	2018-06-20 16:00:00	6807.06370614	6736.95476409	6755.20074306	6759.69851119	327333.06177351	48.32900808	6773.01427812
610	2018-06-20 18:00:00	6769.54734336	6746.09504124	6759.49999903	6759.45278236	94252.67904878	13.949843940000001	6756.540034
611	2018-06-20 20:00:00	6759.2	6701.90299769	6750.1971216	6718.18526694	562673.1974958	83.68676489	6723.56253985
612	2018-06-20 22:00:00	6761.0	6702.04310503	6719.68375895	6753.0	154011.8595188	22.85664851	6738.16458486
613	2018-06-21 00:00:00	6765.22335978	6736.30000001	6759.67999948	6756.43412003	218708.63754985	32.38468909	6753.45799806
614	2018-06-21 02:00:00	6789.78706472	6751.34336232	6751.99931275	6767.56914748	164443.98045815	24.26400801	6777.28017524
615	2018-06-21 04:00:00	6775.88438729	6744.9534515	6774.18732119	6747.0	95089.74426545	14.08304796	6752.07132259
616	2018-06-21 06:00:00	6769.21464306	6743.30642495	6747.2	6762.2	104849.45505801	15.51900382	6756.1975159
617	2018-06-21 08:00:00	6762.31638278	6676.1	6762.31638278	6731.34868911	327559.90742879	48.74501695	6719.8644687
618	2018-06-21 10:00:00	6778.99999995	6725.0	6734.84069218	6732.5	166601.40195585	24.71588511	6740.66096416
619	2018-06-21 12:00:00	6741.61394657	6686.5	6732.5	6724.91379651	178769.02918427	26.59590939	6721.67386957
620	2018-06-21 14:00:00	6732.156061	6691.9	6724.91379651	6722.85085166	291978.73526103	43.45451049	6719.18132245
621	2018-06-21 16:00:00	6744.45373409	6693.81729934	6722.83446888	6706.11985627	647737.8809894	96.40830801	6718.69358937
622	2018-06-21 18:00:00	6720.0	6690.0	6702.4	6706.57059628	319418.57896494	47.66274363	6701.64062405
623	2018-06-21 20:00:00	6733.14855926	6700.89074682	6718.0	6700.89074773	130789.23091199	19.4810572	6713.66187005
624	2018-06-21 22:00:00	6740.0	6697.66815378	6712.35085153	6712.63276587	67303.51451602	10.02772548	6711.74282246
625	2018-06-22 00:00:00	6730.02540511	6605.1	6719.47637959	6632.51468008	377630.16890397	56.78631039	6650.02121656
626	2018-06-22 02:00:00	6675.3	6626.80093115	6640.54680693	6664.0	234939.70414266	35.33251635	6649.39065803
627	2018-06-22 04:00:00	6669.16307299	6637.09601835	6667.86616	6647.3815434	203052.5940485	30.53490031	6649.85285647
628	2018-06-22 06:00:00	6663.58426062	6455.28927145	6652.57	6491.51629998	1213700.89037	185.31596605	6549.35954111
629	2018-06-22 08:00:00	6510.0	6289.78426084	6495.17153514	6301.0	1853271.6289108	289.9914602	6390.78001687
630	2018-06-22 10:00:00	6386.73516216	6290.01573937	6290.01573937	6355.0	847934.58326393	133.46860838	6353.06379197
631	2018-06-22 12:00:00	6361.4	6005.89989544	6361.4	6122.0	4711113.1638254	769.8684018	6119.37462663
632	2018-06-22 14:00:00	6197.69149979	6105.33389203	6123.0169	6144.59117051	5886264.9285732	957.46979143	6147.72913073
633	2018-06-22 16:00:00	6177.2	6107.71501024	6148.5	6141.60000534	1754510.9995237	286.00428045	6134.5620309
634	2018-06-22 18:00:00	6235.73148031	6135.4	6150.0	6196.4	977313.93200155	157.69020588	6197.68315062
635	2018-06-22 20:00:00	6208.08426079	5888.88	6196.4	6015.30898279	2536898.3517647	423.19983826	5994.56361371
636	2018-06-22 22:00:00	6084.65429371	5953.80010001	6015.30898279	6041.6665	662543.80333783	110.07952762	6018.77404148
637	2018-06-23 00:00:00	6157.18	6041.6665	6041.69798095	6125.07124789	542595.08814692	88.7151053	6116.15221908
638	2018-06-23 02:00:00	6146.09999921	6089.38512875	6129.39657481	6096.7056316	168818.10027232	27.6351415	6108.81982537
639	2018-06-23 04:00:00	6200.7100007	6062.2	6097.49989901	6067.9	987161.41429395	161.02671073	6130.42028753
640	2018-06-23 06:00:00	6105.75324122	6006.10000001	6073.39741834	6095.0	532319.87624501	87.99398015	6049.50333349
641	2018-06-23 08:00:00	6138.7995007	6052.88520837	6103.69688082	6114.33362103	506198.56713867	83.25159816	6080.3465438
642	2018-06-23 10:00:00	6165.72671801	6100.0	6115.87375896	6127.11904031	322105.29067004	52.56931529	6127.24911658
643	2018-06-23 12:00:00	6130.0	6075.0	6116.20000105	6128.83807208	345646.58403438	56.62697587	6103.92094446
644	2018-06-23 14:00:00	6135.76649835	6053.3	6130.0	6101.66751792	354122.87040127	58.03901147	6101.46281668
645	2018-06-23 16:00:00	6127.21821578	6091.90483556	6102.18	6127.21811578	129927.21997093	21.24783372	6114.84547945
646	2018-06-23 18:00:00	6145.56008149	6102.42262254	6127.21821578	6137.44872312	60564.71542109	9.88413334	6127.46847272
647	2018-06-23 20:00:00	6234.96399756	6109.29932189	6137.4	6217.74783524	386341.37415557	62.45362956	6186.05158543
648	2018-06-23 22:00:00	6250.0	6142.3	6217.74783524	6164.34251788	452864.7223921	72.94968316	6207.90526805
649	2018-06-24 00:00:00	6172.83693749	6060.1	6154.55052255	6089.86149259	235635.77040696	38.61764725	6101.76401688
650	2018-06-24 02:00:00	6108.04940261	6037.79072071	6093.19213659	6055.9494479	477115.51734073	78.63018227	6067.84193507
651	2018-06-24 04:00:00	6052.7367556	5820.0	6052.7367556	5870.0	2069503.9088459	349.59749305	5919.676056
652	2018-06-24 06:00:00	5879.57964139	5782.10000001	5856.87	5830.0	1648473.2611382	282.71187082	5830.93046767
653	2018-06-24 08:00:00	5866.1	5782.1	5830.0	5849.49990171	2381559.2418364	408.69500949	5827.22858497
654	2018-06-24 10:00:00	5920.0	5837.74798825	5837.74798827	5899.56000001	2316032.953095	393.47678354	5886.07269851
655	2018-06-24 12:00:00	5927.64298464	5870.01573921	5900.95660899	5921.0000002	1231962.1280869	208.84858771	5898.82910674
656	2018-06-24 14:00:00	5927.64298464	5760.0	5927.64298457	5762.00000083	508224.77104841	87.10337531	5834.73107947
657	2018-06-24 16:00:00	6241.45949872	5767.0803311	5767.0803311	6176.0	2257876.4618503	374.89462148	6022.69633247
658	2018-06-24 18:00:00	6209.98999999	6148.37327381	6173.378	6169.11828031	330277.7856205	53.44615789	6179.63570553
659	2018-06-24 20:00:00	6199.0	6143.41000009	6176.11004027	6155.26183831	445082.89853063	72.07649872	6175.14594125
660	2018-06-24 22:00:00	6165.0	6099.00000001	6155.26183775	6151.81429999	437118.41591227	71.2034164	6139.0090253
661	2018-06-25 00:00:00	6170.0	6129.36733932	6140.00000867	6144.50829052	329887.0450294	53.54808878	6160.57552277
662	2018-06-25 02:00:00	6144.50829059	6108.5093244	6144.50829056	6124.99999999	71744.04096515	11.71962223	6121.70252224
663	2018-06-25 04:00:00	6183.47	6124.99999999	6125.0	6146.2664	560885.19458793	90.93362594	6168.07246813
664	2018-06-25 06:00:00	6183.46999999	6142.957	6146.2664	6149.01	369378.04147846	59.91970898	6164.54999141
665	2018-06-25 08:00:00	6179.41538512	6143.39078824	6154.89	6165.98999898	181018.63584621	29.38638143	6159.94984879
666	2018-06-25 10:00:00	6230.0	6159.04087896	6166.0	6228.00000016	513596.20407419	82.73143184	6207.99365672
667	2018-06-25 12:00:00	6257.94814026	6065.0	6228.01538552	6134.0	803038.05453129	130.95594587	6132.12366339
668	2018-06-25 14:00:00	6339.0	6128.87112888	6133.0	6279.80218281	1200359.9353519	190.85433874	6289.40344388
669	2018-06-25 16:00:00	6321.8855005	6250.0	6285.71965167	6279.39230218	619491.88047655	98.29249888	6302.53465458
670	2018-06-25 18:00:00	6292.0	6190.0	6275.0	6255.18	1556593.9104059	250.25586868	6220.00961902
671	2018-06-25 20:00:00	6271.89768808	6234.4	6260.88999678	6267.44999949	289781.27044704	46.33843606	6253.58331195
672	2018-06-25 22:00:00	6267.45799999	6223.2	6266.99999952	6240.00000166	65666.83474883	10.49865978	6254.78262224
673	2018-06-26 00:00:00	6260.16922974	6180.07248551	6246.89999979	6235.69	236178.13301297	37.95781287	6222.12174926
674	2018-06-26 02:00:00	6240.0	6220.36450972	6235.9	6239.10489034	113960.30513032	18.30547918	6225.47511647
675	2018-06-26 04:00:00	6264.02000026	6212.57	6238.99489034	6249.99	153559.76447184	24.58350918	6246.45421235
676	2018-06-26 06:00:00	6260.0	6214.4638378	6244.92	6214.60000001	172270.83216047	27.61975549	6237.23233983
677	2018-06-26 08:00:00	6237.0	6160.0	6214.61	6185.38999999	346215.67425949	55.81250536	6203.19177622
678	2018-06-26 10:00:00	6233.39999999	6182.50123659	6185.39	6195.06043867	265496.52818401	42.77527078	6206.77609615
679	2018-06-26 12:00:00	6237.0	6148.62629954	6195.07554833	6174.0	530444.27172648	85.97163929	6169.99136118
680	2018-06-26 14:00:00	6199.09112342	6125.0	6168.71	6185.5999973	505357.95867285	82.03160427	6160.52755727
681	2018-06-26 16:00:00	6220.26376583	6165.0	6185.59999861	6178.10000021	182541.72260513	29.50210333	6187.41384515
682	2018-06-26 18:00:00	6197.39552384	6156.03	6188.602925	6166.0	166302.11027332	26.93449939	6174.31599025
683	2018-06-26 20:00:00	6241.8457	6166.0	6170.025	6212.19764242	244494.43279667	39.46168482	6195.7423742
684	2018-06-26 22:00:00	6216.98489131	6021.75327797	6208.30210189	6078.39999986	993930.29230749	162.89335375	6101.72403861
685	2018-06-27 00:00:00	6113.89999996	6001.3	6078.89999921	6072.40000001	648073.2684037	107.15500017	6047.99838902
686	2018-06-27 02:00:00	6085.9720992	6052.0	6085.9720992	6052.0	1452429.501496	239.53210358	6063.61101409
687	2018-06-27 04:00:00	6093.81273561	6050.0	6052.0	6083.39369969	475316.07388091	78.38750219	6063.67163899
688	2018-06-27 06:00:00	6090.53879996	6061.70000001	6068.3000037	6076.99999899	87539.98135518	14.41007537	6074.91488472
689	2018-06-27 08:00:00	6115.62443263	6060.73867122	6079.99999999	6094.15844325	308290.99673823	50.67043886	6084.23774639
690	2018-06-27 10:00:00	6133.6	6090.0	6101.54380515	6090.20000839	496138.1390195	81.20547098	6109.66395529
691	2018-06-27 12:00:00	6109.8	6060.67693022	6095.19	6097.54612598	394679.07428919	64.83662207	6087.2861924
692	2018-06-27 14:00:00	6150.0	6031.0	6097.40153325	6111.99999988	2430057.6499931	401.15581161	6057.64039723
693	2018-06-27 16:00:00	6139.99999999	6089.40000023	6110.01538512	6124.99	339544.86236699	55.55361699	6112.02079655
694	2018-06-27 18:00:00	6150.0	6111.0	6124.98999923	6143.74347759	169221.52875965	27.62888569	6124.80469383
695	2018-06-27 20:00:00	6146.38461488	6113.19	6134.6633391	6121.4	205704.11202736	33.57058276	6127.51090733
696	2018-06-27 22:00:00	6185.0639698	6110.1200005	6124.80152575	6137.87057885	350607.00733452	56.98774397	6152.32298929
697	2018-06-28 00:00:00	6165.28461488	6117.60000001	6137.87057885	6128.67386471	115381.66144684	18.79383048	6139.33713883
698	2018-06-28 02:00:00	6148.48	6075.0	6137.20134192	6096.17	261953.68416219	42.83894823	6114.84863624
699	2018-06-28 04:00:00	6119.69489242	6075.11000101	6100.0	6104.50936136	137577.93111537	22.57838761	6093.34614551
700	2018-06-28 06:00:00	6117.96345087	6092.72000024	6117.8580797	6114.69000012	145717.33222495	23.84374637	6111.34382843
701	2018-06-28 08:00:00	6132.86571378	6096.0602	6114.99999999	6107.0	409964.67892573	67.01815352	6117.21835641
702	2018-06-28 10:00:00	6118.82274234	6082.5	6107.0	6100.53175655	87549.46619168	14.35811819	6097.55854027
703	2018-06-28 12:00:00	6123.67130079	6087.4	6113.5338752	6107.94488853	68212.8422404	11.17516372	6103.96804463
704	2018-06-28 14:00:00	6127.70000066	6065.0	6115.14556124	6110.28627176	298618.37722062	48.92782776	6103.24207903
705	2018-06-28 16:00:00	6118.15365749	6096.10000003	6101.60000002	6115.6	288219.29877182	47.19639024	6106.80811193
706	2018-06-28 18:00:00	6118.15365747	6070.0	6108.59273561	6083.5755517	185518.61184926	30.43558007	6095.45181733
707	2018-06-28 20:00:00	6097.39313026	5905.9	6095.66543448	5919.96958067	1581039.1415855	263.39350318	6002.57456048
708	2018-06-28 22:00:00	5960.31534027	5781.55130152	5919.96958068	5872.99999926	2376443.0570519	404.66627012	5872.59980019
709	2018-06-29 00:00:00	5904.26066417	5853.2	5866.24997922	5865.04542901	549108.8045587	93.41550736	5878.1333001
710	2018-06-29 02:00:00	5886.96440463	5849.71461519	5874.9	5880.1234	240959.26430757	41.07797267	5865.89962078
711	2018-06-29 04:00:00	5956.7	5800.0	5883.70792926	5902.2771754	541402.09870677	92.36824754	5861.34427279
712	2018-06-29 06:00:00	5907.48718829	5872.33195094	5890.0	5892.40155755	221232.27915031	37.5560277	5890.72627482
713	2018-06-29 08:00:00	5926.46009997	5894.0	5900.0	5915.0	338684.18327509	57.29918711	5910.80258477
714	2018-06-29 10:00:00	5915.0	5850.0	5915.0	5870.8963247	433718.24884667	73.79033275	5877.71097761
715	2018-06-29 12:00:00	5901.0	5808.00000002	5870.8963247	5851.5366611	1515523.7111584	258.90559772	5853.57645606
716	2018-06-29 14:00:00	5906.0	5860.95720001	5864.76999999	5893.76239897	3263413.126859	555.30840499	5876.75802767
717	2018-06-29 16:00:00	5904.0	5861.26622131	5893.90050727	5895.6	572937.62150864	97.36541902	5884.40564704
718	2018-06-29 18:00:00	5898.0	5870.5563068	5889.3353203	5880.0	235166.7015717	39.98119339	5881.9330198
719	2018-06-29 20:00:00	5925.36626994	5879.99999999	5879.99999999	5907.50741875	298217.56368282	50.46397271	5909.51420722
720	2018-06-29 22:00:00	6300.0	5909.00000002	5917.74803373	6197.50000071	3134410.4140531	509.63944606	6150.2508063
721	2018-06-30 00:00:00	6514.60037248	6183.33534474	6199.99999978	6405.00000014	2897952.1420404	453.41837648	6391.34250476
722	2018-06-30 02:00:00	6441.18465525	6357.21176337	6419.6211303	6365.5	1076688.599277	168.39752689	6393.7316608
723	2018-06-30 04:00:00	6409.84999989	6363.05110467	6365.5	6396.006	510161.31062302	79.8875365	6385.99377292
724	2018-06-30 06:00:00	6419.79999994	6381.0966	6397.00599965	6409.00000054	360084.91782138	56.24652041	6401.90566805
725	2018-06-30 08:00:00	6419.79999996	6380.0	6416.3	6419.79999995	550170.02897384	86.04001963	6394.35034231
726	2018-06-30 10:00:00	6424.48293294	6374.13705539	6416.62086214	6395.75000018	475526.65530522	74.22957399	6406.1617189
727	2018-06-30 12:00:00	6452.15064089	6390.01	6400.0	6393.43185138	225073.49893583	35.08138063	6415.7537387
728	2018-06-30 14:00:00	6399.98999924	6336.00000081	6399.98999924	6387.53463773	547478.23974414	86.07731683	6360.30791742
729	2018-06-30 16:00:00	6387.38102133	6329.14007665	6375.19234792	6345.17394661	392735.95609574	61.84739779	6350.08052285
730	2018-06-30 18:00:00	6349.93391733	6307.89826719	6349.93391733	6335.66957285	264099.0641362	41.76814731	6322.97770298
731	2018-06-30 20:00:00	6370.8875	6320.98463923	6321.9500004	6329.3271568	176336.27237646	27.79197805	6344.86224979
732	2018-06-30 22:00:00	6430.0	6329.40593591	6333.58423057	6390.5236881	534133.52475536	84.09773504	6351.34257184
733	2018-07-01 00:00:00	6435.02601278	6329.40593412	6399.4592826	6346.80000064	364511.48133116	57.13428794	6379.90766094
734	2018-07-01 02:00:00	6362.86749999	6329.40593412	6347.00000015	6350.0	62263.16018822	9.80862946	6347.79409724
735	2018-07-01 04:00:00	6399.0	6336.41	6350.0	6392.78	159164.26358296	24.98429514	6370.57250128
736	2018-07-01 06:00:00	6400.41	6352.20000001	6379.26863379	6369.6769278	209606.03415527	32.89010577	6372.92064735
737	2018-07-01 08:00:00	6396.19766	6350.0	6370.43538512	6355.66944282	192646.24931609	30.20703716	6377.52879554
738	2018-07-01 10:00:00	6382.01538512	6350.08926855	6355.66944282	6376.45002287	76701.54422415	12.03430354	6373.57566802
739	2018-07-01 12:00:00	6394.0611	6331.0	6382.01538512	6341.80197375	301163.29942298	47.31350858	6365.27090172
740	2018-07-01 14:00:00	6350.88461357	6262.0	6348.0	6315.07724813	572783.28313986	90.80503435	6307.83620357
741	2018-07-01 16:00:00	6347.7	6300.55714272	6320.07026164	6330.49	222329.86929498	35.1616871	6323.07171901
742	2018-07-01 18:00:00	6339.85922975	6300.98285287	6330.0	6331.99999244	45476.96534665	7.18912868	6325.79654237
743	2018-07-01 20:00:00	6406.03001962	6310.2	6315.52416907	6371.45718783	629616.74492613	98.87504317	6367.80247816
744	2018-07-01 22:00:00	6500.0	6342.85860792	6365.01538548	6348.80000001	1215927.80774	189.9433565	6401.52848799
745	2018-07-02 00:00:00	6367.02999999	6322.535397	6362.66333749	6324.25229501	188218.77455909	29.66092737	6345.68070685
746	2018-07-02 02:00:00	6349.8526496	6328.19538371	6332.0	6344.44235189	61516.2781599	9.706829710000001	6337.4222066
747	2018-07-02 04:00:00	6349.95533135	6282.57445327	6344.44235158	6292.50618944	214994.90001484	34.0889959	6306.87101038
748	2018-07-02 06:00:00	6351.1536885	6275.0	6300.01999909	6351.1536885	149199.63542517	23.65549218	6307.18795829
749	2018-07-02 08:00:00	6374.00232533	6317.79374067	6346.3678039	6329.39999964	209014.73415181	32.92525361	6348.15866956
750	2018-07-02 10:00:00	6364.1113031	6322.38801195	6330.0	6351.6	137874.93177546	21.72200084	6347.24824803
751	2018-07-02 12:00:00	6666.30942392	6329.73630009	6352.56999855	6600.0	3075924.2051617	469.59220433	6550.20287134
752	2018-07-02 14:00:00	6645.49787869	6575.01	6592.54574549	6629.424671	2158641.9236943	325.57615834	6630.22112767
753	2018-07-02 16:00:00	6630.87054049	6596.36715598	6625.57898103	6620.94257652	769584.61255934	116.2423992	6620.51555934
754	2018-07-02 18:00:00	6680.0	6616.01110002	6628.61985238	6631.79999998	634433.78915781	95.4882826	6644.10095022
755	2018-07-02 20:00:00	6795.8308	6620.70805892	6631.72665619	6650.00000001	1428311.6744467	213.71299388	6683.31695006
756	2018-07-02 22:00:00	6664.29999999	6603.65226661	6664.29999999	6614.23108202	522423.05525244	78.75553508	6633.47731333
757	2018-07-03 00:00:00	6625.60808135	6601.83713417	6615.0	6620.98532987	129877.68864536	19.62928992	6616.52505896
758	2018-07-03 02:00:00	6674.9293	6613.4	6620.9853299	6648.3	212688.7515217	32.01071101	6644.29951134
759	2018-07-03 04:00:00	6665.0	6626.6	6648.7	6626.7	611881.60116503	91.98102612	6652.2589166
760	2018-07-03 06:00:00	6656.79989857	6615.50000004	6630.0	6648.99999913	299702.64811546	45.17103867	6634.84075061
761	2018-07-03 08:00:00	6648.99999999	6613.09037743	6648.99999999	6621.00000001	253312.507864	38.20145933	6630.96416489
762	2018-07-03 10:00:00	6627.6853313	6533.0	6619.0	6574.7	1746416.4205177	265.75971862	6571.41130938
763	2018-07-03 12:00:00	6587.05888069	6556.60000257	6580.69999855	6567.37557392	336136.10110676	51.13844401	6573.06078849
764	2018-07-03 14:00:00	6588.99999999	6551.78714509	6569.99999999	6580.04400628	245482.6110131	37.34176018	6573.94321611
765	2018-07-03 16:00:00	6601.44989758	6563.06709643	6588.6	6578.0000003	344905.05552502	52.39089564	6583.30137921
766	2018-07-03 18:00:00	6643.95700849	6544.23700887	6580.0	6605.0	558435.73697923	84.72475234	6591.17579639
767	2018-07-03 20:00:00	6628.52999755	6587.60000015	6606.0	6602.90000011	270068.44251867	40.84651811	6611.78614518
768	2018-07-03 22:00:00	6620.3559934	6470.0	6606.99999527	6497.65940927	1189461.5446686	182.72068168	6509.72584894
769	2018-07-04 00:00:00	6512.38533107	6410.89	6511.0	6456.771	1183329.4800303	183.31107038	6455.30833231
770	2018-07-04 02:00:00	6489.99999999	6440.0	6463.09999999	6461.8	283123.98046687	43.76098575	6469.78068739
771	2018-07-04 04:00:00	6490.24429461	6454.10382291	6470.38461488	6489.1	180023.22669461	27.81582605	6471.97125733
772	2018-07-04 06:00:00	6509.0	6466.0	6487.0	6475.0	144276.33183498	22.25758815	6482.11885594
773	2018-07-04 08:00:00	6550.10315569	6470.20000001	6475.0	6534.89999993	427327.97183097	65.48732866	6525.35353899
774	2018-07-04 10:00:00	6537.2	6497.86588989	6534.99999999	6532.99999996	277789.67607862	42.59365818	6521.85531716
775	2018-07-04 12:00:00	6781.09999999	6529.6	6533.0	6710.87952578	1341423.4513887	200.57434623	6687.91137352
776	2018-07-04 14:00:00	6724.2	6669.3	6713.41645543	6676.69206072	558739.45362615	83.43133316	6696.99778804
777	2018-07-04 16:00:00	6697.46365763	6656.0	6680.80000043	6672.38655642	380466.06658783	56.9907419	6675.92759637
778	2018-07-04 18:00:00	6697.97359292	6665.0	6675.88258169	6683.89999999	280695.04892717	42.01737507	6680.45180022
779	2018-07-04 20:00:00	6697.55508483	6671.10000001	6683.89999999	6681.00000001	549293.92658972	82.19758107	6682.60451754
780	2018-07-04 22:00:00	6695.0	6554.86440001	6686.0	6585.60313941	628112.31921543	95.0011549	6611.62824679
781	2018-07-05 00:00:00	6697.97359292	6526.99653301	6583.2	6634.10965	602261.62110886	91.2751193	6598.31097157
782	2018-07-05 02:00:00	6656.5	6593.90756072	6640.0	6626.76319709	561370.76765532	84.86974686	6614.49796216
783	2018-07-05 04:00:00	6660.0	6573.71538512	6629.40890598	6601.74296202	428734.68042411	64.5943048	6637.34491379
784	2018-07-05 06:00:00	6618.22649996	6582.1	6609.12776755	6609.30000001	1069601.0249895	162.11822382	6597.6606441
785	2018-07-05 08:00:00	6646.89184597	6550.07920915	6606.39999985	6646.89184597	770648.09647583	116.75151384	6600.75463802
786	2018-07-05 10:00:00	6687.37214999	6598.03629423	6636.79259442	6620.0	339894.41192182	51.21770429	6636.26799821
787	2018-07-05 12:00:00	6665.37738589	6580.9966356	6619.66923837	6593.00000001	858433.67281715	129.64121772	6621.61068766
788	2018-07-05 14:00:00	6612.77398764	6550.0	6600.89999572	6601.05844896	567689.66977494	86.16388185	6588.48763062
789	2018-07-05 16:00:00	6636.5	6540.20000001	6601.10460435	6556.22610485	1257689.2713403	190.82138478	6590.92413981
790	2018-07-05 18:00:00	6580.73875503	6461.18461459	6556.60000001	6497.06460773	1149579.0921163	176.55194549	6511.27966291
791	2018-07-05 20:00:00	6515.68461488	6480.00000023	6504.62544762	6497.1	286857.71337349	44.15497827	6496.61090578
792	2018-07-05 22:00:00	6553.78983768	6484.01538516	6497.08461488	6532.21538558	183964.76365301	28.15609949	6533.74462319
793	2018-07-06 00:00:00	6548.39738437	6507.36518431	6536.39429217	6509.20000053	109277.82618355	16.72904298	6532.22221463
794	2018-07-06 02:00:00	6547.95234071	6509.20000099	6509.6651137	6527.015	163555.54646843	25.0373687	6532.45748098
795	2018-07-06 04:00:00	6532.90468118	6479.00158085	6532.90468118	6505.0	382013.03091723	58.80903848	6495.82174425
796	2018-07-06 06:00:00	6509.17411402	6441.51030018	6507.78253543	6480.0041	324610.85821858	50.20393318	6465.84515708
797	2018-07-06 08:00:00	6533.0	6466.4	6480.64678041	6491.7000008	339663.0173439	52.24480265	6501.37430165
798	2018-07-06 10:00:00	6539.9	6491.35980432	6495.38848356	6527.0	226611.31174201	34.74573881	6521.98858056
799	2018-07-06 12:00:00	6635.5	6527.0	6532.90203536	6562.1	888616.96149553	134.97258189	6583.68499033
800	2018-07-06 14:00:00	6579.34254368	6550.0	6568.85702608	6569.0	310135.43558594	47.24107824	6564.95251887
801	2018-07-06 16:00:00	6634.29716487	6546.63685671	6572.0	6595.13369961	636400.13787486	96.73366266	6578.8901234
802	2018-07-06 18:00:00	6614.42701719	6534.38040869	6598.82462295	6572.94640312	498483.84767577	75.9860139	6560.20525476
803	2018-07-06 20:00:00	6598.4	6556.53917513	6579.59999949	6589.37439421	128830.64860016	19.58485889	6578.0738745
804	2018-07-06 22:00:00	6629.99389109	6566.28605453	6592.56971905	6605.0	213523.92947976	32.38310983	6593.68203364
805	2018-07-07 00:00:00	6614.17668551	6563.0	6613.0	6565.95704966	93752.16684102	14.22133266	6592.36156571
806	2018-07-07 02:00:00	6606.0	6565.95704966	6571.98411312	6599.18462746	76969.65655398	11.67176413	6594.51782067
807	2018-07-07 04:00:00	6616.81016693	6589.5108204	6602.13462063	6597.50000015	124634.10754546	18.8704007	6604.74091286
808	2018-07-07 06:00:00	6602.98461488	6577.41294031	6593.9	6593.96080265	155142.34484923	23.55029027	6587.70414591
809	2018-07-07 08:00:00	6593.96080265	6566.31272216	6593.96080265	6581.44104948	286901.32849978	43.61549023	6577.9686755
810	2018-07-07 10:00:00	6598.89772867	6565.10000005	6582.51988853	6576.37693957	119137.90739597	18.09098752	6585.48391923
811	2018-07-07 12:00:00	6610.24852095	6516.85222935	6591.43606104	6538.67219204	574336.66741338	87.44217369	6568.18836011
812	2018-07-07 14:00:00	6581.81419943	6530.0	6538.65680691	6552.40000248	173150.59789022	26.39408279	6560.20515158
813	2018-07-07 16:00:00	6568.69743413	6544.49152419	6552.40000334	6556.8183144	150088.9437288	22.89130575	6556.59163212
814	2018-07-07 18:00:00	6560.0	6524.96743345	6556.8183144	6545.18	331296.58479224	50.60945074	6546.14069009
815	2018-07-07 20:00:00	6549.52887136	6516.71	6543.64089558	6542.85626148	142286.98947291	21.76985986	6535.96258257
816	2018-07-07 22:00:00	6800.000001	6525.997	6542.84087643	6760.0	1648211.2897314	246.07948793	6697.88166253
817	2018-07-08 00:00:00	6782.0	6726.3575059	6760.0	6743.29878886	498744.17143826	73.79433127	6758.57024319
818	2018-07-08 02:00:00	6748.83	6720.3591992	6741.7133139	6728.2244722	122541.05468776	18.18965336	6736.85486262
819	2018-07-08 04:00:00	6736.25144999	6715.001	6727.51881193	6736.25144999	102540.67912219	15.24766939	6725.00672066
820	2018-07-08 06:00:00	6742.0	6724.7025714	6734.39328182	6739.17191769	136444.46966368	20.25540628	6736.20009283
821	2018-07-08 08:00:00	6744.2390514	6730.61174715	6740.86787633	6737.8	132711.50318196	19.70345826	6735.44214577
822	2018-07-08 10:00:00	6742.0	6720.0	6737.8	6739.93999999	300419.16031817	44.65289866	6727.87589011
823	2018-07-08 12:00:00	6754.0	6714.001	6739.93999987	6734.48296953	384762.95011191	57.11590197	6736.52935243
824	2018-07-08 14:00:00	6775.31999911	6727.00000001	6738.18329296	6751.57899983	714537.46484337	105.77830448	6755.0474396
825	2018-07-08 16:00:00	6771.98261688	6745.45914922	6750.00000006	6760.59799932	301655.33572647	44.62830793	6759.2823864
826	2018-07-08 18:00:00	6770.516	6751.0	6760.58161654	6770.516	163839.65142331	24.23609469	6760.15065624
827	2018-07-08 20:00:00	6771.9	6751.0	6765.99	6763.999999	125679.99458063	18.58793397	6761.37513633
828	2018-07-08 22:00:00	6765.0	6680.0	6763.99999934	6703.51638138	817646.74257878	121.50511243	6729.31966586
829	2018-07-09 00:00:00	6725.75637399	6687.32574842	6703.5	6694.19540056	245529.42011	36.61495472	6705.71415389
830	2018-07-09 02:00:00	6722.00580665	6687.0898725	6694.8648201	6716.38314126	98244.1559547	14.665059339999999	6699.19934703
831	2018-07-09 04:00:00	6716.9	6690.2778	6716.24999998	6706.98663641	67685.26778826	10.10666094	6697.09493472
832	2018-07-09 06:00:00	6741.09438421	6703.66600001	6706.98663641	6727.98186775	375109.57216207	55.8860542	6712.04252172
833	2018-07-09 08:00:00	6733.54499992	6675.00000082	6726.18424949	6690.0	684029.45808507	102.00905525	6705.57585705
834	2018-07-09 10:00:00	6746.76728486	6680.83923244	6692.59530467	6717.96283747	245154.69285207	36.54885996	6707.58795542
835	2018-07-09 12:00:00	6745.34833786	6705.03500002	6720.15833029	6729.69527722	339708.12301741	50.58524863	6715.55704909
836	2018-07-09 14:00:00	6737.12417113	6720.02200006	6729.31066275	6726.81	264298.94578872	39.27894431	6728.76907543
837	2018-07-09 16:00:00	6726.902463	6672.1	6722.20685809	6691.67064191	374009.79413442	55.8032167	6702.29811562
838	2018-07-09 18:00:00	6717.77407855	6682.85119323	6689.601	6717.77407855	248368.24532256	37.05244096	6703.15474196
839	2018-07-09 20:00:00	6717.79093618	6691.5169581	6717.77407855	6706.21540622	204435.41306917	30.48879725	6705.26329368
840	2018-07-09 22:00:00	6800.122952	6630.0	6716.75	6654.50000001	1491335.4657886	222.30503554	6708.50960332
841	2018-07-10 00:00:00	6682.2281419	6639.98314172	6659.95530488	6654.0	243968.9051098	36.6331928	6659.77728017
842	2018-07-10 02:00:00	6662.89328328	6622.2335101	6651.50436705	6632.77333178	221896.46716721	33.41041906	6641.53498849
843	2018-07-10 04:00:00	6665.17695701	6620.61975899	6631.99999972	6630.91678397	381623.06915473	57.46461228	6641.01007582
844	2018-07-10 06:00:00	6623.79813697	6566.79877816	6620.61976747	6597.8942605	547373.46525877	83.04032582	6591.65844851
845	2018-07-10 08:00:00	6613.73439782	6444.88300851	6598.0	6455.0	1584151.4327907	243.36147567	6509.45852637
846	2018-07-10 10:00:00	6477.74305987	6330.99999908	6455.0	6360.41931694	1484911.1661026	231.38166086	6417.58366062
847	2018-07-10 12:00:00	6397.88398888	6334.156	6364.62939959	6390.20717639	909632.61652639	142.84058935	6368.16622408
848	2018-07-10 14:00:00	6390.20717639	6346.1345972	6390.20717639	6384.19999981	313237.00462054	49.21845006	6364.21919501
849	2018-07-10 16:00:00	6412.51286917	6340.11999946	6386.97999999	6375.29461451	417105.11766992	65.56665601	6361.54324549
850	2018-07-10 18:00:00	6387.1068466	6355.92659291	6375.1	6375.0	436160.21437177	68.4685664	6370.22559846
851	2018-07-10 20:00:00	6406.56922212	6361.15	6377.0	6361.15	154327.22582101	24.16384083	6386.70097633
852	2018-07-10 22:00:00	6386.0084578	6260.00000004	6362.40210028	6298.0	595369.35171527	94.29932847	6313.61178679
853	2018-07-11 00:00:00	6406.06879997	6289.17538512	6304.02325863	6371.87854225	258778.93011494	40.64702893	6366.49066185
854	2018-07-11 02:00:00	6382.09461455	6333.668	6379.35	6337.35900001	140047.15077899	22.03049981	6356.96656847
855	2018-07-11 04:00:00	6364.45311672	6290.26413552	6335.67094007	6332.78018208	406049.22631123	64.09600995	6335.01565273
856	2018-07-11 06:00:00	6369.40189525	6285.00106009	6338.967098	6345.0	321823.82858203	50.85374662	6328.4192409
857	2018-07-11 08:00:00	6375.62657727	6321.10000005	6345.20163999	6327.75830035	415830.71380244	65.44731297	6353.67129576
858	2018-07-11 10:00:00	6395.51499971	6320.16440582	6339.83118771	6373.86711558	188294.81723516	29.57929486	6365.76423225
859	2018-07-11 12:00:00	6391.54000044	6356.16803695	6373.86711558	6379.51037128	269261.42975687	42.25619733	6372.11691468
860	2018-07-11 14:00:00	6379.39218519	6347.62199534	6379.39218519	6361.42253514	116663.24420174	18.33759741	6361.96997858
861	2018-07-11 16:00:00	6367.88922231	6327.126	6365.82983983	6347.86588218	136398.91686104	21.5081523	6341.73103103
862	2018-07-11 18:00:00	6355.391	6293.001	6355.39099999	6342.0	297846.2963105	47.07337641	6327.2770943
863	2018-07-11 20:00:00	6375.89999999	6341.37892789	6341.37892789	6358.98311807	250730.99680875	39.4467348	6356.19140798
864	2018-07-11 22:00:00	6377.0	6356.90456808	6358.98311807	6374.00000397	77236.75259773	12.1343554	6365.13024809
865	2018-07-12 00:00:00	6377.0	6324.67374653	6377.0	6330.65945402	168924.14935891	26.55765651	6360.65720992
866	2018-07-12 02:00:00	6344.786474	6305.99999842	6324.65307649	6339.73243701	239675.3507305	37.87269361	6328.44743494
867	2018-07-12 04:00:00	6342.07200662	6310.11960021	6342.07200662	6330.28390008	81853.89159799	12.94450405	6323.44748642
868	2018-07-12 06:00:00	6329.3161698	5999.0	6326.39749464	6167.90789985	3802806.9686628	617.15137362	6161.87070338
869	2018-07-12 08:00:00	6205.527	6136.95132877	6176.38533133	6182.10000001	549869.5141994	89.17722508	6166.03077418
870	2018-07-12 10:00:00	6188.329	6142.23441141	6188.329	6159.62895132	392579.77602678	63.73737533	6159.33389152
871	2018-07-12 12:00:00	6188.96599822	6151.615	6161.79999483	6180.63595354	239637.95236779	38.82379656	6172.45023931
872	2018-07-12 14:00:00	6197.94166439	6159.01844328	6180.43058592	6168.77863589	246544.17140924	39.89645888	6179.60035377
873	2018-07-12 16:00:00	6192.25131285	6168.77863589	6168.77863589	6182.949	219495.27213369	35.47617586	6187.11760252
874	2018-07-12 18:00:00	6183.02666269	6152.21262399	6179.7775185	6177.81399898	302261.28655576	49.01979901	6166.10619913
875	2018-07-12 20:00:00	6189.0	6160.0	6169.474	6169.28500128	420729.70590392	68.16855445	6171.90300276
876	2018-07-12 22:00:00	6260.0	6070.01	6169.28500002	6245.0	936282.63021857	151.53361545	6178.71240937
877	2018-07-13 00:00:00	6280.02576545	6223.12592543	6245.65547191	6236.0000001	545176.51970134	87.24096759	6249.08841295
878	2018-07-13 02:00:00	6259.3218	6232.30112917	6236.00000161	6254.42655063	296089.81169523	47.39955321	6246.67938078
879	2018-07-13 04:00:00	6274.81435564	6241.76150272	6246.79498881	6254.293	728877.80029081	116.26423182	6269.14906571
880	2018-07-13 06:00:00	6255.00857278	6218.7303546	6254.27899961	6253.19831192	207162.65666383	33.18317982	6243.00196025
881	2018-07-13 08:00:00	6253.99999744	6231.48697763	6253.99999744	6232.401	110037.4396142	17.63360592	6240.21201978
882	2018-07-13 10:00:00	6257.57567411	6230.00201221	6238.6324	6243.17734975	117100.69268031	18.75534587	6243.59014714
883	2018-07-13 12:00:00	6281.25127857	6238.15860091	6249.57848031	6239.52566788	151434.68161752	24.17993871	6262.82322026
884	2018-07-13 14:00:00	6262.49955107	6234.83792421	6239.52566788	6261.03197764	199073.98638001	31.82000559	6256.25240124
885	2018-07-13 16:00:00	6271.45151023	6251.6756638	6260.38711065	6269.0	100857.43831892	16.10730591	6261.59575552
886	2018-07-13 18:00:00	6349.0	6170.17499727	6271.45	6173.1	1520879.8409416	244.1040977	6230.45600328
887	2018-07-13 20:00:00	6225.48401104	6123.00000001	6174.97771298	6225.03638981	591247.91375485	95.95040007	6162.01613879
888	2018-07-13 22:00:00	6241.05147532	6191.67700002	6222.21611466	6218.64153614	130012.2165654	20.92627377	6212.86990671
889	2018-07-14 00:00:00	6277.40077473	6218.5327078	6221.45599921	6231.51953685	259950.86720813	41.59225444	6249.98261594
890	2018-07-14 02:00:00	6252.35222274	6199.19	6239.16493211	6204.57993746	66761.04005078	10.7128054	6231.89141947
891	2018-07-14 04:00:00	6235.496	6212.30081063	6212.30081063	6226.30825369	83090.88368516	13.33982874	6228.78189103
892	2018-07-14 06:00:00	6233.64857084	6202.44072034	6223.43533594	6224.98533098	106453.09755221	17.11069763	6221.43525963
893	2018-07-14 08:00:00	6224.1220702	6178.206	6223.65000009	6201.28131049	184455.916248	29.74269458	6201.72176235
894	2018-07-14 10:00:00	6238.84822486	6197.14564494	6206.78779371	6238.05224835	191613.72303805	30.83780141	6213.59870927
895	2018-07-14 12:00:00	6248.08499999	6218.40000002	6232.14712524	6234.99999999	142393.07893252	22.84271529	6233.63190955
896	2018-07-14 14:00:00	6245.57396131	6215.50000001	6239.99999961	6237.19599581	659770.54465527	105.84314715	6233.47436674
897	2018-07-14 16:00:00	6269.21999966	6234.2600037	6237.19599453	6256.4300313	596506.40043036	95.3387391	6256.70536511
898	2018-07-14 18:00:00	6288.83049789	6211.47	6260.0	6259.17601084	350448.75976587	56.12458006	6244.12261777
899	2018-07-14 20:00:00	6317.10572651	6203.76963727	6259.17601914	6258.9	331035.23792334	52.74046382	6276.68423723
900	2018-07-14 22:00:00	6277.97	6247.4694355	6263.00001771	6253.61666487	53873.14683496	8.60384411	6261.52056524
901	2018-07-15 00:00:00	6259.65747079	6235.09605744	6251.53947838	6238.0	29417.43757878	4.71109346	6244.29080606
902	2018-07-15 02:00:00	6255.0	6238.0	6238.62380041	6255.0	113634.99957832	18.19274548	6246.17101928
903	2018-07-15 04:00:00	6287.95413213	6255.0	6255.0	6285.958	118217.28733602	18.87032914	6264.71782547
904	2018-07-15 06:00:00	6287.896	6267.97471104	6284.74323184	6275.04705559	46461.75442846	7.40298783	6276.08142757
905	2018-07-15 08:00:00	6345.0	6278.73510102	6280.98999794	6309.63261464	396856.40145969	62.91423634	6307.89507346
906	2018-07-15 10:00:00	6384.21895621	6299.76173096	6311.9	6353.86	499978.43138615	78.79835234	6345.03662245
907	2018-07-15 12:00:00	6356.0	6322.60235888	6353.86	6354.44999942	650304.0908367	102.45827745	6347.01370178
908	2018-07-15 14:00:00	6384.22040843	6333.10853804	6349.67300038	6372.7291006	567394.47867288	89.23833222	6358.19232114
909	2018-07-15 16:00:00	6387.83960165	6357.28	6377.58002795	6375.19554206	248801.6945669	39.017754	6376.62779274
910	2018-07-15 18:00:00	6378.00999962	6342.08400002	6378.00999962	6362.94659576	219771.92480265	34.57841426	6355.75486921
911	2018-07-15 20:00:00	6383.2163262	6357.87057641	6362.94659434	6382.69218656	128692.50235311	20.19401676	6372.80358249
912	2018-07-15 22:00:00	6382.87714698	6335.00000001	6379.33600002	6343.13643	692461.67412173	108.7795404	6365.7345083
913	2018-07-16 00:00:00	6376.77309999	6339.5434008	6350.16910676	6350.14322926	136735.70483983	21.52617898	6352.06577845
914	2018-07-16 02:00:00	6364.31878775	6335.00000359	6342.14613916	6356.33374687	124910.66045243	19.6572496	6354.43223208
915	2018-07-16 04:00:00	6363.56361615	6343.01406437	6355.71350363	6356.18071519	254642.31160781	40.06255038	6356.11834974
916	2018-07-16 06:00:00	6383.68395949	6354.50616999	6363.48188136	6369.90662847	254854.44133074	40.02815274	6366.8799054
917	2018-07-16 08:00:00	6529.85038512	6354.07634579	6369.90663028	6529.75	1856606.1879401	287.81988685	6450.58341263
918	2018-07-16 10:00:00	6670.0	6508.0	6522.87704733	6639.89999969	1394796.0750368	211.89485642	6582.49142335
919	2018-07-16 12:00:00	6639.07932094	6583.64593051	6638.43	6589.9765007	474683.57281934	71.81700957	6609.62598779
920	2018-07-16 14:00:00	6650.999	6588.0	6588.0	6625.21888615	782661.20580882	118.13271586	6625.27057057
921	2018-07-16 16:00:00	6709.04452458	6620.43693684	6625.21888615	6675.0	930222.64951298	139.56854693	6664.98770657
922	2018-07-16 18:00:00	6700.36999999	6649.07997	6675.0	6681.17168067	791829.91275298	118.5847888	6677.33122237
923	2018-07-16 20:00:00	6681.18802641	6647.99990067	6681.18802641	6662.23821365	290856.93675832	43.63906708	6665.05854089
924	2018-07-16 22:00:00	6744.98365423	6662.19	6666.408	6735.0	236475.177875	35.28936988	6701.03146299
925	2018-07-17 00:00:00	6734.259	6697.40330073	6719.59975922	6716.02909149	244771.31285589	36.42075685	6720.65421001
926	2018-07-17 02:00:00	6745.81220665	6715.60000118	6716.00000016	6740.5	417870.40174618	62.1005145	6728.93622718
927	2018-07-17 04:00:00	6750.0	6681.0000007	6740.5	6684.20000171	369746.51103194	55.09960524	6710.51107211
928	2018-07-17 06:00:00	6702.68920634	6661.09423324	6684.56555585	6693.55263623	272722.12095773	40.82745252	6679.87111917
929	2018-07-17 08:00:00	6729.02000001	6693.55263498	6693.55264187	6696.07194853	316535.08214345	47.18022791	6709.06216789
930	2018-07-17 10:00:00	6727.55999999	6678.25801042	6696.71994087	6680.0	177429.67094575	26.46823178	6703.49543636
931	2018-07-17 12:00:00	6705.70006927	6675.0	6680.0	6692.13846889	366231.51335365	54.73559344	6690.92066673
932	2018-07-17 14:00:00	6784.9090909	6692.16923933	6693.559	6784.9090909	604252.14653553	89.68446949	6737.53382242
933	2018-07-17 16:00:00	7250.00212257	6740.00000314	6787.04000046	7196.68999995	7099945.9746029	1007.75912723	7045.28074493
934	2018-07-17 18:00:00	7450.06703767	7175.7716003	7181.99025431	7300.00000001	6796072.749829	923.91068854	7355.76807815
935	2018-07-17 20:00:00	7380.0	7300.0	7300.0	7350.25800216	1058344.9779331	144.17306836	7340.7952676
936	2018-07-17 22:00:00	7379.39744282	7276.31683546	7359.34167795	7320.51202306	2233159.2664067	304.05365917	7344.62223708
937	2018-07-18 00:00:00	7369.22507311	7320.51202306	7320.5120232	7339.00000245	486557.87846861	66.26341926	7342.78254732
938	2018-07-18 02:00:00	7547.00299262	7338.99	7339.00000102	7462.00000146	1691888.9817731	226.7933823	7460.04563543
939	2018-07-18 04:00:00	7477.10999981	7412.04308803	7454.35714414	7453.50612272	552098.11771301	74.18454452	7442.22561835
940	2018-07-18 06:00:00	7479.99999999	7420.0	7451.42100045	7427.68698917	363551.8522055	48.8252269	7445.9838753
941	2018-07-18 08:00:00	7428.0	7320.0	7427.90200012	7400.7703115	1028528.3645554	139.5079622	7372.54238636
942	2018-07-18 10:00:00	7431.09334748	7371.95705773	7399.00100125	7424.91099882	653847.0690354	88.22657983	7410.99870691
943	2018-07-18 12:00:00	7473.12838622	7391.0	7424.91099075	7451.91808807	1385142.073464	185.82900665	7453.85286417
944	2018-07-18 14:00:00	7519.83147319	7380.00000015	7451.91808841	7435.34316631	1619571.9678591	217.06353505	7461.28071435
945	2018-07-18 16:00:00	7503.83305661	7416.99967592	7429.999	7503.83305661	731333.88014956	98.0497832	7458.80160344
946	2018-07-18 18:00:00	7589.6158	7329.37793987	7505.0	7374.68456258	3707680.5011781	496.71004171	7464.47663593
947	2018-07-18 20:00:00	7380.18547488	7232.00000002	7378.0	7324.2011391	1569496.3560665	214.99472437	7300.16218149
948	2018-07-18 22:00:00	7389.185475	7275.00200039	7323.00000525	7372.78	770522.94819029	105.0146058	7337.29315384
949	2018-07-19 00:00:00	7381.03933553	7272.72113756	7376.04590835	7308.13508712	554128.92069381	75.78542032	7311.81430879
950	2018-07-19 02:00:00	7349.31999999	7280.75808628	7306.22450733	7319.11216069	220818.99259348	30.15627492	7322.48904015
951	2018-07-19 04:00:00	7348.54122205	7312.1616601	7319.11216044	7340.15125424	313474.90395283	42.76162558	7330.75274152
952	2018-07-19 06:00:00	7363.5141673	7318.46764691	7335.5446083	7319.19000136	269911.78763937	36.73579849	7347.37772782
953	2018-07-19 08:00:00	7416.99999938	7311.64365185	7319.92192276	7416.43220729	800660.30801359	108.82642696	7357.22315231
954	2018-07-19 10:00:00	7434.01121211	7373.43094958	7416.44819728	7422.70439708	757815.69272306	102.47299804	7395.27199572
955	2018-07-19 12:00:00	7514.00343913	7409.0	7422.70439708	7481.96973658	1186779.3913734	159.06704822	7460.87517593
956	2018-07-19 14:00:00	7495.92892063	7375.30127844	7483.0	7391.71232413	951466.52771855	127.82028969	7443.78322116
957	2018-07-19 16:00:00	7432.83790361	7341.2948814	7390.71817495	7429.25264856	1032918.7940632	139.58233811	7400.06800322
958	2018-07-19 18:00:00	7489.99999987	7409.30999968	7423.01041078	7450.04083256	464196.8579952	62.29303697	7451.82576695
959	2018-07-19 20:00:00	7487.66172179	7415.98400001	7453.09329226	7435.08364909	211014.66694583	28.3380636	7446.33331071
960	2018-07-19 22:00:00	7564.99999999	7436.45915568	7442.21170654	7475.18836125	654136.92217844	87.23744969	7498.34990021
961	2018-07-20 00:00:00	7484.57396218	7375.5	7480.8367389	7450.0	520536.34602252	70.26186166	7408.51912722
962	2018-07-20 02:00:00	7474.90499972	7442.13	7450.13415277	7470.71578	860403.38740423	115.28330485	7463.38239109
963	2018-07-20 04:00:00	7470.76357369	7417.681171	7470.69984906	7426.58406828	1178443.4603356	158.10236253	7453.67394565
964	2018-07-20 06:00:00	7451.64868622	7340.0	7425.0	7451.64868622	630247.85729717	85.28631889	7389.78848541
965	2018-07-20 08:00:00	7499.98406887	7430.8301664	7448.97337735	7453.69408658	526206.66510902	70.45389791	7468.80840831
966	2018-07-20 10:00:00	7511.39	7450.96057441	7452.8	7507.96944412	311815.4347524	41.67881813	7481.38859839
967	2018-07-20 12:00:00	7519.19	7451.4287692	7507.96944241	7477.79440336	256466.12632935	34.26746063	7484.24661805
968	2018-07-20 14:00:00	7520.87700189	7443.00000012	7477.76253799	7469.5	489743.32171775	65.44153064	7483.67767269
969	2018-07-20 16:00:00	7689.6158	7290.00000001	7469.5	7325.01593113	3558459.8935879	477.13178761	7458.02309968
970	2018-07-20 18:00:00	7400.0	7286.42714559	7325.00000029	7347.99999983	1286582.7461876	175.07891439	7348.58763929
971	2018-07-20 20:00:00	7384.87786415	7290.4138	7348.0	7309.42606526	1716877.0833477	233.53671238	7351.63677629
972	2018-07-20 22:00:00	7372.58906454	7288.02516555	7298.36100268	7340.57785179	226345.15560626	30.90132833	7324.7710645
973	2018-07-21 00:00:00	7340.57785188	7220.0	7340.57785188	7253.61593114	849764.40735857	117.05666559	7259.42775727
974	2018-07-21 02:00:00	7298.53602155	7256.95335577	7257.05433004	7271.85368379	174479.60805083	23.96944878	7279.24991735
975	2018-07-21 04:00:00	7330.50387478	7259.74752927	7281.72596381	7329.64598915	938367.7472931	128.54779161	7299.7578219
976	2018-07-21 06:00:00	7352.32199961	7316.34800053	7330.50387478	7337.25379352	529575.64378939	72.13003688	7341.95720252
977	2018-07-21 08:00:00	7346.7	7315.06739822	7337.25379352	7329.82050265	533754.82051386	72.79274709	7332.52750928
978	2018-07-21 10:00:00	7330.18917441	7291.28596125	7329.82050281	7325.47936316	256607.5994506	35.11809946	7306.98993955
979	2018-07-21 12:00:00	7370.0	7303.5141728	7321.345163	7354.99999982	192458.88890409	26.16509943	7355.55733006
980	2018-07-21 14:00:00	7420.78044369	7345.0	7354.99999982	7397.4150697	342593.52198349	46.41176714	7381.60908525
981	2018-07-21 16:00:00	7432.104	7385.36255046	7391.8402078	7418.0	550793.49846919	74.3151846	7411.58757034
982	2018-07-21 18:00:00	7450.0	7400.0	7416.98401119	7424.2	212100.06765382	28.58900758	7418.93775292
983	2018-07-21 20:00:00	7450.0	7396.19864755	7424.2	7403.47443096	535318.04235412	72.1874474	7415.66659626
984	2018-07-21 22:00:00	7426.02918693	7399.55800068	7403.70305097	7411.41060024	93638.16996863	12.63239527	7412.54274959
985	2018-07-22 00:00:00	7511.53511959	7360.0	7399.89329578	7511.53511959	1053754.5835999	142.0588616	7417.73214096
986	2018-07-22 02:00:00	7495.87315702	7408.0	7478.99999895	7422.82429625	144465.0809652	19.38135346	7453.81798352
987	2018-07-22 04:00:00	7425.85822523	7375.00000012	7425.85822523	7407.38100001	199176.74340438	26.94949531	7390.7411294
988	2018-07-22 06:00:00	7409.12794231	7373.05432	7409.06729917	7395.00000001	156665.27515581	21.20103622	7389.51028289
989	2018-07-22 08:00:00	7459.90799998	7395.00000001	7395.00000001	7441.53930673	310411.0446135	41.73042124	7438.48337471
990	2018-07-22 10:00:00	7467.24845798	7425.91159144	7433.23820548	7456.02999978	116160.66755314	15.59105612	7450.46818246
991	2018-07-22 12:00:00	7483.13064384	7439.0	7456.0279995	7462.14009719	258283.54101225	34.60469353	7463.82974865
992	2018-07-22 14:00:00	7550.0	7463.86514477	7467.10978014	7525.02	616280.46724137	82.03401208	7512.49940866
993	2018-07-22 16:00:00	7540.554525	7485.02003907	7533.06	7500.0	389920.20890292	51.87755968	7516.16327576
994	2018-07-22 18:00:00	7535.97057206	7500.69700017	7500.69700017	7521.74000001	200211.88215057	26.60226763	7526.12089071
995	2018-07-22 20:00:00	7579.96287255	7359.9	7523.01	7376.44414709	1721909.3423823	231.30957463	7444.17668458
996	2018-07-22 22:00:00	7419.80999999	7359.5	7376.8007045	7405.0	715616.56674552	96.98935515	7378.30007879
997	2018-07-23 00:00:00	7512.99999754	7380.0	7402.66279778	7511.919	137610.96166077	18.44589166	7460.24991349
998	2018-07-23 02:00:00	7663.74449669	7512.48363368	7512.48363368	7625.72000059	1355872.8250591	177.92588198	7620.43616122
999	2018-07-23 04:00:00	7695.38000031	7627.26250792	7635.1460948	7642.0	688470.65588626	89.86088523	7661.51651103
1000	2018-07-23 06:00:00	7787.6448028	7651.806187	7652.0	7752.1	1309426.0274136	169.58158106	7721.51090483
1001	2018-07-23 08:00:00	7760.0	7676.16736739	7759.9999	7712.82733494	462242.33575352	59.953382930000004	7710.02924544
1002	2018-07-23 10:00:00	7715.46906029	7651.45891157	7712.82733465	7676.98118136	439338.37939462	57.1520879	7687.17986582
1003	2018-07-23 12:00:00	7728.99999825	7675.00000001	7679.6850001	7728.78702927	417740.50535944	54.19567225	7708.00486489
1004	2018-07-23 14:00:00	7743.70990105	7695.69	7724.92999873	7735.08341861	297279.77617873	38.51848423	7717.84721339
1005	2018-07-23 16:00:00	7750.0	7700.0	7735.5638436	7733.86083441	310859.48514382	40.2243493	7728.14204713
1006	2018-07-23 18:00:00	7800.0	7630.0	7732.99999815	7753.80782614	1118532.1337411	144.66897657	7731.66549083
1007	2018-07-23 20:00:00	7762.0	7700.10999986	7746.18239622	7748.02114949	523025.68285047	67.66476861	7729.66040665
1008	2018-07-23 22:00:00	7770.24889283	7704.70564902	7748.02114949	7720.0	135773.46816377	17.55401227	7734.61167027
1009	2018-07-24 00:00:00	7764.99999856	7700.0	7719.99999999	7744.99999985	192041.09499665	24.85471356	7726.54629606
1010	2018-07-24 02:00:00	7791.00946261	7725.51301693	7738.25104722	7761.6143384	325536.98173317	41.92879727	7764.04292345
1011	2018-07-24 04:00:00	8036.41326051	7766.39379671	7766.39379671	7985.32599938	2413925.7426711	305.5703629	7899.73778792
1012	2018-07-24 06:00:00	8038.15500005	7943.86880189	7981.0	8011.61169318	1561625.3699511	195.31489696	7995.42377082
1013	2018-07-24 08:00:00	8036.0	7989.0	8025.53648407	8029.81265539	1050109.4214356	131.18431495	8004.83976941
1014	2018-07-24 10:00:00	8255.29246104	8016.41442803	8030.0	8255.0	1972378.0388644	242.85461917	8121.64102789
1015	2018-07-24 12:00:00	8363.01324677	8120.0	8255.29246104	8244.99999949	3191650.9706887	386.85381422	8250.27659898
1016	2018-07-24 14:00:00	8261.29999948	8120.0	8242.09353527	8184.29819375	1484328.9869498	181.23285972	8190.17582817
1017	2018-07-24 16:00:00	8275.91944204	8167.0	8183.10999967	8236.0	1021523.9395934	124.43437701	8209.33864209
1018	2018-07-24 18:00:00	8300.0	8218.74393372	8240.02933711	8260.0	742377.27948139	89.8939268	8258.36967977
1019	2018-07-24 20:00:00	8269.03263092	8192.01	8260.0	8257.99999999	724370.2424045	87.9397724	8237.11754801
1020	2018-07-24 22:00:00	8480.00000001	8254.23933729	8257.99	8410.0	1731546.4762567	206.54776271	8383.27393886
1021	2018-07-25 00:00:00	8483.406	8378.24957709	8410.09309769	8405.98646703	1197828.9362454	142.11942761	8428.32648842
1022	2018-07-25 02:00:00	8405.98647767	8301.0	8405.98647767	8350.5462703	820223.1038861	98.40665267	8335.03713043
1023	2018-07-25 04:00:00	8439.99999992	8330.69666265	8366.30659601	8438.22127985	426099.93295308	50.77519884	8391.89097606
1024	2018-07-25 06:00:00	8439.01598923	8300.0	8439.01598923	8335.9360444	770792.5824195	92.24815752	8355.64203276
1025	2018-07-25 08:00:00	8335.8081296	8225.0	8335.8081296	8231.22672427	2636698.1135771	318.40772714	8280.88607415
1026	2018-07-25 10:00:00	8243.58995263	8150.57065145	8243.58995263	8189.81999954	1995874.6459683	243.88294253	8183.74022087
1027	2018-07-25 12:00:00	8225.81937109	8162.00000036	8188.82141822	8197.0	557076.69292584	67.94812759	8198.55841042
1028	2018-07-25 14:00:00	8206.9910829	8055.32130921	8195.29148871	8115.71150639	1349475.0281878	166.14181961	8122.42836484
1029	2018-07-25 16:00:00	8189.29177745	8080.30503189	8115.71150625	8121.57334488	1098476.0850193	134.94023757	8140.46354742
1030	2018-07-25 18:00:00	8175.27069923	8080.99999926	8129.70990098	8175.27069923	637314.88148793	78.5340901	8115.13676005
1031	2018-07-25 20:00:00	8327.32731679	8136.2	8175.25471012	8284.40580231	881463.70913778	107.10927002	8229.57442407
1032	2018-07-25 22:00:00	8326.86999999	8169.00000216	8285.25023342	8173.03501117	623119.08217001	75.58301133	8244.1685136
1033	2018-07-26 00:00:00	8259.66720287	8152.09865382	8174.98401119	8223.70999894	662312.40995522	80.90474138	8186.32380078
1034	2018-07-26 02:00:00	8244.53670637	8173.51997764	8223.70999626	8225.626998	265405.63779458	32.36764176	8199.72118335
1035	2018-07-26 04:00:00	8245.81876101	8191.6200824	8225.62699299	8192.23298881	189978.40080726	23.12373331	8215.73222024
1036	2018-07-26 06:00:00	8307.99999996	8196.10638062	8200.942615	8251.92318498	556412.14050476	67.31949176	8265.24571053
1037	2018-07-26 08:00:00	8297.7295075	8245.50396623	8245.50396623	8280.49999797	235743.79240872	28.4993932	8271.88813299
1038	2018-07-26 10:00:00	8314.94	8228.6011609	8280.0	8250.91143925	394232.93493493	47.63717851	8275.74065605
1039	2018-07-26 12:00:00	8255.47958843	8185.6257	8251.85846401	8212.8947	432720.99576652	52.65756834	8217.64106106
1040	2018-07-26 14:00:00	8230.39298382	8184.92005595	8215.0	8205.889	507013.39540775	61.74357316	8211.59789528
1041	2018-07-26 16:00:00	8256.77505619	8192.10651327	8206.84100575	8219.51257085	815626.13572873	99.21843873	8220.50967712
1042	2018-07-26 18:00:00	8281.28397754	8210.81316527	8221.62455995	8281.25199798	242044.64375498	29.35261239	8246.10227324
1043	2018-07-26 20:00:00	8300.0	7925.0	8279.78127241	7964.87997547	3571118.4500916	443.01062122	8061.02219458
1044	2018-07-26 22:00:00	8040.32343405	7850.50000048	7975.99374121	7938.00204999	2867263.4647035	361.81121381	7924.75013283
1045	2018-07-27 00:00:00	7955.0	7875.0	7938.00204999	7899.9840078	535868.80379645	67.76430396	7907.83306964
1046	2018-07-27 02:00:00	7914.0	7877.40802021	7893.02469819	7883.81691249	619182.66516835	78.41904027	7895.82049252
1047	2018-07-27 04:00:00	7949.26803307	7892.59495277	7894.47599998	7932.16792204	516864.74574403	65.15596289	7932.73129301
1048	2018-07-27 06:00:00	7935.64718583	7893.67588201	7925.82557845	7922.76374917	429763.68753184	54.31706246	7912.13051788
1049	2018-07-27 08:00:00	8004.343	7913.27122072	7919.99999848	7959.99999999	672149.02221202	84.27826238	7975.35453663
1050	2018-07-27 10:00:00	7960.38319129	7910.14561137	7959.07355072	7930.51224367	480560.47073148	60.59217826	7931.06444646
1051	2018-07-27 12:00:00	7938.52288732	7801.995264	7930.51224376	7881.30647114	1587178.2337975	201.91324896	7860.69384734
1052	2018-07-27 14:00:00	8200.0	7831.13339447	7885.57470391	8155.16185211	2083890.7203959	258.82336238	8051.40116113
1053	2018-07-27 16:00:00	8235.66335323	8155.16185215	8155.16185215	8176.2	1205129.0252455	147.01536309	8197.29992781
1054	2018-07-27 18:00:00	8280.0	8176.2	8176.2	8235.99999921	779097.71818219	94.54897565	8240.14975123
1055	2018-07-27 20:00:00	8277.2470371	8222.51598415	8222.51598415	8255.58198766	499858.68353276	60.64285229	8242.66446344
1056	2018-07-27 22:00:00	8268.99999999	8135.00000042	8253.50100001	8185.4764035	1127095.2649585	137.54551868	8194.34377633
1057	2018-07-28 00:00:00	8213.35481808	8155.03653786	8199.95557941	8179.91085654	217344.95511708	26.51462165	8197.17354394
1058	2018-07-28 02:00:00	8187.0	8154.02000002	8182.08715707	8168.63813283	169818.62086248	20.77526615	8174.07679094
1059	2018-07-28 04:00:00	8234.46501281	8163.4000032	8163.40000331	8188.4267301	589780.44704223	71.87420009	8205.73232542
1060	2018-07-28 06:00:00	8194.1493109	8170.00100001	8189.25300446	8192.99999887	1236971.188698	151.10390294	8186.22924114
1061	2018-07-28 08:00:00	8215.63389407	8171.0	8192.99999878	8194.87094961	396777.46571431	48.40109868	8197.69543533
1062	2018-07-28 10:00:00	8214.7221173	8145.18097311	8194.85460412	8179.45864186	500564.90370507	61.10154892	8192.34393485
1063	2018-07-28 12:00:00	8205.99823578	8156.46199081	8179.54921608	8156.46199081	228718.2104391	27.94181683	8185.5167769
1064	2018-07-28 14:00:00	8168.28605526	8075.0	8157.41879632	8105.08363319	1691443.3463636	208.5119029	8111.9750136
1065	2018-07-28 16:00:00	8212.99999999	8113.49384932	8119.99999995	8185.01625689	433648.65202724	53.1019154	8166.34670822
1066	2018-07-28 18:00:00	8207.0958373	8163.54283004	8185.0	8193.93459066	154349.5985791	18.85280723	8187.0883575
1067	2018-07-28 20:00:00	8198.89232183	8159.60862461	8196.0	8172.98724225	683201.13702565	83.4918063	8182.85251334
1068	2018-07-28 22:00:00	8218.0	8171.01515101	8174.24142179	8218.0	746070.35981614	90.92425938	8205.40486008
1069	2018-07-29 00:00:00	8297.99999998	8217.99999999	8218.0	8268.96138358	823863.42656113	99.66333584	8266.46448884
1070	2018-07-29 02:00:00	8296.43412299	8220.01593113	8267.72543386	8232.46789055	408765.94768135	49.54039503	8251.16447767
1071	2018-07-29 04:00:00	8243.43923788	8190.89541988	8243.43923788	8209.07959641	111185.31030156	13.53917367	8212.11936648
1072	2018-07-29 06:00:00	8221.23779624	8160.88540001	8209.87445203	8178.44138792	220527.23805314	26.91030926	8194.89794496
1073	2018-07-29 08:00:00	8179.46499831	8136.0	8178.44	8170.93520391	172055.04779109	21.09866978	8154.78177464
1074	2018-07-29 10:00:00	8171.1093443	8125.62313	8160.32785859	8162.80584625	240774.60894452	29.55924826	8145.49161828
1075	2018-07-29 12:00:00	8232.2500456	8153.225	8162.80584625	8200.77444413	220786.80310787	26.95172897	8191.93467527
1076	2018-07-29 14:00:00	8238.11914619	8202.735	8202.735	8230.20038365	271775.05918347	33.06415059	8219.62924599
1077	2018-07-29 16:00:00	8229.42852448	8178.0	8229.42852448	8190.0	96723.49802481	11.79988371	8196.98739427
1078	2018-07-29 18:00:00	8219.6808868	8186.63712739	8186.63712739	8218.28906888	96778.60184453	11.799689	8201.79259339
1079	2018-07-29 20:00:00	8219.99800271	8181.04789562	8218.358058	8196.409	84906.09190466	10.35510637	8199.44178947
1080	2018-07-29 22:00:00	8264.0	8180.0	8190.07563492	8221.15112094	950779.41798732	115.32192644	8244.56759731
1081	2018-07-30 00:00:00	8264.0	8080.0	8223.00993812	8208.63729981	1152436.0512411	141.03753154	8171.1303272
1082	2018-07-30 02:00:00	8230.35937306	8188.87850001	8217.88699814	8195.63770166	134341.31472744	16.35871194	8212.21837148
1083	2018-07-30 04:00:00	8204.971	8168.71581264	8189.04981568	8178.48857874	81666.65366135	9.97559799	8186.64241915
1084	2018-07-30 06:00:00	8185.31965587	8120.80576455	8185.31965587	8163.38711059	301271.56169207	36.98110429	8146.63508503
1085	2018-07-30 08:00:00	8189.0	8150.0	8161.17294054	8161.50165876	169734.08898671	20.77270655	8171.01462335
1086	2018-07-30 10:00:00	8178.0	8131.0	8178.0	8155.71327769	252973.86051393	31.00365412	8159.48531533
1087	2018-07-30 12:00:00	8168.99999969	8105.0	8155.71327769	8113.78257412	477842.68102583	58.74287215	8134.47935956
1088	2018-07-30 14:00:00	8199.0	8114.30000018	8119.80013634	8124.46040088	766189.35720013	93.93519841	8156.57357592
1089	2018-07-30 16:00:00	8137.15804326	7882.63812925	8124.46040088	7909.5	2434143.9901189	304.44751964	7995.28271078
1090	2018-07-30 18:00:00	8149.99999989	7863.9999995	7906.787	8123.62503158	1734247.9422866	217.06838148	7989.40836275
1091	2018-07-30 20:00:00	8189.51557413	8075.7726813	8121.92357412	8137.96885138	908799.15133287	111.71998061	8134.61608541
1092	2018-07-30 22:00:00	8200.03999999	8132.13979087	8137.0	8178.05451886	431230.020071	52.74581809	8175.62483029
1093	2018-07-31 00:00:00	8178.05451886	8111.1803703	8178.05451886	8124.58942587	166171.94612773	20.41795209	8138.52169871
1094	2018-07-31 02:00:00	8149.16660487	8122.32270439	8124.58942587	8128.64781842	221689.82281935	27.2455003	8136.74993589
1095	2018-07-31 04:00:00	8134.22245377	8090.0	8134.22245377	8134.22245377	385881.41492693	47.54264997	8116.53147585
1096	2018-07-31 06:00:00	8150.0	8119.36504487	8135.21496211	8130.0	356086.26704282	43.76810285	8135.74826999
1097	2018-07-31 08:00:00	8132.30969454	7977.96092218	8127.47522037	8014.2238279	854244.20607827	106.24248374	8040.51426516
1098	2018-07-31 10:00:00	8027.34000001	7935.85962989	8014.0	7976.75	1471779.5891844	184.73694001	7966.8938389
1099	2018-07-31 12:00:00	7977.51460427	7715.064	7977.31410004	7730.00000016	2259439.4300217	289.22394168	7812.07605738
1100	2018-07-31 14:00:00	7779.983465	7669.00000004	7732.99999999	7763.94389015	2795032.0459161	361.58430332	7729.95957029
1101	2018-07-31 16:00:00	7836.68758601	7719.84116874	7763.21989969	7722.5296106	972516.16088248	125.20979008	7767.09361353
1102	2018-07-31 18:00:00	7772.1398175	7700.00000024	7739.2139045	7750.687868	799624.05714328	103.29216281	7741.38168269
1103	2018-07-31 20:00:00	7760.39071158	7675.0	7760.39071158	7709.06988352	1000815.2832776	129.86823192	7706.39030409
1104	2018-07-31 22:00:00	7778.53449999	7643.00000001	7709.06988371	7731.55172042	1048298.4750314	136.10395635	7702.18958467
1105	2018-08-01 00:00:00	7752.40186539	7560.33802905	7733.55387023	7560.33802905	1242206.2201769	162.69349065	7635.25458341
1106	2018-08-01 02:00:00	7574.88833167	7508.04466092	7560.33802905	7534.8	1492858.5363209	198.08923332	7536.29317101
1107	2018-08-01 04:00:00	7573.99999999	7472.69500866	7535.0	7528.00000002	1734112.4044278	230.63897692	7518.7309083
1108	2018-08-01 06:00:00	7573.9999953	7518.39064834	7527.64585577	7563.68410595	795476.38633374	105.45049187	7543.60052975
1109	2018-08-01 08:00:00	7650.0	7556.29689306	7559.14769776	7600.00000001	1028546.8767537	134.96629113	7620.76862409
1110	2018-08-01 10:00:00	7599.98442589	7525.01557412	7599.98442588	7560.38545831	382993.36455537	50.63077675	7564.43786052
1111	2018-08-01 12:00:00	7624.2788232	7566.2041202	7566.2041202	7624.2788232	449530.68975925	59.19145987	7594.51939091
1112	2018-08-01 14:00:00	7642.99999917	7577.0	7625.23837062	7609.23502398	608208.31744051	79.94021251	7608.28997501
1113	2018-08-01 16:00:00	7612.57705903	7524.68808599	7600.0	7541.51710335	624841.25187504	82.63741027	7561.23951408
1114	2018-08-01 18:00:00	7566.50282989	7534.99428991	7540.65297125	7565.0	244951.91299202	32.45145786	7548.25604596
1115	2018-08-01 20:00:00	7565.0	7476.39208283	7558.80354651	7476.39208283	814890.97342668	108.5568054	7506.58579555
1116	2018-08-01 22:00:00	7627.03206692	7440.00000001	7477.1331998	7616.01739137	1419123.6529153	188.09047627	7544.89903506
1117	2018-08-02 00:00:00	7699.38887939	7604.99203892	7604.99203941	7672.01593113	639739.1900565	83.45713765	7665.48204348
1118	2018-08-02 02:00:00	7697.21245441	7635.00000017	7672.15931459	7650.0	298640.94120289	38.93799589	7669.65362178
1119	2018-08-02 04:00:00	7650.0	7623.2691	7649.49394437	7650.0	150394.70735552	19.6858709	7639.72841839
1120	2018-08-02 06:00:00	7692.0	7641.75	7650.0	7670.86573174	313127.80409172	40.84076969	7667.03973672
1121	2018-08-02 08:00:00	7667.951355	7612.0	7667.951355	7614.64799267	411976.33588469	53.98250298	7631.66420862
1122	2018-08-02 10:00:00	7620.29131323	7550.0	7614.64799267	7562.77906338	1037034.0739083	136.7790481	7581.81964499
1123	2018-08-02 12:00:00	7573.20121556	7475.0	7562.79745284	7501.00000126	1088931.6202843	144.66698466	7527.1605532
1124	2018-08-02 14:00:00	7553.32908627	7494.85069999	7501.00000001	7522.54045203	786115.91470858	104.37814588	7531.4224839
1125	2018-08-02 16:00:00	7587.08797722	7464.6937052	7524.41122712	7508.81215165	764790.51823286	101.40250522	7542.12646495
1126	2018-08-02 18:00:00	7554.96196184	7487.0	7512.57127289	7538.21246473	337205.49061767	44.84433389	7519.46704002
1127	2018-08-02 20:00:00	7570.96196184	7532.0	7538.21246354	7533.0	252897.44742068	33.47512907	7554.78632783
1128	2018-08-02 22:00:00	7566.30234773	7525.0	7533.0	7536.86137497	344432.33018087	45.57892176	7556.83366084
1129	2018-08-03 00:00:00	7533.9999994	7321.85393258	7533.9999994	7339.60347979	3034571.4080666	410.69544256	7388.86068262
1130	2018-08-03 02:00:00	7358.7	7323.0	7339.58509062	7329.71359734	317026.64698755	43.2016435	7338.3006132
1131	2018-08-03 04:00:00	7359.05243877	7290.0	7329.63261214	7342.39885157	1168775.5690155	159.84261751	7312.03972521
1132	2018-08-03 06:00:00	7409.69434302	7307.2300094	7330.77192052	7401.0	501722.79050302	68.32852804	7342.80109487
1133	2018-08-03 08:00:00	7418.46	7328.8888329	7401.0	7352.89806312	445272.77979046	60.40141072	7371.89371047
1134	2018-08-03 10:00:00	7371.99999999	7332.81091055	7358.95685902	7362.5496745	148169.54865325	20.14315431	7355.82651917
1135	2018-08-03 12:00:00	7430.0	7352.34599134	7368.23318684	7430.0	1143739.9441525	154.61933343	7397.13410205
1136	2018-08-03 14:00:00	7499.0	7426.88443895	7430.0	7480.41767517	1372140.0128738	183.9458347	7459.47857482
1137	2018-08-03 16:00:00	7531.89299469	7449.9764552	7480.43668882	7531.89299469	789288.3747909	105.26936094	7497.79772331
1138	2018-08-03 18:00:00	7531.89299468	7363.65968429	7528.84707147	7375.72587619	1855717.6847766	250.10873368	7419.64367846
1139	2018-08-03 20:00:00	7443.96319207	7374.54341956	7377.16298573	7415.3233696	320208.39835028	43.22229527	7408.40800679
1140	2018-08-03 22:00:00	7438.45857205	7356.9292119	7415.32337135	7411.21513438	178565.70976887	24.10087556	7409.09637595
1141	2018-08-04 00:00:00	7472.67176301	7389.26696915	7411.21513438	7468.46829765	93573.17047617	12.575953909999999	7440.64197005
1142	2018-08-04 02:00:00	7489.99999999	7451.37201078	7472.67176301	7460.76113851	292495.11833369	39.10531185	7479.67742734
1143	2018-08-04 04:00:00	7471.52563155	7442.19012787	7461.83969143	7442.19012787	103499.92669275	13.88918208	7451.83741537
1144	2018-08-04 06:00:00	7454.4260891	7402.78111617	7442.19012787	7454.4260891	188142.96201791	25.29205461	7438.81685055
1145	2018-08-04 08:00:00	7480.22380322	7424.0	7450.0731365	7449.20000795	174777.55118118	23.43238276	7458.80403932
1146	2018-08-04 10:00:00	7460.6595799	7379.63831841	7449.20001799	7400.0	352516.9341275	47.59007972	7407.3617065
1147	2018-08-04 12:00:00	7397.605	7225.01	7397.605	7251.0	1452320.9348265	199.59809237	7276.22652893
1148	2018-08-04 14:00:00	7251.0	6960.877429	7250.00000011	6974.42111616	5147335.0523795	725.09317315	7098.86017822
1149	2018-08-04 16:00:00	7030.0	6939.96894754	6974.42111616	7001.59559997	818805.07960303	117.17830101	6987.68519892
1150	2018-08-04 18:00:00	7020.35349999	6967.0	7001.58559998	6994.68722516	249259.72987392	35.62091105	6997.56751095
1151	2018-08-04 20:00:00	7039.0	6970.59	6994.11845202	6996.61559868	222933.83833176	31.85374671	6998.66927308
1152	2018-08-04 22:00:00	7029.0	6989.68473945	6989.68473945	7005.0	130529.74941508	18.62588158	7007.97698377
1153	2018-08-05 00:00:00	7026.41094189	6900.0	7005.0	6928.18814055	890364.80200339	128.4671331	6930.68164999
1154	2018-08-05 02:00:00	7005.3248151	6917.65116415	6934.486314	7005.3248151	342793.86027682	49.12345113	6978.21208387
1155	2018-08-05 04:00:00	7008.77065736	6973.0	7002.7640601	6983.65066257	145773.33890495	20.85332747	6990.41143983
1156	2018-08-05 06:00:00	6983.65066257	6940.0	6983.65066257	6941.0	195642.3194336	28.10097366	6962.11888601
1157	2018-08-05 08:00:00	7078.91649836	6940.0	6940.000001	7077.99999976	405040.3320707	57.71062633	7018.47056302
1158	2018-08-05 10:00:00	7084.0	7024.70777644	7073.20019413	7032.89789152	431234.20937009	61.12676242	7054.75298048
1159	2018-08-05 12:00:00	7070.1411173	6952.75430359	7032.89789203	6964.00133953	425389.58607954	60.61869624	7017.46511332
1160	2018-08-05 14:00:00	7034.001337	6899.0	6975.94483018	7001.74683708	605768.13790954	87.09253774	6955.45397606
1161	2018-08-05 16:00:00	7029.0	6955.00000002	7000.01838946	6981.00000014	352340.52675886	50.477337	6980.17264181
1162	2018-08-05 18:00:00	7040.0	6970.97651386	6989.11998027	7020.79382288	269733.1322571	38.45495699	7014.26170694
1163	2018-08-05 20:00:00	7078.99999999	7009.46	7020.79382288	7051.37219787	264784.36677687	37.60294322	7041.58621913
1164	2018-08-05 22:00:00	7057.16083971	7016.00133699	7050.785352	7034.20000001	102855.79562435	14.6402938	7025.52810957
1165	2018-08-06 00:00:00	7149.0	7020.01513133	7020.01513133	7131.0	271699.46614309	38.19094531	7114.23778431
1166	2018-08-06 02:00:00	7142.53	7088.6795	7133.19999634	7088.67950001	502991.40400198	70.56166959	7128.39430989
1167	2018-08-06 04:00:00	7116.06044256	7068.0	7088.6795	7088.23034177	429641.88544472	60.5673582	7093.62102315
1168	2018-08-06 06:00:00	7114.98078687	6992.26752809	7093.18609771	7004.62852323	561958.21963565	79.92297519	7031.24750173
1169	2018-08-06 08:00:00	7020.99999955	6952.00000001	7013.73575001	6966.34038349	460551.3639209	65.98616306	6979.51422788
1170	2018-08-06 10:00:00	6995.20342957	6934.0	6960.98766646	6975.96643005	319280.0697972	45.81767278	6968.49164142
1171	2018-08-06 12:00:00	6991.48276017	6886.04504635	6975.95692422	6922.13321118	851728.69808493	123.00358783	6924.42158079
1172	2018-08-06 14:00:00	6982.32366929	6917.2794959	6923.2662176	6969.32688127	271310.22221165	39.09394687	6939.95474833
1173	2018-08-06 16:00:00	6981.68899312	6916.65645472	6970.07605926	6929.29077923	294673.56659977	42.40672114	6948.74677122
1174	2018-08-06 18:00:00	6942.1954912	6893.24629837	6923.00000057	6942.17647754	381188.95783333	55.12735614	6914.69688597
1175	2018-08-06 20:00:00	6947.0	6851.2539334	6942.19549119	6859.0	563965.37212359	82.05137568	6873.32012961
1176	2018-08-06 22:00:00	6943.315	6850.0	6859.0	6928.5	846837.69690924	122.80630542	6895.71837547
1177	2018-08-07 00:00:00	6987.99999984	6905.05704119	6938.75121385	6916.15225894	138823.68641644	19.958635	6955.57017884
1178	2018-08-07 02:00:00	6967.37375	6915.21747421	6915.21747421	6944.53878769	444169.57329139	63.89065098	6952.02766724
1179	2018-08-07 04:00:00	6968.62200914	6931.90000162	6944.390985	6934.896765	173732.85254375	24.98422623	6953.7015453
1180	2018-08-07 06:00:00	7079.57561062	6926.15777588	6938.35639588	7020.0	943977.82570617	134.27212335	7030.33364003
1181	2018-08-07 08:00:00	7079.71966786	7025.29873686	7026.001337	7056.4263721	681709.39195856	96.51955788	7062.91457329
1182	2018-08-07 10:00:00	7107.99999997	7035.00000001	7056.47309476	7091.50200433	329888.1836311	46.66628172	7069.0908183
1183	2018-08-07 12:00:00	7150.46150139	7063.2975152	7091.99999999	7070.0	669278.06015079	94.16242053	7107.69812823
1184	2018-08-07 14:00:00	7119.99999999	7057.98442587	7066.96715722	7118.90090525	275459.31532419	38.87207034	7086.30420028
1185	2018-08-07 16:00:00	7140.0	7083.5	7111.13114907	7118.10000001	670370.93807324	94.24213394	7113.28266929
1186	2018-08-07 18:00:00	7118.10000001	7005.3755543	7118.10000001	7005.3755543	357386.24723064	50.59348686	7063.87856246
1187	2018-08-07 20:00:00	7005.3755543	6663.47410509	7005.00000027	6748.5375	3863411.6748747	567.67541862	6805.67019136
1188	2018-08-07 22:00:00	6790.7432064	6696.69957668	6751.92534163	6712.0	470553.0827376	69.76356679	6744.96881952
1189	2018-08-08 00:00:00	6722.15692553	6565.71970312	6722.15692553	6580.11909862	1528137.4695554	231.04920311	6613.90495611
1190	2018-08-08 02:00:00	6627.90799072	6567.01544484	6578.51134337	6592.29367998	452194.84145274	68.57265208	6594.3904419
1191	2018-08-08 04:00:00	6595.92878346	6400.0	6592.29367998	6537.99999999	2805393.8016187	433.67834619	6468.835316
1192	2018-08-08 06:00:00	6556.83910189	6454.46532916	6537.98436164	6460.17836168	1027670.369897	157.74340117	6514.82320195
1193	2018-08-08 08:00:00	6522.04518679	6444.44	6453.72400094	6497.9	549348.9017328	84.68754322	6486.77338892
1194	2018-08-08 10:00:00	6525.0	6449.9843611	6497.67704571	6508.84465316	922106.23706682	141.8446855	6500.81625417
1195	2018-08-08 12:00:00	6523.30680561	6447.50280064	6512.0	6468.84197382	864856.81291665	133.47293714	6479.64172699
1196	2018-08-08 14:00:00	6498.88888851	6420.66738798	6468.84197382	6479.61547139	1204046.2392771	186.47824235	6456.76527247
1197	2018-08-08 16:00:00	6489.29999999	6180.35127882	6476.51700001	6248.67335494	2829006.3350666	449.15870301	6298.45601589
1198	2018-08-08 18:00:00	6354.40139849	6124.0	6247.23421347	6346.96352006	1712504.156963	273.96961206	6250.70840552
1199	2018-08-08 20:00:00	6347.93421838	6250.13636296	6346.96352006	6295.88518166	704645.93356143	111.76542765	6304.6860588
1200	2018-08-08 22:00:00	6315.0	6222.003	6303.36807708	6278.64307702	441447.9358172	70.42802324	6268.07221768
1201	2018-08-09 00:00:00	6320.0	6258.7386	6280.67370878	6319.60000001	258015.28395335	40.93710665	6302.72398485
1202	2018-08-09 02:00:00	6330.0	6278.836215	6320.0	6320.80603199	148507.38107483	23.54443538	6307.53631072
1203	2018-08-09 04:00:00	6376.38078887	6288.8626	6320.80603198	6344.61097054	311834.20456596	49.220991	6335.39061751
1204	2018-08-09 06:00:00	6369.33297	6292.6939	6350.61097054	6315.31859994	199655.77131252	31.5041443	6337.44466795
1205	2018-08-09 08:00:00	6337.79231132	6276.61773104	6318.7761919	6334.89217317	231854.42309491	36.78136919	6303.58325969
1206	2018-08-09 10:00:00	6348.0	6305.3442677	6331.59761288	6322.0	322227.60668973	50.90863751	6329.52721679
1207	2018-08-09 12:00:00	6462.14397223	6184.29063412	6322.0	6428.36178028	1771626.066542	281.39010835	6295.97847959
1208	2018-08-09 14:00:00	6551.8614506	6402.26905671	6428.36178028	6444.840104	2054521.5250008	316.68203016	6487.64795388
1209	2018-08-09 16:00:00	6479.99440124	6430.33016645	6444.840104	6476.55460337	448927.18896716	69.47407063	6461.79480914
1210	2018-08-09 18:00:00	6504.62223691	6455.63164546	6471.628552	6470.0	356823.99727059	55.13251729	6472.11509305
1211	2018-08-09 20:00:00	6615.89544153	6459.86740815	6464.0026941	6584.65310805	1246777.6560621	189.80011843	6568.89819866
1212	2018-08-09 22:00:00	6615.89544153	6517.66291068	6583.99999732	6526.3435	834955.11079132	126.84674225	6582.39301996
1213	2018-08-10 00:00:00	6568.00000059	6505.65795608	6534.98999998	6531.01478741	236461.832099	36.17920338	6535.8496044
1214	2018-08-10 02:00:00	6524.43762246	6434.93144327	6523.5165044	6455.90157001	342512.07637485	52.95166138	6468.39149987
1215	2018-08-10 04:00:00	6456.9797849	6378.3371945	6455.90157002	6425.86294888	524175.70843377	81.70672315	6415.33142225
1216	2018-08-10 06:00:00	6478.4744652	6427.7031568	6427.7031568	6455.0	180098.60102729	27.90937275	6452.97917085
1217	2018-08-10 08:00:00	6465.47894078	6325.477824	6462.058132	6349.42283877	639809.17733288	100.33970632	6376.43063546
1218	2018-08-10 10:00:00	6385.43979888	6305.08493348	6348.5378623	6327.85134158	252905.90456852	39.82958742	6349.69933034
1219	2018-08-10 12:00:00	6512.38	6322.2099	6325.05260266	6492.35069999	1008989.1812943	155.74144007	6478.61725717
1220	2018-08-10 14:00:00	6492.35069999	6413.205472	6492.35069999	6446.059024	482703.58282718	74.77889727	6455.07757468
1221	2018-08-10 16:00:00	6454.0	6344.14735726	6446.059024	6423.72342299	653537.55284094	102.2419403	6392.06915404
1222	2018-08-10 18:00:00	6419.99999999	6377.91625	6415.0	6396.84	218993.18924356	34.23082883	6397.5427043
1223	2018-08-10 20:00:00	6398.29872559	6017.1712832	6395.0	6069.99999725	3160568.0500762	515.04558728	6136.48214475
1224	2018-08-10 22:00:00	6178.4025	6066.21375001	6069.99999715	6147.0	1348083.8252096	219.92877426	6129.63824195
1225	2018-08-11 00:00:00	6169.9	6071.80129757	6147.0	6092.1236568	904124.28472306	147.73780165	6119.78975336
1226	2018-08-11 02:00:00	6147.39436651	6090.0	6104.40897733	6106.06194516	345756.54668982	56.59394595	6109.42638626
1227	2018-08-11 04:00:00	6147.28999998	6011.0	6109.43179172	6108.73	1886308.3491923	311.29419058	6059.56810719
1228	2018-08-11 06:00:00	6113.2677056	6056.86091945	6099.10486333	6106.63100061	1648391.54553	270.91359814	6084.56554727
1229	2018-08-11 08:00:00	6146.52054743	6095.00000011	6106.63100042	6109.00000056	558511.85084518	91.23864453	6121.43959089
1230	2018-08-11 10:00:00	6164.08577255	6080.0	6110.2246212	6107.08082546	749983.05993241	122.52963607	6120.82989868
1231	2018-08-11 12:00:00	6144.09949804	6069.120725	6109.078725	6109.13436762	1475796.5447843	242.15449965	6094.44196542
1232	2018-08-11 14:00:00	6138.89575803	6088.57412725	6101.92775949	6112.0	452009.27537105	73.90186248	6116.34484169
1233	2018-08-11 16:00:00	6479.27935498	6069.93466765	6112.0	6437.0	2069687.3829467	329.95839727	6272.57072428
1234	2018-08-11 18:00:00	6459.99999998	6356.7756	6437.0	6390.99999996	907395.49419864	141.89755826	6394.72239921
1235	2018-08-11 20:00:00	6417.69386637	6375.3354962	6389.35276247	6377.4	127816.03139267	20.0129242	6386.67443674
1236	2018-08-11 22:00:00	6404.99999998	6215.0	6377.38217905	6220.0	712455.96833245	112.58342512	6328.24918564
1237	2018-08-12 00:00:00	6294.78604226	6158.99999999	6220.2475963	6259.36228285	540488.293176	86.62194321	6239.62327727
1238	2018-08-12 02:00:00	6293.44910001	6261.0	6261.0	6277.96703137	104705.77778824	16.68839169	6274.16828015
1239	2018-08-12 04:00:00	6367.9609674	6248.07910104	6277.14502967	6335.95	258203.0361177	40.91980894	6309.97658117
1240	2018-08-12 06:00:00	6349.0	6309.51210385	6335.94999986	6317.85927502	249571.42785105	39.4417277	6327.5987743
1241	2018-08-12 08:00:00	6331.35361996	6278.24668076	6318.30940745	6325.386808	450562.07903624	71.42597953	6308.09800581
1242	2018-08-12 10:00:00	6359.82104292	6305.26323205	6324.08668	6357.50023163	455052.44111856	71.93437864	6325.93830268
1243	2018-08-12 12:00:00	6357.980592	6198.0	6353.00000064	6266.0390394	565946.37615275	90.39607336	6260.74070605
1244	2018-08-12 14:00:00	6362.777	6266.03903941	6267.1305924	6316.52918398	650405.15458022	103.00164605	6314.51223861
1245	2018-08-12 16:00:00	6339.21852825	6257.56946879	6316.52918399	6298.2	659045.97479448	104.51340065	6305.85140944
1246	2018-08-12 18:00:00	6469.0	6224.03041109	6299.2	6327.51259736	1412534.9535933	223.33316538	6324.78813072
1247	2018-08-12 20:00:00	6370.0	6287.17815015	6317.38438177	6370.0	349953.63361041	55.28973305	6329.45059246
1248	2018-08-12 22:00:00	6390.88402745	6286.5041238	6365.92119067	6310.79273054	248623.15607564	39.20791672	6341.14681101
1249	2018-08-13 00:00:00	6339.99999974	6310.79273085	6310.99999751	6331.03792445	79544.81256165	12.56201302	6332.17084196
1250	2018-08-13 02:00:00	6359.17989834	6313.55615853	6330.99999998	6353.36143065	117959.38576552	18.62181836	6334.47193421
1251	2018-08-13 04:00:00	6378.84893874	6303.96246475	6355.97311251	6329.11272103	815779.93735901	129.13755501	6317.13940453
1252	2018-08-13 06:00:00	6447.40405962	6330.40319161	6330.40319161	6426.55167094	641149.34231017	100.17844912	6400.07254995
1253	2018-08-13 08:00:00	6530.0	6426.55167094	6426.55167094	6459.8067542	563442.30455293	86.96068799	6479.27606802
1254	2018-08-13 10:00:00	6467.56030909	6440.0	6457.69988636	6444.84599469	310711.23202182	48.20282439	6445.91340764
1255	2018-08-13 12:00:00	6464.2313986	6367.0	6442.00000038	6405.3817936	420699.05970185	65.65876762	6407.35540661
1256	2018-08-13 14:00:00	6420.00000012	6253.0	6405.38179361	6290.313	779219.6349827	122.969274	6336.70192265
1257	2018-08-13 16:00:00	6323.2858	6151.0	6290.313	6222.7353	2450068.761081	393.89597298	6220.09091015
1258	2018-08-13 18:00:00	6255.89697596	6199.0	6220.03699252	6235.44075	327879.33429661	52.62472015	6230.51929515
1259	2018-08-13 20:00:00	6295.44325736	6221.87144555	6235.44075	6244.56767801	600538.24601223	95.83197801	6266.5746704
1260	2018-08-13 22:00:00	6279.39650032	6213.46796114	6244.567678	6247.99951731	272005.53945957	43.54229864	6246.92650492
1261	2018-08-14 00:00:00	6247.15589592	6020.0	6246.22906202	6020.99999997	2027505.5797916	330.66888118	6131.52823016
1262	2018-08-14 02:00:00	6020.99999997	5755.0	6020.99999997	5978.7580464	4765732.6681062	807.45785638	5902.14415582
1263	2018-08-14 04:00:00	6015.27354717	5962.18834364	5970.91745283	5969.85360542	561078.42529301	93.68552337	5988.95544487
1264	2018-08-14 06:00:00	6062.32269513	5922.6826306	5966.3632837	6029.99999998	884993.59223749	147.81259051	5987.26799377
1265	2018-08-14 08:00:00	6062.87928598	6003.35302372	6025.93348952	6041.09971422	395783.97656829	65.62758408	6030.75645883
1266	2018-08-14 10:00:00	6066.57297499	5974.37057998	6041.09971422	6008.66329635	1008872.5450087	168.11622755	6001.04201546
1267	2018-08-14 12:00:00	6157.98999987	5993.99577872	6008.66329634	6121.00671591	917324.51140235	150.27589875	6104.26900808
1268	2018-08-14 14:00:00	6133.62859253	5969.0059237	6121.31298633	6030.3321303	1382422.7131237	229.20059977	6031.49692675
1269	2018-08-14 16:00:00	6076.57426753	5985.85043219	6030.3321303	6023.8044156	1837224.6452681	305.3507138	6016.76879154
1270	2018-08-14 18:00:00	6110.42158489	6000.66539551	6026.95599521	6083.0	1341690.3774846	221.50987069	6057.02298188
1271	2018-08-14 20:00:00	6119.32389204	6028.23986511	6083.0	6098.21456751	727019.2976254	119.58930675	6079.30020988
1272	2018-08-14 22:00:00	6220.0	6072.24324318	6098.21456751	6189.72523945	923553.64671784	149.91695606	6160.43489002
1273	2018-08-15 00:00:00	6257.98366429	6176.69636165	6190.83856624	6208.89816215	585541.29495594	94.24289927	6213.10782553
1274	2018-08-15 02:00:00	6293.04624085	6210.00000037	6214.99	6291.0	1763764.5716089	281.45497619	6266.59579974
1275	2018-08-15 04:00:00	6350.64608073	6272.81345823	6293.07978563	6285.3	409202.55485714	64.8275981	6312.16591159
1276	2018-08-15 06:00:00	6448.99999999	6285.31	6285.66485887	6391.54782835	730091.05868444	114.57809704	6371.99497587
1277	2018-08-15 08:00:00	6450.0	6310.56294205	6391.54782835	6361.19184768	860497.24453306	134.70573451	6387.9778219
1278	2018-08-15 10:00:00	6387.17328218	6282.71	6361.19184894	6344.68032516	896468.62229478	141.66933085	6327.89480204
1279	2018-08-15 12:00:00	6406.95148506	6309.81841545	6344.68032544	6330.26769213	451851.54829308	70.8561321	6377.02813999
1280	2018-08-15 14:00:00	6462.10747832	6325.68224034	6331.3668	6430.0	675884.02418288	105.13949098	6428.45060293
1281	2018-08-15 16:00:00	6650.0	6434.91653398	6434.91653398	6560.70928869	3037404.9327123	463.43050483	6554.17565536
1282	2018-08-15 18:00:00	6580.0	6354.3583113	6553.72470003	6368.26058267	1250363.0898337	192.77054089	6486.27681419
1283	2018-08-15 20:00:00	6427.97679356	6308.55874843	6368.70389597	6414.9	556792.47529765	87.56432385	6358.66812894
1284	2018-08-15 22:00:00	6447.72328792	6243.0	6413.19999942	6265.65991614	917932.41824254	145.7000102	6300.15342471
1285	2018-08-16 00:00:00	6315.0	6212.0	6275.84255265	6270.09999953	614996.39831838	98.22094792	6261.35678123
1286	2018-08-16 02:00:00	6322.08	6260.16743771	6267.62620336	6286.27465064	282958.96029171	44.95066349	6294.8783916
1287	2018-08-16 04:00:00	6319.99	6260.00000001	6278.2089576	6287.55518851	417343.53865458	66.27767442	6296.89472822
1288	2018-08-16 06:00:00	6413.98524118	6275.61	6291.30585055	6373.6	854296.57910143	133.96757607	6376.89061907
1289	2018-08-16 08:00:00	6428.143701	6369.86700176	6381.77835883	6385.7941318	805131.70518521	125.93024811	6393.4735083
1290	2018-08-16 10:00:00	6472.43620644	6381.14413999	6384.33394948	6429.0542922	306775.56655037	47.66546078	6436.01386686
1291	2018-08-16 12:00:00	6469.29177547	6281.92529256	6430.83197765	6338.5	1554793.401516	244.93418443	6347.80075771
1292	2018-08-16 14:00:00	6419.99999971	6295.8988403	6338.5	6399.0	1276746.5317914	201.1161309	6348.3049623
1293	2018-08-16 16:00:00	6457.77777777	6374.56969472	6399.699	6402.01000046	477777.95109976	74.55241179	6408.61830795
1294	2018-08-16 18:00:00	6434.99999967	6381.51450001	6402.01000045	6412.98808757	371476.33994079	58.00340838	6404.38812676
1295	2018-08-16 20:00:00	6414.5	6210.00000001	6411.30273581	6276.0	1442015.6054345	229.81783989	6274.60255533
1296	2018-08-16 22:00:00	6314.47494005	6264.30522287	6273.21086527	6312.89651855	311858.46759782	49.62204137	6284.67630488
1297	2018-08-17 00:00:00	6366.19250352	6286.1254482	6312.89651887	6337.9	503633.3407437	79.43712138	6340.02506629
1298	2018-08-17 02:00:00	6440.0	6336.91836459	6336.91836459	6417.02869	386003.35400191	60.23367049	6408.43154438
1299	2018-08-17 04:00:00	6514.56982522	6409.71248647	6417.02869	6449.48955198	1020949.9002657	157.54340551	6480.43564223
1300	2018-08-17 06:00:00	6522.39974999	6427.28704388	6443.23398701	6493.40000001	580764.9778013	89.82268794	6465.68245863
1301	2018-08-17 08:00:00	6500.0	6446.34307461	6487.0	6488.59999948	455494.90643358	70.43072201	6467.2758341
1302	2018-08-17 10:00:00	6544.0	6402.7573	6492.99999693	6457.8	499014.87601928	77.28273329	6457.00345699
1303	2018-08-17 12:00:00	6523.14134001	6444.56571822	6460.40812867	6479.99999992	628088.54067581	96.83306373	6486.30247233
1304	2018-08-17 14:00:00	6504.562184	6435.0	6474.16267994	6467.10601	472373.13111365	72.97485154	6473.09478738
1305	2018-08-17 16:00:00	6550.50021	6453.82	6470.77388173	6510.0	1856343.3108325	285.15714115	6509.89592386
1306	2018-08-17 18:00:00	6518.98999974	6467.70726731	6512.0	6496.0	375291.95984007	57.82713715	6489.89347106
1307	2018-08-17 20:00:00	6515.0	6434.45722489	6491.70885707	6507.50000044	268039.3248242	41.30782585	6488.82673703
1308	2018-08-17 22:00:00	6580.0	6500.0	6507.62500031	6579.0	865499.31393102	132.17125704	6548.3171857
1309	2018-08-18 00:00:00	6619.88375235	6523.08544804	6579.0	6531.34654793	884531.1194311	134.55588429	6573.7081964
1310	2018-08-18 02:00:00	6560.07999966	6470.50020974	6531.34654793	6517.99999947	309922.77519031	47.66294816	6502.38365763
1311	2018-08-18 04:00:00	6537.49999941	6485.42870701	6518.43176837	6508.43269158	285511.68873376	43.86133817	6509.41582372
1312	2018-08-18 06:00:00	6519.89999947	6443.8475	6511.505	6467.701775	603064.06430978	93.03716241	6481.96966339
1313	2018-08-18 08:00:00	6511.88955611	6467.70177484	6467.70177488	6493.07734493	324771.33111347	50.093653	6483.28304413
1314	2018-08-18 10:00:00	6527.5085113	6487.44801986	6493.07734493	6510.68275021	228139.13960574	35.05677396	6507.70489794
1315	2018-08-18 12:00:00	6519.18172555	6321.0	6499.66817519	6340.0	1137354.476982	178.07082638	6387.0904634
1316	2018-08-18 14:00:00	6383.02986458	6310.0	6344.63948906	6355.0	872300.15157756	137.39603445	6348.80151431
1317	2018-08-18 16:00:00	6360.32304976	6300.75370135	6355.00000001	6341.834075	761572.969729	120.44305555	6323.09572562
1318	2018-08-18 18:00:00	6374.23999984	6329.97570977	6332.84352501	6371.0	344740.84895255	54.25589653	6353.97940133
1319	2018-08-18 20:00:00	6399.23	6322.33642084	6365.68751003	6397.12659331	351977.66951432	55.37510689	6356.24361346
1320	2018-08-18 22:00:00	6434.0	6381.04086033	6397.1265932	6388.0	131548.84707444	20.54131731	6404.10958504
1321	2018-08-19 00:00:00	6388.0	6336.94156357	6388.0	6351.95801	174860.27168997	27.5077125	6356.77254842
1322	2018-08-19 02:00:00	6360.17792669	6306.21067385	6352.05801223	6332.6	107185.95435038	16.91944414	6335.07539984
1323	2018-08-19 04:00:00	6386.17802	6326.07746533	6328.08455518	6380.082033	235254.12871365	36.98488485	6360.81820094
1324	2018-08-19 06:00:00	6388.0	6352.006	6380.08203318	6352.006	176752.83660555	27.7283219	6374.45126477
1325	2018-08-19 08:00:00	6384.62265147	6346.60000023	6359.20654	6357.8195	311035.08649175	48.8333337	6369.31912948
1326	2018-08-19 10:00:00	6450.944	6357.8195	6357.8195	6423.54560124	383335.52466796	59.77979911	6412.45923163
1327	2018-08-19 12:00:00	6457.77699999	6405.0	6428.35036649	6457.77699982	158867.98771476	24.71539742	6427.89533241
1328	2018-08-19 14:00:00	6463.6360838	6377.0	6455.0	6396.30025026	749153.42965272	116.81984476	6412.89526785
1329	2018-08-19 16:00:00	6408.96166364	6335.0	6398.3618483	6354.96498973	387058.98504024	60.80086153	6366.01152188
1330	2018-08-19 18:00:00	6388.16126014	6335.00000001	6356.81560999	6379.52	561955.60941864	88.28250543	6365.42434632
1331	2018-08-19 20:00:00	6544.22339997	6358.93153947	6377.35998986	6492.1505999	1275659.1516044	196.6392774	6487.30593638
1332	2018-08-19 22:00:00	6520.0	6477.1622349	6488.59696318	6487.46551362	621649.30698682	95.6670777	6498.04846068
1333	2018-08-20 00:00:00	6510.76607409	6477.41253769	6480.62482263	6510.76607409	130664.19112278	20.11199993	6496.82734574
1334	2018-08-20 02:00:00	6521.57330046	6478.7625	6512.4	6478.7625	586778.18255289	90.30981278	6497.39119692
1335	2018-08-20 04:00:00	6492.25127336	6447.97613453	6489.22795196	6468.0	155157.51110578	23.97223492	6472.38405695
1336	2018-08-20 06:00:00	6477.90510874	6422.2692526	6468.0	6464.04832	139746.43929056	21.66513526	6450.29156815
1337	2018-08-20 08:00:00	6465.79999999	6379.794175	6459.50221441	6400.0	752876.99214496	117.38548758	6413.71440086
1338	2018-08-20 10:00:00	6452.0	6387.08525086	6403.29668	6450.99	256465.14595671	39.93897896	6421.42469925
1339	2018-08-20 12:00:00	6475.0	6392.08136108	6445.43265784	6436.51935012	417011.320643	64.84123036	6431.26785731
1340	2018-08-20 14:00:00	6464.9999899	6423.0	6436.51935012	6431.51717448	366029.3579406	56.83568649	6440.13260937
1341	2018-08-20 16:00:00	6499.89999984	6405.1173	6434.53741661	6460.43182154	199577.01104311	30.88416297	6462.1149434
1342	2018-08-20 18:00:00	6478.04	6444.19980352	6462.77297579	6447.39	158416.82069208	24.49992319	6466.01295291
1343	2018-08-20 20:00:00	6463.0	6417.0	6445.28063002	6417.0	134711.59318565	20.90347043	6444.46067636
1344	2018-08-20 22:00:00	6417.00000001	6222.50117648	6417.00000001	6250.0	3201677.2289926	508.69744788	6293.87318991
1345	2018-08-21 00:00:00	6337.30005646	6248.0	6250.1	6311.0	371817.17425523	59.03696641	6298.03997165
1346	2018-08-21 02:00:00	6317.99999999	6292.48079886	6310.76307969	6306.69943	389773.29693527	61.81665326	6305.31218336
1347	2018-08-21 04:00:00	6325.21936664	6278.94466067	6305.69933958	6321.99262881	317620.31530535	50.45126916	6295.58622793
1348	2018-08-21 06:00:00	6426.13	6308.10000054	6319.02483198	6395.0	715959.67895812	112.34310865	6372.97371918
1349	2018-08-21 08:00:00	6484.30000001	6390.51557433	6390.51557433	6418.7620935	613398.04559487	95.18589165	6444.21179401
1350	2018-08-21 10:00:00	6456.15908187	6403.07959444	6418.7620935	6439.87948999	257598.91952062	40.00402391	6439.32520638
1351	2018-08-21 12:00:00	6440.0	6391.0	6438.59989999	6403.42316	136989.05915946	21.35192406	6415.77118645
1352	2018-08-21 14:00:00	6426.864392	6389.0	6403.42316	6416.13861241	406839.1512558	63.49175272	6407.74799602
1353	2018-08-21 16:00:00	6453.40904337	6365.0	6416.13861241	6407.42732802	341813.27051439	53.30914285	6411.90708085
1354	2018-08-21 18:00:00	6453.40904001	6400.8658	6410.61932401	6429.242488	323796.71994085	50.32354331	6434.29891147
1355	2018-08-21 20:00:00	6490.0	6411.68509855	6428.23049224	6460.93062951	329602.8904973	51.00689698	6461.92789627
1356	2018-08-21 22:00:00	6485.89977436	6439.53025	6460.0	6468.94324001	82988.38088369	12.83657242	6464.99534053
1357	2018-08-22 00:00:00	6847.0	6436.59852381	6479.13228986	6796.3061855	3580078.9380179	533.60738782	6709.20047161
1358	2018-08-22 02:00:00	6894.59709394	6685.57779037	6805.95741979	6725.0	1598195.7515403	237.04170918	6742.25543288
1359	2018-08-22 04:00:00	6750.0	6670.0	6725.0	6682.0	754227.93054367	112.38283121	6711.23802829
1360	2018-08-22 06:00:00	6702.21125	6612.65178127	6680.82698822	6646.15145318	776752.81179257	116.42789646	6671.53521973
1361	2018-08-22 08:00:00	6707.78359627	6643.09660953	6657.66172	6678.62231481	439014.71157727	65.80865828	6671.07829047
1362	2018-08-22 10:00:00	6680.77057297	6631.85002456	6672.32159858	6663.90702239	326091.34845014	48.97658209	6658.10749821
1363	2018-08-22 12:00:00	6686.1	6656.70000001	6667.39507614	6665.29356	294278.52046589	44.09923704	6673.09777262
1364	2018-08-22 14:00:00	6670.77699862	6465.0	6664.03359003	6465.0	1348601.4679972	204.35085412	6599.44130796
1365	2018-08-22 16:00:00	6470.0	6394.737761	6470.0	6446.32991951	2091295.2241522	325.26252823	6429.56087051
1366	2018-08-22 18:00:00	6445.72988	6410.0	6443.78217	6435.2498196	375629.73647174	58.46098707	6425.30609382
1367	2018-08-22 20:00:00	6433.0	6300.01	6426.3243	6370.16206931	800506.10189444	126.16552293	6344.88791631
1368	2018-08-22 22:00:00	6458.27437058	6255.60855945	6370.09	6354.76760181	1913235.0769421	300.37439423	6369.50124143
1369	2018-08-23 00:00:00	6429.66832764	6344.41097009	6354.76760182	6414.0	251380.59499605	39.28488627	6398.9136501
1370	2018-08-23 02:00:00	6432.99305025	6376.65384469	6416.9999999	6401.8769219	203267.1656722	31.74048055	6404.03554546
1371	2018-08-23 04:00:00	6443.21957731	6386.49794196	6401.8769219	6422.925251	146489.87802572	22.85307522	6410.07289458
1372	2018-08-23 06:00:00	6444.0	6415.0	6429.4999999	6435.69989999	237675.35954045	36.94164092	6433.80623116
1373	2018-08-23 08:00:00	6442.42509528	6395.92768364	6436.0	6414.05765999	309498.29367656	48.22141573	6418.27472278
1374	2018-08-23 10:00:00	6431.64801146	6398.869	6417.86999863	6406.97895655	286624.64028488	44.70345704	6411.68847475
1375	2018-08-23 12:00:00	6438.47663	6396.373675	6407.0	6422.99999583	410786.41410026	63.95475989	6423.07804464
1376	2018-08-23 14:00:00	6480.9723407	6421.15623277	6421.15623277	6451.26999845	476457.82716989	73.86709628	6450.20382774
1377	2018-08-23 16:00:00	6488.89999982	6436.04037	6447.77137221	6454.74	222249.6058069	34.37545019	6465.35840486
1378	2018-08-23 18:00:00	6466.65999	6375.0	6454.0	6414.15362	518300.96962358	80.70715241	6421.99550035
1379	2018-08-23 20:00:00	6483.0777	6409.06375994	6414.15362	6469.02412073	174948.17556524	27.06702234	6463.51761075
1380	2018-08-23 22:00:00	6567.21624341	6469.05472049	6469.05472049	6530.61679861	579826.63321713	88.74318939	6533.75923496
1381	2018-08-24 00:00:00	6540.92268999	6480.0	6525.836537	6494.68959951	169247.22140464	26.04648821	6497.89023533
1382	2018-08-24 02:00:00	6519.5719298	6490.33159646	6498.05499946	6495.44646231	76021.92027257	11.68927581	6503.56117079
1383	2018-08-24 04:00:00	6515.49214366	6480.70000036	6495.44646231	6510.9180703	49777.28659432	7.65804715	6499.99740394
1384	2018-08-24 06:00:00	6550.0	6498.88727176	6514.95796983	6530.0	181646.71579917	27.80807548	6532.15703221
1385	2018-08-24 08:00:00	6541.4	6509.747924	6530.23694389	6526.0	103170.60132451	15.80029812	6529.66168998
1386	2018-08-24 10:00:00	6576.89625	6524.92191002	6526.0	6542.0	264702.11175401	40.35606558	6559.16546743
1387	2018-08-24 12:00:00	6562.54998999	6515.0	6541.99999872	6539.11538131	426378.79072005	65.21002611	6538.54654192
1388	2018-08-24 14:00:00	6548.24380311	6458.00247604	6535.58153494	6499.3	668313.777911	102.83841266	6498.67846677
1389	2018-08-24 16:00:00	6623.45309999	6500.0	6500.0000006	6571.82800002	1738154.2788286	263.88536376	6586.77788742
1390	2018-08-24 18:00:00	6640.58676857	6578.02407	6584.63697872	6618.7	565012.16575072	85.29888844	6623.91006593
1391	2018-08-24 20:00:00	6692.68578759	6596.89480631	6618.7	6692.0	466876.72104796	70.09847091	6660.2982203
1392	2018-08-24 22:00:00	6718.0	6665.96508	6692.0	6685.5221834	289188.91954866	43.21793479	6691.40996565
1393	2018-08-25 00:00:00	6748.4178	6693.30687869	6693.30687869	6734.49996966	254808.16149688	37.89473395	6724.1047749
1394	2018-08-25 02:00:00	6789.0	6723.3925399	6733.69989961	6723.3925399	303185.07582738	44.84659511	6760.49263235
1395	2018-08-25 04:00:00	6743.80174	6697.0	6723.0	6729.38957746	394489.29280827	58.7245239	6717.62436899
1396	2018-08-25 06:00:00	6730.54479107	6665.0	6729.38957746	6677.0	523635.26052431	78.22731375	6693.76507287
1397	2018-08-25 08:00:00	6726.13867	6676.96186814	6677.61097	6683.6619894	178611.9180164	26.64927756	6702.31744985
1398	2018-08-25 10:00:00	6719.89989	6680.56634	6681.26634029	6700.5828099	103386.22291722	15.43969798	6696.1298758
1399	2018-08-25 12:00:00	6713.0	6670.00000001	6700.77730057	6700.26	304165.64001142	45.49589802	6685.5618473
1400	2018-08-25 14:00:00	6749.99999999	6684.9616897	6701.19933	6735.8206	267002.88421617	39.77339105	6713.10333787
1401	2018-08-25 16:00:00	6735.8206	6700.62934498	6735.8206	6720.32060495	259015.77420827	38.56040182	6717.14406445
1402	2018-08-25 18:00:00	6727.8177129	6691.23000001	6720.32060495	6713.0	267649.45696773	39.93019456	6702.93395554
1403	2018-08-25 20:00:00	6724.10812	6685.0	6710.71914398	6699.29136082	243401.78655036	36.27966497	6709.04173871
1404	2018-08-25 22:00:00	6769.9	6691.63054908	6699.29136906	6726.09110293	386666.9843957	57.46332047	6728.93562768
1405	2018-08-26 00:00:00	6778.39567784	6720.0	6726.25829319	6729.99999993	192454.54064495	28.50203484	6752.30879919
1406	2018-08-26 02:00:00	6729.99999993	6605.51605	6729.99999992	6618.4	546333.24047716	82.21112556	6645.49033668
1407	2018-08-26 04:00:00	6633.0	6590.00878964	6618.4	6590.00878964	366273.02847905	55.43590913	6607.14389332
1408	2018-08-26 06:00:00	6643.36822	6571.29781001	6592.99999999	6637.02224384	235412.20289985	35.61011559	6610.82389089
1409	2018-08-26 08:00:00	6669.09900693	6625.68785927	6643.73780933	6649.88854012	211081.00962426	31.75975451	6646.17887892
1410	2018-08-26 10:00:00	6711.99220941	6643.24552045	6664.61290028	6693.49540013	382367.02267012	57.2803409	6675.36220389
1411	2018-08-26 12:00:00	6729.12616265	6663.0855535	6695.0	6727.9453655	416402.11337867	62.14939432	6700.01884869
1412	2018-08-26 14:00:00	6737.00556	6678.0	6727.33985041	6678.0	378192.26747835	56.36967852	6709.14359293
1413	2018-08-26 16:00:00	6707.0	6630.0	6678.00999999	6630.0	429992.48879995	64.54745196	6661.64930981
1414	2018-08-26 18:00:00	6702.0	6644.01747	6651.55523435	6701.0	133720.76033771	19.9939104	6688.07440177
1415	2018-08-26 20:00:00	6704.549	6654.21452445	6698.01690462	6675.31194492	1233469.7551883	185.01727963	6666.78138201
1416	2018-08-26 22:00:00	6713.50091703	6667.29081552	6680.55035057	6713.15160008	242151.4153236	36.16296429	6696.11631894
1417	2018-08-27 00:00:00	6711.7249996	6671.12493594	6711.7249996	6674.82198613	142657.15751731	21.3167654	6692.25160761
1418	2018-08-27 02:00:00	6689.08293657	6650.0	6673.1971987	6672.90758999	213738.89646782	32.06336647	6666.14020919
1419	2018-08-27 04:00:00	6732.838	6672.90758999	6672.95758999	6712.69261719	511237.5471547	76.14674198	6713.84663166
1420	2018-08-27 06:00:00	6726.76005999	6700.01621479	6710.267805	6709.07085606	139652.46414487	20.79472824	6715.76288629
1421	2018-08-27 08:00:00	6718.30599	6686.6612961	6709.07085606	6690.75	94367.70215782	14.07649655	6703.91967366
1422	2018-08-27 10:00:00	6720.0	6690.75	6690.75	6702.29223062	110183.58481192	16.4260135	6707.87131715
1423	2018-08-27 12:00:00	6757.484	6685.61210375	6713.57999999	6715.41857053	285135.41320335	42.43361266	6719.56487626
1424	2018-08-27 14:00:00	6751.36177145	6711.45513079	6714.19569	6747.10793479	162662.1068039	24.16102154	6732.41843415
1425	2018-08-27 16:00:00	6755.0198	6729.9	6747.1848726	6744.1	272360.31549097	40.36400544	6747.60377524
1426	2018-08-27 18:00:00	6749.37093069	6724.0	6744.78013	6744.0	243458.02873399	36.12208689	6739.86609564
1427	2018-08-27 20:00:00	6747.0	6712.75350001	6744.0	6741.90739997	311024.68293061	46.19031714	6733.54724947
1428	2018-08-27 22:00:00	6935.81519294	6726.84755985	6741.90739995	6905.0	1481027.2770676	215.87910731	6860.44747693
1429	2018-08-28 00:00:00	6935.998875	6866.4689	6899.94648226	6917.97030609	600560.01062209	86.94347848	6907.47622618
1430	2018-08-28 02:00:00	6922.54786999	6863.0	6917.9703061	6873.74502603	221864.33062576	32.19477977	6891.3138158
1431	2018-08-28 04:00:00	6910.0	6875.0	6875.0	6903.99984675	157714.9856316	22.85963257	6899.27911783
1432	2018-08-28 06:00:00	6941.34190493	6903.99984675	6903.99984675	6922.88978398	429902.88185747	62.08855524	6924.02778894
1433	2018-08-28 08:00:00	6936.496925	6905.22480301	6922.90596706	6931.45428581	155094.00065393	22.40752201	6921.51504234
1434	2018-08-28 10:00:00	7099.43763433	6914.77085	6931.0	7033.05990002	2464175.2478448	351.18175122	7016.80892951
1435	2018-08-28 12:00:00	7088.91908462	6998.98950592	7033.05990001	7086.77616665	1167768.8944304	166.04033315	7033.04355198
1436	2018-08-28 14:00:00	7086.77616666	7033.00000001	7086.77616665	7057.58437879	807577.12958256	114.39593703	7059.49136437
1437	2018-08-28 16:00:00	7058.11496383	7001.0	7046.3	7046.02400015	396143.63399749	56.40030452	7023.78537436
1438	2018-08-28 18:00:00	7110.79688958	7042.87544297	7046.02400015	7101.22	598037.30636105	84.55717697	7072.57890803
1439	2018-08-28 20:00:00	7125.2884	7057.0	7101.22	7059.43690334	344720.25478804	48.57356419	7096.86967667
1440	2018-08-28 22:00:00	7116.59999999	7034.0	7064.85452665	7076.19119035	395982.78279991	55.93312978	7079.57492022
1441	2018-08-29 00:00:00	7090.0799372	7049.02091765	7076.30737	7061.22341998	184818.44985771	26.14751799	7068.29802845
1442	2018-08-29 02:00:00	7072.71553312	7015.0	7061.22341998	7033.34676941	238678.35347216	33.92068394	7036.36618572
1443	2018-08-29 04:00:00	7058.16619722	7033.34676941	7033.34676941	7052.81013	108742.10342226	15.43190076	7046.57871466
1444	2018-08-29 06:00:00	7076.77284999	7045.0	7059.88500599	7058.47710445	101822.70075129	14.41431415	7063.99900069
1445	2018-08-29 08:00:00	7109.65065	7042.39411018	7061.08438956	7109.65064998	244988.43014246	34.55900139	7088.99043053
1446	2018-08-29 10:00:00	7123.00003973	7062.10118981	7109.65065	7092.89999	301787.30034657	42.58155561	7087.27748489
1447	2018-08-29 12:00:00	7113.40311977	7085.20989	7092.89999	7104.59995941	518731.88862498	73.0450776	7101.53107736
1448	2018-08-29 14:00:00	7107.4589998	6899.9	7104.59999969	6970.0	1783544.4646877	255.1057731	6991.39201365
1449	2018-08-29 16:00:00	7022.03549988	6930.452375	6970.0	7019.5	918131.39957556	131.41299468	6986.61043233
1450	2018-08-29 18:00:00	7019.4999999	6985.94706001	7013.90932089	7005.46757	139308.35274752	19.89872951	7000.86669741
1451	2018-08-29 20:00:00	7065.90004984	6992.84994917	7006.69	7059.62502959	475814.85053395	67.66759588	7031.64999947
1452	2018-08-29 22:00:00	7064.3078583	7024.5024902	7061.29495775	7032.11521635	169270.04457723	23.99976902	7052.98640316
1453	2018-08-30 00:00:00	7059.01888	7027.06192022	7040.3	7048.04853	73125.35782147	10.37511255	7048.1508002
1454	2018-08-30 02:00:00	7049.14998454	6970.0	7047.03573289	7025.62807985	294287.19856417	41.96063753	7013.41104156
1455	2018-08-30 04:00:00	7025.44489982	6960.36865939	7022.86593002	6965.63711104	191119.17408358	27.35687913	6986.14681796
1456	2018-08-30 06:00:00	6997.16807	6940.0	6961.92288054	6974.01391741	659170.54973988	94.45933675	6978.35251039
1457	2018-08-30 08:00:00	6984.43895667	6900.0	6975.79901247	6912.80546285	1153256.2792611	166.53975739	6924.8106118
1458	2018-08-30 10:00:00	6935.22991223	6850.0	6912.77123482	6878.59995961	1238910.8054107	179.46269719	6903.44469803
1459	2018-08-30 12:00:00	6899.0	6819.0	6872.25690015	6845.05341403	1075632.525748	156.9695947	6852.48966721
1460	2018-08-30 14:00:00	6895.0	6841.0	6845.954	6860.71336777	252606.38585608	36.74690018	6874.2229853
1461	2018-08-30 16:00:00	6880.00000001	6837.69116744	6860.71336777	6866.37872743	446273.20834062	65.06716077	6858.65501213
1462	2018-08-30 18:00:00	6868.72444772	6805.54366445	6868.72444772	6820.173	379049.97979135	55.52054795	6827.20170796
1463	2018-08-30 20:00:00	6959.0	6808.20184777	6820.08650001	6945.89998	842334.04308821	121.8385734	6913.52516351
1464	2018-08-30 22:00:00	6999.11879999	6919.6071	6952.79473368	6992.11499978	214922.65873113	30.87880438	6960.20014526
1465	2018-08-31 00:00:00	6986.97999986	6933.35821159	6984.6111043	6933.35821159	272857.55724239	39.15970033	6967.81525249
1466	2018-08-31 02:00:00	6973.28477381	6929.65015127	6932.00000054	6966.05390455	188809.968905	27.14956253	6954.43872056
1467	2018-08-31 04:00:00	7017.9940053	6961.0	6963.68123738	6997.35122433	378846.83420107	54.19526227	6990.40503418
1468	2018-08-31 06:00:00	7004.32240504	6960.48720002	6997.35122433	6961.0	350577.44335912	50.17341814	6987.3143261
1469	2018-08-31 08:00:00	6983.44788594	6945.0	6960.48720115	6953.98077066	335355.9155177	48.14710571	6965.235201
1470	2018-08-31 10:00:00	6985.09579668	6940.36172242	6953.98077066	6966.26809566	201611.12865805	28.94496736	6965.32582505
1471	2018-08-31 12:00:00	6972.99999969	6887.9150175	6972.99999969	6934.0	316416.00130557	45.76773148	6913.51725492
1472	2018-08-31 14:00:00	6989.0	6912.61939544	6934.0	6963.12408999	729529.78770295	104.80678374	6960.71152715
1473	2018-08-31 16:00:00	7070.0	6946.01706522	6962.63447	7050.00000017	827931.52155715	117.87371545	7023.88584593
1474	2018-08-31 18:00:00	7090.0	7035.0	7050.00000039	7049.97524984	773186.93374892	109.49051092	7061.67984103
1475	2018-08-31 20:00:00	7068.20903979	7018.46288709	7050.96552077	7029.4635	380171.98431203	53.99999288	7040.22285997
1476	2018-08-31 22:00:00	7057.77286864	7003.75017084	7028.91318557	7026.53245	1079863.254265	153.42238322	7038.4987614
1477	2018-09-01 00:00:00	7066.155	7013.87034594	7019.16858241	7033.19565923	340422.44080418	48.31199187	7046.33420456
1478	2018-09-01 02:00:00	7072.79520012	7033.91722509	7043.10960952	7062.42402547	210542.7337009	29.84663636	7054.15280842
1479	2018-09-01 04:00:00	7069.48246139	7028.0268219	7068.86477	7049.71	285121.82527336	40.43330022	7051.65850232
1480	2018-09-01 06:00:00	7067.98229219	7035.44404324	7049.71	7050.0	294137.49661413	41.70101924	7053.48459041
1481	2018-09-01 08:00:00	7084.0	7045.00000004	7050.0	7070.47571139	313239.48063307	44.33983285	7064.51649677
1482	2018-09-01 10:00:00	7114.845	7062.59129001	7070.94707644	7069.0	402459.97808063	56.76868265	7089.47185831
1483	2018-09-01 12:00:00	7065.00000005	7029.01770781	7065.00000005	7059.14443891	482523.34705128	68.4827153	7045.91435864
1484	2018-09-01 14:00:00	7252.48316871	7039.06264417	7059.14443891	7170.18089699	3762229.5104774	524.26027781	7176.26276435
1485	2018-09-01 16:00:00	7220.43094	7170.01750017	7170.18089699	7193.86513714	867066.55077415	120.47709081	7196.94130182
1486	2018-09-01 18:00:00	7275.0	7188.0	7199.35955949	7259.58373623	425409.44181029	58.90462684	7222.00384981
1487	2018-09-01 20:00:00	7259.58373623	7175.41949479	7259.58373623	7185.67803196	711849.73573795	98.81889308	7203.57933134
1488	2018-09-01 22:00:00	7221.89999999	7178.7237084	7190.12593841	7202.0	112000.85467031	15.55599718	7199.8505383
1489	2018-09-02 00:00:00	7202.0	7130.8720297	7201.66	7141.1340013	653800.51181729	91.2949651	7161.40820143
1490	2018-09-02 02:00:00	7199.09298997	7139.19704746	7141.46891787	7194.9999987	414772.35890608	57.84521297	7170.38347012
1491	2018-09-02 04:00:00	7240.21845244	7194.2804976	7194.2804976	7233.41376448	175994.48089417	24.36896918	7222.07326843
1492	2018-09-02 06:00:00	7248.72352658	7208.00000125	7236.82050481	7245.29797	415482.90901931	57.50500568	7225.1607335
1493	2018-09-02 08:00:00	7327.18242306	7237.3306234	7245.19796984	7305.25149222	2238280.4888418	306.87342775	7293.82307635
1494	2018-09-02 10:00:00	7320.0	7223.79784092	7305.0	7230.31560507	927411.18589927	127.60481659	7267.83839891
1495	2018-09-02 12:00:00	7270.91485898	7184.99999999	7236.84745426	7191.19047	470671.9322435	65.13909397	7225.64444111
1496	2018-09-02 14:00:00	7250.01748078	7190.98903479	7191.19047	7217.92164	917032.68132068	126.88922673	7227.03341294
1497	2018-09-02 16:00:00	7310.0	7189.0	7215.0	7286.35562987	863001.82651087	119.00857809	7251.59345957
1498	2018-09-02 18:00:00	7338.0	7270.0	7293.2849156	7300.0	437290.71762093	59.80753725	7311.63224115
1499	2018-09-02 20:00:00	7306.5460388	7261.18454799	7300.0	7285.0	195932.90186994	26.88141089	7288.78787916
1500	2018-09-02 22:00:00	7306.5460388	7272.634836	7285.0	7299.99999999	175667.43187885	24.11950056	7283.21183276
1501	2018-09-03 00:00:00	7319.0	7253.06283976	7300.0	7273.06762988	233988.89239236	32.13862754	7280.61246862
1502	2018-09-03 02:00:00	7288.87274391	7250.0	7270.25525531	7256.13871	288165.46779859	39.63587231	7270.31981395
1503	2018-09-03 04:00:00	7260.0	7196.07706309	7260.0	7226.98229218	816493.26259603	113.2464982	7209.87646924
1504	2018-09-03 06:00:00	7260.84178166	7221.94966	7222.4837336	7260.84178123	259087.29914741	35.7857997	7239.94716673
1505	2018-09-03 08:00:00	7269.88229219	7207.64457293	7260.8317816	7230.0	265511.33789333	36.69587624	7235.45436432
1506	2018-09-03 10:00:00	7249.0499	7215.0	7230.0	7235.92286872	173833.56812077	24.02492554	7235.55075462
1507	2018-09-03 12:00:00	7299.0	7228.20802268	7228.20802268	7290.68917421	464167.12979465	63.81833671	7273.25646081
1508	2018-09-03 14:00:00	7290.68917449	7269.40000014	7290.68917319	7290.51037025	497696.12474487	68.32390489	7284.36299924
1509	2018-09-03 16:00:00	7292.99999961	7260.0	7290.51037072	7290.49387698	418824.73847786	57.55473073	7276.98198159
1510	2018-09-03 18:00:00	7335.0	7270.72761154	7282.58885142	7319.0	625969.90832533	85.71942864	7302.5441053
1511	2018-09-03 20:00:00	7320.54575878	7281.54630001	7319.7319	7318.15581914	258335.394633	35.36201636	7305.44864871
1512	2018-09-03 22:00:00	7335.0	7250.95195711	7318.88763472	7267.45	459115.66019195	63.14225036	7271.132365
1513	2018-09-04 00:00:00	7300.0	7255.00000025	7267.44999903	7287.78815565	210085.92281101	28.85368834	7281.07687084
1514	2018-09-04 02:00:00	7298.60049909	7274.49988046	7285.58	7278.0322093	93564.61761106	12.83477478	7289.93061544
1515	2018-09-04 04:00:00	7277.663825	7246.40614416	7274.40060844	7276.53312812	203844.51874296	28.03485758	7271.1094808
1516	2018-09-04 06:00:00	7317.741825	7270.85169726	7276.63491696	7317.741825	348742.73890525	47.7909826	7297.24981434
1517	2018-09-04 08:00:00	7323.83000002	7290.30855058	7317.741825	7303.5	310321.14553255	42.46565651	7307.57913655
1518	2018-09-04 10:00:00	7344.7935	7290.10742865	7302.2487086	7344.7935	706233.22415697	96.43254535	7323.59828928
1519	2018-09-04 12:00:00	7403.0	7335.00000001	7344.7935	7374.61379572	881303.23315672	119.49758949	7375.07122041
1520	2018-09-04 14:00:00	7387.876375	7360.92722277	7374.61379572	7379.98381693	466450.77561157	63.20847904	7379.56019027
1521	2018-09-04 16:00:00	7392.38514958	7357.41954621	7380.0	7383.21591613	323580.36234247	43.8417899	7380.63758529
1522	2018-09-04 18:00:00	7409.75926505	7339.95700015	7385.0	7353.0	487853.58194157	66.21234384	7368.01559419
1523	2018-09-04 20:00:00	7381.69941348	7344.76247186	7353.0	7359.03697995	271727.43242672	36.89125004	7365.63364299
1524	2018-09-04 22:00:00	7369.7	7345.56041181	7366.37981643	7359.08511489	367971.62379903	49.97827503	7362.63153496
1525	2018-09-05 00:00:00	7395.893925	7359.0	7359.08511332	7390.0	171297.23795039	23.20344662	7382.40489681
1526	2018-09-05 02:00:00	7390.0	7367.3258954	7390.0	7379.98621775	72509.07285334	9.83138951	7375.26193826
1527	2018-09-05 04:00:00	7381.53999635	7355.96011242	7379.98621745	7381.53999633	298214.65625025	40.47227083	7368.36975377
1528	2018-09-05 06:00:00	7387.41240706	7363.83085611	7384.87149999	7377.40254358	129116.22889105	17.50669473	7375.24877667
1529	2018-09-05 08:00:00	7389.36999982	7100.00000004	7377.12122739	7110.92237496	1944510.2835967	268.69752945	7236.8000092
1530	2018-09-05 10:00:00	7170.0	6916.1233799	7100.00000004	6995.0155589	3898478.5496033	553.4501687	7043.95584296
1531	2018-09-05 12:00:00	7050.0	6966.01000105	6987.96363224	7044.456	812203.52838862	116.05804625	6998.2526385
1532	2018-09-05 14:00:00	7048.27694992	6950.0	7044.45599987	6990.0	1223317.5933394	174.6854168	7002.97492343
1533	2018-09-05 16:00:00	6999.55947125	6866.94390768	6990.0	6915.0	1772524.489552	256.16948044	6919.34295415
1534	2018-09-05 18:00:00	6936.00291443	6896.44956902	6915.0	6905.21100022	605350.40639255	87.51972551	6916.73108964
1535	2018-09-05 20:00:00	6990.51999999	6906.00000023	6906.00000023	6941.60604375	748437.31641718	107.8216231	6941.43989766
1536	2018-09-05 22:00:00	6938.95538335	6680.0	6934.52677629	6700.00000001	2010854.2282605	295.58859991	6802.88153491
1537	2018-09-06 00:00:00	6725.70621878	6305.0	6700.41491795	6441.42732353	4508714.2663742	698.30798278	6456.62712951
1538	2018-09-06 02:00:00	6517.00741949	6416.93473668	6441.42732333	6440.49572109	967101.84959808	149.35680064	6475.11091195
1539	2018-09-06 04:00:00	6475.0	6353.87197806	6446.83063507	6397.27042711	988588.18811302	154.3640609	6404.2639352
1540	2018-09-06 06:00:00	6443.17999999	6384.98242076	6393.09539853	6412.55649983	747877.07883566	116.69045746	6409.06801734
1541	2018-09-06 08:00:00	6449.52862901	6300.0	6410.64888809	6388.35459	807510.15025073	126.79940821	6368.40630133
1542	2018-09-06 10:00:00	6419.15189032	6360.0	6389.9626547	6407.0	286606.78599511	44.84134991	6391.57354919
1543	2018-09-06 12:00:00	6510.0	6390.0	6407.74856	6504.47030025	588201.25805561	91.14893805	6453.18827228
1544	2018-09-06 14:00:00	6524.64744149	6401.81689321	6502.0	6430.32382999	710726.80057592	109.7639941	6475.04499452
1545	2018-09-06 16:00:00	6460.0617	6400.0	6430.32382999	6400.0	511353.31782499	79.49167579	6432.79076385
1546	2018-09-06 18:00:00	6479.0	6368.00493477	6400.0	6479.0	543039.62712679	84.498339	6426.63079006
1547	2018-09-06 20:00:00	6475.0	6432.13012733	6474.54042006	6441.16112795	310467.11072558	48.06900897	6458.77910483
1548	2018-09-06 22:00:00	6535.0	6439.13303228	6444.14804256	6510.00000005	407632.10940927	62.89378776	6481.27778477
1549	2018-09-07 00:00:00	6535.67055792	6470.17489814	6511.50999985	6527.94448404	1349584.9272841	207.17135704	6514.34129971
1550	2018-09-07 02:00:00	6550.0	6490.0939459	6531.29412704	6498.58584423	379513.27006597	58.24786769	6515.48777863
1551	2018-09-07 04:00:00	6517.93285916	6478.21281739	6498.58584423	6515.87462062	189226.75415915	29.13997952	6493.71609987
1552	2018-09-07 06:00:00	6537.6311	6467.0	6515.87462062	6484.97642079	234574.89517976	36.13558744	6491.52018268
1553	2018-09-07 08:00:00	6484.97642079	6434.9081942	6484.97642079	6453.20000017	284666.37187291	44.13747576	6449.53901353
1554	2018-09-07 10:00:00	6453.20000087	6320.0	6453.2	6371.9999992	1277431.4744656	200.73197394	6363.86645033
1555	2018-09-07 12:00:00	6448.83148198	6368.82483112	6372.0	6448.82312097	264824.55827281	41.24870144	6420.19140064
1556	2018-09-07 14:00:00	6484.59153968	6364.33071483	6441.84958752	6379.99999965	800544.40759728	124.54033118	6427.99324533
1557	2018-09-07 16:00:00	6476.08541133	6364.33071483	6379.99999965	6420.61	369508.21084251	57.48183527	6428.26049493
1558	2018-09-07 18:00:00	6438.14178	6407.61864071	6416.08176092	6426.10168968	266789.39231112	41.56082407	6419.25174201
1559	2018-09-07 20:00:00	6449.0	6417.58929204	6422.0	6429.66192836	94153.11015476	14.62361721	6438.4282495
1560	2018-09-07 22:00:00	6429.66192836	6386.1925	6429.66192836	6388.73890713	169451.33802651	26.41931805	6413.91794087
1561	2018-09-08 00:00:00	6445.65283568	6397.88266733	6397.88266733	6435.52665178	53740.55502643	8.3610106	6427.51906407
1562	2018-09-08 02:00:00	6460.4742998	6422.54544545	6428.816287	6432.65433	202531.56612491	31.43195935	6443.49160259
1563	2018-09-08 04:00:00	6443.85301835	6415.28831097	6432.65433	6443.2722415	198133.43866829	30.80287599	6432.30322819
1564	2018-09-08 06:00:00	6464.96806618	6438.40000001	6443.27224395	6448.33456239	93474.33208145	14.4901484	6450.88852792
1565	2018-09-08 08:00:00	6474.1	6448.33	6448.33000001	6464.75381895	66161.64612963	10.23904239	6461.7025313
1566	2018-09-08 10:00:00	6465.4240069	6424.00000001	6459.81114102	6440.08349988	62764.33517751	9.74296	6442.01917872
1567	2018-09-08 12:00:00	6440.0	6370.0	6440.0	6417.82316	363187.43118211	56.77500864	6396.95950528
1568	2018-09-08 14:00:00	6429.99999972	6393.62846968	6417.81166769	6425.3	89852.05180793	14.01887184	6409.36395121
1569	2018-09-08 16:00:00	6428.71605982	6157.10275899	6427.74767423	6215.0	1494043.2053488	238.61425575	6261.3325455
1570	2018-09-08 18:00:00	6215.90480487	6130.00000001	6215.28321499	6174.55674861	1752156.4420093	283.51902587	6180.03125762
1571	2018-09-08 20:00:00	6193.70733866	6121.4578745	6177.64586081	6179.83542998	594053.4238467	96.46712779	6158.09175058
1572	2018-09-08 22:00:00	6203.10329731	6162.87317978	6179.83542998	6181.8813584	197767.98119931	31.98729862	6182.70343953
1573	2018-09-09 00:00:00	6206.31702995	6168.40392348	6180.55599492	6206.31702995	118313.5729964	19.1201962	6187.88488145
1574	2018-09-09 02:00:00	6206.31702978	6147.0	6206.31702978	6178.46501825	214874.6196139	34.80884611	6172.98886998
1575	2018-09-09 04:00:00	6193.09970293	6169.9239	6176.86851307	6188.93413592	56702.66433843	9.17713506	6178.68909716
1576	2018-09-09 06:00:00	6199.85464873	6184.57169123	6188.35405687	6190.86170174	103093.29886846	16.64112067	6195.09352241
1577	2018-09-09 08:00:00	6448.58975983	6186.70157212	6190.50142589	6385.0100002	1293502.2094239	204.22425904	6333.73437369
1578	2018-09-09 10:00:00	6399.99999921	6358.15366875	6385.11000045	6370.0	417533.16102164	65.39672894	6384.61843259
1579	2018-09-09 12:00:00	6433.72148697	6370.92995661	6375.04658999	6402.18007932	259131.3336983	40.50994306	6396.73408857
1580	2018-09-09 14:00:00	6416.91657046	6364.96237763	6410.99998689	6369.34218326	241922.70572294	37.87898818	6386.72565838
1581	2018-09-09 16:00:00	6388.01342567	6367.17647439	6375.0	6372.73827693	159935.54491189	25.06465609	6380.91918507
1582	2018-09-09 18:00:00	6396.65515011	6375.45771656	6382.73678027	6386.39503378	179057.87104457	28.01270262	6392.02412825
1583	2018-09-09 20:00:00	6399.46665047	6372.05450621	6386.30418945	6372.3452082	104757.49794097	16.3958491	6389.26946095
1584	2018-09-09 22:00:00	6380.66365054	6216.8454882	6372.05450621	6247.78526753	679217.2142009	108.08036416	6284.37199929
1585	2018-09-10 00:00:00	6360.18486353	6240.0	6240.0	6339.89998999	510558.07182731	81.03896899	6300.15507589
1586	2018-09-10 02:00:00	6348.0	6300.1	6339.89998999	6320.7252	145048.38816813	22.95515584	6318.7716598
1587	2018-09-10 04:00:00	6317.29196979	6278.00000057	6314.98297028	6301.48201137	270418.70708414	42.94041476	6297.53365438
1588	2018-09-10 06:00:00	6335.88354966	6288.66593	6302.61964767	6328.89999998	247199.34639425	39.18704035	6308.19128432
1589	2018-09-10 08:00:00	6328.89999999	6264.40243	6325.99994965	6292.8106	291820.01309635	46.43895463	6283.94879732
1590	2018-09-10 10:00:00	6318.91417488	6250.31106863	6299.59345877	6317.89176	337171.96167943	53.60476223	6289.96282518
1591	2018-09-10 12:00:00	6324.19382633	6280.0	6311.0	6308.51212771	233385.28534284	37.04401583	6300.21557095
1592	2018-09-10 14:00:00	6347.50056519	6288.0	6307.29935999	6292.37335103	365660.47877399	57.95242165	6309.66693648
1593	2018-09-10 16:00:00	6300.45372274	6231.0	6299.96115137	6263.01816864	467570.92738072	74.66978979	6261.8487168
1594	2018-09-10 18:00:00	6297.78999999	6247.25194222	6269.33657987	6295.61814667	392359.33490284	62.49262305	6278.4904162
1595	2018-09-10 20:00:00	6314.99999987	6275.14084249	6297.78999988	6296.03466018	213819.44623004	33.9620531	6295.83392972
1596	2018-09-10 22:00:00	6312.83369544	6275.0	6294.5370535	6312.83369544	83514.50505918	13.26110639	6297.70266545
1597	2018-09-11 00:00:00	6370.81019786	6291.2693978	6315.0	6370.81019786	380473.65873913	60.14204623	6326.25064475
1598	2018-09-11 02:00:00	6397.45613999	6348.65769729	6372.43946835	6352.0	695732.22836621	109.19338333	6371.56031939
1599	2018-09-11 04:00:00	6364.6780589	6320.0	6357.30416968	6337.0	177770.49763671	28.05778717	6335.87020101
1600	2018-09-11 06:00:00	6356.23672832	6310.01621479	6341.25404864	6312.00916016	277689.26787624	43.82444414	6336.40136972
1601	2018-09-11 08:00:00	6349.41427742	6308.0903163	6312.00916016	6347.91701986	163146.0500292	25.78131065	6328.07432655
1602	2018-09-11 10:00:00	6346.59999903	6254.1	6339.1297607	6275.36510806	692891.13252488	110.03587485	6296.95663772
1603	2018-09-11 12:00:00	6298.89492769	6258.66880026	6278.89423	6285.398114	71031.25053149	11.31400031	6278.17293488
1604	2018-09-11 14:00:00	6295.12338	6162.34000005	6285.398114	6246.77638824	842208.37565643	135.35062359	6222.41961889
1605	2018-09-11 16:00:00	6267.24443743	6220.20000002	6247.54864439	6248.85079	209640.44462395	33.56510401	6245.78563979
1606	2018-09-11 18:00:00	6279.5	6194.62962427	6239.54963796	6279.40262117	317695.56915812	50.95149947	6235.25455507
1607	2018-09-11 20:00:00	6316.37801	6239.47062426	6275.34842788	6316.37801	1016403.8648412	162.56324827	6252.35947028
1608	2018-09-11 22:00:00	6320.0	6279.86563488	6317.88700631	6291.15296	211085.62072518	33.52872824	6295.66439902
1609	2018-09-12 00:00:00	6300.59989987	6261.49689509	6291.05295	6267.46355815	455530.70209371	72.66356652	6269.03858301
1610	2018-09-12 02:00:00	6267.46355815	6221.92372769	6266.66348	6261.22	634969.25471653	101.6363087	6247.46473812
1611	2018-09-12 04:00:00	6298.30352999	6255.7492548	6261.22	6278.49996018	235463.73882102	37.54496947	6271.51232628
1612	2018-09-12 06:00:00	6282.60558369	6226.8753	6278.0	6246.85111248	360934.3614039	57.69673591	6255.71543539
1613	2018-09-12 08:00:00	6262.97229995	6197.00000002	6246.85111247	6262.97229995	772521.88972316	124.02420578	6228.79932884
1614	2018-09-12 10:00:00	6276.86007039	6217.07288372	6261.12857	6244.88	380797.82454568	60.94430821	6248.29185415
1615	2018-09-12 12:00:00	6296.69999	6243.7178354	6249.27264665	6292.17720707	328134.55850431	52.34482345	6268.7107698
1616	2018-09-12 14:00:00	6296.36035986	6262.55250034	6290.91714001	6274.0	452094.87004703	71.98367476	6280.51945881
1617	2018-09-12 16:00:00	6310.0152868	6265.48961692	6274.0	6290.60513686	385454.73748113	61.33811014	6284.09868842
1618	2018-09-12 18:00:00	6350.0	6290.0	6290.513686	6323.47099981	602690.51333539	95.36607659	6319.75787288
1619	2018-09-12 20:00:00	6339.72302975	6298.00000001	6319.12089	6310.6415879	161307.21018008	25.53837363	6316.2679236
1620	2018-09-12 22:00:00	6350.0	6310.0	6310.6415879	6338.40716479	129349.41763867	20.41488152	6336.03567632
1621	2018-09-13 00:00:00	6434.54341008	6333.42326464	6333.42326464	6407.00623968	553512.05001787	86.41246279	6405.46550979
1622	2018-09-13 02:00:00	6408.1484333	6381.14615102	6395.86985064	6386.13476132	66017.94180051	10.3264652	6393.08229117
1623	2018-09-13 04:00:00	6417.5159911	6375.21737031	6389.14514511	6379.28190289	193627.68023486	30.22772752	6405.63138948
1624	2018-09-13 06:00:00	6404.37002151	6378.47593382	6378.47593382	6388.0	323743.21629462	50.64996216	6391.77607422
1625	2018-09-13 08:00:00	6479.21922148	6382.9005132	6388.0	6452.20122982	399905.31933672	62.10568019	6439.11020881
1626	2018-09-13 10:00:00	6470.87272452	6426.0430927	6452.10122937	6468.10254862	367250.95548837	56.9412481	6449.64709666
1627	2018-09-13 12:00:00	6521.0	6437.78677877	6468.10254863	6502.02260103	619571.73588086	95.58589388	6481.83231574
1628	2018-09-13 14:00:00	6521.0	6476.4409723	6509.88971467	6479.0	648569.70683384	99.77017115	6500.63740853
1629	2018-09-13 16:00:00	6523.32440495	6476.44097235	6476.44097235	6508.7022	345560.8997563	53.11721307	6505.62933904
1630	2018-09-13 18:00:00	6508.85448001	6425.0	6508.70219997	6448.20670025	516818.57036224	80.01346432	6459.14502958
1631	2018-09-13 20:00:00	6476.41549389	6421.36377671	6443.64084319	6465.64360112	276359.99715549	42.85188204	6449.19158737
1632	2018-09-13 22:00:00	6516.64013	6461.98258297	6465.39379837	6488.37579999	399364.33643656	61.52202783	6491.403982
1633	2018-09-14 00:00:00	6497.98	6457.68383209	6483.87504268	6486.85448899	135576.30706103	20.92995112	6477.62177196
1634	2018-09-14 02:00:00	6579.0	6487.17264025	6487.17264025	6556.0	477061.38963719	72.88240509	6545.63181673
1635	2018-09-14 04:00:00	6565.83399959	6537.59535817	6550.49494354	6553.59942578	170530.54400161	26.01734159	6554.49533195
1636	2018-09-14 06:00:00	6580.81401315	6543.71543156	6549.25555795	6555.90483793	410926.47645798	62.64950625	6559.13352003
1637	2018-09-14 08:00:00	6549.993155	6382.7915	6549.993155	6430.62404987	1517318.4654559	234.91211627	6459.08984835
1638	2018-09-14 10:00:00	6474.04791212	6427.94218031	6429.42342522	6463.0	417835.5700247	64.75766429	6452.29525502
1639	2018-09-14 12:00:00	6475.00412473	6429.00000015	6463.0	6445.55001743	350943.81044426	54.38334297	6453.14891064
1640	2018-09-14 14:00:00	6481.47499999	6430.80002066	6445.55001713	6478.96941201	408854.28507308	63.3406502	6454.84824961
1641	2018-09-14 16:00:00	6514.99999999	6459.77342283	6476.37782413	6469.6476603	585967.75559989	90.26130559	6491.9042747
1642	2018-09-14 18:00:00	6539.99999995	6459.17052438	6469.04386723	6538.71139116	296112.97939379	45.61918476	6490.97481578
1643	2018-09-14 20:00:00	6543.99999999	6506.18050001	6538.71139116	6506.46701707	231828.89241846	35.49068314	6532.1056657
1644	2018-09-14 22:00:00	6532.10827315	6466.6444003	6509.63689266	6484.07812637	275890.35723545	42.40941713	6505.40318415
1645	2018-09-15 00:00:00	6519.1125693	6476.26405022	6478.6382	6516.02440908	169805.64087305	26.15446305	6492.41548367
1646	2018-09-15 02:00:00	6524.9467	6482.91628918	6518.88549943	6494.8675	137079.58055087	21.07403978	6504.66554974
1647	2018-09-15 04:00:00	6514.07117974	6483.74901127	6496.36862499	6492.21889459	133637.10789912	20.55913523	6500.13273438
1648	2018-09-15 06:00:00	6507.09999992	6474.352125	6494.51171727	6497.57458608	436129.66817519	67.17977883	6491.97832697
1649	2018-09-15 08:00:00	6530.0	6495.78963418	6499.370875	6529.99999996	124771.54654853	19.15379819	6514.19344146
1650	2018-09-15 10:00:00	6547.92791999	6498.81782257	6529.99999996	6523.04979521	313147.90337565	48.03244965	6519.50724265
1651	2018-09-15 12:00:00	6567.5156795	6514.37632787	6523.07877366	6539.400875	287979.73960502	44.01681959	6542.4931262
1652	2018-09-15 14:00:00	6561.95832965	6523.20000001	6536.37055202	6536.398625	202712.55563127	31.00615493	6537.81663959
1653	2018-09-15 16:00:00	6554.412125	6529.57070756	6536.398625	6544.81922148	145267.63102288	22.20224544	6542.92519265
1654	2018-09-15 18:00:00	6544.81922168	6510.0	6544.81922168	6534.397125	251669.00417566	38.55253505	6527.94955894
1655	2018-09-15 20:00:00	6534.39712501	6477.7477637	6534.397125	6503.65490178	214721.51548879	32.98115918	6510.42961579
1656	2018-09-15 22:00:00	6532.58949	6500.6203992	6503.65490178	6516.58184441	47403.52450714	7.27128257	6519.27965263
1657	2018-09-16 00:00:00	6519.60810804	6490.0	6518.27163	6493.0486144	56353.48344813	8.65417181	6511.7130426
1658	2018-09-16 02:00:00	6507.12651981	6449.53619272	6495.2680472	6485.81467588	770938.83607111	119.09829423	6473.13079549
1659	2018-09-16 04:00:00	6485.81467589	6375.0	6485.81467589	6462.0	1008316.3993487	157.15877617	6415.90895476
1660	2018-09-16 06:00:00	6464.35349965	6445.51872689	6462.0	6450.53904908	153425.64269017	23.7647352	6456.02155458
1661	2018-09-16 08:00:00	6494.97135238	6450.53904908	6451.97999988	6491.37221181	269177.05486508	41.55366891	6477.81680717
1662	2018-09-16 10:00:00	6510.5111	6478.67508604	6486.12547315	6496.869	107407.27179444	16.53184306	6496.99319093
1663	2018-09-16 12:00:00	6510.504	6480.0	6496.869	6482.84025908	186306.64202902	28.68070255	6495.8883662
1664	2018-09-16 14:00:00	6480.8261163	6460.68113643	6480.8261163	6474.13479757	83998.05619262	12.98389484	6469.4036133
1665	2018-09-16 16:00:00	6488.54970612	6420.63727336	6476.54697	6473.85175	250695.56131992	38.81441903	6458.82554949
1666	2018-09-16 18:00:00	6509.0	6473.85175	6473.85175	6501.372375	128397.84839824	19.78223228	6490.56418815
1667	2018-09-16 20:00:00	6511.72787791	6489.01824104	6501.372375	6490.31002718	116519.82305785	17.92067645	6501.97683011
1668	2018-09-16 22:00:00	6506.48917149	6477.01509247	6499.57121954	6500.08120626	415686.29521818	64.06471332	6488.53750647
1669	2018-09-17 00:00:00	6530.0	6500.08120627	6500.08120627	6520.86875909	173131.97452411	26.55075513	6520.79286168
1670	2018-09-17 02:00:00	6520.86875905	6508.46840031	6520.86875905	6518.88001753	67066.91739243	10.2958503	6513.97557639
1671	2018-09-17 04:00:00	6513.74619328	6464.0	6513.74619328	6484.0	200305.18629849	30.90107431	6482.14312191
1672	2018-09-17 06:00:00	6489.08983847	6462.22996976	6484.6484	6479.355875	170854.80276446	26.37820803	6477.11939227
1673	2018-09-17 08:00:00	6500.0	6415.68342756	6479.355875	6489.84804684	961292.34856341	148.77998469	6461.16714265
1674	2018-09-17 10:00:00	6499.99999998	6471.51251157	6494.26560795	6472.25543266	55434.56863298	8.545405670000001	6487.0610915
1675	2018-09-17 12:00:00	6474.54633615	6390.0	6474.54633615	6418.81608227	412679.31415882	64.18398555	6429.63054759
1676	2018-09-17 14:00:00	6419.310875	6206.76043284	6418.81608227	6261.37	1939635.5520529	307.84381504	6300.7130801
1677	2018-09-17 16:00:00	6297.0	6261.37	6262.57322968	6287.49219001	631155.9957708	100.5685044	6275.88129639
1678	2018-09-17 18:00:00	6318.63412052	6253.72731498	6289.169529	6270.65441001	459609.724508	73.06462118	6290.45517632
1679	2018-09-17 20:00:00	6271.05939258	6210.0000001	6268.18718708	6247.5463604	562724.81758904	90.16176253	6241.28013692
1680	2018-09-17 22:00:00	6276.8706	6224.76908834	6249.2939038	6253.27600298	356335.61968861	56.96123106	6255.75699572
1681	2018-09-18 00:00:00	6258.03178	6226.48009191	6253.27600297	6255.3991496	317909.32665142	50.93359186	6241.64358023
1682	2018-09-18 02:00:00	6255.3991496	6231.48815	6255.3991496	6242.69910044	213041.02445098	34.12900031	6242.22867695
1683	2018-09-18 04:00:00	6279.38633274	6235.78937125	6240.6387955	6268.4037052	405274.37896866	64.74458462	6259.58728976
1684	2018-09-18 06:00:00	6285.88394573	6260.86434908	6270.9120693	6285.77999982	253436.04187589	40.41565686	6270.73915323
1685	2018-09-18 08:00:00	6293.48715686	6237.08626177	6285.78	6256.0	214604.95685494	34.27762234	6260.78888221
1686	2018-09-18 10:00:00	6291.56973931	6241.00520247	6256.0	6289.13518454	264727.23541041	42.25645376	6264.77642714
1687	2018-09-18 12:00:00	6385.38555938	6270.41018108	6286.61953032	6369.532	1163912.515659	183.90593691	6328.84688344
1688	2018-09-18 14:00:00	6384.78696026	6338.0	6372.5751362	6357.0	525972.56451406	82.7555493	6355.73769932
1689	2018-09-18 16:00:00	6368.75324	6311.06889014	6357.76475	6326.47521466	465976.6122067	73.49750846	6340.03277077
1690	2018-09-18 18:00:00	6340.0	6295.01174	6326.87046467	6305.9997	593817.83753298	93.90547411	6323.56998525
1691	2018-09-18 20:00:00	6340.0	6295.0000002	6305.99969999	6333.26648652	895461.2812801	141.71280978	6318.84501246
1692	2018-09-18 22:00:00	6364.66	6333.26648652	6333.26648652	6336.19450791	277358.6210376	43.68455094	6349.12377647
1693	2018-09-19 00:00:00	6355.61816842	6319.61478039	6333.58189646	6340.54624222	634176.99707462	100.14195051	6332.78055644
1694	2018-09-19 02:00:00	6362.10411002	6330.00062889	6340.43275	6349.09352438	342232.65932053	53.97822424	6340.19855486
1695	2018-09-19 04:00:00	6354.35801	6327.98917353	6351.09129999	6347.83388039	260053.07439273	40.98479196	6345.11149029
1696	2018-09-19 06:00:00	6359.01165438	6326.91047004	6346.44304695	6348.50000027	161052.25487178	25.38110042	6345.3613991
1697	2018-09-19 08:00:00	6364.64996921	6307.90693012	6352.0	6316.72068027	650270.23155932	102.80420297	6325.32729959
1698	2018-09-19 10:00:00	6339.25418886	6276.704	6318.00587081	6286.65816699	783881.70537375	124.38332786	6302.14449846
1699	2018-09-19 12:00:00	6301.295	6263.74126157	6289.72080079	6293.76139124	281525.10295716	44.76050173	6289.58774089
1700	2018-09-19 14:00:00	6345.76	6292.05715011	6293.76139124	6331.0	387428.80640068	61.23186703	6327.24143803
1701	2018-09-19 16:00:00	6337.7314	6317.91045	6331.0	6326.7415	170224.81565037	26.90043014	6327.95887517
1702	2018-09-19 18:00:00	6523.1804	6120.10000001	6324.74	6412.89350726	4519489.828418	715.89143755	6313.09384546
1703	2018-09-19 20:00:00	6454.91940091	6385.0	6410.18222414	6386.00000039	391583.11925721	60.99918921	6419.48072308
1704	2018-09-19 22:00:00	6395.579	6378.0	6386.00000039	6383.93693339	132520.1343057	20.74689983	6387.46682114
1705	2018-09-20 00:00:00	6420.16165966	6389.46819001	6389.46819001	6407.73524569	76904.52803668	12.00326272	6406.96865765
1706	2018-09-20 02:00:00	6407.73524524	6379.28882356	6407.73524524	6400.0	229308.91205631	35.87286018	6392.26732704
1707	2018-09-20 04:00:00	6404.35174527	6385.50602622	6400.1	6387.17325085	163829.39468144	25.62177858	6394.14606483
1708	2018-09-20 06:00:00	6415.65741381	6386.28800001	6386.28800001	6407.34294657	100655.32781909	15.71587166	6404.69265699
1709	2018-09-20 08:00:00	6410.0	6382.38943379	6410.0	6388.0	98668.29690638	15.42876004	6395.08921329
1710	2018-09-20 10:00:00	6438.431	6385.91968276	6388.0	6430.99053282	345249.462876	53.84199687	6412.27077275
1711	2018-09-20 12:00:00	6450.0	6399.91559001	6428.4181366	6423.45303277	617621.01832616	96.14042194	6424.15547865
1712	2018-09-20 14:00:00	6423.46514544	6393.5622	6423.46514538	6415.54737252	200362.52734975	31.24273164	6413.09248046
1713	2018-09-20 16:00:00	6425.89828	6395.0	6411.90838001	6398.91748017	125657.39011721	19.5758499	6419.00049086
1714	2018-09-20 18:00:00	6434.8	6392.07462186	6398.63236897	6422.23486544	209950.08058061	32.69720872	6421.0398624
1715	2018-09-20 20:00:00	6525.0	6333.90000001	6419.85859647	6503.53013602	1131327.4942934	176.23634492	6419.37674551
1716	2018-09-20 22:00:00	6550.0	6464.1032263	6505.99848367	6492.03633727	1189043.8031349	182.99058446	6497.84144164
1717	2018-09-21 00:00:00	6534.96996523	6492.0	6492.03633727	6502.10599753	458665.66780248	70.41786912	6513.48405645
1718	2018-09-21 02:00:00	6574.70764717	6493.99999999	6502.10599714	6551.25249831	939280.06960987	143.60675685	6540.63980144
1719	2018-09-21 04:00:00	6559.69997	6526.46700012	6552.0	6534.36586349	211113.5191935	32.28060521	6539.94923019
1720	2018-09-21 06:00:00	6676.76009302	6533.92999934	6534.36586349	6645.0	1122146.8666787	170.1015236	6596.92425399
1721	2018-09-21 08:00:00	6750.0	6645.00000001	6645.00000001	6718.32713132	1504844.8902107	224.35620531	6707.39143644
1722	2018-09-21 10:00:00	6767.0	6688.00000042	6709.11372264	6743.35467	544810.64527411	81.02406803	6724.05938779
1723	2018-09-21 12:00:00	6770.0	6707.8226005	6742.0	6725.51343541	1456629.271611	216.14289642	6739.19566979
1724	2018-09-21 14:00:00	6758.18541063	6695.76000002	6727.0	6741.00000002	942505.69704951	140.07168281	6728.73830128
1725	2018-09-21 16:00:00	6762.10278727	6684.40580006	6741.00000002	6700.0	1579543.0619485	234.94087344	6723.15139899
1726	2018-09-21 18:00:00	6786.12134509	6688.22338024	6700.0	6754.89999956	993488.96446014	147.00401416	6758.24378087
1727	2018-09-21 20:00:00	6778.00000001	6688.17462	6754.1	6725.32529277	459505.1919236	68.11231748	6746.28626545
1728	2018-09-21 22:00:00	6760.94926039	6721.57	6732.8	6757.43406554	824625.11394035	122.31816297	6741.64076632
1729	2018-09-22 00:00:00	6832.39	6745.76501582	6757.43406554	6779.49382498	966821.49559731	142.32108419	6793.24150107
1730	2018-09-22 02:00:00	6784.00579547	6720.0	6774.9107	6749.99999999	237367.04255841	35.205926	6742.24681828
1731	2018-09-22 04:00:00	6766.91358656	6723.00000018	6746.5893801	6740.6837392	361554.30815489	53.58434028	6747.3875066
1732	2018-09-22 06:00:00	6743.95631588	6697.2556	6738.01731571	6722.25196228	444157.30270451	66.164809	6712.89329505
1733	2018-09-22 08:00:00	6727.24353118	6628.7939	6725.54176936	6695.59999884	1102936.3207778	165.47407527	6665.31188633
1734	2018-09-22 10:00:00	6732.95749665	6673.22281262	6695.59999949	6673.44639238	456529.66167198	68.08260091	6705.52616336
1735	2018-09-22 12:00:00	6714.17853999	6669.27028028	6672.59998	6687.60000011	284110.78263462	42.46489754	6690.48553259
1736	2018-09-22 14:00:00	6698.96786137	6646.98943495	6690.58004626	6686.9159999	315757.12540452	47.31212497	6673.91552598
1737	2018-09-22 16:00:00	6691.08341243	6666.69160566	6690.25	6687.27361396	217771.92415494	32.60658351	6678.77160721
1738	2018-09-22 18:00:00	6757.0	6646.98943495	6687.54987391	6720.00000016	623577.09060037	93.05652309	6701.05727029
1739	2018-09-22 20:00:00	6741.70849973	6690.61982622	6721.0	6695.35967698	313539.90192909	46.64129264	6722.36733122
1740	2018-09-22 22:00:00	6731.99815478	6696.1950064	6701.17299995	6730.99999804	217651.84379172	32.41687704	6714.15212277
1741	2018-09-23 00:00:00	6730.9993997	6685.44709577	6728.8	6688.99999952	342076.87286571	50.94438216	6714.71236595
1742	2018-09-23 02:00:00	6721.54105369	6689.00000034	6689.00000067	6718.18	254798.15415398	37.98512343	6707.8406267
1743	2018-09-23 04:00:00	6742.8477	6713.08454385	6718.18	6726.00931138	170291.84566176	25.27953599	6736.35171662
1744	2018-09-23 06:00:00	6734.26359597	6706.80517687	6726.0	6723.0	213723.2049646	31.78797687	6723.39752349
1745	2018-09-23 08:00:00	6785.99999964	6722.63355457	6723.0	6776.3781	358768.15048326	53.12160594	6753.71431519
1746	2018-09-23 10:00:00	6779.1619915	6750.0	6773.31051584	6752.34048842	256793.31439826	37.97599693	6761.99007682
1747	2018-09-23 12:00:00	6755.66510873	6721.0	6750.0	6732.0	497480.96774989	73.88750861	6732.9509021
1748	2018-09-23 14:00:00	6751.0	6661.00000001	6732.0	6686.915256	441758.62268255	65.973394	6696.01176926
1749	2018-09-23 16:00:00	6703.83368245	6675.33600001	6687.375632	6693.77857783	188225.28606828	28.13169922	6690.86088957
1750	2018-09-23 18:00:00	6711.6534311	6682.91561585	6691.97171332	6703.40869999	331883.5146351	49.54644851	6698.4319687
1751	2018-09-23 20:00:00	6707.40817739	6671.54974978	6694.9432575	6684.70430367	392970.90584701	58.71291159	6693.09177836
1752	2018-09-23 22:00:00	6720.0	6683.02361653	6684.70430367	6711.950582	323441.53349127	48.25735576	6702.42967931
1753	2018-09-24 00:00:00	6729.76999789	6665.1	6700.80135001	6720.0	361236.52086876	53.93894512	6697.13729226
1754	2018-09-24 02:00:00	6728.99849996	6700.0	6718.0	6717.71393354	274292.83626515	40.84034832	6716.22176471
1755	2018-09-24 04:00:00	6717.71393354	6674.3718157	6717.7139332	6699.35125965	156089.39339168	23.33647872	6688.6437866
1756	2018-09-24 06:00:00	6698.91397715	6615.74248057	6698.91397715	6677.28236089	512167.01500941	77.01957218	6649.82939417
1757	2018-09-24 08:00:00	6677.28236089	6578.72623096	6677.28236089	6603.2	945561.19007028	143.04939016	6610.03300337
1758	2018-09-24 10:00:00	6624.95999999	6578.72623096	6599.73559429	6586.79564149	317741.10866798	48.11732647	6603.46557005
1759	2018-09-24 12:00:00	6638.53189987	6586.79564128	6587.24501679	6629.96458436	455751.49422453	68.88432127	6616.18617737
1760	2018-09-24 14:00:00	6630.0	6594.04756139	6629.91146013	6605.01770809	362512.72158024	54.81585078	6613.28277171
1761	2018-09-24 16:00:00	6654.4	6601.67840834	6612.35162262	6653.11999954	321415.47991743	48.44713706	6634.35446184
1762	2018-09-24 18:00:00	6666.70860449	6627.860699	6653.11999954	6627.860699	444654.33930862	66.85333705	6651.19138295
1763	2018-09-24 20:00:00	6643.1	6618.00000062	6621.27680748	6620.0	147552.00674272	22.25180301	6631.01352624
1764	2018-09-24 22:00:00	6620.62658206	6560.0	6620.00000055	6590.24225756	651981.34398752	99.0879038	6579.82779919
1765	2018-09-25 00:00:00	6587.69911094	6419.76467981	6585.67972447	6440.19999951	946010.20296021	145.90689733	6483.65649788
1766	2018-09-25 02:00:00	6482.89	6406.52382883	6441.20000237	6464.0	639025.91009255	99.09027833	6448.9263817
1767	2018-09-25 04:00:00	6482.54999968	6443.5	6464.0	6464.50978023	203690.39653575	31.51104092	6464.09609421
1768	2018-09-25 06:00:00	6470.0	6370.86884133	6464.50978023	6389.94549393	652028.30171581	101.56280761	6419.95152614
1769	2018-09-25 08:00:00	6434.82648884	6380.0	6384.96366297	6419.01285729	285844.5476448	44.59717774	6409.47616262
1770	2018-09-25 10:00:00	6437.753	6374.18010191	6422.22340402	6405.0	249365.1673203	38.97602655	6397.91147002
1771	2018-09-25 12:00:00	6455.25734016	6393.57638051	6405.0	6426.63951804	235739.18578265	36.68684883	6425.71366309
1772	2018-09-25 14:00:00	6437.75516984	6367.19808814	6431.50999998	6414.2563509	381835.62741575	59.6268301	6403.75526881
1773	2018-09-25 16:00:00	6428.14685186	6375.0	6409.47076226	6375.3000001	402982.61221567	62.95383898	6401.23968204
1774	2018-09-25 18:00:00	6399.90915587	6334.35826089	6392.74428248	6374.29631777	525293.36197347	82.54681301	6363.58137666
1775	2018-09-25 20:00:00	6423.64001	6365.60303015	6365.62119864	6400.45	481477.99357187	75.19562599	6403.00532421
1776	2018-09-25 22:00:00	6464.67629866	6381.84050012	6400.2139699	6440.89	600261.72634418	93.46994204	6421.9760197
1777	2018-09-26 00:00:00	6443.27272316	6384.23702625	6443.27272316	6396.0	480178.00564376	74.81093704	6418.55355169
1778	2018-09-26 02:00:00	6413.18762999	6391.8	6395.99999999	6393.06460905	234771.50673248	36.67406029	6401.56843491
1779	2018-09-26 04:00:00	6463.33963055	6389.7521475	6393.0	6449.89989	228350.34163762	35.521316	6428.54396604
1780	2018-09-26 06:00:00	6469.9	6419.23210971	6446.91825987	6454.9	684853.46437977	106.27765753	6444.00225123
1781	2018-09-26 08:00:00	6462.00000002	6430.12225392	6458.63998999	6458.81964523	315568.91414764	48.90176638	6453.11892612
1782	2018-09-26 10:00:00	6530.46200001	6458.83645792	6458.83645792	6530.462	639924.60911478	98.61529464	6489.10102079
1783	2018-09-26 12:00:00	6537.91885	6470.30000262	6530.462	6484.7051303	448731.56403756	68.91312081	6511.55482095
1784	2018-09-26 14:00:00	6556.0	6484.80513004	6487.35256488	6536.95838608	637539.26173789	97.68927822	6526.19482254
1785	2018-09-26 16:00:00	6547.9	6520.00000001	6537.34734	6535.5579	579526.64541798	88.64939635	6537.2881179
1786	2018-09-26 18:00:00	6539.90532325	6487.56219153	6535.55789999	6490.28857842	281002.94352907	43.13292248	6514.81345043
1787	2018-09-26 20:00:00	6516.31737352	6450.0	6499.66372385	6482.10947482	431476.05419904	66.58574133	6480.00676392
1788	2018-09-26 22:00:00	6488.30544935	6414.25124261	6482.14309936	6465.05487499	606024.82839741	93.86995992	6456.0039113
1789	2018-09-27 00:00:00	6525.0	6465.05487499	6468.39999837	6495.93621356	328970.72362993	50.59394914	6502.1752447
1790	2018-09-27 02:00:00	6509.62523992	6452.59338704	6495.93621356	6508.25758992	230676.18027925	35.54946704	6488.8787227
1791	2018-09-27 04:00:00	6513.09999995	6476.95774911	6508.76087081	6479.3152517	97834.53269349	15.06625167	6493.62129588
1792	2018-09-27 06:00:00	6486.040559	6450.73278431	6478.10108326	6466.21264767	116580.73235348	18.01787299	6470.28272528
1793	2018-09-27 08:00:00	6485.90227519	6432.40000001	6458.88122253	6458.6349	184979.06494315	28.64032079	6458.69389171
1794	2018-09-27 10:00:00	6507.99999998	6468.60387934	6468.70790219	6499.99999995	384479.81304988	59.31210602	6482.31598655
1795	2018-09-27 12:00:00	6538.09999998	6484.11714253	6499.7776147	6516.81564711	617096.80420034	94.64192258	6520.3325057
1796	2018-09-27 14:00:00	6532.55370039	6488.0	6514.0	6493.83226686	216297.99037489	33.22093713	6510.89370322
1797	2018-09-27 16:00:00	6518.0	6493.90456533	6497.0	6508.13624435	465758.77951724	71.56749444	6507.96542706
1798	2018-09-27 18:00:00	6680.93797999	6517.59912439	6517.59912439	6674.34818347	1030933.8857932	155.85744769	6614.59494604
1799	2018-09-27 20:00:00	6739.49466574	6668.14006253	6674.34818347	6720.00000001	1320248.587059	196.93836115	6703.86703407
1800	2018-09-27 22:00:00	6729.04956214	6645.18879142	6720.0	6692.51876894	655355.12861944	98.08306382	6681.63394469
1801	2018-09-28 00:00:00	6720.49897777	6683.72468001	6692.51876891	6715.88920232	293056.1560421	43.65970545	6712.27973303
1802	2018-09-28 02:00:00	6729.49046	6687.48436	6720.49897768	6704.42374973	155722.40638987	23.24220038	6699.98553682
1803	2018-09-28 04:00:00	6720.0	6690.0	6695.56949151	6711.16372016	243217.04719694	36.24102846	6711.09671916
1804	2018-09-28 06:00:00	6800.0	6715.0	6715.0	6784.89726003	944037.08529335	139.55636741	6764.55759642
1805	2018-09-28 08:00:00	6787.0	6600.0	6784.89726003	6655.04250054	1155698.6765656	173.39187509	6665.2412402
1806	2018-09-28 10:00:00	6676.50916718	6633.6812961	6653.96594502	6653.15572383	161729.76408949	24.30702339	6653.62276139
1807	2018-09-28 12:00:00	6671.43710498	6586.62416664	6662.88976989	6649.61072786	401576.8169682	60.62586985	6623.85245707
1808	2018-09-28 14:00:00	6690.0	6641.79571566	6652.0	6670.39999985	357102.98165728	53.48613241	6676.55269818
1809	2018-09-28 16:00:00	6679.01478265	6645.71641237	6665.0	6664.36297663	165648.90924774	24.87931797	6658.09687578
1810	2018-09-28 18:00:00	6690.94710013	6540.67000001	6664.11922027	6675.7263	1069433.517455	161.68606774	6614.2589303
1811	2018-09-28 20:00:00	6681.79815207	6622.3	6680.0	6643.72349051	188471.95569202	28.32949741	6652.85207726
1812	2018-09-28 22:00:00	6655.58233842	6622.23000011	6644.47797665	6641.01010618	42370.83255693	6.37746586	6643.83526106
1813	2018-09-29 00:00:00	6640.48566538	6490.00000048	6640.48566538	6498.80338628	441028.0351022	67.38601437	6544.80071607
1814	2018-09-29 02:00:00	6524.57383012	6490.04875132	6498.80338627	6504.01600379	175300.2034084	26.94842771	6505.02527623
1815	2018-09-29 04:00:00	6516.32301721	6480.0	6504.01600378	6502.70330473	143626.18935763	22.09650389	6499.95085524
1816	2018-09-29 06:00:00	6546.21569176	6478.42879199	6502.70330473	6540.97976642	624246.2837934	95.92052666	6507.95304748
1817	2018-09-29 08:00:00	6590.05	6537.57501378	6540.97976642	6549.98399622	532843.3770294	81.34607244	6550.32702927
1818	2018-09-29 10:00:00	6618.9496	6548.30178952	6549.98399622	6599.02720003	1014327.0020585	154.17667621	6578.99123909
1819	2018-09-29 12:00:00	6608.17999941	6559.15811194	6599.02720003	6574.61969989	186653.04900028	28.37168526	6578.84955686
1820	2018-09-29 14:00:00	6609.57237894	6542.93150013	6564.36138141	6609.57237894	271465.7600159	41.19682252	6589.48296034
1821	2018-09-29 16:00:00	6599.99999997	6560.0	6597.20347202	6599.95198865	156442.18549378	23.77709922	6579.53201297
1822	2018-09-29 18:00:00	6604.71447599	6579.2691099	6594.34008821	6593.30253548	90864.6650432	13.78146075	6593.2535521
1823	2018-09-29 20:00:00	6615.0	6581.02	6593.30253548	6599.67992388	65959.0514585	9.99259002	6600.79632272
1824	2018-09-29 22:00:00	6632.0	6590.67735264	6591.50000155	6597.36970001	316017.04352486	47.80710275	6610.25298222
1825	2018-09-30 00:00:00	6607.0	6565.0	6597.36970001	6601.66	83328.85472315	12.6611136	6581.47911437
1826	2018-09-30 02:00:00	6608.50968008	6573.26151173	6601.61198864	6583.0	127287.23088153	19.33273158	6584.02721595
1827	2018-09-30 04:00:00	6581.77390309	6554.60031562	6581.77390309	6564.12157001	131816.35632439	20.0875317	6562.09823551
1828	2018-09-30 06:00:00	6597.80683137	6565.61185672	6565.79594863	6585.0	271555.74428113	41.24766873	6583.54163137
1829	2018-09-30 08:00:00	6606.10963887	6577.692098	6585.0	6587.07266959	263647.79922746	40.02020618	6587.86708998
1830	2018-09-30 10:00:00	6666.6	6587.07266959	6587.29069326	6635.15	614424.39311368	92.64975898	6631.6890608
1831	2018-09-30 12:00:00	6648.25841709	6615.00000004	6635.15	6645.07657858	128843.82704169	19.4267066	6632.30416223
1832	2018-09-30 14:00:00	6655.6	6586.90915678	6644.62235906	6610.0	331127.91692577	49.98222471	6624.9135337
1833	2018-09-30 16:00:00	6628.28269999	6594.77820682	6610.0	6625.43677122	156688.50721219	23.67038294	6619.60170265
1834	2018-09-30 18:00:00	6634.3	6600.40241271	6624.92951185	6615.68174099	116329.42247829	17.56488636	6622.83945902
1835	2018-09-30 20:00:00	6612.58183137	6537.31343531	6612.58183137	6589.64271696	355668.67392847	54.13317707	6570.25309023
1836	2018-09-30 22:00:00	6647.87999998	6568.28870002	6589.64271696	6620.0	412243.28675187	62.13188945	6634.97103341
1837	2018-10-01 00:00:00	6663.0	6630.64656696	6631.35417381	6646.40304862	75366.84639285	11.330649	6651.59130715
1838	2018-10-01 02:00:00	6666.7600838	6632.95424676	6649.61845856	6649.29239968	61789.55400366	9.28851035	6652.25657025
1839	2018-10-01 04:00:00	6656.20512787	6615.49890002	6648.29312395	6633.71507593	77871.12689254	11.73262029	6637.14711358
1840	2018-10-01 06:00:00	6642.83074077	6601.57217682	6633.47888359	6601.57217682	65890.03216355	9.94505029	6625.40965024
1841	2018-10-01 08:00:00	6633.08199457	6605.13633729	6609.35676556	6624.74526382	228996.64775833	34.54863472	6628.2401494
1842	2018-10-01 10:00:00	6628.18448438	6565.0	6625.85681822	6596.1	437855.01673845	66.28851149	6605.29263512
1843	2018-10-01 12:00:00	6617.27093602	6555.15986789	6598.3660664	6566.48552	678361.5142079	102.9119322	6591.67017571
1844	2018-10-01 14:00:00	6580.40815012	6511.11000004	6569.74665848	6570.9752231	552348.39387678	84.34932628	6548.34387228
1845	2018-10-01 16:00:00	6603.24797996	6546.77502741	6562.91526863	6589.95658	123228.42153074	18.73533877	6577.32550468
1846	2018-10-01 18:00:00	6608.87927	6556.1	6591.51957068	6575.98610001	223026.99835516	33.88119014	6582.61995619
1847	2018-10-01 20:00:00	6630.0	6578.66628231	6578.66628231	6600.00000001	373936.49103901	56.68332609	6596.93982045
1848	2018-10-01 22:00:00	6609.70183894	6585.0	6600.00000001	6607.8	89733.12679089	13.60065993	6597.70388001
1849	2018-10-02 00:00:00	6629.99999999	6586.82200424	6609.70183894	6615.0	161772.99309791	24.48721705	6606.42623323
1850	2018-10-02 02:00:00	6622.20547908	6604.4	6618.05881137	6610.0	83580.67770826	12.62993848	6617.66309001
1851	2018-10-02 04:00:00	6620.0	6602.28772	6610.0	6618.0	50933.13757435	7.7000258200000005	6614.67101085
1852	2018-10-02 06:00:00	6619.99999999	6590.71521074	6618.0	6604.85209997	93439.70239875	14.15354484	6601.85864778
1853	2018-10-02 08:00:00	6612.79951602	6579.0	6602.92222813	6585.15693278	112554.3814899	17.0538724	6599.93102152
1854	2018-10-02 10:00:00	6596.99999996	6572.11659278	6588.69262977	6575.0	144901.66746009	22.01507323	6581.92984171
1855	2018-10-02 12:00:00	6592.9405823	6562.0	6574.96907035	6571.85719488	275172.93135711	41.83324332	6577.85315023
1856	2018-10-02 14:00:00	6580.0	6537.0	6578.9637524	6561.2449524	459379.30730609	70.09378631	6553.78074847
1857	2018-10-02 16:00:00	6560.10463656	6480.24797347	6560.10463654	6531.99	1368597.393547	209.79017194	6523.64875289
1858	2018-10-02 18:00:00	6580.0	6530.01546485	6531.99	6564.01270146	849242.66718194	129.59065806	6553.27073645
1859	2018-10-02 20:00:00	6580.04786984	6548.62985769	6562.52000001	6560.70792452	166578.16262804	25.36894913	6566.2224231
1860	2018-10-02 22:00:00	6578.41797	6526.00000052	6564.64998996	6541.60056855	125923.25551449	19.20529048	6556.69622105
1861	2018-10-03 00:00:00	6544.2836499	6513.61468771	6526.0	6526.15380034	276499.25816953	42.34305769	6529.9785432
1862	2018-10-03 02:00:00	6533.70917001	6425.0	6527.83035875	6456.66660884	821594.04103145	126.91650827	6473.50019497
1863	2018-10-03 04:00:00	6489.50628539	6444.14800053	6459.47752205	6471.0	281783.52099848	43.51097907	6476.1475614
1864	2018-10-03 06:00:00	6478.99999826	6450.60736423	6471.0	6464.09503455	178961.61770444	27.65918285	6470.24240285
1865	2018-10-03 08:00:00	6470.12679455	6455.60315	6464.48192522	6466.48674437	324008.33586336	50.12503306	6464.00243717
1866	2018-10-03 10:00:00	6503.53818	6466.48674437	6466.48674437	6499.0	472090.19122802	72.70991408	6492.78983755
1867	2018-10-03 12:00:00	6499.99999996	6457.749665	6499.0	6492.59999	343124.89964696	52.95559013	6479.48401301
1868	2018-10-03 14:00:00	6542.72657849	6477.4067233	6487.10890297	6510.0	435905.25326768	66.90979639	6514.81960469
1869	2018-10-03 16:00:00	6528.82898465	6496.27277396	6510.0	6512.61776119	182636.44730255	28.03646941	6514.24559318
1870	2018-10-03 18:00:00	6509.71947005	6464.01302096	6509.71947005	6476.46243882	172989.93554886	26.69978484	6479.07601448
1871	2018-10-03 20:00:00	6495.95008424	6459.9833912	6476.46243882	6459.9833912	219862.19000525	33.9103764	6483.62576138
1872	2018-10-03 22:00:00	6535.89433001	6455.0	6459.27096525	6503.93358207	110999.34580147	17.09557516	6492.86992468
1873	2018-10-04 00:00:00	6642.0	6503.95019086	6503.98340849	6587.25870921	656769.49479178	99.87043191	6576.21562489
1874	2018-10-04 02:00:00	6619.06899999	6589.36752	6590.0	6599.3	117847.03702297	17.85489861	6600.26358015
1875	2018-10-04 04:00:00	6622.29717825	6585.29485	6599.3	6590.30476045	466495.17999698	70.60570217	6607.04682001
1876	2018-10-04 06:00:00	6596.55408837	6580.0	6590.30476046	6581.0	543617.69786013	82.51144229	6588.39165542
1877	2018-10-04 08:00:00	6620.10307	6581.0	6581.0	6594.21130064	381282.3745119	57.71976672	6605.75044181
1878	2018-10-04 10:00:00	6600.0	6573.8698084	6594.21130059	6575.0	395969.15774248	60.12866577	6585.3641133
1879	2018-10-04 12:00:00	6590.4	6575.0	6575.00000001	6576.3	191393.9390121	29.09329433	6578.62725482
1880	2018-10-04 14:00:00	6623.64309576	6576.3	6576.3	6600.00000065	942891.07833201	142.9076076	6597.90681662
1881	2018-10-04 16:00:00	6605.9	6589.7479069	6600.00000001	6599.9999	300815.09292353	45.59330835	6597.79041727
1882	2018-10-04 18:00:00	6625.0	6598.81792036	6598.81792036	6618.0	353571.20922585	53.4497275	6615.02360747
1883	2018-10-04 20:00:00	6619.41236502	6563.21553867	6619.0	6590.16800197	788692.29980214	119.58550873	6595.21632828
1884	2018-10-04 22:00:00	6610.8899998	6581.0	6591.79712127	6600.60957597	130082.94114578	19.7213866	6596.0342335
1885	2018-10-05 00:00:00	6634.1939692	6595.09433883	6600.54835858	6612.99999997	175869.91391876	26.57175578	6618.67869684
1886	2018-10-05 02:00:00	6615.43507804	6551.76969135	6613.0	6582.53779988	213241.89885962	32.42036141	6577.40659219
1887	2018-10-05 04:00:00	6588.45969005	6568.68460917	6582.53779988	6583.54278545	19222.40405905	2.92141936	6579.81675696
1888	2018-10-05 06:00:00	6604.89729566	6575.43084857	6580.1690189	6580.0	201127.05650802	30.50997158	6592.17449549
1889	2018-10-05 08:00:00	6590.17306709	6571.59	6580.00000031	6582.06766542	115933.17495142	17.62662243	6577.16334549
1890	2018-10-05 10:00:00	6601.28999999	6573.0	6582.10074891	6590.26790971	133565.42791439	20.28223521	6585.34064571
1891	2018-10-05 12:00:00	6609.92798605	6584.98345833	6594.98152994	6602.23316275	97597.75456705	14.79721811	6595.6826372
1892	2018-10-05 14:00:00	6611.03	6592.09498172	6595.99693857	6597.54295442	238275.26708426	36.071683	6605.60437627
1893	2018-10-05 16:00:00	6611.0	6580.83633986	6600.0	6585.00000001	84396.39770514	12.79597109	6595.54457504
1894	2018-10-05 18:00:00	6606.17000998	6578.69	6585.00000001	6597.198	108964.61875435	16.52344385	6594.54649669
1895	2018-10-05 20:00:00	6602.74562061	6591.5985673	6597.198	6601.33608276	58789.17730183	8.91135796	6597.10647532
1896	2018-10-05 22:00:00	6688.0	6605.70677021	6606.35035062	6642.91127625	1190228.659491	178.85946527	6654.54667268
1897	2018-10-06 00:00:00	6647.58648203	6625.0	6636.89191879	6632.74462438	41235.1774575	6.22062551	6628.78313301
1898	2018-10-06 02:00:00	6634.78270902	6590.301207	6632.41378951	6608.0	590629.50541847	89.28083652	6615.41186709
1899	2018-10-06 04:00:00	6624.33004	6608.0	6608.0	6616.39028	41711.51164866	6.30402508	6616.64747829
1900	2018-10-06 06:00:00	6629.9	6608.47880615	6616.63601	6622.70977904	176418.47837347	26.6497483	6619.89285555
1901	2018-10-06 08:00:00	6624.41798572	6612.37622	6623.31973665	6622.38778934	93066.11529661	14.06372201	6617.45981827
1902	2018-10-06 10:00:00	6630.09999978	6580.0	6622.38778933	6598.9082555	180028.4404776	27.2852889	6598.00382313
1903	2018-10-06 12:00:00	6603.7164534	6570.0	6598.90825562	6581.29299	214721.03601343	32.60102815	6586.32712519
1904	2018-10-06 14:00:00	6602.71765108	6571.0	6579.99299	6599.64047446	115552.98066556	17.54500002	6586.09179446
1905	2018-10-06 16:00:00	6603.4	6593.5477088	6598.29019822	6599.76222	119179.24627697	18.06373692	6597.70715244
1906	2018-10-06 18:00:00	6601.64904556	6584.47765001	6601.64904556	6589.52506426	43049.6985071	6.53055028	6592.04763172
1907	2018-10-06 20:00:00	6609.98365123	6583.01000006	6591.47224191	6602.24667877	94895.74520907	14.38441004	6597.12459149
1908	2018-10-06 22:00:00	6605.04466914	6585.45188001	6602.63033	6600.17905775	114671.31259774	17.38973116	6594.19697421
1909	2018-10-07 00:00:00	6611.7	6590.0	6599.5026927	6602.42627227	151104.99524125	22.91165266	6595.11548484
1910	2018-10-07 02:00:00	6608.55206174	6602.37197021	6602.40127157	6604.29428	84255.01028155	12.75433256	6605.99132766
1911	2018-10-07 04:00:00	6610.009999	6591.5908114	6604.20460601	6596.67229942	43084.37247996	6.52937092	6598.54877412
1912	2018-10-07 06:00:00	6600.45519186	6575.0	6600.45519175	6575.0	140392.14782058	21.30416011	6589.89357457
1913	2018-10-07 08:00:00	6579.83071	6540.0	6576.07908281	6560.8230458	537512.94145004	82.05778816	6550.41957019
1914	2018-10-07 10:00:00	6570.13745176	6550.16482789	6560.65762919	6550.58308414	106116.51857462	16.17007833	6562.52347137
1915	2018-10-07 12:00:00	6579.09908022	6551.30279192	6561.89428367	6571.73238215	136119.64953204	20.72042021	6569.34792598
1916	2018-10-07 14:00:00	6583.4328	6564.29080808	6573.08789331	6583.4328	100281.50625884	15.25476296	6573.78331749
1917	2018-10-07 16:00:00	6596.02999999	6572.76236855	6579.27648893	6592.26691664	265362.86821953	40.31156598	6582.79731308
1918	2018-10-07 18:00:00	6599.99999995	6582.48082613	6592.26691663	6584.86790171	67761.86962133	10.27457482	6595.10206587
1919	2018-10-07 20:00:00	6593.05878209	6580.11442481	6585.0	6589.99999999	73468.64605569	11.15855937	6584.06194021
1920	2018-10-07 22:00:00	6638.96101123	6579.28419441	6589.99999999	6607.93889473	320515.31524027	48.49602282	6609.10517198
1921	2018-10-08 00:00:00	6622.91345832	6602.65526504	6607.93889477	6602.65526504	298572.47340462	45.12944458	6615.91287425
1922	2018-10-08 02:00:00	6613.39786723	6602.75526034	6602.75526034	6604.86955107	25384.92298145	3.84079953	6609.28090184
1923	2018-10-08 04:00:00	6610.90093446	6591.82358	6604.0	6591.82358	99253.56167558	15.03228872	6602.6912817
1924	2018-10-08 06:00:00	6608.27640101	6589.84105	6592.03980349	6598.9	146994.67420411	22.27626688	6598.71220774
1925	2018-10-08 08:00:00	6609.98999999	6595.2646743	6599.56106999	6598.69940684	124232.44475047	18.81346415	6603.37956688
1926	2018-10-08 10:00:00	6660.19715521	6600.0	6600.49469286	6648.69999999	275591.92422122	41.48798547	6642.69236259
1927	2018-10-08 12:00:00	6715.99999997	6648.69999999	6648.69999999	6656.4228576	715770.90054735	107.11870598	6682.03460823
1928	2018-10-08 14:00:00	6685.30538776	6657.0	6657.69351267	6681.50539993	381502.5325906	57.1783143	6672.15424695
1929	2018-10-08 16:00:00	6682.11300865	6660.0432178	6675.06643525	6678.94938587	131658.1271258	19.7269173	6674.03452468
1930	2018-10-08 18:00:00	6700.0	6660.01000027	6678.75007976	6694.15995487	184282.61698338	27.586042	6680.28479704
1931	2018-10-08 20:00:00	6700.0	6685.97570009	6692.39269869	6688.0664353	57364.19200429	8.56785514	6695.28033176
1932	2018-10-08 22:00:00	6688.13287047	6666.78411232	6688.13287047	6674.06372622	80735.57150628	12.08766613	6679.1695467
1933	2018-10-09 00:00:00	6678.83955354	6653.28090001	6674.06372622	6667.71764676	146082.35012211	21.92442007	6662.99722664
1934	2018-10-09 02:00:00	6676.26419761	6656.99999999	6666.66666666	6666.74584822	51977.41980836	7.7979248	6665.54514713
1935	2018-10-09 04:00:00	6678.99998652	6661.90270063	6666.0	6665.6	157453.13157964	23.60384252	6670.65675625
1936	2018-10-09 06:00:00	6676.14581619	6657.4118833	6665.6	6670.09040144	137231.96304196	20.58224814	6667.49142797
1937	2018-10-09 08:00:00	6669.40124733	6640.0	6669.40124733	6659.92284712	176753.86632688	26.57759418	6650.48405547
1938	2018-10-09 10:00:00	6659.92284712	6641.0327966	6659.92284712	6647.70942393	65890.2086479	9.90644075	6651.24945585
1939	2018-10-09 12:00:00	6647.45942432	6615.0	6647.45942432	6615.0	232865.75446472	35.13590425	6627.57254823
1940	2018-10-09 14:00:00	6652.0	6610.0	6617.29999999	6645.535	186795.64817483	28.1453559	6636.8195463
1941	2018-10-09 16:00:00	6645.53499957	6630.1	6643.91244193	6644.76369073	50065.27138975	7.54129264	6638.81827423
1942	2018-10-09 18:00:00	6678.0087197	6644.74744064	6644.76369073	6664.4615185	146291.04887192	21.97222585	6657.99859652
1943	2018-10-09 20:00:00	6661.4558291	6637.48401082	6661.4558291	6654.71751284	148555.5494427	22.34681437	6647.72826153
1944	2018-10-09 22:00:00	6670.57356223	6653.1	6658.42874007	6654.91816418	87763.34309711	13.17499456	6661.35706526
1945	2018-10-10 00:00:00	6655.99999826	6638.0	6655.99999826	6638.5	84874.82646367	12.77512961	6643.75462752
1946	2018-10-10 02:00:00	6650.8920033	6600.0	6638.5	6614.88980495	139011.17220551	20.99317646	6621.73123111
1947	2018-10-10 04:00:00	6623.4694048	6500.0	6613.94495721	6549.06969197	1119029.3777589	171.00255826	6543.9335478
1948	2018-10-10 06:00:00	6579.50169999	6530.59234028	6548.9374417	6576.22094078	510716.73682126	77.82756276	6562.1576561
1949	2018-10-10 08:00:00	6596.18710367	6565.01985363	6576.22094078	6581.97340066	169074.65182783	25.69313982	6580.53678967
1950	2018-10-10 10:00:00	6596.15343	6570.97340064	6584.69008168	6591.99999999	78552.1692988	11.93052953	6584.13099781
1951	2018-10-10 12:00:00	6613.54204583	6591.2917646	6593.15320452	6606.78010009	146542.75387229	22.20034415	6600.92262003
1952	2018-10-10 14:00:00	6607.03101796	6592.1	6605.82060838	6596.00726031	118518.87151355	17.96136391	6598.54519441
1953	2018-10-10 16:00:00	6622.32406546	6584.759	6592.1	6612.4538	157480.32265997	23.84142437	6605.32358369
1954	2018-10-10 18:00:00	6643.29999998	6604.5866326	6612.5538	6638.39999715	148127.91816905	22.33709008	6631.47785313
1955	2018-10-10 20:00:00	6644.99999998	6612.94962532	6638.39999715	6620.12028862	256783.93571344	38.71129084	6633.30852941
1956	2018-10-10 22:00:00	6642.73729998	6614.0	6614.03308398	6630.2	90139.17619639	13.59594783	6629.85599264
1957	2018-10-11 00:00:00	6632.77637331	6300.0	6630.2	6367.30571667	5152088.8872221	805.08809245	6399.41012112
1958	2018-10-11 02:00:00	6380.82224999	6275.98345832	6380.82224998	6340.8	1683396.0126497	266.38987431	6319.29429378
1959	2018-10-11 04:00:00	6368.54673752	6300.0	6340.8	6325.0	599802.54328067	94.78726802	6327.88090436
1960	2018-10-11 06:00:00	6327.1275738	6267.0	6324.97367333	6301.0	1040267.3657817	165.28344623	6293.83879335
1961	2018-10-11 08:00:00	6316.15789112	6289.47644898	6301.0	6303.52717667	488810.48845953	77.5636205	6302.05868819
1962	2018-10-11 10:00:00	6307.32452043	6279.95513158	6303.2	6286.07793077	402951.31889361	63.97882173	6298.19849752
1963	2018-10-11 12:00:00	6318.34850698	6221.0	6285.5	6300.56	855309.41929785	136.39373951	6270.88473686
1964	2018-10-11 14:00:00	6339.62731687	6287.0	6300.56	6299.69968219	474951.58946083	75.19208237	6316.51065498
1965	2018-10-11 16:00:00	6330.23999999	6297.2213665	6298.45025832	6313.18627	284843.74873697	45.10998727	6314.42760185
1966	2018-10-11 18:00:00	6323.1	6297.00021	6317.78495627	6302.41154483	204140.28278221	32.35235642	6309.90460577
1967	2018-10-11 20:00:00	6308.16509468	6247.5723787	6302.003473	6301.82143925	342620.85145674	54.5815207	6277.23169055
1968	2018-10-11 22:00:00	6303.00839694	6202.3498311	6303.00839694	6250.28449	692887.26226834	110.84424178	6250.99916009
1969	2018-10-12 00:00:00	6288.0	6200.0	6253.0	6276.99989998	852890.81257098	136.91989939	6229.122402
1970	2018-10-12 02:00:00	6309.0	6274.94621497	6275.66812168	6307.56477528	317239.46916367	50.43900024	6289.56695521
1971	2018-10-12 04:00:00	6326.97	6299.99999999	6306.70531704	6317.15204545	186170.20377844	29.48971717	6313.05491013
1972	2018-10-12 06:00:00	6350.0	6316.71555002	6317.15204545	6339.30905995	359262.38450184	56.73071944	6332.76623402
1973	2018-10-12 08:00:00	6345.30996999	6302.6	6332.21414614	6304.789	256639.81352879	40.57132005	6325.64612668
1974	2018-10-12 10:00:00	6324.98436622	6299.99999996	6310.87156756	6307.55815827	193695.33833709	30.69441671	6310.44206401
1975	2018-10-12 12:00:00	6333.07297867	6308.96163138	6308.96163138	6315.69961	199702.78289736	31.59146361	6321.41598004
1976	2018-10-12 14:00:00	6344.63853112	6309.97062194	6309.97062194	6340.28938513	192849.67813723	30.45901934	6331.44737801
1977	2018-10-12 16:00:00	6344.71436624	6305.56427	6340.87717548	6319.14403006	168288.59336921	26.59723388	6327.29682073
1978	2018-10-12 18:00:00	6325.0	6304.03765117	6309.57293001	6319.12612209	84114.47087022	13.32306602	6313.44697564
1979	2018-10-12 20:00:00	6330.0	6315.88674979	6324.59351858	6324.0	142409.77833968	22.51294602	6325.68381824
1980	2018-10-12 22:00:00	6318.87969998	6294.0	6313.7	6304.11076323	290610.46666512	46.12884129	6299.9732605
1981	2018-10-13 00:00:00	6326.15306625	6286.32808801	6294.06620016	6316.12444361	29972.05329234	4.74746854	6313.27054404
1982	2018-10-13 02:00:00	6320.0	6285.92233482	6317.92447175	6297.29993269	280542.2048176	44.44049256	6312.76092268
1983	2018-10-13 04:00:00	6325.70667712	6293.99798882	6299.99790118	6318.79746342	116724.87487453	18.49561664	6310.9480017
1984	2018-10-13 06:00:00	6322.76418597	6310.77962008	6311.66136719	6318.93896394	37704.22032151	5.96859726	6317.09909029
1985	2018-10-13 08:00:00	6330.0	6312.4528711	6315.9208	6325.30031335	127340.7607875	20.14352683	6321.67156537
1986	2018-10-13 10:00:00	6336.43583209	6322.536251	6328.75751557	6324.80082921	191175.4711104	30.21413565	6327.35198269
1987	2018-10-13 12:00:00	6328.85996389	6307.18610109	6324.80082921	6313.44602383	43682.86327877	6.91613615	6316.07914178
1988	2018-10-13 14:00:00	6336.43583208	6310.0003	6314.8518993	6330.0	47656.4270663	7.5330730599999995	6326.29295995
1989	2018-10-13 16:00:00	6336.43583208	6323.73591071	6329.99999999	6328.54384582	163851.84239662	25.87990299	6331.23866267
1990	2018-10-13 18:00:00	6335.21949979	6304.00000028	6328.75942981	6325.00470029	305889.73518542	48.37631675	6323.12990602
1991	2018-10-13 20:00:00	6331.99999997	6315.36599021	6323.92819006	6320.33293421	62078.09558028	9.8218186	6320.42782588
1992	2018-10-13 22:00:00	6331.57020982	6319.65398006	6320.3329342	6329.231245	23492.76841583	3.71323898	6326.75907539
1993	2018-10-14 00:00:00	6337.0	6321.01702544	6329.231245	6336.9999971	65391.72962218	10.33118818	6329.54588406
1994	2018-10-14 02:00:00	6365.11141251	6331.77	6333.59201921	6362.51999824	331456.26471487	52.18873407	6351.1075833
1995	2018-10-14 04:00:00	6420.0	6361.11444213	6361.11444213	6377.81580065	276332.82367371	43.22300449	6393.18869509
1996	2018-10-14 06:00:00	6395.63859191	6377.10010001	6377.10010001	6392.23470289	58175.43766914	9.10575793	6388.86275215
1997	2018-10-14 08:00:00	6385.90171471	6354.0	6385.0	6357.96132779	123021.64923374	19.32002344	6367.57246262
1998	2018-10-14 10:00:00	6367.19999999	6343.98334658	6359.69562696	6356.3531367	213731.73040064	33.63558458	6354.33375306
1999	2018-10-14 12:00:00	6390.65219699	6358.56993673	6362.5090625	6363.07506938	181346.39256672	28.43382386	6377.84047125
2000	2018-10-14 14:00:00	6379.99999988	6362.02958037	6362.83920978	6379.99999969	98569.58539227	15.47398399	6370.01986404
2001	2018-10-14 16:00:00	6410.70538208	6379.99999988	6379.99999988	6389.21992144	142628.09492746	22.31233251	6392.34355545
2002	2018-10-14 18:00:00	6405.70081909	6387.399	6387.95261748	6401.0	232031.77510719	36.25820469	6399.42813195
2003	2018-10-14 20:00:00	6406.25999997	6351.98504532	6403.72207068	6361.08998998	312019.75063505	48.97208882	6371.379252
2004	2018-10-14 22:00:00	6375.99695915	6311.98852599	6361.0	6342.37193126	691288.83260962	109.08832353	6336.96449115
2005	2018-10-15 00:00:00	6376.91539512	6304.48465801	6337.4564202	6375.53444877	167714.13740022	26.48426776	6332.59484158
2006	2018-10-15 02:00:00	6380.0	6360.49979053	6378.29999998	6379.99999997	228669.5457658	35.88241907	6372.74608826
2007	2018-10-15 04:00:00	6741.40694018	6375.10182914	6377.96727	6699.99999999	2711765.1262527	414.7827541	6537.79623055
2008	2018-10-15 06:00:00	7648.33502239	6672.2412868	6672.2412868	6870.94994611	11349374.427817	1589.70140937	7139.31204999
2009	2018-10-15 08:00:00	6963.91591159	6734.16989998	6870.94994611	6850.0	6078390.1109597	887.89465574	6845.84603777
2010	2018-10-15 10:00:00	7059.99999997	6837.0	6852.252207	6968.71961136	5614219.9140949	806.6066496	6960.29460813
2011	2018-10-15 12:00:00	7045.78500265	6929.0	6968.7716	6954.20033983	3481751.2240425	500.07390638	6962.47330568
2012	2018-10-15 14:00:00	6976.48309999	6880.0	6964.61590429	6903.85596621	2871633.2707091	415.37899327	6913.28477663
2013	2018-10-15 16:00:00	6950.0	6881.0	6905.6608498	6882.0	1417795.6773135	204.98430155	6916.60613321
2014	2018-10-15 18:00:00	6909.33929987	6744.3924	6882.0	6744.51600378	1735474.5533068	253.60424462	6843.23937837
2015	2018-10-15 20:00:00	6758.01848176	6660.42696249	6748.46504245	6660.44999997	1583987.8362231	235.54141683	6724.88030997
2016	2018-10-15 22:00:00	6782.18850893	6651.65144113	6660.4269625	6750.0	603542.3002258	89.85712586	6716.68823645
2017	2018-10-16 00:00:00	6747.98215709	6702.6015947	6747.60668885	6718.9405316	368855.26271251	54.74929421	6737.16927377
2018	2018-10-16 02:00:00	6764.44259999	6703.97827706	6710.85960009	6734.42167025	359261.44738053	53.29405985	6741.11614674
2019	2018-10-16 04:00:00	6854.55566318	6724.98439116	6733.81385449	6847.61317025	259037.94643755	38.07544074	6803.28162729
2020	2018-10-16 06:00:00	6890.32467676	6812.96957716	6847.61317013	6825.38002965	543128.72442987	79.22528336	6855.4974043
2021	2018-10-16 08:00:00	6832.1178995	6740.0	6825.39195614	6748.30722024	224470.39336663	33.13555572	6774.30598307
2022	2018-10-16 10:00:00	6794.69600168	6749.0	6749.0	6794.69600168	111238.46837507	16.44784774	6763.10178288
2023	2018-10-16 12:00:00	6795.76799622	6740.56079861	6794.784	6754.1664227	256394.3158211	37.9329899	6759.13806153
2024	2018-10-16 14:00:00	6753.5162	6719.84741105	6747.21485353	6725.0039766	250272.32453681	37.15114081	6736.59863681
2025	2018-10-16 16:00:00	6723.3599387	6679.45404329	6723.3599387	6712.00000001	128707.71238536	19.20818458	6700.67032359
2026	2018-10-16 18:00:00	6740.05568936	6710.01	6712.00000001	6740.05568932	206368.66520342	30.67049035	6728.57404131
2027	2018-10-16 20:00:00	6743.21124742	6708.97532178	6740.05568932	6736.20804933	102338.82746892	15.21440921	6726.44110306
2028	2018-10-16 22:00:00	6779.45404338	6710.9	6736.0	6758.7549257	83458.95036305	12.35729853	6753.81841431
2029	2018-10-17 00:00:00	6769.92436321	6732.448	6758.73892192	6752.57919913	123345.31391951	18.26379126	6753.54378308
2030	2018-10-17 02:00:00	6782.93598477	6737.79875814	6752.57919928	6770.70060001	152872.40961106	22.58645208	6768.3232882
2031	2018-10-17 04:00:00	6800.5391658	6754.76360579	6770.7526	6754.76360593	177845.64063888	26.25337012	6774.20231482
2032	2018-10-17 06:00:00	6769.92609697	6746.0	6754.76960872	6753.50317687	36089.7747892	5.34033526	6757.96050849
2033	2018-10-17 08:00:00	6772.53829249	6719.0	6747.32677064	6725.09648289	57070.85385469	8.44953179	6754.32145509
2034	2018-10-17 10:00:00	6733.0	6684.5807986	6733.0	6725.3186	210480.49591844	31.40355347	6702.4420061
2035	2018-10-17 12:00:00	6727.62202593	6700.0	6726.23888129	6718.10699996	85651.18253501	12.74890634	6718.31608537
2036	2018-10-17 14:00:00	6765.2773	6701.73464765	6718.10699999	6741.21876969	404977.30565679	60.06083744	6742.78486478
2037	2018-10-17 16:00:00	6755.1939937	6733.84238563	6754.40645897	6740.76915351	179356.01253786	26.59153282	6744.85422679
2038	2018-10-17 18:00:00	6749.69144928	6722.4172165	6740.82716493	6722.4172165	111637.53214852	16.56829355	6738.0223444
2039	2018-10-17 20:00:00	6736.7769	6710.68000027	6722.4172165	6736.7769	110588.27840189	16.44905825	6723.07658718
2040	2018-10-17 22:00:00	6753.03133913	6729.85692077	6736.77689996	6739.75026251	77335.62439372	11.46880576	6743.12792561
2041	2018-10-18 00:00:00	6748.99999997	6729.15427641	6739.75026248	6743.42966184	84195.63104452	12.4903789	6740.83882631
2042	2018-10-18 02:00:00	6791.15596619	6730.0	6733.43941391	6753.40681335	136215.65215128	20.13203553	6766.11423362
2043	2018-10-18 04:00:00	6762.51425624	6721.49228767	6748.89012046	6730.13444161	110023.06774064	16.30762504	6746.72537973
2044	2018-10-18 06:00:00	6741.99533534	6725.94486685	6730.41571039	6736.81054884	71111.54982074	10.56344541	6731.85187793
2045	2018-10-18 08:00:00	6736.81054884	6708.84049539	6736.81054884	6723.91718537	117601.01277423	17.49096367	6723.5296461
2046	2018-10-18 10:00:00	6738.86429229	6718.33083395	6723.91718537	6718.33083395	106953.6787419	15.90415511	6724.88906214
2047	2018-10-18 12:00:00	6725.18950468	6701.74185967	6718.45707438	6715.53498849	171281.63212477	25.50254745	6716.25579603
2048	2018-10-18 14:00:00	6722.54193158	6684.0	6715.65078148	6700.0	338623.32227144	50.55269949	6698.42215524
2049	2018-10-18 16:00:00	6717.44357974	6620.01654168	6698.24629314	6646.02749848	662308.66179844	99.28474223	6670.80003354
2050	2018-10-18 18:00:00	6672.72058787	6620.0	6654.02265793	6635.01654168	285916.02790855	43.1025102	6633.39621246
2051	2018-10-18 20:00:00	6646.24371591	6580.0	6639.39999999	6596.16342017	252020.92304096	38.16930958	6602.71107374
2052	2018-10-18 22:00:00	6639.71757733	6580.0	6595.55934217	6610.0	181580.3850258	27.51917916	6598.32126423
2053	2018-10-19 00:00:00	6638.31804138	6602.42849314	6619.55094417	6602.42849314	56579.39387179	8.54823045	6618.84283568
2054	2018-10-19 02:00:00	6636.00499984	6602.42849314	6602.71425417	6613.16253214	106431.95746867	16.07546065	6620.77185754
2055	2018-10-19 04:00:00	6635.61902632	6592.40765065	6616.17780022	6592.40765065	49693.71436033	7.51219426	6615.07312516
2056	2018-10-19 06:00:00	6603.57108867	6576.19269834	6594.41495092	6580.549536	219928.60048885	33.37369135	6589.8793808
2057	2018-10-19 08:00:00	6606.0836005	6576.19269836	6585.28351799	6596.16807356	115760.30137928	17.55469463	6594.26460096
2058	2018-10-19 10:00:00	6615.2450854	6586.35462079	6597.73249668	6589.45611808	65068.93604786	9.86290311	6597.34109948
2059	2018-10-19 12:00:00	6589.45611808	6550.0	6589.45611808	6581.08174474	182057.84813103	27.73010877	6565.34922531
2060	2018-10-19 14:00:00	6584.22646629	6554.75878501	6580.47164154	6571.1135067	145020.00378482	22.08539883	6566.32940618
2061	2018-10-19 16:00:00	6595.69686896	6560.57300915	6571.1135067	6568.37952501	156369.3784348	23.7829932	6574.84014395
2062	2018-10-19 18:00:00	6575.39723514	6552.00000001	6568.3197625	6558.83272523	152962.68122911	23.30674909	6563.02089315
2063	2018-10-19 20:00:00	6558.83272456	6525.75	6558.83272456	6541.26003066	166750.21775178	25.48753479	6542.42236943
2064	2018-10-19 22:00:00	6549.87999999	6528.13706268	6542.87879998	6528.13706268	136416.674199	20.87546592	6534.78464728
2065	2018-10-20 00:00:00	6546.60371009	6510.0	6531.29741432	6546.60371009	125848.51820072	19.30996499	6517.28360283
2066	2018-10-20 02:00:00	6561.1497895	6537.14848973	6543.0349	6537.18326896	42545.37945533	6.49623793	6549.23355852
2067	2018-10-20 04:00:00	6547.03874927	6537.70763633	6543.16088079	6547.03874927	20378.94348975	3.11372547	6544.87484079
2068	2018-10-20 06:00:00	6609.98308523	6547.03874927	6547.03874927	6580.0	338599.32472297	51.4093322	6586.33968256
2069	2018-10-20 08:00:00	6585.85327084	6571.32604383	6585.85327084	6583.06967349	42817.0010498	6.50797044	6579.16341885
2070	2018-10-20 10:00:00	6599.99999999	6572.66870836	6580.35449999	6599.99999999	102194.06673987	15.51969186	6584.79998583
2071	2018-10-20 12:00:00	6613.28308511	6584.10505911	6595.99558994	6612.45265692	149009.83320344	22.58421783	6597.96298127
2072	2018-10-20 14:00:00	6608.01213408	6572.0	6606.33829813	6575.93655768	153329.73887699	23.26945597	6589.31343623
2073	2018-10-20 16:00:00	6588.56671179	6570.41885323	6580.05297484	6583.28957633	91834.56328749	13.95420216	6581.14037868
2074	2018-10-20 18:00:00	6584.92302841	6562.4438391	6583.28957498	6584.78771014	133703.65379078	20.34630491	6571.39733146
2075	2018-10-20 20:00:00	6595.05806699	6578.81515954	6578.81515954	6588.68226278	103626.7211957	15.724679590000001	6590.06885339
2076	2018-10-20 22:00:00	6594.85508931	6571.87254602	6588.68226278	6592.93784549	21273.76005398	3.22937228	6587.58365696
2077	2018-10-21 00:00:00	6653.49489036	6582.87279301	6592.92093047	6628.02	128425.45535065	19.36509636	6631.80048078
2078	2018-10-21 02:00:00	6630.73214975	6615.03382955	6627.92	6621.27602553	43544.51575046	6.57213138	6625.63074788
2079	2018-10-21 04:00:00	6631.3763	6612.81279045	6621.27602553	6618.08877041	33465.54115842	5.05374192	6621.93315135
2080	2018-10-21 06:00:00	6626.92841705	6612.81279045	6618.08877041	6626.92841642	16212.07161712	2.4493318	6618.97731337
2081	2018-10-21 08:00:00	6641.83632052	6617.48152207	6624.99999951	6625.00001819	79823.51851413	12.04085905	6629.38733712
2082	2018-10-21 10:00:00	6645.19539998	6617.6757	6632.12291702	6624.4632154	97567.94671909	14.7127546	6631.52138207
2083	2018-10-21 12:00:00	6640.0	6616.16000001	6624.82716031	6637.64060293	14932.94410977	2.25460245	6623.31583547
2084	2018-10-21 14:00:00	6662.38149866	6633.98584115	6640.0	6643.40479758	188795.76635878	28.39840906	6648.11067267
2085	2018-10-21 16:00:00	6647.07452259	6623.79701607	6640.85917212	6637.08101278	82293.5599779	12.39416511	6639.70176672
2086	2018-10-21 18:00:00	6634.99999997	6624.49380157	6634.99999997	6631.99999965	68165.05190556	10.28289611	6628.97409216
2087	2018-10-21 20:00:00	6632.23830826	6623.86295165	6631.99999965	6629.1427253	64403.14730527	9.71523184	6629.09010983
2088	2018-10-21 22:00:00	6625.82733839	6575.36450002	6625.82733839	6592.24579599	212068.2635885	32.13149081	6600.01320332
2089	2018-10-22 00:00:00	6605.21174998	6559.44321535	6594.66053628	6605.21174998	135782.47286513	20.61486704	6586.62860166
2090	2018-10-22 02:00:00	6609.99999984	6588.9979193	6603.5784773	6601.0	31253.97531599	4.73872809	6595.43546757
2091	2018-10-22 04:00:00	6630.88866036	6601.0	6601.0	6618.6657403	74616.35502895	11.26523759	6623.59354898
2092	2018-10-22 06:00:00	6640.54836161	6605.7230356	6619.0893511	6621.99999996	109737.75466152	16.55311437	6629.43251696
2093	2018-10-22 08:00:00	6621.99999991	6571.76575858	6621.99999991	6590.44316027	187597.61708038	28.49313308	6583.95889822
2094	2018-10-22 10:00:00	6598.58056995	6582.75817681	6594.86962994	6596.81116	197529.35260452	29.95708188	6593.74479115
2095	2018-10-22 12:00:00	6593.00581	6549.62948001	6592.2	6577.35268375	375454.16011293	57.1563252	6568.89957146
2096	2018-10-22 14:00:00	6577.35268375	6561.1	6577.3526837	6570.49992	76502.24512171	11.64223013	6571.09885885
2097	2018-10-22 16:00:00	6586.79609	6562.66661015	6567.88691154	6576.52850011	72198.59128585	10.97740943	6577.01543758
2098	2018-10-22 18:00:00	6579.29077886	6554.10068874	6576.99999911	6561.0	69829.04001117	10.64459662	6560.04567425
2099	2018-10-22 20:00:00	6592.93159196	6560.95906769	6561.0	6578.70235769	58322.77020621	8.86133008	6581.71738098
2100	2018-10-22 22:00:00	6586.35353954	6575.03015848	6581.37503417	6581.55485034	96929.22270351	14.72289321	6583.57167446
2101	2018-10-23 00:00:00	6597.0	6574.95779002	6582.16769502	6595.29823506	93138.29735351	14.13988433	6586.92073993
2102	2018-10-23 02:00:00	6595.73637047	6573.53268877	6594.93999084	6574.56537031	49948.74696325	7.58419381	6585.90065266
2103	2018-10-23 04:00:00	6596.6709672	6574.94282	6576.79732043	6585.0	86071.27800424	13.07053339	6585.13891025
2104	2018-10-23 06:00:00	6590.0205	6564.10000194	6589.5753	6574.88465	207762.39117275	31.59816375	6575.14129037
2105	2018-10-23 08:00:00	6579.58461981	6541.24	6576.53588981	6553.82918123	170421.61883684	25.98130465	6559.39419257
2106	2018-10-23 10:00:00	6555.22591	6530.0	6553.82918123	6540.1	150478.36026957	23.0172772	6537.62645173
2107	2018-10-23 12:00:00	6584.94487495	6532.28164025	6540.09999999	6570.03509513	168894.75077349	25.79663735	6547.16149558
2108	2018-10-23 14:00:00	6578.40539983	6554.02994684	6570.0	6560.63432123	171501.82223501	26.12985395	6563.44358308
2109	2018-10-23 16:00:00	6573.99999962	6555.43264	6560.0	6562.54371	65953.7650673	10.04732523	6564.3107551
2110	2018-10-23 18:00:00	6586.0	6550.0	6561.71098	6571.70791401	194988.66821115	29.69340653	6566.73285411
2111	2018-10-23 20:00:00	6582.23452	6551.4186161	6574.60502999	6555.65975	223327.36927188	34.02082708	6564.43092187
2112	2018-10-23 22:00:00	6562.08238904	6545.098943	6555.64	6556.15443792	68358.95531584	10.43177931	6552.95259652
2113	2018-10-24 00:00:00	6570.09271996	6549.76793906	6551.80772919	6569.39265997	39827.38833425	6.07028853	6561.03711337
2114	2018-10-24 02:00:00	6584.92999988	6555.75689999	6568.0	6584.92999508	127352.74582317	19.37954713	6571.50267593
2115	2018-10-24 04:00:00	6625.0	6572.97854514	6580.99999997	6613.58999999	177239.80150404	26.82430878	6607.43219732
2116	2018-10-24 06:00:00	6618.56346661	6597.91823002	6613.58999999	6604.45016671	77729.20276124	11.7544117	6612.76844346
2117	2018-10-24 08:00:00	6618.0136667	6594.32332216	6605.85001627	6601.0	115054.13209445	17.41384405	6607.04964188
2118	2018-10-24 10:00:00	6615.61429981	6597.09091	6601.0	6609.46964364	65022.83597187	9.83700008	6610.02698414
2119	2018-10-24 12:00:00	6615.04975372	6601.9371465	6603.12102516	6604.89427998	91612.92858347	13.85877542	6610.46346499
2120	2018-10-24 14:00:00	6618.8136667	6580.08166722	6604.89428	6580.34300072	179186.91449612	27.13243759	6604.15835848
2121	2018-10-24 16:00:00	6605.36776987	6580.0	6580.01633329	6595.07892035	61362.6899095	9.30756084	6592.7788133
2122	2018-10-24 18:00:00	6600.86663652	6570.0	6595.07892035	6582.68969561	190459.59395248	28.91926263	6585.90768337
2123	2018-10-24 20:00:00	6594.30399972	6570.4	6582.68969561	6577.2944126	70565.6380399	10.71818099	6583.73264136
2124	2018-10-24 22:00:00	6580.89998984	6548.07977001	6577.29441357	6561.47398184	122530.43298681	18.66790446	6563.69509761
2125	2018-10-25 00:00:00	6576.2783367	6510.0	6563.75259352	6510.00000001	162975.79583824	24.93813295	6535.20438619
2126	2018-10-25 02:00:00	6540.90238342	6506.10595837	6510.0	6535.00000018	98420.6614829	15.09362847	6520.67603747
2127	2018-10-25 04:00:00	6549.66466523	6531.70768	6540.32727867	6540.08748204	9394.81560599	1.43588139	6542.89112695
2128	2018-10-25 06:00:00	6559.19999924	6538.13562024	6540.08748205	6554.99999987	41712.29619266	6.36591055	6552.44773941
2129	2018-10-25 08:00:00	6555.0	6544.04652668	6554.99999999	6550.561925	33232.46707044	5.07290371	6550.97533291
2130	2018-10-25 10:00:00	6559.53055043	6540.23037013	6550.561925	6547.13906423	69392.2426585	10.5887146	6553.41514809
2131	2018-10-25 12:00:00	6566.43776611	6545.0	6555.17304999	6559.61994029	75056.18438796	11.44741864	6556.60343596
2132	2018-10-25 14:00:00	6574.09999319	6540.96911468	6559.999	6545.0	90193.56038105	13.74689891	6561.01139402
2133	2018-10-25 16:00:00	6553.31034	6544.67443332	6545.0	6552.20000001	37891.14460012	5.78349155	6551.60369346
2134	2018-10-25 18:00:00	6564.53203995	6552.03831298	6552.21040523	6556.49753306	53270.90804407	8.12343545	6557.68219886
2135	2018-10-25 20:00:00	6558.37938007	6540.0	6556.49753306	6542.18619756	38468.24682134	5.87671419	6545.87675657
2136	2018-10-25 22:00:00	6563.41208522	6539.0	6545.87547999	6539.0	40333.74260048	6.15676613	6551.12468929
2137	2018-10-26 00:00:00	6544.76581999	6530.9999995	6539.0	6537.02571086	58883.7937969	9.00298084	6540.47751998
2138	2018-10-26 02:00:00	6538.15601765	6522.20282223	6532.36957551	6529.3522629	202245.20638642	30.98341917	6527.53026632
2139	2018-10-26 04:00:00	6539.84270993	6525.0	6529.31435981	6538.00884	21657.46007866	3.317327	6528.58764862
2140	2018-10-26 06:00:00	6540.23042705	6526.47257956	6538.00884	6535.68491598	121143.01801086	18.54482947	6532.44173567
2141	2018-10-26 08:00:00	6595.04900005	6526.47257955	6533.06175114	6560.88799991	233735.39912915	35.56045822	6572.90177992
2142	2018-10-26 10:00:00	6566.8715672	6552.59697793	6560.88799991	6559.0	40245.37452546	6.13542217	6559.51186574
2143	2018-10-26 12:00:00	6556.30360365	6529.19900527	6555.69599641	6537.0	25739.26657675	3.93495965	6541.1767505
2144	2018-10-26 14:00:00	6546.40000304	6520.10000083	6537.79006904	6545.42666	95691.9034034	14.64671801	6533.33418026
2145	2018-10-26 16:00:00	6555.61499933	6542.67210001	6546.22666983	6550.0	43957.05402246	6.71050799	6550.48084108
2146	2018-10-26 18:00:00	6551.86299799	6534.64471378	6546.6446059	6543.2877319	168981.26628549	25.82360765	6543.67385749
2147	2018-10-26 20:00:00	6549.99019156	6536.24570795	6545.4968595	6538.29098839	44008.7869137	6.72299576	6546.00842909
2148	2018-10-26 22:00:00	6549.95752494	6533.68130119	6538.29098839	6540.0	50048.19245224	7.65058784	6541.74469974
2149	2018-10-27 00:00:00	6546.00503915	6539.96366004	6540.0	6541.59979509	10134.4454649	1.54891653	6542.92550219
2150	2018-10-27 02:00:00	6557.98249403	6541.27345	6541.76407308	6545.0	24875.28015316	3.80100755	6544.39114522
2151	2018-10-27 04:00:00	6555.00224286	6541.3167	6550.49764	6544.52912986	39680.64242586	6.05984735	6548.12574212
2152	2018-10-27 06:00:00	6552.14249	6542.0	6550.01770418	6546.0	37341.05409253	5.70437396	6546.03894386
2153	2018-10-27 08:00:00	6548.8626535	6535.89	6545.00000001	6548.8626535	72102.24939598	11.02416716	6540.3806337
2154	2018-10-27 10:00:00	6546.45937768	6530.4620502	6546.45937768	6534.5565743	14957.52884106	2.28748703	6538.84749723
2155	2018-10-27 12:00:00	6542.15038773	6525.0	6535.02519112	6525.09293999	65744.72627783	10.06309413	6533.25164492
2156	2018-10-27 14:00:00	6525.09293999	6484.12085629	6525.09293999	6495.0	247804.88959309	38.08501823	6506.62389332
2157	2018-10-27 16:00:00	6500.58162849	6477.29618857	6495.0	6496.1	146287.22809343	22.54989374	6487.26906566
2158	2018-10-27 18:00:00	6497.99999996	6488.99999997	6497.99999996	6489.59194749	6125.48323048	0.94357389	6491.78966841
2159	2018-10-27 20:00:00	6505.40373211	6487.0	6492.64466483	6505.40373211	40120.95130761	6.17967109	6492.4088553
2160	2018-10-27 22:00:00	6507.04932349	6500.0	6505.01	6502.28201824	19163.80838698	2.94735983	6502.02536925
2161	2018-10-28 00:00:00	6504.20007996	6496.78268013	6501.53429002	6497.45762561	30163.13040866	4.64007682	6500.56703342
2162	2018-10-28 02:00:00	6503.63109999	6497.10000122	6497.45762558	6503.63109999	12739.55498375	1.95933691	6501.97264122
2163	2018-10-28 04:00:00	6510.02063798	6500.35687675	6503.6377	6510.02063791	69313.1926737	10.65115727	6507.57386419
2164	2018-10-28 06:00:00	6513.39999997	6490.0	6510.02063798	6500.66458313	82294.78162712	12.65518705	6502.84988297
2165	2018-10-28 08:00:00	6503.0135333	6488.62	6503.0135333	6493.76051344	25549.35940079	3.93545582	6492.09661329
2166	2018-10-28 10:00:00	6497.36652812	6481.60000002	6494.02209549	6497.36652812	23361.2641469	3.59935382	6490.40503245
2167	2018-10-28 12:00:00	6513.40105977	6490.09	6495.95256688	6504.65711993	49407.31523881	7.59765702	6502.96731067
2168	2018-10-28 14:00:00	6515.58002325	6490.0	6504.65711993	6490.0	197167.84000157	30.29941071	6507.31599662
2169	2018-10-28 16:00:00	6499.86404693	6472.22885821	6492.02953766	6495.98365122	99619.20010762	15.36327724	6484.2415164
2170	2018-10-28 18:00:00	6495.98365122	6470.07796	6495.98365122	6470.07796	123369.79608711	19.02608815	6484.24390313
2171	2018-10-28 20:00:00	6488.79283169	6467.40549998	6470.5389799	6472.48249304	102829.73706482	15.87377824	6477.96230425
2172	2018-10-28 22:00:00	6503.96723123	6470.9	6474.99999999	6495.0	72778.13789032	11.20511838	6495.07978605
2173	2018-10-29 00:00:00	6498.7	6478.17421001	6495.00006496	6491.02792944	97276.89493883	14.99267395	6488.29523427
2174	2018-10-29 02:00:00	6501.12914496	6486.01085625	6488.96395955	6496.68769102	55877.07308227	8.60015227	6497.21904078
2175	2018-10-29 04:00:00	6503.96723077	6496.02710043	6497.81099997	6496.1436216	23042.82945915	3.54527418	6499.59024019
2176	2018-10-29 06:00:00	6501.8174753	6491.39869787	6496.16014023	6500.41733994	53519.56738246	8.23854378	6496.24118189
2177	2018-10-29 08:00:00	6500.59999982	6486.02737631	6500.5	6490.99899238	57339.10062429	8.82550975	6496.97323424
2178	2018-10-29 10:00:00	6499.04363782	6393.0	6489.99899686	6420.66605994	531217.78771257	82.69026375	6424.18785019
2179	2018-10-29 12:00:00	6423.03388854	6318.58760872	6421.132165	6372.03547581	741227.53216599	116.46517496	6364.37057189
2180	2018-10-29 14:00:00	6380.0	6363.36633405	6367.20952006	6379.9	95673.68202938	15.01313485	6372.66520185
2181	2018-10-29 16:00:00	6379.79999	6351.1	6377.22206323	6361.69069	78601.75314329	12.34914189	6364.95667824
2182	2018-10-29 18:00:00	6367.95584858	6336.0	6361.69068999	6345.75094565	124687.4922855	19.6076081	6359.13833291
2183	2018-10-29 20:00:00	6350.74263347	6318.57108864	6350.74263347	6325.74732685	182868.25832187	28.8665567	6334.95225018
2184	2018-10-29 22:00:00	6350.0	6324.30285	6326.23278065	6350.0	43380.90116555	6.83930826	6342.87847782
2185	2018-10-30 00:00:00	6360.41378583	6349.0	6349.455315	6351.65950495	34135.6966585	5.36946894	6357.36923706
2186	2018-10-30 02:00:00	6378.02999933	6346.14855821	6351.66474983	6360.35377006	80575.16776786	12.66628527	6361.38899845
2187	2018-10-30 04:00:00	6380.0	6361.46155615	6364.06571	6373.09676873	54959.15474585	8.61650656	6378.35697833
2188	2018-10-30 06:00:00	6380.0	6371.84243001	6375.45088616	6375.37227218	5810.011503	0.91103194	6377.39605815
2189	2018-10-30 08:00:00	6377.65736196	6351.0	6375.02540882	6354.499	47155.08585913	7.40926237	6364.34283256
2190	2018-10-30 10:00:00	6362.8687642	6342.2306	6354.4979993	6362.37334829	42070.46221231	6.62574273	6349.54659827
2191	2018-10-30 12:00:00	6374.02493944	6357.55519012	6362.38986208	6360.52053298	52826.29524474	8.29504917	6368.41255092
2192	2018-10-30 14:00:00	6360.52053298	6345.84862006	6360.52053298	6357.99999991	52249.71622836	8.22001867	6356.39872924
2193	2018-10-30 16:00:00	6357.99999999	6340.00000002	6357.99999987	6344.08567313	44785.5831897	7.05781332	6345.53241338
2194	2018-10-30 18:00:00	6348.11742555	6328.98724969	6341.0	6332.3185	57388.82983536	9.05034296	6341.06686221
2195	2018-10-30 20:00:00	6348.8	6329.00651384	6337.17019	6329.68941999	71280.70751904	11.24895867	6336.64942775
2196	2018-10-30 22:00:00	6343.22898999	6323.58516072	6331.09993999	6332.23599571	50041.47640148	7.90528886	6330.12623418
2197	2018-10-31 00:00:00	6346.0	6332.23599571	6333.25433285	6335.0	39962.39829109	6.30823859	6334.95352481
2198	2018-10-31 02:00:00	6345.55283931	6334.68875999	6335.0	6337.53345	16498.49754265	2.60288806	6338.53518182
2199	2018-10-31 04:00:00	6346.35281999	6335.8440459	6337.23345	6336.26039	18536.83788912	2.9243581	6338.77153729
2200	2018-10-31 06:00:00	6340.67553	6331.16658918	6340.67553	6334.60968467	22365.73347203	3.5294026	6336.97427208
2201	2018-10-31 08:00:00	6334.60968468	6325.62102836	6333.73664743	6325.63737952	37079.13071267	5.85738112	6330.32578093
2202	2018-10-31 10:00:00	6340.97844884	6323.79998998	6327.7	6332.05262816	26223.12781414	4.14026827	6333.67842469
2203	2018-10-31 12:00:00	6341.1348	6320.0	6332.43956404	6320.06540465	99517.03350156	15.7143677	6332.86909161
2204	2018-10-31 14:00:00	6421.59824999	6250.07626637	6320.632	6389.35515415	824730.82277659	130.34662544	6327.21269148
2205	2018-10-31 16:00:00	6395.43997997	6363.0	6388.28227184	6363.0	131580.58105645	20.63621154	6376.19849948
2206	2018-10-31 18:00:00	6376.47009994	6358.21272	6363.0	6376.47009994	23857.3249481	3.74744548	6366.29007024
2207	2018-10-31 20:00:00	6377.55999988	6367.2600001	6372.43245	6367.26000016	38693.70602306	6.07313355	6371.29180586
2208	2018-10-31 22:00:00	6389.33517348	6369.0	6369.00000001	6376.30189951	98872.45824462	15.49542943	6380.74980053
2209	2018-11-01 00:00:00	6380.24369065	6356.43573149	6376.28554827	6362.09	36436.44076074	5.72791922	6361.2001778
2210	2018-11-01 02:00:00	6365.56584	6356.42839	6362.05729768	6363.0	15648.4001819	2.45934205	6362.84008639
2211	2018-11-01 04:00:00	6374.53468069	6362.09	6366.10313659	6364.5	35375.00582714	5.55585127	6367.16213376
2212	2018-11-01 06:00:00	6389.36847593	6364.5	6364.5	6389.36847593	27873.87875519	4.37263071	6374.62447753
2213	2018-11-01 08:00:00	6389.36847593	6369.55860003	6389.36847593	6369.55860003	25449.43706165	3.98724649	6382.70975358
2214	2018-11-01 10:00:00	6383.32524373	6367.13265964	6368.70000004	6373.49999991	122057.08576556	19.14048995	6376.90498437
2215	2018-11-01 12:00:00	6373.49999998	6360.10000002	6370.45909	6365.6	48552.0605592	7.62659955	6366.1478803
2216	2018-11-01 14:00:00	6370.58905106	6365.0	6365.64112	6366.0	39551.30574642	6.2122034	6366.71132603
2217	2018-11-01 16:00:00	6370.39999999	6361.00000001	6369.23169883	6370.39999999	23473.51896452	3.68665122	6367.16563725
2218	2018-11-01 18:00:00	6382.99999999	6367.98676221	6370.39999983	6382.1	106046.31042239	16.63432225	6375.15065709
2219	2018-11-01 20:00:00	6430.0	6377.0475	6382.0	6413.85249899	166108.14604535	25.90781232	6411.50800359
2220	2018-11-01 22:00:00	6420.62834662	6401.600025	6413.75	6405.26712993	49858.43887978	7.7765404700000005	6411.39065271
2221	2018-11-02 00:00:00	6449.2	6405.26713006	6405.26713006	6442.99800722	221178.66530072	34.36495435	6436.16933251
2222	2018-11-02 02:00:00	6448.68999998	6424.64144748	6448.68999998	6430.57713998	48099.90638473	7.47662859	6433.36843682
2223	2018-11-02 04:00:00	6433.10653953	6421.15345469	6427.80654001	6432.77272714	33163.94487341	5.15985514	6427.30153726
2224	2018-11-02 06:00:00	6433.10653999	6414.95671882	6430.0	6421.99999947	38848.33937167	6.04556782	6425.92069568
2225	2018-11-02 08:00:00	6422.0	6390.76992952	6421.99999964	6399.99999989	38710.77406961	6.03610027	6413.20924737
2226	2018-11-02 10:00:00	6418.98364884	6398.3	6399.91635	6418.98364884	43490.65693161	6.79132256	6403.85676683
2227	2018-11-02 12:00:00	6441.04827002	6413.85197119	6418.98364884	6426.0	85840.50968571	13.35288887	6428.60960811
2228	2018-11-02 14:00:00	6443.07099997	6421.0	6427.2092	6428.92879921	119123.09979032	18.522685889999998	6431.20012387
2229	2018-11-02 16:00:00	6433.86122557	6420.0	6428.92901791	6424.001	61503.02704894	9.56812124	6427.9105068
2230	2018-11-02 18:00:00	6432.62984362	6420.43401187	6424.41923727	6428.20000003	48193.91711848	7.49643775	6428.90913333
2231	2018-11-02 20:00:00	6447.02149999	6421.60000001	6425.93625077	6441.34705285	160862.38012833	24.9874946	6437.7154534
2232	2018-11-02 22:00:00	6440.99989961	6425.41620026	6438.16183297	6435.40757191	55940.62704002	8.69636935	6432.64157588
2233	2018-11-03 00:00:00	6441.24987459	6424.30398199	6430.44472404	6433.61470033	52629.7131974	8.17591114	6437.16795549
2234	2018-11-03 02:00:00	6432.93700436	6417.45915116	6428.27958116	6421.68634496	4403.94584161	0.68562828	6423.22665222
2235	2018-11-03 04:00:00	6418.0336	6412.1907343	6418.0336	6413.10059	54320.1017705	8.468406	6414.44231305
2236	2018-11-03 06:00:00	6419.59047267	6408.54862	6415.42396	6408.54862	36550.70804409	5.69898381	6413.54832065
2237	2018-11-03 08:00:00	6416.90200884	6345.9	6408.64861999	6373.0	265894.46958172	41.68933539	6377.99732459
2238	2018-11-03 10:00:00	6376.91872854	6356.81737661	6373.0	6368.81022499	128790.66790201	20.23976952	6363.24775214
2239	2018-11-03 12:00:00	6375.92612	6347.12790292	6368.80511248	6359.91864439	99154.50724732	15.59642466	6357.51522601
2240	2018-11-03 14:00:00	6372.55025867	6359.91864439	6359.92681999	6369.24052904	42288.66423323	6.64213441	6366.72816641
2241	2018-11-03 16:00:00	6372.55025867	6366.54862717	6372.55025867	6369.7233218	9239.89223751	1.45081173	6368.77414653
2242	2018-11-03 18:00:00	6377.57576998	6369.7233218	6369.7233218	6376.08117044	32272.90463569	5.0628474	6374.45731342
2243	2018-11-03 20:00:00	6389.97478792	6376.08117044	6376.08117044	6382.33810994	19303.98778662	3.02448237	6382.5757353
2244	2018-11-03 22:00:00	6391.5	6380.77870191	6382.33810997	6387.09989981	36489.73235749	5.71141935	6388.90792662
2245	2018-11-04 00:00:00	6387.09989981	6363.0821415	6387.09989979	6373.0	23812.32849732	3.73538689	6374.79575705
2246	2018-11-04 02:00:00	6378.00169089	6371.329254	6377.16304649	6372.46310768	50946.04749332	7.99168121	6374.88485271
2247	2018-11-04 04:00:00	6372.77457881	6358.44586552	6372.44675652	6370.82328	48497.94620273	7.6213074800000005	6363.46799154
2248	2018-11-04 06:00:00	6407.87454751	6373.0	6373.0	6390.48578323	144710.56653274	22.64773756	6389.62572527
2249	2018-11-04 08:00:00	6415.33949982	6388.75586017	6390.32952312	6393.14441031	241752.8119656	37.71274291	6410.37467209
2250	2018-11-04 10:00:00	6409.86439998	6391.84687693	6397.23615577	6408.75886997	96910.15266454	15.14816352	6397.48524872
2251	2018-11-04 12:00:00	6416.77981	6396.59999765	6401.82529545	6416.77981	184948.51385701	28.90014768	6399.56985358
2252	2018-11-04 14:00:00	6493.32999996	6400.6929	6412.91471014	6481.8200916	667885.17019799	103.51830649	6451.85564605
2253	2018-11-04 16:00:00	6492.78286999	6450.37519138	6481.8200916	6463.74291	325487.67117845	50.34661164	6464.93697541
2254	2018-11-04 18:00:00	6515.56367209	6463.74291759	6463.74291759	6477.62695338	451606.3652527	69.54135419	6494.06918391
2255	2018-11-04 20:00:00	6491.96886999	6473.48258077	6483.98364884	6477.5477302	56955.8872044	8.78539494	6483.01955613
2256	2018-11-04 22:00:00	6482.0	6467.29121063	6477.54773012	6482.0	67985.17298206	10.50632998	6470.87737692
2257	2018-11-05 00:00:00	6496.15623104	6465.0	6482.0	6471.23692	130492.61666594	20.1179186	6486.38754637
2258	2018-11-05 02:00:00	6481.85315999	6464.6767345	6471.23691998	6473.90199987	38363.65901835	5.9272743	6472.39474278
2259	2018-11-05 04:00:00	6476.39036018	6467.45975832	6471.26201834	6469.00680001	45067.1629456	6.96172598	6473.56173958
2260	2018-11-05 06:00:00	6477.89999983	6467.7399	6469.14494608	6467.96621704	33218.21756145	5.13132622	6473.6125004
2261	2018-11-05 08:00:00	6468.26907455	6441.67441	6467.96621704	6456.20596281	73789.12465129	11.42513784	6458.4887889
2262	2018-11-05 10:00:00	6464.78067984	6448.10000185	6451.35500676	6452.96729768	171078.03503091	26.5133959	6452.51312491
2263	2018-11-05 12:00:00	6491.0	6447.86574	6452.96729768	6482.4904599	186507.56610301	28.83131194	6468.92401189
2264	2018-11-05 14:00:00	6487.41499997	6464.84900849	6477.68235936	6475.25711997	97771.81013199	15.08737376	6480.37303822
2265	2018-11-05 16:00:00	6477.49859997	6450.37519142	6473.5	6451.11770999	81653.6590454	12.62434084	6467.95425442
2266	2018-11-05 18:00:00	6460.99661	6439.0	6451.11999999	6452.78254735	219889.73440872	34.08827243	6450.59777846
2267	2018-11-05 20:00:00	6464.95991722	6451.50391224	6451.51160611	6461.36221476	84507.91306972	13.08617793	6457.79948291
2268	2018-11-05 22:00:00	6472.51908749	6451.52202001	6464.20216595	6471.38864399	68288.39649863	10.56967412	6460.78542472
2269	2018-11-06 00:00:00	6479.29750972	6459.46962397	6471.38864399	6466.35617746	94208.64490192	14.5503176	6474.67962499
2270	2018-11-06 02:00:00	6468.46292009	6448.70530675	6466.00000001	6453.19992	128940.1911238	19.96422464	6458.56242598
2271	2018-11-06 04:00:00	6466.0	6449.68600032	6453.99999995	6460.44805941	120801.62507931	18.71058248	6456.32626394
2272	2018-11-06 06:00:00	6469.06174071	6456.64743856	6460.44805905	6464.8290702	106297.1573131	16.44429571	6464.07478846
2273	2018-11-06 08:00:00	6508.38133066	6464.18258736	6464.8290702	6506.27904266	610546.76372315	94.12749463	6486.38069166
2274	2018-11-06 10:00:00	6513.83	6463.7923463	6506.27904266	6466.99999875	245585.08447679	37.8822807	6482.84844362
2275	2018-11-06 12:00:00	6497.58671788	6465.17346107	6468.14952998	6484.59998	347775.82254248	53.63136406	6484.56045521
2276	2018-11-06 14:00:00	6505.33641406	6478.93027234	6483.30312474	6500.01646137	169354.46555612	26.09499102	6489.9223543
2277	2018-11-06 16:00:00	6499.36645971	6478.1	6499.36645971	6494.84651098	125537.74773809	19.33961252	6491.22352416
2278	2018-11-06 18:00:00	6500.29999999	6473.87893321	6494.99999998	6473.91360902	285238.92668602	43.93807825	6491.83892529
2279	2018-11-06 20:00:00	6491.30159999	6475.6	6480.66476	6488.10417	81356.13696313	12.54608092	6484.58570304
2280	2018-11-06 22:00:00	6525.00000001	6487.08674	6488.15674047	6518.77235989	372309.3228101	57.22887803	6505.61981339
2281	2018-11-07 00:00:00	6600.62	6509.12359	6513.1656	6590.58090002	543865.61660406	82.84502938	6564.85513583
2282	2018-11-07 02:00:00	6608.0	6577.29933	6590.69090007	6579.99999997	94135.47136524	14.28066714	6591.81188402
2283	2018-11-07 04:00:00	6589.95	6564.77294587	6580.0	6572.6531	116384.28606857	17.70129441	6574.90256773
2284	2018-11-07 06:00:00	6581.41	6565.0637352	6567.30538781	6579.31490882	99066.85271023	15.06517352	6575.88527465
2285	2018-11-07 08:00:00	6602.0	6579.75196	6579.75196	6581.31000001	191994.87232388	29.13212903	6590.48544396
2286	2018-11-07 10:00:00	6588.0	6570.0	6585.97092068	6570.88434001	70671.25793284	10.74280529	6578.4733154
2287	2018-11-07 12:00:00	6585.0	6570.2	6572.0	6574.72975	129358.5628403	19.67188453	6575.8093813
2288	2018-11-07 14:00:00	6577.71467535	6536.72646393	6574.72975	6549.65451989	136002.03865097	20.74866805	6554.73586657
2289	2018-11-07 16:00:00	6589.99999999	6537.80556764	6549.63876979	6586.0	192053.82091546	29.20935562	6575.07900598
2290	2018-11-07 18:00:00	6589.02265073	6567.59710001	6588.39999653	6575.34963975	110543.94699895	16.78957934	6584.08080157
2291	2018-11-07 20:00:00	6579.00000026	6564.64339044	6573.86125999	6575.43609	44281.64857548	6.73816849	6571.76332726
2292	2018-11-07 22:00:00	6578.99989874	6573.00000045	6578.89949	6575.4	16763.53032772	2.5494247999999997	6575.41666956
2293	2018-11-08 00:00:00	6589.0	6558.43500002	6578.9999	6560.0	136419.73407754	20.75522245	6572.7907473
2294	2018-11-08 02:00:00	6567.19492389	6504.40274572	6558.63500037	6510.22	315753.06217876	48.36462948	6528.59466874
2295	2018-11-08 04:00:00	6532.73300319	6504.4028013	6511.79859444	6521.26998	78117.11064835	11.97492588	6523.38990914
2296	2018-11-08 06:00:00	6537.31144154	6522.96540119	6525.0	6535.29948662	103713.90311935	15.87786034	6531.98232623
2297	2018-11-08 08:00:00	6539.98364884	6520.38330832	6535.3	6529.03488695	22088.36596804	3.38231851	6530.53989526
2298	2018-11-08 10:00:00	6551.60387885	6529.13488	6529.13488	6532.0277267	171492.0032151	26.22893644	6538.27514536
2299	2018-11-08 12:00:00	6556.50650651	6532.0277267	6532.0277267	6555.50647	97122.68932947	14.83373985	6547.41759742
2300	2018-11-08 14:00:00	6560.599197	6537.95946944	6553.44	6537.95946944	115481.82236807	17.62828827	6550.93793562
2301	2018-11-08 16:00:00	6537.95946944	6473.96296916	6537.95946944	6497.41627744	383203.20834536	58.95305004	6500.14219934
2302	2018-11-08 18:00:00	6527.40056701	6486.92608002	6505.67864535	6495.40501072	657766.91036099	101.0676227	6508.18623005
2303	2018-11-08 20:00:00	6514.99999997	6490.29780001	6495.40501267	6500.63210335	157503.66280108	24.2058427	6506.8448454
2304	2018-11-08 22:00:00	6514.60928987	6473.96296915	6500.63210335	6480.22842163	145893.48780125	22.49512285	6485.56083796
2305	2018-11-09 00:00:00	6488.64281431	6473.913609	6483.58925939	6479.76669382	171472.32363921	26.46628732	6478.89602217
2306	2018-11-09 02:00:00	6488.51567532	6473.68415184	6483.61523665	6486.88802393	157935.10614254	24.36888281	6481.01545622
2307	2018-11-09 04:00:00	6499.99999998	6485.16076	6487.39946159	6499.99999998	66101.30789473	10.17898392	6493.90041425
2308	2018-11-09 06:00:00	6507.59037263	6490.0	6493.19527012	6500.03834143	109905.24668224	16.9076599	6500.32277277
2309	2018-11-09 08:00:00	6511.38445298	6425.23344	6498.80483254	6435.46141519	378432.22608688	58.634623500000004	6454.07446142
2310	2018-11-09 10:00:00	6449.958211	6429.17294867	6437.80835405	6430.2929095	93803.15763698	14.56934133	6438.39385132
2311	2018-11-09 12:00:00	6451.2294	6404.0	6431.87169	6428.74830671	239845.00728885	37.33064539	6424.88241987
2312	2018-11-09 14:00:00	6437.00608954	6402.99999988	6436.25671058	6429.08808305	197717.51231644	30.81157629	6416.98790271
2313	2018-11-09 16:00:00	6446.74661532	6427.36117484	6429.08808305	6433.37570821	172145.41185775	26.74162556	6437.35779904
2314	2018-11-09 18:00:00	6446.38982041	6427.0	6433.37570821	6438.258259	198630.2296215	30.8645787	6435.53996159
2315	2018-11-09 20:00:00	6442.53361577	6392.01544092	6439.02624965	6412.40159	154707.54563712	24.11875113	6414.40946934
2316	2018-11-09 22:00:00	6431.72389	6409.43977246	6418.17118018	6419.70000001	183720.01612402	28.61311341	6420.83276613
2317	2018-11-10 00:00:00	6425.6006429	6416.00000001	6419.3	6422.52690002	333474.26334919	51.93372507	6421.15047398
2318	2018-11-10 02:00:00	6440.0	6420.10473006	6422.52690002	6439.6278746	366074.69722499	56.97856431	6424.77924212
2319	2018-11-10 04:00:00	6454.2303238	6429.31873439	6429.31873439	6444.71382199	457457.68488669	71.0435704	6439.11450833
2320	2018-11-10 06:00:00	6448.60054906	6422.71162001	6448.60054906	6435.00000001	453268.28340472	70.47628913	6431.50042376
2321	2018-11-10 08:00:00	6442.24925566	6433.62031493	6435.00000001	6435.95130627	346636.50363552	53.85575483	6436.38743398
2322	2018-11-10 10:00:00	6444.0	6421.0	6435.95130627	6444.0	261908.02906043	40.73660284	6429.30462535
2323	2018-11-10 12:00:00	6474.74250605	6442.91571177	6444.0	6458.2655673	258185.18536728	39.9713094	6459.26263719
2324	2018-11-10 14:00:00	6466.03	6450.01691478	6457.87848988	6453.0	129223.36861607	20.01381583	6456.70819166
2325	2018-11-10 16:00:00	6466.0	6454.17354	6455.07359	6460.49244523	69493.60847303	10.75283873	6462.81509636
2326	2018-11-10 18:00:00	6460.89678038	6436.37617983	6460.89678038	6450.05113979	154720.25796497	24.01441103	6442.80876893
2327	2018-11-10 20:00:00	6458.2982983	6446.4313452	6449.83421	6455.5	27620.12898695	4.28151601	6451.016164
2328	2018-11-10 22:00:00	6456.6210418	6430.14247313	6451.39737809	6437.42298	26535.92001507	4.11698544	6445.47336924
2329	2018-11-11 00:00:00	6453.1	6431.01298885	6432.02431838	6445.00000001	10032.20921136	1.55716706	6442.60302511
2330	2018-11-11 02:00:00	6446.54126026	6420.1734	6446.54126026	6429.8441	40314.66013542	6.26963631	6430.1433356
2331	2018-11-11 04:00:00	6440.37345297	6421.6719	6430.34966	6432.86728	34923.71562059	5.43245555	6428.71631422
2332	2018-11-11 06:00:00	6446.44126	6430.47852702	6432.86728	6442.0	13143.04767586	2.04079889	6440.14838515
2333	2018-11-11 08:00:00	6446.54126004	6430.01691477	6441.79036023	6430.04427195	53426.77363308	8.29581524	6440.20775384
2334	2018-11-11 10:00:00	6431.75218833	6414.00000001	6431.75218833	6414.94504717	57628.4573726	8.97527573	6420.80077606
2335	2018-11-11 12:00:00	6426.35849563	6397.91401531	6414.74999997	6409.6537669	119286.46560996	18.59881478	6413.65952728
2336	2018-11-11 14:00:00	6420.0	6353.76860126	6410.48664864	6380.96434	951771.66521647	149.26371461	6376.4436501
2337	2018-11-11 16:00:00	6406.98612278	6369.18	6386.0	6400.43249095	355582.81940626	55.68064455	6386.11176792
2338	2018-11-11 18:00:00	6433.10380917	6399.96154158	6400.79404094	6418.28344981	224514.15855348	34.99915781	6414.84460204
2339	2018-11-11 20:00:00	6438.05999999	6414.34728	6418.31727954	6414.34728	93302.48146948	14.5169199	6427.15411479
2340	2018-11-11 22:00:00	6460.5	6405.6624211	6410.6741	6457.30298	69026.41353831	10.72218129	6437.72117551
2341	2018-11-12 00:00:00	6480.90335	6454.0	6459.33219	6455.0	311429.85538218	48.15700781	6466.96855857
2342	2018-11-12 02:00:00	6477.0079	6450.84333054	6456.88134498	6453.58816209	58406.50569303	9.03544555	6464.15335799
2343	2018-11-12 04:00:00	6460.0	6450.84333093	6459.4218907	6452.0	34358.62523612	5.32429978	6453.17255898
2344	2018-11-12 06:00:00	6465.58978295	6442.790043	6460.0	6447.7999797	115642.39834502	17.93137562	6449.16490489
2345	2018-11-12 08:00:00	6455.91822606	6430.0173384	6447.0	6445.3	81867.5815635	12.70350811	6444.48611002
2346	2018-11-12 10:00:00	6448.8	6434.72824082	6445.2	6443.5808	124051.53453719	19.25921253	6441.15299854
2347	2018-11-12 12:00:00	6460.0	6440.42730001	6441.8703497	6460.0	83559.19176188	12.95417008	6450.37013145
2348	2018-11-12 14:00:00	6480.0	6450.28799999	6460.0	6457.36166997	158871.19382126	24.57522858	6464.6883468
2349	2018-11-12 16:00:00	6454.61860987	6441.19516906	6454.61860987	6448.18501562	107096.18611296	16.60720061	6448.78017842
2350	2018-11-12 18:00:00	6465.96269715	6439.8	6450.0	6459.5356502	97333.70527814	15.08807967	6451.03335924
2351	2018-11-12 20:00:00	6465.39999981	6434.72824082	6465.39999981	6437.30213212	114759.58872536	17.78955061	6450.95490275
2352	2018-11-12 22:00:00	6453.58	6427.0098	6437.32983247	6453.58	33489.54472262	5.20207544	6437.72761638
2353	2018-11-13 00:00:00	6457.45965378	6402.75162477	6453.591	6421.0	154522.19071527	24.01758253	6433.71124143
2354	2018-11-13 02:00:00	6465.0	6379.66180194	6417.60340001	6450.65923005	721237.17407485	112.71691538	6398.65961238
2355	2018-11-13 04:00:00	6465.96269714	6449.21146214	6450.65923005	6465.96269714	299558.12972608	46.39235596	6457.05792532
2356	2018-11-13 06:00:00	6469.99999999	6448.0	6465.96269714	6461.310134	142929.75276687	22.11970117	6461.64935359
2357	2018-11-13 08:00:00	6462.20953115	6432.3701849	6462.0	6445.897	208459.48966269	32.32391403	6449.07944839
2358	2018-11-13 10:00:00	6464.60629314	6444.73102585	6445.897	6457.16399999	148285.22157242	22.98117583	6452.46451571
2359	2018-11-13 12:00:00	6470.0	6443.80000001	6449.9	6445.0	140513.60140809	21.74915711	6460.64584008
2360	2018-11-13 14:00:00	6469.38382	6438.98457	6445.0	6455.48304716	217641.67721037	33.7107746	6456.14584039
2361	2018-11-13 16:00:00	6504.81076564	6455.16643729	6462.39357999	6490.83164998	345016.62666394	53.23887074	6480.53991131
2362	2018-11-13 18:00:00	6502.0	6445.31424167	6490.83164998	6457.08067688	709392.86832113	109.51385591	6477.65401397
2363	2018-11-13 20:00:00	6497.9698931	6456.98067	6456.98067	6479.56084802	135507.07692979	20.93505301	6472.73626988
2364	2018-11-13 22:00:00	6488.08559456	6463.6009801	6488.08559456	6467.65706315	209922.78412065	32.42904978	6473.29433161
2365	2018-11-14 00:00:00	6473.83999998	6439.69445147	6467.65706315	6461.82147467	322389.14485875	49.93940205	6455.60682797
2366	2018-11-14 02:00:00	6466.85210611	6445.47535694	6461.82147467	6466.85210611	108319.51059557	16.78426827	6453.63317918
2367	2018-11-14 04:00:00	6478.53221342	6460.07308391	6466.83592963	6473.02401693	130297.56794733	20.14420634	6468.24033412
2368	2018-11-14 06:00:00	6481.36881471	6466.67388007	6478.46986044	6469.41823	122803.27119428	18.98107988	6469.7726352
2369	2018-11-14 08:00:00	6478.53221342	6424.52838414	6469.41883	6428.53389998	883651.01965863	136.74509802	6462.03068668
2370	2018-11-14 10:00:00	6436.7303	6337.691301	6431.16385998	6382.73828998	819233.56010429	128.43385749	6378.64170799
2371	2018-11-14 12:00:00	6400.0	6347.29203001	6385.0	6368.10044495	264867.96961877	41.47097334	6386.82790122
2372	2018-11-14 14:00:00	6366.54893783	6193.71967601	6366.54893783	6216.38142	1084311.7801858	172.63146092	6281.07863078
2373	2018-11-14 16:00:00	6267.34715622	5840.0	6216.38142	5989.81669999	7418253.2046333	1240.65206273	5979.31799533
2374	2018-11-14 18:00:00	5999.98999988	5706.95834709	5989.7582	5830.0	5097346.7275636	871.1243707	5851.45692051
2375	2018-11-14 20:00:00	5896.36308223	5665.0	5830.0	5848.1876	2278624.5076576	393.98512645	5783.5292621
2376	2018-11-14 22:00:00	5915.72365849	5770.2665	5841.92851621	5909.42707641	868413.81931204	148.67840345	5840.88744001
2377	2018-11-15 00:00:00	5945.60624768	5837.53299981	5910.37249966	5849.96800135	1289700.7003162	218.44620059	5903.97405325
2378	2018-11-15 02:00:00	5855.40174133	5685.50761411	5849.96800135	5753.99999999	1910544.3262183	332.16691898	5751.75978416
2379	2018-11-15 04:00:00	5752.65999974	5649.67040001	5747.31414804	5749.99999996	1036040.7726375	182.48602394	5677.37052004
2380	2018-11-15 06:00:00	5777.39999999	5684.37083203	5745.82877507	5764.79434411	530719.39720783	92.48057653	5738.71203144
2381	2018-11-15 08:00:00	5786.52282473	5714.0797551	5763.61329998	5752.352	315002.54861278	54.72142921	5756.4751718
2382	2018-11-15 10:00:00	5775.1858	5519.21007169	5760.0	5601.30439998	2702577.2805053	483.54286034	5589.11629592
2383	2018-11-15 12:00:00	5645.4183751	5523.76403405	5599.95619999	5587.2202928	1837022.486837	328.66772186	5589.29996666
2384	2018-11-15 14:00:00	5709.99999995	5400.0	5590.60928564	5679.9028	2726167.0333828	490.77927198	5554.77215324
2385	2018-11-15 16:00:00	5749.22078325	5568.30114334	5679.9028	5668.29631367	1402782.4543961	247.78963499	5661.18294033
2386	2018-11-15 18:00:00	5711.46839997	5626.7715	5659.61781822	5692.22520001	356507.87479459	62.84031954	5673.2345953
2387	2018-11-15 20:00:00	5700.21180125	5594.90454799	5692.50534932	5642.48554931	261501.40679132	46.46317242	5628.14360645
2388	2018-11-15 22:00:00	5756.63545343	5633.94858618	5642.48554931	5744.79776	629985.03101502	110.8682204	5682.28685138
2389	2018-11-16 00:00:00	5779.42627999	5684.4201079	5748.46816015	5703.79948999	430491.09312228	75.137484	5729.37860312
2390	2018-11-16 02:00:00	5741.09267094	5702.47159932	5703.96994	5729.31724	216869.99382673	37.88537021	5724.37309242
2391	2018-11-16 04:00:00	5727.01371	5684.9179	5723.61803579	5684.9179	142330.97264097	24.94319008	5706.20566914
2392	2018-11-16 06:00:00	5708.80016066	5631.7261	5688.75179999	5639.93580219	333239.12782256	58.86487265	5661.08636306
2393	2018-11-16 08:00:00	5662.54498635	5565.41561416	5631.72610017	5592.95073315	579116.32185648	103.13541606	5615.10627464
2394	2018-11-16 10:00:00	5697.0	5583.91194595	5593.90943369	5666.86557449	564585.54722356	99.92512228	5650.0861279
2395	2018-11-16 12:00:00	5690.16992217	5648.31504027	5672.63381403	5672.84663396	220805.7874792	38.98702865	5663.57055474
2396	2018-11-16 14:00:00	5690.16992218	5640.98896168	5679.34467943	5654.16450999	185108.51672747	32.64883784	5669.68164792
2397	2018-11-16 16:00:00	5688.92995	5640.86429934	5654.0	5678.11896972	404954.53562645	71.47108441	5665.99120426
2398	2018-11-16 18:00:00	5677.40285067	5623.9694099	5677.40285067	5628.50515122	190363.99328676	33.72456981	5644.66780033
2399	2018-11-16 20:00:00	5643.78605598	5582.12335483	5623.9694099	5590.2052	226602.4888989	40.32127553	5619.92362395
2400	2018-11-16 22:00:00	5662.33925617	5551.00388855	5590.33539055	5648.68822567	345069.90334677	61.68474365	5594.08830982
2401	2018-11-17 00:00:00	5653.0	5602.44325455	5643.94586002	5610.0412548	248494.09873315	44.15014984	5628.38630522
2402	2018-11-17 02:00:00	5627.7594	5574.25487302	5606.7058	5583.4723	281928.14132095	50.43122989	5590.34832059
2403	2018-11-17 04:00:00	5598.68162841	5563.25670001	5578.45031936	5578.25394	145055.91355966	25.99110018	5580.98397355
2404	2018-11-17 06:00:00	5634.71598735	5582.85642005	5585.770855	5634.71598735	186255.34102366	33.27071051	5598.17744101
2405	2018-11-17 08:00:00	5637.10340998	5590.09175113	5635.62222037	5600.05830808	180986.23254748	32.27274015	5608.02186942
2406	2018-11-17 10:00:00	5625.01973783	5579.0	5605.23100852	5613.09813543	141260.78807749	25.22628943	5599.74499894
2407	2018-11-17 12:00:00	5629.0	5600.0	5609.89242834	5621.13706865	242780.23217114	43.2771248	5609.89745259
2408	2018-11-17 14:00:00	5621.49788321	5589.0	5621.03706	5602.23396937	145351.79563049	25.91773209	5608.19886268
2409	2018-11-17 16:00:00	5672.49281239	5600.72833881	5602.23396936	5605.70865716	521203.06967011	92.49290463	5635.06002709
2410	2018-11-17 18:00:00	5619.5758453	5596.03525755	5606.63223622	5609.34523313	155219.46190433	27.67293831	5609.07049932
2411	2018-11-17 20:00:00	5635.24499999	5608.55093544	5612.18620685	5617.55838	74992.56439645	13.34192	5620.82252003
2412	2018-11-17 22:00:00	5631.59957562	5592.43750319	5617.55838009	5630.39056249	205867.82299755	36.69190128	5610.71560251
2413	2018-11-18 00:00:00	5651.77925312	5630.68778852	5630.68778852	5640.59479685	174588.5337492	30.94874536	5641.21523242
2414	2018-11-18 02:00:00	5682.0	5637.68738001	5643.01127871	5674.74	169950.83840071	29.975248	5669.70583198
2415	2018-11-18 04:00:00	5682.0	5654.8069218	5674.74	5677.26313	274106.18554417	48.33359514	5671.13174077
2416	2018-11-18 06:00:00	5681.51848422	5654.91940063	5674.45337135	5661.20206052	187210.26273984	33.01522142	5670.42275313
2417	2018-11-18 08:00:00	5661.18601093	5637.82406994	5661.18601093	5652.5190966	94835.35586714	16.79165481	5647.76711647
2418	2018-11-18 10:00:00	5652.51909298	5620.99540992	5652.51909298	5630.0	198295.25653832	35.20993755	5631.79801886
2419	2018-11-18 12:00:00	5655.30389999	5623.13249001	5623.26282047	5629.73755	164468.61405811	29.16957911	5638.3608909
2420	2018-11-18 14:00:00	5649.52976738	5623.46778049	5623.46778049	5644.9381	311428.30804643	55.23463229	5638.27973745
2421	2018-11-18 16:00:00	5658.31087301	5640.27035	5645.0	5649.99999987	143532.98470425	25.41185741	5648.2681446
2422	2018-11-18 18:00:00	5757.91030889	5644.8116428	5646.69727025	5689.61081072	724633.90580426	127.06838885	5702.70790683
2423	2018-11-18 20:00:00	5690.53418799	5632.48529331	5690.53418799	5660.62519331	224765.50235158	39.73817345	5656.16088606
2424	2018-11-18 22:00:00	5659.3351292	5632.38729279	5656.34875486	5659.3351292	80824.17324209	14.30736251	5649.13157023
2425	2018-11-19 00:00:00	5659.3351292	5544.49331221	5659.3351292	5595.60071781	896238.07920265	160.03161774	5600.38129876
2426	2018-11-19 02:00:00	5600.91525857	5536.16310691	5595.82206533	5593.6716	761270.5789895	136.56686178	5574.34335875
2427	2018-11-19 04:00:00	5598.62495388	5400.0	5592.2024	5501.86617186	1043797.2290267	190.30184102	5484.95602266
2428	2018-11-19 06:00:00	5508.47986176	5441.52574	5501.86617186	5461.97217678	627703.16366753	114.78503759	5468.51032893
2429	2018-11-19 08:00:00	5464.83413839	5242.98413279	5464.83413839	5281.00467696	2055672.3987003	386.69495951	5316.00515637
2430	2018-11-19 10:00:00	5418.04279999	5278.00495784	5281.00467696	5335.32465308	663167.11448793	123.89964405	5352.45375055
2431	2018-11-19 12:00:00	5361.5285	5198.3205	5331.55788305	5220.0	1056667.346474	201.14692252	5253.21159894
2432	2018-11-19 14:00:00	5249.98999994	5167.76855362	5220.0	5207.09148807	4533284.4406775	873.33645721	5190.76514355
2433	2018-11-19 16:00:00	5225.0	5073.43100606	5207.02772331	5136.57160001	1940516.617392	377.27531816	5143.50269945
2434	2018-11-19 18:00:00	5156.32249953	5022.00000002	5142.99999999	5109.80354414	1816355.3380044	358.31513101	5069.15611652
2435	2018-11-19 20:00:00	5167.78083682	4860.45701574	5094.31353076	4944.52797869	3117166.53625	627.09101129	4970.83593948
2436	2018-11-19 22:00:00	5009.57592342	4902.5690256	4937.22067669	4925.54668795	1267108.6063683	255.08255327	4967.44520597
2437	2018-11-20 00:00:00	5025.0	4925.45984667	4927.0738	4977.64765088	934727.93692667	188.34800143	4962.77066828
2438	2018-11-20 02:00:00	5056.32269999	4942.85138397	4977.51716	4962.14790184	678725.66434933	135.74005231	5000.18714299
2439	2018-11-20 04:00:00	4973.84950342	4725.0	4960.64690911	4764.36777862	1904502.247358	394.92673304	4822.41916797
2440	2018-11-20 06:00:00	4790.62786	4635.0	4764.60967338	4704.94427202	3611877.9064372	764.4148492	4725.02321248
2441	2018-11-20 08:00:00	4711.66083238	4406.71519999	4704.94427202	4592.18312545	4888702.7119414	1068.5955063	4574.88608469
2442	2018-11-20 10:00:00	4673.79367678	4501.95522636	4594.85902343	4514.69159436	2167772.5313951	472.94649236	4583.54711666
2443	2018-11-20 12:00:00	4651.92237439	4506.81005317	4506.81005317	4600.11000017	1041886.8145544	227.37832952	4582.17287792
2444	2018-11-20 14:00:00	4958.110685	4579.96489501	4595.9207553	4945.9961751	2908487.4024492	604.69467847	4809.844548
2445	2018-11-20 16:00:00	4968.2531829	4632.42637781	4949.99999999	4653.66159765	2157502.7097268	447.70166822	4819.06336937
2446	2018-11-20 18:00:00	4769.0	4643.03696862	4643.09031782	4674.99999999	1215070.3616641	258.05808652	4708.51496285
2447	2018-11-20 20:00:00	4674.99999966	4300.0	4674.99999966	4544.0	5120911.2941581	1143.00501201	4480.21770714
2448	2018-11-20 22:00:00	4594.0	4401.92319998	4539.73437955	4570.35025856	2763154.7790551	611.76345623	4516.70453819
2449	2018-11-21 00:00:00	4577.43883696	4412.56952074	4557.26480001	4473.9495285	1223661.2096313	272.26983748	4494.29588292
2450	2018-11-21 02:00:00	4714.97938507	4473.85057123	4473.94952811	4642.23017439	1313637.7864508	287.01624635	4576.87605895
2451	2018-11-21 04:00:00	4650.32088858	4513.0	4642.2301744	4513.0	423848.71379276	92.09212957	4602.44231262
2452	2018-11-21 06:00:00	4650.89416199	4493.2898061	4506.49407345	4650.89416199	500556.0743447	109.44465464	4573.6000172
2453	2018-11-21 08:00:00	4774.99999999	4623.73373295	4650.89416198	4718.45355761	984340.63025268	208.56962793	4719.48212221
2454	2018-11-21 10:00:00	4728.22576998	4612.73670023	4721.69050362	4614.81947999	615266.29628807	131.36515102	4683.63406512
2455	2018-11-21 12:00:00	4688.18818818	4530.06883002	4614.20890286	4553.58467276	425004.24374484	92.01445047	4618.88585514
2456	2018-11-21 14:00:00	4668.7364401	4523.90502612	4564.0	4636.68341032	814091.32702115	177.12875737	4596.04267036
2457	2018-11-21 16:00:00	4656.47348998	4501.00000011	4644.35140884	4571.0	537822.09985882	117.5049396	4577.0169466
2458	2018-11-21 18:00:00	4590.0	4518.63401491	4571.0	4543.50052287	412612.9729492	90.66236213	4551.09444818
2459	2018-11-21 20:00:00	4623.18433884	4472.40681067	4535.40000017	4584.18104014	763181.96809516	167.29091168	4562.0049555
2460	2018-11-21 22:00:00	4696.68932866	4579.32081004	4579.32081004	4667.0	650121.77991032	140.05473501	4641.91217714
2461	2018-11-22 00:00:00	4720.0	4613.00000001	4667.00000001	4714.85109814	569632.03653672	122.22268897	4660.60795534
2462	2018-11-22 02:00:00	4715.44351153	4610.00000001	4715.44351153	4649.80640046	504805.54551032	108.23053787	4664.16923952
2463	2018-11-22 04:00:00	4655.18969593	4595.35951694	4645.7449589	4645.40804375	190017.27947695	41.0597849	4627.81965223
2464	2018-11-22 06:00:00	4645.40804376	4600.92601143	4645.40804375	4641.25238	167867.25883921	36.2802044	4626.96563085
2465	2018-11-22 08:00:00	4643.38202	4540.64547462	4635.93007265	4554.61443013	286784.6625645	62.42676444	4593.93763455
2466	2018-11-22 10:00:00	4594.74725494	4520.0	4554.61443013	4563.49556	355421.72920019	77.94187188	4560.08716017
2467	2018-11-22 12:00:00	4563.49556001	4461.00000001	4563.49556001	4531.1946785	641366.36318561	141.84181437	4521.70162962
2468	2018-11-22 14:00:00	4595.75115681	4531.1946785	4531.1946785	4566.0	470042.67250904	102.81703629	4571.64191334
2469	2018-11-22 16:00:00	4580.61325995	4519.64833963	4561.0	4570.1801733	340256.93129272	74.8345908	4546.78682218
2470	2018-11-22 18:00:00	4568.89616169	4492.63356272	4568.89616169	4501.54063072	242447.53629211	53.66561061	4517.74485627
2471	2018-11-22 20:00:00	4584.47888515	4494.75858211	4503.32522533	4549.25532	437400.54452148	96.52500738	4531.47382625
2472	2018-11-22 22:00:00	4555.49322999	4347.34576452	4542.6108	4360.13965852	872904.45018135	196.38130592	4444.9467636
2473	2018-11-23 00:00:00	4444.40806652	4250.39287666	4354.13216012	4298.26312402	1269523.0894222	292.69704662	4337.32797813
2474	2018-11-23 02:00:00	4374.64985369	4240.22700001	4298.26312402	4317.44424008	737485.73140192	171.65200869	4296.4002404
2475	2018-11-23 04:00:00	4382.81842063	4235.0	4322.10434865	4352.52871107	928515.8451787	215.66073752	4305.44685999
2476	2018-11-23 06:00:00	4412.25854161	4321.00030002	4354.13499997	4359.84704999	363715.74899408	83.36027849	4363.17818969
2477	2018-11-23 08:00:00	4484.32948178	4353.08495955	4359.72859369	4412.69967415	905415.77872018	204.88615646	4419.11642232
2478	2018-11-23 10:00:00	4440.0	4370.3875	4415.76734022	4391.81202323	723681.5147112	164.17705754	4407.93327371
2479	2018-11-23 12:00:00	4416.46244862	4352.7404	4391.81202321	4375.59999962	690173.84693026	157.82006319	4373.16924717
2480	2018-11-23 14:00:00	4426.74473989	4375.12368999	4375.59999963	4395.15867162	733216.12257293	166.6400799	4399.99862585
2481	2018-11-23 16:00:00	4406.23549996	4280.49600806	4398.86671205	4353.11079422	816356.03929101	188.69755663	4326.26714341
2482	2018-11-23 18:00:00	4400.0	4337.29441479	4350.0	4358.60794009	556642.2990382	127.78702979	4356.0156297
2483	2018-11-23 20:00:00	4389.204849	4323.84305227	4365.92803149	4387.54280789	293928.03496037	67.43881248	4358.44025348
2484	2018-11-23 22:00:00	4470.0	4364.91961597	4387.54280789	4421.00000004	552387.8772821	125.05026859	4417.32659602
2485	2018-11-24 00:00:00	4528.42235406	4422.49773526	4422.49773526	4494.94808594	691086.00424569	153.88588629	4490.89920399
2486	2018-11-24 02:00:00	4509.5571859	4440.0791035	4491.67107677	4445.52157169	189159.13113391	42.2691688	4475.1088442
2487	2018-11-24 04:00:00	4470.86	4397.79501217	4441.97280307	4410.7588679	286550.66264772	64.61925243	4434.44719448
2488	2018-11-24 06:00:00	4426.36199483	4358.24568118	4410.7588679	4387.84765346	121205.49997646	27.54407049	4400.4207737
2489	2018-11-24 08:00:00	4456.0	4385.91550315	4387.49802689	4440.50999387	169720.54962998	38.51190282	4406.96348926
2490	2018-11-24 10:00:00	4447.88238211	4362.95692	4447.88238211	4384.20258323	356616.08212675	81.09935199	4397.27412582
2491	2018-11-24 12:00:00	4397.17009231	4340.76770982	4388.64764299	4375.34613467	444092.02004803	101.47160745	4376.51507853
2492	2018-11-24 14:00:00	4396.49255757	4343.9608946	4375.34613467	4369.16961003	327982.06884449	74.95672421	4375.61902952
2493	2018-11-24 16:00:00	4370.08724124	4326.00031314	4370.08724122	4351.36957771	375090.71540122	86.43658662	4339.49014032
2494	2018-11-24 18:00:00	4353.05077	4260.0	4351.2908734	4276.25042	453440.15759989	105.57692106	4294.87953472
2495	2018-11-24 20:00:00	4293.55632028	3954.63648148	4276.5624128	4020.98991619	3617199.0780341	884.98384527	4087.30520604
2496	2018-11-24 22:00:00	4060.47543153	3823.33985537	4020.98991619	3933.17637901	5294135.4999825	1343.98965476	3939.11923446
2497	2018-11-25 00:00:00	3977.66999997	3873.57026858	3933.17637901	3918.61698069	1189208.7681985	303.19442155	3922.26467135
2498	2018-11-25 02:00:00	3915.62008886	3736.13507242	3915.62008886	3769.20389541	1980945.7342795	517.66643474	3826.68375104
2499	2018-11-25 04:00:00	3858.29248938	3730.40000001	3769.20389555	3819.30467538	1229832.6928664	323.48462272	3801.82737134
2500	2018-11-25 06:00:00	3865.82567638	3785.0	3811.22599332	3863.0	556764.77279585	145.47570528	3827.20105549
2501	2018-11-25 08:00:00	3873.84971061	3738.4094719	3867.93165605	3754.32824393	355144.16885642	93.24209938	3808.83926056
2502	2018-11-25 10:00:00	4035.0	3640.0	3754.32824393	3920.59580988	5242036.9716966	1362.17398801	3848.28738313
2503	2018-11-25 12:00:00	4021.64079999	3865.76844091	3920.59580957	3967.23984999	1315851.4532149	333.00403036	3951.45804028
2504	2018-11-25 14:00:00	3967.23984999	3850.00000004	3966.61154	3884.4319364	1717677.375962	438.48241916	3917.32325152
2505	2018-11-25 16:00:00	3912.83357119	3809.20915885	3883.49368819	3851.46604349	1019371.0409577	264.64738975	3851.80840786
2506	2018-11-25 18:00:00	4028.6227237	3847.15495594	3851.46604349	3953.80281583	1104869.7323187	280.79091069	3934.84863738
2507	2018-11-25 20:00:00	4228.99999999	3936.87155061	3952.57787613	4162.78360417	1426903.455199	347.57486532	4105.31254578
2508	2018-11-25 22:00:00	4229.0	4050.01120001	4162.79466073	4100.93836057	1169119.2871725	284.09290434	4115.27098815
2509	2018-11-26 00:00:00	4211.18528693	4071.40352257	4084.72511472	4078.0337374	1472359.542575	354.62143356	4151.91921084
2510	2018-11-26 02:00:00	4143.69318548	4038.41959416	4076.52152883	4115.94124	501874.28486084	122.72431714	4089.44450909
2511	2018-11-26 04:00:00	4122.77742	4037.27625577	4122.77742	4096.91155894	411573.87902565	100.91975365	4078.22912898
2512	2018-11-26 06:00:00	4191.27738338	4076.08632003	4095.02397234	4089.83864806	558784.80893706	134.8002615	4145.27985865
2513	2018-11-26 08:00:00	4098.99999998	3965.0	4085.41226742	4019.02318767	747067.6458156	185.24145457	4032.93985976
2514	2018-11-26 10:00:00	4084.73965221	4015.59426072	4015.59426072	4053.27915299	451890.05856528	111.66951661	4046.67336515
2515	2018-11-26 12:00:00	4063.92037755	3936.0090589	4046.10000011	3949.0	892543.66459427	222.21105856	4016.64827294
2516	2018-11-26 14:00:00	3962.73282546	3841.0	3943.70903511	3841.31644306	1327372.1141581	341.44767739	3887.48321354
2517	2018-11-26 16:00:00	3963.99192315	3700.40067402	3840.0	3888.97822656	1946847.095473	506.50598585	3843.68033125
2518	2018-11-26 18:00:00	3997.7091	3848.70283287	3875.0	3898.74035647	874695.12171831	222.92190958	3923.77368095
2519	2018-11-26 20:00:00	3914.04233007	3710.0	3914.04233007	3792.75924298	2066808.0518602	545.50330427	3788.809409
2520	2018-11-26 22:00:00	3879.05164188	3744.0	3787.53063521	3850.22094541	828181.59818213	217.00272748	3816.45709157
2521	2018-11-27 00:00:00	3892.0	3780.0	3864.69136605	3807.70115	571186.60355441	149.35478761	3824.36085708
2522	2018-11-27 02:00:00	3874.2163836	3773.0	3801.57447694	3805.66031	731203.81726849	191.52403294	3817.81756599
2523	2018-11-27 04:00:00	3889.99999999	3776.31793002	3815.50393747	3869.85275208	561582.42397771	146.41590636	3835.52878877
2524	2018-11-27 06:00:00	3924.75515217	3830.32597264	3854.24269804	3843.69762755	696054.21683909	179.90341574	3869.0439199
2525	2018-11-27 08:00:00	3859.0	3728.38429513	3852.19140022	3780.96238648	570681.89061694	151.04212491	3778.29622667
2526	2018-11-27 10:00:00	3846.82911997	3682.09139999	3783.47588	3754.0	849673.76397864	225.19580841	3773.04431187
2527	2018-11-27 12:00:00	3863.72263102	3741.0	3754.0	3824.52656236	520278.94221215	136.79079425	3803.46459032
2528	2018-11-27 14:00:00	3845.76	3750.54516236	3824.51629996	3778.17031003	835705.36411659	219.5244127	3806.89033095
2529	2018-11-27 16:00:00	3836.68289945	3751.59120516	3780.82331	3799.48756834	774435.42457149	204.39724391	3788.87410493
2530	2018-11-27 18:00:00	3888.90376717	3791.28087397	3797.96777331	3818.88953984	545347.17672762	142.29882324	3832.40819783
2531	2018-11-27 20:00:00	3900.0	3787.93159874	3818.98953056	3877.01930025	675687.39524986	176.1704432	3835.41860357
2532	2018-11-27 22:00:00	3941.40930272	3856.19886	3877.01930039	3880.05070957	818535.51850473	210.30623363	3892.11248937
2533	2018-11-28 00:00:00	3936.0	3878.3952076	3878.3952076	3902.0	487503.18895301	124.83450724	3905.19576462
2534	2018-11-28 02:00:00	3949.9311588	3892.98792081	3902.0	3934.01161014	985854.04270252	251.78485541	3915.46203641
2535	2018-11-28 04:00:00	4150.0	3910.5654819	3934.12259042	4066.6	2023033.4223659	498.10812058	4061.43433279
2536	2018-11-28 06:00:00	4112.73829997	4059.6292	4059.6292	4111.0	310078.55086462	75.80397522	4090.53153168
2537	2018-11-28 08:00:00	4124.13686268	4029.56686967	4111.99	4059.44045693	766205.25508275	188.34000184	4068.20244025
2538	2018-11-28 10:00:00	4110.53313372	4041.03098984	4059.44045693	4089.13296716	672905.38437264	165.16084871	4074.24271326
2539	2018-11-28 12:00:00	4235.1504423	4060.29530985	4089.0	4200.35163433	1864386.3111706	445.81057064	4182.01459084
2540	2018-11-28 14:00:00	4285.20050209	4185.36169446	4200.18055171	4248.90915298	1667994.810949	394.65482733	4226.46499026
2541	2018-11-28 16:00:00	4277.63606	4185.00000001	4248.90915298	4251.82222169	988133.07258372	234.13743016	4220.31228372
2542	2018-11-28 18:00:00	4385.0	4251.6352889	4258.5890111	4316.69681745	1811805.7728084	419.65535396	4317.36603789
2543	2018-11-28 20:00:00	4389.37055539	4250.625	4328.64131111	4250.91457374	995280.44847139	229.98834919	4327.52551151
2544	2018-11-28 22:00:00	4279.92383133	4180.0	4250.91457374	4268.44236868	1207551.9652828	284.95755937	4237.65548789
2545	2018-11-29 00:00:00	4291.54990423	4129.18757193	4267.10917617	4160.0	485951.17069775	115.36613998	4212.25127911
2546	2018-11-29 02:00:00	4200.0	4145.36014841	4160.0	4162.90903739	1158718.5250615	277.78067119	4171.34324032
2547	2018-11-29 04:00:00	4263.45270716	4128.76443259	4167.1782129	4239.0251054	631714.71620677	150.78634443	4189.46900393
2548	2018-11-29 06:00:00	4252.230927	4173.99369331	4239.72225919	4202.11019261	350999.58654408	83.26424734	4215.48981414
2549	2018-11-29 08:00:00	4400.0	4203.49202855	4212.04679395	4370.0	769822.1390298	177.27379271	4342.56032581
2550	2018-11-29 10:00:00	4452.75642059	4323.51058	4370.00000001	4391.25848771	810058.38016766	184.58295828	4388.58704896
2551	2018-11-29 12:00:00	4407.89435997	4230.99670958	4382.97811107	4288.60607798	653138.1584267	151.32615499	4316.09564433
2552	2018-11-29 14:00:00	4344.85477131	4245.02644642	4283.353781	4277.081	505932.39555166	117.78924576	4295.23418956
2553	2018-11-29 16:00:00	4385.53712972	4272.70715078	4276.17327292	4319.24183052	389388.81554301	89.81451797	4335.47742997
2554	2018-11-29 18:00:00	4350.0	4201.95353227	4316.66697705	4253.55241011	660456.09089269	155.47705621	4247.93282682
2555	2018-11-29 20:00:00	4272.53090038	4171.74718203	4253.55241006	4244.99999999	585572.73876957	139.00655771	4212.55477738
2556	2018-11-29 22:00:00	4315.21346738	4212.0	4235.93407411	4291.08389476	473340.6608889	110.82471379	4271.07496786
2557	2018-11-30 00:00:00	4312.08437081	4208.62467089	4291.08389476	4253.20299066	465845.49204687	109.63083028	4249.21977565
2558	2018-11-30 02:00:00	4335.0	4236.36475326	4242.4946	4295.38210001	727999.94831774	169.08376701	4305.55789707
2559	2018-11-30 04:00:00	4342.95999999	4267.0	4289.66570804	4309.46969999	272744.4039053	63.27921585	4310.17357344
2560	2018-11-30 06:00:00	4323.07420387	4191.61026241	4309.46969999	4225.5	612497.17176179	144.34265891	4243.35519649
2561	2018-11-30 08:00:00	4252.82651999	4195.00000001	4227.36376106	4223.46037942	385689.27429548	91.19245287	4229.39905833
2562	2018-11-30 10:00:00	4225.15740003	3992.17639867	4225.15740003	4022.72761012	1971465.2829756	484.37130365	4070.15293457
2563	2018-11-30 12:00:00	4072.35787	3950.0	4028.32341675	4039.20386344	1111393.7851304	277.4096735	4006.32671207
2564	2018-11-30 14:00:00	4053.6235376	3974.167908	4039.20386344	4041.1919	676910.81725893	168.34463934	4020.9823129
2565	2018-11-30 16:00:00	4085.0	4003.61879369	4028.3918148	4060.00000001	463835.64016022	115.01800682	4032.72194488
2566	2018-11-30 18:00:00	4074.41254	4031.57836779	4066.58110976	4033.56612434	446533.12018479	110.23329902	4050.80065782
2567	2018-11-30 20:00:00	4048.24921435	3950.4975905	4034.81988824	3997.85883714	463941.71692824	115.72935103	4008.85093365
2568	2018-11-30 22:00:00	4064.97999997	3957.0	4000.0	4040.8635	289551.7640639	72.31780261	4003.87945448
2569	2018-12-01 00:00:00	4059.67999998	4010.29853557	4049.98999999	4037.958937	232841.25046037	57.608881769999996	4041.75959168
2570	2018-12-01 02:00:00	4044.98189999	4009.4351626	4037.958937	4030.0445	113144.13555931	28.06006147	4032.21267637
2571	2018-12-01 04:00:00	4034.83259999	3975.0	4030.02456613	4000.0	332191.75492695	83.03913098	4000.42426993
2572	2018-12-01 06:00:00	4008.15839754	3965.0	3994.56	3997.91772757	187766.08715034	47.05455023	3990.39170988
2573	2018-12-01 08:00:00	4053.23977928	3996.1	3996.10000013	4038.11130001	285952.4855531	70.77352016	4040.38805624
2574	2018-12-01 10:00:00	4198.9897376	4037.60171298	4040.0	4179.31716236	1327266.7431004	319.31288804	4156.63379967
2575	2018-12-01 12:00:00	4228.38177644	4170.12291029	4176.84989959	4182.00000001	751360.72930109	178.55582546	4207.98776721
2576	2018-12-01 14:00:00	4222.58019996	4171.10000108	4182.00000002	4212.24550357	224725.65649005	53.56895787	4195.07239687
2577	2018-12-01 16:00:00	4294.87759993	4219.81857	4219.81857	4252.39340002	422840.18834911	99.15338333	4264.50590134
2578	2018-12-01 18:00:00	4285.0	4244.50712391	4252.39340001	4275.15592	366030.87352833	85.85913309	4263.1559434
2579	2018-12-01 20:00:00	4286.55275567	4172.4926239	4275.42858437	4223.30999999	503162.81927516	119.45836678	4212.03497785
2580	2018-12-01 22:00:00	4234.00000001	4184.2313953	4223.30999999	4193.0608	174429.09433338	41.43058092	4210.15323608
2581	2018-12-02 00:00:00	4290.0	4191.0	4206.8	4281.74269791	332629.28807934	78.56308352	4233.91334932
2582	2018-12-02 02:00:00	4311.32044493	4178.48986443	4279.99999998	4199.74113185	645120.86873287	151.26759597	4264.76579201
2583	2018-12-02 04:00:00	4214.990163	4117.0	4201.86208207	4158.87421305	392972.57438734	94.49265859	4158.76302192
2584	2018-12-02 06:00:00	4198.96828999	4115.01	4153.74025009	4182.90846	472572.7848895	113.43456152	4166.03880296
2585	2018-12-02 08:00:00	4250.37034999	4165.82863	4175.61953212	4208.17857653	387445.47629241	91.96055886	4213.17009265
2586	2018-12-02 10:00:00	4209.24614764	4105.00000001	4208.57779	4157.9999978	749235.91852841	180.5594421	4149.52499749
2587	2018-12-02 12:00:00	4191.30090047	4134.35430788	4157.9999954	4161.72104994	590516.27738783	141.86149967	4162.62536883
2588	2018-12-02 14:00:00	4215.16476229	4140.00000007	4161.72104991	4181.28499419	602755.49070812	144.05489361	4184.20697557
2589	2018-12-02 16:00:00	4190.89839999	4125.00000011	4175.89725001	4171.53348621	510050.96671645	122.58850505	4160.67531379
2590	2018-12-02 18:00:00	4189.22922916	4142.61	4173.32679999	4189.22922916	192182.7022337	46.11556833	4167.41480574
2591	2018-12-02 20:00:00	4245.6864294	4167.02466566	4177.35980744	4210.80820126	613389.44013565	145.50605512	4215.55954925
2592	2018-12-02 22:00:00	4219.80822681	4128.81599221	4206.41399477	4162.64871322	481593.41656643	115.8071081	4158.58252975
2593	2018-12-03 00:00:00	4174.4414658	4113.82000003	4162.90571	4139.8466	740840.98272991	178.59716564000001	4148.11164597
2594	2018-12-03 02:00:00	4139.75178998	3974.99405004	4139.75178998	4034.50095479	896092.19925393	222.64667947	4024.72743535
2595	2018-12-03 04:00:00	4054.60750793	4015.01244502	4040.23249826	4046.4523198	185424.65994974	45.91845327	4038.1294827
2596	2018-12-03 06:00:00	4037.62999985	4000.0	4037.62999985	4031.4000005	240698.64599136	59.92076051	4016.94911651
2597	2018-12-03 08:00:00	4063.43413997	3994.15790933	4029.50000016	4046.91794502	227485.58343434	56.39732804	4033.62342402
2598	2018-12-03 10:00:00	4057.89984498	4016.27351099	4040.20410018	4024.75422575	178089.38356671	44.11095276	4037.30530455
2599	2018-12-03 12:00:00	4062.5	4015.0	4025.23954386	4035.75329968	276925.80733124	68.58703381	4037.58249844
2600	2018-12-03 14:00:00	4045.75899864	3859.82984753	4035.58329638	3887.71670999	1357720.5472981	346.73881257	3915.68667272
2601	2018-12-03 16:00:00	3904.39049998	3825.79805	3885.324917	3894.34890303	643070.97643507	165.80351997	3878.51220861
2602	2018-12-03 18:00:00	3912.76975917	3870.0	3895.44378998	3870.0	382114.9603871	98.1275251	3894.06499346
2603	2018-12-03 20:00:00	3920.44044044	3849.30811233	3870.0	3920.44044041	567031.95136022	146.04402647	3882.60968329
2604	2018-12-03 22:00:00	3935.44683908	3877.75850792	3920.44044	3890.35150953	436943.74354314	111.78836073	3908.6693882
2605	2018-12-04 00:00:00	3929.70115259	3844.99999998	3890.35150953	3916.62940996	465421.822275	119.19020834	3904.86625333
2606	2018-12-04 02:00:00	3916.82941996	3832.00539156	3914.99652001	3861.89589937	495755.59500972	127.8377966	3878.00484829
2607	2018-12-04 04:00:00	3875.9999999	3802.00000001	3857.52532966	3812.7351	274744.10353362	71.44581573	3845.48907065
2608	2018-12-04 06:00:00	4026.13329659	3772.63523101	3812.73510001	4022.0	1013566.1609901	260.08663943	3897.03278573
2609	2018-12-04 08:00:00	4038.98999999	3988.19590001	4021.99999999	4018.23919999	135246.5815022	33.732385	4009.39872772
2610	2018-12-04 10:00:00	4035.1	3968.4079	4005.10000004	3993.25999995	100400.60007493	25.16447843	3989.77472766
2611	2018-12-04 12:00:00	4024.43739997	3976.38490001	3993.25999987	3995.54986999	205959.98656691	51.54960699	3995.37452549
2612	2018-12-04 14:00:00	4079.0	3990.33758045	3994.74983998	4025.02942602	376664.19130833	93.25794568	4038.95012443
2613	2018-12-04 16:00:00	4025.04909993	3942.0	4025.01958901	3958.31329303	226846.5220369	57.06454632	3975.2619913
2614	2018-12-04 18:00:00	3974.99999988	3935.12433695	3959.78259999	3954.48877392	257351.09213255	65.05499261	3955.90072041
2615	2018-12-04 20:00:00	3964.64097749	3907.84103454	3964.64097749	3949.60259859	640960.95504602	163.29981965	3925.05611102
2616	2018-12-04 22:00:00	3955.57428988	3914.0	3948.90253998	3955.57428988	104643.04172226	26.56932461	3938.49084454
2617	2018-12-05 00:00:00	3971.07320999	3916.39782485	3955.50428	3928.50479993	1081915.5206011	273.9074585	3949.93085082
2618	2018-12-05 02:00:00	3925.92136663	3872.18032425	3925.92136663	3886.51382	598882.15925348	153.79126447	3894.12338416
2619	2018-12-05 04:00:00	3914.02837171	3853.7193251	3884.73771	3907.3621887	252207.11696776	64.99903532	3880.16707826
2620	2018-12-05 06:00:00	3907.30367988	3833.66812564	3906.83659999	3844.45541948	381231.74879012	98.29406933	3878.48169669
2621	2018-12-05 08:00:00	3902.40985768	3833.75853099	3849.08066115	3893.51695497	365638.51163283	94.21585861	3880.85951799
2622	2018-12-05 10:00:00	3920.0	3871.673	3891.03029917	3916.44833332	127581.19736011	32.76074453	3894.33143814
2623	2018-12-05 12:00:00	3935.88119983	3880.33844001	3916.44833332	3883.64336	239003.32360722	61.15775149	3907.98088197
2624	2018-12-05 14:00:00	3898.78448	3846.44833324	3889.86029	3883.0	447431.04824238	115.53147136	3872.80662987
2625	2018-12-05 16:00:00	3883.0	3745.0	3883.0	3780.77712001	888396.39695609	234.05803387	3795.62445376
2626	2018-12-05 18:00:00	3805.0	3769.62229998	3787.10000001	3777.04909987	450878.83532276	119.12807826	3784.82421531
2627	2018-12-05 20:00:00	3822.10795479	3775.0	3777.04909853	3795.70784931	337386.63437968	88.93714572	3793.54016421
2628	2018-12-05 22:00:00	3812.03942364	3755.0	3797.81403632	3769.80974367	565239.96180747	149.37011144	3784.15706032
2629	2018-12-06 00:00:00	3810.00000005	3761.47058959	3766.01548	3783.60214503	1086564.5722189	287.08697491	3784.79230051
2630	2018-12-06 02:00:00	3796.0833846	3737.0	3784.53756958	3773.14599049	618129.70583852	163.99840593	3769.1202078
2631	2018-12-06 04:00:00	3887.96529994	3683.0876	3773.14599048	3862.1472	858806.46670227	227.1022606	3781.5848439
2632	2018-12-06 06:00:00	3880.0	3845.72520038	3873.83068966	3857.0	403575.10558582	104.59711942	3858.37686375
2633	2018-12-06 08:00:00	3884.15871897	3853.35097582	3856.99999997	3858.11031448	114438.97095257	29.61134511	3864.70018594
2634	2018-12-06 10:00:00	3865.8816176	3790.52650004	3864.21378292	3814.39999719	248921.44819074	65.17373317	3819.35230779
2635	2018-12-06 12:00:00	3828.79999996	3717.0	3814.39999975	3719.21331518	585130.38857169	155.51852294	3762.44821202
2636	2018-12-06 14:00:00	3773.7132	3604.17001048	3726.19570746	3694.72410004	2018925.2148918	547.7002106	3686.18666894
2637	2018-12-06 16:00:00	3702.5168	3610.91119955	3691.32990026	3671.47842403	724810.57967075	198.31193503	3654.90145391
2638	2018-12-06 18:00:00	3686.94658996	3617.42587324	3671.47842403	3685.8	376840.44695234	103.18257863	3652.17124785
2639	2018-12-06 20:00:00	3696.23328	3656.67397954	3690.58110481	3661.90470787	525447.12291027	142.75336555	3680.80374767
2640	2018-12-06 22:00:00	3678.5752404	3498.76887275	3661.53044803	3508.71528995	1773003.6257435	496.53540327	3570.74966672
2641	2018-12-07 00:00:00	3530.0	3359.00000001	3502.32689393	3401.9488903	3229198.3395423	940.28505583	3434.27593528
2642	2018-12-07 02:00:00	3436.09753139	3345.45	3410.31409	3370.63015663	1035618.7991584	305.9903579	3384.48180611
2643	2018-12-07 04:00:00	3449.99999999	3365.8596	3368.98653	3443.19975499	1154565.1554222	339.17867856	3404.00275254
2644	2018-12-07 06:00:00	3439.0	3376.86261021	3439.0	3393.20239329	922885.18252389	270.86524476	3407.17460204
2645	2018-12-07 08:00:00	3423.18124953	3349.15569999	3395.77613587	3370.28243871	484971.39877808	143.35627139	3382.97999854
2646	2018-12-07 10:00:00	3439.99999999	3365.47781757	3370.28243872	3395.70507036	465310.65942312	137.0725467	3394.63058522
2647	2018-12-07 12:00:00	3419.28651038	3375.27	3395.90507	3409.05974	319862.56107645	94.26392043	3393.2660515
2648	2018-12-07 14:00:00	3438.0	3323.0	3404.59998999	3323.0	744729.68784976	219.13768714	3398.4555444
2649	2018-12-07 16:00:00	3366.09758761	3227.02	3323.0	3266.5772092	995796.86822607	304.39614208	3271.38465494
2650	2018-12-07 18:00:00	3530.0	3238.18481588	3260.71	3495.3975	1978896.3315186	581.14629634	3405.16035976
2651	2018-12-07 20:00:00	3486.42680606	3320.0	3482.24374503	3410.54219161	1284365.4153208	378.75100461	3391.05480827
2652	2018-12-07 22:00:00	3427.3722	3374.39322168	3408.97512859	3401.58695244	483780.86293835	142.30357105	3399.63965323
2653	2018-12-08 00:00:00	3494.37943613	3395.25053	3401.27624507	3450.01	668855.21036023	194.26363485	3443.02839219
2654	2018-12-08 02:00:00	3465.45694921	3401.47147	3451.63839986	3450.0	163766.6461155	47.61084359	3439.69217445
2655	2018-12-08 04:00:00	3488.00179997	3411.9978	3450.0	3431.74397	347341.98133687	100.63981686	3451.33757367
2656	2018-12-08 06:00:00	3443.18999988	3405.70047387	3431.63179251	3433.9697	440580.03216958	128.56039673	3427.02763351
2657	2018-12-08 08:00:00	3418.83080043	3365.0	3418.83080018	3390.56458506	932127.8171724	276.20005049	3374.82855458
2658	2018-12-08 10:00:00	3413.20000044	3372.92023	3386.28767289	3404.35000019	299666.70958254	88.28902257	3394.15593082
2659	2018-12-08 12:00:00	3409.1414	3320.12104456	3404.55000047	3326.07053873	742228.24480274	221.4532762	3351.62458437
2660	2018-12-08 14:00:00	3395.73033505	3302.9428895	3326.07053873	3363.48944219	719078.26070363	214.85726527	3346.77191297
2661	2018-12-08 16:00:00	3431.23335836	3358.99039	3366.08291802	3376.57784551	454571.53548492	133.95915137	3393.3593251
2662	2018-12-08 18:00:00	3434.26173308	3355.52270136	3381.24716976	3380.66916	491052.73614013	144.76875174	3391.98017692
2663	2018-12-08 20:00:00	3379.24614	3280.76414009	3379.24614	3308.56	336129.53800504	100.72158148	3337.21465713
2664	2018-12-08 22:00:00	3485.0	3280.76414009	3311.57999999	3409.25100337	701505.14137283	207.07363688	3387.70860425
2665	2018-12-09 00:00:00	3450.40865898	3400.7	3407.0319	3426.2645	334295.88900689	97.38825843	3432.6097868
2666	2018-12-09 02:00:00	3449.99999999	3406.0329677	3428.67594938	3417.00000001	349514.42347317	102.21808193	3419.3013298
2667	2018-12-09 04:00:00	3427.8400001	3413.34324	3416.1902455	3413.35	145551.44749055	42.52988098	3422.33376009
2668	2018-12-09 06:00:00	3453.5467428	3403.64012	3414.64986537	3425.37115245	268244.12195615	78.11372069	3434.02054833
2669	2018-12-09 08:00:00	3441.4346791	3417.50000009	3419.76644246	3419.0531	119456.54758888	34.82180991	3430.50943927
2670	2018-12-09 10:00:00	3466.98951247	3396.37583288	3421.90034	3441.0	418331.41650776	121.96365839	3429.96776277
2671	2018-12-09 12:00:00	3498.01992161	3436.46300002	3443.59469188	3480.0	234251.18754695	67.42898593	3474.04286622
2672	2018-12-09 14:00:00	3599.85899999	3480.0	3480.0	3580.00000027	1279213.7545071	361.32331412	3540.35763682
2673	2018-12-09 16:00:00	3655.93707439	3556.01048755	3577.13657305	3564.5538603	1275349.3317891	353.28290302	3609.99448568
2674	2018-12-09 18:00:00	3599.69781588	3558.72117217	3565.0	3578.36668999	432520.5089503	120.7964311	3580.57357333
2675	2018-12-09 20:00:00	3606.10873488	3536.44546338	3571.57100001	3543.11346041	346561.48445737	96.78363868	3580.78585579
2676	2018-12-09 22:00:00	3567.98866155	3516.12431183	3542.7324	3549.01083	367461.28247468	103.70339611	3543.38716241
2677	2018-12-10 00:00:00	3609.99999999	3549.01083	3549.01083	3569.57138	276067.16541583	77.16297882	3577.71524165
2678	2018-12-10 02:00:00	3577.28088	3526.40097929	3570.26456229	3544.61346	212254.62907459	59.89638997	3543.69652629
2679	2018-12-10 04:00:00	3553.21648	3528.80000061	3547.67817	3533.2101	459265.26643171	129.59247914	3543.91913388
2680	2018-12-10 06:00:00	3540.0	3478.12	3540.0	3503.48	423957.86102521	121.1381295	3499.78873518
2681	2018-12-10 08:00:00	3512.75334979	3461.75810001	3503.48	3506.62344	217267.55848629	62.28122013	3488.49232614
2682	2018-12-10 10:00:00	3536.09999998	3487.4099	3506.62344	3515.0	308477.26679097	87.89630719	3509.55889562
2683	2018-12-10 12:00:00	3514.99999999	3483.90000001	3514.99999999	3512.33999991	181171.02556749	51.75716803	3500.40453261
2684	2018-12-10 14:00:00	3512.33999991	3415.30180002	3512.33999991	3429.99162924	678567.97493449	196.80454991	3447.92828847
2685	2018-12-10 16:00:00	3518.10973786	3401.37666247	3423.09534469	3436.00850847	737439.73610112	213.57791191	3452.79026986
2686	2018-12-10 18:00:00	3453.0	3382.60550002	3438.7702219	3402.36802633	709513.82015318	207.5010912	3419.32573004
2687	2018-12-10 20:00:00	3448.27339927	3387.01	3401.20138011	3427.34685807	605856.40286501	177.17055189	3419.62248467
2688	2018-12-10 22:00:00	3446.76626999	3407.51244818	3427.34685808	3441.26999997	155458.29025511	45.29826721	3431.88161115
2689	2018-12-11 00:00:00	3438.25148	3394.56063529	3438.25148	3406.60455016	186159.36455232	54.59156498	3410.03897984
2690	2018-12-11 02:00:00	3416.39999	3395.94931579	3405.94931579	3411.04108688	170916.93338223	50.17040623	3406.72811375
2691	2018-12-11 04:00:00	3450.0	3411.00362946	3411.68314684	3443.40909717	271709.3692674	79.20279695	3430.55270433
2692	2018-12-11 06:00:00	3459.26619998	3394.2519	3446.92	3423.47566176	316408.29211878	92.2759922	3428.93405505
2693	2018-12-11 08:00:00	3439.83301571	3405.99840001	3419.6063	3416.56213	163176.46803979	47.65111049	3424.40011076
2694	2018-12-11 10:00:00	3422.72677001	3360.74693588	3418.08448991	3377.02741489	569991.08076314	168.51387051	3382.45794864
2695	2018-12-11 12:00:00	3394.9049695	3362.85613	3377.4518929	3379.51456	252337.95215681	74.7419971	3376.12001214
2696	2018-12-11 14:00:00	3379.81406001	3347.42686999	3376.44223025	3357.3947581	311657.40684977	92.77642677	3359.23054702
2697	2018-12-11 16:00:00	3404.42138845	3320.9599	3356.46691997	3379.50000012	532677.90632707	158.67472478	3357.0432031
2698	2018-12-11 18:00:00	3383.10721	3357.40576	3379.50000012	3368.85868005	242092.47364826	71.80376819	3371.58452475
2699	2018-12-11 20:00:00	3424.92969997	3368.19902	3368.75868048	3407.19240935	602730.22721494	177.42651905	3397.0695612
2700	2018-12-11 22:00:00	3411.73308123	3372.27906722	3408.06998999	3380.0	156715.55460311	46.26152328	3387.60039643
2701	2018-12-12 00:00:00	3380.70937	3358.06050001	3380.70937	3371.44861021	288483.51186281	85.57405146	3371.15640712
2702	2018-12-12 02:00:00	3386.41207969	3369.48876994	3370.10056999	3369.48876994	415009.54659603	122.7618869	3380.60579774
2703	2018-12-12 04:00:00	3397.05920878	3363.40010004	3366.496	3382.0876654	204755.0783823	60.55615146	3381.2432502
2704	2018-12-12 06:00:00	3425.0	3375.88669	3382.0878	3401.50000001	398380.01251851	117.06953133	3402.93505912
2705	2018-12-12 08:00:00	3418.67840226	3393.95741994	3401.50000001	3405.33167503	145768.70019025	42.80465835	3405.44010416
2706	2018-12-12 10:00:00	3476.98089717	3405.78687002	3405.85646805	3439.12588296	467823.1089885	135.71023842	3447.22044876
2707	2018-12-12 12:00:00	3441.24600135	3410.0	3441.23595553	3421.0	184155.04118681	53.75864145	3425.58956513
2708	2018-12-12 14:00:00	3480.0	3407.08684351	3416.00000145	3456.0	525779.75490752	152.90257867	3438.65852022
2709	2018-12-12 16:00:00	3487.75565403	3437.03000019	3456.0	3449.37304853	266414.45167787	76.93143459	3463.01161674
2710	2018-12-12 18:00:00	3465.0	3444.18941488	3453.5095	3449.0	168446.51977171	48.74713171	3455.51653733
2711	2018-12-12 20:00:00	3475.90404481	3449.0	3450.85110417	3453.78004244	235447.14009481	68.07776745	3458.50266414
2712	2018-12-12 22:00:00	3457.55343989	3427.48995498	3457.55343989	3445.92009044	283990.88656377	82.56187968	3439.73378106
2713	2018-12-13 00:00:00	3456.42971488	3391.8197472	3450.37282016	3395.99099325	279960.99526269	81.99064684	3414.54795214
2714	2018-12-13 02:00:00	3408.48934999	3391.65689104	3391.81974715	3400.67701998	193232.69106799	56.83318146	3399.99778481
2715	2018-12-13 04:00:00	3400.7331175	3364.48249904	3400.7331175	3388.36087181	285621.90667504	84.54211378	3378.45712514
2716	2018-12-13 06:00:00	3403.81951247	3370.10927564	3388.37135934	3403.81951247	518657.67029062	153.46135856	3379.72812933
2717	2018-12-13 08:00:00	3421.70017866	3385.54132501	3401.34909017	3406.00000002	226961.18061472	66.82193821	3396.50699597
2718	2018-12-13 10:00:00	3412.47036999	3381.02000003	3406.0	3384.68219999	98447.73445749	28.95048105	3400.55608359
2719	2018-12-13 12:00:00	3432.7578	3383.52	3383.9	3414.71585999	327302.7350275	95.7825204	3417.14473226
2720	2018-12-13 14:00:00	3428.43306205	3400.69464056	3414.80539	3417.01254722	157301.28792021	46.07306218	3414.17046051
2721	2018-12-13 16:00:00	3425.35203428	3383.52646	3417.01254722	3383.74815	194936.98466554	57.41584159	3395.17769429
2722	2018-12-13 18:00:00	3399.61407517	3320.0	3385.1	3344.99049998	444684.05546544	132.30536051	3361.04337535
2723	2018-12-13 20:00:00	3352.92122991	3252.11	3343.31049753	3300.34501479	932074.84534677	282.33109803	3301.3538071
2724	2018-12-13 22:00:00	3306.99999999	3277.298	3297.92999998	3301.05664	246125.20682455	74.67474416	3295.9631746
2725	2018-12-14 00:00:00	3339.98	3244.29908829	3301.05663999	3314.90220364	372970.72242712	113.51211008	3285.73508292
2726	2018-12-14 02:00:00	3308.14124999	3269.82265321	3308.14124999	3289.92612301	200580.03969487	61.03479996	3286.32255412
2727	2018-12-14 04:00:00	3307.64903678	3284.05653325	3289.92612301	3295.36075402	197676.88000939	59.98750523	3295.3009006
2728	2018-12-14 06:00:00	3318.54999995	3293.06522891	3297.35734624	3307.99617077	59904.21994811	18.11148604	3307.52649538
2729	2018-12-14 08:00:00	3320.23720001	3285.18204001	3307.99617067	3296.53938	115443.46819179	34.92333494	3305.62554779
2730	2018-12-14 10:00:00	3306.41879985	3281.44203795	3294.02951	3285.45039	205382.46529249	62.28055016	3297.69831455
2731	2018-12-14 12:00:00	3307.0	3275.0	3285.51270998	3275.31722034	82454.10694262	25.04956567	3291.63818761
2732	2018-12-14 14:00:00	3292.75415	3258.39010044	3288.00502999	3261.88489526	242310.76357513	74.03792094	3272.79265136
2733	2018-12-14 16:00:00	3266.12934	3204.9	3261.88489526	3215.83253155	993479.833742	308.51831564	3220.16484396
2734	2018-12-14 18:00:00	3229.20421737	3204.62614	3215.83253155	3219.4884	233992.68997874	72.73779594	3216.93401559
2735	2018-12-14 20:00:00	3225.24181995	3180.0	3218.45304385	3193.64961001	750163.52357226	234.37515785	3200.69554492
2736	2018-12-14 22:00:00	3274.35986058	3197.81855507	3197.81855507	3221.65719735	320640.04277379	99.02818428	3237.8665236
2737	2018-12-15 00:00:00	3247.0	3218.70029271	3221.3268	3234.908856	176780.07295769	54.68574741	3232.65350352
2738	2018-12-15 02:00:00	3263.25063782	3225.34730001	3231.18034947	3256.88373081	177705.2197422	54.73774243	3246.48426941
2739	2018-12-15 04:00:00	3263.9	3243.97264995	3256.98361086	3249.00000001	117308.98811752	36.07243973	3252.0392021
2740	2018-12-15 06:00:00	3259.21671542	3220.09300002	3249.03009	3229.6	236622.82946831	73.05516363	3238.96104958
2741	2018-12-15 08:00:00	3235.84597389	3187.97153365	3231.88745987	3190.13795415	288958.22898136	89.97025405	3211.70849223
2742	2018-12-15 10:00:00	3216.48720999	3172.85705335	3193.72183411	3204.69999999	437776.18926307	136.95592972	3196.47488179
2743	2018-12-15 12:00:00	3208.09189231	3168.22136001	3204.75441993	3172.0747226	133696.74284704	42.0143524	3182.16835937
2744	2018-12-15 14:00:00	3202.51962076	3157.76630959	3172.17472013	3177.4311	475899.53836319	149.69901572	3179.04253461
2745	2018-12-15 16:00:00	3193.96065344	3170.0	3177.32248	3186.54021998	276783.67108669	86.98446669	3181.98963124
2746	2018-12-15 18:00:00	3206.76051696	3179.17466443	3186.0	3204.19562156	184014.56184887	57.65082267	3191.88093641
2747	2018-12-15 20:00:00	3237.96736728	3200.0	3200.80861874	3236.09470027	240217.52442802	74.5815933	3220.86876666
2748	2018-12-15 22:00:00	3243.46851661	3205.92781995	3236.96812955	3216.14473831	147302.22182696	45.63040256	3228.15959454
2749	2018-12-16 00:00:00	3222.48973313	3208.19211841	3212.08935712	3219.92129771	41734.0316587	12.9758911	3216.27480818
2750	2018-12-16 02:00:00	3282.99999981	3219.92129713	3219.92129713	3273.55608073	170282.61446816	52.1976272	3262.26734053
2751	2018-12-16 04:00:00	3286.50874859	3265.00020022	3273.55608073	3270.34309975	127030.4392537	38.78374004	3275.35299903
2752	2018-12-16 06:00:00	3282.53968481	3249.54913006	3270.22917	3252.0	105821.72095453	32.37212893	3268.91447835
2753	2018-12-16 08:00:00	3260.78999986	3243.71912959	3252.0	3257.0	112799.23915881	34.65981675	3254.46726889
2754	2018-12-16 10:00:00	3272.99597769	3255.0	3257.0	3270.86885762	244023.67470316	74.74682247	3264.66954232
2755	2018-12-16 12:00:00	3292.52816974	3253.23000001	3266.91572755	3253.23000001	172057.98120092	52.63847042	3268.67364929
2756	2018-12-16 14:00:00	3254.12827333	3221.6779	3254.12827333	3244.6372905	149012.33676364	45.97559165	3241.11841557
2757	2018-12-16 16:00:00	3251.79494772	3228.0	3238.34826429	3228.0	38003.11890171	11.71869929	3242.94684599
2758	2018-12-16 18:00:00	3266.84792238	3222.43000002	3227.4782906	3257.80468315	91038.85964649	28.10334738	3239.43117577
2759	2018-12-16 20:00:00	3259.05181739	3230.58802916	3257.80468315	3233.207	147930.52288988	45.6535606	3240.28445855
2760	2018-12-16 22:00:00	3237.43839625	3216.03371	3233.11	3223.74476605	334590.26676342	103.69597958	3226.64647287
2761	2018-12-17 00:00:00	3253.40334999	3225.03477991	3225.03477996	3232.78792626	131435.47299137	40.55135126	3241.2106849
2762	2018-12-17 02:00:00	3244.942983	3221.0	3233.55426	3242.48060702	97754.15496232	30.25621816	3230.87817669
2763	2018-12-17 04:00:00	3244.05953607	3237.40605757	3237.84336552	3243.0	59716.1470497	18.42960729	3240.22894845
2764	2018-12-17 06:00:00	3281.0	3242.99999993	3242.99999994	3277.76527339	140103.21815367	42.99102778	3258.89436443
2765	2018-12-17 08:00:00	3288.2193766	3264.57499313	3274.7690753	3268.92762434	114544.86329643	34.95715206	3276.72183076
2766	2018-12-17 10:00:00	3277.59	3256.22069873	3267.99999999	3269.62192174	102589.41291619	31.40761915	3266.38617292
2767	2018-12-17 12:00:00	3456.80350649	3270.01603183	3276.89999	3400.85417999	1210490.1427859	356.91072171	3391.57685425
2768	2018-12-17 14:00:00	3439.09941894	3400.12983767	3400.6	3419.95174943	565364.58629843	165.63177843	3413.38233313
2769	2018-12-17 16:00:00	3469.10250378	3418.99195828	3419.0	3454.33900329	612991.06305502	177.97021793	3444.34630796
2770	2018-12-17 18:00:00	3575.74009854	3426.76397886	3446.95857916	3532.1758975	1098494.4315528	312.85191202	3511.22812214
2771	2018-12-17 20:00:00	3590.0	3486.88683001	3532.71470456	3498.23532	745947.42731757	211.30773166	3530.14734225
2772	2018-12-17 22:00:00	3520.7576	3480.00804181	3496.58587573	3505.39827	806135.59098551	230.13736735	3502.84528005
2773	2018-12-18 00:00:00	3547.61197	3487.38844371	3507.22476	3496.14020177	430296.6300188	122.39629314	3515.6018126
2774	2018-12-18 02:00:00	3542.91147	3495.7598613	3500.73044	3532.50182357	258839.76998732	73.65804225	3514.073441
2775	2018-12-18 04:00:00	3532.55007452	3481.22	3532.55007452	3487.7723328	278532.24580499	79.38225615	3508.74690785
2776	2018-12-18 06:00:00	3523.2	3490.30010049	3491.18927882	3515.35487575	438206.88195448	124.88318505	3508.93422344
2777	2018-12-18 08:00:00	3515.35487575	3438.99757592	3515.35487575	3456.72770137	279631.53382266	80.66064053	3466.76559949
2778	2018-12-18 10:00:00	3498.90661888	3447.29329026	3454.84323	3492.18135653	220406.17983193	63.42416194	3475.11379086
2779	2018-12-18 12:00:00	3549.0391661	3472.46694118	3493.86241	3540.04999997	279167.68919337	79.69697451	3502.86432966
2780	2018-12-18 14:00:00	3570.91692773	3513.61690001	3539.19725239	3514.00000045	356212.71617306	100.56909914	3541.96984182
2781	2018-12-18 16:00:00	3541.4097	3498.64303002	3514.00000045	3524.90455288	427490.02670393	121.35912804	3522.52058504
2782	2018-12-18 18:00:00	3532.94999999	3484.61340881	3524.90455289	3528.60101498	305206.75326184	87.23706169	3498.5904769
2783	2018-12-18 20:00:00	3560.0	3503.00000052	3532.22121979	3543.54587453	373669.02871715	105.55711125	3539.97020468
2784	2018-12-18 22:00:00	3676.1169	3530.14445565	3543.5039163	3650.80698101	1218356.7812549	336.45750748	3621.13121023
2785	2018-12-19 00:00:00	3700.0	3625.40268977	3652.26730381	3679.0560963	1155687.683419	315.13992548	3667.22078028
2786	2018-12-19 02:00:00	3746.6940501	3662.12991489	3683.03209758	3730.71701988	1149568.9980648	309.23855032	3717.4181449
2787	2018-12-19 04:00:00	3736.25419	3690.0	3730.61701	3725.0	1029998.3625307	277.41965184	3712.78082031
2788	2018-12-19 06:00:00	3747.0	3669.0	3725.89999998	3703.99999995	653814.15841445	176.30909095	3708.34059033
2789	2018-12-19 08:00:00	3753.33923249	3692.1221058	3703.99999979	3728.30999997	312959.79555481	83.83749959	3732.93331844
2790	2018-12-19 10:00:00	3824.27857658	3715.89331	3728.30999965	3813.0	654292.09925205	172.56694842	3791.5261598
2791	2018-12-19 12:00:00	3918.05665828	3779.9792	3813.00001513	3845.0	1605006.0645782	416.68735696	3851.82328613
2792	2018-12-19 14:00:00	3866.73337828	3715.00000011	3847.0	3745.30804173	1269299.2624394	336.07713533	3776.80933632
2793	2018-12-19 16:00:00	3810.99198969	3732.50291493	3748.99999994	3770.99999999	1103662.4658665	292.26722073	3776.21021991
2794	2018-12-19 18:00:00	3797.63371487	3740.0	3770.99999997	3748.67489001	480830.95932236	127.42061486	3773.57274449
2795	2018-12-19 20:00:00	3765.13549997	3635.00804172	3750.0	3638.98331556	1034959.2389342	280.77989226	3686.01622646
2796	2018-12-19 22:00:00	3713.6252	3646.32911487	3646.32911487	3667.66418872	460495.27493941	125.07936571	3681.62464148
2797	2018-12-20 00:00:00	3735.27791486	3642.61780001	3664.4652	3727.91999999	412903.55637205	111.65282671	3698.10213085
2798	2018-12-20 02:00:00	3758.3126179	3690.9195	3727.92587475	3707.511548	384828.92651644	103.20068012	3728.93789138
2799	2018-12-20 04:00:00	3735.07	3670.5667	3707.26250001	3686.19954376	97047.61103106	26.18123888	3706.76160421
2800	2018-12-20 06:00:00	3733.79999996	3663.96899781	3679.23156024	3733.7724546	169827.44250703	46.03173655	3689.35554544
2801	2018-12-20 08:00:00	4036.38644419	3729.89941491	3729.89941491	4024.2916392	2010775.1939674	510.57466345	3938.2588638
2802	2018-12-20 10:00:00	4075.0	3955.85341489	4024.2816432	3970.44012922	1671376.6661796	415.51186339	4022.45233756
2803	2018-12-20 12:00:00	4060.9477937	3925.00000001	3972.02837612	3983.71921487	829570.21331729	207.89720521	3990.29035758
2804	2018-12-20 14:00:00	4030.0	3947.82761991	3985.09909999	3992.55529989	471958.72370034	118.12204554	3995.51769987
2805	2018-12-20 16:00:00	4118.0	3969.92880012	3992.5553	4024.0	1499509.2687191	370.60100895	4046.1553868
2806	2018-12-20 18:00:00	4041.43614266	3988.9737515	4023.99999999	4009.33000002	561411.92353498	139.86454709	4013.96876632
2807	2018-12-20 20:00:00	4020.44129135	3863.61176183	4009.33000002	3974.64646957	1395361.9175797	355.5139172	3924.91503165
2808	2018-12-20 22:00:00	4071.204431	3973.58411489	3974.99999998	4050.65495005	1078313.5541473	267.89723748	4025.10143176
2809	2018-12-21 00:00:00	4134.09420667	3983.90000002	4050.0	4118.2124	956283.71566847	235.92541157	4053.33070865
2810	2018-12-21 02:00:00	4145.28045897	3956.420145	4116.46906148	4028.332	750590.19661253	186.32997064	4028.28484346
2811	2018-12-21 04:00:00	4028.26219999	3880.0	4015.55319	3914.66480328	371250.76107223	94.37732436	3933.6860161
2812	2018-12-21 06:00:00	3995.92637	3914.6648033	3914.66480331	3980.58088226	475396.87022959	120.10712319	3958.10720965
2813	2018-12-21 08:00:00	4036.46999996	3941.08149447	3980.58088224	3948.1992	278549.75259787	69.96798849	3981.10276727
2814	2018-12-21 10:00:00	4008.75	3924.663202	3951.53488596	3994.431	385914.16506849	97.02063845	3977.65023229
2815	2018-12-21 12:00:00	4068.37199997	3951.81846016	3998.68596016	4008.36111497	375751.67060705	93.43035991	4021.7298849
2816	2018-12-21 14:00:00	4031.77425403	3929.29396572	4008.36111497	3943.14181001	544040.61983046	136.63073239	3981.83198109
2817	2018-12-21 16:00:00	3975.0	3893.33	3945.96903494	3915.38530018	915893.28658689	233.01078187	3930.69058537
2818	2018-12-21 18:00:00	3933.74390204	3800.16909999	3915.68530022	3804.80770997	772018.12269004	199.36349588	3872.41465285
2819	2018-12-21 20:00:00	3855.4015197	3766.65025975	3804.99999999	3843.16226985	748898.26649543	196.66437788	3808.0016044
2820	2018-12-21 22:00:00	3857.61630998	3801.98597	3853.29	3836.54005694	461550.90845104	120.54905071	3828.73946939
2821	2018-12-22 00:00:00	3869.779	3808.40006	3838.87314884	3825.234	456772.50345381	118.96285484	3839.6229148
2822	2018-12-22 02:00:00	3842.59251	3800.36454999	3820.91921	3815.00000001	150881.62832316	39.50884878	3818.93254251
2823	2018-12-22 04:00:00	3830.53237644	3788.99999999	3815.00000001	3817.44498503	175367.35937366	46.07304949	3806.28938858
2824	2018-12-22 06:00:00	3841.78	3815.57399414	3817.54498003	3841.78	436915.93385061	114.15075869	3827.53420883
2825	2018-12-22 08:00:00	3926.64037549	3826.61739312	3838.45916014	3925.06971934	686235.91840837	177.01728911	3876.66042033
2826	2018-12-22 10:00:00	3926.24771146	3861.71000005	3925.06971934	3874.3034562	388214.08762516	99.75425433	3891.70457172
2827	2018-12-22 12:00:00	3879.46449626	3817.52193245	3874.3034562	3828.04991345	451492.47112187	117.53243293	3841.42878579
2828	2018-12-22 14:00:00	3835.24433717	3788.73501031	3828.69420533	3824.06417855	571740.05169939	149.89306668	3814.31953033
2829	2018-12-22 16:00:00	3869.749833	3797.79953809	3826.36220953	3838.80764243	489781.4204294	127.97276963	3827.23154187
2830	2018-12-22 18:00:00	3887.99999999	3834.1415	3834.14150001	3875.21631004	512800.85114443	132.85293873	3859.91349567
2831	2018-12-22 20:00:00	3901.19696951	3864.76108281	3878.9205342	3873.00048412	333397.80170116	85.81335211	3885.15066133
2832	2018-12-22 22:00:00	3974.26390019	3825.0	3868.87399891	3948.86444059	599160.18827329	153.44420317	3904.74306552
2833	2018-12-23 00:00:00	3992.99999999	3927.34811488	3948.86444098	3962.27378	742577.47133665	187.1868456	3967.03875721
2834	2018-12-23 02:00:00	3995.0	3941.96668716	3966.90053044	3983.50224769	374265.1953276	94.58139702	3957.06985855
2835	2018-12-23 04:00:00	3994.4442814	3952.17900002	3983.50224769	3981.24489999	251853.4308184	63.3509247	3975.52888156
2836	2018-12-23 06:00:00	3984.51686395	3938.97000008	3977.7221	3960.0	137192.873025	34.60946399	3964.0276736
2837	2018-12-23 08:00:00	3990.0	3942.82640006	3960.0	3972.17222379	321886.06782261	81.0361849	3972.12761459
2838	2018-12-23 10:00:00	4020.0	3948.99999992	3970.19209568	3993.10101045	465155.15714373	116.41476315	3995.67155021
2839	2018-12-23 12:00:00	4006.65619983	3972.3550885	3993.10101045	3998.00000003	218026.86396834	54.67330418	3987.81210022
2840	2018-12-23 14:00:00	3999.45661486	3875.9544	3998.00000003	3904.7584	469764.10449329	119.53736405	3929.85162611
2841	2018-12-23 16:00:00	3956.0	3894.0961	3904.85850045	3932.37147914	346299.43147239	88.12660803	3929.56723529
2842	2018-12-23 18:00:00	3965.06580873	3922.0	3932.37147865	3932.56962008	148744.00221502	37.74419094	3940.84489588
2843	2018-12-23 20:00:00	3951.06530465	3906.36919548	3927.86363993	3935.14186731	281185.89756368	71.60017328	3927.16783608
2844	2018-12-23 22:00:00	3941.4729545	3894.04712	3931.65717724	3929.1	353011.88571204	90.02014678	3921.47645098
2845	2018-12-24 00:00:00	4172.22482324	3929.88782482	3929.88782482	4144.83480238	1200577.9419303	294.44946312	4077.36502287
2846	2018-12-24 02:00:00	4150.46541	4111.51090005	4144.83480238	4142.38765112	300603.68881921	72.7443688	4132.32933047
2847	2018-12-24 04:00:00	4200.0	4116.7566459	4142.38765112	4174.24214371	730023.63852022	175.5271997	4159.03426801
2848	2018-12-24 06:00:00	4192.92662739	4125.47427151	4175.07234455	4158.02232907	1152793.15036	277.76985374	4150.17373137
2849	2018-12-24 08:00:00	4193.11792	4156.74381	4159.6	4164.04181	404128.07154366	96.83640388	4173.30730336
2850	2018-12-24 10:00:00	4168.36676892	4064.4665	4163.89174055	4100.91332963	533860.07569619	130.12020336	4102.8223282
2851	2018-12-24 12:00:00	4121.42788114	4080.67061488	4100.91332962	4116.99151112	358755.08064339	87.42782984	4103.44259144
2852	2018-12-24 14:00:00	4200.0	4024.59754024	4116.99151112	4024.59754024	1555136.4917883	376.69193497	4128.40400183
2853	2018-12-24 16:00:00	4077.2122145	3992.00000001	4021.92641829	4055.49353001	1005600.2081991	248.6785742	4043.77502739
2854	2018-12-24 18:00:00	4061.86330523	3965.0	4056.38324031	4012.00869003	964242.69642972	240.54638083	4008.55208505
2855	2018-12-24 20:00:00	4052.15504777	3998.86443357	4014.42527	4052.14999985	359004.810197	89.33731741	4018.53134395
2856	2018-12-24 22:00:00	4062.02862218	3989.9367	4047.35250686	4010.26812838	478534.80987791	118.68423371	4031.99982777
2857	2018-12-25 00:00:00	4021.32094026	3764.32666819	4010.26812838	3806.0	845927.76740238	219.81102105	3848.43200018
2858	2018-12-25 02:00:00	3826.2844323	3710.34087839	3806.0	3713.15942088	531540.16393207	140.31003298	3788.32612781
2859	2018-12-25 04:00:00	3782.39864724	3716.9536	3717.15361049	3768.85473179	245936.92094829	65.49847638	3754.84949484
2860	2018-12-25 06:00:00	3791.09350154	3735.11651156	3770.35497999	3746.55033	175362.97764292	46.61947566	3761.58193888
2861	2018-12-25 08:00:00	3781.03857099	3728.02215886	3750.69016481	3780.39999999	237096.78457128	63.1661463	3753.54202305
2862	2018-12-25 10:00:00	3777.90104	3686.05241616	3774.94097124	3743.63014872	361407.40381068	96.87735403	3730.56642008
2863	2018-12-25 12:00:00	3760.08126598	3717.88427591	3740.73485004	3733.01384	659449.16477682	176.30346269	3740.42094644
2864	2018-12-25 14:00:00	3738.22476914	3650.9	3732.12833062	3685.80634211	1169814.6271392	315.9853985	3702.1160873
2865	2018-12-25 16:00:00	3725.73271488	3666.0	3685.80634211	3677.38769	491758.29634066	133.01821003	3696.9246258
2866	2018-12-25 18:00:00	3723.54923653	3666.0	3675.81737003	3705.56552109	530141.14133823	143.23163401	3701.28529917
2867	2018-12-25 20:00:00	3776.11999999	3710.87488713	3710.87488713	3752.36097874	348031.65447933	92.82093445	3749.49526786
2868	2018-12-25 22:00:00	3778.49	3700.22544	3752.36097874	3740.67841508	406277.3889438	108.56093285	3742.39036343
2869	2018-12-26 00:00:00	3838.99999999	3719.86472369	3740.99041045	3797.70500439	389761.90239087	103.03959014	3782.64220443
2870	2018-12-26 02:00:00	3828.02066817	3781.1327	3800.0	3797.0	179907.7873273	47.28287368	3804.92498287
2871	2018-12-26 04:00:00	3799.00000001	3776.55843332	3797.0	3793.1142	186376.39338033	49.1783062	3789.80912076
2872	2018-12-26 06:00:00	3798.89026999	3708.83874361	3793.1142	3744.27776	486624.09389622	129.71395043	3751.51702868
2873	2018-12-26 08:00:00	3743.01743044	3692.00000002	3741.57712	3695.71384088	79501.90621032	21.39835203	3715.32845608
2874	2018-12-26 10:00:00	3726.10646	3690.0	3692.21477724	3717.01810991	78611.85305135	21.16526861	3714.19113548
2875	2018-12-26 12:00:00	3748.68108699	3712.23900572	3718.13759769	3735.66977	291595.84542495	78.10097978	3733.5747419
2876	2018-12-26 14:00:00	3733.51414001	3654.98767951	3733.51414001	3704.24759999	648537.73365601	175.62151993	3692.81471834
2877	2018-12-26 16:00:00	3741.79539803	3694.59871	3704.24759999	3730.19991078	618391.0310069	165.87924706	3727.95899407
2878	2018-12-26 18:00:00	3787.98141	3717.8559	3731.8	3768.67786999	285965.11226956	76.30513105	3747.65246235
2879	2018-12-26 20:00:00	3785.85822	3718.64791	3768.77788	3744.93338998	323565.82643849	86.42646539	3743.82806213
2880	2018-12-26 22:00:00	3799.0	3746.41729001	3748.88589996	3779.9112	207447.69891392	54.97101571	3773.76506936
2881	2018-12-27 00:00:00	3818.04322075	3732.06729689	3780.10669	3733.70018655	796726.47659427	210.83266077	3778.95186487
2882	2018-12-27 02:00:00	3733.39112756	3691.99999998	3732.0417282	3708.73260548	327254.24467524	88.22383704	3709.36308887
2883	2018-12-27 04:00:00	3724.63875999	3671.45475411	3708.73260548	3700.0	326902.14986911	88.41120123	3697.51960522
2884	2018-12-27 06:00:00	3730.46488141	3697.81504784	3700.0	3726.22908999	249961.03614877	67.36976688	3710.2850095
2885	2018-12-27 08:00:00	3744.64262	3703.194258	3726.22908997	3724.91614991	117749.27053364	31.58043837	3728.55085651
2886	2018-12-27 10:00:00	3750.90699336	3699.08971845	3724.91614992	3722.8	159330.58020568	42.79205239	3723.36850669
2887	2018-12-27 12:00:00	3762.2135	3719.08431004	3725.98043995	3734.60652996	113769.48365915	30.4844247	3732.05283612
2888	2018-12-27 14:00:00	3734.70653	3700.51000026	3730.22	3709.06342003	171659.43497955	46.18224717	3717.00048175
2889	2018-12-27 16:00:00	3738.83319796	3710.76301752	3714.97357999	3720.76038	50072.91075347	13.44948166	3723.03647228
2890	2018-12-27 18:00:00	3740.30211021	3570.0	3716.75267018	3576.91500988	1268829.0677709	349.2856111	3632.64053098
2891	2018-12-27 20:00:00	3586.23914997	3555.0	3574.3719	3567.0	455684.41737677	127.58182412	3571.70326196
2892	2018-12-27 22:00:00	3569.31997999	3535.0	3567.0	3565.27114442	200979.41447326	56.58951809	3551.530765
2893	2018-12-28 00:00:00	3601.0	3550.04000001	3565.27114442	3550.04000001	343896.88086106	95.94878024	3584.17147149
2894	2018-12-28 02:00:00	3581.0	3551.26518001	3551.26518001	3569.06341483	54534.32006802	15.25158507	3575.64933859
2895	2018-12-28 04:00:00	3573.31069865	3557.21228	3566.94861245	3564.24031159	31344.39388857	8.79596925	3563.49516439
2896	2018-12-28 06:00:00	3578.45857211	3543.31272861	3564.23486279	3563.93639999	347802.49167895	97.59045376	3563.898704
2897	2018-12-28 08:00:00	3605.98	3553.30202579	3563.93640029	3592.9999	189802.35258168	53.07871873	3575.86537736
2898	2018-12-28 10:00:00	3605.40794999	3576.18815	3591.41481488	3605.40794999	123466.24148737	34.41913906	3587.13915743
2899	2018-12-28 12:00:00	3620.0	3567.0	3605.99999992	3581.78113751	316900.88740589	88.42522012	3583.82921722
2900	2018-12-28 14:00:00	3803.81716126	3576.2913389	3581.78117678	3771.60041	909413.41451584	243.13697505	3740.33367129
2901	2018-12-28 16:00:00	3845.0	3779.68	3779.78859999	3809.21028976	1494504.7559979	391.86564324	3813.81930715
2902	2018-12-28 18:00:00	3890.00000011	3794.80947	3810.69999997	3821.7350825	638162.38153774	166.72957877	3827.52950163
2903	2018-12-28 20:00:00	3856.66143992	3805.01	3816.03000009	3829.75088001	409019.57481227	106.58150736	3837.62235066
2904	2018-12-28 22:00:00	3848.0	3796.01240001	3829.65088403	3840.41160444	600299.76692892	156.828977	3827.7350169
2905	2018-12-29 00:00:00	3866.0	3833.35694	3833.35694006	3852.67890911	209324.39420468	54.44712564	3844.54444094
2906	2018-12-29 02:00:00	3861.39725956	3821.0	3842.18010021	3833.23054095	365327.37741145	94.99432154	3845.78121606
2907	2018-12-29 04:00:00	3846.58449999	3815.537	3831.94854154	3826.787	134302.15495584	35.05781625	3830.87623022
2908	2018-12-29 06:00:00	3864.74383999	3826.69996999	3826.787	3860.00000002	94080.0546932	24.4933053	3841.05181154
2909	2018-12-29 08:00:00	3889.09999998	3832.7370089	3860.00000034	3837.4	239263.67869044	62.10644528	3852.47742986
2910	2018-12-29 10:00:00	3843.17055921	3776.71018943	3837.22681489	3806.31581557	618576.0024173	162.78831688	3799.87958763
2911	2018-12-29 12:00:00	3834.3288	3781.00000001	3806.26	3824.69941306	528328.80003173	138.7678937	3807.28413428
2912	2018-12-29 14:00:00	3836.6221046	3801.00173	3831.85599	3826.35016062	216984.91380879	56.80073246	3820.10767135
2913	2018-12-29 16:00:00	3826.35016063	3756.36271312	3826.35016063	3784.91061241	351320.80839631	92.71358918	3789.31299611
2914	2018-12-29 18:00:00	3802.29979998	3777.83274382	3792.37697857	3796.39999994	86984.4884128	22.9414014	3791.59437107
2915	2018-12-29 20:00:00	3875.75020515	3796.39999995	3796.39999995	3859.38561699	796857.49134208	207.97950341	3831.42318486
2916	2018-12-29 22:00:00	3876.68638459	3672.11	3859.385617	3691.74981487	634405.76090466	168.41708648	3766.87291155
2917	2018-12-30 00:00:00	3717.09469997	3658.59997073	3693.70323	3713.33593	245515.55530694	66.49915197	3692.01031943
2918	2018-12-30 02:00:00	3724.48430461	3700.2545	3701.75460001	3717.2299999	161574.05567245	43.46127343	3717.65580989
2919	2018-12-30 04:00:00	3746.71563507	3709.92089	3717.22999992	3733.0	56247.95440316	15.07347618	3731.58478717
2920	2018-12-30 06:00:00	3741.49979997	3721.1	3726.91010002	3727.81000001	93490.80364914	25.05489849	3731.4381332
2921	2018-12-30 08:00:00	3815.77483086	3729.01721489	3733.67621488	3795.45000017	263470.85018272	69.67975191	3781.16802888
2922	2018-12-30 10:00:00	3807.00469996	3776.4731	3803.11456	3790.37283999	88470.48832957	23.30880611	3795.58214659
2923	2018-12-30 12:00:00	3820.0	3727.14	3790.47284963	3763.98831484	341528.0768615	90.19780489	3786.43446232
2924	2018-12-30 14:00:00	3811.23125599	3747.82068152	3763.98831476	3771.0	168157.14228452	44.45266141	3782.83632409
2925	2018-12-30 16:00:00	3790.6001	3765.36991	3771.0	3790.6001	35689.63132499	9.44136121	3780.136204
2926	2018-12-30 18:00:00	3805.07065647	3740.0	3790.6001	3788.19	196809.70890488	52.06270929	3780.24331789
2927	2018-12-30 20:00:00	3816.14641323	3755.40000001	3775.43420001	3794.95999999	80202.51909331	21.1723846	3788.07208581
2928	2018-12-30 22:00:00	3804.2291991	3782.47373937	3795.91749991	3798.24	63414.25369126	16.70893876	3795.22928428
2929	2018-12-31 00:00:00	3809.09050002	3750.01000005	3798.96999999	3763.04989996	151215.42867	40.00271299	3780.12933042
2930	2018-12-31 02:00:00	3768.1166	3727.0	3759.73681489	3742.8628152	124454.64123929	33.27977973	3739.64738495
2931	2018-12-31 04:00:00	3765.82999996	3735.83233996	3742.8628152	3746.41151489	83586.63138778	22.26775439	3753.70726314
2932	2018-12-31 06:00:00	3765.61135277	3746.61151003	3746.61151003	3755.29466425	32854.26472725	8.74071466	3758.76184102
2933	2018-12-31 08:00:00	3789.83281488	3748.29	3753.85128602	3777.89999928	69751.1286653	18.5753634	3755.03440569
2934	2018-12-31 10:00:00	3780.43651432	3700.0	3771.69	3725.3950198	148916.19835876	39.91706979	3730.63952695
2935	2018-12-31 12:00:00	3744.0	3715.85305	3723.15970001	3733.10272556	143653.70617575	38.53768007	3727.61686522
2936	2018-12-31 14:00:00	3784.99	3726.40000001	3733.26803999	3747.7	277818.14828499	74.08249285	3750.11878781
2937	2018-12-31 16:00:00	3787.52234641	3724.73759998	3750.51101491	3736.0794999	174529.85519096	46.53058668	3750.86298376
2938	2018-12-31 18:00:00	3749.20334575	3642.0	3736.0794999	3686.60267776	199687.52923719	54.25373646	3680.62261268
2939	2018-12-31 20:00:00	3686.5327	3659.61000002	3669.79970001	3674.44679995	69198.68659637	18.85071548	3670.87852287
2940	2018-12-31 22:00:00	3698.99999997	3660.01000001	3674.44679995	3696.22229999	39339.4581685	10.67652219	3684.66973312
2941	2019-01-01 00:00:00	3711.42000003	3684.1585	3696.20229991	3700.24999998	38071.26238342	10.28938632	3700.05180089
2942	2019-01-01 02:00:00	3700.43719947	3674.11000001	3685.7185	3692.00000003	27097.40483944	7.3524094	3685.5136004
2943	2019-01-01 04:00:00	3706.93949993	3699.11649999	3699.11649999	3703.40619998	6625.47148744	1.78935506	3702.71481359
2944	2019-01-01 06:00:00	3725.47863624	3689.1391001	3703.40339982	3720.95255	32101.79827886	8.64049552	3715.27283412
2945	2019-01-01 08:00:00	3729.42959998	3699.0	3722.22999999	3706.11429998	38535.9073184	10.37822988	3713.14836575
2946	2019-01-01 10:00:00	3718.31052225	3702.90000002	3705.51269986	3713.50132428	47340.86742172	12.76651835	3708.20501908
2947	2019-01-01 12:00:00	3742.04999998	3704.70132144	3713.31051148	3714.17301416	114093.70983845	30.67382621	3719.57867457
2948	2019-01-01 14:00:00	3716.5495	3667.99593217	3709.1537	3685.68145793	237361.44191081	64.34048863	3689.14577686
2949	2019-01-01 16:00:00	3700.30999937	3676.37030734	3685.68145785	3686.4914984	63814.20277639	17.30326299	3687.98664236
2950	2019-01-01 18:00:00	3701.77263227	3638.95819695	3685.00491903	3701.33065007	364971.09449184	99.55728725	3665.94053105
2951	2019-01-01 20:00:00	3729.20512824	3695.0000003	3697.00000076	3703.7825	395666.21874008	106.51195426	3714.75879387
2952	2019-01-01 22:00:00	3812.0	3697.29450196	3706.94332907	3795.55974532	563619.17333758	149.69160776	3765.20221655
2953	2019-01-02 00:00:00	3808.70875567	3763.75791224	3796.24838735	3769.35798347	181494.81313887	47.95832029	3784.42806256
2954	2019-01-02 02:00:00	3790.0	3764.22876829	3767.7400461	3775.80691489	159441.55238758	42.21187818	3777.17266471
2955	2019-01-02 04:00:00	3778.43204999	3767.59102	3775.80691489	3774.03001	347856.14290392	92.21743611	3772.12984417
2956	2019-01-02 06:00:00	3774.76709378	3751.41443611	3774.1433	3769.37572204	161158.3870885	42.80304179	3765.11528968
2957	2019-01-02 08:00:00	3799.0	3769.82801491	3770.5	3774.49980766	182407.67256837	48.28475643	3777.74863238
2958	2019-01-02 10:00:00	3800.77811493	3771.9743508	3778.65540725	3786.68535702	309930.25763818	81.85491084	3786.3367568
2959	2019-01-02 12:00:00	3844.31279	3780.43846881	3786.76418525	3821.74381472	309769.11198554	81.21055038	3814.39493435
2960	2019-01-02 14:00:00	3828.78	3790.67724361	3824.20501427	3801.0	317705.13483612	83.31657801	3813.22832051
2961	2019-01-02 16:00:00	3860.45133478	3800.98116914	3801.69656997	3822.99999702	252948.1263235	66.17497955	3822.41336595
2962	2019-01-02 18:00:00	3827.09999998	3799.55404081	3822.99999995	3825.57962	389457.61504367	101.96612722	3819.48030843
2963	2019-01-02 20:00:00	3878.69452049	3816.47610998	3827.0	3860.42749998	430083.05250844	111.91820625	3842.83368112
2964	2019-01-02 22:00:00	3885.54389999	3841.75821684	3859.81607028	3858.89981478	315704.07424086	81.67809427	3865.22331431
2965	2019-01-03 00:00:00	3861.97671467	3818.88564822	3856.00000016	3838.14691481	256107.92363018	66.75217221	3836.69797028
2966	2019-01-03 02:00:00	3844.99999998	3828.80711489	3838.14691478	3839.57501492	51272.01851027	13.36107931	3837.41592431
2967	2019-01-03 04:00:00	3849.99999433	3802.01091992	3839.57501492	3825.27	128444.85137342	33.56799619	3826.40806577
2968	2019-01-03 06:00:00	3832.62359985	3820.0	3830.6	3827.08884033	322977.9646701	84.37391604	3827.93616592
2969	2019-01-03 08:00:00	3830.67069996	3787.03957749	3827.08884033	3804.85862736	261189.77131982	68.58036025	3808.52142461
2970	2019-01-03 10:00:00	3822.69914998	3790.17094145	3805.27142138	3808.41472966	154036.92775712	40.46589105	3806.5868256
2971	2019-01-03 12:00:00	3826.30666972	3797.96445648	3802.81768322	3819.2331492	149774.75037567	39.29959792	3811.10134206
2972	2019-01-03 14:00:00	3816.11999999	3786.10000001	3812.39260999	3803.99590185	191677.28808577	50.41449062	3802.02766562
2973	2019-01-03 16:00:00	3803.99590185	3731.00000003	3803.99590185	3750.97248366	528815.44900555	140.57829551	3761.71475893
2974	2019-01-03 18:00:00	3769.88156651	3738.25304489	3750.97248358	3750.27578776	150695.52385231	40.12461052	3755.68814
2975	2019-01-03 20:00:00	3779.7	3750.97577997	3750.97577997	3771.97302	25172.86260245	6.67310856	3772.28429241
2976	2019-01-03 22:00:00	3778.18513437	3756.12000001	3771.97302	3761.85757117	46982.20818324	12.47444629	3766.27604071
2977	2019-01-04 00:00:00	3772.96992599	3737.71591645	3763.83092408	3761.07280005	63564.55635186	16.95734677	3748.49657874
2978	2019-01-04 02:00:00	3781.33695432	3752.57529198	3761.07280024	3779.66020004	21009.89314881	5.5759684400000005	3767.93616658
2979	2019-01-04 04:00:00	3790.6241373	3766.6758	3781.85	3777.1467	121840.90166895	32.27158039	3775.48605294
2980	2019-01-04 06:00:00	3798.07925	3777.6622209	3783.74999993	3780.98000019	115894.38493715	30.61006848	3786.15242278
2981	2019-01-04 08:00:00	3797.28541273	3760.00000001	3783.1593	3760.26360311	103243.58734477	27.37249608	3771.80024222
2982	2019-01-04 10:00:00	3776.71519987	3751.54765853	3760.26360311	3751.64765017	93532.47380986	24.82585707	3767.5425886
2983	2019-01-04 12:00:00	3763.34669502	3738.2240432	3754.09850979	3745.0	151204.77630351	40.29888316	3752.08354294
2984	2019-01-04 14:00:00	3753.04253995	3701.35925415	3745.0	3726.89999932	151491.37801133	40.64787076	3726.92038177
2985	2019-01-04 16:00:00	3749.2085	3716.69620001	3724.35154963	3746.498	61729.47586252	16.49010754	3743.42469949
2986	2019-01-04 18:00:00	3746.498	3725.40000001	3746.498	3741.59856999	140766.19887217	37.68360685	3735.47573172
2987	2019-01-04 20:00:00	3819.99291489	3735.21082	3737.32615	3798.37261	353365.73680483	93.57408436	3776.32054026
2988	2019-01-04 22:00:00	3811.65	3782.77513807	3798.81867	3794.90259	96256.41942479	25.33573771	3799.23491972
2989	2019-01-05 00:00:00	3839.55900037	3789.12672848	3790.68631634	3801.49406556	326303.3499955	85.53692226	3814.76608433
2990	2019-01-05 02:00:00	3820.73451119	3801.00757398	3801.09461488	3810.88110148	26401.20426205	6.92526218	3812.30393533
2991	2019-01-05 04:00:00	3831.09	3812.48411506	3815.69999991	3829.4	52206.20901011	13.65101952	3824.34505595
2992	2019-01-05 06:00:00	3829.4	3780.91030002	3829.4	3780.91050031	63936.25382016	16.81558388	3802.20242582
2993	2019-01-05 08:00:00	3795.19101485	3780.72193481	3788.07991425	3794.232204	16417.41095261	4.32816802	3793.15471967
2994	2019-01-05 10:00:00	3810.49247485	3774.44288772	3782.75321495	3801.89999999	97476.59107281	25.68905822	3794.47896602
2995	2019-01-05 12:00:00	3808.09999981	3785.00230016	3801.89999999	3794.0127307	71447.63331984	18.80075617	3800.25317459
2996	2019-01-05 14:00:00	3807.79999946	3780.03	3794.01273046	3785.53708216	49407.11077108	13.03438181	3790.52198188
2997	2019-01-05 16:00:00	3808.14569999	3776.6513	3785.0	3800.95	38936.73589632	10.26269646	3794.00638497
2998	2019-01-05 18:00:00	3816.56749329	3789.86000032	3795.0	3806.56749335	43138.63316185	11.33030451	3807.36750047
2999	2019-01-05 20:00:00	3814.32	3796.00000001	3814.32	3802.1299	15849.52390551	4.16869113	3802.03843634
3000	2019-01-05 22:00:00	3801.93985847	3751.49661488	3801.93985847	3775.80715	199506.07847203	52.89310649	3771.87296627
3001	2019-01-06 00:00:00	3788.37961485	3763.8047801	3772.41640967	3763.8047801	143881.70092293	38.10819969	3775.61002863
3002	2019-01-06 02:00:00	3780.0	3737.04586	3763.8047801	3774.03907196	80998.80368554	21.57262779	3754.70269426
3003	2019-01-06 04:00:00	3781.42440735	3764.2	3770.39	3780.45703481	20255.04681401	5.36278318	3776.96545509
3004	2019-01-06 06:00:00	3780.45703482	3762.17073227	3776.63199776	3765.43701274	12826.27569813	3.39810072	3774.54253272
3005	2019-01-06 08:00:00	3782.23999978	3765.43701274	3765.43701274	3776.85782681	19543.50717068	5.17515474	3776.41020463
3006	2019-01-06 10:00:00	3817.0	3770.27781683	3772.9725033	3810.39984598	194934.19625529	51.29772167	3800.05563423
3007	2019-01-06 12:00:00	3817.47999997	3785.92670891	3810.82051002	3799.69229845	87828.86721858	23.1205014	3798.74405399
3008	2019-01-06 14:00:00	3819.0	3792.41046777	3794.61645491	3803.01257137	127367.37325138	33.41576382	3811.59544751
3009	2019-01-06 16:00:00	4024.62694568	3803.20152849	3810.47998955	4000.61	1170223.714237	296.92489689	3941.14379256
3010	2019-01-06 18:00:00	4023.66170695	3980.0	4005.0	4000.0	535464.79476274	133.8471796	4000.56838226
3011	2019-01-06 20:00:00	4008.61451489	3960.0	4000.0	3964.58141568	204836.54087814	51.43202156	3982.66555863
3012	2019-01-06 22:00:00	4009.6515	3964.77951562	3967.51316228	3988.0	172766.02042285	43.36078855	3984.38373009
3013	2019-01-07 00:00:00	4012.11000002	3975.1324	3988.0	3989.66329996	168351.91824156	42.14881917	3994.22620981
3014	2019-01-07 02:00:00	3994.86261472	3969.82940019	3980.47000005	3990.46740046	44904.85995509	11.28308204	3979.83988735
3015	2019-01-07 04:00:00	3996.9581697	3980.34000103	3990.46740048	3990.94730347	88561.38197989	22.21970916	3985.7129246
3016	2019-01-07 06:00:00	4000.0	3982.92000399	3988.86751487	3998.5	54620.71554289	13.66723768	3996.47074425
3017	2019-01-07 08:00:00	4015.1716	3930.0	3996.81897536	3955.57161484	406748.15256209	102.59798217	3964.48491441
3018	2019-01-07 10:00:00	3998.95032381	3950.21010001	3950.21010001	3974.66309704	153110.14766969	38.51397528	3975.44388904
3019	2019-01-07 12:00:00	3985.28435	3957.89005867	3974.1401	3985.28434997	70334.86706587	17.68882066	3976.23269622
3020	2019-01-07 14:00:00	3996.13214228	3967.64238649	3985.28434997	3973.0308	71578.43792567	17.96379105	3984.59532993
3021	2019-01-07 16:00:00	3985.41889996	3950.0	3974.0	3980.0	272232.57743538	68.44720011	3977.26389096
3022	2019-01-07 18:00:00	3990.0	3972.3269	3975.56720001	3985.0	45791.29284842	11.49840182	3982.40499551
3023	2019-01-07 20:00:00	3987.0	3965.78567982	3986.99999998	3968.41000001	94166.09480908	23.67439322	3977.55050927
3024	2019-01-07 22:00:00	3975.29220996	3957.89952999	3972.20946797	3974.89220995	37244.06846105	9.38563965	3968.19714477
3025	2019-01-08 00:00:00	3989.9899997	3958.73852039	3977.59005694	3962.0846	92651.51354602	23.32511152	3972.17880251
3026	2019-01-08 02:00:00	3964.72971033	3924.48348141	3964.72971033	3947.45546555	381246.01723996	96.75711307	3940.23762329
3027	2019-01-08 04:00:00	3948.99589	3938.0	3947.45546555	3948.99589	396035.72601582	100.46485544	3942.0325076
3028	2019-01-08 06:00:00	3958.15180644	3933.30000005	3942.35250015	3954.0	112749.91537408	28.5660262	3946.99334743
3029	2019-01-08 08:00:00	3978.87999999	3949.77084989	3949.87085942	3974.76999998	83024.39472216	20.9572264	3961.61176758
3030	2019-01-08 10:00:00	4011.98999999	3964.1543401	3974.97992	4005.70351	247450.9333702	62.14605196	3981.76433684
3031	2019-01-08 12:00:00	4037.98036999	3989.25941293	4002.20000001	4029.7071199	409378.15995225	102.10664246	4009.31957108
3032	2019-01-08 14:00:00	4074.99999998	3983.48072	4022.69760001	4000.07411	384208.31475391	95.37157709	4028.54106513
3033	2019-01-08 16:00:00	4008.00999999	3952.0729	4003.95313293	3968.63682	645281.31327592	162.1265763	3980.10818461
3034	2019-01-08 18:00:00	3987.17523769	3960.0	3968.63682	3987.03702859	106432.48405802	26.80909188	3970.01452098
3035	2019-01-08 20:00:00	3987.9999991	3958.9651	3983.54842984	3964.48402001	120006.87704846	30.240357	3968.4345343
3036	2019-01-08 22:00:00	3973.12577998	3947.94646045	3961.4886866	3954.34154414	301504.35084815	76.24834809	3954.24108719
3037	2019-01-09 00:00:00	3994.9297	3936.99524085	3954.34154413	3984.24278344	283732.6356262	71.57548599	3964.10351535
3038	2019-01-09 02:00:00	3995.91967597	3979.26353177	3984.61335806	3981.37292897	28003.72402686	7.01960801	3989.3572386
3039	2019-01-09 04:00:00	3997.0	3982.67211482	3982.67211482	3993.19999986	73638.13581642	18.45357841	3990.45291814
3040	2019-01-09 06:00:00	3997.00356442	3978.69326868	3987.9011	3989.24441831	70511.15754808	17.67060987	3990.30695979
3041	2019-01-09 08:00:00	4000.0	3979.45874	3988.12464746	3982.35389999	60348.26535702	15.12940279	3988.80684153
3042	2019-01-09 10:00:00	4008.19423	3975.5695	3986.25035	3988.00000001	127223.42695783	31.85747831	3993.51843607
3043	2019-01-09 12:00:00	3988.00000001	3951.0	3988.00000001	3972.39996999	207884.74148121	52.33016999	3972.56002648
3044	2019-01-09 14:00:00	3971.74099	3940.0	3971.74099	3957.19995085	164820.88686403	41.67008167	3955.37710171
3045	2019-01-09 16:00:00	3974.72892	3956.51999	3961.39995999	3966.56422217	200731.39310703	50.61745038	3965.65594671
3046	2019-01-09 18:00:00	3974.87233469	3963.39454778	3967.88411	3974.87233469	60313.06196841	15.19115809	3970.27412993
3047	2019-01-09 20:00:00	3986.78509499	3956.73356	3974.87233469	3967.91438451	158813.56389366	40.01142611	3969.20528293
3048	2019-01-09 22:00:00	3976.28979997	3963.0	3967.91438	3965.47000001	106586.91039437	26.85556616	3968.89455837
3049	2019-01-10 00:00:00	3990.23708863	3963.01000014	3963.01000014	3982.02871455	133681.40425649	33.55222611	3984.27823591
3050	2019-01-10 02:00:00	3983.24149368	3975.66271565	3982.02871455	3976.21781488	44156.79888298	11.09572282	3979.62346386
3051	2019-01-10 04:00:00	3992.9384568	3976.21781499	3977.01261566	3989.64257036	87160.44882354	21.86133468	3986.96832098
3052	2019-01-10 06:00:00	3986.0	3737.5	3985.53350096	3774.70222	1781276.7316636	468.15397797	3804.89500353
3053	2019-01-10 08:00:00	3781.73315	3717.42452519	3777.61487	3739.92521488	628970.84730348	167.75850565	3749.26353132
3054	2019-01-10 10:00:00	3748.5	3725.60979	3734.0	3737.18105	410275.65349047	109.68963686	3740.33195145
3055	2019-01-10 12:00:00	3748.5	3712.03469914	3737.38105001	3724.58438496	395832.42000043	106.15336536	3728.87301931
3056	2019-01-10 14:00:00	3735.25356866	3700.44680001	3724.58438496	3722.91079423	600393.08048332	161.42522699	3719.32622724
3057	2019-01-10 16:00:00	3726.05519	3528.81816107	3722.91079423	3572.27091461	1305426.374587	364.68375831	3579.61204698
3058	2019-01-10 18:00:00	3601.35649584	3541.90459997	3580.12731487	3592.33598784	361848.56799675	101.25252443	3573.72391487
3059	2019-01-10 20:00:00	3602.46218017	3576.51285	3594.451644	3596.67406322	351388.95781533	97.93648878	3587.92685129
3060	2019-01-10 22:00:00	3596.67406342	3577.0	3589.5399075	3586.27805144	178687.32564768	49.82453649	3586.33192069
3061	2019-01-11 00:00:00	3616.53891153	3565.88488435	3586.27805144	3591.93650259	373693.77184524	103.89794562	3596.73879608
3062	2019-01-11 02:00:00	3599.29909935	3569.21100004	3593.85698977	3580.65951001	103611.30752929	28.8982839	3585.37925254
3063	2019-01-11 04:00:00	3583.56874083	3551.72090014	3583.56874083	3572.18516	140546.13314285	39.48385085	3559.58525111
3064	2019-01-11 06:00:00	3597.1796	3570.28400472	3576.34757882	3595.97191757	240176.45480554	67.00492889	3584.45951341
3065	2019-01-11 08:00:00	3629.39112687	3591.1862	3596.27191	3591.1862	380090.26404269	105.34181708	3608.16126566
3066	2019-01-11 10:00:00	3598.0	3565.75019206	3590.73274999	3594.50576	187997.34741338	52.38940162	3588.46143685
3067	2019-01-11 12:00:00	3596.72679124	3573.22000001	3596.72679124	3574.9999998	136220.26068754	38.03046876	3581.87172362
3068	2019-01-11 14:00:00	3614.00949859	3573.55714	3573.55714	3589.1025	318231.47856717	88.43242157	3598.58378768
3069	2019-01-11 16:00:00	3617.24807811	3585.0	3587.0255626	3605.22735297	277130.13195493	76.91136954	3603.24011407
3070	2019-01-11 18:00:00	3611.0328551	3594.7274986	3605.49999986	3608.0	29580.83593448	8.20395767	3605.67876192
3071	2019-01-11 20:00:00	3649.99999999	3600.0	3608.0	3604.52312986	481928.30346541	133.42208623	3612.05792146
3072	2019-01-11 22:00:00	3614.92	3511.54873196	3605.96526999	3600.00038064	546681.76887431	153.10876009	3570.54533361
3073	2019-01-12 00:00:00	3613.5609288	3570.3877	3593.46020005	3590.89232752	242059.69474871	67.27943888	3597.8257069
3074	2019-01-12 02:00:00	3601.22763	3580.08750013	3590.89232753	3600.92762	62587.56872925	17.43928727	3588.88340792
3075	2019-01-12 04:00:00	3599.53199	3585.10000001	3591.141925	3585.10000001	10253.04830145	2.8558947999999997	3590.13514834
3076	2019-01-12 06:00:00	3593.9973	3572.0	3589.57087999	3580.196777	17660.34251449	4.936253	3577.68179923
3077	2019-01-12 08:00:00	3586.2257	3566.60491338	3581.55975	3578.3561	171056.65137969	47.85486087	3574.48853198
3078	2019-01-12 10:00:00	3585.61629817	3570.29972466	3577.82097	3570.29972466	8947.84782834	2.50131035	3577.2641441
3079	2019-01-12 12:00:00	3605.00334	3527.53061553	3570.18367369	3583.29	338358.09821968	94.82859925	3568.10182683
3080	2019-01-12 14:00:00	3594.74264	3582.10000032	3583.29	3588.85472991	20437.6576869	5.69413446	3589.24746692
3081	2019-01-12 16:00:00	3600.0	3575.0	3594.25999921	3595.74290999	26399.62243315	7.36190025	3585.97937171
3082	2019-01-12 18:00:00	3599.7	3588.79521268	3597.56125304	3594.03109	27064.32808443	7.52495788	3596.6085812
3083	2019-01-12 20:00:00	3600.0	3586.23791488	3593.67	3591.64795996	62934.18628184	17.50794128	3594.60802817
3084	2019-01-12 22:00:00	3609.1	3565.00000001	3593.04798959	3582.25441006	74550.88731217	20.80226387	3583.78721556
3085	2019-01-13 00:00:00	3588.15115167	3568.64308857	3579.06711515	3577.44282466	21286.77062416	5.94986232	3577.69129423
3086	2019-01-13 02:00:00	3593.04900099	3568.76271	3572.19574965	3593.04900099	9766.77200456	2.72812486	3580.03115904
3087	2019-01-13 04:00:00	3595.0	3585.0	3591.85981488	3585.00000001	9356.38441732	2.60566064	3590.79163022
3088	2019-01-13 06:00:00	3586.79999983	3580.18538762	3585.00000001	3585.42763995	26499.13490229	7.39294319	3584.38232531
3089	2019-01-13 08:00:00	3588.25425001	3574.45000001	3583.92879374	3587.0	38013.94100289	10.60442957	3584.72285114
3090	2019-01-13 10:00:00	3588.25425	3582.09000328	3588.25424991	3583.71859	42370.80595526	11.82244393	3583.92953319
3091	2019-01-13 12:00:00	3609.22908069	3560.0	3586.16811065	3589.13917002	248880.76457013	69.31174697	3590.7443608
3092	2019-01-13 14:00:00	3590.55845194	3566.20000002	3590.55845194	3574.06017872	101606.33998587	28.38177473	3579.98542911
3093	2019-01-13 16:00:00	3575.36152987	3444.44444444	3575.36152987	3476.404365	711696.95839392	203.54306363	3496.54243039
3094	2019-01-13 18:00:00	3486.08381	3457.52000004	3476.2021825	3469.21176	123908.07257715	35.72366638	3468.51499672
3095	2019-01-13 20:00:00	3500.0	3455.958	3469.2	3482.0	296062.60309835	84.98777042	3483.59065822
3096	2019-01-13 22:00:00	3488.13539	3461.00166969	3488.13539	3474.78631704	55424.27980272	15.95480442	3473.83009805
3097	2019-01-14 00:00:00	3494.11999996	3469.0632149	3477.6020905	3493.03999972	45002.82199185	12.91830756	3483.64689281
3098	2019-01-14 02:00:00	3498.73740088	3486.85467004	3493.0399997	3492.99999999	50852.82961092	14.56844867	3490.61391249
3099	2019-01-14 04:00:00	3517.39	3488.00000093	3488.3674	3509.9	224079.13137889	63.89978316	3506.72757085
3100	2019-01-14 06:00:00	3523.13972029	3505.00011488	3505.00011488	3510.88771749	25153.00455006	7.14702716	3519.36602267
3101	2019-01-14 08:00:00	3515.487921	3500.401	3514.25352717	3503.3	39475.54517751	11.26230419	3505.10379683
3102	2019-01-14 10:00:00	3532.19891726	3490.0	3507.70000006	3490.01000028	301644.54569969	85.96784553	3508.80662229
3103	2019-01-14 12:00:00	3507.99809877	3490.3	3495.31805688	3497.56537978	94918.07774524	27.10870216	3501.38775309
3104	2019-01-14 14:00:00	3646.10305	3490.0	3497.80432093	3632.74329123	827934.9484446	230.11788705	3597.8730687
3105	2019-01-14 16:00:00	3660.0	3611.74751	3630.83969784	3626.8873569	335437.6074589	92.39426159	3630.50260575
3106	2019-01-14 18:00:00	3645.1728	3624.1540675	3628.99999997	3639.12139999	177939.82251581	48.93479631	3636.26368011
3107	2019-01-14 20:00:00	3661.85	3607.07236588	3639.12139999	3624.45236	189251.82806967	52.01733887	3638.24509636
3108	2019-01-14 22:00:00	3632.41304	3617.5128	3622.05344001	3628.0	27452.03564583	7.57265044	3625.1555335
3109	2019-01-15 00:00:00	3642.9581	3625.21741001	3626.44379997	3636.90179977	66193.67313766	18.19674815	3637.66496035
3110	2019-01-15 02:00:00	3636.84677784	3619.00000001	3636.84677784	3627.0	69765.34822839	19.24174942	3625.72792658
3111	2019-01-15 04:00:00	3627.99999997	3619.0	3627.99999997	3619.0	8809.63495691	2.43020818	3625.05361862
3112	2019-01-15 06:00:00	3627.29993	3605.9	3619.09606992	3626.79908	48155.05145579	13.30609216	3619.02284132
3113	2019-01-15 08:00:00	3627.40752987	3576.33414889	3627.40752987	3602.22121955	92652.37625973	25.7406409	3599.45879435
3114	2019-01-15 10:00:00	3614.68251488	3593.62518052	3602.22121955	3610.24125001	166059.64023707	46.10207678	3601.99912532
3115	2019-01-15 12:00:00	3630.00011481	3598.99223218	3612.5498868	3622.9	72044.69514651	19.94058931	3612.96720104
3116	2019-01-15 14:00:00	3633.99491536	3581.86713782	3623.27881546	3599.7	398433.19086611	110.58029809	3603.11192633
3117	2019-01-15 16:00:00	3607.35345	3586.81000002	3598.77917138	3595.07773004	163596.61291063	45.46462696	3598.32739977
3118	2019-01-15 18:00:00	3603.04983539	3590.17278744	3595.8	3597.41384	136968.01655915	38.1023356	3594.74070033
3119	2019-01-15 20:00:00	3604.28903468	3515.48270535	3597.74816572	3538.04660018	697532.53505771	196.35342731	3552.43371411
3120	2019-01-15 22:00:00	3560.18172098	3540.19968993	3540.19968993	3553.90266648	106306.74428393	29.93379827	3551.39509276
3121	2019-01-16 00:00:00	3568.99999999	3546.96113	3548.35502516	3568.99999999	93187.95760409	26.22151007	3553.87456158
3122	2019-01-16 02:00:00	3571.09	3557.0	3568.99999972	3571.09	28146.73713824	7.89730995	3564.09173711
3123	2019-01-16 04:00:00	3583.1665	3571.14689927	3574.18999968	3579.08997999	87674.96759021	24.5079769	3577.40534634
3124	2019-01-16 06:00:00	3580.68995999	3554.94597404	3579.39999999	3554.94597404	233695.71528618	65.44036966	3571.12462078
3125	2019-01-16 08:00:00	3600.55651587	3556.99999993	3556.99999993	3587.39301494	181015.63130658	50.49595761	3584.75489671
3126	2019-01-16 10:00:00	3598.94188473	3581.4773149	3583.05051808	3588.62838285	106086.60710885	29.53293474	3592.14578716
3127	2019-01-16 12:00:00	3637.8436984	3580.0	3594.7031	3596.27121487	419946.30674901	116.2608289	3612.1048742
3128	2019-01-16 14:00:00	3609.23622	3579.20877773	3595.47121	3584.31407001	290362.20630351	80.7666389	3595.07601477
3129	2019-01-16 16:00:00	3590.0	3556.11451897	3590.0	3588.63585	138471.3061564	38.77199113	3571.42623117
3130	2019-01-16 18:00:00	3605.0	3563.12245419	3590.0	3579.27821484	160982.96327736	44.90887774	3584.65789791
3131	2019-01-16 20:00:00	3606.41652099	3565.05231178	3572.04000003	3584.43303353	250426.73231831	69.82551064	3586.46474652
3132	2019-01-16 22:00:00	3599.20950063	3575.78955011	3585.98081633	3589.40221968	90367.65730739	25.19873462	3586.19822265
3133	2019-01-17 00:00:00	3597.10950762	3582.27316268	3588.00212	3597.10950755	84986.53734629	23.67185031	3590.19410115
3134	2019-01-17 02:00:00	3596.57	3557.04869805	3595.76999997	3572.20461487	182609.65155218	51.11477194	3572.54164738
3135	2019-01-17 04:00:00	3581.95091582	3570.68619	3574.7610102	3572.7534	47170.95607307	13.19265709	3575.54628694
3136	2019-01-17 06:00:00	3587.14567917	3569.84842	3571.12015756	3579.99711	69718.79211191	19.48056212	3578.8901615
3137	2019-01-17 08:00:00	3584.52999	3569.30017004	3581.00003643	3574.49999975	40894.93790631	11.43420484	3576.54410416
3138	2019-01-17 10:00:00	3587.9748386	3534.0778	3571.90008489	3580.48874	194429.9282939	54.56717935	3563.12953335
3139	2019-01-17 12:00:00	3581.55312075	3563.10250002	3580.85185803	3566.53501373	51846.84333802	14.51799942	3571.21128318
3140	2019-01-17 14:00:00	3604.3535345	3564.07000008	3571.50050978	3597.92040798	79727.4812211	22.20495672	3590.52630574
3141	2019-01-17 16:00:00	3630.0	3576.51977622	3596.45257044	3597.01062	274702.99853734	76.44697279	3593.3796789
3142	2019-01-17 18:00:00	3618.36341488	3595.80926401	3597.01062	3602.188548	104937.14296184	29.09100486	3607.20241417
3143	2019-01-17 20:00:00	3619.40000002	3600.83641501	3602.19	3617.0	55071.0396816	15.25406622	3610.25308841
3144	2019-01-17 22:00:00	3619.40000001	3610.1	3619.4	3618.10803999	14153.59070322	3.9158409499999998	3614.44473459
3145	2019-01-18 00:00:00	3617.89940836	3596.97676288	3616.49999993	3597.04658	18691.41569295	5.1791037	3609.00587739
3146	2019-01-18 02:00:00	3612.65476	3600.00000001	3600.00000001	3602.49682389	6755.66318579	1.87240614	3608.01166022
3147	2019-01-18 04:00:00	3606.17573448	3592.5017469	3601.87092331	3600.0	16267.42789431	4.52235802	3597.11190984
3148	2019-01-18 06:00:00	3612.99780084	3592.71000008	3600.0	3604.57597599	19707.93747824	5.46788131	3604.30966967
3149	2019-01-18 08:00:00	3609.99900077	3599.57891	3604.57597597	3609.99900077	28310.4926119	7.85361433	3604.77245537
3150	2019-01-18 10:00:00	3610.0	3590.56831489	3608.8896414	3591.02818005	39225.79905856	10.89854543	3599.17746001
3151	2019-01-18 12:00:00	3599.44277708	3581.18209841	3598.29999985	3587.95426	129976.78513059	36.19113307	3591.39861355
3152	2019-01-18 14:00:00	3610.0	3582.73000049	3588.71641485	3610.0	103884.46439322	28.89466943	3595.28129037
3153	2019-01-18 16:00:00	3605.53599996	3575.45489144	3605.53599996	3579.19409	38559.37507833	10.76226919	3582.82945702
3154	2019-01-18 18:00:00	3587.79999995	3565.46267219	3579.19409	3576.70069256	42286.21218997	11.81986857	3577.5535015
3155	2019-01-18 20:00:00	3601.60913618	3587.9	3587.9	3601.60913617	49343.99685938	13.72300587	3595.71345569
3156	2019-01-18 22:00:00	3603.24261587	3597.0	3601.59623863	3597.0	18490.70756224	5.13664535	3599.76332846
3157	2019-01-19 00:00:00	3608.99890099	3595.68135099	3598.27961481	3599.50000004	57556.83517183	15.98037913	3601.719002
3158	2019-01-19 02:00:00	3610.99900099	3603.25691499	3605.88911466	3606.39318062	16790.97111806	4.65316087	3608.50862181
3159	2019-01-19 04:00:00	3610.99900099	3601.4968017	3607.59999981	3606.97781487	33875.17761071	9.3995808	3603.90301775
3160	2019-01-19 06:00:00	3609.99979997	3600.0	3607.83451488	3604.70739288	12354.00565729	3.42566939	3606.30412653
3161	2019-01-19 08:00:00	3618.41807	3600.17111489	3607.6399	3614.27010214	37974.1943586	10.51984916	3609.76605092
3162	2019-01-19 10:00:00	3730.0	3614.47032965	3616.31371061	3693.47	846524.21860356	229.33965624	3691.13755763
3163	2019-01-19 12:00:00	3693.57	3676.69000006	3690.10000018	3685.59744746	41094.71340626	11.14835493	3686.16837769
3164	2019-01-19 14:00:00	3693.26999	3682.0000002	3685.59744746	3684.8	51714.3840499	14.02869802	3686.32812369
3165	2019-01-19 16:00:00	3691.99999999	3682.0000002	3684.12311021	3691.99999999	110109.25581338	29.85656109	3687.94167156
3166	2019-01-19 18:00:00	3694.0	3657.10789142	3692.0	3687.49999992	90062.44073252	24.47949215	3679.09759649
3167	2019-01-19 20:00:00	3687.4	3673.90011492	3681.40955007	3680.0	41813.3136505	11.3585355	3681.22401435
3168	2019-01-19 22:00:00	3686.76121582	3667.07000003	3680.0	3669.29000018	28868.59165929	7.84739316	3678.74924458
3169	2019-01-20 00:00:00	3688.8410605	3664.19189	3669.29000018	3683.98789181	40430.74921944	10.99633691	3676.74704316
3170	2019-01-20 02:00:00	3687.88719999	3677.8410605	3683.00003819	3686.24129986	47810.44726966	12.97749596	3684.10419213
3171	2019-01-20 04:00:00	3686.24129986	3674.76732332	3686.24129986	3674.76732332	5349.36932154	1.4535943	3680.09789357
3172	2019-01-20 06:00:00	3680.77276034	3670.77376001	3674.76732332	3680.38024005	17932.03439611	4.87466601	3678.61805492
3173	2019-01-20 08:00:00	3693.54800075	3675.53681493	3680.3737362	3681.06067931	32087.15697744	8.703233	3686.80891083
3174	2019-01-20 10:00:00	3685.41	3577.40397263	3680.06551351	3584.12355619	340181.71178754	94.03980362	3617.42260928
3175	2019-01-20 12:00:00	3587.0	3478.99850414	3585.0	3529.1759874	748269.16038112	213.16059788	3510.35401393
3176	2019-01-20 14:00:00	3536.0395758	3514.79201219	3530.0	3526.79170488	289953.31802937	82.15588926	3529.3065493
3177	2019-01-20 16:00:00	3536.25531266	3514.80106	3526.79170486	3523.8525	89520.89386121	25.39982433	3524.46901593
3178	2019-01-20 18:00:00	3525.0	3510.50174001	3521.88068	3516.95201485	173930.67114629	49.41573271	3519.74283508
3179	2019-01-20 20:00:00	3545.0	3515.00000001	3515.00000001	3541.78999997	108571.29150326	30.74692898	3531.12636302
3180	2019-01-20 22:00:00	3550.0	3535.35684802	3539.89751171	3535.35684802	79381.18758819	22.39098446	3545.22989956
3181	2019-01-21 00:00:00	3549.35907	3534.41542571	3537.61154999	3537.46237	51114.59133115	14.44089126	3539.57317528
3182	2019-01-21 02:00:00	3543.11945	3525.282	3537.91924	3534.0365148	61843.50213765	17.52684541	3528.50160373
3183	2019-01-21 04:00:00	3531.63961387	3497.23183432	3531.63961387	3524.87261851	124239.55769198	35.3196091	3517.58020141
3184	2019-01-21 06:00:00	3531.87551488	3522.35835854	3524.87261851	3524.61263999	43931.61664207	12.45115385	3528.31690711
3185	2019-01-21 08:00:00	3537.34983	3516.31390672	3524.61263999	3525.89314197	87421.81743149	24.79419132	3525.89912303
3186	2019-01-21 10:00:00	3557.35900098	3524.61446294	3526.58957352	3546.33999962	293748.03233257	82.91519428	3542.75274735
3187	2019-01-21 12:00:00	3564.1053034	3533.01611021	3546.3399996	3535.52979569	163554.98219939	46.09494253	3548.21967926
3188	2019-01-21 14:00:00	3545.86999998	3520.0	3534.27295307	3530.14361742	103436.97819818	29.27007791	3533.8812051
3189	2019-01-21 16:00:00	3540.49904755	3530.14361743	3530.14361743	3536.55761484	58849.14364222	16.640135	3536.57849784
3190	2019-01-21 18:00:00	3540.33999997	3527.55	3534.54274312	3530.24151001	44582.05453449	12.61160001	3535.00384559
3191	2019-01-21 20:00:00	3534.93194	3511.0447156	3530.34151001	3515.26993	42511.97140918	12.06749174	3522.85067395
3192	2019-01-21 22:00:00	3532.71033993	3486.856322	3514.87879002	3530.45259	230733.60224963	65.88387886	3502.12534905
3193	2019-01-22 00:00:00	3540.33999996	3525.03561	3525.03561	3538.17750999	11847.43115936	3.35149622	3534.96778205
3194	2019-01-22 02:00:00	3554.74720332	3521.15259163	3537.59621824	3522.27156992	109540.23880853	30.94756486	3539.54307242
3195	2019-01-22 04:00:00	3533.16249999	3517.17551001	3525.10248651	3521.37372473	61040.38712624	17.319991	3524.27360535
3196	2019-01-22 06:00:00	3521.37372473	3510.5	3521.37372472	3514.81851488	70708.93173714	20.11997675	3514.36448539
3197	2019-01-22 08:00:00	3532.28521544	3514.05156648	3516.73311999	3514.05156648	43495.12426219	12.34881889	3522.20926143
3198	2019-01-22 10:00:00	3531.21115871	3428.32102543	3514.05156648	3531.21115871	803905.13010834	230.52809327	3487.23280839
3199	2019-01-22 12:00:00	3572.65911086	3520.75839661	3532.36686968	3548.52273001	275905.84427675	77.72930601	3549.57297883
3200	2019-01-22 14:00:00	3587.318969	3546.92321488	3548.52273001	3577.98699368	320216.25304927	89.84996704	3563.8995049
3201	2019-01-22 16:00:00	3587.81543	3565.66741	3581.49541488	3582.21122682	101595.08306723	28.40944762	3576.10202162
3202	2019-01-22 18:00:00	3605.0	3570.26999	3581.85300557	3579.20005999	204716.26532049	57.0368319	3589.19418384
3203	2019-01-22 20:00:00	3592.56901	3564.22871001	3578.13196	3568.73199	68816.7670397	19.21836895	3580.78082582
3204	2019-01-22 22:00:00	3579.19659994	3562.78000005	3563.00000004	3571.03742	21963.51673531	6.14480117	3574.32504774
3205	2019-01-23 00:00:00	3584.00159	3568.75291087	3570.0	3575.93001488	35582.69619446	9.94233963	3578.90572226
3206	2019-01-23 02:00:00	3586.24811258	3576.21224005	3581.98000999	3577.43851008	112327.00392271	31.36496258	3581.28926939
3207	2019-01-23 04:00:00	3578.68727709	3566.09501488	3578.68727709	3571.42928485	50509.2213412	14.14779443	3570.1127544
3208	2019-01-23 06:00:00	3579.99989999	3561.24821001	3573.3399437	3561.34821002	79565.45349142	22.32303189	3564.27629918
3209	2019-01-23 08:00:00	3575.0708999	3555.0	3562.65398999	3559.99642833	85862.68384872	24.06650282	3567.72583415
3210	2019-01-23 10:00:00	3581.27202589	3559.80951222	3559.99642833	3574.79547001	40948.26836912	11.46543529	3571.45344536
3211	2019-01-23 12:00:00	3586.50771001	3569.0	3575.27884999	3586.50771001	49677.30123399	13.88831929	3576.91238203
3212	2019-01-23 14:00:00	3604.69997	3540.00000001	3586.50771489	3553.34341488	436412.22472253	122.24050753	3570.11136112
3213	2019-01-23 16:00:00	3571.39037	3553.17106061	3555.6964	3569.64162997	69080.87516455	19.37029358	3566.33082917
3214	2019-01-23 18:00:00	3576.03631487	3528.40000001	3569.64162985	3531.27673859	62702.21430526	17.64997497	3552.53842636
3215	2019-01-23 20:00:00	3545.70496536	3521.37372465	3535.54	3543.30580999	162732.87169099	46.01919347	3536.19564838
3216	2019-01-23 22:00:00	3551.60295513	3540.09471001	3540.09471001	3551.08168	34149.16743682	9.62344175	3548.53994277
3217	2019-01-24 00:00:00	3554.43611613	3531.06020073	3551.60295514	3537.0	24001.34275616	6.76901771	3545.76450888
3218	2019-01-24 02:00:00	3547.8765633	3533.06807	3537.0	3535.21007999	9661.58552273	2.72740344	3542.41157763
3219	2019-01-24 04:00:00	3541.09207163	3527.54509107	3536.73041998	3527.54509107	2414.84611528	0.68302032	3535.54066339
3220	2019-01-24 06:00:00	3552.36005999	3529.42141489	3534.14511488	3548.23896845	54403.38656595	15.37503719	3538.4230876
3221	2019-01-24 08:00:00	3550.45944996	3540.20804118	3546.80942646	3545.64201	28526.50865385	8.04834071	3544.3962528
3222	2019-01-24 10:00:00	3568.38462073	3536.64291488	3548.51706	3559.08000006	85878.52664037	24.13893518	3557.67667463
3223	2019-01-24 12:00:00	3570.08952644	3558.55222	3562.67989999	3560.73803671	46860.56082072	13.14374392	3565.23689946
3224	2019-01-24 14:00:00	3571.65999998	3547.87656336	3560.77364409	3553.33771488	51097.90533537	14.34533862	3561.98669748
3225	2019-01-24 16:00:00	3558.28852999	3547.87656334	3554.26135478	3551.06042885	19806.24414788	5.57383166	3553.43421833
3226	2019-01-24 18:00:00	3584.4781714	3551.06042809	3551.06042809	3574.61478023	191858.68458147	53.72476454	3571.14053871
3227	2019-01-24 20:00:00	3583.00312647	3560.645057	3574.61478023	3567.14633981	100721.79277331	28.19256193	3572.63710277
3228	2019-01-24 22:00:00	3576.3903984	3562.3815684	3567.14633987	3567.63879191	78709.05275091	22.06272863	3567.51216365
3229	2019-01-25 00:00:00	3578.24244929	3566.41278427	3570.42259	3577.73558967	17098.93058907	4.78339497	3574.64325992
3230	2019-01-25 02:00:00	3579.9899999	3567.27861486	3577.73558967	3568.18221488	16086.07922728	4.49841146	3575.94661366
3231	2019-01-25 04:00:00	3569.99999999	3549.89280595	3568.31371488	3562.63459538	117408.93869063	32.96467044	3561.65971397
3232	2019-01-25 06:00:00	3570.833343	3560.0	3562.63455514	3568.12634544	159708.92541284	44.82984523	3562.5580368
3233	2019-01-25 08:00:00	3568.43720019	3518.714	3564.65768243	3559.57542086	251978.79114041	71.24779834	3536.65372139
3234	2019-01-25 10:00:00	3561.50073	3533.01000001	3561.50073	3543.28333316	234346.41646863	66.0275094	3549.22393102
3235	2019-01-25 12:00:00	3556.03288447	3537.79915	3537.79915	3549.79892405	82912.06146027	23.36036339	3549.26248689
3236	2019-01-25 14:00:00	3571.544462	3549.79892404	3549.79892405	3567.43871347	90930.93297954	25.52859189	3561.92512972
3237	2019-01-25 16:00:00	3571.24170999	3555.96301	3567.43871347	3560.45836849	126919.22895995	35.64976307	3560.17033579
3238	2019-01-25 18:00:00	3560.4583685	3545.09040507	3558.34218371	3551.81872833	79749.4717754	22.4560502	3551.35792203
3239	2019-01-25 20:00:00	3568.61901478	3548.32096266	3551.81872833	3562.10529786	15818.48196766	4.44732712	3556.85146175
3240	2019-01-25 22:00:00	3569.8531494	3565.17499267	3565.17499267	3566.73243065	9343.38223403	2.61907666	3567.43365963
3241	2019-01-26 00:00:00	3569.0	3564.31201493	3568.99	3569.0	2457.82435719	0.689067	3566.88733779
3242	2019-01-26 02:00:00	3585.66547897	3562.06151003	3569.85314937	3579.63694511	129945.58518416	36.31022254	3578.76036262
3243	2019-01-26 04:00:00	3580.1197408	3569.97177172	3579.5214718	3573.58582004	6334.6763322	1.7724352300000001	3573.99594917
3244	2019-01-26 06:00:00	3651.0	3569.31041492	3574.24773917	3618.0	275231.09656123	76.23643413	3610.23045873
3245	2019-01-26 08:00:00	3618.57431748	3597.9	3618.0	3599.81621473	89982.13370594	24.92990099	3609.40597967
3246	2019-01-26 10:00:00	3604.1884045	3590.74	3601.00354179	3592.78571276	40228.56048171	11.19124924	3594.64431709
3247	2019-01-26 12:00:00	3594.23561487	3580.43960423	3590.0	3587.6075073	29378.60681155	8.18950998	3587.34611512
3248	2019-01-26 14:00:00	3589.29589391	3550.19694481	3589.2958939	3558.39445111	140077.46798768	39.30120355	3564.20300995
3249	2019-01-26 16:00:00	3572.54192978	3554.73000011	3559.40544788	3568.41478182	161475.76380641	45.37831047	3558.43490279
3250	2019-01-26 18:00:00	3570.02938981	3563.2	3568.41478182	3567.80189001	23243.09594926	6.5129896800000004	3568.72912306
3251	2019-01-26 20:00:00	3570.66889381	3562.23000001	3568.27379897	3569.31295713	14202.58159395	3.97852206	3569.8134583
3252	2019-01-26 22:00:00	3574.42710189	3568.8259245	3569.64842318	3568.8259245	15212.91955511	4.25887688	3572.04962335
3253	2019-01-27 00:00:00	3571.98659139	3539.7471496	3568.8259245	3570.78722	117804.22683017	33.10541764	3558.45765521
3254	2019-01-27 02:00:00	3578.56406364	3570.30902388	3571.55217057	3578.56406364	79453.12147701	22.22873886	3574.34229523
3255	2019-01-27 04:00:00	3575.58329999	3562.17569432	3575.58329999	3562.17569432	21030.16232079	5.9013699	3563.60687046
3256	2019-01-27 06:00:00	3565.07914362	3559.00000004	3563.48391125	3565.07914362	5123.45083275	1.43778743	3563.42719782
3257	2019-01-27 08:00:00	3570.3424836	3551.0646	3566.55028139	3553.85001653	15560.79841262	4.37040561	3560.49296134
3258	2019-01-27 10:00:00	3558.55149998	3527.0	3553.85001652	3543.50000009	146363.03810432	41.35311194	3539.34761467
3259	2019-01-27 12:00:00	3553.41981	3542.17999999	3547.18981488	3542.17999999	23021.84546234	6.48473492	3550.15983634
3260	2019-01-27 14:00:00	3566.96323993	3495.22552099	3543.88429819	3558.01395656	471073.0637003	132.95299317	3543.15500891
3261	2019-01-27 16:00:00	3571.19999999	3557.60478648	3557.60478648	3568.96371174	112365.02320306	31.4939307	3567.83102983
3262	2019-01-27 18:00:00	3568.96371174	3560.6	3568.96371174	3566.82623346	66287.6607018	18.59039602	3565.69384699
3263	2019-01-27 20:00:00	3571.19999997	3562.37161486	3562.91898023	3562.37161486	17931.27646297	5.02419667	3568.983788
3264	2019-01-27 22:00:00	3562.01331487	3540.0	3561.58182203	3553.22422902	201667.61588413	56.81481477	3549.56038667
3265	2019-01-28 00:00:00	3555.31351136	3525.0	3549.97071852	3525.0	99068.63170543	27.94249655	3545.44668291
3266	2019-01-28 02:00:00	3531.87050411	3482.0	3526.71789212	3486.17623221	289376.37470727	82.48401644	3508.27211375
3267	2019-01-28 04:00:00	3493.66889706	3438.0	3482.0	3438.39561488	224659.66342934	64.74470547	3469.93104375
3268	2019-01-28 06:00:00	3467.76581478	3409.9	3438.00000002	3460.18782108	193786.51134907	56.24890011	3445.16090039
3269	2019-01-28 08:00:00	3456.37063999	3427.37878984	3456.37063999	3451.59896312	125074.44466099	36.37357675	3438.60724835
3270	2019-01-28 10:00:00	3451.59896293	3414.1308402	3451.59896293	3422.16785022	70737.61740343	20.64006207	3427.199839
3271	2019-01-28 12:00:00	3432.45982	3421.02166249	3422.16785288	3428.05026024	168241.67335112	49.10845612	3425.92063859
3272	2019-01-28 14:00:00	3428.44636521	3382.60763366	3428.05026024	3425.17469743	360108.76744394	105.64753922	3408.58641954
3273	2019-01-28 16:00:00	3434.17996	3408.13756407	3424.6179	3419.73438466	196666.90734039	57.53130465	3418.43294771
3274	2019-01-28 18:00:00	3430.58502	3417.94528637	3420.5235476	3424.99999998	91041.00463393	26.59275936	3423.5260584
3275	2019-01-28 20:00:00	3436.87612917	3424.22453	3425.40153994	3426.75807841	48511.72714358	14.14938331	3428.54003462
3276	2019-01-28 22:00:00	3446.93999991	3425.16775772	3426.85373226	3440.72161058	58355.67555315	16.96370776	3440.03070429
3277	2019-01-29 00:00:00	3440.57588673	3419.49915223	3438.34332004	3421.29166026	32702.28276492	9.52903802	3431.85562868
3278	2019-01-29 02:00:00	3425.55393063	3405.12832279	3422.72849075	3409.70600432	74407.4048431	21.79849488	3413.41937838
3279	2019-01-29 04:00:00	3416.26522	3382.60763366	3408.5867033	3389.00846418	134203.82039681	39.49801338	3397.73595967
3280	2019-01-29 06:00:00	3399.40326	3353.73884922	3388.79362757	3358.35260047	208859.13179287	61.80278891	3379.44509425
3281	2019-01-29 08:00:00	3402.3	3365.49997997	3365.49997997	3389.14080349	125855.08443481	37.2426727	3379.32471841
3282	2019-01-29 10:00:00	3395.67726362	3380.89999999	3395.67726362	3385.7787695	162913.79507649	48.11114264	3386.19675478
3283	2019-01-29 12:00:00	3414.88461674	3384.82234787	3387.9999986	3406.41945006	113666.93220945	33.46796522	3396.29049636
3284	2019-01-29 14:00:00	3423.43186	3403.99426006	3403.99426006	3420.9999998	152448.69683414	44.61675271	3416.84877483
3285	2019-01-29 16:00:00	3437.52531017	3412.30866897	3424.75062506	3416.00000001	106041.85509887	30.97392091	3423.58513173
3286	2019-01-29 18:00:00	3428.16249864	3405.99998	3416.99779575	3425.0	34081.36502695	9.97788369	3415.69075024
3287	2019-01-29 20:00:00	3434.11924069	3410.31197212	3425.1	3418.22488	59839.16535619	17.49528291	3420.30281327
3288	2019-01-29 22:00:00	3421.50691	3405.80000003	3416.62496781	3408.10668048	46556.91823064	13.63292875	3415.03422224
3289	2019-01-30 00:00:00	3414.2	3392.17466299	3414.2	3407.2499998	53630.95679211	15.76922316	3400.98914499
3290	2019-01-30 02:00:00	3427.47574364	3404.24999965	3406.03805737	3420.19737015	91252.27576787	26.71268802	3416.06489393
3291	2019-01-30 04:00:00	3446.0	3420.25	3420.25	3443.75544999	158524.75266031	46.1739173	3433.20995769
3292	2019-01-30 06:00:00	3435.04955493	3420.66299057	3432.82236057	3426.07	246319.48030837	71.87396748	3427.1028711
3293	2019-01-30 08:00:00	3438.36239996	3422.887795	3426.07	3430.1	38095.50143506	11.09137513	3434.69596768
3294	2019-01-30 10:00:00	3445.804959	3430.1	3430.14224958	3434.02867935	48026.38319469	13.9746753	3436.67256402
3295	2019-01-30 12:00:00	3478.55287	3431.22181114	3432.95674105	3458.64380285	345007.2762998	99.76231956	3458.2924477
3296	2019-01-30 14:00:00	3470.61999994	3450.57193358	3458.55865241	3465.0	260371.92687456	75.19696348	3462.53245909
3297	2019-01-30 16:00:00	3469.83048496	3454.98218274	3465.00000001	3469.12997	53604.69732686	15.48495155	3461.72844995
3298	2019-01-30 18:00:00	3476.0	3457.52325	3469.22861208	3457.52325	189799.86829011	54.7121622	3469.06173432
3299	2019-01-30 20:00:00	3462.2	3446.30553217	3457.04614	3459.0	219294.5481838	63.41385312	3458.14892794
3300	2019-01-30 22:00:00	3467.14999977	3458.50244721	3458.72615159	3460.77990593	130426.00368353	37.66335292	3462.94192024
3301	2019-01-31 00:00:00	3490.6489295	3461.45318236	3461.63627444	3473.97060995	228004.13809982	65.55549422	3478.03247939
3302	2019-01-31 02:00:00	3472.58937001	3463.71733285	3472.58937001	3464.74101959	19882.57088584	5.7329846700000004	3468.10117771
3303	2019-01-31 04:00:00	3467.4110229	3459.10513265	3464.74101927	3465.0	91916.53322101	26.53339821	3464.18248026
3304	2019-01-31 06:00:00	3479.58999984	3464.71012451	3465.0	3478.8397599	15106.86358504	4.34909536	3473.56457712
3305	2019-01-31 08:00:00	3478.8397599	3430.29939578	3478.8397599	3441.0	416174.39346396	120.65858263	3449.19013958
3306	2019-01-31 10:00:00	3453.7	3423.30041	3441.0	3429.57502681	195883.73343258	57.10240459	3430.39377831
3307	2019-01-31 12:00:00	3441.69460618	3427.49157969	3428.80058004	3441.69460618	66164.1410881	19.25080593	3436.95434511
3308	2019-01-31 14:00:00	3443.12895316	3428.73163324	3443.12895316	3437.51429616	33489.67377917	9.74987781	3434.88138331
3309	2019-01-31 16:00:00	3443.1289531	3424.93101001	3437.51429616	3430.79297892	102245.27956252	29.7679163	3434.74761659
3310	2019-01-31 18:00:00	3439.70313412	3421.00000007	3433.31915999	3437.36988999	173443.69071045	50.59506348	3428.07536508
3311	2019-01-31 20:00:00	3449.99999999	3431.61766983	3435.0	3442.25302	74094.16924406	21.52466997	3442.29060642
3312	2019-01-31 22:00:00	3449.89999	3429.48270641	3440.6432606	3430.1721432	54872.85286354	15.9456526	3441.24221441
3313	2019-02-01 00:00:00	3437.83018853	3397.78294055	3430.07213999	3413.38189	318687.7090001	93.11213074	3422.62287918
3314	2019-02-01 02:00:00	3420.0	3406.63112	3410.56647473	3419.99999999	79636.49206378	23.34176375	3411.759836
3315	2019-02-01 04:00:00	3419.99999999	3412.79610878	3419.99999999	3419.79943258	36923.19680966	10.80667238	3416.70363561
3316	2019-02-01 06:00:00	3424.20376151	3413.70766615	3419.99999997	3419.0	126459.47312873	36.99224717	3418.53990506
3317	2019-02-01 08:00:00	3441.0	3418.22376001	3419.0	3433.73676	40235.94472028	11.72703183	3431.04250961
3318	2019-02-01 10:00:00	3474.21000001	3431.5022821	3433.76416941	3460.80859067	340127.4360831	98.25525657	3461.6716495
3319	2019-02-01 12:00:00	3476.3984228	3456.77717002	3459.15244	3468.8	163283.16215929	47.09968032	3466.75733359
3320	2019-02-01 14:00:00	3474.51154997	3456.0325051	3468.88983032	3462.2285544	131728.9922853	38.01813138	3464.89918109
3321	2019-02-01 16:00:00	3466.0	3454.14704938	3462.2285544	3464.70806448	50203.99568116	14.51579069	3458.57809287
3322	2019-02-01 18:00:00	3485.5382149	3461.92409907	3464.48308766	3473.72240052	75663.78798345	21.77072074	3475.48383386
3323	2019-02-01 20:00:00	3484.63068333	3465.1448	3479.0	3482.11689946	35339.80947824	10.15157163	3481.2155956
3324	2019-02-01 22:00:00	3485.0	3466.12949975	3480.85115934	3468.02262987	56809.3060279	16.32379497	3480.15312201
3325	2019-02-02 00:00:00	3468.1443619	3458.0941677	3466.40233668	3458.0941677	18060.28028032	5.21413242	3463.71722571
3326	2019-02-02 02:00:00	3467.21450364	3458.71401244	3458.71401244	3466.7997501	33493.38669481	9.66697347	3464.72314202
3327	2019-02-02 04:00:00	3470.45604363	3443.44502266	3466.48568305	3456.75029982	34264.8020256	9.91045351	3457.44036748
3328	2019-02-02 06:00:00	3461.95463504	3442.59343	3456.45028998	3455.75776639	45709.52446888	13.23213104	3454.43408402
3329	2019-02-02 08:00:00	3459.45000049	3443.46016419	3455.75776639	3459.45000049	51425.36761481	14.90168147	3450.97751004
3330	2019-02-02 10:00:00	3478.89879976	3459.82343696	3462.92536847	3478.89879976	106945.84213826	30.84045057	3467.71334924
3331	2019-02-02 12:00:00	3480.0	3466.99	3478.31393216	3470.21756999	39196.93301797	11.28143599	3474.46309607
3332	2019-02-02 14:00:00	3471.19999994	3453.61799998	3466.00000001	3454.99999997	132974.28510151	38.40327645	3462.57656621
3333	2019-02-02 16:00:00	3465.65127866	3450.0	3454.99999997	3459.33826205	70058.4402405	20.25472779	3458.86851538
3334	2019-02-02 18:00:00	3485.0	3458.70460166	3461.39419828	3471.16374271	83755.17286051	24.12047083	3472.36890402
3335	2019-02-02 20:00:00	3472.88817161	3459.67477578	3472.88817161	3468.80599578	60871.7437771	17.56521901	3465.47024221
3336	2019-02-02 22:00:00	3517.48346758	3462.90000055	3469.7899997	3507.74606999	232696.00268744	66.61230821	3493.28838679
3337	2019-02-03 00:00:00	3511.5222	3481.47556011	3508.61221131	3488.89083833	199747.04455147	57.22072195	3490.81657386
3338	2019-02-03 02:00:00	3494.34513956	3473.58287591	3489.94721561	3475.00000063	91077.46076963	26.1412853	3484.04677598
3339	2019-02-03 04:00:00	3484.79997997	3475.30000004	3476.00000001	3483.50220787	33528.10028388	9.64275451	3477.02518498
3340	2019-02-03 06:00:00	3484.38705902	3462.39952999	3482.28167385	3464.34687999	56815.36820914	16.34776726	3475.42066788
3341	2019-02-03 08:00:00	3464.39979897	3447.92845388	3464.39979897	3456.12452976	116647.3651188	33.76249702	3454.93892379
3342	2019-02-03 10:00:00	3470.7	3455.90183934	3456.12452975	3467.69990999	65434.28643313	18.87926921	3465.93322576
3343	2019-02-03 12:00:00	3471.29999999	3456.22384287	3463.26209791	3470.77999998	18703.98902265	5.39459367	3467.17290806
3344	2019-02-03 14:00:00	3470.77999998	3454.1021622	3470.77999998	3463.39554959	19507.03762643	5.62701352	3466.67687168
3345	2019-02-03 16:00:00	3485.49373041	3461.95295445	3462.99564956	3462.19500155	60538.5830301	17.41695041	3475.84287748
3346	2019-02-03 18:00:00	3472.36316998	3433.53998442	3461.17095518	3448.36886602	110557.71039163	31.99342241	3455.6387552
3347	2019-02-03 20:00:00	3448.5196	3424.33108563	3448.41958986	3435.37921522	117562.9321047	34.21984173	3435.51945775
3348	2019-02-03 22:00:00	3461.142231	3428.90000004	3435.84800999	3455.01000008	113774.52110271	33.01729586	3445.9067025
3349	2019-02-04 00:00:00	3470.9	3459.79193114	3460.12293801	3470.29998999	32139.34072735	9.27298978	3465.90921481
3350	2019-02-04 02:00:00	3470.0	3454.32193701	3470.0	3458.39541001	47205.88429154	13.65289059	3457.57434884
3351	2019-02-04 04:00:00	3462.33978001	3456.26580017	3460.76538301	3457.76079976	27625.78499787	7.98173373	3461.12585716
3352	2019-02-04 06:00:00	3465.30334754	3457.59112007	3457.86080101	3463.00331966	10244.06367311	2.95856495	3462.51099645
3353	2019-02-04 08:00:00	3481.56178	3448.0492449	3463.00331967	3451.96695999	134374.36723001	38.78823464	3464.30737251
3354	2019-02-04 10:00:00	3456.41986	3434.63599018	3450.77508	3434.73599	119389.59134472	34.6096722	3449.60191055
3355	2019-02-04 12:00:00	3455.19997	3434.93599	3435.50277641	3453.35445288	87224.19444304	25.31557161	3445.47600136
3356	2019-02-04 14:00:00	3464.80999974	3450.57822006	3453.35445288	3454.27990007	89204.21315789	25.80791426	3456.46735568
3357	2019-02-04 16:00:00	3469.99999972	3454.88010002	3464.52999996	3467.3266	106291.53721947	30.68381833	3464.09094449
3358	2019-02-04 18:00:00	3474.08999994	3460.88110005	3467.3266	3471.68995	54410.13995397	15.68551252	3468.81492616
3359	2019-02-04 20:00:00	3474.4	3464.88144292	3471.58993983	3470.0	74445.69527845	21.45162892	3470.39824136
3360	2019-02-04 22:00:00	3471.49624	3451.5	3470.48029277	3463.46921617	28451.25318467	8.21410692	3463.70621441
3361	2019-02-05 00:00:00	3465.0	3456.05418531	3463.59964241	3456.12021976	27916.68537477	8.06590529	3461.07279605
3362	2019-02-05 02:00:00	3468.7552418	3451.85738619	3453.1763	3461.64758	118285.3317537	34.15712754	3462.97655197
3363	2019-02-05 04:00:00	3475.33525564	3461.22000011	3461.64758	3469.77749951	70975.47538606	20.45764368	3469.38662615
3364	2019-02-05 06:00:00	3472.09999843	3463.69690009	3469.71262516	3467.17963802	30281.49479571	8.733833390000001	3467.14820898
3365	2019-02-05 08:00:00	3489.90813191	3463.69977	3467.17963802	3477.56881033	329882.68078874	94.86297694	3477.46498612
3366	2019-02-05 10:00:00	3483.86628	3464.57102038	3483.59999987	3467.57425021	33688.07494837	9.69268101	3475.61989439
3367	2019-02-05 12:00:00	3476.21488952	3462.6	3468.70839033	3466.12505056	122158.5926899	35.22281009	3468.16714446
3368	2019-02-05 14:00:00	3471.99999925	3451.68440714	3471.47935707	3460.36707007	47652.67687102	13.76734939	3461.28187214
3369	2019-02-05 16:00:00	3469.7119992	3457.0	3460.10643	3458.4	63999.03494897	18.48724416	3461.79421849
3370	2019-02-05 18:00:00	3467.53858986	3455.3779521	3458.40000004	3466.37998992	15406.04220329	4.45060306	3461.56284791
3371	2019-02-05 20:00:00	3466.78073968	3459.4	3466.37998992	3460.0	26175.62207717	7.56071793	3462.05510105
3372	2019-02-05 22:00:00	3473.10200585	3459.56945764	3460.0	3470.4028611	96865.64981672	27.95591664	3464.94271907
3373	2019-02-06 00:00:00	3480.62767568	3395.25925675	3470.4	3416.48706997	533869.99499317	155.97031992	3422.89478707
3374	2019-02-06 02:00:00	3426.86125	3415.17870005	3418.80235694	3421.0000001	40514.36146313	11.85068825	3418.7348961
3375	2019-02-06 04:00:00	3423.02147989	3400.00000001	3421.0	3419.59993	251159.5555711	73.63714697	3410.77249602
3376	2019-02-06 06:00:00	3423.2	3416.00000011	3419.59992994	3422.45144593	28800.84922759	8.42065882	3420.2607947
3377	2019-02-06 08:00:00	3422.52335998	3403.64189091	3422.52335998	3412.63884753	66358.37082385	19.47103241	3408.05610234
3378	2019-02-06 10:00:00	3412.63884753	3398.69802855	3412.63884753	3401.71941194	49687.44819662	14.59913445	3403.45164754
3379	2019-02-06 12:00:00	3412.63884753	3400.0	3400.91933992	3406.01924957	50706.50804907	14.87472915	3408.90294792
3380	2019-02-06 14:00:00	3415.87462	3383.3383	3406.01924956	3415.87462	100827.6629705	29.64321626	3401.3739294
3381	2019-02-06 16:00:00	3432.98907097	3398.63190461	3416.15297041	3398.63190461	77635.28331014	22.74117872	3413.86364647
3382	2019-02-06 18:00:00	3410.02659999	3388.398285	3400.45	3400.89992999	100563.73929196	29.60752399	3396.56025697
3383	2019-02-06 20:00:00	3409.38002	3397.53762	3400.76997494	3409.38002	33543.15967387	9.86108777	3401.56790571
3384	2019-02-06 22:00:00	3411.95999965	3402.70000005	3409.24999	3407.5	35727.16387973	10.4836039	3407.90859903
3385	2019-02-07 00:00:00	3409.47999986	3399.63828022	3405.23700157	3409.4	16223.07170601	4.76152038	3407.12008167
3386	2019-02-07 02:00:00	3412.07	3404.5	3410.81999958	3412.07	13427.52111682	3.94336732	3405.09012404
3387	2019-02-07 04:00:00	3418.91999998	3410.23125	3412.07	3414.08997997	39023.24816642	11.42542033	3415.47593342
3388	2019-02-07 06:00:00	3417.86	3409.61913801	3414.79793014	3409.85458	46514.40804338	13.63289884	3411.92350866
3389	2019-02-07 08:00:00	3419.38	3409.18233138	3410.99951422	3419.38	44291.24152836	12.96922205	3415.10395593
3390	2019-02-07 10:00:00	3435.53795984	3410.50000002	3419.38	3410.50000002	400244.46822755	116.86386968	3424.87776011
3391	2019-02-07 12:00:00	3415.28938998	3402.59056347	3410.8	3411.0	98848.54270386	28.97236048	3411.82220109
3392	2019-02-07 14:00:00	3422.9	3402.57976609	3406.97571329	3406.8	36447.24479326	10.68715085	3410.37993238
3393	2019-02-07 16:00:00	3411.21649795	3395.06415346	3403.3597705	3397.3969478	37518.38381303	11.02869932	3401.88654386
3394	2019-02-07 18:00:00	3403.05501999	3395.06415346	3397.67376304	3400.03083324	97802.88442932	28.76922559	3399.56611356
3395	2019-02-07 20:00:00	3402.95133997	3393.456789	3399.16125419	3397.9776077	96333.96683636	28.33703977	3399.57764178
3396	2019-02-07 22:00:00	3402.78838725	3393.456789	3397.90677992	3399.38299973	24027.42569875	7.06975456	3398.62232766
3397	2019-02-08 00:00:00	3400.09392395	3392.44976346	3400.09392389	3394.63160084	47532.50136091	13.99668845	3395.98195178
3398	2019-02-08 02:00:00	3404.66533677	3381.6460603	3394.68139704	3404.01000396	33231.30438765	9.77657727	3399.07346609
3399	2019-02-08 04:00:00	3411.88	3398.19000004	3404.01000395	3409.33774176	70395.87080539	20.64608047	3409.64818516
3400	2019-02-08 06:00:00	3410.52786113	3395.94733	3409.50318392	3397.30049	32903.7855861	9.6588083	3406.60923833
3401	2019-02-08 08:00:00	3443.33000003	3396.6	3396.6	3422.54771	199422.64483891	58.11775068	3431.35517988
3402	2019-02-08 10:00:00	3442.59000677	3422.74771	3426.32	3433.30190442	147249.48108832	42.88694547	3433.43363521
3403	2019-02-08 12:00:00	3448.42374999	3428.51160119	3433.80739849	3443.63288775	128519.19232104	37.35727202	3440.27241208
3404	2019-02-08 14:00:00	3509.63430868	3444.49	3444.49	3503.05560021	562613.10574193	161.73267121	3478.66081437
3405	2019-02-08 16:00:00	3734.99999998	3488.36327377	3503.0556002	3667.0	1252071.0376485	344.75145262	3631.8078666
3406	2019-02-08 18:00:00	3669.10000677	3647.14	3667.0	3662.0	257675.58631769	70.46717985	3656.67516234
3407	2019-02-08 20:00:00	3670.40978	3620.20000811	3662.0	3636.36024	298697.51601484	81.90538408	3646.86057418
3408	2019-02-08 22:00:00	3664.07875224	3630.0	3632.96609774	3660.0	365506.01634236	100.27211641	3645.14113622
3409	2019-02-09 00:00:00	3666.8886314	3642.29100001	3660.0	3643.60663017	544654.35489743	149.07372825	3653.59048365
3410	2019-02-09 02:00:00	3647.74258914	3636.41629001	3647.72419998	3641.32404005	21448.803242	5.89030324	3641.37504778
3411	2019-02-09 04:00:00	3653.53999997	3646.0	3646.57597992	3649.88101072	100826.66919669	27.62624357	3649.66988513
3412	2019-02-09 06:00:00	3665.70957543	3645.50465494	3645.50465494	3662.72164281	54817.27316945	14.98679569	3657.70470908
3413	2019-02-09 08:00:00	3675.50646909	3650.02094049	3662.72164281	3657.17041488	302519.78662737	82.52749548	3665.68481047
3414	2019-02-09 10:00:00	3667.23367	3656.4005	3657.17041488	3662.47615352	108673.5055395	29.68835529	3660.47578176
3415	2019-02-09 12:00:00	3667.90397068	3641.54124773	3662.47615352	3661.27	225042.498354	61.59153363	3653.78949168
3416	2019-02-09 14:00:00	3689.26	3642.22396706	3659.47	3642.32396	847890.91919815	231.39757446	3664.21697019
3417	2019-02-09 16:00:00	3651.77359206	3631.00000073	3642.22396706	3639.13629531	81572.84563754	22.40400634	3640.99368655
3418	2019-02-09 18:00:00	3668.62752725	3636.0	3646.62189502	3657.09999749	617338.27682365	168.84956834	3656.14364841
3419	2019-02-09 20:00:00	3666.34586714	3653.96837579	3657.09999987	3666.09032154	131884.61923651	36.05077113	3658.30230817
3420	2019-02-09 22:00:00	3670.28	3658.42359001	3666.09032154	3669.50953405	43444.85031192	11.85124054	3665.84832746
3421	2019-02-10 00:00:00	3673.64757809	3651.77359206	3667.1090414	3655.22766449	33832.91686637	9.23718601	3662.68654
3422	2019-02-10 02:00:00	3660.13483464	3652.21474055	3655.66619573	3653.89563759	63065.47448692	17.2498078	3656.01027084
3423	2019-02-10 04:00:00	3663.76999875	3653.8956375	3653.89563759	3658.99998641	39903.86412912	10.90957672	3657.69132508
3424	2019-02-10 06:00:00	3655.53369857	3611.51214121	3655.53369857	3630.50890187	298651.92191831	82.1187497	3636.82987148
3425	2019-02-10 08:00:00	3641.44512999	3631.00000011	3631.35855743	3637.63727	39499.44087258	10.86185877	3636.52683292
3426	2019-02-10 10:00:00	3648.29999999	3633.37097999	3640.0	3634.69303001	45420.76350108	12.47031609	3642.3105215
3427	2019-02-10 12:00:00	3643.51769	3619.48321008	3634.69303348	3632.14	78168.63512993	21.52167036	3632.08960189
3428	2019-02-10 14:00:00	3633.84045027	3618.45029	3632.05991	3629.34319	47657.86052879	13.1485928	3624.55977257
3429	2019-02-10 16:00:00	3653.37585473	3625.97109023	3629.34318999	3633.00000001	120406.85732392	33.06449543	3641.57552559
3430	2019-02-10 18:00:00	3672.12989482	3637.44250186	3637.50000057	3643.7941	141943.38955708	38.83695051	3654.85414516
3431	2019-02-10 20:00:00	3669.79008996	3637.7808	3643.7941	3646.89999999	400018.98952395	109.39624361	3656.60626291
3432	2019-02-10 22:00:00	3689.79374087	3643.01004001	3646.9	3676.80000003	516219.14275873	140.50155022	3674.11706098
3433	2019-02-11 00:00:00	3681.3554028	3613.4586	3681.35	3636.10930877	467638.43428851	128.19083053	3647.98661772
3434	2019-02-11 02:00:00	3642.04	3627.00010003	3632.58	3628.87778	10523.30221637	2.89757406	3631.76298464
3435	2019-02-11 04:00:00	3631.03267985	3620.59724391	3627.94413944	3623.95270386	66926.24636646	18.44859537	3627.71501158
3436	2019-02-11 06:00:00	3638.71275691	3626.34741478	3626.98873968	3638.7127569	13706.90969363	3.76951014	3636.25754662
3437	2019-02-11 08:00:00	3638.76999999	3624.1664	3638.76999995	3635.98999976	64596.43304427	17.79228064	3630.58757622
3438	2019-02-11 10:00:00	3641.98999991	3624.0664	3634.99999999	3630.71767958	63246.10993662	17.4196363	3630.73653475
3439	2019-02-11 12:00:00	3657.32670449	3628.66231071	3630.67885624	3642.53989	64940.82046735	17.85585956	3636.94731408
3440	2019-02-11 14:00:00	3652.76996	3632.32094	3636.33994	3645.87452998	58746.3511302	16.11779761	3644.81255762
3441	2019-02-11 16:00:00	3645.87452998	3616.24751102	3645.87452998	3638.899999	98754.01253965	27.20659354	3629.78233178
3442	2019-02-11 18:00:00	3651.0	3635.37308387	3638.89999901	3642.99774001	96279.13942427	26.43363994	3642.29593967
3443	2019-02-11 20:00:00	3651.0	3634.18	3640.00000019	3637.15259	19146.84442007	5.25329236	3644.73231413
3444	2019-02-11 22:00:00	3641.22	3629.96335003	3635.2	3633.54137	6755.80987742	1.85878223	3634.53543313
3445	2019-02-12 00:00:00	3634.57	3590.00000001	3634.56322	3614.79998999	359986.31554538	99.91897314	3602.78237688
3446	2019-02-12 02:00:00	3624.10766998	3611.57327447	3613.78030999	3622.00765999	38101.72797056	10.52511764	3620.07620948
3447	2019-02-12 04:00:00	3636.03057	3619.70607	3626.29641769	3627.6982591	76652.88305996	21.1312773	3627.46094198
3448	2019-02-12 06:00:00	3629.28643149	3619.51000162	3627.34920954	3629.0	43040.80606544	11.86625165	3627.16107284
3449	2019-02-12 08:00:00	3627.2119149	3600.8	3627.2119149	3604.27046002	21145.30309469	5.86100417	3607.79526534
3450	2019-02-12 10:00:00	3617.62254134	3601.91372418	3604.92154282	3604.84540171	77877.00617015	21.57536664	3609.53338451
3451	2019-02-12 12:00:00	3635.14258881	3609.93306001	3611.00000001	3618.34195	354725.20767603	97.86045366	3624.80649137
3452	2019-02-12 14:00:00	3630.15999993	3611.43223609	3618.54195003	3620.3799	138493.41953436	38.263539	3619.4618468
3453	2019-02-12 16:00:00	3634.34999962	3617.27388455	3620.1881651	3631.78999989	67475.40382333	18.60128296	3627.45967406
3454	2019-02-12 18:00:00	3660.56860147	3628.21232665	3631.77999946	3639.78101767	363728.69335019	99.83676739	3643.23387925
3455	2019-02-12 20:00:00	3654.01999998	3604.89297824	3639.78101767	3617.48000001	252467.10436606	69.41363316	3637.14003824
3456	2019-02-12 22:00:00	3640.21439919	3619.98712914	3619.98712914	3633.80360746	143603.80422333	39.62358964	3624.19976403
3457	2019-02-13 00:00:00	3640.21439929	3629.13814003	3629.13814003	3635.79225984	11340.7843023	3.11765157	3637.60479568
3458	2019-02-13 02:00:00	3643.8550881	3630.09702049	3636.33494846	3639.86032073	49861.68754285	13.70059593	3639.38092894
3459	2019-02-13 04:00:00	3645.79515184	3633.28262229	3642.64997994	3645.01046133	25360.71877202	6.96708754	3640.07465478
3460	2019-02-13 06:00:00	3666.6279375	3627.1392	3645.0	3634.20054	275818.74915378	75.61202384	3647.8159841
3461	2019-02-13 08:00:00	3636.54766885	3612.61000017	3634.2429311	3618.62571014	176915.4986753	48.8898997	3618.65129118
3462	2019-02-13 10:00:00	3627.83278999	3603.34548946	3618.62571014	3614.13087873	168997.01245763	46.74742095	3615.10879152
3463	2019-02-13 12:00:00	3624.99999999	3609.3006945	3612.93340043	3611.65511071	150288.10032501	41.56068574	3616.11214177
3464	2019-02-13 14:00:00	3614.8873108	3600.0	3614.58729	3600.53	259540.89514907	72.03914734	3602.77577862
3465	2019-02-13 16:00:00	3614.10124875	3600.5	3600.53	3610.54999999	169615.24686975	47.02716495	3606.75041861
3466	2019-02-13 18:00:00	3615.90736998	3605.20780134	3610.54999999	3605.20780134	89033.88015015	24.65713757	3610.87656251
3467	2019-02-13 20:00:00	3615.99	3600.5	3605.65133386	3604.79407001	31239.43249874	8.66206331	3606.46550143
3468	2019-02-13 22:00:00	3612.0	3601.12450502	3604.76736311	3609.17532079	12731.71796057	3.5284041200000003	3608.35027042
3469	2019-02-14 00:00:00	3626.23120022	3609.63982094	3610.99383004	3616.88268001	74683.01918398	20.6269864	3620.64616399
3470	2019-02-14 02:00:00	3621.51999072	3605.68950004	3616.82506166	3610.51999071	12621.78149353	3.49298407	3613.46666362
3471	2019-02-14 04:00:00	3621.30999993	3605.7895837	3610.51999071	3614.28994972	28578.21897804	7.90026589	3617.37432334
3472	2019-02-14 06:00:00	3621.43141595	3600.0	3613.28512999	3609.0	119213.5265806	33.03105469	3609.13472789
3473	2019-02-14 08:00:00	3616.69999977	3603.70000004	3612.11698	3605.61015649	18686.64571282	5.17845964	3608.53362039
3474	2019-02-14 10:00:00	3606.38536007	3569.182733	3606.38536007	3587.1234	170861.80907959	47.57783487	3591.20606363
3475	2019-02-14 12:00:00	3599.49999977	3580.01000001	3587.1234	3590.80000009	38059.08178645	10.59047366	3593.70912088
3476	2019-02-14 14:00:00	3605.38	3583.12000004	3590.80000009	3594.3879583	285489.38973521	79.53446531	3589.50536251
3477	2019-02-14 16:00:00	3610.59603984	3591.58510005	3597.38910018	3607.39992999	91466.72836137	25.38803957	3602.74877109
3478	2019-02-14 18:00:00	3612.8	3605.25054003	3607.19992997	3608.25204	43156.52596906	11.95824104	3608.93594841
3479	2019-02-14 20:00:00	3607.14998	3591.03227639	3605.94855742	3604.32012684	51657.4918273	14.34819581	3600.27786847
3480	2019-02-14 22:00:00	3605.91693328	3587.42825	3604.32012684	3591.14783653	23532.18015762	6.54370212	3596.15699585
3481	2019-02-15 00:00:00	3606.10822998	3589.14637025	3589.14637025	3604.33205662	22500.24472087	6.24552997	3602.61576342
3482	2019-02-15 02:00:00	3617.0	3601.14360362	3604.53205001	3617.0	17299.98825994	4.79394347	3608.71761801
3483	2019-02-15 04:00:00	3623.20039001	3610.49883001	3612.71369532	3611.98643778	210960.9380503	58.30175068	3618.43230417
3484	2019-02-15 06:00:00	3623.10732822	3605.6616401	3611.4	3614.98999	74487.77314024	20.62291725	3611.89313021
3485	2019-02-15 08:00:00	3620.39998997	3604.40010009	3618.0	3606.41869993	19381.93642511	5.36311982	3613.92940594
3486	2019-02-15 10:00:00	3623.45005005	3601.259448	3606.41869993	3611.94389237	134466.84046583	37.16940614	3617.67524504
3487	2019-02-15 12:00:00	3624.01999999	3611.94389237	3613.88086996	3619.99999874	89304.06684533	24.67557608	3619.12794075
3488	2019-02-15 14:00:00	3652.23814458	3574.21000001	3619.99999893	3585.04311995	510865.42520636	142.09435065	3595.25500394
3489	2019-02-15 16:00:00	3604.99999999	3585.04311996	3585.04311996	3603.27390625	33551.54662047	9.31540083	3601.72871063
3490	2019-02-15 18:00:00	3604.39999683	3597.98312532	3597.98312532	3598.00502416	38023.18034587	10.55973003	3600.77201195
3491	2019-02-15 20:00:00	3604.99999999	3597.0000003	3599.65575455	3601.61964476	9302.74059598	2.58207171	3602.82038641
3492	2019-02-15 22:00:00	3605.30999892	3597.10000001	3600.47305856	3605.30999892	14329.89836142	3.9774169500000003	3602.81522947
3493	2019-02-16 00:00:00	3615.0	3601.00000003	3605.30999892	3614.98999506	31072.60386525	8.60746782	3609.95876081
3494	2019-02-16 02:00:00	3620.11	3607.89074687	3609.93581326	3620.11	65310.65924372	18.06559997	3615.19458817
3495	2019-02-16 04:00:00	3629.18303293	3614.29629864	3622.811928	3614.35425911	266753.04669209	73.62225408	3623.26649768
3496	2019-02-16 06:00:00	3619.31059	3614.90419584	3616.0	3619.31059	7064.96054091	1.95375886	3616.08624562
3497	2019-02-16 08:00:00	3627.38989	3617.62231848	3619.4105901	3619.67322237	75725.57896694	20.89769073	3623.63382372
3498	2019-02-16 10:00:00	3626.28331299	3612.40982134	3619.67322187	3624.92809617	14678.7322763	4.05174025	3622.82164467
3499	2019-02-16 12:00:00	3640.0	3614.00000001	3624.58940122	3623.80265002	141857.56492096	39.10399477	3627.70007911
3500	2019-02-16 14:00:00	3644.4129121	3624.30046001	3631.63854504	3632.0	116855.58524195	32.12815126	3637.17116171
3501	2019-02-16 16:00:00	3637.36256789	3623.17887037	3632.0	3625.9292896	69373.89077892	19.11076401	3630.09509942
3502	2019-02-16 18:00:00	3640.53999999	3625.15873011	3625.9292896	3631.52550002	30426.58635694	8.3767535	3632.26473799
3503	2019-02-16 20:00:00	3637.27069	3626.33000001	3631.47036473	3633.47355636	20768.9702875	5.71598242	3633.49093146
3504	2019-02-16 22:00:00	3633.87396	3616.0	3633.47355636	3620.20816999	18797.16307518	5.17950761	3629.14093202
3505	2019-02-17 00:00:00	3632.01382975	3615.0	3622.29697	3628.37943359	142926.80076477	39.44037981	3623.86978658
3506	2019-02-17 02:00:00	3634.99999999	3627.57227801	3627.57227801	3631.93622098	19722.06196904	5.4290416	3632.69678557
3507	2019-02-17 04:00:00	3643.35786996	3630.41335488	3631.68550244	3643.35786996	28216.10358565	7.75784393	3637.10637133
3508	2019-02-17 06:00:00	3645.0	3634.35774286	3643.52183618	3640.50000023	23202.95962032	6.37795155	3637.99559128
3509	2019-02-17 08:00:00	3647.49	3637.59675031	3643.35786989	3646.83999965	78867.51499569	21.64490612	3643.69864015
3510	2019-02-17 10:00:00	3700.0	3618.9288906	3643.91188366	3618.9288906	532954.53211083	145.63858727	3659.43217454
3511	2019-02-17 12:00:00	3627.99939993	3599.00000006	3625.9998998	3614.0834652	50728.29570582	14.0343853	3614.57196887
3512	2019-02-17 14:00:00	3628.0	3614.0834652	3614.0834652	3624.76533973	24615.20517661	6.79677869	3621.59874542
3513	2019-02-17 16:00:00	3632.47838219	3620.0	3625.12076999	3631.43860978	61900.82837133	17.0654566	3627.25884353
3514	2019-02-17 18:00:00	3631.60193993	3614.08346468	3631.33859995	3620.15677279	143871.11662828	39.70978137	3623.06493928
3515	2019-02-17 20:00:00	3648.91343327	3620.0	3627.84553998	3627.5796	85589.53692584	23.55739162	3633.23488043
3516	2019-02-17 22:00:00	3685.95814995	3635.36463536	3639.0	3669.67084142	150359.94757982	41.00881968	3666.52707278
3517	2019-02-18 00:00:00	3770.9104	3658.80000001	3669.57	3696.47246001	259277.58297969	70.02079105	3702.86566449
3518	2019-02-18 02:00:00	3737.15056963	3691.57975411	3696.53993966	3737.15056963	362513.30683552	97.3655704	3723.21864234
3519	2019-02-18 04:00:00	3755.05392944	3704.72420001	3732.37101017	3721.0	276429.52739293	73.99327292	3735.87376911
3520	2019-02-18 06:00:00	3765.1925455	3712.09040001	3720.99999999	3732.74597	355393.2765108	94.84718215	3747.00933074
3521	2019-02-18 08:00:00	3758.14939302	3731.17702895	3732.74597309	3744.61580002	95067.66243504	25.38898846	3744.44466682
3522	2019-02-18 10:00:00	3755.50000001	3724.0	3744.67580027	3745.50000002	56098.0360621	14.99146119	3741.99921883
3523	2019-02-18 12:00:00	3844.43973676	3732.34688714	3744.19937405	3819.40000001	715329.7200128	188.46524959	3795.55234489
3524	2019-02-18 14:00:00	3850.0	3792.89849	3828.73588989	3825.80719	307682.1183289	80.54235913	3820.12796312
3525	2019-02-18 16:00:00	3986.00000002	3826.05855	3826.13895	3886.10999984	2011929.6100913	515.46372364	3903.14491169
3526	2019-02-18 18:00:00	3922.0	3881.56469013	3886.11999999	3893.1	317962.92107785	81.43510132	3904.49469484
3527	2019-02-18 20:00:00	3910.80813759	3881.0	3893.2	3888.76793179	178090.58037965	45.69864824	3897.06451368
3528	2019-02-18 22:00:00	3906.17996	3867.35194646	3887.21304657	3902.33502	213345.57531258	54.86591346	3888.49035509
3529	2019-02-19 00:00:00	3975.28181155	3866.26	3906.56999	3884.0	388362.2915592	98.82850259	3929.65876626
3530	2019-02-19 02:00:00	3924.67968083	3871.64655296	3882.6282814	3899.06489	539670.29069492	138.48299884	3897.01476149
3531	2019-02-19 04:00:00	3912.83210998	3884.33616191	3890.8071	3890.74134653	131193.4198974	33.65985646	3897.62267861
3532	2019-02-19 06:00:00	3916.40413803	3890.15544	3891.14223885	3910.80351216	88698.85177545	22.6973184	3907.90005287
3533	2019-02-19 08:00:00	3921.33399997	3882.87660002	3915.35744875	3893.77545996	115011.57916762	29.39530249	3912.58362477
3534	2019-02-19 10:00:00	3898.3278209	3874.64984886	3893.61516259	3896.0	282716.23874067	72.69120114	3889.27730326
3535	2019-02-19 12:00:00	3985.7636	3896.0	3896.0	3973.82306519	286469.58535247	72.71999105	3939.3512185
3536	2019-02-19 14:00:00	4000.0	3931.92515	3971.8101	3975.82647959	203416.11467198	51.27162997	3967.42047777
3537	2019-02-19 16:00:00	3981.0	3943.71137494	3974.19829018	3958.99131006	127136.17740768	32.08231573	3962.81173957
3538	2019-02-19 18:00:00	3968.30222007	3944.73408	3959.32741001	3963.4521581	90260.02732966	22.83649121	3952.44726957
3539	2019-02-19 20:00:00	3960.91985842	3897.85770007	3960.91985842	3912.70334992	225865.19591247	57.53001808	3926.04076011
3540	2019-02-19 22:00:00	3944.6942	3909.62460003	3913.71691999	3914.72000004	224307.89921172	57.1144167	3927.3429052
3541	2019-02-20 00:00:00	3922.05047602	3880.0	3911.70096806	3908.78440436	111997.87286054	28.72817052	3898.53829301
3542	2019-02-20 02:00:00	3923.85	3898.70335132	3908.78440436	3914.37215009	80820.36879364	20.64558724	3914.6558465
3543	2019-02-20 04:00:00	3918.975	3888.00000009	3912.49999999	3900.00000003	135229.69712417	34.63270171	3904.68229295
3544	2019-02-20 06:00:00	3923.0	3897.05296997	3900.00000003	3906.80000036	55367.78729937	14.1733841	3906.46206359
3545	2019-02-20 08:00:00	3938.51163873	3906.80000011	3911.44985996	3934.1559832	79964.6022586	20.40668775	3918.54882273
3546	2019-02-20 10:00:00	3988.45564847	3927.01089989	3936.56061432	3951.251385	428422.60776599	108.00279909	3966.77318898
3547	2019-02-20 12:00:00	3995.0	3937.43494433	3960.0	3946.92608789	280276.94724769	70.75107997	3961.45115193
3548	2019-02-20 14:00:00	3957.86315	3934.24946416	3948.37485498	3943.12883	239125.23636612	60.65387255	3942.45620787
3549	2019-02-20 16:00:00	3970.0	3937.39749325	3945.74066128	3946.47796001	375599.50595337	94.91022185	3957.41890211
3550	2019-02-20 18:00:00	3969.67159547	3936.75253318	3945.37752001	3955.99999997	80705.94245355	20.43856637	3948.7085832
3551	2019-02-20 20:00:00	3973.49637998	3950.80173027	3955.25142081	3950.80173027	88178.27238782	22.2558621	3962.02456645
3552	2019-02-20 22:00:00	3978.43154	3948.02499992	3949.9076479	3970.74600001	91413.23342226	23.04676411	3966.42378886
3553	2019-02-21 00:00:00	3976.22112398	3947.75009149	3976.22112398	3954.77294999	120559.511988	30.47088313	3956.54800924
3554	2019-02-21 02:00:00	3975.0	3947.82000005	3954.77294999	3975.0	97535.15452265	24.61272323	3962.79410495
3555	2019-02-21 04:00:00	3985.1	3957.66904184	3968.89261612	3983.66000001	191356.2978537	48.13962616	3975.02666966
3556	2019-02-21 06:00:00	4010.0	3946.71871546	3985.1	3964.76960122	375995.4452166	94.26881617	3988.54531639
3557	2019-02-21 08:00:00	3967.39332997	3919.28804996	3962.2363024	3926.79609043	287623.28930745	72.82238506	3949.65489073
3558	2019-02-21 10:00:00	3939.96636415	3906.09925	3931.94379998	3925.951421	102031.25114344	26.00233779	3923.92607031
3559	2019-02-21 12:00:00	3941.89045661	3922.80844275	3930.00893497	3941.89045661	129592.00745419	32.97548777	3929.94967528
3560	2019-02-21 14:00:00	3975.33441095	3926.30168402	3941.89045402	3928.55212003	540305.6445212	136.71442567	3952.07485876
3561	2019-02-21 16:00:00	3940.0	3915.36865	3929.35709514	3939.79997998	53717.01902259	13.65851215	3932.86021439
3562	2019-02-21 18:00:00	3937.37999965	3917.09999001	3932.65658366	3931.70682739	19280.40402021	4.90695764	3929.19715936
3563	2019-02-21 20:00:00	3940.08407	3929.55736505	3935.35989971	3935.80933308	88114.85199039	22.39963816	3933.76229388
3564	2019-02-21 22:00:00	3940.08407	3922.5	3931.16160024	3940.08407	56224.37601647	14.2881098	3935.04646895
3565	2019-02-22 00:00:00	3950.0	3933.10000001	3942.62999988	3949.59989982	19598.64833152	4.97026684	3943.17829654
3566	2019-02-22 02:00:00	3957.72999999	3948.87063293	3949.59989983	3957.72999977	107142.77501321	27.09269803	3954.6735026
3567	2019-02-22 04:00:00	3965.0	3955.57400561	3957.71999977	3955.94163488	31973.54117284	8.07681455	3958.6820986
3568	2019-02-22 06:00:00	3969.172133	3933.1	3954.35925823	3938.17973357	43412.57527784	10.98324432	3952.61855359
3569	2019-02-22 08:00:00	3973.95605	3933.11	3938.17973357	3953.26837003	181508.97265961	45.85365575	3958.44060175
3570	2019-02-22 10:00:00	3959.0	3944.97000009	3954.32269101	3949.68000032	132979.20834944	33.64061799	3952.93595346
3571	2019-02-22 12:00:00	3984.56697	3949.98000006	3949.98000006	3978.50628903	77876.74128568	19.62671043	3967.89576956
3572	2019-02-22 14:00:00	3983.00878999	3936.92341527	3978.69992375	3956.2	164692.62564218	41.68672783	3950.72087005
3573	2019-02-22 16:00:00	3985.02987319	3951.6986939	3956.22506997	3969.17343476	612335.03403742	154.36730221	3966.74052905
3574	2019-02-22 18:00:00	3985.7095254	3963.69727278	3967.68734054	3963.69727278	82936.46657655	20.87163659	3973.64462623
3575	2019-02-22 20:00:00	3971.63259984	3957.67378	3971.63259984	3966.3003734	99433.24359399	25.09020042	3963.03106111
3576	2019-02-22 22:00:00	3966.3003734	3966.3003734	3966.3003734	3966.3003734	0.0	0.0	3966.3003734
3577	2019-02-23 00:00:00	3966.3003734	3966.3003734	3966.3003734	3966.3003734	0.0	0.0	3966.3003734
3578	2019-02-23 02:00:00	3966.3003734	3966.3003734	3966.3003734	3966.3003734	0.0	0.0	3966.3003734
3579	2019-02-23 04:00:00	3966.3003734	3966.3003734	3966.3003734	3966.3003734	0.0	0.0	3966.3003734
3580	2019-02-23 06:00:00	3966.3003734	3950.617266	3966.3003734	3960.115	138175.27598013	34.91495545	3957.48109081
3581	2019-02-23 08:00:00	3961.32	3939.11117777	3961.32	3955.31035052	102139.88712061	25.87502374	3947.43162931
3582	2019-02-23 10:00:00	3963.34839254	3955.31035052	3955.32269032	3956.42511803	14418.33610256	3.6419605600000002	3958.94899602
3583	2019-02-23 12:00:00	3959.58649112	3951.46375984	3952.85085115	3953.18737839	91453.88676229	23.1311011	3953.71955562
3584	2019-02-23 14:00:00	3955.16458797	3938.00000001	3953.14072488	3946.75571598	101413.45534515	25.68287968	3948.67929954
3585	2019-02-23 16:00:00	4090.6406687	3944.37321282	3946.75571597	4090.64066009	876156.88777923	218.50861606	4009.71322585
3586	2019-02-23 18:00:00	4150.0	4086.0352087	4090.6406687	4102.75123451	607073.84082207	147.3804559	4119.09324825
3587	2019-02-23 20:00:00	4153.90154684	4100.30000002	4100.30000002	4118.76420761	106438.59626613	25.77735282	4129.15154668
3588	2019-02-23 22:00:00	4122.75999996	4109.0	4117.95561831	4112.11277084	83585.10888946	20.30764969	4115.94202999
3589	2019-02-24 00:00:00	4146.93	4117.60261769	4117.60261769	4144.51524393	238187.70143241	57.54820253	4138.92512643
3590	2019-02-24 02:00:00	4193.17030086	4140.06764587	4143.57956962	4166.79750001	132616.4385303	31.82914061	4166.51018496
3591	2019-02-24 04:00:00	4176.21013021	4159.01202	4173.96729751	4170.46228001	133412.2855217	32.01106259	4167.69312629
3592	2019-02-24 06:00:00	4182.99257305	4159.62480572	4170.56228001	4164.54144003	165850.69646831	39.69829995	4177.77830983
3593	2019-02-24 08:00:00	4170.0	4130.4494846	4165.69999996	4138.51612066	148089.7025644	35.74405555	4143.05820326
3594	2019-02-24 10:00:00	4176.16291356	4134.58000001	4138.51612014	4143.93399334	414236.68737784	99.5994001	4159.02793552
3595	2019-02-24 12:00:00	4159.02164918	4090.21282713	4144.31000001	4103.8	573846.53087124	138.75938517	4135.55112087
3596	2019-02-24 14:00:00	4103.86000001	3732.37678131	4100.4569	3786.40349995	2195236.3805909	568.91450618	3858.64019416
3597	2019-02-24 16:00:00	3795.1548633	3708.3500136	3777.80000002	3775.12819648	1264917.5054643	337.68419669	3745.85934983
3598	2019-02-24 18:00:00	3800.0	3764.99999999	3775.12819648	3787.85238998	148532.24823126	39.26472424	3782.84200656
3599	2019-02-24 20:00:00	3821.6390439	3784.56024988	3784.56024988	3803.90384994	138916.60890487	36.52847925	3802.96721235
3600	2019-02-24 22:00:00	3799.5192	3746.07751542	3799.5192	3750.94339887	270395.41184472	71.61731429	3775.55922789
3601	2019-02-25 00:00:00	3789.78226649	3748.5077175	3750.94339875	3787.69999989	65136.46696058	17.2714225	3771.34349881
3602	2019-02-25 02:00:00	3810.5	3778.3580561	3785.93464996	3800.26796052	183758.3208549	48.39512873	3797.04167913
3603	2019-02-25 04:00:00	3812.0	3787.87882317	3800.27622391	3806.7502109	33681.10700848	8.85382288	3804.13155593
3604	2019-02-25 06:00:00	3816.93241522	3777.8473	3808.00140509	3787.0430766	24574.48944847	6.45631385	3806.27243647
3605	2019-02-25 08:00:00	3805.2183163	3786.59433416	3787.0430738	3795.93460671	79326.94071602	20.88445267	3798.37297962
3606	2019-02-25 10:00:00	3808.56549999	3757.54003794	3794.85367029	3798.15204458	283573.80142563	74.78915455	3791.64336235
3607	2019-02-25 12:00:00	3822.76092923	3795.27596003	3797.54999978	3803.44134413	86557.00622672	22.74520716	3805.50529251
3608	2019-02-25 14:00:00	3810.79343639	3778.38939001	3803.1259422	3810.79343633	153149.90420941	40.28900813	3801.28256608
3609	2019-02-25 16:00:00	3854.53739999	3800.75355003	3809.66454996	3829.0515594	161504.35987389	42.084355	3837.63419622
3610	2019-02-25 18:00:00	3870.0	3833.49999021	3833.49999956	3856.96368996	162056.56127381	41.99401411	3859.03954904
3611	2019-02-25 20:00:00	3869.00000001	3809.99999999	3853.00000027	3820.0	324274.31782063	84.44356095	3840.13078288
3612	2019-02-25 22:00:00	3845.0	3819.85023284	3820.0	3826.98240025	83422.8483535	21.73374485	3838.40193805
3613	2019-02-26 00:00:00	3834.587559	3823.62075002	3826.98240025	3833.57891925	56641.37825517	14.78791237	3830.24843791
3614	2019-02-26 02:00:00	3843.79999962	3832.45	3834.48754828	3837.91816223	30074.33170541	7.83239486	3839.73640795
3615	2019-02-26 04:00:00	3837.49999974	3776.55888961	3836.00000008	3801.17713978	105997.12054632	27.93704228	3794.14253964
3616	2019-02-26 06:00:00	3814.77430949	3785.13862901	3809.158133	3809.27393435	66961.09465491	17.65310435	3793.16256944
3617	2019-02-26 08:00:00	3811.73494452	3791.78094481	3808.97391999	3806.40000001	57876.31693533	15.2098939	3805.17558609
3618	2019-02-26 10:00:00	3827.29237537	3806.90000018	3806.90000018	3808.0	16060.85507651	4.2081457	3816.6109782
3619	2019-02-26 12:00:00	3818.82427984	3790.8554615	3818.82427984	3803.88543514	41662.2719976	10.94925217	3805.03356309
3620	2019-02-26 14:00:00	3831.92535163	3800.12129	3803.88543477	3824.98999949	61865.67012012	16.20119346	3818.58720919
3621	2019-02-26 16:00:00	3834.40286671	3793.35400665	3820.43363585	3817.63815062	329737.10606021	86.46723558	3813.4341158
3622	2019-02-26 18:00:00	3826.18999999	3806.09682817	3814.92083994	3820.17377	81455.90245755	21.33399084	3818.12775061
3623	2019-02-26 20:00:00	3820.78999998	3800.7177	3819.18929	3800.7177	64296.80932985	16.84841771	3816.19273907
3624	2019-02-26 22:00:00	3812.84094136	3800.81770004	3800.81770005	3811.28752027	33642.6154869	8.8400916	3805.68629932
3625	2019-02-27 00:00:00	3812.64093992	3795.0	3811.0	3796.1130237	74922.75935184	19.71032147	3801.19418477
3626	2019-02-27 02:00:00	3821.86185	3796.1130237	3796.1130237	3818.79999917	53045.76588928	13.93764121	3805.93567376
3627	2019-02-27 04:00:00	3830.0	3813.20004	3823.72854143	3823.08430002	11469.60426668	3.00237484	3820.17731892
3628	2019-02-27 06:00:00	3827.8135798	3812.73073032	3823.08430002	3822.07388024	93811.84745926	24.56393892	3819.08812608
3629	2019-02-27 08:00:00	3838.99999999	3820.82119173	3829.72579724	3822.0	35538.3085131	9.27830698	3830.25788968
3630	2019-02-27 10:00:00	3830.7	3818.52160002	3822.0	3828.38638417	79584.24937852	20.8112633	3824.09506964
3631	2019-02-27 12:00:00	3838.72842824	3812.0421	3829.99999973	3831.89422999	231267.19863121	60.41675566	3827.86523547
3632	2019-02-27 14:00:00	3831.6	3790.0	3830.09408	3809.56782672	289033.8798207	75.78660312	3813.7859189
3633	2019-02-27 16:00:00	3817.49999963	3807.16354278	3811.24999998	3816.58486962	50629.28332294	13.27193625	3814.76239557
3634	2019-02-27 18:00:00	3819.09999999	3809.82367432	3816.58486962	3819.09999999	103140.83382733	27.03216474	3815.48554543
3635	2019-02-27 20:00:00	3815.09999	3682.51	3815.05076619	3764.5184	788299.5772594	210.75725984	3740.31991997
3636	2019-02-27 22:00:00	3825.0	3761.30847	3764.9684357	3816.21998944	228433.81870675	60.01418755	3806.33027009
3637	2019-02-28 00:00:00	3833.84999	3809.60314294	3816.21998944	3825.11317569	123974.67706616	32.42904522	3822.95180832
3638	2019-02-28 02:00:00	3827.25235456	3810.10894883	3825.11317569	3817.81251514	152456.81444228	39.92345656	3818.72782516
3639	2019-02-28 04:00:00	3829.49998999	3813.99839	3817.40999	3829.39994914	22716.8152431	5.9448602600000005	3821.25302355
3640	2019-02-28 06:00:00	3828.50483	3814.03903853	3828.50483	3818.92502	29932.92253962	7.83343787	3821.17316003
3641	2019-02-28 08:00:00	3852.28057215	3819.96992005	3822.72524039	3837.23941003	115346.92407674	30.03131158	3840.88865947
3642	2019-02-28 10:00:00	3842.90310999	3821.8	3837.23940996	3835.75372981	171679.49978676	44.72479686	3838.5752835
3643	2019-02-28 12:00:00	3837.64889953	3824.58970483	3837.6488995	3832.34999985	46470.8359813	12.12648149	3832.17803281
3644	2019-02-28 14:00:00	3898.0	3776.74181127	3832.35	3854.43699997	360625.62858041	93.69628302	3848.87870635
3645	2019-02-28 16:00:00	3879.93999993	3797.0392	3859.02999997	3816.45347999	294479.45161425	76.9540414	3826.69248108
3646	2019-02-28 18:00:00	3845.58718142	3808.85351503	3813.47073836	3823.47445529	288480.41467075	75.36458212	3827.79823832
3647	2019-02-28 20:00:00	3827.8230486	3812.09130001	3818.99719001	3825.45492071	28244.05959998	7.38346654	3825.31151823
3648	2019-02-28 22:00:00	3825.45492071	3810.0	3825.0	3820.78809986	31721.63362362	8.30279378	3820.59755597
3649	2019-03-01 00:00:00	3825.45492074	3814.98922306	3821.66149863	3825.45492074	61906.96140933	16.19411919	3822.80509875
3650	2019-03-01 02:00:00	3829.98934044	3822.20000013	3822.20000013	3824.09610001	10878.16401092	2.84191239	3827.76191454
3651	2019-03-01 04:00:00	3829.97999965	3825.20046319	3825.20046319	3828.32959968	21397.28627827	5.59254713	3826.03593333
3652	2019-03-01 06:00:00	3842.04	3823.38832783	3828.08714222	3842.04	86709.72872334	22.64634685	3828.86163926
3653	2019-03-01 08:00:00	3851.7884	3835.54822515	3840.90520657	3840.60561995	99175.22798304	25.80845183	3842.74223949
3654	2019-03-01 10:00:00	3842.86129999	3827.68822002	3841.7864	3829.0	46868.40176265	12.22147261	3834.92262007
3655	2019-03-01 12:00:00	3833.22644572	3822.88493059	3829.09381	3833.22644572	63318.72045511	16.54064836	3828.06762328
3656	2019-03-01 14:00:00	3836.17896667	3827.56904571	3831.28026011	3830.79457	51337.69364055	13.39852712	3831.5923221
3657	2019-03-01 16:00:00	3856.48649999	3828.78202991	3828.78202996	3844.2500101	199725.43361987	51.88128294	3849.6625816
3658	2019-03-01 18:00:00	3856.38999994	3844.15001166	3844.25001081	3845.43030999	58160.02186438	15.10274595	3850.95677679
3659	2019-03-01 20:00:00	3849.89893787	3837.14334618	3845.08647	3848.52973014	41026.0260463	10.6724032	3844.12257272
3660	2019-03-01 22:00:00	3855.94991976	3814.54120379	3849.76331	3827.14680095	257198.28123576	67.07685551	3834.38190833
3661	2019-03-02 00:00:00	3835.05293868	3826.0	3826.76268852	3835.05293867	44958.97465674	11.73390613	3831.54374669
3662	2019-03-02 02:00:00	3839.66000001	3833.19724	3835.05293867	3837.15962999	19276.02075972	5.02315545	3837.43265594
3663	2019-03-02 04:00:00	3834.32999189	3803.8633547	3834.32999189	3815.02000001	94449.19184067	24.72297484	3820.30044733
3664	2019-03-02 06:00:00	3819.86752	3797.65448	3815.02000001	3804.04140817	35257.8060649	9.25927119	3807.83814853
3665	2019-03-02 08:00:00	3814.49998999	3770.0	3803.52857973	3804.96663	244057.76341462	64.41890211	3788.60482592
3666	2019-03-02 10:00:00	3832.0670273	3803.87696005	3804.31246003	3822.57520723	70363.5540154	18.42542356	3818.82966143
3667	2019-03-02 12:00:00	3831.87041	3814.60650001	3818.73742	3822.3929	55175.7450134	14.43455549	3822.47621352
3668	2019-03-02 14:00:00	3826.18999999	3815.02494693	3822.9	3816.71523	72981.30372635	19.10243364	3820.52387155
3669	2019-03-02 16:00:00	3823.39299991	3804.41343455	3815.2	3809.57419649	26519.83378164	6.95396277	3813.62895643
3670	2019-03-02 18:00:00	3822.85994	3807.00020006	3809.53447	3820.5	47324.34747222	12.39716992	3817.35087746
3671	2019-03-02 20:00:00	3822.63985	3813.33040957	3822.46570337	3821.25894611	16615.67080633	4.35187729	3818.04671848
3672	2019-03-02 22:00:00	3825.1830424	3814.22155129	3821.5017748	3823.85992	15468.69748423	4.04847157	3820.87343748
3673	2019-03-03 00:00:00	3835.0	3817.0	3823.85991999	3829.10465	66618.7424357	17.40815282	3826.87026731
3674	2019-03-03 02:00:00	3829.10464999	3819.10485676	3829.10464999	3823.50217906	11149.9612684	2.91431118	3825.93366999
3675	2019-03-03 04:00:00	3828.69638682	3821.7765378	3824.93080665	3822.32597906	26711.88663626	6.98211049	3825.76108964
3676	2019-03-03 06:00:00	3826.88866831	3820.41670429	3823.74535191	3823.69643792	10139.2453194	2.65224113	3822.89724894
3677	2019-03-03 08:00:00	3832.81453883	3810.44432	3823.69643792	3825.71511	52976.63941026	13.86431209	3821.0795506
3678	2019-03-03 10:00:00	3828.41998999	3821.60538	3824.99999999	3826.27999	49140.04187813	12.84586403	3825.35902321
3679	2019-03-03 12:00:00	3825.29997999	3795.0	3825.29997999	3822.12920002	46121.57559994	12.10991484	3808.57968113
3680	2019-03-03 14:00:00	3828.0	3798.42068913	3822.39987998	3799.62856372	139614.04505484	36.60963549	3813.58741178
3681	2019-03-03 16:00:00	3811.35391467	3787.93213173	3799.62856372	3804.98208326	204524.12051233	53.80252751	3801.38499021
3682	2019-03-03 18:00:00	3809.955	3801.07026018	3804.98208326	3808.05995497	46669.57356069	12.25909029	3806.93611488
3683	2019-03-03 20:00:00	3816.99999999	3808.0	3810.74582717	3810.72996999	35344.91828068	9.26874888	3813.34295904
3684	2019-03-03 22:00:00	3813.58995998	3780.32396209	3809.79609	3807.07705161	79184.8729601	20.83092005	3801.3142372
3685	2019-03-04 00:00:00	3829.06605996	3811.80999861	3811.80999861	3828.08999999	38603.56232975	10.09994903	3822.15417276
3686	2019-03-04 02:00:00	3827.89999	3794.9688	3827.89999	3803.55234001	87120.42422287	22.87108082	3809.19576597
3687	2019-03-04 04:00:00	3803.55234001	3704.0	3803.55234001	3731.59764	405449.03030022	108.30931836	3743.43626605
3688	2019-03-04 06:00:00	3751.49	3716.39479002	3730.01995577	3733.33898995	29557.57645489	7.91385947	3734.91297981
3689	2019-03-04 08:00:00	3733.11317997	3704.00000002	3730.0648395	3706.38265874	42744.06303196	11.47938254	3723.55071215
3690	2019-03-04 10:00:00	3717.77156338	3671.37113	3707.86521181	3703.00312054	327030.39359667	88.33847477	3702.0153953
3691	2019-03-04 12:00:00	3714.523596	3691.85594	3707.03650328	3709.02384192	63633.81719746	17.19280985	3701.18774956
3692	2019-03-04 14:00:00	3727.03435583	3706.76303147	3708.07033999	3707.0497374	69309.4585952	18.64340698	3717.6390919
3693	2019-03-04 16:00:00	3734.08999991	3711.62628866	3711.62628866	3727.47511623	54571.16584917	14.63920168	3727.74192487
3694	2019-03-04 18:00:00	3729.69307999	3710.00000001	3726.73769626	3724.38999678	81040.47221135	21.78796813	3719.50572572
3695	2019-03-04 20:00:00	3732.39999982	3710.0	3723.60675114	3714.64078905	68568.37068329	18.40903157	3724.71362344
3696	2019-03-04 22:00:00	3722.66999953	3700.0	3714.29280465	3719.22138508	21585.84116861	5.81176342	3714.16377589
3697	2019-03-05 00:00:00	3722.54879171	3715.52016874	3718.91923996	3715.52016874	25433.64961891	6.83663748	3720.19866393
3698	2019-03-05 02:00:00	3719.120627	3706.3315903	3719.120627	3712.31604005	13627.62215511	3.67061946	3712.62188947
3699	2019-03-05 04:00:00	3724.66661549	3712.0219803	3716.00996996	3720.48764	2710.53487834	0.7290464600000001	3717.91789284
3700	2019-03-05 06:00:00	3730.6299942	3716.5234	3724.0	3730.6299942	12222.81916772	3.28110425	3725.21512162
3701	2019-03-05 08:00:00	3744.86999995	3730.6299942	3730.6299942	3739.04622138	101686.24760248	27.18658407	3740.30982857
3702	2019-03-05 10:00:00	3745.08234992	3727.50260015	3739.50998999	3739.49993	54144.84217865	14.49230588	3736.10953474
3703	2019-03-05 12:00:00	3845.0	3741.07944635	3741.58146999	3838.90700003	796737.36126422	209.51904635	3802.69658126
3704	2019-03-05 14:00:00	3845.122217	3817.00000001	3845.1222163	3831.08924818	223767.46090433	58.40683876	3831.18596477
3705	2019-03-05 16:00:00	3879.87999999	3827.54510055	3829.70000013	3842.13993682	233012.16872704	60.52366659	3849.93477519
3706	2019-03-05 18:00:00	3858.18956507	3838.56976825	3846.44	3855.85145863	80136.78338018	20.84099058	3845.15232481
3707	2019-03-05 20:00:00	3857.48951992	3836.66844321	3857.48951992	3851.13519	134929.36074164	35.05933037	3848.60062407
3708	2019-03-05 22:00:00	3859.5759974	3832.91022871	3848.52518	3859.05856	80823.23378923	21.03045015	3843.15281949
3709	2019-03-06 00:00:00	3866.04999999	3812.0372	3860.0	3838.25299993	68422.97514103	17.79812192	3844.39298981
3710	2019-03-06 02:00:00	3845.0	3825.7789889	3838.34646	3829.01179998	79085.25861756	20.60718885	3837.75095153
3711	2019-03-06 04:00:00	3841.0	3821.73517018	3826.67000001	3834.67098	16083.72882849	4.19469631	3834.30113644
3712	2019-03-06 06:00:00	3858.71959902	3830.86041002	3834.52348998	3849.81828644	165813.88876576	43.14245276	3843.40430731
3713	2019-03-06 08:00:00	3852.02209621	3834.24959	3848.14552	3850.08141118	54745.06665652	14.23118474	3846.83831014
3714	2019-03-06 10:00:00	3902.65759857	3844.76712167	3847.6120301	3858.50000032	497700.95411494	128.65008656	3868.64064706
3715	2019-03-06 12:00:00	3863.21499	3845.06389916	3858.50000001	3849.89998	75143.53730501	19.4924927	3854.99886861
3716	2019-03-06 14:00:00	3864.88136365	3834.99147904	3850.11158834	3859.49	76366.700439	19.79631202	3857.62258959
3717	2019-03-06 16:00:00	3876.61249997	3852.37020001	3860.58586999	3857.61170002	153390.46214679	39.69411437	3864.31249522
3718	2019-03-06 18:00:00	3862.68996998	3852.2673888	3857.7317	3852.51013417	56554.56823986	14.66679891	3855.95852148
3719	2019-03-06 20:00:00	3860.0	3848.05101539	3852.71	3856.60417001	114832.58342538	29.79169265	3854.51692102
3720	2019-03-06 22:00:00	3866.21859427	3853.47000175	3858.90159	3861.94211998	35046.91056272	9.07981361	3859.87114582
3721	2019-03-07 00:00:00	3900.0	3859.76316522	3866.11	3879.88787222	210833.88587216	54.37081656	3877.70313582
3722	2019-03-07 02:00:00	3887.061	3869.54384755	3878.3365376	3884.55299456	23917.34090151	6.17173358	3875.30352558
3723	2019-03-07 04:00:00	3900.44865145	3871.548	3884.55057106	3873.9997	181578.79251932	46.67448733	3890.32216327
3724	2019-03-07 06:00:00	3879.1605983	3856.46076	3878.94413496	3879.16059829	112198.32381618	29.00841528	3867.78535584
3725	2019-03-07 08:00:00	3879.46997999	3853.7886901	3879.29953937	3859.20000002	67414.79973619	17.44689675	3863.99946662
3726	2019-03-07 10:00:00	3870.75331525	3841.3135798	3858.65095199	3866.25668848	53004.7733357	13.7306922	3860.31327216
3727	2019-03-07 12:00:00	3879.0	3859.53358	3866.25668848	3872.09131031	102359.33585243	26.44403497	3870.79112429
3728	2019-03-07 14:00:00	3898.99999997	3860.32000001	3872.0913103	3880.66	240016.23778758	62.00329076	3871.02418025
3729	2019-03-07 16:00:00	3895.89383798	3875.65848026	3886.02540734	3878.878633	72088.02277567	18.54999373	3886.14809389
3730	2019-03-07 18:00:00	3895.43061217	3876.0	3882.9	3882.4229	87351.15431462	22.47397509	3886.76920592
3731	2019-03-07 20:00:00	3888.70319109	3875.80651	3879.0	3882.46071733	40905.72560169	10.53887858	3881.41160287
3732	2019-03-07 22:00:00	3882.76942359	3869.28337955	3882.46071733	3877.51152117	183299.25170617	47.29438684	3875.70838641
3733	2019-03-08 00:00:00	3885.22024559	3863.47067	3877.72376167	3868.21802608	150829.4363643	38.92670696	3874.70320875
3734	2019-03-08 02:00:00	3881.53075	3869.42383738	3869.42383738	3873.51695527	25351.71322057	6.54448961	3873.74947953
3735	2019-03-08 04:00:00	3899.54841883	3874.79420796	3874.79420796	3894.59787001	56679.22865428	14.56041689	3892.69270807
3736	2019-03-08 06:00:00	3935.0	3890.26355003	3894.49787244	3897.19	276809.09963885	70.72494736	3913.88201718
3737	2019-03-08 08:00:00	3900.00000327	3876.6	3897.19	3889.11360006	84839.31576913	21.80377581	3891.03779585
3738	2019-03-08 10:00:00	3910.0	3886.6	3889.09799	3895.09318676	86915.06805578	22.30556628	3896.56406677
3739	2019-03-08 12:00:00	3909.82535755	3888.87067643	3895.09318676	3900.99	39129.29810866	10.04549251	3895.20952503
3740	2019-03-08 14:00:00	3915.42217764	3900.1	3906.25643729	3905.88430123	68038.40809292	17.39450325	3911.48899828
3741	2019-03-08 16:00:00	3915.28884	3901.01259039	3910.0826299	3911.37926408	44222.34220616	11.32071336	3906.32116545
3742	2019-03-08 18:00:00	3922.00588819	3902.97442918	3910.40141937	3918.90325017	234474.26917096	59.98148365	3909.11086059
3743	2019-03-08 20:00:00	3926.93700032	3885.98236344	3919.45945929	3894.0	301872.13829077	77.25264375	3907.59621467
3744	2019-03-08 22:00:00	3885.98	3795.97510448	3885.98	3860.21	576076.98664485	150.20346466	3835.31090943
3745	2019-03-09 00:00:00	3889.79999999	3854.7100001	3854.7100001	3874.40000092	117931.5277656	30.41737271	3877.11091585
3746	2019-03-09 02:00:00	3887.04789858	3873.80000057	3877.97458999	3877.73424015	48288.37851062	12.42887184	3885.17792541
3747	2019-03-09 04:00:00	3882.19383794	3864.02235056	3876.18314644	3882.19383794	14173.23741432	3.65749001	3875.12676058
3748	2019-03-09 06:00:00	3938.86292074	3882.19383794	3882.19383794	3912.00000058	202684.09516076	51.80039606	3912.79045291
3749	2019-03-09 08:00:00	3925.0	3910.00000001	3912.0	3915.69995	79901.37210657	20.39452902	3917.78461901
3750	2019-03-09 10:00:00	3920.69989999	3910.0	3914.32802	3912.61	59657.56435323	15.23918054	3914.74884076
3751	2019-03-09 12:00:00	3938.35380831	3909.45867822	3913.26657001	3920.15462506	227781.28792122	58.07901141	3921.92088658
3752	2019-03-09 14:00:00	3960.48129077	3919.36309534	3921.89589383	3950.78013989	391505.27818164	99.14462618	3948.83004017
3753	2019-03-09 16:00:00	3968.78862	3899.89401803	3950.58957999	3914.97233085	125847.21745059	32.06708392	3924.49833494
3754	2019-03-09 18:00:00	3932.83877723	3913.09105769	3913.09105769	3928.32394842	63211.70060395	16.09506229	3927.39707775
3755	2019-03-09 20:00:00	3927.28912	3912.66923165	3925.69698651	3916.49608731	94180.78404152	24.02274913	3920.48318582
3756	2019-03-09 22:00:00	3940.34169997	3910.92942	3913.93534	3940.29437935	64036.8050728	16.3076017	3926.80703458
3757	2019-03-10 00:00:00	3940.29437935	3923.81127738	3940.29437935	3934.86574108	24583.16036601	6.25583909	3929.63438035
3758	2019-03-10 02:00:00	3936.09923026	3916.23127	3936.09923026	3921.62861062	34132.62092101	8.70223361	3922.28276678
3759	2019-03-10 04:00:00	3924.37580999	3911.87450866	3924.1439821	3919.51862727	38174.90504271	9.74273406	3918.29488597
3760	2019-03-10 06:00:00	3918.08868979	3886.0274	3916.94432001	3904.88165	227333.96631292	58.25711439	3902.25243205
3761	2019-03-10 08:00:00	3915.62530999	3892.2	3903.86578254	3899.89999981	19800.38315799	5.06579787	3908.64058656
3762	2019-03-10 10:00:00	3913.77183	3899.89999981	3901.0983749	3908.19992999	89491.45243871	22.90635674	3906.83919989
3763	2019-03-10 12:00:00	3912.68	3890.62793187	3903.42	3890.62793187	24436.65818517	6.26216102	3902.27241157
3764	2019-03-10 14:00:00	3913.96999999	3892.25622003	3893.71870886	3907.89993999	41358.09911902	10.5825467	3908.14236794
3765	2019-03-10 16:00:00	3910.97999987	3884.68130279	3905.5	3910.03296995	73891.24532492	18.965763420000002	3896.03327261
3766	2019-03-10 18:00:00	3908.80357435	3900.10000968	3908.80357435	3902.10004519	63924.43208872	16.36619044	3905.88343225
3767	2019-03-10 20:00:00	3923.31148717	3902.40006383	3902.40006383	3916.53394	76647.62879812	19.592074	3912.17534183
3768	2019-03-10 22:00:00	3930.92127196	3914.66065001	3915.93414	3921.10716996	14682.97671876	3.73990998	3926.02410145
3769	2019-03-11 00:00:00	3933.44	3918.83149718	3920.0	3928.50954995	60531.08060437	15.42314664	3924.69072733
3770	2019-03-11 02:00:00	3933.45000012	3925.29825971	3928.50954995	3931.58824115	18959.6929274	4.82564472	3928.94504828
3771	2019-03-11 04:00:00	3933.45000012	3864.0	3933.25	3879.53916897	124201.0900397	31.9215406	3890.8238044
3772	2019-03-11 06:00:00	3901.69	3870.87495497	3883.19460616	3890.0	64086.60445267	16.49607995	3884.95961749
3773	2019-03-11 08:00:00	3898.22571629	3874.11456189	3890.0	3898.22571629	89547.83949692	23.03849515	3886.87884837
3774	2019-03-11 10:00:00	3900.57757536	3871.12913999	3899.87134952	3874.07205447	51923.31939733	13.36015453	3886.43104993
3775	2019-03-11 12:00:00	3876.43714567	3837.60182639	3874.70017392	3873.14835841	216535.18074486	56.16467584	3855.3624232
3776	2019-03-11 14:00:00	3870.29	3852.70016546	3870.23412901	3855.16687457	71455.00075066	18.51480313	3859.34434457
3777	2019-03-11 16:00:00	3873.74406967	3847.72351754	3854.47825619	3869.99999995	171558.23117437	44.45430188	3859.20425963
3778	2019-03-11 18:00:00	3883.85040455	3855.0	3870.0	3855.0	59588.09392401	15.40742365	3867.4924035
3779	2019-03-11 20:00:00	3872.00791924	3856.6168838	3856.6168838	3871.03790908	34107.0596918	8.81777956	3867.9873385
3780	2019-03-11 22:00:00	3881.00000001	3864.10000001	3871.03790909	3874.36999975	42131.45637687	10.874163	3874.45510766
3781	2019-03-12 00:00:00	3874.83521476	3832.62701227	3874.35818549	3836.54546125	162284.88535505	42.20487372	3845.1693146
3782	2019-03-12 02:00:00	3839.26630371	3815.38368496	3836.54546125	3823.19724623	169118.96001896	44.16813834	3828.98094361
3783	2019-03-12 04:00:00	3855.08768743	3820.0	3830.63999993	3834.51	169698.21853513	44.1593062	3842.86423719
3784	2019-03-12 06:00:00	3849.96999988	3834.5	3838.0	3847.00000002	230605.30436402	59.95077141	3846.57776606
3785	2019-03-12 08:00:00	3889.34223191	3847.00000001	3847.00000002	3885.39969221	177936.72571995	45.95483819	3871.99112712
3786	2019-03-12 10:00:00	3900.0	3879.0	3887.92747868	3879.0	281075.96585528	72.21500882	3892.20981134
3787	2019-03-12 12:00:00	3900.6	3879.0	3879.0	3892.0	162626.48133608	41.84583403	3886.32429262
3788	2019-03-12 14:00:00	3894.87999977	3873.89999986	3891.99999999	3873.89999986	118234.46262473	30.39988179	3889.30665722
3789	2019-03-12 16:00:00	3891.5	3870.38412021	3873.89999986	3886.0	112694.47772752	29.01431357	3884.09939306
3790	2019-03-12 18:00:00	3887.06126976	3872.39300481	3885.99	3881.0	130080.51256751	33.51873976	3880.82945537
3791	2019-03-12 20:00:00	3890.10226576	3879.40985054	3881.80000003	3882.42080292	66364.39571651	17.08708315	3883.892595
3792	2019-03-12 22:00:00	3890.10226576	3877.06151294	3883.77964406	3881.304599	25482.39758065	6.56043237	3884.25581478
3793	2019-03-13 00:00:00	3895.11291559	3873.24402809	3883.33349553	3878.55496849	62147.29675165	16.00884129	3882.06089534
3794	2019-03-13 02:00:00	3895.26387492	3873.2540281	3877.44557006	3891.91076277	53060.41314051	13.62638613	3893.94610091
3795	2019-03-13 04:00:00	3894.79999853	3877.34621413	3894.79999853	3878.19870644	44043.03006068	11.33813003	3884.50564106
3796	2019-03-13 06:00:00	3886.72999971	3873.29000001	3878.19999975	3885.0	35427.15835766	9.13104783	3879.85683759
3797	2019-03-13 08:00:00	3890.91999999	3868.9666956	3888.56478276	3868.9666956	63843.16363803	16.45542533	3879.76380784
3798	2019-03-13 10:00:00	3868.9666956	3839.47260985	3868.9666956	3857.64232724	143831.09899366	37.34858228	3851.04574827
3799	2019-03-13 12:00:00	3885.68156318	3856.26296733	3858.00820313	3879.19593627	110864.49525237	28.62602726	3872.85648285
3800	2019-03-13 14:00:00	3888.01999947	3859.01615231	3879.70168044	3870.0	75204.08843945	19.41805924	3872.89417083
3801	2019-03-13 16:00:00	3874.76826344	3862.04319812	3872.44253719	3867.77696291	59022.08063193	15.27009877	3865.20621254
3802	2019-03-13 18:00:00	3872.14148081	3866.1088089	3866.1088089	3869.19350185	31759.67225404	8.20845463	3869.14147493
3803	2019-03-13 20:00:00	3872.99999999	3858.45008083	3869.19350173	3858.89501988	52247.94549829	13.51364725	3866.30970394
3804	2019-03-13 22:00:00	3875.05747243	3860.52149815	3865.25581505	3866.06659539	37244.44809857	9.63546457	3865.35053167
3805	2019-03-14 00:00:00	3888.33983515	3864.60504626	3864.60504626	3876.95411148	79781.38926644	20.6001746	3872.85014887
3806	2019-03-14 02:00:00	3882.48221577	3866.22593364	3880.5419448	3866.22593364	19372.75238224	5.00420418	3871.29535195
3807	2019-03-14 04:00:00	3878.99999998	3864.00000001	3874.98999972	3864.00000001	33102.65218165	8.54121624	3875.63682401
3808	2019-03-14 06:00:00	3872.00411377	3857.90435025	3869.66735688	3860.50000003	31420.61722998	8.13710302	3861.4009375
3809	2019-03-14 08:00:00	3871.11088705	3860.50000004	3861.73432501	3864.00000001	42611.70520874	11.02211882	3866.01758741
3810	2019-03-14 10:00:00	3873.57512109	3861.19934647	3861.60000002	3862.95159351	44592.42855579	11.53762737	3864.95655699
3811	2019-03-14 12:00:00	3876.92999997	3857.7699594	3866.07452074	3867.52979982	48342.06015058	12.49472807	3868.99657837
3812	2019-03-14 14:00:00	3920.00000001	3806.77053214	3867.52979982	3884.20338968	803651.74714711	207.59589644	3871.23137272
3813	2019-03-14 16:00:00	3885.286421	3874.74597796	3884.6046143	3880.90000016	96974.00507641	24.9806538	3881.96425333
3814	2019-03-14 18:00:00	3883.186421	3873.61186258	3881.48283836	3873.61186258	20776.95430016	5.35862233	3877.29401712
3815	2019-03-14 20:00:00	3880.96799045	3872.81188053	3873.68933636	3880.96799	71565.64170933	18.45796059	3877.22367053
3816	2019-03-14 22:00:00	3885.39079004	3872.95042508	3879.39079004	3877.31933336	43087.45181935	11.1027843	3880.77896995
3817	2019-03-15 00:00:00	3897.25403813	3879.0	3879.66822514	3892.3116455	77698.7930683	19.97161294	3890.46159174
3818	2019-03-15 02:00:00	3893.16005603	3882.4145644	3893.16005603	3886.77150418	49353.82327709	12.69048374	3889.04192213
3819	2019-03-15 04:00:00	3890.99869968	3886.0	3886.77150418	3889.99999939	17407.91849099	4.47899822	3886.56517282
3820	2019-03-15 06:00:00	3897.70459983	3878.41839751	3887.00000626	3892.64105136	24041.33668308	6.18281668	3888.41169443
3821	2019-03-15 08:00:00	3899.0	3880.08000001	3892.64105018	3896.836641	59187.43475424	15.20523472	3892.56962119
3822	2019-03-15 10:00:00	3925.0	3889.82362286	3895.64117982	3916.51036469	98482.09634989	25.19609494	3908.62538756
3823	2019-03-15 12:00:00	3921.60999995	3901.36404813	3917.77355265	3913.5	166006.99497739	42.44382986	3911.21620091
3824	2019-03-15 14:00:00	3938.23369973	3912.77576156	3913.5	3934.54977789	252526.31978395	64.39061133	3921.78789062
3825	2019-03-15 16:00:00	3931.38999993	3918.99519241	3930.0	3929.79999999	74923.99920435	19.07820004	3927.20482263
3826	2019-03-15 18:00:00	3934.8	3926.6	3928.27104518	3933.09433381	103461.50378089	26.32590035	3930.02717496
3827	2019-03-15 20:00:00	3934.0	3910.12953605	3932.75	3921.39999998	31620.85437422	8.05992021	3923.22176279
3828	2019-03-15 22:00:00	3928.51747393	3911.39006991	3919.47655049	3922.88872503	56822.31292235	14.47763241	3924.83462165
3829	2019-03-16 00:00:00	3965.77564009	3922.70231014	3922.77341336	3960.49545144	466524.97991478	118.23387838	3945.78090735
3830	2019-03-16 02:00:00	4000.0199	3949.25525318	3960.32464211	3983.02266584	2594831.6636238	649.58281252	3994.61256303
3831	2019-03-16 04:00:00	4058.88166734	3979.12916744	3983.16151732	4017.05961993	673406.54336632	167.11660188	4029.56101183
3832	2019-03-16 06:00:00	4022.91828345	4004.52809467	4017.14083262	4010.28158885	126329.22801549	31.467607309999998	4014.58003371
3833	2019-03-16 08:00:00	4015.89760659	3998.8509361	4010.28158885	4013.44735777	72367.89887265	18.0737789	4004.02700913
3834	2019-03-16 10:00:00	4020.0	4011.01005568	4015.49999999	4015.67542371	205504.9699004	51.14385563	4018.17515259
3835	2019-03-16 12:00:00	4017.1	3975.0	4015.13093889	3990.0	209967.97023686	52.62891411	3989.59343523
3836	2019-03-16 14:00:00	4017.28923037	3985.05549987	3989.69	3988.413221	176695.30433834	44.18448035	3999.03547441
3837	2019-03-16 16:00:00	4005.0	3991.81780622	3992.47999993	4001.01744132	25080.00104584	6.26865127	4000.86078577
3838	2019-03-16 18:00:00	4003.01545024	3991.8	4001.01744133	3993.87210608	36864.92300167	9.21985031	3998.42966666
3839	2019-03-16 20:00:00	4004.99	3989.59415924	3995.00957439	4004.99	63490.94594481	15.88729705	3996.33403624
3840	2019-03-16 22:00:00	4007.8083746	3999.39068776	4004.6	4005.55029275	30670.98527275	7.6599082	4004.09306116
3841	2019-03-17 00:00:00	4008.3	3977.23442805	4005.55029275	3987.20972021	72088.39009459	18.07964597	3987.26779352
3842	2019-03-17 02:00:00	3987.20972021	3953.34334462	3987.20972021	3970.7364754	160943.8942854	40.50648766	3973.2868383
3843	2019-03-17 04:00:00	3971.91614575	3950.0	3969.90158858	3971.25987549	120225.36846779	30.38295423	3957.00061151
3844	2019-03-17 06:00:00	3975.71035411	3967.2933148	3969.15987384	3973.89024458	39803.3277797	10.02248568	3971.40280869
3845	2019-03-17 08:00:00	3981.81860347	3968.20000001	3973.8902452	3970.70549966	134292.0581373	33.7990685	3973.24731411
3846	2019-03-17 10:00:00	3994.52920797	3972.92767951	3972.92767951	3987.6215208	80370.11778348	20.16133589	3986.34883233
3847	2019-03-17 12:00:00	3988.84316109	3974.4251715	3988.84316109	3985.18488778	13528.82965399	3.39823876	3981.12981737
3848	2019-03-17 14:00:00	3999.07224016	3981.94999988	3987.5015399	3988.65130217	96791.94879231	24.25677934	3990.30503743
3849	2019-03-17 16:00:00	3991.47063613	3978.53503982	3988.08000005	3985.79959975	32948.91591357	8.26992875	3984.18377105
3850	2019-03-17 18:00:00	3997.37999972	3982.40615723	3986.39566161	3989.96442562	19714.08915919	4.94159634	3989.41714433
3851	2019-03-17 20:00:00	3996.68095537	3989.0465088	3994.61966043	3993.0	10120.01788821	2.53463599	3992.69083534
3852	2019-03-17 22:00:00	3997.29999995	3983.95000008	3992.00100003	3986.3999999	13156.79033347	3.29941544	3987.61252492
3853	2019-03-18 00:00:00	4032.34421406	3981.0	3985.0	4019.0	205096.64699161	51.11678696	4012.31492018
3854	2019-03-18 02:00:00	4026.9	4008.23536816	4019.0	4008.23536816	75344.76038857	18.7361106	4021.36612006
3855	2019-03-18 04:00:00	4016.7799981	3960.00000001	4009.0	3960.00000001	134058.81076582	33.62191126	3987.24539271
3856	2019-03-18 06:00:00	3981.13184453	3963.16863364	3964.98167208	3975.78133787	51488.12077661	12.96879175	3970.155568
3857	2019-03-18 08:00:00	3992.0	3970.9000001	3982.78999807	3977.86720337	46557.2829446	11.686884599999999	3983.72060117
3858	2019-03-18 10:00:00	3979.85999888	3955.23784336	3974.5666	3969.86952644	84285.21775576	21.22855298	3970.37037028
3859	2019-03-18 12:00:00	3988.8348099	3967.51975532	3969.0	3987.51480989	96150.98409083	24.13668402	3983.60371338
3860	2019-03-18 14:00:00	3987.59480896	3975.66388246	3982.48810296	3982.1	20851.80873546	5.23854843	3980.45546664
3861	2019-03-18 16:00:00	3984.00495721	3974.68380499	3983.88480863	3982.13748948	27838.72640259	6.99471239	3979.9672739
3862	2019-03-18 18:00:00	3983.0	3972.87033773	3982.06437829	3976.0	168480.26190976	42.37916939	3975.54421983
3863	2019-03-18 20:00:00	3994.13769783	3977.0	3977.0	3993.1	38529.45967189	9.66279658	3987.40254468
3864	2019-03-18 22:00:00	3993.89	3983.0	3992.95691041	3988.50629841	27411.82230088	6.87343712	3988.08075527
3865	2019-03-19 00:00:00	4008.42982148	3984.54000009	3988.62814687	3996.99999999	75495.40815098	18.88198329	3998.27745801
3866	2019-03-19 02:00:00	3997.0	3988.33114248	3995.09999997	3990.26999991	32936.25486957	8.24344507	3995.44784855
3867	2019-03-19 04:00:00	3990.01999997	3972.45258209	3990.01999997	3981.99419448	37795.77129246	9.50176975	3977.76122626
3868	2019-03-19 06:00:00	3988.2199999	3974.30000085	3983.99315927	3980.6	26611.13128108	6.68501065	3980.71636297
3869	2019-03-19 08:00:00	3995.7667169	3975.58687068	3980.90640841	3992.17282672	81292.55371732	20.38412062	3988.03339289
3870	2019-03-19 10:00:00	3997.0	3983.9	3997.0	3988.6994322	29945.81239993	7.50128952	3992.08860291
3871	2019-03-19 12:00:00	4010.0	3981.47411389	3988.59	3988.0	151399.45645173	37.88211812	3996.59427627
3872	2019-03-19 14:00:00	4012.56232016	3988.50133452	3988.51505368	3999.52374253	178743.68543036	44.72367788	3996.62312902
3873	2019-03-19 16:00:00	4038.00435404	3995.28110361	3999.52374254	4012.67065075	114638.93651767	28.54409373	4016.20515971
3874	2019-03-19 18:00:00	4020.0	3997.551699	4013.17065075	4009.05896606	86241.48973731	21.5189428	4007.70105385
3875	2019-03-19 20:00:00	4010.05983944	3999.0	4009.05896606	4005.1	78485.44880046	19.61125005	4002.06252025
3876	2019-03-19 22:00:00	4022.58245063	4002.75881558	4005.1	4015.61067084	49672.05587876	12.3726296	4014.67250573
3877	2019-03-20 00:00:00	4032.38645991	3978.4824	4014.70975407	3990.95338262	181823.93562556	45.46981576	3998.78320566
3878	2019-03-20 02:00:00	3996.91999958	3987.8	3990.95338262	3996.28999995	32877.56449376	8.23234378	3993.70645497
3879	2019-03-20 04:00:00	4004.8978164	3988.0	3995.28999999	4004.8978164	14663.85976633	3.66849134	3997.24529984
3880	2019-03-20 06:00:00	4018.44530997	3996.90989807	4005.11338024	4011.68999999	47382.19927546	11.82774817	4006.02030026
3881	2019-03-20 08:00:00	4017.80008084	3997.45660004	4008.07669027	3997.45660004	34204.73727487	8.53695467	4006.66731839
3882	2019-03-20 10:00:00	4020.0	3986.44700001	3997.45660005	4013.19036465	91136.37981338	22.72304243	4010.74724452
3883	2019-03-20 12:00:00	4020.0	4003.86127071	4012.89036465	4015.5	138999.86198366	34.62989721	4013.86874297
3884	2019-03-20 14:00:00	4023.91	4005.91825324	4018.33935453	4016.8	109034.13368817	27.15424694	4015.36208789
3885	2019-03-20 16:00:00	4035.20075332	4007.20880219	4017.0	4007.31880222	228091.7091064	56.77602442	4017.39486757
3886	2019-03-20 18:00:00	4028.9	4015.9583977	4018.5	4025.41699583	40178.82180547	9.9862812	4023.40180501
3887	2019-03-20 20:00:00	4026.53789472	4022.0	4024.82248463	4024.81822833	78763.27135414	19.57709092	4023.23673501
3888	2019-03-20 22:00:00	4050.0	4021.0	4022.0	4040.68444076	228172.00520427	56.50876367	4037.81626752
3889	2019-03-21 00:00:00	4057.172087	4029.8	4043.57716675	4036.89298189	124020.80549987	30.63915821	4047.78762686
3890	2019-03-21 02:00:00	4046.22999919	4036.689	4037.82810336	4046.22999919	97229.28372777	24.06593846	4040.12018435
3891	2019-03-21 04:00:00	4045.4	4027.74113459	4045.39999999	4030.4495885	41432.86439781	10.26982031	4034.4293422
3892	2019-03-21 06:00:00	4047.97211587	4029.8874	4030.98696	4045.06371972	40498.73079139	10.02853321	4038.35036922
3893	2019-03-21 08:00:00	4046.35554553	4036.41923305	4044.76637589	4043.1136963	82511.243176	20.41759987	4041.18229867
3894	2019-03-21 10:00:00	4054.41542447	4035.42130804	4038.89400986	4043.23000001	128804.31960045	31.84475539	4044.757701
3895	2019-03-21 12:00:00	4067.28213403	4008.90370701	4045.96675182	4029.7918784	276238.07570452	68.45023118	4035.60471517
3896	2019-03-21 14:00:00	4029.7918784	3911.22976903	4029.7918784	3976.2439	963618.95049378	243.32617272	3960.19441608
3897	2019-03-21 16:00:00	3972.54929086	3948.48688648	3969.11028855	3969.71160605	383555.63423232	96.81426524	3961.76775479
3898	2019-03-21 18:00:00	3979.33426272	3961.75402036	3969.71160602	3977.30342919	15970.34592519	4.02056917	3972.1604703
3899	2019-03-21 20:00:00	3989.0	3977.11612344	3979.13426271	3985.0	41504.20726008	10.41848008	3983.71038206
3900	2019-03-21 22:00:00	3994.54202523	3982.4568868	3985.55	3982.4568868	161045.51767131	40.39541965	3986.72718507
3901	2019-03-22 00:00:00	3994.54202521	3978.590912	3988.71998987	3986.6	15804.007251	3.96581844	3985.0556676
3902	2019-03-22 02:00:00	3993.79	3985.24306901	3987.99999991	3986.0	15316.3524376	3.83904849	3989.62203199
3903	2019-03-22 04:00:00	3987.52785668	3979.73552998	3985.99999999	3983.7000081	50903.87319797	12.77949514	3983.24602344
3904	2019-03-22 06:00:00	3987.9	3972.7	3983.7000081	3981.18999962	44310.10843783	11.13440525	3979.56670724
3905	2019-03-22 08:00:00	3991.64	3977.5326428	3977.5326428	3982.0	76696.98792656	19.23898204	3986.5408558
3906	2019-03-22 10:00:00	3992.89	3981.99999999	3982.0	3986.51904155	34075.87247215	8.54438638	3988.10060274
3907	2019-03-22 12:00:00	4002.17317108	3985.0	3986.78257802	3989.28674779	74493.10705294	18.6543639	3993.33407733
3908	2019-03-22 14:00:00	4000.0	3989.72778866	3989.72778866	3993.72117149	77526.57350267	19.40086208	3996.03755662
3909	2019-03-22 16:00:00	4002.67436537	3985.0	3993.6	3999.7330843	144233.74864086	36.09366888	3996.09552357
3910	2019-03-22 18:00:00	4008.63913928	3993.46356654	3998.48970408	4000.94329214	41757.14716904	10.43070068	4003.29263106
3911	2019-03-22 20:00:00	4001.08848063	3983.92322116	3998.64665694	3989.11364282	62078.5622513	15.54760448	3992.80560109
3912	2019-03-22 22:00:00	3996.68748194	3987.05849452	3988.98760708	3988.04409935	25513.06594745	6.3925459700000005	3991.06491641
3913	2019-03-23 00:00:00	3999.0	3979.98999942	3990.0	3991.00001	75676.96018027	18.94875105	3993.77035354
3914	2019-03-23 02:00:00	4010.3201073	3991.09700643	3991.09700643	4010.3201073	125745.44187076	31.43189484	4000.56829252
3915	2019-03-23 04:00:00	4009.9301073	3994.80427616	4009.89	4002.77624368	10428.55133809	2.6050736	4003.16956038
3916	2019-03-23 06:00:00	4018.16171549	4000.71188343	4001.98406979	4003.40345756	87609.95555075	21.82199147	4014.7552835
3917	2019-03-23 08:00:00	4014.99	4001.94375984	4003.80379791	4005.84142728	31374.50819218	7.83066981	4006.6187125
3918	2019-03-23 10:00:00	4009.91238272	3985.19140001	4007.59082143	3999.59434567	32781.18013463	8.20639333	3994.59041462
3919	2019-03-23 12:00:00	4006.39365423	3977.24173274	4000.02317125	3990.5	122110.48798017	30.62973882	3986.66435576
3920	2019-03-23 14:00:00	4000.0	3982.3411764	3990.0	4000.0	86097.5544156	21.5975344	3986.45293583
3921	2019-03-23 16:00:00	3999.4	3988.98638566	3999.4	3991.31707391	57686.27913059	14.44646011	3993.10825568
3922	2019-03-23 18:00:00	3995.0	3987.4	3990.27925471	3994.27999935	39336.12041392	9.85327928	3992.18567708
3923	2019-03-23 20:00:00	3995.0	3991.00000001	3994.0	3995.0	9909.46530607	2.48172461	3992.97539547
3924	2019-03-23 22:00:00	4005.780273	3993.96362965	3995.0	4003.79999999	8595.5947737	2.14854895	4000.65112489
3925	2019-03-24 00:00:00	4009.63804079	3995.37470215	4000.0	3995.37470215	91064.6461157	22.75451972	4002.04650488
3926	2019-03-24 02:00:00	3997.189679	3978.20002634	3995.37470215	3991.0	99916.11522957	25.06475424	3986.31936594
3927	2019-03-24 04:00:00	3990.40406621	3982.0	3990.25887648	3982.0	33864.61673317	8.49151672	3988.05276487
3928	2019-03-24 06:00:00	3987.05478368	3975.0	3984.8	3981.0	40743.66472754	10.23362799	3981.35097028
3929	2019-03-24 08:00:00	4003.89861964	3980.99999999	3981.0	3991.46456266	32532.98739132	8.13950436	3996.9248682
3930	2019-03-24 10:00:00	4000.69999999	3991.20649444	3993.36906822	3993.57177217	28683.07879347	7.17911307	3995.35130785
3931	2019-03-24 12:00:00	4003.00186444	3983.83	3992.31455409	3995.66410719	60964.92675296	15.26290917	3994.3189122
3932	2019-03-24 14:00:00	3997.17999876	3990.63083364	3995.4213728	3990.63083364	37638.00616901	9.42276762	3994.36850051
3933	2019-03-24 16:00:00	3995.0	3988.56155171	3992.90622902	3992.46111142	44407.45166278	11.12349254	3992.22200249
3934	2019-03-24 18:00:00	3992.39970187	3979.2	3992.39970186	3988.85999901	27996.53339514	7.02592217	3984.74858071
3935	2019-03-24 20:00:00	3986.26228436	3958.64883778	3983.73410695	3986.26228436	98794.90694504	24.85777937	3974.40597868
3936	2019-03-24 22:00:00	3993.36155932	3984.5	3986.26228436	3991.51000001	85257.41974371	21.37995509	3987.72679291
3937	2019-03-25 00:00:00	3992.36334139	3980.95426238	3991.51000001	3992.36334139	14996.63836042	3.7618487800000002	3986.50749603
3938	2019-03-25 02:00:00	4000.86189982	3989.35728007	3994.71873011	3993.48803812	14472.77869581	3.62375619	3993.86104831
3939	2019-03-25 04:00:00	3994.69999998	3987.6	3994.69999998	3989.01000001	6594.08668242	1.65259658	3990.1369531
3940	2019-03-25 06:00:00	3996.66999915	3984.92445082	3989.16955194	3996.66999915	45616.59468354	11.43678124	3988.58679957
3941	2019-03-25 08:00:00	4001.031894	3991.27661167	3991.27661168	3993.73148478	61865.13891479	15.47968796	3996.53656292
3942	2019-03-25 10:00:00	3996.64723464	3986.7	3995.61164189	3988.0	15709.70570392	3.93688612	3990.38865364
3943	2019-03-25 12:00:00	3987.89999829	3970.5	3985.07642049	3987.59999978	101738.14053521	25.56297422	3979.90232512
3944	2019-03-25 14:00:00	3987.32999903	3963.0	3985.88999997	3963.0	33258.45932952	8.36154225	3977.55083155
3945	2019-03-25 16:00:00	3979.97754113	3959.0	3963.0	3964.99999999	155685.90483785	39.19154263	3972.43625512
3946	2019-03-25 18:00:00	3969.03260235	3964.6	3964.79999999	3968.90648595	5117.16072439	1.29022603	3966.0963315
3947	2019-03-25 20:00:00	3968.90648595	3968.90648595	3968.90648595	3968.90648595	0.0	0.0	3968.90648595
3948	2019-03-25 22:00:00	3967.33289966	3927.58121221	3967.04223138	3943.99999777	379587.8065613	96.21978007	3945.008046
3949	2019-03-26 00:00:00	3948.42999972	3932.23476779	3942.6096586	3943.828	61176.59376954	15.52968746	3939.33193614
3950	2019-03-26 02:00:00	3951.29999958	3943.0	3943.828	3943.0	111453.5460302	28.25878989	3944.03109489
3951	2019-03-26 04:00:00	3943.99999665	3931.94608011	3943.99999531	3931.94608011	13991.56966557	3.5517960200000003	3939.29425755
3952	2019-03-26 06:00:00	3936.85533423	3910.33347538	3935.47215156	3925.99998591	95845.93217896	24.43040211	3923.22368446
3953	2019-03-26 08:00:00	3936.74999968	3925.40200441	3926.0	3927.96357652	49024.00564551	12.47154613	3930.86832494
3954	2019-03-26 10:00:00	3934.09999946	3913.30862955	3926.09828215	3915.20217983	95351.1451282	24.27989218	3927.16509699
3955	2019-03-26 12:00:00	3918.57227556	3898.00000005	3916.0587138	3902.86670957	410796.59791713	105.28651525	3901.70191255
3956	2019-03-26 14:00:00	3950.00770674	3908.11324861	3908.11324861	3942.0	59346.98583607	15.08368858	3934.51412904
3957	2019-03-26 16:00:00	3947.39999953	3929.32183396	3940.17518787	3929.32183396	25875.22341571	6.56991119	3938.44340774
3958	2019-03-26 18:00:00	3943.26048537	3928.34237467	3931.45194303	3935.0	38650.82154534	9.81392604	3938.36486924
3959	2019-03-26 20:00:00	3938.69999999	3927.66326448	3935.0	3927.66326448	16100.46568064	4.09283679	3933.81571431
3960	2019-03-26 22:00:00	3947.4	3927.66326448	3927.66326448	3946.35630101	12032.79833312	3.05664886	3936.59817802
3961	2019-03-27 00:00:00	3999.0	3935.5658625	3946.35630101	3983.0000001	335433.29638943	84.49608325	3969.8088182
3962	2019-03-27 02:00:00	3998.13674649	3977.0686347	3984.2	3992.65744822	107776.03585253	27.02431424	3988.11362595
3963	2019-03-27 04:00:00	4008.88999997	3984.09775604	3992.77339622	4005.99989985	106996.94061604	26.77054436	3996.81602201
3964	2019-03-27 06:00:00	4004.29989979	3992.13919002	4002.91945338	3997.4993	27605.17647083	6.90620395	3997.15627726
3965	2019-03-27 08:00:00	4004.42544272	3987.76963651	3998.50137597	3999.9	156374.00491915	39.1067689	3998.64292851
3966	2019-03-27 10:00:00	4043.377638	3997.0	3997.00121796	4034.6607908	809348.80022258	201.02070799	4026.19614822
3967	2019-03-27 12:00:00	4036.10569651	4013.70618425	4036.06311462	4022.0	219233.0757743	54.4363179	4027.33109496
3968	2019-03-27 14:00:00	4024.91721957	4005.5685673	4020.39174417	4022.93814794	122985.30558327	30.6214487	4016.31244779
3969	2019-03-27 16:00:00	4029.56493223	4011.98999994	4022.93814794	4021.99110575	319864.6946389	79.40826445	4028.10333224
3970	2019-03-27 18:00:00	4030.24727823	4013.49405605	4021.62456892	4022.0	125986.64459741	31.29647094	4025.58629817
3971	2019-03-27 20:00:00	4026.82999999	4015.10000323	4022.0	4024.31516379	77907.5626044	19.36666775	4022.76548604
3972	2019-03-27 22:00:00	4046.66717629	4019.52	4019.52	4045.46999999	219418.31540425	54.33384906	4038.33557166
3973	2019-03-28 00:00:00	4041.49	4018.32459374	4041.49	4025.6890365	211209.46578638	52.37310903	4032.78456632
3974	2019-03-28 02:00:00	4031.61206914	4014.62797533	4029.15723424	4015.2343968	121698.61094058	30.26542711	4021.043896
3975	2019-03-28 04:00:00	4028.74666088	4005.54511104	4015.2343968	4028.74666088	125401.32202999	31.21858973	4016.87978587
3976	2019-03-28 06:00:00	4028.93795998	4019.42823923	4027.76341142	4027.88644221	48518.37241044	12.05463743	4024.87197911
3977	2019-03-28 08:00:00	4024.7	4014.0	4024.7	4020.45802765	50067.60305899	12.45946412	4018.4395233
3978	2019-03-28 10:00:00	4024.98999994	4006.77639533	4021.75802765	4016.31750902	53835.90069838	13.40951057	4014.75508127
3979	2019-03-28 12:00:00	4026.83615911	4013.98982709	4018.12057216	4026.74329	37899.4263874	9.42675337	4020.41136538
3980	2019-03-28 14:00:00	4037.34706135	4019.08883909	4024.63987065	4030.13929431	143503.40856837	35.6320063	4027.37379871
3981	2019-03-28 16:00:00	4030.6090148	4020.0	4030.6090148	4027.41736468	133388.98944266	33.14119219	4024.86997685
3982	2019-03-28 18:00:00	4028.97	4020.62720178	4024.15622012	4023.7481316	54944.65654244	13.65015641	4025.20344032
3983	2019-03-28 20:00:00	4027.5735202	4022.28479024	4023.7481316	4025.28582329	40695.76168624	10.11047774	4025.10768855
3984	2019-03-28 22:00:00	4028.51471228	4022.11642373	4024.9512	4028.51471228	17063.47596552	4.23933419	4025.03676303
3985	2019-03-29 00:00:00	4056.18856897	4025.00000033	4027.0	4033.00696419	542876.76249561	134.29178593	4042.51651533
3986	2019-03-29 02:00:00	4041.56679071	4027.56840667	4027.56840668	4041.56679068	17802.0274848	4.41200734	4034.90432198
3987	2019-03-29 04:00:00	4069.0	4027.1092023	4041.56679071	4030.79999999	262140.77013758	64.75387238	4048.26399569
3988	2019-03-29 06:00:00	4069.01900674	4027.4898341	4030.79999999	4060.65000004	80795.66371946	19.92793804	4054.39155608
3989	2019-03-29 08:00:00	4093.49999023	4041.68517908	4058.21818956	4085.70000004	607932.98533934	149.12421828	4076.68849735
3990	2019-03-29 10:00:00	4120.98746821	4082.15115946	4082.47007369	4120.71520037	561802.28492472	137.12994021	4096.86086105
3991	2019-03-29 12:00:00	4121.0	4085.0	4120.0	4096.01924782	347902.18622706	84.8648594	4099.48462398
3992	2019-03-29 14:00:00	4098.58073304	4086.37380261	4095.33105197	4093.22986365	83998.17826237	20.52444375	4092.59219326
3993	2019-03-29 16:00:00	4097.49552011	4085.04103099	4089.07648463	4094.0	82384.70665066	20.13521793	4091.57263343
3994	2019-03-29 18:00:00	4107.574029	4087.64792319	4094.10000001	4088.96855153	68085.59973276	16.61005942	4099.05816777
3995	2019-03-29 20:00:00	4094.10837518	4083.50098234	4088.96855153	4090.97106138	52375.27018303	12.8090633	4088.92273824
3996	2019-03-29 22:00:00	4106.60708961	4090.00000009	4095.0	4104.60395545	18874.44456656	4.60863218	4095.45475303
3997	2019-03-30 00:00:00	4140.0	4102.59931454	4102.89931454	4121.33349881	192332.23887686	46.6365225	4124.06904646
3998	2019-03-30 02:00:00	4128.22472839	4092.74899471	4122.36501229	4094.17916137	96021.84336428	23.33120872	4115.59660353
3999	2019-03-30 04:00:00	4104.68058641	4052.57725231	4093.15826961	4104.68058641	170887.52428437	41.87034515	4081.34978759
4000	2019-03-30 06:00:00	4107.4314579	4089.56927105	4105.38782337	4096.42859261	46280.26279729	11.29633515	4096.92720539
4001	2019-03-30 08:00:00	4097.96999999	4086.03796228	4095.30039915	4088.37042646	36022.62238141	8.7980205	4094.40082361
4002	2019-03-30 10:00:00	4095.99999999	4078.79713223	4088.37042646	4095.99999999	26826.81374962	6.56767435	4084.67477526
4003	2019-03-30 12:00:00	4095.99	4084.29484399	4093.85199999	4085.7993435	16023.24153443	3.91617107	4091.55811838
4004	2019-03-30 14:00:00	4091.91429756	4073.13595995	4086.72349426	4075.63274059	23328.49238589	5.70844217	4086.66527419
4005	2019-03-30 16:00:00	4093.94914192	4062.02806239	4075.63274059	4082.43861941	91888.26497337	22.52540146	4079.31752677
4006	2019-03-30 18:00:00	4091.2	4082.43861941	4082.43861941	4088.3	16535.97859988	4.04420775	4088.80542793
4007	2019-03-30 20:00:00	4096.87711259	4087.60010006	4088.0	4096.87711259	16844.6274061	4.11683915	4091.64089058
4008	2019-03-30 22:00:00	4106.33569553	4090.3	4096.6098998	4105.3	106161.81450708	25.89647584	4099.46956346
4009	2019-03-31 00:00:00	4114.0	4095.45913881	4105.76366177	4097.00242427	76924.67650671	18.75448224	4101.66889825
4010	2019-03-31 02:00:00	4098.0	4087.8764206	4097.00242427	4095.80944181	55379.43263552	13.52828488	4093.60337446
4011	2019-03-31 04:00:00	4100.96482571	4092.82803721	4096.99614806	4096.97587965	25922.13187529	6.32520592	4098.22734676
4012	2019-03-31 06:00:00	4097.0024167	4085.0	4096.97587965	4087.99999982	7916.37013351	1.93454425	4092.1111696
4013	2019-03-31 08:00:00	4097.77190751	4086.61562904	4086.61562904	4097.0	25460.43973855	6.21775732	4094.79470301
4014	2019-03-31 10:00:00	4110.641106	4091.43090837	4094.77868721	4110.641106	29614.19052613	7.2140587	4105.06647612
4015	2019-03-31 12:00:00	4111.46681799	4099.8302741	4106.88992007	4100.56000001	120839.03727885	29.44425088	4103.994283
4016	2019-03-31 14:00:00	4111.7633746	4096.9	4100.56000002	4096.9	27871.83449305	6.78934337	4105.23271163
4017	2019-03-31 16:00:00	4106.7942356	4096.65588179	4098.0	4099.12315148	30019.98159823	7.31734681	4102.57739283
4018	2019-03-31 18:00:00	4105.39979671	4098.47109749	4102.0	4104.95298238	11657.62724334	2.84054985	4104.00375242
4019	2019-03-31 20:00:00	4111.3633755	4104.95298239	4107.48999999	4104.9529824	184026.11796372	44.7937749	4108.29670807
4020	2019-03-31 22:00:00	4107.72388337	4101.95298239	4104.95298239	4104.7592224	54068.99018198	13.17151108	4104.99523202
4021	2019-04-01 00:00:00	4139.99999999	4063.94371652	4102.17000001	4121.06671223	508089.75248598	123.60847502	4110.47666758
4022	2019-04-01 02:00:00	4140.0	4122.11453558	4122.39334103	4133.19214103	47441.09776491	11.49774214	4126.12295416
4023	2019-04-01 04:00:00	4136.0	4124.47913293	4133.49851742	4132.09951991	134629.00243775	32.59944671	4129.79409237
4024	2019-04-01 06:00:00	4141.28	4121.47186919	4132.09951991	4128.70520504	86713.19105603	20.97181362	4134.74927
4025	2019-04-01 08:00:00	4135.52201231	4119.5524432	4131.68051415	4133.87330641	89335.94893612	21.6391858	4128.43393285
4026	2019-04-01 10:00:00	4136.59999986	4122.0	4133.26155495	4134.00999999	355520.84766657	86.0436545	4131.86596655
4027	2019-04-01 12:00:00	4152.0	4131.52198181	4134.00999998	4152.0	93651.64878191	22.605941950000002	4142.78905028
4028	2019-04-01 14:00:00	4159.12005494	4135.63616239	4152.0	4146.66842453	184788.16158525	44.5105011	4151.563272
4029	2019-04-01 16:00:00	4155.34538467	4140.5701	4149.42184313	4144.89293941	52215.14880447	12.58340603	4149.52427665
4030	2019-04-01 18:00:00	4146.00383282	4137.88429726	4143.4202	4139.50248373	54615.16652113	13.18981601	4140.70723046
4031	2019-04-01 20:00:00	4146.73142284	4134.41821501	4139.50248372	4145.59999999	44363.72176523	10.71453212	4140.51880832
4032	2019-04-01 22:00:00	4151.97787363	4143.80318242	4147.19999999	4145.0	59907.06318498	14.44673179	4146.75540847
4033	2019-04-02 00:00:00	4169.0	4138.68616096	4146.70150381	4159.94385704	297068.22814485	71.54838694	4151.99057379
4034	2019-04-02 02:00:00	4187.13124601	4159.18000005	4159.94385704	4173.90000001	443459.84295316	106.15635994	4177.42133588
4035	2019-04-02 04:00:00	4859.0	4174.27358807	4174.27358807	4613.91833967	5854269.6435884	1288.99946488	4541.71611633
4036	2019-04-02 06:00:00	4700.0	4557.14285715	4614.21833975	4645.43036978	1030865.8809249	222.86702786	4625.47506835
4037	2019-04-02 08:00:00	4775.0	4649.99999991	4649.99999991	4740.30000002	845854.02848551	180.03394601	4698.30299913
4038	2019-04-02 10:00:00	4750.81575105	4703.47030058	4739.3297398	4721.38038495	581037.7290956	123.07606747	4720.96436813
4039	2019-04-02 12:00:00	4765.87301041	4714.47140001	4722.0	4765.48358915	648386.90143633	136.5094861	4749.7571045
4040	2019-04-02 14:00:00	4765.87301041	4650.0	4762.87528243	4732.0	782455.70587161	166.68161261	4694.31326958
4041	2019-04-02 16:00:00	4738.04999999	4663.2733271	4738.04999999	4689.96355143	251208.00437294	53.46660658	4698.40935195
4042	2019-04-02 18:00:00	4743.53399359	4689.79226823	4689.79226823	4736.343248	241840.79275581	51.3070339	4713.59917681
4043	2019-04-02 20:00:00	4791.0	4717.46885849	4730.2994723	4749.93445457	1265959.4576865	266.11984503	4757.10279157
4044	2019-04-02 22:00:00	4899.9	4756.13092782	4760.0	4861.41982157	910313.02686996	188.34512791	4833.21781121
4045	2019-04-03 00:00:00	4950.0	4859.76889198	4861.10219193	4935.09736719	1093326.8850529	222.60397555	4911.53350856
4046	2019-04-03 02:00:00	5038.0	4935.0	4935.19606912	5007.51176938	836420.51024968	167.7022112	4987.53417897
4047	2019-04-03 04:00:00	5007.51176938	4808.32217016	5007.51176938	4905.94075915	794464.07083129	162.70827163	4882.75158277
4048	2019-04-03 06:00:00	4952.93899999	4887.15160885	4905.76537689	4918.296483	381053.08313611	77.3147371	4928.59572998
4049	2019-04-03 08:00:00	4933.22901203	4894.00842719	4920.0267	4923.53877988	200456.1671306	40.84975042	4907.15769544
4050	2019-04-03 10:00:00	4940.0	4901.66258952	4933.22901202	4922.82074049	81825.53148239	16.63345139	4919.33571475
4051	2019-04-03 12:00:00	4999.99	4912.35785142	4912.35785142	4993.4703126	454423.0786335	91.49441882	4966.67539391
4052	2019-04-03 14:00:00	4994.24733855	4937.22771591	4991.78300836	4962.5	667483.7148492	134.74681327	4953.61410523
4053	2019-04-03 16:00:00	5133.34496543	4956.8236337	4956.8236337	5081.0	1321181.1222194	261.02290371	5061.552467
4054	2019-04-03 18:00:00	5145.48274215	5079.36528646	5081.0	5101.15764965	602709.14953675	117.90609062	5111.77282163
4055	2019-04-03 20:00:00	5274.73567118	5106.0086963	5109.97641004	5134.27652238	1097987.6150039	210.75798635	5209.70822515
4056	2019-04-03 22:00:00	5202.99969993	4784.44121629	5140.773	4939.9	3746212.2438606	757.59252491	4944.89071721
4057	2019-04-04 00:00:00	5036.0	4887.61931231	4939.9	4953.88171752	226048.94679377	45.3895724	4980.19555684
4058	2019-04-04 02:00:00	5003.74676685	4910.97994882	4961.12541121	4936.8069544	1094120.7952295	221.57099284	4938.01458939
4059	2019-04-04 04:00:00	5020.08402072	4926.73770732	4934.93860713	4988.49815512	398137.09312012	80.14944387	4967.43425651
4060	2019-04-04 06:00:00	5035.75494803	4980.75620456	4999.0	5015.0	335514.34468548	67.02753836	5005.61937518
4061	2019-04-04 08:00:00	5026.2466419	4964.47372075	5015.79468966	4998.05692752	298668.87597697	59.78239306	4995.93376392
4062	2019-04-04 10:00:00	4998.05692752	4902.70358529	4998.05692752	4968.70000002	603968.8256352	121.95833985	4952.25522402
4063	2019-04-04 12:00:00	4997.63649761	4963.13230807	4970.71371061	4985.90000031	256775.51380857	51.50317667	4985.6247791
4064	2019-04-04 14:00:00	5015.5496022	4933.28258675	4986.0	4982.23013919	359488.23318862	72.21341926	4978.13615353
4065	2019-04-04 16:00:00	4980.88947282	4863.92231062	4980.00200572	4869.19191504	513308.51521838	104.3876194	4917.33136715
4066	2019-04-04 18:00:00	4877.84752424	4802.32872637	4877.84752424	4805.0728482	557541.08806737	115.27851551	4836.47005342
4067	2019-04-04 20:00:00	4922.09579515	4779.0	4806.18603943	4906.61051274	465622.12142449	96.3226393	4833.98425134
4068	2019-04-04 22:00:00	4922.09579515	4855.54420472	4920.35494556	4890.34243552	220476.65189998	45.0727999	4891.56769468
4069	2019-04-05 00:00:00	4950.75629858	4898.32730814	4898.32730814	4907.49747345	203561.63817057	41.28942079	4930.11609937
4070	2019-04-05 02:00:00	4921.13913539	4885.94455076	4911.8750379	4890.80971793	52228.93359904	10.64376811	4906.99656919
4071	2019-04-05 04:00:00	4997.38428337	4901.0804002	4901.08040039	4984.58255422	572512.73117825	115.87542152	4940.76072102
4072	2019-04-05 06:00:00	4985.08255419	4938.35772268	4984.38255422	4951.26542458	186497.67333598	37.64826996	4953.68508391
4073	2019-04-05 08:00:00	4975.22655254	4942.58487436	4950.56023902	4950.99999999	173129.8777968	34.89666153	4961.21606497
4074	2019-04-05 10:00:00	5006.87379574	4935.93056685	4950.99999999	4983.57658004	289500.43836139	58.11701016	4981.3374357
4075	2019-04-05 12:00:00	5037.38472809	4955.1255	4985.9303182	4979.83727257	399590.86029239	80.04695541	4991.95576203
4076	2019-04-05 14:00:00	4995.68973127	4934.45973383	4980.5803158	4967.2379782	392595.63942657	79.11502642	4962.33973736
4077	2019-04-05 16:00:00	5010.54960219	4957.38571247	4967.2379782	5010.54960219	274593.28366828	55.01430179	4991.30725527
4078	2019-04-05 18:00:00	5035.49478424	4968.89450593	5004.07890184	4978.28685166	319123.60319487	63.81362735	5000.86919435
4079	2019-04-05 20:00:00	5024.23956948	4959.32266965	4980.57632234	4989.06709093	202916.78278262	40.64944943	4991.87038515
4080	2019-04-05 22:00:00	5014.28519196	4980.32140002	4986.57904635	5005.49886382	185771.10399126	37.18576092	4995.75911303
4081	2019-04-06 00:00:00	5005.49886382	4962.94044315	5005.49886382	4985.0	135938.52564511	27.28597658	4981.99231559
4082	2019-04-06 02:00:00	4999.12986328	4978.21655784	4985.0	4993.7107078	47583.25916406	9.53960636	4987.96882894
4083	2019-04-06 04:00:00	5008.394368	4988.41268979	4993.71070775	5000.5642695	55418.03217842	11.07410618	5004.28940066
4084	2019-04-06 06:00:00	5000.56426951	4983.00600001	5000.56426951	4984.46814203	55592.155275	11.13413187	4992.94924149
4085	2019-04-06 08:00:00	4984.46814202	4947.76210325	4984.46814202	4966.85549821	265778.90701434	53.57790944	4960.60614892
4086	2019-04-06 10:00:00	4984.6175608	4965.85549807	4965.85549807	4983.60950647	49275.10605588	9.90221369	4976.17074307
4087	2019-04-06 12:00:00	5017.66799917	4978.18506577	4979.73809198	4991.7800334	257104.13124645	51.40320777	5001.7137529
4088	2019-04-06 14:00:00	5096.93021854	4983.39893471	4991.7800334	5087.58803306	640473.59906419	127.38161466	5027.99089785
4089	2019-04-06 16:00:00	5200.0	5080.88129923	5091.0	5088.10708146	1133821.0172751	220.47459965	5142.63783254
4090	2019-04-06 18:00:00	5170.04700426	5116.21569292	5116.95563502	5139.54694789	344295.06691191	66.91897728000001	5144.95410578
4091	2019-04-06 20:00:00	5152.75768991	4933.08600812	5135.63614974	5015.16609296	1102150.7312424	219.92821059	5011.4113523
4092	2019-04-06 22:00:00	5074.039214	5014.64537916	5019.11829993	5051.06520581	687699.3409482	136.24168845	5047.64252977
4093	2019-04-07 00:00:00	5061.80210866	5033.9192941	5051.06520581	5044.39836097	205315.49752097	40.69148767	5045.66210962
4094	2019-04-07 02:00:00	5145.08568057	5044.39836097	5044.39836097	5122.5	317819.67001969	62.20887178	5108.912297
4095	2019-04-07 04:00:00	5148.99999999	5088.0846135	5119.89188264	5093.60515898	373818.79700408	72.99728555	5120.99585878
4096	2019-04-07 06:00:00	5159.0	5086.14235575	5093.50515898	5141.44150089	287598.48174043	56.01779797	5134.05546384
4097	2019-04-07 08:00:00	5177.64925736	5121.25887191	5136.59940487	5127.80261266	190168.29053527	36.92932711	5149.51951246
4098	2019-04-07 10:00:00	5144.62429501	5100.0	5126.28505224	5112.32604226	251549.3799348	49.1128556	5121.86426265
4099	2019-04-07 12:00:00	5160.16821389	5112.78509265	5112.78509265	5158.99999998	62964.01091046	12.25853534	5136.34044884
4100	2019-04-07 14:00:00	5164.19204048	5090.00000001	5155.77244257	5126.6375746	285590.09243347	55.64784442	5132.0962278
4101	2019-04-07 16:00:00	5131.49933557	5052.38817769	5123.07058521	5119.18755194	266494.52168497	52.30472344	5095.03739161
4102	2019-04-07 18:00:00	5150.0	5105.64223163	5119.18755194	5118.23520736	223795.28526022	43.57929165	5135.35848764
4103	2019-04-07 20:00:00	5150.0	5089.3572462	5118.23520736	5129.61513123	382547.22462834	74.5715905	5129.93248586
4104	2019-04-07 22:00:00	5220.0	5106.37024978	5140.012	5174.93586977	1266169.9193252	245.40430258	5159.52616157
4105	2019-04-08 00:00:00	5300.0	5155.75695842	5172.49044736	5250.81715709	911780.55793434	173.9513587	5241.58342164
4106	2019-04-08 02:00:00	5315.70006089	5190.15367481	5257.59321431	5200.62670905	576745.65309559	109.73646141	5255.73401661
4107	2019-04-08 04:00:00	5269.507894	5200.50000005	5200.62670905	5250.79887801	642685.10375899	122.43047872	5249.38814646
4108	2019-04-08 06:00:00	5251.78242718	5161.97113833	5248.33452491	5207.61959812	216909.73333802	41.7101494	5200.40653074
4109	2019-04-08 08:00:00	5213.99999999	5150.0	5207.61959812	5213.99999999	388273.00930416	74.94158204	5181.00897705
4110	2019-04-08 10:00:00	5219.29337489	5055.30852647	5213.99999999	5055.30852647	554616.03034403	108.20249685	5125.7230331
4111	2019-04-08 12:00:00	5160.0	5050.0	5055.50863898	5135.86767462	1895603.6796242	369.08493622	5135.95515178
4112	2019-04-08 14:00:00	5204.50470769	5131.62737544	5137.96856931	5188.83946622	217940.7093534	42.12964371	5173.09642715
4113	2019-04-08 16:00:00	5206.0	5148.009026	5195.03038058	5160.00000003	115784.01832002	22.42995942	5162.02531408
4114	2019-04-08 18:00:00	5186.61412617	5148.009026	5160.00000001	5162.931	237016.33753516	45.82275531	5172.45931484
4115	2019-04-08 20:00:00	5235.00000001	5156.66748968	5158.76122986	5228.0	159357.06608056	30.62047245	5204.26542538
4116	2019-04-08 22:00:00	5257.74305186	5177.9173022	5228.0	5240.21979062	252622.94253882	48.41288327	5218.09331474
4117	2019-04-09 00:00:00	5240.21979062	5174.57698564	5240.21979062	5187.14448583	342393.65424422	65.92213768	5193.91006259
4118	2019-04-09 02:00:00	5206.58982563	5138.32	5180.0	5155.10798607	220218.11320456	42.58339613	5171.45491478
4119	2019-04-09 04:00:00	5179.0	5076.19235437	5163.49155825	5141.51133912	448528.40724982	87.53710855	5123.86592017
4120	2019-04-09 06:00:00	5177.83844166	5137.88942411	5140.67218294	5150.0	78629.16020305	15.24167776	5158.8257829
4121	2019-04-09 08:00:00	5167.89999999	5106.7	5147.57750002	5121.35064	236698.17693876	46.05861095	5139.0645974
4122	2019-04-09 10:00:00	5164.98035943	5090.0	5123.84964084	5149.03	233164.45491101	45.5161432	5122.67601159
4123	2019-04-09 12:00:00	5190.50592244	5137.77371514	5155.88921174	5149.38035191	152863.00661334	29.59170232	5165.73886018
4124	2019-04-09 14:00:00	5177.60174926	5138.4468035	5150.99143496	5166.70744599	202150.12482043	39.25107553	5150.18052603
4125	2019-04-09 16:00:00	5187.53075185	5160.55900243	5160.55900243	5161.76746079	52971.28925621	10.23875703	5173.60545826
4126	2019-04-09 18:00:00	5175.20289543	5158.76874678	5161.4360054	5164.9	87079.18228327	16.85267726	5167.08300644
4127	2019-04-09 20:00:00	5198.0	5162.27281032	5164.7	5170.64022313	132477.68957073	25.59953925	5175.0028888
4128	2019-04-09 22:00:00	5176.37557261	5124.82591378	5170.68683699	5154.12533859	105818.12743892	20.54794059	5149.81669211
4129	2019-04-10 00:00:00	5198.8	5137.83695891	5153.09743701	5182.60457848	199675.66659136	38.64590064	5166.80070291
4130	2019-04-10 02:00:00	5187.69251113	5165.96988695	5185.02357782	5167.93360722	58513.87290306	11.30315773	5176.77221717
4131	2019-04-10 04:00:00	5214.57968534	5175.27116483	5175.27116483	5213.97968498	90137.14364882	17.35118423	5194.86984023
4132	2019-04-10 06:00:00	5223.0	5190.0	5212.74199392	5197.69999995	169266.53041749	32.49735226	5208.62527701
4133	2019-04-10 08:00:00	5217.81641299	5199.41298955	5199.59876487	5202.40000004	192451.54154464	36.98203109	5203.92027891
4134	2019-04-10 10:00:00	5220.26261205	5193.0	5203.40000056	5200.0	52345.03216761	10.05567838	5205.51972621
4135	2019-04-10 12:00:00	5242.77618815	5199.37811886	5199.37811886	5229.4	269156.53270435	51.53133006	5223.16292614
4136	2019-04-10 14:00:00	5244.0	5220.0788729	5229.4	5244.0	89180.71950691	17.05045702	5230.40053426
4137	2019-04-10 16:00:00	5270.0	5224.66377841	5244.0	5258.47871611	213342.83241302	40.70730047	5240.89855995
4138	2019-04-10 18:00:00	5420.93626445	5253.82308635	5253.82308635	5361.0	1873415.9336845	352.00016575	5322.20185093
4139	2019-04-10 20:00:00	5388.43619901	5197.48464421	5361.0	5279.0282	701575.40332035	133.09315126	5271.31108309
4140	2019-04-10 22:00:00	5310.94203295	5255.63719978	5277.7282	5309.45449317	230916.91976631	43.76113495	5276.75801896
4141	2019-04-11 00:00:00	5326.57628912	5273.97308821	5313.0	5284.84790434	185494.20321203	34.99161183	5301.10485087
4142	2019-04-11 02:00:00	5282.51	5113.86522461	5282.51	5140.58	800985.70330051	154.41882084	5187.0989491
4143	2019-04-11 04:00:00	5191.76169999	5100.02000001	5140.58	5175.87242511	603254.02862345	117.10113831	5151.56417204
4144	2019-04-11 06:00:00	5198.19386906	5159.01992093	5180.79491254	5168.79639123	131357.32753139	25.35993732	5179.71814653
4145	2019-04-11 08:00:00	5176.23592061	4987.0	5164.89999996	5060.00040085	1050372.2900313	205.84241156	5102.79821379
4146	2019-04-11 10:00:00	5081.20360717	4925.0	5053.81497304	5002.973123	982379.88476076	196.08565257	5009.95290519
4147	2019-04-11 12:00:00	5036.0013425	4974.3	5001.00508784	4990.45334628	671901.62105124	134.27531665	5003.91015872
4148	2019-04-11 14:00:00	5035.8999994	4967.57394026	4989.0	4997.32533286	579326.9821907	115.38820691	5020.67756926
4149	2019-04-11 16:00:00	5032.0	4964.13990158	4995.02512828	5032.0	266788.19022453	53.31320844	5004.16684778
4150	2019-04-11 18:00:00	5061.45771031	5018.31579034	5034.98480943	5046.20067877	216139.8966077	42.86021884	5042.90231028
4151	2019-04-11 20:00:00	5050.09015397	4989.42305717	5046.20067877	4992.0	139807.45958782	27.80590349	5027.97758893
4152	2019-04-11 22:00:00	5037.92179004	4968.23769723	4989.42305717	5022.1	36671.48450895	7.32918565	5003.48691657
4153	2019-04-12 00:00:00	5016.0	4872.40447627	5016.0	4921.37	551821.44227055	112.09256732	4922.90840921
4154	2019-04-12 02:00:00	4983.02318329	4913.1	4916.27337695	4983.02318006	156661.6384162	31.68975422	4943.60534728
4155	2019-04-12 04:00:00	5009.56488258	4963.26439601	4983.02318329	4975.12376872	127886.2936434	25.65432849	4984.9791895
4156	2019-04-12 06:00:00	5006.0	4969.1554185	4986.15541849	4991.4493674	49943.37274687	10.02288259	4982.93502876
4157	2019-04-12 08:00:00	5006.0	4965.20000001	4991.56556705	4990.46924026	121814.30343697	24.45362065	4981.44242852
4158	2019-04-12 10:00:00	5064.98480942	4978.48762058	4990.04287407	5040.0	147032.01585396	29.30777372	5016.82649998
4159	2019-04-12 12:00:00	5056.04	5015.19016442	5040.0	5023.70000013	97698.03246408	19.38220003	5040.60593291
4160	2019-04-12 14:00:00	5051.78661705	5016.41296385	5024.17346655	5044.88156172	138198.9239112	27.43524086	5037.2775882
4161	2019-04-12 16:00:00	5077.82223453	5036.66122322	5042.47809309	5043.99999998	135124.77673783	26.73021809	5055.13184676
4162	2019-04-12 18:00:00	5051.3360522	5005.97113833	5040.19779121	5030.8821764	1047780.1610913	208.60822525	5022.71739206
4163	2019-04-12 20:00:00	5045.89999993	5003.15292259	5032.11595079	5042.49999999	96013.47443521	19.12202246	5021.0941147
4164	2019-04-12 22:00:00	5064.27974045	5032.52222062	5042.49999999	5053.2249604	79987.11498996	15.84355624	5048.5581506
4165	2019-04-13 00:00:00	5055.20438629	5024.8000001	5043.00000001	5054.15178229	63788.88784187	12.67134249	5034.10651966
4166	2019-04-13 02:00:00	5100.0999693	5051.16210715	5056.09999994	5079.98480943	358931.36284209	70.48142048	5092.56709637
4167	2019-04-13 04:00:00	5088.28999547	5071.47302132	5083.39999999	5085.30000038	31322.58540392	6.16860799	5077.7396545
4168	2019-04-13 06:00:00	5093.0	5060.06579289	5083.289997	5062.20428025	100156.91944043	19.71536061	5080.14646151
4169	2019-04-13 08:00:00	5070.26335344	5037.71049528	5069.26034222	5045.3	89420.24810909	17.7065796	5050.11414565
4170	2019-04-13 10:00:00	5054.94091581	5002.05785799	5048.76274057	5017.92107887	235496.25050425	46.92073117	5019.02346003
4171	2019-04-13 12:00:00	5040.01350997	5017.35327283	5017.69285964	5036.0999997	82294.19957203	16.36475993	5028.74468822
4172	2019-04-13 14:00:00	5072.0	5035.64313399	5039.9	5056.0	110692.40176631	21.8711077	5061.12462544
4173	2019-04-13 16:00:00	5070.0	5040.0	5056.00000001	5063.57836026	60575.05148668	11.989780960000001	5052.22336327
4174	2019-04-13 18:00:00	5068.47577626	5049.8233887	5066.1985191	5049.8233887	27815.57125262	5.49782618	5059.37625925
4175	2019-04-13 20:00:00	5063.233651	5016.24006815	5050.09999991	5044.9513534	123272.99177914	24.45906342	5039.97187718
4176	2019-04-13 22:00:00	5063.233651	5029.53586572	5044.9513534	5049.60651492	25873.91173006	5.12556046	5048.01610126
4177	2019-04-14 00:00:00	5065.45363398	5053.07163978	5056.11757259	5053.07163978	8266.75094962	1.63435828	5058.10203967
4178	2019-04-14 02:00:00	5057.85183945	5020.30000093	5057.85183945	5034.11651687	52123.36389978	10.34573335	5038.15071744
4179	2019-04-14 04:00:00	5039.0	4997.6260146	5031.48419317	5024.93275278	183003.71774782	36.52247089	5010.71568511
4180	2019-04-14 06:00:00	5044.59999994	5006.4	5025.80854682	5039.0	21383.7595001	4.25282512	5028.13045369
4181	2019-04-14 08:00:00	5049.84676351	5028.36681487	5040.67683007	5046.30000004	37629.09411234	7.46670205	5039.58693682
4182	2019-04-14 10:00:00	5050.0	5038.5	5046.30000003	5046.3	27288.16530358	5.40861833	5045.31169304
4183	2019-04-14 12:00:00	5060.0	5038.41867006	5046.26999986	5057.69161273	89406.69289375	17.69560442	5052.48030933
4184	2019-04-14 14:00:00	5069.0	5044.75508492	5051.54670445	5069.0	69137.97741811	13.68296973	5052.84881735
4185	2019-04-14 16:00:00	5084.7483649	5059.1479718	5066.12312034	5068.29800058	167300.0027174	32.99809965	5069.98901427
4186	2019-04-14 18:00:00	5087.6	5068.29800058	5068.29800058	5071.87503898	183104.96998917	36.04665637	5079.66586719
4187	2019-04-14 20:00:00	5089.0	5062.02400001	5071.87503898	5081.8	72280.90869412	14.23544338	5077.53125523
4188	2019-04-14 22:00:00	5147.04034544	5081.8	5081.8	5126.69105029	469126.00100433	91.5131365	5126.32414259
4189	2019-04-15 00:00:00	5165.40000005	5126.55778482	5126.69105029	5148.3622523	164692.45483965	32.0425754	5139.80080513
4190	2019-04-15 02:00:00	5161.49999995	5135.4486694	5156.18247319	5139.0	105541.57521536	20.49663412	5149.21496853
4191	2019-04-15 04:00:00	5165.8889749	5137.54416002	5144.54175859	5145.11850246	98083.62957997	19.05017907	5148.69856181
4192	2019-04-15 06:00:00	5146.97118245	5126.9719334	5144.88202417	5137.62318834	116675.70865446	22.71895783	5135.61007188
4193	2019-04-15 08:00:00	5140.0	5128.00882105	5139.16884912	5134.0	41734.56515414	8.12606816	5135.88667143
4194	2019-04-15 10:00:00	5140.0	5097.67213341	5140.0	5102.53871053	90886.15564375	17.78283573	5110.89215599
4195	2019-04-15 12:00:00	5124.71143079	5083.08042464	5102.7	5115.5218551	141262.68594873	27.65836167	5107.41336143
4196	2019-04-15 14:00:00	5146.1614954	5111.76920472	5115.42185508	5130.55581498	177039.63596231	34.52024514	5128.57412351
4197	2019-04-15 16:00:00	5139.50234615	4992.58447433	5133.13614809	5051.14025717	649260.6603418	128.70905893	5044.40531023
4198	2019-04-15 18:00:00	5052.76517503	4990.0	5048.042011	5012.9	449291.36593147	89.23959565	5034.6638469
4199	2019-04-15 20:00:00	5037.44248725	4950.0	5004.51967482	5023.09952293	318634.77329365	63.74293183	4998.74674957
4200	2019-04-15 22:00:00	5051.53854694	5024.89068724	5024.89068724	5032.7545694	202178.13972719	40.09307431	5042.71980152
4201	2019-04-16 00:00:00	5055.0	5021.19935944	5031.83403907	5047.59999982	63984.28872017	12.72142499	5029.64791841
4202	2019-04-16 02:00:00	5048.10000002	5034.12454994	5045.49999993	5042.63757061	44234.92189716	8.77193234	5042.7796502
4203	2019-04-16 04:00:00	5077.31197525	5040.78972338	5044.33231285	5066.58942891	52566.20156655	10.39692713	5055.93632707
4204	2019-04-16 06:00:00	5067.68942895	5049.6	5067.68942895	5066.06	78098.64807095	15.43580865	5059.57607027
4205	2019-04-16 08:00:00	5079.98480941	5066.06	5066.30000026	5078.0	43724.89732878	8.61956146	5072.75196443
4206	2019-04-16 10:00:00	5072.12459546	5042.4946387	5072.10936409	5049.12953704	37295.09775302	7.37580765	5056.40867044
4207	2019-04-16 12:00:00	5064.41213246	5025.00000001	5055.88957828	5029.04520647	107591.45916031	21.3543227	5038.39249185
4208	2019-04-16 14:00:00	5087.30000087	5009.0	5025.74324999	5073.01267549	144026.82644233	28.44338568	5063.63159655
4209	2019-04-16 16:00:00	5193.9587789	5064.76208289	5073.77320639	5176.99230011	422780.15979407	82.23004336	5141.43179936
4210	2019-04-16 18:00:00	5185.0	5140.29326754	5176.99220567	5160.3718924	146453.9435737	28.3610668	5163.90813527
4211	2019-04-16 20:00:00	5182.19825121	5139.09356697	5160.3718924	5173.65321096	199827.07576497	38.73385956	5158.97661722
4212	2019-04-16 22:00:00	5188.6	5153.6311	5173.65321096	5176.5244883	81491.94668739	15.74499287	5175.73728741
4213	2019-04-17 00:00:00	5234.98087353	5165.0	5175.72605442	5176.69730016	227853.1345282	43.85348463	5195.78173663
4214	2019-04-17 02:00:00	5202.07000001	5173.59419764	5185.74962821	5197.1342639	117802.66801543	22.70413042	5188.60074516
4215	2019-04-17 04:00:00	5201.54090105	5180.77920004	5199.99648916	5191.6194167	86688.74805077	16.68322759	5196.16168892
4216	2019-04-17 06:00:00	5197.20000083	5174.1361983	5187.20456029	5184.93924618	54971.58502086	10.59333853	5189.25972819
4217	2019-04-17 08:00:00	5188.69999999	5160.0	5187.60066282	5180.0	77196.79551515	14.92145825	5173.54230543
4218	2019-04-17 10:00:00	5220.96593031	5166.1933613	5180.0	5208.80828839	137716.67721451	26.45731641	5205.23983159
4219	2019-04-17 12:00:00	5225.0	5144.00000001	5208.80828839	5189.79999831	725792.45509262	140.10484348	5180.35234946
4220	2019-04-17 14:00:00	5202.25678165	5165.0	5189.29999998	5180.46812126	150325.54254563	29.00542536	5182.6698171
4221	2019-04-17 16:00:00	5211.388	5176.60775528	5180.46812126	5201.53614844	104576.7030034	20.11867029	5197.99278461
4222	2019-04-17 18:00:00	5209.35718471	5189.16709955	5204.73335134	5208.00000003	63234.08371295	12.15586576	5201.9399491
4223	2019-04-17 20:00:00	5214.98480942	5197.72558798	5208.0	5212.24402718	115000.84336634	22.08602395	5206.95094901
4224	2019-04-17 22:00:00	5214.76455474	5188.5	5211.97008841	5203.18561709	37874.38563391	7.27992815	5202.57684602
4225	2019-04-18 00:00:00	5249.3	5200.0	5202.29557818	5235.12950788	1226779.3881112	234.76732371	5225.51166288
4226	2019-04-18 02:00:00	5249.43914602	5224.30898515	5238.0	5247.86683735	62576.9626488	11.9429494	5239.65735371
4227	2019-04-18 04:00:00	5263.68374999	5237.65870996	5249.59550059	5240.69288397	210356.91921702	40.0853968	5247.71951906
4228	2019-04-18 06:00:00	5254.25672814	5236.27650002	5240.69288397	5246.93007358	127900.7888235	24.39002459	5243.97949463
4229	2019-04-18 08:00:00	5247.64152758	5211.77650954	5247.64152758	5226.16311378	115025.30598852	22.00774158	5226.58381689
4230	2019-04-18 10:00:00	5239.59717866	5203.58830786	5234.5697392	5216.0	76093.79313217	14.58687873	5216.59187963
4231	2019-04-18 12:00:00	5236.12489305	5216.13092448	5218.16793892	5233.72132178	415854.92959261	79.48039718	5232.16974684
4232	2019-04-18 14:00:00	5248.72132178	5215.03055005	5233.72132178	5226.68983888	1045266.5477354	199.46367276	5240.38554626
4233	2019-04-18 16:00:00	5260.31415926	5207.31104862	5228.64188415	5235.80669404	759582.86164565	144.77037675	5246.81138985
4234	2019-04-18 18:00:00	5280.63039924	5236.25370621	5236.25370621	5268.29093318	69797.87130247	13.28846534	5252.51558525
4235	2019-04-18 20:00:00	5291.39483621	5256.25762495	5268.29093317	5270.47284978	199752.98104767	37.85853788	5276.29940915
4236	2019-04-18 22:00:00	5278.29	5234.12267327	5270.80929965	5260.81355704	130946.3184173	24.9055635	5257.71353927
4237	2019-04-19 00:00:00	5256.34466624	5200.0	5255.38492057	5200.0	955965.67201041	183.58184537	5207.29961115
4238	2019-04-19 02:00:00	5222.505687	5196.0	5200.0	5215.13328867	1278255.3392897	245.71168596	5202.25700416
4239	2019-04-19 04:00:00	5221.17255757	5203.70107116	5214.71835321	5217.09135882	46131.00253656	8.8429824	5216.67922086
4240	2019-04-19 06:00:00	5232.76841752	5217.09135882	5217.09135882	5230.00000001	94557.95413842	18.08715065	5227.90769912
4241	2019-04-19 08:00:00	5248.56314682	5214.21204156	5230.0	5237.11449474	82848.88261918	15.83008582	5233.6344579
4242	2019-04-19 10:00:00	5260.20014499	5224.48936789	5239.64620837	5237.1	265390.39977293	50.64649465	5240.05464952
4243	2019-04-19 12:00:00	5243.57539235	5218.2	5236.56366779	5234.18350572	43491.1797191	8.31678099	5229.32848314
4244	2019-04-19 14:00:00	5266.50346296	5224.24096348	5234.20444078	5260.40000006	92058.70702562	17.51839685	5254.97326118
4245	2019-04-19 16:00:00	5328.31375588	5237.542869	5258.0	5255.28210822	250142.09970749	47.38443383	5278.99310995
4246	2019-04-19 18:00:00	5277.2151644	5246.18712524	5253.2948412	5274.88049051	70536.96008371	13.40752798	5260.99667208
4247	2019-04-19 20:00:00	5277.19568262	5214.21204157	5274.88049051	5246.194314	134998.58774094	25.76432386	5239.74890528
4248	2019-04-19 22:00:00	5269.0	5231.98317177	5251.09999997	5260.85910911	57117.43386423	10.87946371	5250.0229227
4249	2019-04-20 00:00:00	5283.64378609	5258.6556945	5261.24619999	5280.57505498	23740.36010746	4.50198428	5273.31030739
4250	2019-04-20 02:00:00	5293.0	5263.92647369	5279.09540816	5273.97082117	104748.04983611	19.83784898	5280.21208053
4251	2019-04-20 04:00:00	5306.93732114	5261.70000001	5276.58725573	5306.51984026	108972.744701	20.59459929	5291.32629222
4252	2019-04-20 06:00:00	5309.98480941	5285.82015175	5302.00000002	5308.6	94977.22970394	17.91676757	5301.02482676
4253	2019-04-20 08:00:00	5328.95	5285.43877811	5309.70132956	5290.05628156	169024.37905329	31.82506726	5311.04546213
4254	2019-04-20 10:00:00	5292.39203978	5273.78578407	5287.28362166	5285.64022209	148040.28365912	28.02749473	5281.96633645
4255	2019-04-20 12:00:00	5303.37117249	5284.25500467	5290.0	5288.76724026	63566.79338082	12.00029611	5297.10207132
4256	2019-04-20 14:00:00	5315.04249998	5276.0	5290.78871122	5291.86492757	108380.3455496	20.44399834	5301.32823076
4257	2019-04-20 16:00:00	5302.79649039	5282.39621503	5293.5564161	5286.51389542	141243.09653105	26.67726522	5294.51183868
4258	2019-04-20 18:00:00	5301.50000086	5282.1029823	5285.3946697	5299.5	74099.71338645	14.01233448	5288.17760468
4259	2019-04-20 20:00:00	5301.79649087	5241.0	5299.51999999	5244.00000056	145213.90077723	27.51276024	5278.05641856
4260	2019-04-20 22:00:00	5308.39394845	5247.9762186	5247.9762186	5289.87388452	158641.92384955	29.99767847	5288.4733733
4261	2019-04-21 00:00:00	5313.30000074	5286.41116149	5289.87388452	5293.48697264	94801.77422765	17.88921875	5299.3803448
4262	2019-04-21 02:00:00	5311.42865674	5298.60369152	5298.60369152	5307.6	6178.35362676	1.16419311	5306.98350101
4263	2019-04-21 04:00:00	5304.0	5281.96329898	5304.0	5282.03485513	81261.20291052	15.36182515	5289.81433632
4264	2019-04-21 06:00:00	5300.0	5277.97006228	5280.90000001	5277.97006228	97230.5323581	18.39653706	5285.26276662
4265	2019-04-21 08:00:00	5285.2533	5196.0	5279.37985217	5205.1641078	446946.05122034	85.27158786	5241.44163885
4266	2019-04-21 10:00:00	5231.26030796	5188.0	5205.26410783	5227.99989985	450074.6707267	86.27912934	5216.49527724
4267	2019-04-21 12:00:00	5229.34556461	5167.7828115	5224.99999996	5222.40000002	267493.87656313	51.39525278	5204.64171483
4268	2019-04-21 14:00:00	5238.3999	5216.3724684	5222.40000002	5238.3999	144347.2327456	27.63202242	5223.91124875
4269	2019-04-21 16:00:00	5240.89999999	5216.0	5238.3999	5235.49209863	90007.61599456	17.20358087	5231.91169761
4270	2019-04-21 18:00:00	5239.4316206	5196.99809918	5226.8	5220.25105402	35686.95733705	6.85105771	5208.97047545
4271	2019-04-21 20:00:00	5245.5242067	5200.0	5214.60000006	5234.00000026	80012.44963067	15.34380231	5214.6428906
4272	2019-04-21 22:00:00	5270.0	5232.0	5232.0	5258.95905177	111040.21962247	21.13445318	5253.99066049
4273	2019-04-22 00:00:00	5267.0	5226.31279583	5259.29999999	5232.79045667	108584.51852985	20.69880798	5245.93100408
4274	2019-04-22 02:00:00	5247.25724094	5212.0	5227.86969591	5221.89999991	30038.50922304	5.73998708	5233.20153937
4275	2019-04-22 04:00:00	5252.90784405	5220.49999966	5220.49999966	5233.56501392	47172.11477755	8.98959606	5247.41205975
4276	2019-04-22 06:00:00	5252.01280498	5226.80729081	5243.20582524	5244.72090475	18528.33110184	3.53368511	5243.34526848
4277	2019-04-22 08:00:00	5268.72410368	5240.72506293	5244.72090475	5266.09313691	72495.97068852	13.78929997	5257.4076165
4278	2019-04-22 10:00:00	5291.06703957	5264.98480972	5268.7241037	5275.90124606	98729.77468258	18.69431464	5281.2727604
4279	2019-04-22 12:00:00	5287.27674131	5268.38492328	5273.40000001	5268.38492328	118923.13201457	22.53832986	5276.48378354
4280	2019-04-22 14:00:00	5344.03197846	5266.0	5268.38492328	5283.21811998	501104.95221773	94.41694544	5307.36246425
4281	2019-04-22 16:00:00	5330.08442684	5253.72089779	5278.21811998	5330.0	437049.80356546	82.50659436	5297.14996668
4282	2019-04-22 18:00:00	5390.0	5316.45933268	5328.71353453	5350.37631414	2594923.9848761	485.7218089	5342.40780901
4283	2019-04-22 20:00:00	5379.48390821	5328.90000001	5355.5559065	5363.70374741	279702.77619787	52.28696475	5349.37871293
4284	2019-04-22 22:00:00	5382.61364858	5349.95911853	5359.80336784	5364.93620828	453797.91891796	84.5682022	5366.0584843
4285	2019-04-23 00:00:00	5367.08105288	5337.08382823	5363.27633158	5347.28502239	271268.45346771	50.67165168	5353.45591615
4286	2019-04-23 02:00:00	5438.98786739	5349.9144692	5355.99999998	5424.22291869	870710.7906849	161.54185832	5390.00107922
4287	2019-04-23 04:00:00	5597.01	5416.28443051	5419.81786701	5506.84397309	1224766.2499039	222.79496269	5497.27980882
4288	2019-04-23 06:00:00	5521.00527623	5477.78281155	5504.55607882	5507.5064119	618336.98704546	112.30460767	5505.89152016
4289	2019-04-23 08:00:00	5538.68874681	5474.16311287	5507.50641187	5499.36000641	369875.79852936	67.17357959	5506.26899425
4290	2019-04-23 10:00:00	5522.26654422	5500.0	5500.0	5515.09308	175150.65907108	31.76185526	5514.49711099
4291	2019-04-23 12:00:00	5554.85581748	5511.36015077	5514.65765368	5542.0	347611.17635935	62.82445246	5533.05540674
4292	2019-04-23 14:00:00	5550.0	5514.4485264	5539.80627054	5528.48772	816658.52077524	147.54986039	5534.79697382
4293	2019-04-23 16:00:00	5578.66646742	5517.39999999	5532.79999998	5553.80635398	435950.63131492	78.61378948	5545.47280061
4294	2019-04-23 18:00:00	5580.0	5552.95559491	5553.50835016	5570.97990834	201224.94449755	36.13027286	5569.42775597
4295	2019-04-23 20:00:00	5572.34541812	5530.63341943	5570.97990834	5542.80000001	73388.12018228	13.21694722	5552.57722987
4296	2019-04-23 22:00:00	5543.64047334	5480.0	5543.64047334	5494.4451665	251883.3323993	45.72497609	5508.65968532
4297	2019-04-24 00:00:00	5522.1852786	5440.55765348	5494.29134272	5498.85826538	423814.5562627	77.16525164	5492.29798718
4298	2019-04-24 02:00:00	5557.13572592	5492.3595642	5497.0	5535.00000001	237440.01502991	42.91043402	5533.38647004
4299	2019-04-24 04:00:00	5581.06276628	5506.19241033	5538.75269406	5570.55998357	688102.93030704	124.0218022	5548.24166477
4300	2019-04-24 06:00:00	5588.0	5390.0	5570.55998357	5421.09069235	879065.53171936	159.67472082	5505.35192549
4301	2019-04-24 08:00:00	5457.04337356	5380.1	5421.1528201	5426.76283916	1107194.012609	204.09351017	5424.93493147
4302	2019-04-24 10:00:00	5435.09062769	5342.0	5426.6238746	5382.49000001	617118.67834003	114.46250205	5391.44844195
4303	2019-04-24 12:00:00	5428.66646743	5374.36842261	5384.80569928	5394.82873293	433014.11241706	80.11634376	5404.81619723
4304	2019-04-24 14:00:00	5449.45567649	5387.89503005	5389.99999999	5427.13341783	343639.04423421	63.42735221	5417.83682056
4305	2019-04-24 16:00:00	5436.55189944	5380.1	5429.22055665	5385.62890295	476005.50833065	88.04944637	5406.11585824
4306	2019-04-24 18:00:00	5400.0	5348.39999999	5380.0	5399.75564042	303792.04060497	56.47167073	5379.54759754
4307	2019-04-24 20:00:00	5414.14023181	5381.02407634	5397.82655531	5398.95992891	309269.21394591	57.27644533	5399.58812325
4308	2019-04-24 22:00:00	5417.74099994	5390.59832331	5399.10662949	5409.0325917	251597.49719683	46.58562483	5400.75394748
4309	2019-04-25 00:00:00	5432.69620505	5402.49564684	5408.97964369	5423.28999997	179831.11327729	33.19730506	5417.03951426
4310	2019-04-25 02:00:00	5433.00646642	5386.98752371	5430.28000001	5415.95453023	148983.687148	27.5678037	5404.26392937
4311	2019-04-25 04:00:00	5426.0	5391.33101707	5415.95453023	5406.24101083	69475.12767541	12.84361222	5409.31371061
4312	2019-04-25 06:00:00	5405.0	5367.76741633	5404.20000004	5402.93201605	224931.38377004	41.77528521	5384.31713007
4313	2019-04-25 08:00:00	5405.40540537	5356.40809572	5401.58128305	5395.91882404	237055.58553156	43.9743116	5390.77422491
4314	2019-04-25 10:00:00	5438.07436	5395.91882404	5395.91882404	5438.0	136112.6825908	25.11524668	5419.52401762
4315	2019-04-25 12:00:00	5440.0	5417.10000001	5438.0	5431.12488776	170249.98433818	31.36927656	5427.28436891
4316	2019-04-25 14:00:00	5435.0	5401.85206347	5432.63183278	5431.63451041	340317.72064855	62.78394931	5420.4573683
4317	2019-04-25 16:00:00	5469.15	5423.54123466	5433.25351465	5469.08999998	148509.16618098	27.24831861	5450.21394921
4318	2019-04-25 18:00:00	5488.66646742	5465.39999996	5471.66468177	5471.35007317	151731.6017419	27.71933051	5473.85521043
4319	2019-04-25 20:00:00	5481.48581467	5385.1	5470.48841637	5392.82838934	410184.87064186	75.3333128	5444.93339528
4320	2019-04-25 22:00:00	5392.82838929	5110.88677657	5392.82838929	5229.5526	4334087.7271644	830.45335992	5218.94176884
4321	2019-04-26 00:00:00	5350.0	5168.63090661	5230.64739068	5313.10000084	701992.64245047	133.07658834	5275.10248952
4322	2019-04-26 02:00:00	5505.45	5300.00000001	5307.25559084	5340.00000008	753510.21550184	139.15524562	5414.88904816
4323	2019-04-26 04:00:00	5379.19992896	5300.00000002	5340.00000147	5319.88331002	428778.30120757	80.45624866	5329.33499074
4324	2019-04-26 06:00:00	5330.58317546	5250.21724923	5324.26541035	5288.89332728	716092.06298535	135.38196032	5289.42010658
4325	2019-04-26 08:00:00	5318.6664674	5281.61000005	5288.40000001	5310.5	362309.27463648	68.32563684	5302.68419575
4326	2019-04-26 10:00:00	5344.36	5293.95708012	5309.42746368	5329.2663649	386387.49159582	72.6063303	5321.677738
4327	2019-04-26 12:00:00	5340.0	5304.49999987	5329.26636527	5304.49999987	346632.33989049	65.08785444	5325.60710247
4328	2019-04-26 14:00:00	5334.59255656	5280.01000001	5304.49999988	5285.79935878	473218.86564951	89.05594266	5313.72586168
4329	2019-04-26 16:00:00	5291.28	5201.8780661	5291.28	5265.76325439	401882.78820065	76.64877382	5243.17308903
4330	2019-04-26 18:00:00	5285.04941835	5236.60974144	5265.76325439	5260.0	158375.78081269	30.09624061	5262.31109277
4331	2019-04-26 20:00:00	5298.66629964	5260.0	5260.0	5286.8	120081.74097382	22.7091024	5287.82418867
4332	2019-04-26 22:00:00	5327.2700964	5292.23921526	5292.61548	5312.71123874	185595.40479296	34.96452599	5308.1058455
4333	2019-04-27 00:00:00	5323.2	5296.73706083	5310.02778062	5302.0	38413.893521	7.23151982	5312.0083298
4334	2019-04-27 02:00:00	5308.20509694	5292.0240948	5299.86562787	5298.50883	54893.64500615	10.35657129	5300.3685746
4335	2019-04-27 04:00:00	5304.16328819	5267.18347329	5293.86966244	5304.16328819	62242.51639094	11.78014531	5283.67984884
4336	2019-04-27 06:00:00	5323.14968181	5301.53870001	5304.1632882	5314.594352	121616.56021598	22.91476618	5307.34458561
4337	2019-04-27 08:00:00	5323.07238799	5277.0	5320.44040579	5285.16461969	73341.29908089	13.84757712	5296.32718022
4338	2019-04-27 10:00:00	5297.95273762	5270.0	5285.19372134	5281.97174981	30560.39806533	5.78300171	5284.52170651
4339	2019-04-27 12:00:00	5288.12681591	5264.76972467	5276.20481581	5276.55746773	30596.55756938	5.79980427	5275.44657457
4340	2019-04-27 14:00:00	5305.82999999	5277.40754598	5277.40754618	5278.15761467	49433.85965978	9.34969069	5287.21872186
4341	2019-04-27 16:00:00	5315.4	5278.15761467	5278.15761467	5315.04	161714.98429058	30.53039677	5296.85170844
4342	2019-04-27 18:00:00	5350.29000019	5303.61300408	5315.4	5332.60999997	131863.91450105	24.73326786	5331.43922782
4343	2019-04-27 20:00:00	5344.99999997	5315.84290861	5331.38863114	5325.55602718	90407.78904724	16.95150968	5333.3178433
4344	2019-04-27 22:00:00	5332.06664999	5284.65091641	5330.0	5296.32637366	98387.88399389	18.54966407	5304.02510916
4345	2019-04-28 00:00:00	5322.2654482	5296.32637371	5296.32637371	5309.41237707	46184.87019255	8.69950414	5308.90835262
4346	2019-04-28 02:00:00	5310.54084276	5276.87806612	5307.0	5306.53866866	320099.80974496	60.55156989	5286.39984605
4347	2019-04-28 04:00:00	5317.16103116	5295.24876712	5306.53866866	5317.16103116	93332.83559503	17.59837661	5303.49120622
4348	2019-04-28 06:00:00	5320.99999999	5303.72708847	5317.16103116	5320.99999998	48165.7778524	9.06295397	5314.57822822
4349	2019-04-28 08:00:00	5326.94815124	5308.72265242	5320.99999999	5318.07800828	147011.70580955	27.6394393	5318.91056883
4350	2019-04-28 10:00:00	5343.13904868	5310.96959825	5315.0	5333.20000003	224471.12799348	42.14286777	5326.43220244
4351	2019-04-28 12:00:00	5335.30078459	5282.81058902	5335.30078459	5289.01108186	209052.51755283	39.31682224	5317.12650317
4352	2019-04-28 14:00:00	5336.62494286	5286.89571143	5286.89571143	5333.40312473	272391.74822226	51.32120289	5307.58697932
4353	2019-04-28 16:00:00	5334.83153988	5312.15882517	5333.40312472	5324.51542449	145575.90030743	27.32742936	5327.09822024
4354	2019-04-28 18:00:00	5321.46869654	5261.3259746	5321.46869654	5290.13550282	332012.37209598	62.73533036	5292.27104074
4355	2019-04-28 20:00:00	5309.99999999	5263.074867	5294.66274284	5290.39847165	191116.86999027	36.11148251	5292.41273706
4356	2019-04-28 22:00:00	5317.86555804	5275.50359112	5287.21244861	5314.30345056	89491.71595032	16.90813481	5292.82011031
4357	2019-04-29 00:00:00	5335.21312182	5304.46162089	5314.85903876	5321.5783794	147268.84251906	27.6728518	5321.78047941
4358	2019-04-29 02:00:00	5325.29256118	5296.80000088	5319.70809748	5318.96609528	184293.95697106	34.66860927	5315.87395201
4359	2019-04-29 04:00:00	5333.41078047	5312.37703091	5319.44093535	5319.87857494	272405.97191382	51.20456002	5319.95532834
4360	2019-04-29 06:00:00	5324.80860248	5303.03614442	5319.44789139	5304.31779375	74999.36148532	14.1148394	5313.5115009
4361	2019-04-29 08:00:00	5311.8	5279.24357627	5305.26655493	5292.4	114217.38863213	21.54327092	5301.76634069
4362	2019-04-29 10:00:00	5298.93412667	5251.81546632	5294.80000009	5276.91771037	448049.68961791	84.92585739	5275.77469792
4363	2019-04-29 12:00:00	5278.76774467	5200.0	5276.51479721	5247.76194064	1164800.2030303	222.89664966	5225.74118905
4364	2019-04-29 14:00:00	5279.19384814	5239.2	5247.76194065	5244.70000001	224449.82258274	42.64670634	5263.00485653
4365	2019-04-29 16:00:00	5279.78301619	5239.45530001	5244.70000001	5241.30853044	64482.29773553	12.25842661	5260.24258961
4366	2019-04-29 18:00:00	5247.51185062	5217.15473949	5247.51185062	5232.00000027	85152.18265143	16.27397316	5232.41508476
4367	2019-04-29 20:00:00	5238.06802858	5212.82793531	5238.06802858	5212.82793532	12376.71962594	2.36888206	5224.70908743
4368	2019-04-29 22:00:00	5246.18999995	5190.0	5216.69669425	5242.41999996	294585.75870744	56.56227103	5208.16709341
4369	2019-04-30 00:00:00	5254.05539564	5233.35407259	5242.37312454	5254.05539521	99643.97195775	18.99839712	5244.86204432
4370	2019-04-30 02:00:00	5257.68268122	5215.7086306	5254.05539562	5221.19732945	102657.73604346	19.58331286	5242.10264
4371	2019-04-30 04:00:00	5219.56799834	5199.28852138	5218.82149432	5211.87518349	199720.85243311	38.32741079	5210.91428605
4372	2019-04-30 06:00:00	5224.55591253	5209.22862151	5211.69785407	5221.29069288	41190.53329436	7.89657576	5216.252531
4373	2019-04-30 08:00:00	5235.8	5212.94174296	5222.69999993	5221.45967241	92181.5308479	17.63284126	5227.83194657
4374	2019-04-30 10:00:00	5291.21684004	5224.0	5224.0	5291.21684004	413360.86555581	78.55818198	5261.8435806
4375	2019-04-30 12:00:00	5330.0	5262.0	5285.99683655	5312.2900622	429211.96176573	81.24435242	5282.97597286
4376	2019-04-30 14:00:00	5336.96489556	5295.04855196	5314.50484704	5312.36605249	189965.28894245	35.71804463	5318.46832351
4377	2019-04-30 16:00:00	5330.0	5276.06041123	5312.36605249	5293.7999998	551344.82169847	103.80747881	5311.22447071
4378	2019-04-30 18:00:00	5313.00000079	5293.7999998	5293.7999998	5301.57446092	164470.36855597	31.02928231	5300.48896757
4379	2019-04-30 20:00:00	5324.36846149	5293.67	5301.57446092	5322.72019565	480382.529993	90.39581112	5314.21228529
4380	2019-04-30 22:00:00	5338.00000018	5316.3	5318.1	5321.39761414	173040.4717407	32.48206281	5327.26239564
4381	2019-05-01 00:00:00	5375.2489468	5319.2	5321.58839732	5333.0294964	333102.18866677	62.30487357	5346.32637192
4382	2019-05-01 02:00:00	5365.76901096	5330.55517047	5334.27924676	5354.43936419	194051.37401068	36.31751006	5343.19048002
4383	2019-05-01 04:00:00	5360.11423776	5342.33727142	5348.27453047	5346.6	26173.29906403	4.89367294	5348.39564984
4384	2019-05-01 06:00:00	5351.74915167	5337.5368996	5346.55051678	5351.74915118	130704.7508432	24.45458422	5344.79546523
4385	2019-05-01 08:00:00	5354.9	5334.0	5344.40374053	5348.8969631	237737.27435786	44.46492092	5346.62537206
4386	2019-05-01 10:00:00	5369.07072119	5344.72500005	5348.98210955	5363.3	65126.0631019	12.14490336	5362.41921169
4387	2019-05-01 12:00:00	5363.29999963	5337.20171424	5363.29999963	5353.88108701	160834.9746655	30.07519884	5347.76097478
4388	2019-05-01 14:00:00	5370.0	5346.0240072	5353.88108701	5347.70000009	522742.59703489	97.43333861	5365.13070877
4389	2019-05-01 16:00:00	5406.40595454	5353.00265093	5357.0	5398.0	387262.42915129	72.09155045	5371.81440451
4390	2019-05-01 18:00:00	5398.0	5338.99999989	5397.7	5368.0212872	205531.09524694	38.33171526	5361.90707493
4391	2019-05-01 20:00:00	5376.35638	5358.54106581	5367.03015341	5371.59999999	39660.08769735	7.38755452	5368.50017011
4392	2019-05-01 22:00:00	5396.77775971	5356.71373237	5363.81077987	5395.6	111737.88184568	20.80583742	5370.50634348
4393	2019-05-02 00:00:00	5397.0	5375.66425798	5387.3	5378.60505315	83615.28685723	15.52777973	5384.88362864
4394	2019-05-02 02:00:00	5400.0	5377.87328815	5381.0	5400.0	72798.16314887	13.506294369999999	5389.94347039
4395	2019-05-02 04:00:00	5390.46635897	5368.5263456	5385.5	5389.52887692	43889.19196995	8.16078409	5378.06067234
4396	2019-05-02 06:00:00	5415.0	5384.76656818	5386.10953228	5410.0	122163.95283706	22.62065839	5400.54806234
4397	2019-05-02 08:00:00	5450.0	5404.70020006	5409.24510004	5429.90352354	323169.32420085	59.52201608	5429.40823386
4398	2019-05-02 10:00:00	5446.00000001	5420.91590408	5426.46336102	5446.00000001	121071.57434951	22.27842374	5434.47668302
4399	2019-05-02 12:00:00	5466.6	5417.26817218	5446.0	5462.61205353	262621.3349115	48.23467952	5444.65802457
4400	2019-05-02 14:00:00	5535.0	5455.79716385	5464.02005567	5522.77176231	618044.70658507	112.4002599	5498.60567168
4401	2019-05-02 16:00:00	5533.43449684	5472.99999998	5522.0	5498.91992355	230592.26761771	41.98495794	5492.25910735
4402	2019-05-02 18:00:00	5512.78568585	5491.54037729	5496.96145231	5503.0363133	169079.92727747	30.74522145	5499.38882542
4403	2019-05-02 20:00:00	5521.54643727	5493.5973586	5501.08523091	5500.78704376	82792.85119697	15.0279695	5509.25068067
4404	2019-05-02 22:00:00	5506.9	5491.37142527	5500.78704376	5500.4723121	60329.04857291	10.97318816	5497.85966423
4405	2019-05-03 00:00:00	5558.66646705	5483.15403604	5496.2921577	5557.75075599	204848.45561498	37.09368502	5522.46172103
4406	2019-05-03 02:00:00	5599.57546744	5548.51428397	5552.1473866	5589.8999994	179291.13118869	32.11974905	5581.95927712
4407	2019-05-03 04:00:00	5607.89999998	5567.98451578	5573.0	5593.60000005	174332.331333	31.15981775	5594.78019838
4408	2019-05-03 06:00:00	5700.0	5595.03000026	5601.69999359	5689.73136528	293195.6019474	51.96355593	5642.33137436
4409	2019-05-03 08:00:00	5836.64824562	5660.79367077	5689.73136527	5827.8851578	1579858.1706232	274.80422416	5749.03160769
4410	2019-05-03 10:00:00	5827.88515779	5726.50655797	5827.88515779	5758.0	858860.28094059	149.06744562	5761.5549617
4411	2019-05-03 12:00:00	5819.22585667	5747.27110901	5750.71094456	5808.81493439	281388.71907651	48.70050676	5777.94232128
4412	2019-05-03 14:00:00	5850.70851039	5747.43404397	5807.54499544	5782.23866204	661607.75487479	113.97357348	5804.92244538
4413	2019-05-03 16:00:00	5797.43124712	5727.0	5776.46230003	5742.91243033	146666.36131726	25.48067162	5755.98490905
4414	2019-05-03 18:00:00	5770.78797637	5720.71610869	5742.91243033	5754.80000001	124220.68971319	21.62940856	5743.13853144
4415	2019-05-03 20:00:00	5793.17715671	5754.80559994	5754.80562994	5792.93295022	98657.43056164	17.06638483	5780.8042854
4416	2019-05-03 22:00:00	5788.85731144	5742.3	5788.33294579	5771.5	198685.78056765	34.46083037	5765.55406339
4417	2019-05-04 00:00:00	5900.0	5771.59818547	5771.59818547	5878.999569	425265.90918111	72.93532139	5830.72647211
4418	2019-05-04 02:00:00	5889.82	5819.99999999	5884.11621624	5842.85150437	602532.89812097	102.74027477	5864.6222182
4419	2019-05-04 04:00:00	5842.85150436	5775.30859738	5842.85150436	5786.01985639	243778.89916834	42.02627794	5800.6302513
4420	2019-05-04 06:00:00	5821.777	5759.00000002	5785.7	5804.25432678	140953.05157483	24.30493214	5799.36001314
4421	2019-05-04 08:00:00	5818.00000003	5779.80000001	5804.2543281	5784.04	183050.31812959	31.55238177	5801.47386222
4422	2019-05-04 10:00:00	5800.5	5761.29625962	5785.0	5791.62920409	458927.53983029	79.40903524	5779.28617874
4423	2019-05-04 12:00:00	5797.06081966	5618.16226492	5792.74999996	5631.69954701	813316.25115776	143.17156561	5680.71074512
4424	2019-05-04 14:00:00	5672.28821096	5596.84587203	5633.26780047	5644.36586765	406067.09789726	71.97425379	5641.83824791
4425	2019-05-04 16:00:00	5695.0	5636.38230557	5641.029315	5678.43099274	109555.77155683	19.38993767	5650.13531355
4426	2019-05-04 18:00:00	5690.0	5667.14760745	5680.86	5678.26999998	94526.34197684	16.65242455	5676.43118231
4427	2019-05-04 20:00:00	5852.63878063	5678.27	5678.27	5825.11046639	514854.71537552	88.84404323	5795.03922443
4428	2019-05-04 22:00:00	5866.0	5810.17815781	5816.38241767	5842.8	247119.73779458	42.31099351	5840.55625486
4429	2019-05-05 00:00:00	5836.1	5757.76495388	5836.01902891	5791.88044427	304383.79318754	52.51379569	5796.2634235
4430	2019-05-05 02:00:00	5826.47470978	5788.21549211	5796.08078117	5811.17727061	105868.68168422	18.2569672	5798.80987485
4431	2019-05-05 04:00:00	5823.3585323	5778.82696953	5811.1772706	5822.84920005	150107.7740839	25.88868473	5798.20008816
4432	2019-05-05 06:00:00	5826.47470978	5740.0	5818.14	5750.39077464	166430.15941562	28.80136259	5778.55158399
4433	2019-05-05 08:00:00	5785.1361	5712.63	5744.94464307	5761.81522486	102390.54644886	17.75750817	5766.04248009
4434	2019-05-05 10:00:00	5795.62078623	5750.40172631	5761.87	5764.6861894	68125.11964942	11.77805659	5784.07134732
4435	2019-05-05 12:00:00	5802.721072	5765.0	5765.0	5782.69093433	48658.92799544	8.40839981	5786.94271145
4436	2019-05-05 14:00:00	5787.51124002	5740.00000002	5776.83721507	5777.82011139	77976.04547822	13.52335465	5766.0282893
4437	2019-05-05 16:00:00	5777.8201113	5739.97493492	5777.8201113	5745.5507589	94723.56736468	16.45665321	5755.94357831
4438	2019-05-05 18:00:00	5777.89840469	5699.27264148	5744.0	5762.72391881	151020.14575736	26.27195838	5748.33986766
4439	2019-05-05 20:00:00	5819.09711529	5762.72391882	5762.72391883	5799.04830001	91912.82459996	15.86043945	5795.09949202
4440	2019-05-05 22:00:00	5806.31401978	5765.1000811	5803.37734037	5776.39331064	312911.6407828	54.07778666	5786.32484998
4441	2019-05-06 00:00:00	5793.77577663	5650.0	5784.0	5691.02	639860.57215105	112.21128979	5702.28337405
4442	2019-05-06 02:00:00	5716.42999999	5675.35590593	5689.09958609	5699.30884781	264666.45527214	46.42694052	5700.70851767
4443	2019-05-06 04:00:00	5732.89840464	5678.25916935	5695.56558194	5715.86171593	42776.24575084	7.49863704	5704.53610738
4444	2019-05-06 06:00:00	5716.32471455	5630.0	5715.70000005	5631.47957883	191480.64255283	33.8752314	5652.52648142
4445	2019-05-06 08:00:00	5696.46999999	5620.99999999	5631.47957883	5685.76	108269.93139476	19.07206924	5676.88435021
4446	2019-05-06 10:00:00	5712.66600743	5676.0943395	5685.75999998	5710.09062927	86606.13779483	15.21139245	5693.50492267
4447	2019-05-06 12:00:00	5703.77503717	5676.8082616	5701.99999996	5695.61297865	113864.8417143	20.00373134	5692.18011274
4448	2019-05-06 14:00:00	5730.0	5699.73000004	5699.99999898	5728.0	144256.39062682	25.22353651	5719.11835478
4449	2019-05-06 16:00:00	5781.42595829	5727.99999999	5728.0	5766.9	410374.26168035	71.23393223	5760.93792429
4450	2019-05-06 18:00:00	5798.40173965	5765.46909081	5766.9	5796.95426145	121102.94658758	20.94711461	5781.36649568
4451	2019-05-06 20:00:00	5797.23678867	5736.93732824	5795.45899015	5755.94931875	148693.8468031	25.83193244	5756.2029921
4452	2019-05-06 22:00:00	5773.85881677	5744.28401558	5755.7830302	5744.28401558	67736.56543137	11.74901426	5765.29774604
4453	2019-05-07 00:00:00	5837.33132808	5752.34437575	5754.61385487	5810.0	404613.97856769	69.7296741	5802.60819787
4454	2019-05-07 02:00:00	5987.14760746	5809.99999999	5809.99999999	5964.0	493202.71803838	83.44617167	5910.42954
4455	2019-05-07 04:00:00	5980.0112421	5934.11631296	5964.0	5956.37552553	150581.19824236	25.27963417	5956.62093959
4456	2019-05-07 06:00:00	5958.67880734	5914.0	5953.0003	5937.22200093	121238.62474877	20.41207588	5939.55389258
4457	2019-05-07 08:00:00	5958.53430541	5925.97433809	5935.0	5956.0	71483.92095437	12.04046428	5936.97379868
4458	2019-05-07 10:00:00	5965.96302354	5926.59006068	5956.00000002	5945.33297352	79375.03281832	13.34289067	5948.86331466
4459	2019-05-07 12:00:00	5999.0	5944.65600224	5944.65600224	5999.0	226152.78838631	37.81499829	5980.50505389
4460	2019-05-07 14:00:00	6015.68442672	5839.30952006	5999.0	5915.88847173	604326.16512008	102.17739709	5914.47993716
4461	2019-05-07 16:00:00	5962.92538873	5904.93408805	5915.888472	5945.02103994	171937.80645722	28.93966562	5941.25062517
4462	2019-05-07 18:00:00	5947.49999998	5871.4190517	5938.18724396	5917.90000003	176813.19611688	29.89801201	5913.87802164
4463	2019-05-07 20:00:00	5950.0	5915.19664731	5924.65082786	5950.0	60050.10576575	10.1250922	5930.82063645
4464	2019-05-07 22:00:00	5965.642312	5822.8630633	5950.0	5846.0	552279.09967332	93.68071114	5895.33419369
4465	2019-05-08 00:00:00	5891.0	5795.0	5848.3384	5878.63318972	470640.38102783	80.56639976	5841.6459272
4466	2019-05-08 02:00:00	5893.15061335	5859.65520216	5878.12995584	5875.65594024	156310.77784514	26.59760805	5876.87349747
4467	2019-05-08 04:00:00	5900.0	5877.02152208	5880.0	5895.99999999	46973.99339595	7.97111171	5893.02911625
4468	2019-05-08 06:00:00	5925.5543	5893.0	5893.0	5912.1	116464.81138688	19.700889019999998	5911.65257916
4469	2019-05-08 08:00:00	5925.5543	5880.0	5906.36867864	5897.28469352	125910.68974169	21.33917498	5900.44787859
4470	2019-05-08 10:00:00	5950.0	5893.0	5893.0	5938.15458327	138245.17033811	23.34896665	5920.82606525
4471	2019-05-08 12:00:00	5950.02668376	5910.00000001	5938.15458327	5934.21204933	221465.6383284	37.36885222	5926.47686968
4472	2019-05-08 14:00:00	5971.83067578	5897.08602727	5934.99999999	5958.97162974	163112.1427253	27.48326181	5934.96302778
4473	2019-05-08 16:00:00	5966.1227876	5919.97791197	5961.57346654	5932.0	189217.12176474	31.88233781	5934.85718934
4474	2019-05-08 18:00:00	5956.0	5924.01551442	5932.0	5952.76437643	85629.93576917	14.39839501	5947.18617663
4475	2019-05-08 20:00:00	5960.31454002	5928.77824534	5952.99999987	5950.28	123267.65027634	20.72934895	5946.52782263
4476	2019-05-08 22:00:00	6010.02668376	5892.57089488	5950.28	5982.9000003	538055.93155715	90.28427703	5959.57512489
4477	2019-05-09 00:00:00	6103.49227362	5982.9000003	5982.9000003	6079.90000415	488337.27396136	80.66976646	6053.53523867
4478	2019-05-09 02:00:00	6092.73633	6059.60496452	6087.52134555	6074.0	60262.56192261	9.919227320000001	6075.32824669
4479	2019-05-09 04:00:00	6114.14596859	6072.0	6074.0	6085.99718417	182575.44043402	29.97824344	6090.26478817
4480	2019-05-09 06:00:00	6109.969526	6060.89560314	6081.0	6087.0	211703.83867567	34.77638822	6087.5740556
4481	2019-05-09 08:00:00	6108.99999996	6060.2	6086.94021287	6090.0	126657.30787313	20.81202638	6085.77490536
4482	2019-05-09 10:00:00	6108.0	6066.6089823	6090.0	6073.14646712	161964.29576254	26.63450804	6080.99445723
4483	2019-05-09 12:00:00	6072.99999999	6010.6237984	6072.99999999	6063.29999998	452671.21963919	74.94588125	6039.97460686
4484	2019-05-09 14:00:00	6063.99999993	6025.30242477	6053.31622916	6045.89999999	263645.44770146	43.58531556	6048.95121932
4485	2019-05-09 16:00:00	6102.3	6038.0	6043.79999995	6101.00000001	290904.65799343	47.90401922	6072.65658978
4486	2019-05-09 18:00:00	6114.25992901	6072.95880012	6101.00000001	6109.12532647	233092.68521335	38.17223773	6106.34060444
4487	2019-05-09 20:00:00	6156.99999999	6096.16923507	6109.12532647	6145.0	455586.86651959	74.3635619	6126.47988987
4488	2019-05-09 22:00:00	6195.50000088	6134.19376021	6145.0	6174.69999999	437271.04012493	70.96161869	6162.0781515
4489	2019-05-10 00:00:00	6195.50000088	6137.70627834	6174.69999999	6195.50000088	353346.86317307	57.21116209	6176.18748273
4490	2019-05-10 02:00:00	6325.92467073	6181.13866611	6195.50000088	6299.98	753717.40382427	120.5286071	6253.43162888
4491	2019-05-10 04:00:00	6299.50000102	6216.54163493	6283.60050156	6274.66153885	139595.1403717	22.28237705	6264.82264699
4492	2019-05-10 06:00:00	6350.0000001	6251.42555678	6274.0	6332.91702746	484511.31006593	76.77934712	6310.43800501
4493	2019-05-10 08:00:00	6350.0	6276.42331889	6343.05076602	6318.51995547	286207.66937082	45.38458189	6306.27533519
4494	2019-05-10 10:00:00	6340.00000001	6290.0	6317.0	6306.0	802160.45301527	127.04112328	6314.17947436
4495	2019-05-10 12:00:00	6334.31567103	6270.0	6307.0	6317.39999999	226187.23619072	35.90156318	6300.20578927
4496	2019-05-10 14:00:00	6361.18590748	6279.7334492	6309.94043565	6350.64961	278795.91565245	44.16966758	6311.9314889
4497	2019-05-10 16:00:00	6448.0	6333.09338428	6356.77010558	6431.86168808	518711.00826702	81.0040281	6403.52116349
4498	2019-05-10 18:00:00	6445.45700591	6390.00000005	6434.43443253	6392.9615859	250300.84275904	39.00600942	6416.98154927
4499	2019-05-10 20:00:00	6404.88541452	6270.01999999	6391.08874704	6371.82304546	527857.49949724	83.24703511	6340.85644971
4500	2019-05-10 22:00:00	6415.85191628	6363.93298101	6363.93298302	6382.09999949	67443.62644849	10.54574521	6395.34002628
4501	2019-05-11 00:00:00	6500.0	6380.70000014	6380.70000015	6495.40239602	212604.99288653	33.01133798	6440.36279339
4502	2019-05-11 02:00:00	6603.3127222	6466.68175079	6495.40239602	6578.46392439	632434.98512172	96.61607363	6545.85682651
4503	2019-05-11 04:00:00	6775.0	6572.6472178	6576.32	6723.98862025	1240449.5168254	185.6575824	6681.38354916
4504	2019-05-11 06:00:00	6949.0	6650.0	6723.98862025	6795.0	1301699.7678152	190.62749481	6828.49957773
4505	2019-05-11 08:00:00	6810.66999947	6636.89181151	6795.0	6770.94157884	875768.67936754	130.22961912	6724.80412125
4506	2019-05-11 10:00:00	6815.0	6763.3014365	6770.94157884	6770.3671262	349520.34105819	51.43977418	6794.7487451
4507	2019-05-11 12:00:00	6810.61638538	6710.33290273	6764.48877559	6800.0	867997.52564792	128.26268541	6767.34252735
4508	2019-05-11 14:00:00	6893.62688429	6757.75664019	6800.99459517	6893.62688429	427237.71567924	62.71530831	6812.33541207
4509	2019-05-11 16:00:00	6981.88545335	6839.75517588	6893.62688429	6940.80000001	1114032.3348981	160.85147484	6925.84470242
4510	2019-05-11 18:00:00	6960.0	6874.73863056	6940.79999939	6906.68603568	358053.13415305	51.77619635	6915.4005005
4511	2019-05-11 20:00:00	7010.0	6899.45900305	6910.86126561	7000.0001	364562.90356719	52.39444759	6958.04460846
4512	2019-05-11 22:00:00	7377.0	7000.0001	7000.00010005	7215.08049998	1994701.8874783	275.82692695	7231.71558895
4513	2019-05-12 00:00:00	7274.19325995	6948.63813949	7214.98039997	7182.10584855	1581473.0119597	222.77471081	7098.97908164
4514	2019-05-12 02:00:00	7233.42390026	7124.12425352	7180.81655807	7163.49915375	339460.04232477	47.18717653	7193.90451575
4515	2019-05-12 04:00:00	7335.7794499	7163.49915375	7163.49915375	7306.46861706	323157.99052289	44.58248967	7248.54069198
4516	2019-05-12 06:00:00	7500.0	7278.0	7307.67749998	7483.0	900916.0026465	121.54498954	7412.20190199
4517	2019-05-12 08:00:00	7518.29323308	7203.92049678	7481.00000003	7368.29323309	1512435.8919775	205.46427981	7361.06486916
4518	2019-05-12 10:00:00	7430.45466315	6987.16613998	7367.28751882	7169.2791723	1760567.4416116	246.17552075	7151.67550472
4519	2019-05-12 12:00:00	7245.6610041	7030.0	7166.60313061	7100.70011933	721623.74462037	101.11652697	7136.55587512
4520	2019-05-12 14:00:00	7151.46228439	6756.90779629	7100.0	6864.93	1766667.4994839	254.86087402	6931.88982529
4521	2019-05-12 16:00:00	6970.7482651	6838.50739173	6864.93	6933.39297643	800495.13800498	116.03517726	6898.72810045
4522	2019-05-12 18:00:00	7078.83306936	6933.39297646	6939.05873499	7008.56485582	495093.62873361	70.5653574	7016.10034973
4523	2019-05-12 20:00:00	7168.29323296	7000.60000014	7019.79057765	7150.0	553170.37006868	77.79860336	7110.28663983
4524	2019-05-12 22:00:00	7150.0	6880.49738034	7150.0	6980.59158242	815801.9129202	116.92133773	6977.35698854
4525	2019-05-13 00:00:00	7076.72499829	6862.86784574	6977.594289	7033.07389009	439686.42490958	63.06622976	6971.82036381
4526	2019-05-13 02:00:00	7081.28846698	6998.85414742	7039.9	7036.01980255	250605.32124313	35.61774951	7035.96731098
4527	2019-05-13 04:00:00	7157.34263416	7023.079919	7033.11606895	7053.79086783	464994.31946434	65.41268408	7108.62619389
4528	2019-05-13 06:00:00	7095.641844	7025.22352779	7058.86317845	7040.40535347	206698.58718789	29.27331849	7060.98925062
4529	2019-05-13 08:00:00	7133.29323307	7029.0	7057.99999991	7089.70000013	293925.82218977	41.41880069	7096.43488689
4530	2019-05-13 10:00:00	7296.61057967	7046.74592352	7089.70000013	7232.56221128	687444.82785747	95.85647595	7171.60547625
4531	2019-05-13 12:00:00	7385.00000001	7219.02826649	7231.88502051	7359.1	1135468.3269381	155.39739911	7306.86828377
4532	2019-05-13 14:00:00	7857.90381234	7300.71003952	7350.0	7790.0	3138485.5790111	408.91713062	7675.11396319
4533	2019-05-13 16:00:00	7914.47902	7718.36260154	7783.7692464	7784.0	1843284.1253594	235.70928469	7820.15917524
4534	2019-05-13 18:00:00	7890.0	7748.00000003	7773.68915288	7872.10934842	1087919.2169429	139.10740338	7820.71399874
4535	2019-05-13 20:00:00	8064.84427021	7768.87919672	7866.63586881	8060.240241	2075683.3122726	262.01386477	7922.03616436
4536	2019-05-13 22:00:00	8100.0	7650.0	8060.240241	7811.96432384	3125009.7322492	398.13062756	7849.207059
4537	2019-05-14 00:00:00	8060.0	7793.94132296	7805.71831231	7967.51873054	649363.19955655	81.5781151	7960.01720265
4538	2019-05-14 02:00:00	7990.50000007	7846.04636846	7967.51873066	7951.99999972	441493.21001872	55.68811513	7927.96109166
4539	2019-05-14 04:00:00	8040.0	7936.94542482	7936.94542482	7965.89661458	485116.68491018	60.7113761	7990.54009434
4540	2019-05-14 06:00:00	8311.28471438	7954.81203184	7965.89661458	8311.28471438	1442847.536966	178.8260801	8068.44021945
4541	2019-05-14 08:00:00	8342.61065618	7920.00000001	8306.78886201	8062.18820565	1396111.878586	171.95454164	8119.07533974
4542	2019-05-14 10:00:00	8124.24062517	7950.00000003	8062.1882056	8062.88163168	1155201.3262801	143.6702438	8040.64429575
4543	2019-05-14 12:00:00	8214.44948957	8061.33098288	8064.30982878	8153.91465097	866949.87101237	106.13487835	8168.37861869
4544	2019-05-14 14:00:00	8184.00000018	7950.0	8145.60000008	7961.91020448	863247.73328303	107.26644207	8047.69615384
4545	2019-05-14 16:00:00	8067.0571585	7754.55095323	7957.28751569	8047.57420786	1289632.7127862	162.91279974	7916.09201268
4546	2019-05-14 18:00:00	8050.18892051	7750.17088884	8047.57420786	7810.0	1409763.7703487	179.09451756	7871.61879411
4547	2019-05-14 20:00:00	7900.37740799	7682.90511992	7810.0	7802.0	990648.99835672	127.25421951	7784.80275287
4548	2019-05-14 22:00:00	8050.894061	7805.65506421	7805.65506421	8000.0	685557.83781908	86.38244705	7936.30953082
4549	2019-05-15 00:00:00	8127.19593332	7967.12053024	8010.0	8005.65031481	794533.65807575	98.51479155	8065.12043089
4550	2019-05-15 02:00:00	8094.43084459	7959.71303017	8005.65031481	8033.00000003	320304.04660147	39.91441871	8024.77042014
4551	2019-05-15 04:00:00	8050.00000001	7959.59999994	8036.20303055	7996.105241	277828.93919904	34.65573789	8016.82365214
4552	2019-05-15 06:00:00	8030.2	7830.0	8011.98999999	7887.21120001	515990.00133552	65.04656378	7932.62505119
4553	2019-05-15 08:00:00	8051.80000087	7833.75	7887.21119999	8051.80000087	318096.53685957	40.12145172	7928.34065625
4554	2019-05-15 10:00:00	8125.0	7925.94428016	8042.66802181	7956.59999999	880452.77156465	109.32121693	8053.81422097
4555	2019-05-15 12:00:00	8040.0	7900.55639606	7965.34200399	7970.60260737	831770.60272882	104.40205603	7966.99446694
4556	2019-05-15 14:00:00	8018.2870505	7909.80256441	7972.75029517	7995.82811108	449121.00625994	56.43222181	7958.59159634
4557	2019-05-15 16:00:00	8100.79	7920.0	7996.60000005	8075.49022173	1069004.4578498	133.11145077	8030.8978053
4558	2019-05-15 18:00:00	8223.83493776	8048.12971791	8066.0000003	8169.06000025	1368868.8407875	167.95581754	8150.17223479
4559	2019-05-15 20:00:00	8215.37740801	8090.4444	8169.06000025	8126.3504519	425709.13150124	52.2465213	8148.08566979
4560	2019-05-15 22:00:00	8242.45843065	8111.14690012	8126.3504519	8169.88672531	921641.95612331	112.75000414	8174.20773642
4561	2019-05-16 00:00:00	8320.0	8142.49500009	8170.26680001	8269.10000002	1091019.6076156	131.9999624	8265.30241205
4562	2019-05-16 02:00:00	8300.0	8202.28250003	8269.10030001	8237.05786382	1163554.3808876	141.12977923	8244.57026175
4563	2019-05-16 04:00:00	8231.16785288	7929.63323986	8229.17648374	8020.66017553	2480215.1232218	307.57653741	8063.73315762
4564	2019-05-16 06:00:00	8138.32802073	7975.03014679	8009.00000129	8005.00000003	515344.15638462	63.98360966	8054.31514606
4565	2019-05-16 08:00:00	8076.80413073	7950.0	8007.28999974	7981.42672194	754712.7760518	93.95152546	8033.00183106
4566	2019-05-16 10:00:00	8004.7459	7770.04979891	7980.28924069	7877.41566355	1702339.0985153	216.21674188	7873.2991891
4567	2019-05-16 12:00:00	7908.1960956	7751.89877158	7875.96312295	7852.32430908	745125.20405772	95.00909188	7842.67262546
4568	2019-05-16 14:00:00	8025.14526862	7837.05000054	7837.0600005	8015.0	759654.69530165	95.3868786	7963.93284329
4569	2019-05-16 16:00:00	8029.91127241	7862.9872107	8016.24229586	7912.68854731	855867.0812403	107.63971492	7951.22025245
4570	2019-05-16 18:00:00	7951.51303188	7802.02376564	7916.88667057	7859.33114471	397377.10880377	50.48551555	7871.11123803
4571	2019-05-16 20:00:00	7945.37740801	7708.0	7853.46572075	7921.74027826	710441.63414482	90.69317765	7833.46280892
4572	2019-05-16 22:00:00	7939.50000079	7818.60000006	7916.24959024	7873.93604739	397317.51542324	50.4475314	7875.85644722
4573	2019-05-17 00:00:00	7929.10385391	7750.0	7871.72774774	7791.32095309	560513.9452263	71.22222995	7869.92973429
4574	2019-05-17 02:00:00	7805.4323675	7010.0	7785.77088125	7346.28706562	4559980.0863468	619.40794371	7361.83662585
4575	2019-05-17 04:00:00	7480.31924307	7166.68715135	7357.39555107	7200.0	931337.06961969	126.87797012	7340.41590308
4576	2019-05-17 06:00:00	7366.69467229	7163.78339522	7200.0	7303.399998	878465.22131876	120.97464071	7261.56503679
4577	2019-05-17 08:00:00	7325.377408	7237.21970659	7303.399998	7289.99999982	370296.57970246	50.7991449	7289.42545059
4578	2019-05-17 10:00:00	7290.39869892	7060.0	7289.99999982	7163.29900679	1092294.1054379	152.39536539	7167.50212608
4579	2019-05-17 12:00:00	7195.99976882	6917.9094749	7163.29900679	7195.9965382	1310438.6494699	185.27501754	7072.93766245
4580	2019-05-17 14:00:00	7270.37740801	7081.81818181	7195.9965382	7084.0	708353.04525978	98.4890554	7192.20061947
4581	2019-05-17 16:00:00	7213.99999999	6999.99999999	7084.0	7054.67999989	1722818.8335064	242.92892165	7091.86383327
4582	2019-05-17 18:00:00	7141.27964295	6994.68	7045.57871439	7136.34330005	704425.99382412	99.39588876	7087.07374733
4583	2019-05-17 20:00:00	7287.91689088	7083.6351868	7135.83188478	7269.0	655491.64977825	91.17595944	7189.30355988
4584	2019-05-17 22:00:00	7359.0	7198.05138015	7270.0	7352.42393267	750332.69580507	102.9169733	7290.66034246
4585	2019-05-18 00:00:00	7435.0	7231.36085862	7356.0564	7269.018805	583542.97153561	79.45939589	7343.91402048
4586	2019-05-18 02:00:00	7376.42547407	7268.62695278	7269.01880499	7376.42547407	209176.58851708	28.57405189	7320.50845719
4587	2019-05-18 04:00:00	7457.62888199	7300.0	7376.42547406	7410.0	383000.4493745	51.78989383	7395.27388551
4588	2019-05-18 06:00:00	7418.2	7288.63127366	7409.99999999	7294.5450267	475224.48838947	64.614835	7354.72726022
4589	2019-05-18 08:00:00	7365.38270793	7198.86813194	7307.46230133	7280.23978577	489975.92679896	67.30437139	7280.00153154
4590	2019-05-18 10:00:00	7343.72918859	7247.27859453	7278.10584736	7300.001	175640.33297124	24.06961318	7297.18137378
4591	2019-05-18 12:00:00	7333.83423882	7268.02817625	7300.001	7313.24039007	103340.09557408	14.14379271	7306.39211793
4592	2019-05-18 14:00:00	7391.3580037	7320.09999996	7325.78072903	7346.03514357	495617.81057608	67.35395154	7358.40732791
4593	2019-05-18 16:00:00	7360.83564079	7261.54543274	7346.03514357	7281.64431896	451425.26875512	61.61670464	7326.34553231
4594	2019-05-18 18:00:00	7304.32853784	7232.78072843	7280.748413	7247.59579791	154181.35016485	21.2117773	7268.66721181
4595	2019-05-18 20:00:00	7342.30256707	7236.70885255	7247.59579791	7326.97499991	170322.16599596	23.39714008	7279.61474836
4596	2019-05-18 22:00:00	7339.67888513	7239.02032368	7327.75446914	7267.63201716	232973.560239	32.01978846	7275.92440312
4597	2019-05-19 00:00:00	7602.37402772	7250.0	7262.28626822	7583.3906662	1188675.4886345	158.65507571	7492.19956131
4598	2019-05-19 02:00:00	7919.93000003	7588.07755515	7588.07755515	7901.34729824	1347316.1479956	174.01309359	7742.61361716
4599	2019-05-19 04:00:00	7980.0	7816.6293883	7904.03515698	7896.755245	722210.03727628	91.4594665	7896.50393681
4600	2019-05-19 06:00:00	7953.01365999	7851.01000007	7896.84484548	7917.66133443	341927.9910943	43.20500592	7914.08272753
4601	2019-05-19 08:00:00	8011.00000003	7873.79305381	7911.32847217	8011.00000003	546618.11834704	68.88224195	7935.54482073
4602	2019-05-19 10:00:00	8085.377408	7941.54416439	8011.39073454	7963.35995872	731779.92699092	91.40188566	8006.17975993
4603	2019-05-19 12:00:00	7986.31701622	7776.62094599	7963.35995872	7844.59328576	1423942.4358343	180.6401797	7882.75586416
4604	2019-05-19 14:00:00	7980.76161198	7842.0	7842.0	7968.68457279	379517.46468183	47.83358552	7934.12119447
4605	2019-05-19 16:00:00	7996.9999998	7871.74733302	7968.68457279	7965.61108079	436755.44450119	54.94392956	7949.11190369
4606	2019-05-19 18:00:00	8043.95239212	7931.57871267	7968.10000087	7951.49530458	597997.97211744	74.85989678	7988.22864897
4607	2019-05-19 20:00:00	8061.0	7900.0	7936.59689646	8057.0	473594.39388435	59.00634175	8026.16091488
4608	2019-05-19 22:00:00	8264.0	8003.11412637	8057.08041738	8163.01036736	1248430.3393125	153.05950673	8156.50308814
4609	2019-05-20 00:00:00	8146.09814502	7800.0	8146.09814502	7956.92382186	1138658.0525907	142.9167864	7967.27999049
4610	2019-05-20 02:00:00	8112.72633682	7850.323828	7960.00000003	8025.83092101	325175.26761229	40.64399473	8000.57351085
4611	2019-05-20 04:00:00	8102.83609181	7927.50447428	8026.92373076	7992.64613795	333237.98510438	41.54499416	8021.13447942
4612	2019-05-20 06:00:00	7989.17854947	7846.13717681	7985.58	7870.39373015	192458.89554875	24.34881436	7904.24095002
4613	2019-05-20 08:00:00	7924.38193533	7793.90000088	7870.3693317	7881.64667937	372176.09375173	47.42252918	7848.08613515
4614	2019-05-20 10:00:00	7935.39679079	7810.32409093	7884.69190057	7834.07016056	295283.5023483	37.56753875	7860.07048035
4615	2019-05-20 12:00:00	7886.96660889	7564.99999999	7834.31540935	7720.73464449	2292204.8466498	298.28007448	7684.74009082
4616	2019-05-20 14:00:00	7829.03853365	7671.28406385	7744.22519175	7818.17123946	365092.19796524	47.03885731	7761.50227373
4617	2019-05-20 16:00:00	7874.41999998	7755.0	7829.03853364	7755.0	226221.25075416	28.91655286	7823.24407232
4618	2019-05-20 18:00:00	7846.30000087	7682.11468128	7755.0	7810.44135941	266723.74491724	34.35562126	7763.612915
4619	2019-05-20 20:00:00	8070.0	7784.73364374	7810.0	8011.84361485	494003.07356576	62.17186151	7945.76616442
4620	2019-05-20 22:00:00	8045.37740795	7850.0	8010.94361467	7924.86865096	322258.20955757	40.71746244	7914.49639162
4621	2019-05-21 00:00:00	7986.46317434	7875.33225032	7939.45539033	7887.76771297	198854.72263848	25.06688179	7932.96606671
4622	2019-05-21 02:00:00	7930.88313964	7800.0	7885.48286303	7894.17531001	252276.50395072	31.99788687	7884.16138152
4623	2019-05-21 04:00:00	7898.19034813	7789.17304621	7888.67723532	7871.78456513	165515.35657344	21.07046071	7855.32688874
4624	2019-05-21 06:00:00	7930.08821143	7858.3728584	7873.42478328	7898.70689456	132506.71669898	16.78267058	7895.44882427
4625	2019-05-21 08:00:00	7972.73	7880.36937316	7898.62432831	7934.05167777	160319.19653694	20.24174063	7920.22778413
4626	2019-05-21 10:00:00	7940.53328808	7779.0	7934.05167777	7847.41170049	308077.86303777	39.17774822	7863.59290758
4627	2019-05-21 12:00:00	7972.39239737	7811.60000039	7847.06479286	7885.92975538	290796.09252315	36.92015511	7876.35078067
4628	2019-05-21 14:00:00	7931.54893816	7858.5074126	7890.00002092	7906.89999936	291187.25541677	36.89230353	7892.89980713
4629	2019-05-21 16:00:00	7960.0	7866.96152177	7905.79999996	7955.5	307904.42005459	38.94580867	7905.97064407
4630	2019-05-21 18:00:00	7990.2023282	7924.9433377	7959.9999998	7963.18884451	267076.34835079	33.55898948	7958.41449606
4631	2019-05-21 20:00:00	8028.07500712	7939.0	7963.18884451	7942.14201036	425133.93984951	53.14436194	7999.60568403
4632	2019-05-21 22:00:00	7951.99999997	7861.54488016	7940.96158686	7903.1610962	224462.03268269	28.34524769	7918.85945529
4633	2019-05-22 00:00:00	7979.60116908	7900.0	7903.1610962	7901.3760856	189252.65608756	23.82943544	7941.96977784
4634	2019-05-22 02:00:00	7946.78778249	7894.79610953	7903.00000001	7903.7603199	271776.25565311	34.26583308	7931.40662941
4635	2019-05-22 04:00:00	7944.21614677	7816.99999952	7900.9158037	7926.78	153969.93693264	19.56493527	7869.68803156
4636	2019-05-22 06:00:00	7933.90000071	7875.41272543	7926.78	7885.5904196	104115.19327756	13.17962169	7899.71030477
4637	2019-05-22 08:00:00	7923.09999996	7850.10958244	7885.59041951	7850.10958244	115269.21898592	14.58296633	7904.3739372
4638	2019-05-22 10:00:00	7890.98500339	7745.07358369	7857.91244927	7802.40401927	828275.36257612	105.82343654	7826.95582053
4639	2019-05-22 12:00:00	7858.31070121	7780.0	7805.70609417	7848.556518	164219.58311274	20.98887253	7824.12599238
4640	2019-05-22 14:00:00	8000.0	7826.92757312	7837.78799474	7922.83874124	601577.73220447	75.84044753	7932.14902861
4641	2019-05-22 16:00:00	7940.0	7846.51665634	7930.20000026	7883.0	347015.83561961	43.85951128	7911.98591804
4642	2019-05-22 18:00:00	7914.2080611	7850.0	7883.0	7894.91047554	106925.37076733	13.5609178	7884.81814758
4643	2019-05-22 20:00:00	7908.1933701	7625.0	7900.0	7673.6	930024.83546143	119.76872991	7765.1723965
4644	2019-05-22 22:00:00	7746.3903104	7511.88319056	7673.59999996	7628.80358764	792080.69473415	103.7840163	7632.0104287
4645	2019-05-23 00:00:00	7677.27135563	7544.62913073	7628.80358762	7613.56443263	365453.27165161	48.04712148	7606.14289461
4646	2019-05-23 02:00:00	7679.26756919	7602.37010005	7615.01886979	7654.82779275	121320.79782881	15.85045425	7654.08965038
4647	2019-05-23 04:00:00	7688.34314119	7581.7657951	7660.05779638	7623.22170934	253982.09697292	33.26350409	7635.45825736
4648	2019-05-23 06:00:00	7634.34211432	7550.5	7617.0	7585.01238195	179772.93015044	23.65672406	7599.23181648
4649	2019-05-23 08:00:00	7590.0	7469.00000001	7585.06428411	7581.70000087	727098.02557726	96.65904941	7522.29646386
4650	2019-05-23 10:00:00	7641.52028759	7574.84690201	7582.99999999	7590.50151774	314448.23434799	41.34120419	7606.17017595
4651	2019-05-23 12:00:00	7687.70181687	7556.1199004	7589.0	7655.58333824	229937.70676739	30.16254477	7623.28604966
4652	2019-05-23 14:00:00	7800.0	7655.58333824	7655.58333824	7761.30396854	466174.81092786	60.32054627	7728.29226116
4653	2019-05-23 16:00:00	7850.0	7737.28602861	7761.0	7759.0	492908.75254459	63.32849911	7783.36387995
4654	2019-05-23 18:00:00	7789.02701851	7707.49261481	7755.7461605	7765.0	154051.02155648	19.89817431	7741.96763765
4655	2019-05-23 20:00:00	7920.00000005	7756.04067597	7757.24558721	7883.90746223	265132.5593311	33.77061558	7850.98390353
4656	2019-05-23 22:00:00	7930.45	7816.86555205	7883.90746223	7847.22406338	198085.57607419	25.12216989	7884.89119138
4657	2019-05-24 00:00:00	7901.9	7800.0	7850.29539091	7839.45225001	215549.46386295	27.45662628	7850.54440646
4658	2019-05-24 02:00:00	7854.17637231	7803.74796775	7854.17637231	7838.48867818	124779.73746577	15.9561594	7820.16112635
4659	2019-05-24 04:00:00	7862.08566396	7773.84	7846.56624547	7821.47385334	69194.29723266	8.86255254	7807.49077879
4660	2019-05-24 06:00:00	7880.0	7794.69900732	7810.50987763	7841.896821	75984.05863802	9.68196936	7847.99618886
4661	2019-05-24 08:00:00	7975.0	7852.9855358	7852.9855358	7924.96716679	650206.11021859	81.9325991	7935.8657892
4662	2019-05-24 10:00:00	7999.47385444	7914.66331956	7926.43612003	7972.58563511	474615.56121892	59.58352272	7965.55053398
4663	2019-05-24 12:00:00	7988.53749397	7928.18839976	7973.34205158	7929.7386747	198611.60294841	24.95560176	7958.59802774
4664	2019-05-24 14:00:00	8089.99272089	7923.01977808	7929.86712682	8059.25421328	998164.53003784	124.20055784	8036.71535295
4665	2019-05-24 16:00:00	8117.44621983	7978.90793122	8046.12646678	8027.37479194	726690.40152682	90.07497289	8067.61721054
4666	2019-05-24 18:00:00	8045.4978708	7967.93152285	8021.0546711	8023.11426671	178073.17840946	22.24476078	8005.17390007
4667	2019-05-24 20:00:00	8089.31545451	8010.17311839	8024.95820534	8020.00000002	195728.03212852	24.29332563	8056.86447008
4668	2019-05-24 22:00:00	8065.0	7901.00000001	8020.0	7975.28895219	245149.61656068	30.73498743	7976.239363
4669	2019-05-25 00:00:00	8025.57464098	7939.66936506	7957.42571844	8011.456674	272289.63290844	34.05397619	7995.82496297
4670	2019-05-25 02:00:00	8017.1747815	7975.70937977	8011.45667399	7979.13049535	41966.77382888	5.24951006	7994.41725974
4671	2019-05-25 04:00:00	8010.78224734	7928.35399517	7983.89	7938.79986277	117323.29535449	14.73278591	7963.41547832
4672	2019-05-25 06:00:00	7970.18915128	7915.48791435	7935.73100418	7963.1627751	147746.77115686	18.61647992	7936.34305689
4673	2019-05-25 08:00:00	8039.0	7940.1161249	7963.2990306	8037.63387354	208650.07923017	26.0660146	8004.67898265
4674	2019-05-25 10:00:00	8087.4703042	8027.81452642	8038.9	8039.44278597	212304.0039122	26.34595534	8058.31487878
4675	2019-05-25 12:00:00	8066.31511958	7986.31474026	8040.00000004	7993.7540443	131117.88102502	16.34734867	8020.74291506
4676	2019-05-25 14:00:00	8040.33703275	7970.0	7996.3082952	8015.22711427	168715.05991017	21.0684133	8007.96232292
4677	2019-05-25 16:00:00	8028.09791128	7976.84727638	8012.04752221	8000.0000317	58677.12347137	7.34012561	7994.02170876
4678	2019-05-25 18:00:00	8038.79893555	7935.00000002	8002.00000032	7964.5583908	97510.79693536	12.21082201	7985.60464279
4679	2019-05-25 20:00:00	8042.42062544	7967.08776579	7967.08776579	8015.32341247	76274.58057807	9.51782347	8013.8679624
4680	2019-05-25 22:00:00	8054.03069878	8001.28428041	8013.6875328	8036.47249247	56251.28692729	7.00590292	8029.12737581
4681	2019-05-26 00:00:00	8045.08842876	7992.95710868	8036.40000083	8005.3	54954.77819201	6.8521455	8020.08337272
4682	2019-05-26 02:00:00	8026.76531166	7960.68799982	8011.66128146	7968.77391307	185967.86778349	23.28615169	7986.20013556
4683	2019-05-26 04:00:00	8018.97039936	7949.81849289	7960.89802113	7964.52290903	171040.57690529	21.42684438	7982.53694626
4684	2019-05-26 06:00:00	7995.90415479	7920.00000001	7964.26551161	7981.49999998	341110.697854	42.88499578	7954.08024764
4685	2019-05-26 08:00:00	7995.9216433	7960.20105379	7980.69999999	7971.10000025	41034.94749608	5.14439659	7976.62986867
4686	2019-05-26 10:00:00	7971.10000025	7852.55417392	7971.10000025	7909.64591673	291713.54011734	36.89147168	7907.34353586
4687	2019-05-26 12:00:00	7969.65185766	7880.0	7909.64591673	7969.65185766	143537.91500468	18.11170296	7925.14736585
4688	2019-05-26 14:00:00	7999.15112417	7951.03168833	7969.83623731	7976.93590553	96933.14321918	12.14789237	7979.42064901
4689	2019-05-26 16:00:00	7990.0	7943.54825837	7989.0	7968.2	49258.5300054	6.17865978	7972.36484275
4690	2019-05-26 18:00:00	8499.999	7962.71363893	7968.41593165	8484.17915149	2378614.7121965	287.03292323	8286.90550697
4691	2019-05-26 20:00:00	8684.1635884	8430.00000002	8484.05072334	8576.20613161	2951103.8144909	345.47528968	8542.15598812
4692	2019-05-26 22:00:00	8729.52563474	8549.98890019	8576.20613161	8622.61232617	1474154.802516	171.15044253	8613.21058084
4693	2019-05-27 00:00:00	8830.0	8607.30306214	8616.50275214	8721.16543237	1969310.7474821	224.82309286	8759.37930766
4694	2019-05-27 02:00:00	8739.79341971	8588.38000082	8732.23679172	8664.34223703	577250.62616151	66.61651147	8665.27852365
4695	2019-05-27 04:00:00	8674.00897257	8597.01876182	8667.3588002	8640.3982301	251194.84760087	29.07887009	8638.39780649
4696	2019-05-27 06:00:00	8729.44256472	8638.85544889	8640.3982301	8705.5969997	751681.582348	86.48600509	8691.36667332
4697	2019-05-27 08:00:00	8696.44625141	8613.73615208	8695.20750004	8681.89117046	801428.35331426	92.60806826	8653.97981376
4698	2019-05-27 10:00:00	8701.4514949	8650.40000087	8681.89117046	8684.34403742	374114.38331865	43.09213345	8681.7326822
4699	2019-05-27 12:00:00	8800.52266181	8685.63468209	8685.63468209	8787.85688293	1370867.7175722	156.09191156	8782.43916594
4700	2019-05-27 14:00:00	8861.883	8742.04137429	8777.56399114	8797.60000089	742669.60603855	84.25013552	8815.05532845
4701	2019-05-27 16:00:00	8900.08580809	8607.87240079	8797.6000009	8633.50000078	1721499.9717477	197.36547034	8722.39692577
4702	2019-05-27 18:00:00	8789.7093468	8618.24944648	8633.5	8760.45970614	405976.45274224	46.59157059	8713.51722213
4703	2019-05-27 20:00:00	8796.3	8672.03977012	8762.0349141	8767.78965825	490097.59088805	56.18883409	8722.33066988
4704	2019-05-27 22:00:00	8818.2495	8715.05000001	8762.9	8750.08139821	798208.15081867	91.21000311	8751.3224822
4705	2019-05-28 00:00:00	8795.08766306	8719.25161073	8749.78539435	8755.00000001	314610.74664067	35.9135757	8760.21784265
4706	2019-05-28 02:00:00	8786.43357801	8743.80579963	8756.08724043	8760.45654195	371572.2116985	42.37133717	8769.42377833
4707	2019-05-28 04:00:00	8784.59289593	8687.0	8764.30570748	8713.2263173	164198.69113022	18.7687173	8748.53025412
4708	2019-05-28 06:00:00	8730.39597424	8633.05331792	8725.75470458	8720.31085945	445618.38809198	51.30636002	8685.44149143
4709	2019-05-28 08:00:00	8740.45097675	8689.92985092	8720.79245953	8710.95187809	171129.6700582	19.66557977	8701.98957059
4710	2019-05-28 10:00:00	8735.71648901	8654.0	8704.0	8735.71648901	304463.36888667	35.03735028	8689.68019709
4711	2019-05-28 12:00:00	8750.03035803	8550.0	8733.15302706	8655.89999965	704997.69459891	81.7102062	8628.02491127
4712	2019-05-28 14:00:00	8689.65517241	8639.01943127	8655.89999921	8689.04173833	362341.84821582	41.80663042	8667.09047286
4713	2019-05-28 16:00:00	8775.0	8615.25391791	8678.65517312	8736.054635	712348.03353942	81.90488403	8697.25953434
4714	2019-05-28 18:00:00	8755.0	8638.48956501	8733.0	8683.0000001	322579.07374343	37.08158935	8699.17065039
4715	2019-05-28 20:00:00	8713.5752558	8666.18517418	8691.63036551	8708.26395646	371639.79175203	42.75799359	8691.70324771
4716	2019-05-28 22:00:00	8737.50601272	8677.97422145	8708.26395637	8722.1895544	218942.70045026	25.18450779	8693.54693273
4717	2019-05-29 00:00:00	8718.05751243	8655.0	8718.05751243	8657.83564812	157052.70471993	18.08049761	8686.3043323
4718	2019-05-29 02:00:00	8669.99931231	8613.86182274	8657.7515303	8657.70889996	113966.97655625	13.18765897	8641.94144051
4719	2019-05-29 04:00:00	8661.59641594	8426.78085745	8661.59641594	8469.97622236	1628832.9188413	190.37300779	8556.00769116
4720	2019-05-29 06:00:00	8600.5485517	8445.18140107	8465.0	8550.0	488960.64556769	57.25612439	8539.8837378
4721	2019-05-29 08:00:00	8625.4439451	8531.3349257	8544.31718401	8625.4439451	248659.49282168	28.99599543	8575.64946931
4722	2019-05-29 10:00:00	8684.22374652	8614.7638707	8626.00000013	8628.44999934	315852.99109401	36.50061141	8653.3616532
4723	2019-05-29 12:00:00	8748.62120843	8620.03407033	8628.44999889	8731.93505768	381652.49223659	43.92876108	8687.98670514
4724	2019-05-29 14:00:00	8748.44272317	8657.88143569	8730.02544561	8694.90597648	656380.61022905	75.41156777	8703.97778005
4725	2019-05-29 16:00:00	8717.74284753	8626.20892677	8684.72999151	8667.92106113	147304.98327333	16.96614401	8682.29004696
4726	2019-05-29 18:00:00	8697.0	8646.75427485	8667.92106113	8671.09999999	98763.62393647	11.38523108	8674.71404335
4727	2019-05-29 20:00:00	8709.9	8611.29064909	8673.66953384	8644.53213584	173932.4334811	20.10679534	8650.43039131
4728	2019-05-29 22:00:00	8685.1371945	8615.73400732	8641.20327715	8653.0	128324.80801126	14.84487661	8644.38360671
4729	2019-05-30 00:00:00	8720.20000002	8556.9260559	8655.09999999	8620.67467	626613.57606111	72.57882037	8633.55966474
4730	2019-05-30 02:00:00	8686.0	8550.98881605	8614.0061678	8684.84158582	284052.35967114	33.03177298	8599.36764045
4731	2019-05-30 04:00:00	8750.39081831	8657.82681887	8681.29661665	8704.07026966	230090.9353596	26.44349749	8701.22930775
4732	2019-05-30 06:00:00	8728.94941412	8686.79758249	8705.0	8690.16073427	517168.00269378	59.47182599	8696.01688
4733	2019-05-30 08:00:00	8716.30434025	8670.0	8693.20054025	8707.66306493	449181.41165433	51.71481637	8685.73927519
4734	2019-05-30 10:00:00	8773.87298105	8704.3384688	8707.66306493	8720.82439066	894040.82549797	102.3472324	8735.36884714
4735	2019-05-30 12:00:00	8740.81214109	8693.86743457	8720.00000001	8710.0	297220.32550878	34.10276895	8715.43087731
4736	2019-05-30 14:00:00	8950.0	8700.0	8710.0	8950.0	745007.95356496	84.60219955	8806.01163477
4737	2019-05-30 16:00:00	9050.46826904	8530.76669515	8931.4688769	8604.79657569	3484198.4206796	399.48150656	8721.80154391
4738	2019-05-30 18:00:00	8659.99999998	8571.16509406	8599.84111968	8620.3734	548417.67552505	63.68703304	8611.13556947
4739	2019-05-30 20:00:00	8621.00000003	8053.00000001	8621.00000003	8229.77692996	4339108.4920705	520.45167408	8337.19768457
4740	2019-05-30 22:00:00	8316.1537333	8189.59445031	8212.11	8275.24969776	871190.38547585	105.58335459	8251.20956668
4741	2019-05-31 00:00:00	8383.18198183	8273.86	8273.86	8345.4738165	538116.76670411	64.60501661	8329.33408178
4742	2019-05-31 02:00:00	8353.13623605	8217.88254147	8345.4738165	8272.5535098	429250.74473703	51.86619643	8276.11766974
4743	2019-05-31 04:00:00	8285.13902252	8117.09170448	8267.77564962	8247.2797457	934298.39103226	113.88465411	8203.90067769
4744	2019-05-31 06:00:00	8319.7298478	8253.55225356	8255.69999999	8311.26364245	377566.08421244	45.60766303	8278.56678304
4745	2019-05-31 08:00:00	8336.48915971	8284.36541608	8316.24620426	8321.01000044	157317.94821218	18.92503725	8312.68895981
4746	2019-05-31 10:00:00	8350.0	8234.9	8321.01000042	8287.63903998	323414.40109574	39.09085078	8273.40399716
4747	2019-05-31 12:00:00	8441.48915972	8263.08268852	8263.08268852	8418.0	589963.05464836	70.3515624	8385.92682979
4748	2019-05-31 14:00:00	8450.0	8302.43145924	8418.0	8358.68293635	449654.56871581	53.60423686	8388.41470479
4749	2019-05-31 16:00:00	8446.20238936	8299.59389891	8352.89425011	8392.5084887	361204.16174538	43.09297847	8381.97252939
4750	2019-05-31 18:00:00	8467.23629837	8399.86034009	8403.48768967	8446.18238929	334577.87533616	39.63212139	8442.08847777
4751	2019-05-31 20:00:00	8541.48915972	8432.0	8445.05673484	8540.99999999	809667.34887686	95.17982533	8506.71185904
4752	2019-05-31 22:00:00	8580.0	8480.001	8540.99999999	8549.98762712	323084.59959544	37.82451574	8541.67180397
4753	2019-06-01 00:00:00	8587.33521751	8489.16978341	8547.17394021	8560.0	202681.52117946	23.72234676	8543.90685837
4754	2019-06-01 02:00:00	8561.26839583	8520.26839583	8560.0	8559.99999995	120685.31110728	14.12348833	8545.00731599
4755	2019-06-01 04:00:00	8570.0	8458.88675323	8550.0	8458.88675323	195190.4019453	22.93266764	8511.45645196
4756	2019-06-01 06:00:00	8544.48507461	8455.13025256	8474.82308645	8538.00000009	106563.71198739	12.53865733	8498.8136435
4757	2019-06-01 08:00:00	8610.23539745	8517.93607926	8538.00000004	8580.33998906	405446.41437287	47.30426799	8571.03241632
4758	2019-06-01 10:00:00	8593.59940238	8520.0	8580.33998906	8561.05906779	112417.7510908	13.11762624	8569.97668892
4759	2019-06-01 12:00:00	8570.79985225	8501.0	8560.54990795	8522.2999597	85121.26595118	9.95900807	8547.16306612
4760	2019-06-01 14:00:00	8532.35576049	8430.70000089	8512.42673388	8526.78516836	568824.09955739	67.04761298	8483.88293446
4761	2019-06-01 16:00:00	8576.51024659	8503.5507673	8522.77555205	8505.11408602	124557.10834436	14.58696813	8538.93058751
4762	2019-06-01 18:00:00	8541.0	8474.82308645	8513.70512313	8538.10396873	159757.24238678	18.77018747	8511.22252466
4763	2019-06-01 20:00:00	8599.1	8532.35576049	8533.88169157	8579.08197977	122660.33026684	14.31241036	8570.20775547
4764	2019-06-01 22:00:00	8588.0	8506.64517596	8585.0	8542.76100762	164099.58003168	19.19298091	8549.97880741
4765	2019-06-02 00:00:00	8590.27900417	8531.56036447	8541.35645645	8567.15815781	67411.49018723	7.8580312800000005	8578.67419779
4766	2019-06-02 02:00:00	8575.76143265	8532.35576049	8568.5238989	8548.9	72601.4155141	8.48101968	8560.45832381
4767	2019-06-02 04:00:00	8577.0	8542.08186019	8549.70417453	8577.0	36882.82663467	4.3108669	8555.77949638
4768	2019-06-02 06:00:00	8724.34840867	8562.11723955	8580.8800614	8707.10887467	825609.89430332	95.42726404	8651.71921891
4769	2019-06-02 08:00:00	8741.48915972	8677.75328403	8704.91679455	8698.06266968	537309.80660599	61.66812648	8712.92574098
4770	2019-06-02 10:00:00	8727.50750089	8677.75328403	8704.7586625	8720.00000046	127811.95639147	14.68808886	8701.74177251
4771	2019-06-02 12:00:00	8803.60730671	8600.91881572	8720.5	8668.39999993	648459.30792115	74.28315742	8729.56038008
4772	2019-06-02 14:00:00	8715.29999991	8658.55314025	8670.99999983	8677.04725676	331654.21166776	38.16732317	8689.48053261
4773	2019-06-02 16:00:00	8703.34150324	8635.55117427	8677.04725676	8648.82590325	168818.95288688	19.48255209	8665.13545592
4774	2019-06-02 18:00:00	8688.52229534	8625.84114964	8633.56658174	8664.93228249	96270.20354672	11.13964529	8642.12468534
4775	2019-06-02 20:00:00	8705.85841001	8645.18207929	8664.93228249	8681.5226746	114089.29719171	13.14243028	8680.98934223
4776	2019-06-02 22:00:00	8750.0	8681.52267232	8681.52299439	8724.49080533	121295.82301671	13.89314732	8730.62238691
4777	2019-06-03 00:00:00	8732.89563132	8625.84114964	8720.2659723	8692.26728403	515624.48839735	59.43541827	8675.37410193
4778	2019-06-03 02:00:00	8731.48467482	8648.3735969	8673.0	8660.18377964	454868.70475131	52.38298838	8683.51957035
4779	2019-06-03 04:00:00	8671.96425728	8534.33108338	8660.18	8578.10533463	402319.6102938	46.82661577	8591.68666533
4780	2019-06-03 06:00:00	8607.36117081	8342.8077888	8575.0	8469.4	1881885.4715434	222.40395067	8461.56494016
4781	2019-06-03 08:00:00	8522.08894697	8435.0	8470.0	8484.76363912	212341.16129796	25.02435729	8485.37921822
4782	2019-06-03 10:00:00	8544.10034485	8471.00000127	8489.13881294	8503.95515695	209488.77745903	24.60631391	8513.61883073
4783	2019-06-03 12:00:00	8560.42898129	8432.25449907	8500.0	8448.95590146	486644.51000791	57.11193938	8520.88924471
4784	2019-06-03 14:00:00	8486.0540495	8336.25328193	8446.98045509	8470.3927827	508880.57737855	60.50456595	8410.61446171
4785	2019-06-03 16:00:00	8556.00317348	8437.5929239	8463.02601626	8478.57817547	181676.46964123	21.38345172	8496.12457428
4786	2019-06-03 18:00:00	8580.0	8480.8	8492.0104162	8576.85638473	213349.65740495	24.94789814	8551.8089022
4787	2019-06-03 20:00:00	8577.49999848	8471.22399518	8575.74574193	8513.18390435	271749.45360361	31.85430748	8531.01119131
4788	2019-06-03 22:00:00	8512.87390427	8075.0	8512.87390427	8118.44080432	1955317.8337035	237.71324596	8225.53167286
4789	2019-06-04 00:00:00	8115.93591117	7805.0	8115.93591117	8027.16917589	2170472.1394184	272.70226508	7959.1276544
4790	2019-06-04 02:00:00	8044.5821616	7908.88675323	8025.99999999	7920.00000001	487476.01635775	60.88676305	8006.27249567
4791	2019-06-04 04:00:00	8012.8552417	7885.82877811	7916.18976006	7969.6	342426.94229821	43.01229283	7961.14133351
4792	2019-06-04 06:00:00	7969.59999986	7809.82344682	7954.80012549	7888.90000007	440636.0659942	55.91813141	7880.02128975
4793	2019-06-04 08:00:00	7996.48915972	7893.24300252	7900.39999999	7970.1708419	480407.78694402	60.47925139	7943.34876677
4794	2019-06-04 10:00:00	8001.54436079	7926.00000113	7962.72959133	7945.84780742	297281.32089315	37.30817041	7968.26318809
4795	2019-06-04 12:00:00	8038.58738275	7879.99999999	7949.0	8019.50000001	350568.91719583	43.93551102	7979.17013042
4796	2019-06-04 14:00:00	8021.5063339	7924.21516367	8012.63221908	7939.32853779	290141.95580089	36.32254591	7987.93004542
4797	2019-06-04 16:00:00	7966.43977486	7611.0	7955.72378264	7613.8574022	1924948.7041385	247.52489783	7776.78819793
4798	2019-06-04 18:00:00	7731.48915971	7559.28951872	7615.55011109	7618.81623071	1865412.4362594	245.02890428	7613.03015144
4799	2019-06-04 20:00:00	7733.45052602	7509.28951	7628.80965183	7509.28951	853637.79701003	112.3563068	7597.59573202
4800	2019-06-04 22:00:00	7691.48915972	7506.13533914	7509.28951	7691.48915971	1166130.5890075	154.14797366	7565.00757888
4801	2019-06-05 00:00:00	7796.48915972	7691.48915972	7691.48915972	7753.15943485	382935.33557909	49.32561191	7763.41784219
4802	2019-06-05 02:00:00	7880.0	7754.86879366	7760.24629665	7794.987259	266942.87049707	34.09311608	7829.81731182
4803	2019-06-05 04:00:00	7837.81389799	7724.37703608	7794.987259	7739.63856272	275576.25265936	35.36775387	7791.73745871
4804	2019-06-05 06:00:00	7835.99999999	7697.8842131	7736.65873799	7825.65045483	199839.37585925	25.76689751	7755.663086
4805	2019-06-05 08:00:00	7836.16816053	7775.536623	7836.16816053	7785.90000001	100148.92662593	12.835507400000001	7802.49066164
4806	2019-06-05 10:00:00	7886.48915969	7765.2453248	7800.0	7789.91411345	357249.43230918	45.54448735	7843.9664841
4807	2019-06-05 12:00:00	7808.40851678	7738.45683028	7790.42677628	7760.00000004	145569.37806614	18.72504719	7774.04599246
4808	2019-06-05 14:00:00	7785.94659619	7580.47725419	7763.29647296	7634.00178628	673866.51272297	87.83251843	7672.17569037
4809	2019-06-05 16:00:00	7818.09421352	7624.77799172	7624.77799172	7787.80664299	238252.71951494	30.75698999	7746.29505658
4810	2019-06-05 18:00:00	7830.85480318	7713.72574926	7793.93454627	7789.94148044	246450.61881141	31.65265723	7786.09571451
4811	2019-06-05 20:00:00	7893.22653188	7614.69755323	7789.5	7730.604498	774540.87330237	99.88477605	7754.343594
4812	2019-06-05 22:00:00	7812.6726288	7695.47786338	7727.47666493	7773.49521967	224948.40406605	28.948294699999998	7770.69621534
4813	2019-06-06 00:00:00	7851.45764559	7742.2009288	7774.26701925	7825.18426588	237790.4322319	30.48899878	7799.22075984
4814	2019-06-06 02:00:00	7853.48915972	7791.50000001	7835.87060475	7846.58182317	66991.12350233	8.57502627	7812.35198505
4815	2019-06-06 04:00:00	7850.68479323	7771.857589	7850.68479323	7792.50823058	167261.8654504	21.47426685	7788.94416367
4816	2019-06-06 06:00:00	7820.7801162	7757.0628262	7792.50823058	7764.00691306	125371.50103097	16.09085006	7791.47780033
4817	2019-06-06 08:00:00	7806.0	7742.66346326	7764.42576064	7755.90866756	91398.40758789	11.74811939	7779.83305699
4818	2019-06-06 10:00:00	7831.75201019	7755.15131977	7757.90164476	7830.02666871	295635.60118412	37.85019282	7810.67622535
4819	2019-06-06 12:00:00	7841.4891597	7642.41983257	7827.00000002	7710.72073062	793611.56537859	102.75931943	7723.013054
4820	2019-06-06 14:00:00	7710.72073062	7710.72073062	7710.72073062	7710.72073062	0.0	0.0	7710.72073062
4821	2019-06-06 16:00:00	7710.72073062	7710.72073062	7710.72073062	7710.72073062	0.0	0.0	7710.72073062
4822	2019-06-06 18:00:00	7707.32641505	7510.0	7707.32641505	7599.99999992	855910.992543	112.93024842	7579.11192544
4823	2019-06-06 20:00:00	7734.67977663	7587.56398321	7599.99999992	7734.0	472039.15495789	61.40078074	7687.83636411
4824	2019-06-06 22:00:00	7800.0	7697.04275731	7734.66165993	7784.81161432	208992.01557474	26.96078218	7751.70446389
4825	2019-06-07 00:00:00	7812.51779337	7751.29824008	7789.57486601	7774.30000019	444389.80667114	57.07000292	7786.74932423
4826	2019-06-07 02:00:00	7813.11148738	7747.92706031	7774.30000019	7789.84546287	239842.0432745	30.82865504	7779.84128607
4827	2019-06-07 04:00:00	7797.74295915	7763.8	7789.84546287	7781.20110007	99093.40252962	12.73109641	7783.57176305
4828	2019-06-07 06:00:00	7981.10149621	7781.20000013	7781.20000013	7934.96550068	634986.6086951	80.27464401	7910.176576
4829	2019-06-07 08:00:00	7998.0556928	7920.0	7939.89348878	7939.99999989	333664.70980887	41.90719593	7961.99083246
4830	2019-06-07 10:00:00	7989.97999995	7880.0	7938.59999999	7887.11130368	283804.73641066	35.80748963	7925.84845637
4831	2019-06-07 12:00:00	7949.76265549	7876.6143951	7897.68608729	7946.0	118483.80333801	14.98093973	7908.97002948
4832	2019-06-07 14:00:00	7950.22064662	7900.0	7946.0	7922.19515533	133487.90381751	16.85001151	7922.12537886
4833	2019-06-07 16:00:00	8093.24596995	7908.2	7929.00224421	8063.55	657340.17707618	81.87147429	8028.92805799
4834	2019-06-07 18:00:00	8088.1414995	7934.64750323	8064.57	7957.59999939	485877.27738053	60.59814054	8018.02288074
4835	2019-06-07 20:00:00	7978.90158869	7870.0	7940.01644305	7917.02400677	566208.73814154	71.57264109	7910.96611105
4836	2019-06-07 22:00:00	8041.23632969	7925.00000344	7939.39999872	7994.0	232872.19363195	29.13601626	7992.58867629
4837	2019-06-08 00:00:00	8043.51695302	7952.88119973	7985.5010644	7956.76895633	297429.31449207	37.15531577	8005.02723037
4838	2019-06-08 02:00:00	7963.7836195	7924.64750324	7957.6574001	7924.64750324	162889.90322012	20.49469827	7947.90443236
4839	2019-06-08 04:00:00	7996.58593805	7924.89561221	7924.89561221	7932.10878209	214453.49027222	26.9348169	7961.94349745
4840	2019-06-08 06:00:00	7931.79660717	7856.71566071	7931.79660717	7915.68170488	191135.71221343	24.2115949	7894.38750329
4841	2019-06-08 08:00:00	7968.60861134	7904.84170564	7904.84170564	7963.57871056	296075.6358151	37.30066865	7937.54231574
4842	2019-06-08 10:00:00	7998.0	7952.88119972	7964.98895382	7974.68603928	149264.56261627	18.71523822	7975.56306052
4843	2019-06-08 12:00:00	7983.59999991	7899.0	7981.10429171	7946.29986244	322772.03443803	40.68552706	7933.33791552
4844	2019-06-08 14:00:00	7938.33099211	7849.202621	7935.68285885	7911.5383933	203813.84638267	25.80095948	7899.46771323
4845	2019-06-08 16:00:00	7916.70000085	7769.09511391	7903.80006097	7811.05233344	1425648.5605457	182.6115152	7807.00252656
4846	2019-06-08 18:00:00	7829.0	7785.0	7811.05233344	7805.06978875	727831.51922583	93.17268005	7811.64091056
4847	2019-06-08 20:00:00	7883.2000008	7817.39597382	7828.79989963	7869.59999998	109938.38341748	14.00627681	7849.22252421
4848	2019-06-08 22:00:00	7932.3	7870.69999969	7870.69999969	7895.0	36922.20547932	4.67345447	7900.40979672
4849	2019-06-09 00:00:00	7930.80001139	7846.76363798	7907.939905	7855.99999999	127657.82345657	16.19893986	7880.62827319
4850	2019-06-09 02:00:00	7879.75743651	7834.64750323	7854.50000012	7875.67212762	76303.22600119	9.71664934	7852.83314558
4851	2019-06-09 04:00:00	7884.2010607	7854.94968954	7874.9	7876.6356884	32170.25833724	4.08731898	7870.74815903
4852	2019-06-09 06:00:00	7898.56647038	7847.84488281	7872.05172226	7897.47779586	66981.59701284	8.51730498	7864.17736245
4853	2019-06-09 08:00:00	7919.63839526	7864.90941497	7897.47779585	7864.90941497	30599.20536387	3.87490564	7896.76141994
4854	2019-06-09 10:00:00	7886.81981866	7830.0	7871.26604583	7845.89888076	499629.91052438	63.64103074	7850.7513897
4855	2019-06-09 12:00:00	7845.55691239	7680.0	7845.55691239	7729.59095225	838409.55806591	108.40720741	7733.89129834
4856	2019-06-09 14:00:00	7749.46726328	7676.63482094	7729.59095224	7715.00000001	813950.52760295	105.73602352	7697.94910481
4857	2019-06-09 16:00:00	7715.00000002	7582.07670339	7715.00000002	7634.46558626	1127720.4919668	147.7001104	7635.20412349
4858	2019-06-09 18:00:00	7752.98421111	7625.94599256	7633.22603679	7733.99999999	150116.97260978	19.53127644	7685.97859289
4859	2019-06-09 20:00:00	7733.99999999	7614.88550321	7733.99999999	7623.84378697	149900.11180928	19.51284402	7682.12525327
4860	2019-06-09 22:00:00	7650.601256	7511.73703814	7618.0	7640.60080127	657379.91614521	86.93531276	7561.71336221
4861	2019-06-10 00:00:00	7656.13243967	7515.0	7628.0983474	7625.57573464	340797.55772439	44.83188628	7601.6778682
4862	2019-06-10 02:00:00	7671.48915972	7587.29325013	7618.00000001	7648.93443657	440704.45250534	57.88557297	7613.37289921
4863	2019-06-10 04:00:00	7663.47650553	7612.20174105	7655.03616478	7622.4524322	186203.70343946	24.40424729	7629.97117783
4864	2019-06-10 06:00:00	7725.22973379	7632.11358	7632.11358	7702.0	228559.10819754	29.74262519	7684.56404696
4865	2019-06-10 08:00:00	7725.3803966	7679.0	7700.09084106	7680.78761409	187294.01131974	24.28738865	7711.57467848
4866	2019-06-10 10:00:00	7956.48915972	7594.72485562	7681.00000056	7917.2916452	1125247.8457623	144.34602525	7795.48895657
4867	2019-06-10 12:00:00	8010.0	7877.76606858	7908.1684126	7899.40627522	818133.31470093	102.85972605	7953.87413634
4868	2019-06-10 14:00:00	7936.09878187	7858.98456524	7899.40627525	7904.03043581	274452.09374574	34.74374228	7899.324475
4869	2019-06-10 16:00:00	7955.83088479	7887.0730878	7906.7492567	7903.70257398	144413.84110637	18.24902198	7913.51127006
4870	2019-06-10 18:00:00	7980.0	7894.96016092	7900.00000001	7940.88988595	565587.61113986	71.32664952	7929.54127168
4871	2019-06-10 20:00:00	7966.22595912	7877.37326487	7940.96261443	7921.49999999	286504.94722545	36.11399817	7933.34888806
4872	2019-06-10 22:00:00	7988.73922554	7907.40961977	7921.49999999	7988.73922554	107480.15966261	13.5069593	7957.39124368
4873	2019-06-11 00:00:00	8010.0	7923.539719	7983.54293557	7929.332	328820.04351007	41.25146143	7971.11258877
4874	2019-06-11 02:00:00	7940.66777966	7900.11101862	7935.66884782	7926.99054568	246462.5863258	31.13670867	7915.49899952
4875	2019-06-11 04:00:00	7942.13215439	7900.11101864	7926.99054568	7915.07064893	123239.55002579	15.56256772	7918.97277127
4876	2019-06-11 06:00:00	7915.0	7870.0	7915.0	7899.61427696	119727.62357041	15.15935276	7897.93769337
4877	2019-06-11 08:00:00	7930.21888101	7887.24510326	7897.24510323	7905.0	107397.82031143	13.5775776	7909.93971645
4878	2019-06-11 10:00:00	7902.24510323	7721.7334794	7902.24510323	7762.2979885	1134016.2524629	145.61192734	7787.9351862
4879	2019-06-11 12:00:00	7797.31049937	7743.920415	7762.2979885	7786.85741483	85821.10696923	11.0444198	7770.5401029
4880	2019-06-11 14:00:00	7800.83793484	7735.59214371	7788.09999998	7761.25465815	130193.90314203	16.783078	7757.45087653
4881	2019-06-11 16:00:00	7879.0	7698.54700887	7761.25465815	7857.56024757	470893.80402472	60.23081891	7818.15377154
4882	2019-06-11 18:00:00	7897.12763217	7843.18725639	7866.48053982	7876.68792482	261277.17481359	33.22416769	7864.06983167
4883	2019-06-11 20:00:00	7950.85975983	7857.24510325	7876.60963077	7879.06560038	324267.13990844	41.02665991	7903.81524159
4884	2019-06-11 22:00:00	7909.75792806	7864.5003418	7891.63180035	7887.5653311	55097.56350239	6.98776867	7884.85797175
4885	2019-06-12 00:00:00	7893.48189757	7799.99099999	7893.17362552	7828.9063291	130390.93170112	16.64954034	7831.50339519
4886	2019-06-12 02:00:00	8038.0	7823.1233738	7824.57840937	7954.7855083	925276.19033076	116.01113902	7975.75300222
4887	2019-06-12 04:00:00	7968.0	7905.27	7959.06624232	7924.57774359	266345.71328344	33.57044763	7933.93392364
4888	2019-06-12 06:00:00	7968.13278158	7904.7438466	7929.54018422	7961.21311609	302579.10325198	38.19577032	7921.79607105
4889	2019-06-12 08:00:00	7954.07779164	7868.97982945	7954.07779164	7923.60000001	270233.61810526	34.20246609	7900.99805651
4890	2019-06-12 10:00:00	8000.84776348	7923.60000001	7923.60000001	7965.39999998	347898.96814792	43.60269293	7978.84132309
4891	2019-06-12 12:00:00	8006.27653724	7951.00995165	7967.59999994	7978.96513697	257919.79321646	32.31249098	7982.04611882
4892	2019-06-12 14:00:00	8198.67750445	7900.0	7979.78728984	8142.51583839	1464904.267694	181.00123492	8093.33852523
4893	2019-06-12 16:00:00	8171.48915958	8072.6210436	8138.78030697	8106.048237	470285.39037575	57.8006944	8136.32769048
4894	2019-06-12 18:00:00	8136.3430935	8099.03425882	8106.048237	8116.66000004	420087.11664307	51.7385389	8119.42365544
4895	2019-06-12 20:00:00	8132.32515379	8061.3765455	8116.66000002	8116.0	275787.17266151	34.05696087	8097.82099213
4896	2019-06-12 22:00:00	8130.0	8083.21206164	8116.0	8130.0	100236.13498653	12.37393034	8100.58988796
4897	2019-06-13 00:00:00	8148.64172855	8096.87866144	8123.24785274	8096.87866144	199285.3711541	24.53475911	8122.57296925
4898	2019-06-13 02:00:00	8099.92660258	8021.1674	8096.87866144	8082.53878687	147386.94980659	18.26920286	8067.50852437
4899	2019-06-13 04:00:00	8111.88525075	8073.90665822	8085.42034343	8101.34856528	72753.38576581	8.99007696	8092.63214202
4900	2019-06-13 06:00:00	8114.2	8074.1722937	8100.4178339	8106.99892971	269063.68157587	33.20941057	8102.03123023
4901	2019-06-13 08:00:00	8108.33692711	8050.26899808	8105.272211	8079.42518981	158553.3427643	19.58893399	8094.02608867
4902	2019-06-13 10:00:00	8088.03797214	8040.54540574	8086.20485025	8080.77011182	186387.96632426	23.11675249	8062.89578974
4903	2019-06-13 12:00:00	8134.46751366	8001.2	8080.77000067	8116.05305328	288295.76139403	35.71791117	8071.46196265
4904	2019-06-13 14:00:00	8202.0	8107.79999964	8116.05305329	8165.1	379194.46856043	46.4150326	8169.64779122
4905	2019-06-13 16:00:00	8176.0	8138.40059097	8165.1	8170.0	159707.8208687	19.57023815	8160.74999417
4906	2019-06-13 18:00:00	8273.82980369	8169.92833713	8169.92833713	8225.7	342343.60032423	41.61891685	8225.67299283
4907	2019-06-13 20:00:00	8303.0	8213.38576898	8225.0	8303.0	272029.50961852	32.88284037	8272.68893312
4908	2019-06-13 22:00:00	8303.59999999	8170.00000001	8303.0	8210.0	375694.0017723	45.542826840000004	8249.2464311
4909	2019-06-14 00:00:00	8243.99999995	8153.8792154	8210.0	8158.99999999	904589.17730053	110.11163096	8215.20096845
4910	2019-06-14 02:00:00	8207.68211233	8159.0	8159.0	8201.71883336	166847.28924735	20.38064953	8186.55406451
4911	2019-06-14 04:00:00	8237.4	8183.91111561	8200.00000001	8218.0	97089.38906001	11.82510947	8210.44315118
4912	2019-06-14 06:00:00	8234.92020782	8176.68800353	8216.1428466	8228.89226258	192655.06095722	23.52567734	8189.13981403
4913	2019-06-14 08:00:00	8295.8	8233.03346593	8237.4	8289.57696493	190838.82901969	23.08472904	8266.88624713
4914	2019-06-14 10:00:00	8295.99999997	8249.0	8279.1527359	8250.0	192426.62091187	23.27545186	8267.36348962
4915	2019-06-14 12:00:00	8440.70170157	8247.84788807	8250.0	8401.00000001	1053141.5603263	126.06658605	8353.85166937
4916	2019-06-14 14:00:00	8440.04392002	8367.27728488	8405.52744316	8403.83171034	272822.07511346	32.46044517	8404.75457698
4917	2019-06-14 16:00:00	8418.46905375	8320.6	8400.40219063	8365.34505101	576085.12183503	68.76404033	8377.70903324
4918	2019-06-14 18:00:00	8423.24102994	8369.49028432	8372.364	8400.0	139267.99301834	16.57516937	8402.20633102
4919	2019-06-14 20:00:00	8600.0	8390.0	8390.0	8585.70000071	1163616.1060979	136.47245242	8526.38085902
4920	2019-06-14 22:00:00	8700.0	8582.00049962	8586.49176945	8673.19999996	543208.75633338	62.90934366	8634.78657906
4921	2019-06-15 00:00:00	8674.00351103	8577.26289341	8673.09996994	8577.26289341	277850.99263506	32.23556582	8619.39244952
4922	2019-06-15 02:00:00	8634.09161184	8566.56958123	8577.48965003	8596.59999996	78657.34878143	9.1470048	8599.2464748
4923	2019-06-15 04:00:00	8645.0	8582.09173791	8596.59999997	8645.0	317691.04451135	36.88781055	8612.35838545
4924	2019-06-15 06:00:00	8700.0	8575.50794107	8645.0	8659.5557048	359761.91603805	41.6002852	8648.06369255
4925	2019-06-15 08:00:00	8668.2152557	8606.07380615	8666.48915972	8609.9343645	216198.20137474	25.02074698	8640.75727025
4926	2019-06-15 10:00:00	8643.08351949	8588.0	8610.0	8625.52083313	146891.58084396	17.04712237	8616.79629299
4927	2019-06-15 12:00:00	8625.5995592	8586.02062005	8625.52083338	8609.69587805	292498.17231641	34.01187208	8599.88452351
4928	2019-06-15 14:00:00	8789.99999998	8602.3	8612.0	8758.40282471	562340.69166315	64.48109216	8721.01685665
4929	2019-06-15 16:00:00	8865.62023983	8737.36573628	8758.4028245	8772.01038638	675494.38358526	76.83238394	8791.79258726
4930	2019-06-15 18:00:00	8839.01086856	8761.06660002	8772.01038638	8808.47447641	297943.02598558	33.88698855	8792.25445323
4931	2019-06-15 20:00:00	8814.0	8732.23922667	8811.99999986	8789.55615501	221285.06691655	25.2461684	8765.0950992
4932	2019-06-15 22:00:00	8832.56474546	8770.2353092	8791.54169184	8809.26970927	222273.67901253	25.26123183	8799.00396419
4933	2019-06-16 00:00:00	8960.0	8759.37683497	8809.49125799	8907.84638238	604440.58195523	67.94223908	8896.38890533
4934	2019-06-16 02:00:00	8965.0	8907.04457065	8907.04457065	8955.72314139	194709.32699631	21.78155243	8939.18501089
4935	2019-06-16 04:00:00	9279.00000021	8950.0	8955.72314139	9273.20244949	1631344.0602733	179.32108503	9097.33543046
4936	2019-06-16 06:00:00	9325.0	9163.92088713	9273.20244956	9241.4858966	1373556.0483786	148.74844992	9234.0864669
4937	2019-06-16 08:00:00	9308.0	8902.12036056	9246.29055985	9021.95395739	2266823.9329334	249.93543258	9069.63814427
4938	2019-06-16 10:00:00	9085.0	8989.40652159	9021.95395739	9074.91366648	544129.65543224	60.07886934	9056.92236571
4939	2019-06-16 12:00:00	9211.51441144	9012.5207289	9075.0	9187.96014074	847409.7480194	93.01769088	9110.19979105
4940	2019-06-16 14:00:00	9268.20008224	9118.58615015	9180.00003037	9200.0	873000.31415546	94.88226	9200.88027156
4941	2019-06-16 16:00:00	9209.07065547	8987.37890103	9200.0	9036.70999998	649779.51472844	71.67721039	9065.35719223
4942	2019-06-16 18:00:00	9076.10053408	8889.41415546	9030.0	8907.31225701	893525.52519579	99.54807789	8975.8189624
4943	2019-06-16 20:00:00	9048.08427858	8801.10000001	8935.13238864	9045.36985337	1691113.1196099	190.38320349	8882.68023969
4944	2019-06-16 22:00:00	9061.73116165	8937.3127551	9048.08427868	8968.92286817	359744.10680317	39.95478387	9003.7805729
4945	2019-06-17 00:00:00	9180.0	8949.00000001	8963.50269782	9108.32818675	403803.14679157	44.37644334	9099.49325361
4946	2019-06-17 02:00:00	9150.29284698	9071.89033436	9110.0	9150.29284698	271369.75494859	29.80853514	9103.7601705
4947	2019-06-17 04:00:00	9205.00000004	9127.31545691	9150.62413323	9135.3	288623.80890456	31.53197081	9153.37042025
4948	2019-06-17 06:00:00	9165.14120005	9090.0	9142.56947868	9120.32781978	98995.0638488	10.84246026	9130.31373645
4949	2019-06-17 08:00:00	9171.76191533	9117.97462041	9122.37157354	9142.00000001	206571.658676	22.57904567	9148.82150889
4950	2019-06-17 10:00:00	9293.41844344	9050.0	9142.00000001	9257.76899052	779163.32678256	84.84872876	9182.96995334
4951	2019-06-17 12:00:00	9301.0	9182.31275508	9254.99165982	9252.52664887	586839.51262551	63.42246739	9252.86474613
4952	2019-06-17 14:00:00	9390.83903896	9100.0	9241.92252501	9152.27134385	1287677.1681299	139.25376681	9246.98266788
4953	2019-06-17 16:00:00	9251.27637924	9130.52006346	9150.80439102	9232.38187455	341389.30653284	37.13727035	9192.63325805
4954	2019-06-17 18:00:00	9330.0	9192.07379538	9231.66381045	9280.0	316810.61738707	34.17310466	9270.75899421
4955	2019-06-17 20:00:00	9334.70794979	9171.39551999	9274.40295725	9258.6805197	1656554.9972979	179.30203631	9238.90788632
4956	2019-06-17 22:00:00	9429.96026884	9248.75756798	9264.41872671	9310.4213446	937652.72046471	100.40654568	9338.56168554
4957	2019-06-18 00:00:00	9327.01003269	9220.90698241	9307.20008688	9286.36420226	373046.97197333	40.18874394	9282.37450093
4958	2019-06-18 02:00:00	9270.74494869	9188.0	9269.62723301	9223.60000001	428822.51800709	46.48610193	9224.74675662
4959	2019-06-18 04:00:00	9265.78490467	9068.96551724	9224.78265315	9123.79722133	346931.8476316	37.8758597	9159.70885887
4960	2019-06-18 06:00:00	9158.88402	9002.31275506	9123.79722134	9100.0	340826.99930594	37.57442327	9070.7180482
4961	2019-06-18 08:00:00	9227.22015188	9076.30561466	9101.37985574	9226.56865313	421878.46932237	46.0506524	9161.18333477
4962	2019-06-18 10:00:00	9238.0	9152.23741631	9213.94939306	9175.4947943	216643.64326023	23.57837465	9188.23483281
4963	2019-06-18 12:00:00	9189.52158325	9096.78092682	9174.39506777	9174.50000008	706096.88495683	77.21490606	9144.56704005
4964	2019-06-18 14:00:00	9174.4999997	8949.31554828	9174.4999997	9077.6841332	982246.2614327	108.47355164	9055.16825606
4965	2019-06-18 16:00:00	9123.29385556	8957.0	9077.68413325	9049.68135387	775297.57500701	85.91459618	9024.0495734
4966	2019-06-18 18:00:00	9111.5295029	9040.0	9051.74071711	9059.83784136	150837.26170958	16.61636781	9077.63137132
4967	2019-06-18 20:00:00	9137.51636999	9005.29806511	9059.83784136	9009.69551356	366323.20375888	40.32412792	9084.46686027
4968	2019-06-18 22:00:00	9095.38207437	8957.59570572	9014.19976135	9076.40925673	535145.02901667	59.38975361	9010.72990689
4969	2019-06-19 00:00:00	9162.99999999	9050.0	9086.28669228	9133.87469659	342258.98521526	37.5264077	9120.48357922
4970	2019-06-19 02:00:00	9157.83845825	9114.88865433	9136.9124056	9114.88865433	256556.91074624	28.07523544	9138.19267142
4971	2019-06-19 04:00:00	9209.59362007	9117.04000057	9130.01724643	9167.16540088	486927.93501345	53.03213557	9181.75234279
4972	2019-06-19 06:00:00	9181.24271554	9126.5	9174.09195827	9166.90000001	110782.71731748	12.10140409	9154.53417583
4973	2019-06-19 08:00:00	9185.08275505	9096.21227416	9167.93136087	9118.09542615	440005.02785855	48.07891901	9151.72464187
4974	2019-06-19 10:00:00	9130.0	9088.66990179	9111.72293545	9130.0	94124.23056298	10.31952569	9120.98417994
4975	2019-06-19 12:00:00	9150.0	9066.0	9130.0	9125.46947368	259343.6673689	28.45858632	9113.02003735
4976	2019-06-19 14:00:00	9120.50613569	9050.0	9120.50613569	9090.0021518	183370.80879531	20.20250593	9076.63680093
4977	2019-06-19 16:00:00	9150.0	9066.02056397	9090.00215181	9133.82519185	113350.11240049	12.42645123	9121.68005993
4978	2019-06-19 18:00:00	9145.31913556	9101.04007681	9138.33451852	9143.88505755	123059.78396025	13.49095441	9121.65145773
4979	2019-06-19 20:00:00	9206.37985574	9112.72356075	9143.88505652	9206.37985574	278525.55768218	30.45628676	9145.09243615
4980	2019-06-19 22:00:00	9292.69376912	9206.29970422	9206.29970422	9250.00000005	413244.06706826	44.64812381	9255.57519117
4981	2019-06-20 00:00:00	9285.2136	9231.69147525	9251.49962426	9239.31049931	77027.96304814	8.31604449	9262.57226506
4982	2019-06-20 02:00:00	9340.07450047	9244.0	9244.0	9321.6758003	269045.484422	28.91453975	9304.85101088
4983	2019-06-20 04:00:00	9328.07130306	9269.04627904	9323.527815	9275.9925629	108865.69346539	11.71752456	9290.84406078
4984	2019-06-20 06:00:00	9301.18000001	9238.12508886	9275.99256285	9246.69105625	109005.0663565	11.74420974	9281.60078623
4985	2019-06-20 08:00:00	9249.62427953	9191.17751954	9245.01042541	9208.99652167	179093.45144729	19.42255115	9220.90255106
4986	2019-06-20 10:00:00	9263.127418	9186.66	9211.41625321	9260.0	385496.42712047	41.7868646	9225.30155853
4987	2019-06-20 12:00:00	9309.83999106	9199.26376617	9260.08705196	9300.6816286	329051.46685976	35.59289175	9244.86465362
4988	2019-06-20 14:00:00	9386.28319594	9286.1051029	9307.1	9364.26259532	902345.59816645	96.69738796	9331.64397925
4989	2019-06-20 16:00:00	9410.0	9270.0	9359.35476088	9338.29727853	735653.13684152	78.72018209	9345.16558918
4990	2019-06-20 18:00:00	9500.0	9329.53323306	9338.927477	9500.0	759696.76624456	80.43962739	9444.30986187
4991	2019-06-20 20:00:00	9580.00000001	9477.3129	9499.4513258	9493.9	872131.62836411	91.54301432	9527.01453892
4992	2019-06-20 22:00:00	9564.38794843	9446.96568637	9493.9	9520.18418425	259097.22012091	27.22503514	9516.87367118
4993	2019-06-21 00:00:00	9730.0	9520.0	9520.0	9714.43846006	864387.97949106	89.61101508	9646.00142872
4994	2019-06-21 02:00:00	9769.80664888	9622.16706083	9714.43846006	9729.99999999	603748.04056032	62.18032711	9709.63114253
4995	2019-06-21 04:00:00	9757.60979399	9686.61233945	9729.99999999	9729.99999999	593375.18229511	61.0201567	9724.2487464
4996	2019-06-21 06:00:00	9729.74060791	9637.93055979	9723.19045938	9721.40863972	521086.48421173	53.80183806	9685.29148819
4997	2019-06-21 08:00:00	9764.70161601	9666.40086928	9719.12115607	9751.05872857	337035.66449624	34.70893049	9710.34427561
4998	2019-06-21 10:00:00	9800.0	9709.38920396	9751.05872857	9793.0	657369.50876114	67.31915945	9764.96905386
4999	2019-06-21 12:00:00	9888.0	9680.0	9780.0003206	9769.99988998	1356375.9482816	138.9649346	9760.56263535
5000	2019-06-21 14:00:00	9842.75753746	9719.8	9769.50000088	9792.52656073	326963.72345663	33.39281974	9791.43797985
5001	2019-06-21 16:00:00	9920.0	9792.52656073	9792.52656073	9899.99999999	398730.76575321	40.32642605	9887.58005132
5002	2019-06-21 18:00:00	9930.00000007	9830.15780209	9899.99999999	9899.64770336	1047031.0047846	105.89352374	9887.58299662
5003	2019-06-21 20:00:00	9922.91534648	9860.39999999	9898.23765027	9914.99999998	338555.82793792	34.19801206	9899.86866324
5004	2019-06-21 22:00:00	10195.0	9844.00467065	9904.2	10177.25008034	1244869.2315511	124.47121876	10001.26168886
5005	2019-06-22 00:00:00	10476.0	10019.73104214	10168.0988083	10460.150475	1669056.0773205	163.15890299	10229.63532319
5006	2019-06-22 02:00:00	10938.53601752	10372.9909054	10460.150475	10572.60000001	2693378.7673413	251.77759026	10697.45232115
5007	2019-06-22 04:00:00	10750.84853044	10527.39608752	10582.76756852	10730.3657123	800425.40828918	75.02745964	10668.43275954
5008	2019-06-22 06:00:00	10765.17747832	10672.46327016	10729.8911	10672.57045836	598020.20073801	55.76163845	10724.58086528
5009	2019-06-22 08:00:00	10931.0	10652.98596236	10672.57045837	10923.95467712	1119735.4271385	103.64207597	10803.86914926
5010	2019-06-22 10:00:00	10934.6711986	10723.73328151	10923.95467712	10849.90041481	1109930.8978091	102.23886266	10856.2523969
5011	2019-06-22 12:00:00	11163.39963985	10850.0	10850.0	11088.76272087	2203518.6637324	199.53096714	11043.49212213
5012	2019-06-22 14:00:00	11115.70587488	10320.0	11079.62255395	10806.30708571	4832045.7950041	447.48042581	10798.34003075
5013	2019-06-22 16:00:00	11011.09758931	10660.51270848	10822.0126567	10716.50000086	1379819.8559679	126.68808719	10891.472802
5014	2019-06-22 18:00:00	10832.83309688	10482.99600001	10691.94891196	10685.88310188	1301378.8638087	122.05519647	10662.21596004
5015	2019-06-22 20:00:00	10752.80869869	10521.07003411	10678.07316905	10598.52676289	678786.63916602	63.69161724	10657.39368193
5016	2019-06-22 22:00:00	10788.62400088	10412.03283738	10597.00680988	10729.36157159	1499855.461852	142.4652843	10527.86627438
5017	2019-06-23 00:00:00	10973.54761995	10720.0	10721.9878372	10887.22297335	1176495.315748	107.99482941	10893.99670498
5018	2019-06-23 02:00:00	10907.19397575	10679.31317681	10891.85045089	10781.65987078	575029.57967925	53.382487330000004	10771.876854
5019	2019-06-23 04:00:00	10811.0119617	10690.34846363	10794.50008955	10811.0119617	686078.75016766	63.79611592	10754.24013317
5020	2019-06-23 06:00:00	10832.85428376	10724.82929619	10805.92564728	10743.14627999	457251.33244245	42.39188932	10786.29284462
5021	2019-06-23 08:00:00	10786.50826167	10610.99999997	10745.41387809	10688.42126053	628497.85844251	58.78304195	10691.82263444
5022	2019-06-23 10:00:00	10714.59999998	10558.02077125	10688.42126053	10660.0020467	538483.54897223	50.56924403	10648.43976415
5023	2019-06-23 12:00:00	10800.0	10649.52024893	10662.65600618	10691.19311754	303576.43177168	28.29879976	10727.53736364
5024	2019-06-23 14:00:00	10817.28410426	10685.29930776	10685.29930776	10806.44229246	428461.32055799	39.74850676	10779.30607922
5025	2019-06-23 16:00:00	10849.11670495	10729.41723068	10806.44229246	10802.6271201	302954.63239882	28.08115727	10788.53800382
5026	2019-06-23 18:00:00	11101.34077219	10792.86299137	10802.6271201	11043.44008598	1382392.1612043	126.12391244	10960.58736571
5027	2019-06-23 20:00:00	11394.99999999	10964.98063635	11049.99899996	11035.33826809	1911697.2691452	171.21787153	11165.29046916
5028	2019-06-23 22:00:00	11137.46311519	10800.0	11035.33826808	10899.95750221	1555782.1191543	142.29590903	10933.42830275
5029	2019-06-24 00:00:00	10889.1772131	10625.0	10889.1772131	10707.80488937	1107968.436758	103.20655315	10735.4465675
5030	2019-06-24 02:00:00	10763.62701928	10677.29034151	10708.04080946	10727.86039259	433553.18222537	40.43886481	10721.20061387
5031	2019-06-24 04:00:00	10865.36614837	10690.4587067	10733.01467443	10849.17057314	521981.38542474	48.34027089	10798.06496352
5032	2019-06-24 06:00:00	10844.83090484	10745.01988087	10834.29147772	10816.11879079	519689.77074317	48.11523195	10800.94077657
5033	2019-06-24 08:00:00	10973.22618172	10813.43985323	10813.43985323	10925.00000001	751441.17724316	68.91671773	10903.6123889
5034	2019-06-24 10:00:00	11010.02703098	10819.0970774	10925.00000001	10937.86037833	518447.0675176	47.50683209	10913.10543577
5035	2019-06-24 12:00:00	10969.69697378	10820.0	10948.75233241	10863.88535173	924738.62185364	85.09431432	10867.2198518
5036	2019-06-24 14:00:00	10969.69697377	10863.88535174	10863.88535174	10937.71208933	356549.84309931	32.65180952	10919.75753689
5037	2019-06-24 16:00:00	11133.56828818	10937.71208933	10937.71208933	11065.0	826468.95460903	74.73980103	11057.94962281
5038	2019-06-24 18:00:00	11112.0	10864.35900001	11066.8799753	10944.40627545	869344.64529381	79.19336601	10977.49330649
5039	2019-06-24 20:00:00	10989.89815914	10863.18280001	10943.90303815	10987.67015671	558469.09353876	51.05162843	10939.30028705
5040	2019-06-24 22:00:00	11093.49868829	10987.67015671	10987.77107379	11048.62871993	244391.54963035	22.13821691	11039.35111955
5041	2019-06-25 00:00:00	11147.69650151	11032.15145584	11056.10000087	11147.69650151	613445.89251459	55.32804916	11087.430369
5042	2019-06-25 02:00:00	11247.0	11106.65000001	11129.92000001	11174.0471158	657604.30192219	58.83016215	11178.01273852
5043	2019-06-25 04:00:00	11378.37926057	11167.38061802	11171.3092108	11348.93482822	1101267.0641019	97.56852273	11287.11425865
5044	2019-06-25 06:00:00	11412.28726192	11276.00000001	11350.0	11386.78091135	1446642.0527939	127.23897701	11369.48824007
5045	2019-06-25 08:00:00	11398.17732665	11265.98258927	11380.19440012	11375.0	898429.06565568	79.19700203	11344.23074897
5046	2019-06-25 10:00:00	11495.0	11350.60450199	11376.42432711	11424.23281555	1202006.7196515	105.30016458	11415.05072139
5047	2019-06-25 12:00:00	11442.26428426	11133.46422457	11428.66171	11345.15134824	1531152.7486748	136.03607662	11255.49035754
5048	2019-06-25 14:00:00	11417.66088856	11287.70123976	11348.1218826	11389.00388475	523688.64496322	46.08234147	11364.19349056
5049	2019-06-25 16:00:00	11483.0	11284.0	11389.00388471	11377.72749741	735182.86098035	64.56083506	11387.44349104
5050	2019-06-25 18:00:00	11442.74779145	11350.99438352	11385.71696525	11416.87311421	323852.21329576	28.39745873	11404.26741614
5051	2019-06-25 20:00:00	11629.89999996	11385.28480613	11416.87311421	11598.3855884	825203.11352119	71.83610518	11487.30309714
5052	2019-06-25 22:00:00	11839.99999999	11567.08234644	11598.28557996	11814.85058455	2243500.0588257	191.66586864	11705.26643447
5053	2019-06-26 00:00:00	11995.0	11701.00000001	11821.64207207	11924.1640355	2607563.8533128	219.45941109	11881.75909322
5054	2019-06-26 02:00:00	12291.34836495	11839.2660959	11922.8073728	12282.78598739	3294936.8152097	273.37898992	12052.63365767
5055	2019-06-26 04:00:00	12985.27209926	12209.19096424	12282.78598739	12502.75	5724687.8571552	454.78790596	12587.59914705
5056	2019-06-26 06:00:00	12829.98999998	12502.75	12502.75	12526.26189416	2012835.7667768	158.57638157	12693.16241705
5057	2019-06-26 08:00:00	12752.33429731	12340.0	12526.26189416	12456.31572548	1886296.6801893	149.69879289	12600.6138311
5058	2019-06-26 10:00:00	12760.76219197	12419.85321831	12456.51689488	12695.67987844	1603553.1530779	127.05220266	12621.21489832
5059	2019-06-26 12:00:00	12943.8371306	12596.78067728	12703.63634607	12942.335644	2222276.375345	174.38193256	12743.73063035
5060	2019-06-26 14:00:00	12960.8183105	12750.0	12942.33564405	12882.34127775	1555281.2125288	120.85273161	12869.22680033
5061	2019-06-26 16:00:00	13700.00000001	12815.2236565	12882.34127782	13550.0	6261038.1899441	467.56052395	13390.86143768
5062	2019-06-26 18:00:00	13963.81	13460.24177317	13534.64944332	13951.15841002	3845937.8307123	279.48484025	13760.81016513
5063	2019-06-26 20:00:00	13954.64528211	11900.0	13951.15841002	12600.0	9538941.4001219	751.8823159	12686.74791041
5064	2019-06-26 22:00:00	13193.19112592	12326.84493708	12600.0	13101.48646392	4077147.0090263	319.83740807	12747.56143638
5065	2019-06-27 00:00:00	13455.73782958	12500.0	13099.25239001	12845.072745	2478956.9985944	190.09092173	13040.90156454
5066	2019-06-27 02:00:00	13028.74025461	12583.2598543	12840.55077273	12994.2935477	1149365.1987226	89.71694473	12811.01582517
5067	2019-06-27 04:00:00	13139.34559945	12700.0	12991.59178944	12920.50890446	994971.37742848	77.00956496	12920.10126203
5068	2019-06-27 06:00:00	12929.09796618	12200.0	12929.09796618	12461.55610248	2493050.2403861	199.50277269	12496.31875673
5069	2019-06-27 08:00:00	12481.20496704	11400.0	12465.40456938	11933.49115534	5300237.7211771	447.80162739	11836.128761
5070	2019-06-27 10:00:00	12260.0	11839.65516101	11931.96235	12237.56849483	1989557.4705655	165.39846733	12028.87489033
5071	2019-06-27 12:00:00	12338.66053089	11700.66834397	12237.56849483	11799.67882	2159491.0846603	180.93174919	11935.39052337
5072	2019-06-27 14:00:00	12090.87916	11594.77124833	11798.9	11811.68000001	1609286.5463844	136.53007366	11787.04810774
5073	2019-06-27 16:00:00	11939.34559945	10600.0	11819.4384713	11063.56083	8098387.043258	733.06285944	11047.32962388
5074	2019-06-27 18:00:00	11239.99999999	10794.00000001	11035.0	11047.524601	2380111.6271607	216.27479514	11005.03470882
5075	2019-06-27 20:00:00	11083.60052	10531.0	11047.524601	10898.34000001	2416022.157669	224.14654653	10778.7614624
5076	2019-06-27 22:00:00	11535.515	10879.6411905	10879.6411905	11307.51810984	3401693.976681	301.32895081	11288.97162896
5077	2019-06-28 00:00:00	11756.0	11214.40000088	11316.20623565	11500.49444023	1731323.2042755	149.30230843	11596.0913296
5078	2019-06-28 02:00:00	11602.85506579	11090.80000087	11515.83752135	11368.2809671	1295899.7236559	114.89478448	11279.01261594
5079	2019-06-28 04:00:00	11397.99637063	11013.19399476	11369.34559945	11322.0828712	3027759.5635206	272.25327515	11121.11346264
5080	2019-06-28 06:00:00	11659.34559944	11322.11376021	11322.11376021	11415.05868929	1771203.6971904	154.2144345	11485.33016985
5081	2019-06-28 08:00:00	12089.61540335	11418.55868884	11418.55868884	12012.70000091	2592084.9560955	218.82034044	11845.72216131
5082	2019-06-28 10:00:00	12305.64197482	11833.91979328	12017.50115253	12187.51869828	2811854.3252609	233.8364926	12024.87385093
5083	2019-06-28 12:00:00	12208.09945951	11656.23249513	12200.00000001	11940.0	1943401.7590523	163.62405282	11877.23764054
5084	2019-06-28 14:00:00	12056.65099061	11800.0	11943.741203	11953.10000001	1697148.4889567	142.05350817	11947.24798296
5085	2019-06-28 16:00:00	12082.93179731	11810.50000001	12009.57264259	11884.62886985	832431.43029161	69.83707699	11919.62015264
5086	2019-06-28 18:00:00	12384.52338499	11859.04682655	11905.674889	12360.50000088	1470471.9964754	120.72322166	12180.52315251
5087	2019-06-28 20:00:00	12439.99999997	12175.60503197	12360.50000088	12350.00000035	2061048.2865135	166.90087778	12348.93617054
5088	2019-06-28 22:00:00	12483.38445048	12218.79135163	12350.0	12411.32087548	816893.58389226	66.22336039	12335.42935727
5089	2019-06-29 00:00:00	12439.10486219	11915.39987517	12400.2846418	11938.8478559	1000625.7546346	81.51151679	12275.88191264
5090	2019-06-29 02:00:00	11938.8478559	11540.00000006	11915.39987518	11611.0654968	2611345.0343665	221.7429768	11776.4497981
5091	2019-06-29 04:00:00	11789.00044115	11492.23408671	11594.79420808	11630.20307076	995809.35587693	85.48827959	11648.48983571
5092	2019-06-29 06:00:00	11913.0	11538.7	11623.36061267	11884.91386072	707293.35635445	60.14148838	11760.48972857
5093	2019-06-29 08:00:00	11872.51160718	11619.25685967	11872.29058814	11669.04907986	1288125.2480552	109.924198	11718.30471808
5094	2019-06-29 10:00:00	12049.99999999	11611.99999999	11668.66336906	12012.68671339	1342451.6136118	113.33532288	11844.9533605
5095	2019-06-29 12:00:00	12188.76910151	11970.99999999	12023.3779912	12046.21257385	1026279.6506114	85.17152771	12049.56254989
5096	2019-06-29 14:00:00	12082.78038846	11900.0	12025.52118071	11944.12	943017.49952311	78.68161926	11985.23249002
5097	2019-06-29 16:00:00	12032.05645152	11724.48979592	11944.13154287	12016.2572	1164846.5366096	98.37238536	11841.19437936
5098	2019-06-29 18:00:00	12093.0	11891.41433604	12029.49129292	11898.19482812	774035.76037046	64.54023328	11993.07348351
5099	2019-06-29 20:00:00	12233.056	11899.08857494	11899.61292627	11993.39487778	1468400.0595411	121.30854675	12104.67109598
5100	2019-06-29 22:00:00	12120.0	11867.07978174	11999.1299296	11917.37690192	663160.55859802	55.3061044	11990.7298804
5101	2019-06-30 00:00:00	12150.0	11909.07853493	11909.07853493	12099.99999999	898631.55812347	74.40375224	12077.77203527
5102	2019-06-30 02:00:00	12200.0	12027.22743415	12099.89999998	12132.65306122	1017477.6582205	83.8564926	12133.55849586
5103	2019-06-30 04:00:00	12169.99999999	11895.34017241	12132.65306122	11969.64000028	458500.03305755	38.1141839	12029.64319688
5104	2019-06-30 06:00:00	12021.2013557	11695.667404	11987.26345675	11736.25284719	1540474.2753574	130.13089467	11837.88276614
5105	2019-06-30 08:00:00	11880.0	11705.7086086	11746.61069433	11836.13226848	575726.79403131	48.78313485	11801.75886198
5106	2019-06-30 10:00:00	11824.67404797	11513.0	11817.53940868	11629.03008501	1182748.6320549	101.64293005	11636.30988867
5107	2019-06-30 12:00:00	11719.98999998	11130.0	11628.95846098	11200.0	2247146.7503341	197.11858669	11399.97393481
5108	2019-06-30 14:00:00	11327.49999999	11050.0	11200.0	11156.35988782	1837123.7948117	164.02673317	11200.14865447
5109	2019-06-30 16:00:00	11421.3898453	10950.0001	11156.35988783	11360.4845027	1551736.2991789	138.61587595	11194.50631858
5110	2019-06-30 18:00:00	11378.70000087	11189.0	11368.74849483	11295.0	941663.63786616	83.43808425	11285.77730817
5111	2019-06-30 20:00:00	11521.73018926	11250.0	11317.73976082	11346.31049243	1125992.9320694	98.8409466	11391.96831679
5112	2019-06-30 22:00:00	11350.88310323	10778.3242213	11350.88310323	10838.63780999	1991107.4325551	181.060174	10996.93758471
5113	2019-07-01 00:00:00	11154.40953104	10704.51404334	10838.63780999	10969.1733757	1065594.4041758	97.02468361	10982.71454776
5114	2019-07-01 02:00:00	11262.5	10880.0	10972.4713027	11165.0	777133.74590658	70.00311704	11101.41631925
5115	2019-07-01 04:00:00	11197.5	11000.0	11153.06122448	11079.81148128	564995.63260964	50.87900153	11104.69183001
5116	2019-07-01 06:00:00	11126.9265797	10883.92853033	11096.14507363	10974.31585727	533999.60209293	48.68469038	10968.53236458
5117	2019-07-01 08:00:00	11200.0	10958.26768342	10989.79591836	11121.115	1074388.1403636	96.884825	11089.33355005
5118	2019-07-01 10:00:00	11146.9084526	10900.0	11112.34727075	11035.85469675	776338.18195376	70.62270706	10992.7559318
5119	2019-07-01 12:00:00	11035.85469675	10543.15912875	11035.65469673	10595.94572836	1642240.9088374	153.70023538	10684.70002519
5120	2019-07-01 14:00:00	10649.34559945	10063.06001079	10595.94572836	10398.26568576	4789205.9734424	462.79752116	10348.38294171
5121	2019-07-01 16:00:00	10466.8	10183.20000001	10399.41638029	10296.18	1925207.677678	186.39571993	10328.60453234
5122	2019-07-01 18:00:00	10376.73143163	10043.26675341	10312.5	10220.18155225	1462936.2615851	143.60104812	10187.50406586
5123	2019-07-01 20:00:00	10631.957254	10220.1815523	10223.24760679	10601.95439493	1888502.3829255	180.32800354	10472.59630147
5124	2019-07-01 22:00:00	10691.52131724	10467.0488209	10601.95439493	10623.96787549	524941.3901335	49.64402963	10574.10919391
5125	2019-07-02 00:00:00	10697.76	10226.1934746	10617.23737321	10272.04515206	690556.03093911	66.08162205	10450.04661684
5126	2019-07-02 02:00:00	10399.90134	10243.72465379	10262.8378431	10338.1	244189.99241077	23.67779402	10313.03812359
5127	2019-07-02 04:00:00	10367.30167224	9781.79191997	10338.2	9824.01515396	2831468.4643814	284.88998665	9938.81356686
5128	2019-07-02 06:00:00	9914.34559944	9764.25215	9821.28118861	9867.9417497	1169710.5711404	118.78951996	9846.91723254
5129	2019-07-02 08:00:00	10350.0	9829.26127805	9866.5352156	10173.67061	1381569.9213655	136.767247	10101.61388541
5130	2019-07-02 10:00:00	10250.0	9723.0	10165.67090149	10002.7006	1460632.7001099	146.31380741	9982.87670839
5131	2019-07-02 12:00:00	10201.25779896	9924.36394353	10004.40862416	9997.17076817	1123442.7345918	111.38532659	10086.09274655
5132	2019-07-02 14:00:00	10634.64737173	9997.99009992	9997.99009992	10631.38745877	1640599.0498261	157.65580299	10406.20781925
5133	2019-07-02 16:00:00	10779.34559945	10442.08468338	10627.13484504	10765.73772395	986790.51896535	93.01627978	10608.7936574
5134	2019-07-02 18:00:00	10900.25248738	10597.20173826	10765.73772395	10795.84188038	1701138.7328316	157.80483633	10780.01645826
5135	2019-07-02 20:00:00	10939.3455994	10613.0	10779.79075369	10682.00067245	1215228.5460878	112.70260934	10782.61233882
5136	2019-07-02 22:00:00	10880.7839	10671.99999998	10680.3876482	10836.18072559	856794.47941518	79.3838845	10793.0530839
5137	2019-07-03 00:00:00	11444.0	10838.63376673	10838.63376673	11353.3364941	2310522.1436807	206.52803127	11187.45058224
5138	2019-07-03 02:00:00	11369.1319799	11093.63277057	11353.3364941	11276.47609802	997045.64773552	88.77983488	11230.54181259
5139	2019-07-03 04:00:00	11499.58938756	11214.4423611	11290.37067451	11418.59354666	1183657.2982151	104.00862584	11380.37627798
5140	2019-07-03 06:00:00	11468.34096316	11211.0	11428.66440001	11250.48471449	1109361.9006603	97.67354426	11357.85446371
5141	2019-07-03 08:00:00	11299.58590199	10905.0	11223.64	11204.45290088	1718141.0922233	154.84127179	11096.14427963
5142	2019-07-03 10:00:00	11356.12351792	11078.00000001	11207.83171056	11150.0	1027834.5412406	91.32152524	11255.11798603
5143	2019-07-03 12:00:00	11400.0	11139.71231102	11160.0	11225.95157001	510035.77166025	45.12933202	11301.64681884
5144	2019-07-03 14:00:00	11452.25027674	11194.33720554	11194.33720554	11411.4183211	650553.65017539	57.28524566	11356.39103368
5145	2019-07-03 16:00:00	11440.42738999	11128.97018182	11411.4183211	11184.38258936	656734.71289063	58.31314252	11262.20753178
5146	2019-07-03 18:00:00	11303.80000005	11029.61554301	11181.88931801	11262.63975792	816557.05228183	73.22383409	11151.52002663
5147	2019-07-03 20:00:00	11403.0	11216.57675262	11276.06868116	11358.73598906	469931.79952964	41.49938102	11323.82671691
5148	2019-07-03 22:00:00	11975.92246945	11360.00000004	11360.00000004	11933.0	2419934.7386012	205.65098963	11767.19228511
5149	2019-07-04 00:00:00	11996.05154189	11746.0	11933.0	11847.02055703	1565360.8132226	131.8899619	11868.68803866
5150	2019-07-04 02:00:00	11996.9601917	11800.30000005	11853.91716704	11839.7	637861.71560395	53.61005286	11898.17359944
5151	2019-07-04 04:00:00	11858.04680982	11570.1079144	11841.5	11645.40000001	709565.6560736	60.69197466	11691.26000675
5152	2019-07-04 06:00:00	11793.1448418	11617.57557155	11646.0	11689.69097209	525428.62009911	44.88653305	11705.70735578
5153	2019-07-04 08:00:00	11730.0	11550.12035403	11674.9245548	11595.55634911	541351.48937376	46.51012175	11639.43393405
5154	2019-07-04 10:00:00	11726.77110389	11481.00574788	11599.76034804	11693.44747509	995156.46523245	85.92544814	11581.62670983
5155	2019-07-04 12:00:00	11861.38111928	11657.13530907	11692.49298269	11812.40000001	1049332.7456828	89.3625496	11742.42174579
5156	2019-07-04 14:00:00	11861.90000004	11685.10000001	11813.53377175	11721.5535045	1083890.0305135	91.85932069	11799.45619423
5157	2019-07-04 16:00:00	11848.0	11617.89888143	11721.5535045	11827.97470519	841867.64742198	71.72966109	11736.67398714
5158	2019-07-04 18:00:00	11828.25477091	11719.57612092	11819.47274365	11792.37934556	210716.78971638	17.87831014	11786.16927809
5159	2019-07-04 20:00:00	11795.99999997	11400.0	11795.99999997	11564.0933143	1299970.2800254	112.2673953	11579.23256838
5160	2019-07-04 22:00:00	11680.92266142	11000.84143199	11544.97201351	11160.94506294	1450470.7021729	128.87390298	11254.96061369
5161	2019-07-05 00:00:00	11280.08295797	11020.7840157	11138.90311001	11240.0	985638.55195848	88.19548532	11175.612316
5162	2019-07-05 02:00:00	11280.41125955	11094.85800194	11233.02977955	11149.03486888	306494.79703739	27.43956492	11169.81256557
5163	2019-07-05 04:00:00	11219.24220525	11029.01141	11148.46664373	11144.0564326	420460.36563803	37.70487315	11151.35340637
5164	2019-07-05 06:00:00	11149.71972259	10803.64926503	11137.78677743	10969.34559945	1931038.7752528	176.05677409	10968.27307687
5165	2019-07-05 08:00:00	11203.8909765	10855.61154723	10970.79791116	11195.53964895	1457094.0047303	132.15828897	11025.36977503
5166	2019-07-05 10:00:00	11325.55977485	11155.64481662	11197.99880157	11185.01631616	568987.60197741	50.65104309	11233.48241745
5167	2019-07-05 12:00:00	11226.20632951	11086.2897168	11184.53838973	11154.28533131	787129.89988469	70.61125408	11147.37176304
5168	2019-07-05 14:00:00	11406.66059999	11156.91320835	11156.91320835	11227.80576992	873232.66424829	77.26256531	11302.14432752
5169	2019-07-05 16:00:00	11275.82590619	11040.00000001	11230.0	11267.69768749	566553.08692156	50.81423234	11149.49613192
5170	2019-07-05 18:00:00	11309.34559945	11089.74847058	11268.69768763	11108.8556556	481696.65712495	43.06970936	11184.11673268
5171	2019-07-05 20:00:00	11131.12555445	10823.03818588	11104.48657518	11057.28	1016028.0331808	92.73169667	10956.64233122
5172	2019-07-05 22:00:00	11100.16059917	10823.81189429	11040.03137497	10966.50168114	495500.40528565	45.10349926	10985.85283659
5173	2019-07-06 00:00:00	11399.0	11000.3062534	11000.3062534	11333.85440093	715753.935356	63.55438963	11262.0692217
5174	2019-07-06 02:00:00	11456.25195365	11285.21001599	11337.87795629	11454.30747653	435276.72017303	38.29324598	11366.9319232
5175	2019-07-06 04:00:00	11530.516	11295.61184621	11458.44918632	11313.00719657	857246.49427474	75.01928635	11427.0147849
5176	2019-07-06 06:00:00	11433.83846904	11324.22649824	11325.90891068	11378.58489818	664933.52826828	58.35664771	11394.30646483
5177	2019-07-06 08:00:00	11475.0	11276.51411163	11377.98489812	11370.19384968	671111.4234002	59.10497945	11354.56656351
5178	2019-07-06 10:00:00	11396.7028921	11298.19086631	11374.73369772	11354.9847416	470073.49936832	41.4207124	11348.75457546
5179	2019-07-06 12:00:00	11424.50105793	11295.0	11369.93500545	11326.93	435816.73789549	38.35723576	11362.04758399
5180	2019-07-06 14:00:00	11610.44531796	11310.82977316	11336.75236519	11573.48429551	812077.49124384	70.76770098	11475.25608431
5181	2019-07-06 16:00:00	11676.4	11459.09090523	11578.0	11532.64256143	845681.01690956	73.10952302	11567.31684158
5182	2019-07-06 18:00:00	11552.32956209	11422.52361164	11540.27163179	11485.39999999	379441.1735474	33.07249541	11473.01311387
5183	2019-07-06 20:00:00	11486.4711009	11094.0	11486.4711009	11176.99999999	766733.46352076	68.16282994	11248.55678961
5184	2019-07-06 22:00:00	11274.0	11070.78429161	11175.06782052	11265.41486788	503619.86823581	45.08310833	11170.92159106
5185	2019-07-07 00:00:00	11245.4959974	11124.33720554	11227.96905703	11237.2967498	296241.95817656	26.53153645	11165.65407867
5186	2019-07-07 02:00:00	11229.99999999	11113.13198665	11227.754	11143.86766834	342747.59046946	30.70573893	11162.32998824
5187	2019-07-07 04:00:00	11302.80030605	11137.72829867	11151.55361826	11219.11760199	458429.46168846	40.71321089	11259.96824291
5188	2019-07-07 06:00:00	11230.27980407	11170.25849312	11213.73192696	11187.70532247	135854.04717037	12.13103788	11198.88079768
5189	2019-07-07 08:00:00	11240.0	11111.0	11198.88717543	11239.9	296730.43548854	26.51061749	11192.89038063
5190	2019-07-07 10:00:00	11345.92027628	11220.00812239	11239.9	11321.54993651	412466.61826684	36.58270143	11274.90869027
5191	2019-07-07 12:00:00	11434.79840776	11308.35209573	11341.23309612	11337.88037024	586809.72390971	51.6233393	11367.13997712
5192	2019-07-07 14:00:00	11383.01587288	11177.69503205	11339.99999999	11204.86240539	554093.90504234	49.32756186	11232.94734523
5193	2019-07-07 16:00:00	11453.22533953	11143.89094836	11206.85841336	11413.25036716	667217.48811835	59.2195412	11266.84662863
5194	2019-07-07 18:00:00	11520.99	11343.7884001	11416.29758404	11465.20324871	997130.13400323	87.36084368	11413.92518661
5195	2019-07-07 20:00:00	11524.17466752	11368.62511194	11476.44217911	11473.80811325	396373.86930343	34.55681982	11470.20678893
5196	2019-07-07 22:00:00	11500.0	11298.0	11473.80811325	11415.1745791	263813.30179165	23.16053894	11390.63743184
5197	2019-07-08 00:00:00	11468.0	11342.72319962	11421.45311305	11413.25536585	239277.46195191	20.93235879	11430.98416917
5198	2019-07-08 02:00:00	11406.29359775	11290.0	11386.12002494	11352.5213649	483841.48438551	42.61913914	11352.68084125
5199	2019-07-08 04:00:00	11436.5994645	11354.80000003	11360.90000009	11414.87127839	477172.40538622	41.819328229999996	11410.33167156
5200	2019-07-08 06:00:00	11438.69292037	11371.73097955	11406.3481192	11428.41649625	112508.76469951	9.87122753	11397.64678279
5201	2019-07-08 08:00:00	11809.55956296	11356.77792872	11425.84194065	11769.10593114	1416225.5935174	121.11259863	11693.46219581
5202	2019-07-08 10:00:00	11924.34559944	11764.77149413	11783.29190414	11883.22989371	1231111.1897652	103.76162153	11864.80291664
5203	2019-07-08 12:00:00	11899.99999998	11765.90687882	11883.94238996	11838.45904901	1313575.7842687	111.18970266	11813.82585656
5204	2019-07-08 14:00:00	11870.62449998	11807.05821381	11831.6578737	11824.40163694	243960.52333914	20.60028426	11842.5804353
5205	2019-07-08 16:00:00	11872.96682038	11729.0	11825.0	11870.27850035	562535.68130107	47.7244726	11787.15343836
5206	2019-07-08 18:00:00	12200.0	11802.5756794	11857.25146785	12176.99481597	1723381.6855993	143.16681487	12037.57789236
5207	2019-07-08 20:00:00	12280.59028994	12079.68880042	12176.00000001	12280.59028994	1457665.9369225	119.7779738	12169.73280376
5208	2019-07-08 22:00:00	12344.7805097	12212.40793735	12282.46286091	12260.11338586	1361205.3967451	110.78057768	12287.40114243
5209	2019-07-09 00:00:00	12521.21113174	12191.28997792	12260.0	12487.49999998	1797035.0765299	145.7988629	12325.43958701
5210	2019-07-09 02:00:00	12741.14536162	12497.59999004	12497.6	12652.81566227	1372659.7780274	108.49544723	12651.77307502
5211	2019-07-09 04:00:00	12725.0	12597.7187307	12650.2395236	12663.09999998	1026100.260761	81.07249155	12656.57735618
5212	2019-07-09 06:00:00	12779.52933984	12400.0	12650.0	12425.81770779	1627349.3841575	129.02724011	12612.44821457
5213	2019-07-09 08:00:00	12635.18802774	12425.81770772	12425.82268249	12634.0	639121.08336969	51.00861154	12529.67026692
5214	2019-07-09 10:00:00	12634.05118786	12070.60161973	12634.05118786	12273.70796119	3763448.8715201	307.25200878	12248.73642474
5215	2019-07-09 12:00:00	12395.63079125	12237.15250461	12273.70796119	12345.48120739	560990.02644461	45.54667745	12316.81558024
5216	2019-07-09 14:00:00	12384.34833141	12164.58334454	12350.6068078	12360.00000001	645310.01418303	52.51129576	12288.97525462
5217	2019-07-09 16:00:00	12566.00000002	12359.78452153	12360.0	12502.40596528	1103055.1230449	88.2615492	12497.57264678
5218	2019-07-09 18:00:00	12600.0	12278.09468419	12518.08649302	12491.04174091	1078380.856184	86.41142371	12479.60986967
5219	2019-07-09 20:00:00	12632.75088849	12325.31376796	12460.74789756	12537.27004733	1216758.4232703	97.53169036	12475.51866248
5220	2019-07-09 22:00:00	12605.97656751	12450.0	12549.0879205	12560.61493975	873814.76393705	69.67139926	12541.94365576
5221	2019-07-10 00:00:00	12973.00000001	12523.96294534	12529.66580296	12912.46481922	3223244.7597956	250.69471288	12857.25064867
5222	2019-07-10 02:00:00	13107.38981756	12850.0	12909.46481922	12950.0	2552014.0857731	196.32235282	12999.10096387
5223	2019-07-10 04:00:00	13061.5610377	12936.38536351	12975.10696084	13038.13571006	473928.37707303	36.44584449	13003.63275168
5224	2019-07-10 06:00:00	13037.46882406	12805.89999995	13037.46882406	12868.28314748	1712460.320612	132.22841633	12950.7738816
5225	2019-07-10 08:00:00	13050.00000001	12840.1386061	12865.80491653	12943.01969276	785329.53902305	60.80929627	12914.62962399
5226	2019-07-10 10:00:00	13124.34559945	12901.99000001	12942.68360012	12972.30756012	954032.99287985	73.32602071	13010.83822144
5227	2019-07-10 12:00:00	13154.26681399	12917.46734618	12968.06341201	13037.30218486	810657.07628412	62.13814194	13046.04629257
5228	2019-07-10 14:00:00	13062.54100016	12129.99999999	13037.30214999	12377.74915264	5725691.1275616	458.07217572	12499.5392234
5229	2019-07-10 16:00:00	12375.25324287	12074.34997148	12375.06769921	12281.15289754	2400119.5690307	196.11859042	12238.10330214
5230	2019-07-10 18:00:00	12317.85982905	11900.0	12281.925578	12088.7574544	2648071.3995549	218.72116573	12107.06513343
5231	2019-07-10 20:00:00	12102.8944437	11574.62785449	12073.0138	11955.71211616	2906917.051572	246.27979506	11803.31115211
5232	2019-07-10 22:00:00	12200.0	11870.09833854	11964.34559945	12116.93014948	1066230.693854	88.54360583	12041.87116459
5233	2019-07-11 00:00:00	12109.78900001	11798.0	12109.78900001	12007.96092488	734994.13551006	61.66283252	11919.56492221
5234	2019-07-11 02:00:00	12030.21554932	11643.17464168	11997.42508801	11714.99369206	755854.18312028	63.956165490000004	11818.31614402
5235	2019-07-11 04:00:00	11730.1082053	11208.499	11705.0	11443.76612074	2554083.0478403	224.09699055	11397.22154042
5236	2019-07-11 06:00:00	11600.0	11388.09936516	11441.30000001	11590.05915722	1014771.4125746	88.32992277	11488.42182526
5237	2019-07-11 08:00:00	11598.46962535	11372.3770254	11584.44715004	11463.24090391	826066.10625738	72.16187905	11447.40293812
5238	2019-07-11 10:00:00	11645.78209	11315.36371536	11457.4074074	11601.90226583	709281.38800974	61.7693188	11482.74583221
5239	2019-07-11 12:00:00	11709.76818242	11563.20665631	11607.14425291	11613.41520003	721156.95322675	61.96057097	11638.96558629
5240	2019-07-11 14:00:00	11767.5200191	11399.99999999	11613.41520003	11502.00787909	952856.44838685	82.0967038	11606.51285961
5241	2019-07-11 16:00:00	11750.0	11389.4078496	11500.00000001	11668.59195762	644526.36680042	55.44949432	11623.66536799
5242	2019-07-11 18:00:00	11694.99999994	11501.0	11668.59195763	11577.51916817	686916.06817534	59.19046156	11605.18181597
5243	2019-07-11 20:00:00	11608.72659444	11018.16020462	11576.73363661	11277.14732118	3498490.7497527	311.97548028	11213.99267215
5244	2019-07-11 22:00:00	11427.09965158	11216.61577559	11282.17474175	11337.18581225	604582.03767245	53.33264002	11336.06057089
5245	2019-07-12 00:00:00	11512.95326606	11211.82530002	11335.39702605	11397.8000001	642354.90474386	56.46782041	11375.59232993
5246	2019-07-12 02:00:00	11419.25296526	11131.31464427	11419.25296526	11197.76108172	317150.17840282	28.09674582	11287.79042365
5247	2019-07-12 04:00:00	11400.24144658	11094.2803934	11197.76108172	11390.0	459336.89925119	40.66668156	11295.16551709
5248	2019-07-12 06:00:00	11710.0	11340.86793896	11390.36921675	11648.06603052	884670.66005454	76.44062309	11573.30519157
5249	2019-07-12 08:00:00	11676.84937999	11544.94347872	11648.06603052	11634.83446206	557651.9791363	47.96647439	11625.86965642
5250	2019-07-12 10:00:00	11736.0	11608.77174154	11634.83446206	11669.634076	402149.26208229	34.47270074	11665.73124384
5251	2019-07-12 12:00:00	11710.0	11542.66675375	11670.94817944	11635.33183621	439134.91479675	37.73290346	11637.98368345
5252	2019-07-12 14:00:00	11674.36197819	11443.7661207	11626.88531473	11489.46496796	617365.20714226	53.43528408	11553.51221148
5253	2019-07-12 16:00:00	11600.60000019	11416.58146981	11488.0	11597.68	497754.41069966	43.10911023	11546.38562577
5254	2019-07-12 18:00:00	11639.34559944	11519.23076923	11597.42072448	11591.42733949	212644.5915623	18.36989959	11575.70788672
5255	2019-07-12 20:00:00	11872.0	11591.4273395	11591.4273395	11770.77140879	758893.94973007	64.4491123	11775.08770326
5256	2019-07-12 22:00:00	11800.0	11716.97018167	11763.0	11755.15391067	236139.27102728	20.05382655	11775.27243683
5257	2019-07-13 00:00:00	11790.0	11605.53318359	11758.69316735	11662.04407374	284748.43339636	24.32929631	11703.93215521
5258	2019-07-13 02:00:00	11705.55499998	11535.19086172	11663.57087346	11583.13640001	281167.08470678	24.22334336	11607.27817494
5259	2019-07-13 04:00:00	11656.91934229	11510.0	11583.13631547	11638.29999998	115353.25029847	9.95704201	11585.09225758
5260	2019-07-13 06:00:00	11638.63436832	11449.99999999	11638.63436832	11457.09488	285278.98375202	24.7988886	11503.70036147
5261	2019-07-13 08:00:00	11569.71213771	11457.03534478	11467.15167678	11515.92908086	1717791.920759	149.33266686	11503.12223627
5262	2019-07-13 10:00:00	11501.20723632	11202.49324216	11501.20723632	11296.78064153	1424455.3591748	126.00128073	11305.08635247
5263	2019-07-13 12:00:00	11447.36322378	11272.44711598	11298.49779309	11360.317176	453254.13390886	39.95920536	11342.92160781
5264	2019-07-13 14:00:00	11421.67315109	11290.61881157	11369.21388933	11412.47759353	298995.73411683	26.31253295	11363.24407403
5265	2019-07-13 16:00:00	11469.0	11261.73853305	11419.86478579	11351.20182725	187246.75059385	16.46833205	11370.11022278
5266	2019-07-13 18:00:00	11350.32952208	11011.0	11350.32952208	11194.98323325	1426251.2922158	128.00298305	11142.32854759
5267	2019-07-13 20:00:00	11197.8918563	10830.57515945	11193.0	11041.0962366	1969545.5154655	180.03169955	10939.9929034
5268	2019-07-13 22:00:00	11444.34559943	11017.92844792	11044.34559945	11384.47102144	1168154.5463595	103.66402166	11268.65934442
5269	2019-07-14 00:00:00	11438.8	11265.1977979	11362.37521601	11392.05826858	422508.66009123	37.18431309	11362.5511669
5270	2019-07-14 02:00:00	11443.41236848	11279.91270321	11394.6214175	11286.27761725	227626.96002033	20.04111375	11357.99950341
5271	2019-07-14 04:00:00	11334.53030015	11141.62076625	11279.0	11218.0	362768.4847379	32.35501621	11212.12495717
5272	2019-07-14 06:00:00	11296.53325141	11091.28920001	11233.73326604	11151.73405407	258115.94081836	23.07420919	11186.33963543
5273	2019-07-14 08:00:00	11180.31365343	10712.63317487	11120.91102311	10861.2659257	1773161.5917628	162.33411985	10922.91376206
5274	2019-07-14 10:00:00	10915.0	10562.2147418	10868.7714021	10691.60133664	1405951.4324667	131.24603216	10712.33476035
5275	2019-07-14 12:00:00	10750.46972316	10530.70311671	10685.77351535	10639.12777196	735178.99890749	68.98268868	10657.44193181
5276	2019-07-14 14:00:00	10703.30000079	10310.0	10639.22777197	10409.37671561	1595535.3942184	151.60526956	10524.27398367
5277	2019-07-14 16:00:00	10691.0	10350.53714054	10404.09132643	10591.39999984	1624449.2100625	153.94617779	10552.05938453
5278	2019-07-14 18:00:00	10587.01481791	10328.99999999	10570.17341938	10477.40000025	793480.2381495	75.96241621	10445.69509158
5279	2019-07-14 20:00:00	10720.00000001	10374.99571965	10481.80000006	10660.0019999	625247.764506	59.15247035	10570.10401774
5280	2019-07-14 22:00:00	10655.26711998	10104.0	10650.0016496	10187.72402807	1062427.7627412	103.12744517	10302.08555045
5281	2019-07-15 00:00:00	10187.72402806	9901.34	10187.72402806	10043.86684337	1502114.7262343	149.65459017	10037.21118428
5282	2019-07-15 02:00:00	10264.34559942	9870.0	10041.56202619	10239.79151422	1082887.6819069	107.80245736	10045.11129361
5283	2019-07-15 04:00:00	10283.9932105	10054.82227549	10245.0	10180.20000004	435938.97297784	42.88835023	10164.50785912
5284	2019-07-15 06:00:00	10327.93429128	10070.5437605	10183.16692349	10313.31396637	912618.59843681	89.73188291	10170.50538605
5285	2019-07-15 08:00:00	10365.717371	10137.36423107	10320.76109646	10315.62902976	418363.40802616	40.80290057	10253.27616864
5286	2019-07-15 10:00:00	10379.34559944	10260.0	10320.8573434	10296.66499784	484549.07945476	46.95563949	10319.29465166
5287	2019-07-15 12:00:00	10387.3359219	10070.83431923	10297.44835002	10375.20763256	940779.46433589	92.21109089	10202.45455569
5288	2019-07-15 14:00:00	10611.45383991	10387.45068583	10387.45068583	10561.78830367	1113783.8901971	105.81604252	10525.66192868
5289	2019-07-15 16:00:00	10670.0	10434.57302541	10562.15376321	10435.1121477	1122367.2745008	106.09848115	10578.54233477
5290	2019-07-15 18:00:00	10935.0	10379.69999999	10434.73953769	10845.00000001	2071356.6959907	192.59385613	10755.05074571
5291	2019-07-15 20:00:00	10947.89049589	10730.10000003	10845.00000001	10736.85909062	761663.20957659	70.34998957	10826.77075337
5292	2019-07-15 22:00:00	11062.4	10737.80744767	10737.80744767	10836.90135676	897523.07132048	82.02775966	10941.69918867
5293	2019-07-16 00:00:00	11017.06664065	10825.6634259	10836.90135673	10919.59852448	541773.19192128	49.5713587	10929.15760489
5294	2019-07-16 02:00:00	10902.15443074	10634.39759192	10902.15443074	10693.25842439	736405.32430081	68.60419419	10734.11520965
5295	2019-07-16 04:00:00	10786.10283	10605.35308958	10697.00000002	10756.288312	336028.42813953	31.33862183	10722.50177312
5296	2019-07-16 06:00:00	10776.94728646	10500.0	10737.76706599	10720.94808292	839681.31909781	78.98853567	10630.42012331
5297	2019-07-16 08:00:00	10835.41683909	10646.17866004	10721.08647929	10678.16794372	631352.61106951	58.78295463	10740.40280968
5298	2019-07-16 10:00:00	10750.0	10601.0	10669.75486936	10672.61851648	476156.282267	44.58970289	10678.61527226
5299	2019-07-16 12:00:00	10672.5	10351.0	10672.5	10385.90941179	1082318.8722911	103.35431484	10471.92731108
5300	2019-07-16 14:00:00	10540.36891111	10338.69660001	10398.0	10489.55655471	743971.20107105	71.13064252	10459.22228049
5301	2019-07-16 16:00:00	10492.77701945	9518.69172703	10492.77701944	9687.91669341	5179779.7851483	528.02789174	9809.67078856
5302	2019-07-16 18:00:00	9781.26591922	9534.83932698	9687.91669341	9685.20000002	2090601.111095	216.63816704	9650.19756056
5303	2019-07-16 20:00:00	9779.34559944	9418.0	9695.9997794	9653.1	2430068.7268482	252.01053089	9642.72690615
5304	2019-07-16 22:00:00	9646.82642652	9357.38023436	9639.92999457	9403.62017037	1628731.0871956	171.85796317	9477.19300958
5305	2019-07-17 00:00:00	9611.80684299	9428.07965695	9429.99999984	9444.79508116	831289.37861928	87.44762008	9506.14068008
5306	2019-07-17 02:00:00	9458.68339955	9222.2	9458.68339955	9415.16266185	1060028.9232668	113.58404613	9332.55117583
5307	2019-07-17 04:00:00	9571.99999999	9316.60210618	9402.56752788	9544.455114	606370.34167574	64.0419549	9468.32966955
5308	2019-07-17 06:00:00	9597.53158827	9436.30718775	9548.66999999	9564.2	402285.55829504	42.16880291	9539.88566271
5309	2019-07-17 08:00:00	9591.11822658	9407.63856734	9548.60464827	9426.24777459	368609.0523985	38.82487798	9494.14580487
5310	2019-07-17 10:00:00	9424.4243624	9065.4321612	9424.4243624	9145.0	1918260.3156849	208.84840261	9184.94128617
5311	2019-07-17 12:00:00	9509.34559945	9085.9888696	9150.0	9493.27283324	1053657.6186538	112.65038114	9353.34268726
5312	2019-07-17 14:00:00	9799.99	9502.10301143	9502.10301143	9731.36469367	1209037.0471834	125.39770455	9641.62024753
5313	2019-07-17 16:00:00	9850.25482859	9642.01829225	9698.95464875	9781.70625604	1131430.1865248	116.11283598	9744.23005842
5314	2019-07-17 18:00:00	9946.83309319	9702.56494025	9780.24987403	9702.56494025	1097485.8711581	111.45882824	9846.558487
5315	2019-07-17 20:00:00	9929.34559944	9628.92908995	9728.99775445	9797.08760959	771963.9866731	79.05133674	9765.3501953
5316	2019-07-17 22:00:00	9891.76154477	9588.9	9797.08760959	9666.90000001	884151.46314512	90.99077838	9716.93482445
5317	2019-07-18 00:00:00	9798.11627737	9542.74127117	9671.049386	9768.30057848	859326.77589724	89.13183697	9641.07556973
5318	2019-07-18 02:00:00	9790.0	9653.90733961	9748.56517002	9712.17594599	292092.81504436	30.04087586	9723.17905794
5319	2019-07-18 04:00:00	9886.973	9656.78532223	9709.94058679	9800.83203204	463403.54553044	47.23938245	9809.68678032
5320	2019-07-18 06:00:00	9989.53872455	9774.13517525	9830.78619	9774.64494121	595721.73391014	60.26116738	9885.66534321
5321	2019-07-18 08:00:00	9831.65406023	9685.6050165	9783.58652088	9730.60376508	285006.36808943	29.23109147	9750.11037073
5322	2019-07-18 10:00:00	9860.37175667	9718.42583163	9729.37034952	9749.03126585	235186.31132749	24.00611777	9796.93233119
5323	2019-07-18 12:00:00	9757.85144998	9330.0	9757.85144997	9375.20697112	1752901.9089988	185.11669822	9469.1722889
5324	2019-07-18 14:00:00	10440.11160893	9269.55533329	9371.24662086	10440.0	4393892.7900082	437.55110184	10042.01057095
5325	2019-07-18 16:00:00	10649.34559943	10337.00302	10440.0	10506.35359996	2019154.7313853	192.06687399	10512.76927373
5326	2019-07-18 18:00:00	10712.48689398	10453.54722783	10515.4	10476.82671244	1272818.0851035	120.60036401	10554.01528471
5327	2019-07-18 20:00:00	10683.56453998	10479.61990054	10479.61990054	10556.00372728	756483.42540604	71.62089839	10562.3280692
5328	2019-07-18 22:00:00	10765.00000002	10500.0	10556.00372728	10622.74536665	571947.68986796	53.71086395	10648.64066235
5329	2019-07-19 00:00:00	10697.9	10545.30087997	10646.2857625	10553.45013622	408169.32700946	38.43569806	10619.53724301
5330	2019-07-19 02:00:00	10644.72978715	10504.7697559	10546.80373983	10568.78452091	326358.37686817	30.79089178	10599.18560332
5331	2019-07-19 04:00:00	10577.34225083	10388.21910672	10571.64350291	10497.76605633	608176.92786436	58.06326618	10474.38368311
5332	2019-07-19 06:00:00	10626.14594943	10413.18061538	10497.76605633	10600.46248339	360836.7048043	34.27298865	10528.31162432
5333	2019-07-19 08:00:00	10756.8539444	10235.3684365	10602.19559723	10329.3346118	1626992.6490123	156.21879518	10414.83290879
5334	2019-07-19 10:00:00	10388.68311186	10260.39810867	10339.3637594	10296.0730861	510070.90562781	49.43117491	10318.81007393
5335	2019-07-19 12:00:00	10639.69023986	10118.73398895	10285.0	10306.87025407	1832647.618407	176.56886651	10379.22287564
5336	2019-07-19 14:00:00	10433.04505798	10275.70248793	10300.39810867	10402.93324904	571069.60678666	55.14740712	10355.33013445
5337	2019-07-19 16:00:00	10464.34559944	10313.83053752	10410.0	10428.0	401815.18983066	38.63841722	10399.36981742
5338	2019-07-19 18:00:00	10434.0824962	10348.0	10415.60000109	10395.57157804	238114.76561863	22.9097611	10393.59444121
5339	2019-07-19 20:00:00	10550.0	10395.12018022	10395.12018022	10535.19999996	526147.88177695	50.14413261	10492.71079966
5340	2019-07-19 22:00:00	10561.88165561	10448.00299388	10535.2	10512.15623196	191874.44066682	18.27625189	10498.56621705
5341	2019-07-20 00:00:00	10580.16551551	10352.94118769	10506.07519681	10430.07053637	515148.66428532	49.17699944	10475.39846171
5342	2019-07-20 02:00:00	10544.0	10430.87053648	10430.87053649	10503.57463443	123415.38903129	11.75411946	10499.75623025
5343	2019-07-20 04:00:00	10614.34559944	10470.39810867	10525.49999984	10571.06318116	249241.59882726	23.59449241	10563.54993768
5344	2019-07-20 06:00:00	10683.0000001	10525.60245413	10571.06318116	10562.49094542	464018.69769052	43.72943571	10611.12932642
5345	2019-07-20 08:00:00	10594.55623342	10504.00000001	10554.82469537	10562.40173517	115966.95900125	10.99772921	10544.62760328
5346	2019-07-20 10:00:00	10600.39810867	10445.91920625	10562.40173515	10569.41427584	294912.45383835	27.98991642	10536.38208178
5347	2019-07-20 12:00:00	10700.0	10482.65054675	10569.41427588	10510.0	814893.49909722	76.91878785	10594.20619948
5348	2019-07-20 14:00:00	10634.56	10528.55356607	10530.0	10622.99518549	260604.31613102	24.63485401	10578.68319516
5349	2019-07-20 16:00:00	10993.09999998	10577.31468864	10620.87058645	10877.12503434	1923012.7171658	178.0825855	10798.43215307
5350	2019-07-20 18:00:00	10938.30000087	10858.99480001	10883.24416655	10900.0	561587.66591365	51.5112559	10902.23206756
5351	2019-07-20 20:00:00	10923.45191097	10866.0448953	10901.94664067	10921.46495101	231149.67602383	21.1916777	10907.56849439
5352	2019-07-20 22:00:00	11060.00329226	10623.78356599	10911.80000018	10750.05167907	1468532.1102139	134.93952023	10882.8911479
5353	2019-07-21 00:00:00	10809.722639	10673.58945344	10749.75159994	10786.46887983	321611.68341553	29.94245844	10740.99122688
5354	2019-07-21 02:00:00	10785.86887977	10550.0	10785.86887977	10580.57519718	766672.66820046	72.11397099	10631.40273202
5355	2019-07-21 04:00:00	10660.0	10555.8642236	10580.7405704	10570.39810867	285479.18526016	26.92384128	10603.21156595
5356	2019-07-21 06:00:00	10625.548508	10525.0	10570.39810867	10587.84398533	240479.68280727	22.70697162	10590.56605309
5357	2019-07-21 08:00:00	10724.34559945	10476.38111885	10585.98524585	10692.92324165	569671.87393649	53.77630258	10593.36262639
5358	2019-07-21 10:00:00	10697.27000078	10521.33	10687.62545281	10590.0	460948.13749715	43.51082196	10593.87335686
5359	2019-07-21 12:00:00	10595.34810754	10491.2	10590.00000001	10540.0	353337.10463396	33.49967467	10547.47868791
5360	2019-07-21 14:00:00	10549.90894384	10335.0	10540.0	10451.32175643	904814.22216829	86.89006523	10413.32193471
5361	2019-07-21 16:00:00	10483.93182917	10302.5	10439.53350767	10410.47640543	558242.02439369	53.80403687	10375.46728589
5362	2019-07-21 18:00:00	10510.39810866	10351.33291611	10407.48607461	10410.59999999	247831.01769382	23.72000487	10448.18578461
5363	2019-07-21 20:00:00	10584.66276145	10399.18461493	10405.09254423	10563.42484605	211432.06225811	20.1164183	10510.42283496
5364	2019-07-21 22:00:00	10636.24914258	10515.08358995	10552.80000006	10582.13493539	281481.37162943	26.57842184	10590.59764059
5365	2019-07-22 00:00:00	10679.34559944	10564.33702359	10599.2798305	10584.19747407	154093.12835879	14.48970633	10634.66193512
5366	2019-07-22 02:00:00	10632.6975488	10570.68694318	10577.59999995	10608.57247486	153836.62779851	14.49463164	10613.3520064
5367	2019-07-22 04:00:00	10625.20000003	10516.41804622	10610.13974434	10590.1575679	116288.46300372	11.00174287	10570.00371466
5368	2019-07-22 06:00:00	10628.19418546	10580.15701276	10590.15756791	10602.74484449	152539.42479983	14.38508235	10604.00080364
5369	2019-07-22 08:00:00	10617.51756429	10450.39810868	10605.04143108	10453.00876882	451795.18168152	42.99130184	10508.99047818
5370	2019-07-22 10:00:00	10610.08566678	10416.8784134	10450.39810867	10549.99000001	674123.76081184	64.18576377	10502.69905998
5371	2019-07-22 12:00:00	10576.84086686	10470.96324255	10560.0	10494.84568457	97629.70496579	9.27931342	10521.22075706
5372	2019-07-22 14:00:00	10535.43517749	10172.51553296	10500.53271619	10234.92593336	2160113.1026652	210.50786754	10261.43643897
5373	2019-07-22 16:00:00	10409.46694487	10195.0	10227.08934614	10353.21100265	558856.02359289	54.2858024	10294.69951415
5374	2019-07-22 18:00:00	10349.9	10089.97151118	10349.89999999	10152.87870088	744580.26953773	72.84444327	10221.51088145
5375	2019-07-22 20:00:00	10389.7092299	10137.37512349	10153.64304549	10287.78554576	505841.96132845	49.17636785	10286.281469
5376	2019-07-22 22:00:00	10363.89159997	10260.39810865	10298.85049957	10344.1772921	204673.68462784	19.80464602	10334.6297844
5377	2019-07-23 00:00:00	10339.39403026	10214.67168409	10339.39403026	10229.20364398	165445.94588975	16.14044664	10250.39452624
5378	2019-07-23 02:00:00	10300.89297428	10226.53171084	10249.90680224	10262.5462026	50153.27738465	4.88717109	10262.23073861
5379	2019-07-23 04:00:00	10259.4833592	10120.0	10257.67865985	10162.750637	226247.50493378	22.14944039	10214.5923757
5380	2019-07-23 06:00:00	10217.43758183	9983.54088	10169.27502976	10049.99	1787163.5162632	177.98507436	10041.08643766
5381	2019-07-23 08:00:00	10087.80741751	9917.07299999	10042.51663682	9992.34192648	619256.7177442	62.07082463	9976.61496259
5382	2019-07-23 10:00:00	10060.0	9895.0	10001.61958325	10032.95596366	373620.68155265	37.44352762	9978.24471413
5383	2019-07-23 12:00:00	10035.0	9900.0	10032.76371532	9982.79441988	628406.11631388	63.15337	9950.47637701
5384	2019-07-23 14:00:00	10087.90865	9903.1	9967.36176377	9927.83474199	409821.69802029	41.06042675	9980.94102907
5385	2019-07-23 16:00:00	10023.82813095	9910.39810867	9925.84013355	10022.06148998	202636.1030489	20.3131374	9975.61819519
5386	2019-07-23 18:00:00	10116.80503762	10016.09999998	10016.6	10094.55211327	488228.8193759	48.37713735	10092.139513
5387	2019-07-23 20:00:00	10128.00299385	10099.0000002	10100.84	10125.17616538	43030.54247556	4.25808171	10105.61689657
5388	2019-07-23 22:00:00	10136.34	9836.76708831	10107.31616604	9868.87636545	670956.94305034	67.42351177	9951.37935471
5389	2019-07-24 00:00:00	9872.18752059	9600.0	9870.41062188	9707.49263394	1412324.6844328	145.51248276	9705.8661748
5390	2019-07-24 02:00:00	9724.7491027	9620.8224964	9702.70328821	9655.17195048	445060.34555225	46.10155472	9653.91185298
5391	2019-07-24 04:00:00	9770.4871775	9595.0	9650.83401637	9706.25299999	496777.10216162	51.40085806	9664.76282519
5392	2019-07-24 06:00:00	9766.64178	9669.0641858	9706.35852073	9710.6473801	158399.33130459	16.30676131	9713.72109356
5393	2019-07-24 08:00:00	9789.34559945	9700.0	9710.6473801	9768.02999999	168436.33134747	17.26125275	9758.05949817
5394	2019-07-24 10:00:00	9770.62	9629.95960866	9756.62944363	9718.41349317	307037.33721537	31.65119848	9700.65438152
5395	2019-07-24 12:00:00	9796.05796202	9685.25245468	9724.53500673	9711.5518485	1300467.2495999	133.19135376	9763.90143119
5396	2019-07-24 14:00:00	9924.88247595	9688.34745826	9704.68895088	9919.87377896	624448.91100474	63.48834995	9835.64561839
5397	2019-07-24 16:00:00	9921.45570616	9524.62282879	9917.16065711	9611.67959002	1743321.0693473	181.55021695	9602.4179901
5398	2019-07-24 18:00:00	9693.57003297	9580.39810868	9609.00000001	9654.16521061	226304.16482599	23.42720903	9659.88584197
5399	2019-07-24 20:00:00	9818.01944783	9566.67088952	9674.05800175	9773.05889653	443445.32880835	45.820953	9677.78493843
5400	2019-07-24 22:00:00	9838.15122226	9755.25547005	9781.67500287	9761.78000001	221247.19813643	22.61143699	9784.74734862
5401	2019-07-25 00:00:00	10170.97669335	9730.37878635	9761.78	10070.0	1178285.0505659	117.3598807	10039.93054132
5402	2019-07-25 02:00:00	10107.68684868	10037.66778959	10069.76744195	10091.6119498	512957.00429781	50.87783006	10082.13211319
5403	2019-07-25 04:00:00	10105.12435939	10020.26206841	10080.61027187	10060.00000001	233130.57859962	23.17846465	10058.06821633
5404	2019-07-25 06:00:00	10085.00000001	10027.22969982	10056.18503021	10051.15364765	278365.81868816	27.67608409	10057.99150569
5405	2019-07-25 08:00:00	10130.19729999	10048.11867826	10048.11867826	10054.26041701	212419.68761454	21.06478813	10084.11223049
5406	2019-07-25 10:00:00	10081.8	10040.67890667	10057.50221414	10074.0	370262.97941067	36.80155453	10061.06899937
5407	2019-07-25 12:00:00	10149.89999999	9902.68488	10074.0	9959.78274999	696170.55631743	69.63882894	9996.8733954
5408	2019-07-25 14:00:00	10009.33909214	9947.49906122	9961.29722171	9987.59999998	151871.82882246	15.2073754	9986.72189169
5409	2019-07-25 16:00:00	10055.39810867	9933.3479818	9987.6	9979.02380717	203610.14549938	20.41326008	9974.40608219
5410	2019-07-25 18:00:00	10004.99999997	9800.0	9987.90149505	9858.487908	286430.18423904	28.94022906	9897.30190611
5411	2019-07-25 20:00:00	9888.0	9785.70872	9836.26698611	9887.77259241	379511.06865437	38.55372815	9843.69312295
5412	2019-07-25 22:00:00	9961.72129895	9869.56766156	9885.72592414	9881.18122021	134931.54597214	13.629326110000001	9900.08932819
5413	2019-07-26 00:00:00	9881.18122022	9645.75396707	9881.18122022	9695.9314433	1183250.481943	121.95143513	9702.63679703
5414	2019-07-26 02:00:00	9738.00343	9649.52897999	9695.93144326	9700.19999976	522260.76048441	53.85122354	9698.21530789
5415	2019-07-26 04:00:00	9735.7	9695.98437437	9700.09999996	9729.9499	98221.01073529	10.10378102	9721.21333002
5416	2019-07-26 06:00:00	9810.0	9672.43175951	9729.3389087	9769.13504998	321221.81195707	32.96097751	9745.51837425
5417	2019-07-26 08:00:00	9796.04039993	9748.7117203	9769.13504998	9789.45533768	130680.01172902	13.37166874	9772.90226597
5418	2019-07-26 10:00:00	9810.0	9749.40000004	9790.37063184	9802.07993978	127633.85860043	13.0661523	9768.28186829
5419	2019-07-26 12:00:00	9839.29675325	9736.95490985	9802.07993978	9772.68076899	193460.23680663	19.77830757	9781.4353489
5420	2019-07-26 14:00:00	9794.50394	9701.23152657	9777.4705329	9789.13964742	115973.64576717	11.89291941	9751.4867266
5421	2019-07-26 16:00:00	9880.25333634	9744.07023513	9787.18181949	9788.4378506	199071.60580511	20.29501411	9808.89220998
5422	2019-07-26 18:00:00	9859.95862586	9782.54898	9794.07959998	9848.60000002	92427.84084683	9.40103325	9831.66832718
5423	2019-07-26 20:00:00	9854.27222	9741.60160841	9842.61	9824.68429902	177421.00410431	18.09043462	9807.44840193
5424	2019-07-26 22:00:00	9834.09055065	9775.66617721	9824.99979994	9824.55083507	49350.51060622	5.03313561	9805.12237901
5425	2019-07-27 00:00:00	10170.02519507	9814.14621187	9820.7509536	10088.00356403	1031805.3522167	102.37938829	10078.25275624
5426	2019-07-27 02:00:00	10112.1081264	10072.57282801	10086.89096709	10100.0	70822.12793939	7.02052623	10087.86601163
5427	2019-07-27 04:00:00	10107.08046407	10039.8736594	10099.93319547	10058.05794679	115477.34122921	11.46681494	10070.56814237
5428	2019-07-27 06:00:00	10078.6	10008.97882661	10055.08857999	10066.876222	416315.08599788	41.39359195	10057.47668626
5429	2019-07-27 08:00:00	10081.00000006	10046.24523363	10057.29613969	10050.0	221840.04415201	22.04564163	10062.76196788
5430	2019-07-27 10:00:00	10064.37045971	9442.54332	10050.0	9538.20005977	2029662.3895693	210.99604922	9619.43314612
5431	2019-07-27 12:00:00	9537.88999995	9400.0	9537.88999994	9452.64899859	807187.55721396	85.39512927	9452.38404244
5432	2019-07-27 14:00:00	9492.93	9324.95523	9452.40497955	9440.56892819	499648.08486616	52.982640860000004	9430.41110741
5433	2019-07-27 16:00:00	9475.4496	9401.56589762	9435.57625315	9466.71858968	179234.72549381	18.98279492	9441.95658485
5434	2019-07-27 18:00:00	9472.5140226	9373.10336551	9462.47669992	9424.2434353	258154.42558528	27.37633664	9429.8382205
5435	2019-07-27 20:00:00	9536.0	9393.50494534	9416.20544968	9534.32529989	249194.73732249	26.24708449	9494.18734173
5436	2019-07-27 22:00:00	9540.15869069	9340.51237	9534.32529988	9469.68002697	888606.78661018	94.02828431	9450.42008509
5437	2019-07-28 00:00:00	9480.23927154	9376.7058	9466.11594269	9472.92525573	258941.13743466	27.42869128	9440.52105116
5438	2019-07-28 02:00:00	9494.5	9464.66474946	9480.64	9474.78477166	102600.01649347	10.81895096	9483.36089818
5439	2019-07-28 04:00:00	9570.0	9482.01406656	9484.47513873	9516.35285305	242207.20207456	25.40959876	9532.11439355
5440	2019-07-28 06:00:00	9539.25	9485.29540623	9533.86	9504.25000001	57084.69020947	6.00064958	9513.0851166
5441	2019-07-28 08:00:00	9523.12725673	9484.19426512	9498.50217116	9484.19426513	44039.79628435	4.63523087	9501.10092021
5442	2019-07-28 10:00:00	9557.75395348	9443.24996566	9484.19426512	9547.77557	344374.65059187	36.26349196	9496.45585625
5443	2019-07-28 12:00:00	9547.77557	9492.73386977	9547.77557	9505.98842198	125126.80463174	13.15020977	9515.19457257
5444	2019-07-28 14:00:00	9546.51745507	9502.22169117	9509.64751593	9526.68864962	92793.37148641	9.74261184	9524.48614502
5445	2019-07-28 16:00:00	9600.00000001	9515.71431221	9518.67451336	9564.51727487	342219.12034471	35.78480783	9563.25158906
5446	2019-07-28 18:00:00	9577.66145823	9556.32928369	9564.51727486	9571.77654291	120923.66067667	12.63610882	9569.69130285
5447	2019-07-28 20:00:00	9575.29074746	9474.52820584	9574.5	9474.62336074	369686.57301292	38.86083041	9513.08989315
5448	2019-07-28 22:00:00	9688.01649171	9175.0	9474.3588084	9530.1431304	1881667.4485263	200.37851555	9390.5648685
5449	2019-07-29 00:00:00	9730.0	9500.82303566	9546.71204727	9689.0	670368.91066889	69.45853436	9651.35410422
5450	2019-07-29 02:00:00	9670.11860001	9608.4	9670.11860001	9624.00000007	138546.27722754	14.37900994	9635.31410059
5451	2019-07-29 04:00:00	9693.16734975	9603.23726902	9624.00000007	9611.00002401	291753.20551072	30.21537192	9655.7873351
5452	2019-07-29 06:00:00	9615.33416944	9574.38575375	9605.95845793	9615.33416944	124087.08306891	12.92946906	9597.2295918
5453	2019-07-29 08:00:00	9641.90000014	9393.78815088	9615.41819284	9487.80205705	358222.64523529	37.71107513	9499.13636777
5454	2019-07-29 10:00:00	9533.0	9470.97379884	9487.73478155	9495.25623577	108910.49025364	11.46122464	9502.51772167
5455	2019-07-29 12:00:00	9619.34559945	9482.0982039	9482.0982039	9561.95294325	483082.23889748	50.62590212	9542.19517417
5456	2019-07-29 14:00:00	9595.62655943	9514.11675704	9569.25734687	9529.96850989	152398.59467806	15.94176286	9559.70779495
5457	2019-07-29 16:00:00	9683.26510959	9420.0	9529.68650473	9486.30000096	421715.31950202	44.1851848	9544.26967796
5458	2019-07-29 18:00:00	9531.57693996	9455.40520583	9485.42384502	9496.3403295	85183.77538795	8.95942952	9507.72314217
5459	2019-07-29 20:00:00	9543.47	9493.54320447	9496.3403288	9523.07001369	332190.63666519	34.85390369	9530.94493
5460	2019-07-29 22:00:00	9538.7815753	9445.0	9520.0	9512.99197827	361136.34561679	37.98153396	9508.20854147
5461	2019-07-30 00:00:00	9533.40101839	9460.99999999	9522.55599509	9460.99999999	52232.18419564	5.49990203	9496.92992906
5462	2019-07-30 02:00:00	9481.00470902	9400.0	9461.0	9441.81186656	223169.44341074	23.66232992	9431.42303252
5463	2019-07-30 04:00:00	9460.23129108	9433.63387563	9449.0	9457.89922074	120732.7575138	12.78290547	9444.86038773
5464	2019-07-30 06:00:00	9530.0	9451.74792598	9452.90129221	9499.00534562	89222.8907871	9.39708403	9494.74225219
5465	2019-07-30 08:00:00	9508.5	9467.69319279	9502.6	9489.0205896	29277.27262488	3.08575967	9487.86547102
5466	2019-07-30 10:00:00	9572.32026319	9463.67652841	9489.02058959	9540.29999999	220494.82721877	23.15493276	9522.58551144
5467	2019-07-30 12:00:00	9604.3456	9528.04285603	9535.81272955	9551.8998387	1317663.2123161	137.53355468	9580.66717159
5468	2019-07-30 14:00:00	9704.34559942	9550.20144779	9550.20144779	9686.65215997	673094.64152378	69.66696045	9661.60482926
5469	2019-07-30 16:00:00	9709.25362324	9584.00000001	9688.78895995	9620.52998242	330961.09551522	34.34972206	9635.04435165
5470	2019-07-30 18:00:00	9650.0	9501.65087501	9618.076	9592.0	456301.61177384	47.55848804	9594.53570916
5471	2019-07-30 20:00:00	9602.84768188	9522.88775202	9594.0	9571.59431978	96800.78891678	10.11939755	9565.86480949
5472	2019-07-30 22:00:00	9627.8193362	9558.13953488	9571.59431978	9578.99996978	85691.94027378	8.93478524	9590.82260759
5473	2019-07-31 00:00:00	9709.34559945	9568.75450207	9578.74527142	9691.0	285092.66300804	29.48185423	9670.10625532
5474	2019-07-31 02:00:00	9691.0	9641.82639421	9691.0	9672.87590971	189906.36031216	19.63719863	9670.74601068
5475	2019-07-31 04:00:00	9776.52949353	9651.57371324	9674.05427814	9698.22038467	317371.84977101	32.67934339	9711.6960394
5476	2019-07-31 06:00:00	9827.0	9697.3925858	9697.3925858	9730.11192526	319506.589171	32.66027346	9782.728536
5477	2019-07-31 08:00:00	9771.44479473	9730.11192517	9738.07636753	9752.0	144537.86149368	14.82757464	9747.90989105
5478	2019-07-31 10:00:00	9790.0	9750.0	9752.00000003	9760.0	257191.83636798	26.31299504	9774.32770298
5479	2019-07-31 12:00:00	9947.86390061	9755.00000013	9755.00000013	9947.86390061	903927.51185588	91.71848134	9855.45659554
5480	2019-07-31 14:00:00	10114.10159208	9894.5	9947.86390061	10040.29123895	1850875.0320091	184.67159558	10022.52147221
5481	2019-07-31 16:00:00	10118.15033589	9941.83882	10044.88156528	10013.52000011	742942.27244396	74.31772327	9996.83843576
5482	2019-07-31 18:00:00	10015.30000004	9949.0486164	10015.00000002	9983.38488535	251583.42211096	25.19247809	9986.44997178
5483	2019-07-31 20:00:00	10047.0	9984.72569023	9986.48078377	10044.3776835	175712.69822215	17.54332027	10015.93173457
5484	2019-07-31 22:00:00	10083.39810867	9980.21017211	10044.97060399	10074.98929989	223931.95450111	22.33605271	10025.58318645
5485	2019-08-01 00:00:00	10147.37844906	9989.81521824	10074.9892999	10016.81078479	339698.36657103	33.73879589	10068.47925689
5486	2019-08-01 02:00:00	10044.65768	9974.90820431	10016.8107848	10006.4465428	183335.13717717	18.30857933	10013.61896369
5487	2019-08-01 04:00:00	10004.01144809	9851.98625729	9994.92878175	9909.20623929	438879.94676173	44.24189213	9920.00851754
5488	2019-08-01 06:00:00	9970.76426261	9885.72570501	9897.16514399	9959.99999996	154898.68563982	15.62199306	9915.4240464
5489	2019-08-01 08:00:00	9984.77118	9931.2043602	9958.58167242	9960.15419463	221037.04851479	22.17723893	9966.84254575
5490	2019-08-01 10:00:00	9967.33535613	9910.74418605	9958.45980693	9967.33535612	139481.87813288	14.03032675	9941.4561484
5491	2019-08-01 12:00:00	10055.06865054	9953.97389496	9963.38484043	10053.05763681	371580.62457114	37.07362031	10022.77688189
5492	2019-08-01 14:00:00	10050.00000001	9964.44955986	10050.0	10016.43400003	459601.43616132	45.90350816	10012.33793633
5493	2019-08-01 16:00:00	10100.0	10005.49272649	10018.81969997	10092.95535136	164902.79143765	16.40399941	10052.59676717
5494	2019-08-01 18:00:00	10300.0	10075.1724341	10092.95535126	10276.2915	602855.73070066	59.21219356	10181.27676843
5495	2019-08-01 20:00:00	10462.18460001	10285.46324515	10285.46324515	10411.84368759	994607.67832698	95.83475403	10378.36104859
5496	2019-08-01 22:00:00	10425.0182693	10362.0	10410.0	10373.0	296986.79037115	28.5513623	10401.84308022
5497	2019-08-02 00:00:00	10432.07335989	10310.99181242	10379.18290219	10370.8	377913.04358059	36.47876479	10359.80921383
5498	2019-08-02 02:00:00	10407.54387072	10339.01111093	10377.0534934	10345.70892894	95659.03471551	9.21767922	10377.77866124
5499	2019-08-02 04:00:00	10428.07139804	10322.46806135	10343.7622295	10428.07139804	300381.41304461	28.91207068	10389.48113987
5500	2019-08-02 06:00:00	10554.34559942	10426.07624762	10429.0	10515.53635275	663706.17523727	63.30517685	10484.23222653
5501	2019-08-02 08:00:00	10528.08684106	10436.18279415	10520.56921644	10441.08150333	454383.08104329	43.3537249	10480.83139548
5502	2019-08-02 10:00:00	10530.0	10441.08150332	10441.08150332	10481.42334316	155323.4980471	14.81581114	10483.63107354
5503	2019-08-02 12:00:00	10556.16876091	10481.4233429	10481.42334291	10537.00000001	548961.11623753	52.14946606	10526.68718805
5504	2019-08-02 14:00:00	10635.00000004	10518.06588212	10538.72627299	10623.25150582	814158.03276947	77.10793952	10558.67966175
5505	2019-08-02 16:00:00	10663.19007842	10359.24001	10623.25150582	10442.86105939	1436378.8391584	137.22750985	10467.13476567
5506	2019-08-02 18:00:00	10484.91609997	10417.13128239	10435.04332039	10443.82208692	183000.34555075	17.51066021	10450.79644948
5507	2019-08-02 20:00:00	10445.47080378	10353.67302	10441.07008259	10422.46627929	475112.74110048	45.71679934	10392.51977302
5508	2019-08-02 22:00:00	10539.93749013	10404.86465234	10408.09391767	10524.00598433	256370.60878759	24.43242016	10493.05009936
5509	2019-08-03 00:00:00	10670.67382	10496.06665489	10524.00598434	10643.61089999	644231.65810186	60.87685845	10582.53783957
5510	2019-08-03 02:00:00	10835.00000004	10610.13052096	10647.89869996	10790.90031918	608614.99866454	56.62639333	10747.90328103
5511	2019-08-03 04:00:00	10850.01	10710.46949	10778.79342425	10776.92969353	459364.60667156	42.62775126	10776.18671155
5512	2019-08-03 06:00:00	10838.16682687	10753.83802	10790.68929501	10825.00000004	115680.39868093	10.72060373	10790.47426752
5513	2019-08-03 08:00:00	10871.3846262	10714.55468288	10835.8568265	10762.81376786	292334.06437279	27.10405836	10785.61964743
5514	2019-08-03 10:00:00	10777.77777777	10745.0	10763.50151463	10745.06067319	125973.50996949	11.70400351	10763.28367997
5515	2019-08-03 12:00:00	10815.0	10675.0	10745.0	10792.59104995	529281.82274554	49.17759261	10762.66231539
5516	2019-08-03 14:00:00	10818.02441	10704.72995914	10792.59104995	10734.53908603	157696.13384942	14.65269646	10762.26033071
5517	2019-08-03 16:00:00	10849.7	10697.62402003	10737.67295385	10830.0	335723.4330612	31.10316693	10793.86654795
5518	2019-08-03 18:00:00	10899.0	10800.0	10827.31188145	10818.65531065	515388.90608447	47.538535949999996	10841.49723555
5519	2019-08-03 20:00:00	10876.09408444	10801.39595217	10843.1818062	10821.0241475	205195.9730803	18.92547734	10842.31427265
5520	2019-08-03 22:00:00	10843.76415572	10764.57666923	10826.20129664	10814.35497247	174874.33466338	16.18444314	10805.0881424
5521	2019-08-04 00:00:00	10891.32856821	10814.35497248	10814.35497248	10853.69359188	161897.24658155	14.90214803	10864.02082811
5522	2019-08-04 02:00:00	10846.46684515	10688.52285626	10846.46684515	10758.44755357	286432.24773002	26.67345433	10738.47594639
5523	2019-08-04 04:00:00	10757.0650894	10555.0	10757.0650894	10617.16414594	691810.97259959	65.03531852	10637.46573927
5524	2019-08-04 06:00:00	10711.98634423	10600.21230867	10605.65535161	10656.2498293	238313.36039128	22.32414789	10675.13804179
5525	2019-08-04 08:00:00	10731.9	10643.5346238	10668.22425893	10731.9	231547.35421828	21.66558671	10687.33366502
5526	2019-08-04 10:00:00	10742.57703288	10658.1	10732.9	10664.98610417	378109.07432098	35.32152314	10704.77829685
5527	2019-08-04 12:00:00	10696.10416231	10635.1	10663.70000001	10648.97580152	218345.72611125	20.48398326	10659.33921834
5528	2019-08-04 14:00:00	10957.17649958	10662.16087407	10662.24011249	10939.53073702	937413.21503935	86.26997717	10866.04222917
5529	2019-08-04 16:00:00	10988.0	10867.80930082	10938.59286434	10898.29036754	701319.62270694	64.23987851	10917.20032748
5530	2019-08-04 18:00:00	10942.79225725	10886.00140429	10898.29036758	10911.97869575	339982.13611788	31.15208342	10913.62434846
5531	2019-08-04 20:00:00	10964.10959649	10760.0	10916.57495211	10926.60000036	566890.10653944	52.05113575	10891.02280615
5532	2019-08-04 22:00:00	11024.30821454	10906.71197972	10929.41000004	10936.96759597	490403.3117178	44.70742585	10969.16904505
5533	2019-08-05 00:00:00	11450.0	10937.812	10937.812	11406.98483991	2831613.7450033	251.93315974	11239.54364691
5534	2019-08-05 02:00:00	11640.5	11358.61799	11413.1489136	11552.30215208	1378014.3179751	119.63056139	11518.91541729
5535	2019-08-05 04:00:00	11591.70042732	11520.33932	11555.31329846	11533.89999992	629577.40097177	54.49242212	11553.48535591
5536	2019-08-05 06:00:00	11844.3883804	11518.29067286	11533.28504206	11676.93947499	1546055.0859015	132.28335902	11687.44955794
5537	2019-08-05 08:00:00	11746.24287076	11659.05946828	11670.27675803	11701.99999999	1070433.8518371	91.54721936	11692.69650482
5538	2019-08-05 10:00:00	11772.28967108	11572.95831428	11702.0	11760.0	1439898.6494487	123.27110064	11680.74789608
5539	2019-08-05 12:00:00	11800.37397807	11705.30875914	11760.0	11732.93864034	657943.27867495	55.94505873	11760.52530126
5540	2019-08-05 14:00:00	11790.0	11640.0	11735.85879743	11749.10538113	796961.70827961	68.02430344	11715.83783996
5541	2019-08-05 16:00:00	11923.86475	11724.70575583	11749.17753894	11784.96945194	1538983.470576	130.0743721	11831.56563225
5542	2019-08-05 18:00:00	11861.24145729	11749.0	11784.96945194	11753.0192348	432330.34003652	36.62355206	11804.70805585
5543	2019-08-05 20:00:00	11820.0	11704.82127173	11756.43890803	11740.19422909	723744.51396377	61.6632985	11737.03858809
5544	2019-08-05 22:00:00	11850.0	11732.22131963	11753.0	11816.22202379	461712.22948379	39.14242272	11795.69881983
5545	2019-08-06 00:00:00	11833.34774165	11621.00000001	11820.62791282	11685.35995927	794890.48407993	67.90142077	11706.53684511
5546	2019-08-06 02:00:00	11716.43880781	11585.00000004	11686.25896991	11679.37312007	502345.40841315	43.10185177	11654.84515824
5547	2019-08-06 04:00:00	11808.51296749	11646.03778003	11699.8999995	11808.51296749	178726.0302005	15.23719518	11729.58855545
5548	2019-08-06 06:00:00	12300.05713911	11816.06203235	11816.06203235	12169.72481346	1902681.3320765	157.53810169	12077.59463688
5549	2019-08-06 08:00:00	12253.86117251	12176.43595429	12180.38230369	12222.86951414	921616.58559122	75.41224399	12221.04709831
5550	2019-08-06 10:00:00	12300.0	11616.34096	12230.0	11781.58107894	2694426.4429902	226.8236027	11878.95091567
5551	2019-08-06 12:00:00	11788.71659041	11570.41786554	11788.71659041	11788.02120539	808232.32994775	69.15192284	11687.77810875
5552	2019-08-06 14:00:00	11799.99999994	11691.66077131	11791.27845884	11712.50105939	341561.14283982	29.10669392	11734.79694322
5553	2019-08-06 16:00:00	11820.504	11689.48521653	11712.60880657	11700.16665258	537650.51083626	45.76564155	11747.90722094
5554	2019-08-06 18:00:00	11749.2	11638.05227054	11700.07000009	11698.93186001	452957.97992851	38.705924	11702.54919966
5555	2019-08-06 20:00:00	11735.00000003	11321.64495859	11700.99999998	11387.99	1294774.8896485	112.73808819	11484.80438542
5556	2019-08-06 22:00:00	11500.0	11234.00000015	11387.99	11490.3412909	843364.51937374	74.33409321	11345.59504198
5557	2019-08-07 00:00:00	11570.0	11405.95835199	11479.51093826	11524.71626617	539110.21760299	46.9213362	11489.6603819
5558	2019-08-07 02:00:00	11676.94206062	11530.78483442	11530.78483442	11632.82415324	399890.0799348	34.39666112	11625.84003545
5559	2019-08-07 04:00:00	11734.18666998	11582.73159373	11640.52652687	11605.53745277	479181.2810503	41.10752428	11656.77791215
5560	2019-08-07 06:00:00	11670.91525735	11527.08552527	11610.04553999	11545.31908756	332374.48220642	28.67071484	11592.82159727
5561	2019-08-07 08:00:00	11656.823264	11472.32166255	11541.39072404	11639.6981236	229869.45779165	19.9260461	11536.12997972
5562	2019-08-07 10:00:00	11749.34559944	11587.50019866	11639.6981236	11739.07562581	547464.39348821	46.93450178	11664.43389671
5563	2019-08-07 12:00:00	12135.00000001	11710.00000003	11749.34559945	12025.98132451	2261093.1343398	188.57177249	11990.62354075
5564	2019-08-07 14:00:00	12096.45290755	11621.51501999	12026.34331	11666.1955643	2658381.2568311	224.24054309	11855.04289366
5565	2019-08-07 16:00:00	11789.0	11517.85714285	11661.96978435	11789.0	559027.7792552	48.0337602	11638.2264667
5566	2019-08-07 18:00:00	11812.6076958	11675.0	11789.0	11792.42523009	445257.6620442	37.89303341	11750.38317008
5567	2019-08-07 20:00:00	12066.2	11612.53354947	11797.70132	11943.31554731	1372990.4627457	115.52105866	11885.19633278
5568	2019-08-07 22:00:00	12050.0	11847.7108404	11927.49321445	11954.01386547	1208330.7128035	100.88955404	11976.76731056
5569	2019-08-08 00:00:00	12009.74905607	11863.77	11997.09107499	11888.5	294357.85783907	24.66375289	11934.83648461
5570	2019-08-08 02:00:00	11990.0	11899.96638424	11904.44640563	11941.00479997	184140.46300063	15.40123303	11956.2156252
5571	2019-08-08 04:00:00	11954.55675797	11888.72049999	11950.0	11910.0	195058.84420341	16.36880891	11916.4958963
5572	2019-08-08 06:00:00	11924.99999997	11773.54334716	11924.99999997	11912.10031939	314931.34217626	26.59200495	11843.08376778
5573	2019-08-08 08:00:00	11975.09331078	11841.525	11918.3838	11865.2983296	283288.57948016	23.79782327	11903.97021887
5574	2019-08-08 10:00:00	11912.76154	11794.93491537	11869.13025999	11839.05954302	264801.55263536	22.33913677	11853.70568978
5575	2019-08-08 12:00:00	11913.06479999	11686.20609	11829.3902439	11700.0	781821.62762335	66.16960129	11815.41995692
5576	2019-08-08 14:00:00	11767.78534645	11639.1	11683.54847037	11700.0	619098.20463973	52.84574273	11715.1954473
5577	2019-08-08 16:00:00	11787.51402254	11532.28094249	11697.33553861	11587.81517001	782515.47840869	67.21759323	11641.52777281
5578	2019-08-08 18:00:00	11678.57142857	11550.0	11587.81517	11610.8891283	386691.98053819	33.2884962	11616.38477794
5579	2019-08-08 20:00:00	11781.64495857	11551.30458214	11610.8891283	11750.88229393	402428.90597504	34.45411086	11680.14196071
5580	2019-08-08 22:00:00	12079.60499462	11755.73005231	11755.73005231	11985.12904302	1117081.8583654	93.52612722	11944.06195968
5581	2019-08-09 00:00:00	12040.000001	11887.10081825	11999.0	11904.49999982	863793.93052232	72.22806339	11959.25641614
5582	2019-08-09 02:00:00	11946.42857141	11855.0314423	11900.92735033	11866.06906793	140241.54786373	11.81147811	11873.32750039
5583	2019-08-09 04:00:00	11919.45609747	11839.28571428	11866.06906793	11858.61950074	147845.43908996	12.45314374	11872.1378454
5584	2019-08-09 06:00:00	11894.44627	11816.04729182	11865.4292456	11885.86329987	171124.26907796	14.42724048	11861.19198021
5585	2019-08-09 08:00:00	11961.24015814	11701.50699	11884.96329975	11781.49039141	1215272.5596841	102.64415883	11839.66602227
5586	2019-08-09 10:00:00	11814.28610728	11689.48521651	11775.57600004	11700.00000002	826421.10160123	70.49687244	11722.80518266
5587	2019-08-09 12:00:00	11887.99999999	11697.4630411	11710.91194	11827.58004169	443993.85899251	37.56867614	11818.19283005
5588	2019-08-09 14:00:00	11837.19930999	11700.3395936	11832.79446488	11733.38957326	496880.03861635	42.27297696	11754.0820247
5589	2019-08-09 16:00:00	11865.0	11706.10321988	11739.22809101	11790.86197847	229158.73354688	19.43252594	11792.53455029
5590	2019-08-09 18:00:00	11900.0	11810.5682	11812.5636867	11829.45847597	296929.19957738	25.05484123	11851.17067203
5591	2019-08-09 20:00:00	11929.0	11832.96717954	11832.96717954	11928.52393201	177169.18770091	14.91898148	11875.42111627
5592	2019-08-09 22:00:00	11964.34559944	11849.21140235	11928.52393202	11872.04837057	290022.35367588	24.38616191	11892.90691771
5593	2019-08-10 00:00:00	11980.00000001	11873.84194361	11887.5954169	11903.07657199	556546.58243785	46.64950306	11930.38609054
5594	2019-08-10 02:00:00	11912.44561325	11766.64256398	11903.07657199	11819.1287554	260620.04942722	22.05811549	11815.15481435
5595	2019-08-10 04:00:00	11897.57592998	11798.35789018	11829.29024388	11829.59024391	66016.28097115	5.57659342	11838.10186598
5596	2019-08-10 06:00:00	11872.31000005	11811.40000003	11852.89999999	11833.39675098	63417.0490494	5.3589508200000004	11833.85539063
5597	2019-08-10 08:00:00	11884.0	11835.25714354	11835.25714354	11884.0	167391.58336217	14.11521043	11858.95061163
5598	2019-08-10 10:00:00	11889.91069092	11335.18129609	11884.66128001	11399.29999999	1890137.2016487	164.33741841	11501.56318589
5599	2019-08-10 12:00:00	11505.61546293	11316.69156992	11399.29999996	11465.27342979	1132525.0228981	99.18933102	11417.81087998
5600	2019-08-10 14:00:00	11467.70513996	11376.79589606	11467.70513996	11429.53190996	432658.3866563	37.90043122	11415.65868063
5601	2019-08-10 16:00:00	11430.19300998	11270.0	11429.72190995	11374.77178013	1063773.4652135	93.97529279	11319.71429544
5602	2019-08-10 18:00:00	11396.31384471	11273.94711	11387.41509418	11330.52735597	285359.35966258	25.14286316	11349.51727043
5603	2019-08-10 20:00:00	11395.00112826	11279.35775447	11331.40225333	11323.6207152	326687.01374983	28.81672034	11336.71736045
5604	2019-08-10 22:00:00	11365.00000001	11265.61815159	11323.62071518	11318.0	234990.57586947	20.77222418	11312.73058836
5605	2019-08-11 00:00:00	11458.82381792	11301.83920025	11321.12168998	11376.68095364	291714.42712898	25.55132329	11416.80310714
5606	2019-08-11 02:00:00	11409.0	11365.32566983	11365.32566983	11401.62780183	84467.91981549	7.41285082	11394.79558763
5607	2019-08-11 04:00:00	11426.4394699	11359.06432	11399.70002924	11378.09999962	148617.55663872	13.06202847	11377.83132076
5608	2019-08-11 06:00:00	11398.56260356	11323.28228001	11378.29999965	11376.39999998	183103.14603014	16.12080594	11358.18809007
5609	2019-08-11 08:00:00	11402.82738742	11124.5	11370.67354267	11363.30448987	1601647.1958765	142.78022798	11217.56995724
5610	2019-08-11 10:00:00	11480.0	11345.99212	11363.40448987	11480.0	526627.51958844	46.19579494	11399.90166361
5611	2019-08-11 12:00:00	11473.28742341	11377.78777779	11463.08716723	11383.26184	291891.82220073	25.56817587	11416.21614638
5612	2019-08-11 14:00:00	11428.10973998	11357.82843085	11404.39999986	11368.40525003	184644.61687729	16.21275678	11388.84764527
5613	2019-08-11 16:00:00	11441.11881049	11375.87583421	11385.39702058	11375.87583421	151762.92470821	13.29637054	11413.86096692
5614	2019-08-11 18:00:00	11419.75439988	11372.4208016	11375.8758342	11378.24000044	193685.32464765	16.99026974	11399.77926257
5615	2019-08-11 20:00:00	11560.0	11302.24912206	11389.99999674	11530.1199999	725275.2217756	63.2748986	11462.2897519
5616	2019-08-11 22:00:00	11603.20956648	11492.07706391	11509.9490659	11539.26500184	470881.50585482	40.80628662	11539.43533847
5617	2019-08-12 00:00:00	11568.03446366	11461.64495858	11541.89093999	11493.22592856	255582.88387482	22.1893991	11518.2426853
5618	2019-08-12 02:00:00	11496.90990641	11409.99388004	11496.90990641	11449.2725	115811.21295139	10.11426987	11450.27910466
5619	2019-08-12 04:00:00	11471.56431106	11383.55151671	11447.36987412	11383.55151671	115121.66185144	10.0825053	11417.96194755
5620	2019-08-12 06:00:00	11430.401761	11348.72172241	11387.29230926	11415.4608112	272365.16062418	23.94297622	11375.57662512
5621	2019-08-12 08:00:00	11402.70843464	11314.69196	11402.70843464	11365.0	146684.06382865	12.90985087	11362.18112089
5622	2019-08-12 10:00:00	11396.2999998	11315.0	11365.0	11336.82679915	164542.40806284	14.48796041	11357.18233667
5623	2019-08-12 12:00:00	11426.27100912	11250.0	11335.02679895	11384.0	308622.80675706	27.23706003	11330.98823504
5624	2019-08-12 14:00:00	11406.56961126	11355.45600001	11371.89277507	11401.56442139	86777.6112838	7.61721137	11392.30711459
5625	2019-08-12 16:00:00	11435.3411486	11385.11200002	11401.56442139	11413.27391723	176224.03714561	15.44165174	11412.25304862
5626	2019-08-12 18:00:00	11445.82111157	11394.73107199	11412.3526394	11430.74954504	82470.30347896	7.22464531	11415.13526827
5627	2019-08-12 20:00:00	11480.0	11396.80000002	11443.90000001	11396.80000002	337011.55858035	29.4250284	11453.2279799
5628	2019-08-12 22:00:00	11435.80730357	11384.3784841	11401.48999996	11387.0733912	60229.40548145	5.2832332	11400.10353535
5629	2019-08-13 00:00:00	11451.521168	11365.43046568	11391.387599	11418.86849974	125042.01753225	10.9675649	11401.07386392
5630	2019-08-13 02:00:00	11424.93295767	11370.33033902	11410.94896491	11392.85714285	48224.32603721	4.23501079	11387.06096123
5631	2019-08-13 04:00:00	11392.85714285	11339.34711699	11392.85714285	11391.62431	134209.37147611	11.80825701	11365.72242308
5632	2019-08-13 06:00:00	11391.62431001	11310.0	11391.62431001	11359.49982013	266928.49304244	23.52874698	11344.78148238
5633	2019-08-13 08:00:00	11358.84720188	11270.0	11358.84720188	11313.8	359754.94087261	31.79379385	11315.25676268
5634	2019-08-13 10:00:00	11313.0069	11222.0	11312.90689	11285.7654303	571371.76072835	50.71143926	11267.11781534
5635	2019-08-13 12:00:00	11299.80186288	11165.0	11285.76543029	11167.02882054	552413.32008487	49.19273256	11229.57175454
5636	2019-08-13 14:00:00	11165.00000001	10933.99226285	11165.0	10963.07999994	1321366.8676574	119.95986425	11015.07471618
5637	2019-08-13 16:00:00	10994.29999997	10790.00000001	10964.0	10900.00704031	726076.74615635	66.70027702	10885.66312758
5638	2019-08-13 18:00:00	10961.36883	10881.11000005	10902.51704059	10926.10480098	397127.35376068	36.31609961	10935.29751337
5639	2019-08-13 20:00:00	10981.96130999	10866.98939	10943.99999999	10913.28361283	205043.48654341	18.78817605	10913.43225642
5640	2019-08-13 22:00:00	10950.0	10865.1	10913.5636137	10885.79242875	176288.95080481	16.15478581	10912.49075525
5641	2019-08-14 00:00:00	10896.03140608	10574.42114803	10896.03140608	10613.05724546	835676.71705745	78.12829851	10696.2103744
5642	2019-08-14 02:00:00	10698.55791096	10539.93749012	10604.35813029	10658.04865138	566990.51763796	53.24643031	10648.4230837
5643	2019-08-14 04:00:00	10662.9538473	10555.0	10656.69958159	10629.00370484	276998.71433868	26.10410455	10611.30880042
5644	2019-08-14 06:00:00	10677.69603	10600.0	10630.58	10613.2300003	223747.96950491	21.03306491	10637.9156087
5645	2019-08-14 08:00:00	10625.62483926	10401.06304	10617.14	10517.80000002	707054.56296984	67.33386777	10500.72699499
5646	2019-08-14 10:00:00	10599.0	10486.02682411	10528.47616423	10568.0	443407.28457412	42.04966579	10544.84681967
5647	2019-08-14 12:00:00	10678.6317728	10558.73750885	10559.2375089	10597.46821118	465511.02303588	43.77481452	10634.220342
5648	2019-08-14 14:00:00	10595.67432847	10470.0	10595.67432847	10514.68085236	541939.18249464	51.56774255	10509.26714445
5649	2019-08-14 16:00:00	10617.66159332	10100.87523446	10514.68085236	10237.32076227	2137017.4366495	207.54251658	10296.76941315
5650	2019-08-14 18:00:00	10267.47942547	10126.45335138	10237.32076227	10147.99999999	506533.09656838	49.63718868	10204.70961467
5651	2019-08-14 20:00:00	10275.40790997	10130.00226807	10143.89835236	10214.2	274828.53924428	26.94584546	10199.29174804
5652	2019-08-14 22:00:00	10264.99263255	9953.0	10217.29999984	10052.17796145	1718167.6955453	170.46084457	10079.54465953
5653	2019-08-15 00:00:00	10227.10586227	10044.64447809	10054.59980013	10085.87456512	934655.43230322	92.23190417	10133.75404871
5654	2019-08-15 02:00:00	10096.723513	9830.315	10096.723513	9850.54329303	453042.87651717	45.3747379	9984.47368479
5655	2019-08-15 04:00:00	9895.1548367	9665.37194962	9849.70477002	9737.57483129	1414002.6683623	144.60075281	9778.66740583
5656	2019-08-15 06:00:00	9912.4894776	9523.4400982	9725.99008379	9865.98597614	1909908.2133846	197.02886311	9693.54531735
5657	2019-08-15 08:00:00	10029.07453886	9814.61331721	9865.98597615	9979.4864197	1493275.9520551	150.26439368	9937.65665627
5658	2019-08-15 10:00:00	10204.0398073	9962.14785985	9979.4864197	10158.62739455	1344860.5299105	132.98789175	10112.65395829
5659	2019-08-15 12:00:00	10171.47202213	9921.64495858	10171.47202213	10013.30199431	1206006.857561	120.28748186	10026.03794603
5660	2019-08-15 14:00:00	10110.41000002	9972.2231735	10013.30199432	10091.40000007	489846.762005	48.80535978	10036.74113279
5661	2019-08-15 16:00:00	10168.59999994	9981.65295085	10100.0	10016.32372851	607661.87484954	60.34976492	10069.00152229
5662	2019-08-15 18:00:00	10135.61778523	10019.92892017	10019.92892017	10112.0	246638.47873945	24.45313936	10086.16828736
5663	2019-08-15 20:00:00	10411.7344357	10097.49766243	10115.72407585	10338.6604382	1481447.0605319	143.42696968	10328.92951609
5664	2019-08-15 22:00:00	10445.99999999	10257.83170231	10337.97266205	10311.39375692	890918.48619166	85.96145272	10364.16274971
5665	2019-08-16 00:00:00	10392.1030944	10251.76452877	10305.65100999	10350.00000001	684500.66936555	66.19041295	10341.38689968
5666	2019-08-16 02:00:00	10412.698922	10280.12891279	10362.15411947	10323.96111011	224795.02955832	21.76723646	10327.21953342
5667	2019-08-16 04:00:00	10325.89523383	9750.0	10325.89523383	9910.77882784	2229974.0036018	220.98265414	10091.17214326
5668	2019-08-16 06:00:00	10026.69451544	9854.047955	9907.32260869	9943.73876998	465494.18790583	46.90433248	9924.33242929
5669	2019-08-16 08:00:00	10141.26729609	9883.55074	9932.31736936	10086.57130774	393495.24679929	39.23224252	10029.89432986
5670	2019-08-16 10:00:00	10215.06758663	9813.80371309	10074.81232916	10149.99999995	966565.71465579	96.66312803	9999.32170988
5671	2019-08-16 12:00:00	10199.92139479	10063.98897446	10142.83187368	10119.93407581	406398.27727745	40.04864372	10147.61648656
5672	2019-08-16 14:00:00	10448.0	10013.57228263	10103.18172542	10375.0	1246800.112819	121.52759269	10259.39941062
5673	2019-08-16 16:00:00	10520.0	10312.01619986	10375.0	10374.91419697	1060012.3835597	101.84806058	10407.78172429
5674	2019-08-16 18:00:00	10481.1450704	10380.0	10380.0	10436.14507056	1377190.4744623	132.24683497	10413.78778384
5675	2019-08-16 20:00:00	10499.85320999	10359.0	10459.6440122	10408.1568597	383752.18675983	36.80047855	10427.91294788
5676	2019-08-16 22:00:00	10460.0	10267.45935659	10416.23125517	10349.64220512	485595.88539915	47.06824921	10316.84614468
5677	2019-08-17 00:00:00	10381.51930891	10206.3532838	10346.04220416	10381.51930891	248775.09948788	24.23160091	10266.55648596
5678	2019-08-17 02:00:00	10427.04068	10296.78649638	10366.35844489	10296.78649638	246480.33483005	23.82723555	10344.4788764
5679	2019-08-17 04:00:00	10380.6878054	10267.09783998	10296.25593922	10377.94999993	100011.73217563	9.68129073	10330.41305801
5680	2019-08-17 06:00:00	10386.4079022	10320.61039138	10377.87999959	10368.73999944	182812.64963453	17.65704099	10353.52694361
5681	2019-08-17 08:00:00	10459.70000002	10317.63642169	10362.65839945	10438.1450704	377681.869411	36.34894071	10390.4505065
5682	2019-08-17 10:00:00	10438.2450704	10317.11934624	10438.1450704	10332.29817617	239139.43740244	23.00628732	10394.52537804
5683	2019-08-17 12:00:00	10365.0	10284.40999984	10328.67605253	10346.31788211	195050.02359041	18.89967926	10320.28220728
5684	2019-08-17 14:00:00	10348.70000001	10252.41192816	10348.70000001	10311.70611478	105245.91189035	10.20723831	10310.90964019
5685	2019-08-17 16:00:00	10345.62109138	10050.0	10311.86196751	10073.88880003	786115.36163606	77.1359581	10191.29574584
5686	2019-08-17 18:00:00	10226.53	10001.00000001	10069.44448002	10173.0	351036.88216307	34.64088977	10133.59889118
5687	2019-08-17 20:00:00	10177.33419441	10060.7348176	10158.24192273	10147.76610083	280776.36264045	27.76216324	10113.63416507
5688	2019-08-17 22:00:00	10244.64910708	10131.39977289	10135.48864678	10214.13066121	104857.78296205	10.2854576	10194.76109279
5689	2019-08-18 00:00:00	10258.34206579	10164.43749281	10214.02298649	10191.16863011	32954.12809421	3.22489901	10218.65428716
5690	2019-08-18 02:00:00	10205.49997066	10109.0303273	10186.0	10113.86607691	49430.31055675	4.87734506	10134.67571981
5691	2019-08-18 04:00:00	10142.9875661	10082.94992633	10122.86791963	10136.77690074	33717.35852086	3.33703437	10103.98898614
5692	2019-08-18 06:00:00	10196.39251287	10124.0	10139.79496161	10139.10660077	145067.97852643	14.27923379	10159.36713831
5693	2019-08-18 08:00:00	10227.0161205	10097.497662	10146.9799999	10190.99257698	284860.57945369	28.06082692	10151.53902149
5694	2019-08-18 10:00:00	10429.97602162	10170.53455902	10192.80250885	10390.95	636724.66370957	61.53918454	10346.65422476
5695	2019-08-18 12:00:00	10435.53650507	10368.09555561	10387.03374003	10378.2752897	29163.15255165	2.80403169	10400.43614901
5696	2019-08-18 14:00:00	10449.0	10373.0	10380.01575139	10387.56845547	268684.22384397	25.81224956	10409.17503991
5697	2019-08-18 16:00:00	10457.67618276	10340.41817998	10391.31343984	10370.02078356	1364232.1198189	130.8867776	10422.99416972
5698	2019-08-18 18:00:00	10409.58385996	10351.34559898	10371.45823099	10366.26601916	190019.8306593	18.31035105	10377.72733796
5699	2019-08-18 20:00:00	10396.67863393	10315.5535625	10353.76112352	10396.67863393	179813.63853669	17.36707386	10353.70955327
5700	2019-08-18 22:00:00	10429.0	10286.05600001	10397.05197449	10314.99999992	338282.00592723	32.67987216	10351.3870639
5701	2019-08-19 00:00:00	10357.55479619	10260.95659381	10302.23008702	10338.67560361	190028.90725918	18.43229504	10309.5630168
5702	2019-08-19 02:00:00	10423.82009439	10338.6756036	10338.6756036	10411.24999928	123703.57764047	11.90189656	10393.60214709
5703	2019-08-19 04:00:00	10417.13944637	10346.07890537	10409.0	10362.60296278	132171.27645244	12.74132141	10373.43554874
5704	2019-08-19 06:00:00	10730.86729433	10357.71775382	10357.71775382	10705.59999999	1474196.3295858	139.06594235	10600.69996056
5705	2019-08-19 08:00:00	10736.68729	10650.0	10711.0	10650.24317148	631965.97713833	59.13444244	10686.93558376
5706	2019-08-19 10:00:00	10778.98	10650.26158587	10650.26158587	10665.05254728	509215.66298238	47.4702128	10727.05667294
5707	2019-08-19 12:00:00	10706.9	10622.690196	10667.66935911	10706.87866262	367882.9041676	34.48658878	10667.41934131
5708	2019-08-19 14:00:00	10739.99999999	10672.51314297	10706.87866261	10707.57667912	395934.42223347	36.97788123	10707.33122243
5709	2019-08-19 16:00:00	10740.0	10626.25195116	10706.40952764	10712.2808688	479570.25743953	44.94959756	10669.06676526
5710	2019-08-19 18:00:00	10796.24325	10660.96717281	10704.95132793	10676.4	848361.42460517	78.95214976	10745.26060638
5711	2019-08-19 20:00:00	10714.29397626	10630.0	10684.7527698	10712.70176557	168329.11100763	15.77164289	10672.8964244
5712	2019-08-19 22:00:00	10929.8	10700.37667001	10710.17219951	10915.76304202	1030271.8651704	95.31479537	10809.14942083
5713	2019-08-20 00:00:00	10942.17	10852.71272998	10914.69999999	10887.82504985	1182019.8897338	108.476482	10896.55442304
5714	2019-08-20 02:00:00	10889.62505171	10781.85529097	10887.72504893	10785.5	344064.38354178	31.77577522	10827.88322738
5715	2019-08-20 04:00:00	10820.42857142	10773.78994649	10782.89440006	10778.0	105636.99845702	9.78262649	10798.42908906
5716	2019-08-20 06:00:00	10818.54482367	10730.21474665	10773.51558088	10809.49999994	235077.11699577	21.80843335	10779.18405339
5717	2019-08-20 08:00:00	10811.0	10519.8244101	10810.30000003	10702.31739395	1978028.9488788	185.56418236	10659.54067063
5718	2019-08-20 10:00:00	10702.30739383	10621.53293	10700.01099999	10693.23671649	293332.57214765	27.52600688	10656.56102704
5719	2019-08-20 12:00:00	10702.31739396	10641.21540754	10697.56335308	10665.19999997	238027.1516604	22.31341822	10667.44455347
5720	2019-08-20 14:00:00	10737.67433622	10573.81439996	10651.0	10737.67433622	526627.41689512	49.50951345	10636.89340084
5721	2019-08-20 16:00:00	10794.99999999	10714.82001003	10737.06475395	10749.8	204830.50671731	19.04279583	10756.32530779
5722	2019-08-20 18:00:00	10753.8898999	10712.18045843	10749.8	10738.62596555	77408.30140735	7.20571893	10742.62015481
5723	2019-08-20 20:00:00	10820.0	10655.98717723	10729.90123807	10795.51843798	421105.26824091	39.23579253	10732.68159216
5724	2019-08-20 22:00:00	10835.22577752	10734.4999999	10795.51843798	10747.1349111	323050.42654053	29.9324353	10792.65429968
5725	2019-08-21 00:00:00	10799.53171858	10650.0	10763.86594711	10686.25999998	196612.9093557	18.37772712	10698.43447298
5726	2019-08-21 02:00:00	10701.25979985	10236.86319239	10677.63475457	10317.78609884	2124205.1274743	203.63472244	10431.44853697
5727	2019-08-21 04:00:00	10328.60536462	10175.42152152	10323.19616996	10247.74648522	1306393.9870555	127.6610232	10233.30343364
5728	2019-08-21 06:00:00	10286.91954236	10126.0	10245.49999997	10142.61	1127660.2281505	111.0578392	10153.81026925
5729	2019-08-21 08:00:00	10256.40882183	10139.50384199	10139.50384199	10228.36099401	274040.18609585	26.90581005	10185.16764916
5730	2019-08-21 10:00:00	10228.36099401	10100.0	10228.36099401	10183.99999992	600130.31563415	59.1131936	10152.22286407
5731	2019-08-21 12:00:00	10183.99999997	9932.02044565	10183.99999997	9969.02668685	3206354.5031442	320.68703414	9998.39145895
5732	2019-08-21 14:00:00	10112.64958873	9961.07524326	9961.07524326	9990.0	1712363.0408799	170.0231281	10071.35358592
5733	2019-08-21 16:00:00	10175.0	9886.05320926	9990.0	10113.90347702	966536.83001553	96.37208638	10029.21972867
5734	2019-08-21 18:00:00	10132.40265012	10066.2652136	10110.31046173	10107.41479512	211060.7093068	20.905121	10096.12473933
5735	2019-08-21 20:00:00	10189.3526621	10059.71709492	10117.65213464	10059.71709492	344339.89575157	33.92513269	10149.99407365
5736	2019-08-21 22:00:00	10135.80999999	9988.34673	10058.71521934	10134.36772855	335791.99726197	33.40906308	10050.92529706
5737	2019-08-22 00:00:00	10160.99999995	9781.23688	10134.52	9822.3588607	605746.57356595	61.13355262	9908.57798386
5738	2019-08-22 02:00:00	9950.72862999	9775.0	9808.53148004	9877.79654298	998497.80777205	101.29009732	9857.80282763
5739	2019-08-22 04:00:00	10029.59444473	9873.01735539	9873.22409281	9979.40388827	358820.97971276	36.01887338	9962.02673879
5740	2019-08-22 06:00:00	10043.30168	9896.27422061	9977.13273012	9977.66528135	499345.51144668	50.06925825	9973.09584562
5741	2019-08-22 08:00:00	9992.4728705	9909.18999967	9966.18999968	9989.7468666	247590.52158182	24.83621292	9968.9321548
5742	2019-08-22 10:00:00	10062.0	9891.26302723	9989.74686662	9969.6194707	429220.21295094	42.99922027	9982.04642446
5743	2019-08-22 12:00:00	10150.00001	9955.0	9972.18075799	10122.00000002	841114.19211512	83.32993593	10093.78181715
5744	2019-08-22 14:00:00	10174.83368717	10061.90224705	10126.85305	10102.12421484	308327.46418834	30.45408072	10124.33988808
5745	2019-08-22 16:00:00	10174.66924738	10067.26188274	10110.94999992	10155.71106399	214573.60343773	21.20994175	10116.65217976
5746	2019-08-22 18:00:00	10229.23754879	10154.39176999	10154.39176999	10170.88567867	1104339.2474135	108.32490086	10194.69428216
5747	2019-08-22 20:00:00	10203.66	10100.09296217	10168.10000001	10127.03122067	123732.31794444	12.19459971	10146.48458226
5748	2019-08-22 22:00:00	10191.0496613	10098.47782225	10137.92359185	10103.61402433	277573.03132971	27.33962976	10152.77213943
5749	2019-08-23 00:00:00	10124.04247068	10029.59444478	10101.00000001	10070.63	662748.95554084	65.75005955	10079.8228941
5750	2019-08-23 02:00:00	10150.0	10057.7285301	10067.98870004	10142.86691229	63911.61195043	6.33560335	10087.69148252
5751	2019-08-23 04:00:00	10181.18461607	10117.22862337	10143.0	10133.35856264	104239.1082098	10.28024079	10139.753566
5752	2019-08-23 06:00:00	10219.35160678	10097.95918367	10132.0	10200.0	95482.83085848	9.37354718	10186.41385432
5753	2019-08-23 08:00:00	10203.21795775	10110.0	10203.21795775	10114.944	262391.04605799	25.81736444	10163.35523588
5754	2019-08-23 10:00:00	10140.83359978	10067.87234691	10114.35532	10116.13291026	315498.50414427	31.2090098	10109.21224883
5755	2019-08-23 12:00:00	10400.0	10099.38615572	10108.54662824	10339.55076172	789664.3359467	76.72691665	10291.88152508
5756	2019-08-23 14:00:00	10420.50844618	10340.7	10340.7	10386.75208	1490948.1755828	143.64371701	10379.48757256
5757	2019-08-23 16:00:00	10405.20151499	10360.95400008	10386.75207001	10394.29999987	178697.11577571	17.21170579	10382.3013219
5758	2019-08-23 18:00:00	10441.70679653	10365.0	10389.01558581	10390.0451	143787.44082469	13.837748359999999	10390.95646805
5759	2019-08-23 20:00:00	10421.53558199	10260.55556428	10399.79999995	10388.03312056	565467.13536602	54.67242711	10342.82114873
5760	2019-08-23 22:00:00	10435.16602455	10348.07209007	10388.0331206	10383.75091678	441009.15329712	42.5408568	10366.72005386
5761	2019-08-24 00:00:00	10400.0	10359.2971869	10389.9	10369.00000001	142714.62610368	13.74526951	10382.81759407
5762	2019-08-24 02:00:00	10369.00000022	10280.82891289	10369.0	10320.59999996	78600.51483824	7.61751678	10318.39077067
5763	2019-08-24 04:00:00	10358.09588433	10314.00000009	10341.28767687	10322.16577546	42946.15484028	4.15504901	10335.89609579
5764	2019-08-24 06:00:00	10331.75542329	10245.0	10320.00000051	10295.49999988	266122.85799972	25.86401504	10289.30959049
5765	2019-08-24 08:00:00	10295.0	9895.15483671	10295.0	9989.99264	2892484.4571452	288.58816108	10022.87982403
5766	2019-08-24 10:00:00	10044.0	9964.96562639	9985.07468059	10004.50000007	333716.34197188	33.38051147	9997.34058214
5767	2019-08-24 12:00:00	10022.15402	9945.2412	10004.07299434	9997.51044849	197004.622888	19.71742503	9991.39708092
5768	2019-08-24 14:00:00	10003.80000028	9948.24898	9996.48357267	9993.77191363	1171130.6299278	117.50601312	9966.55914733
5769	2019-08-24 16:00:00	10080.95830584	9952.20622259	9993.77191363	10043.43904538	166242.20561176	16.5333668	10054.95176044
5770	2019-08-24 18:00:00	10130.00000001	10040.73802255	10040.73802255	10100.0	102549.06400071	10.16477308	10088.67224025
5771	2019-08-24 20:00:00	10151.0	10043.70864903	10108.10101037	10055.0	103906.42003035	10.29902164	10088.96025878
5772	2019-08-24 22:00:00	10196.29251289	9969.55994323	10049.74201574	10120.02	397562.62301964	39.32461601	10109.76490955
5773	2019-08-25 00:00:00	10150.89704307	10032.0	10137.71826091	10069.22431003	309081.99832074	30.50391556	10132.53520561
5774	2019-08-25 02:00:00	10150.89704307	10061.92713418	10080.0	10105.25	109564.40517635	10.84124292	10106.25866285
5775	2019-08-25 04:00:00	10122.63217498	10015.0	10106.9731176	10055.1779684	65247.40441976	6.48336769	10063.81367516
5776	2019-08-25 06:00:00	10122.34	10027.25919222	10060.70876503	10088.04544881	41102.96383168	4.07311218	10091.29187099
5777	2019-08-25 08:00:00	10130.0	10052.9957856	10100.55804674	10125.01063242	91901.36729182	9.1187919	10078.2393435
5778	2019-08-25 10:00:00	10150.89704307	10089.93021474	10129.69945701	10106.77616812	149591.32951052	14.76941387	10128.45403529
5779	2019-08-25 12:00:00	10280.20202161	10090.33021478	10096.56836779	10224.10502686	2076071.0772828	203.39434578	10207.12286431
5780	2019-08-25 14:00:00	10224.10501003	9955.43841006	10224.10501003	10068.30999981	1012347.8953826	100.62203835	10060.89632035
5781	2019-08-25 16:00:00	10122.29999998	10035.85509774	10067.18548644	10081.48300839	292559.16725635	29.01526477	10082.93977585
5782	2019-08-25 18:00:00	10138.12969685	9970.20408163	10077.58300785	10075.38505726	1452999.4652168	144.69664799	10041.69402263
5783	2019-08-25 20:00:00	10086.55317367	9915.69389319	10076.30695996	10012.10112524	1192612.1996095	119.31600646	9995.40828588
5784	2019-08-25 22:00:00	10157.0	9980.0	9995.14216871	10136.97951002	206246.63335016	20.48253929	10069.38790303
5785	2019-08-26 00:00:00	10600.0	10136.97951002	10136.97951002	10416.6440122	5219068.3472174	502.40396661	10388.19096599
5786	2019-08-26 02:00:00	10452.85468567	10217.92206781	10416.6440122	10283.86999998	904203.62165648	87.2763537	10360.2360012
5787	2019-08-26 04:00:00	10350.43305957	10266.79477947	10288.53953457	10342.67605253	299373.2714011	29.04040807	10308.85208911
5788	2019-08-26 06:00:00	10391.08477255	10319.03364985	10342.67605252	10330.61679895	170130.33023743	16.43428175	10352.16097822
5789	2019-08-26 08:00:00	10381.19549514	10294.04369078	10333.58908846	10354.30454467	223334.92288154	21.63440553	10323.13656928
5790	2019-08-26 10:00:00	10414.95152619	10332.0	10370.80758	10383.18402884	149414.0214523	14.405197	10372.23034522
5791	2019-08-26 12:00:00	10400.82040811	10299.08514213	10380.84652284	10365.96453127	208525.63352012	20.13683663	10355.43155817
5792	2019-08-26 14:00:00	10375.49654179	10313.1973153	10368.72821426	10345.28122945	178671.29111513	17.27768663	10341.15821992
5793	2019-08-26 16:00:00	10388.17424199	10250.0	10342.2	10327.12999997	844354.65766207	81.82657569	10318.83163314
5794	2019-08-26 18:00:00	10342.35999998	10300.4605376	10326.39999966	10341.19999976	240762.53583947	23.33796043	10316.34861845
5795	2019-08-26 20:00:00	10337.64192987	10201.0	10337.64192987	10293.03650555	243745.66404752	23.77778618	10250.98224882
5796	2019-08-26 22:00:00	10412.72614673	10296.25593922	10296.25593922	10373.47386427	248203.09796424	23.97716632	10351.64433743
5797	2019-08-27 00:00:00	10390.88999994	10304.64955728	10374.17641559	10320.8	223292.79014916	21.58530542	10344.66669821
5798	2019-08-27 02:00:00	10318.41574204	10107.77665285	10308.22894686	10193.60006176	438201.88495617	42.86920524	10221.83365665
5799	2019-08-27 04:00:00	10250.04416917	10161.1	10194.10006195	10237.72600623	184062.83003318	18.01390242	10217.82097747
5800	2019-08-27 06:00:00	10243.11514252	10136.91405872	10243.11514252	10181.87707328	92801.95487781	9.11596616	10180.15570143
5801	2019-08-27 08:00:00	10210.15462881	10133.58095275	10179.27443784	10150.5959499	74683.05076937	7.33864771	10176.67746437
5802	2019-08-27 10:00:00	10179.3568498	10102.93999881	10154.10000019	10130.68154747	381547.39682011	37.68606486	10124.36289746
5803	2019-08-27 12:00:00	10200.0	10059.71709492	10127.88154747	10184.85185943	381343.88548573	37.74483159	10103.20802667
5804	2019-08-27 14:00:00	10200.19164575	10125.0	10180.6060976	10190.5076984	181957.63567569	17.88480663	10173.86653599
5805	2019-08-27 16:00:00	10234.24062636	10169.0	10189.20443263	10183.47563379	228098.94308931	22.37936066	10192.3797804
5806	2019-08-27 18:00:00	10210.99479198	10140.0	10194.89999935	10165.97274662	117952.6657247	11.59692496	10171.02948682
5807	2019-08-27 20:00:00	10182.81562682	10129.77982896	10161.20484049	10146.48228712	83755.73439189	8.25129255	10150.61990401
5808	2019-08-27 22:00:00	10199.99999999	10120.48575978	10147.12110894	10182.12413899	133188.42734055	13.09254588	10172.84404128
5809	2019-08-28 00:00:00	10182.12413899	10108.88331501	10182.12413899	10109.29950386	109660.81669063	10.81499583	10139.70032114
5810	2019-08-28 02:00:00	10134.10028523	10080.0	10108.57174975	10087.75552503	171365.60010043	16.96174299	10103.06548103
5811	2019-08-28 04:00:00	10158.24192273	10065.0	10088.00840955	10127.74212	204919.07013121	20.27934591	10104.81654786
5812	2019-08-28 06:00:00	10210.79450515	10124.029167	10135.0744632	10158.29954985	232717.84043226	22.87030227	10175.54720899
5813	2019-08-28 08:00:00	10162.07221785	10110.0	10158.59999999	10151.63054488	67840.87782107	6.68899452	10142.16376141
5814	2019-08-28 10:00:00	10164.90999999	10109.55727961	10145.59115596	10147.50318823	154790.87750068	15.28573436	10126.49270588
5815	2019-08-28 12:00:00	10290.0	10146.93026564	10147.50318823	10173.78852877	433408.9066925	42.48350043	10201.81723035
5816	2019-08-28 14:00:00	10256.0	10162.25938919	10175.96826513	10245.0	274928.8659876	26.87581424	10229.60136323
5817	2019-08-28 16:00:00	10265.42500103	10099.0	10248.23381196	10199.0	998605.47366257	98.08562801	10180.95610868
5818	2019-08-28 18:00:00	10191.13856299	9627.19994825	10191.13856299	9686.98	8355797.9777253	844.79712119	9890.89305365
5819	2019-08-28 20:00:00	9744.93999996	9651.83419811	9691.48288997	9718.54199976	741795.35471122	76.5216108	9693.93282441
5820	2019-08-28 22:00:00	9752.79292009	9693.57108304	9734.10593759	9740.09698812	255811.18625602	26.27971299	9734.16971309
5821	2019-08-29 00:00:00	9740.0	9640.00000001	9740.0	9689.08379668	325360.37655669	33.60108502	9683.03185337
5822	2019-08-29 02:00:00	9703.98230773	9540.0	9692.28289391	9599.67837391	467490.7253213	48.66523806	9606.25579895
5823	2019-08-29 04:00:00	9640.58205381	9572.54323623	9598.75000001	9602.25713799	235337.80243757	24.5124013	9600.7649172
5824	2019-08-29 06:00:00	9595.90988932	9336.28458356	9595.26610723	9387.41323044	1122378.025953	118.62638929	9461.45316122
5825	2019-08-29 08:00:00	9488.0	9390.60000009	9390.60000009	9485.62050837	501714.99512524	53.15575452	9438.58289014
5826	2019-08-29 10:00:00	9495.43054782	9453.99999995	9480.48015677	9468.27297671	167047.42278643	17.64339633	9467.9856226
5827	2019-08-29 12:00:00	9494.95870227	9390.18999986	9468.05579815	9457.04317699	380488.42785974	40.25979822	9450.82798926
5828	2019-08-29 14:00:00	9585.0	9389.33172785	9460.08320006	9500.94652916	1578656.779047	165.73469631	9525.20392045
5829	2019-08-29 16:00:00	9545.39386329	9470.7800004	9507.75587583	9540.0	279795.89170344	29.40160568	9516.34732975
5830	2019-08-29 18:00:00	9551.71169001	9444.99999997	9526.4771085	9502.73000013	360254.81517002	37.97467186	9486.71305174
5831	2019-08-29 20:00:00	9542.07097302	9487.50000003	9512.5311744	9512.52	141667.30467798	14.89063543	9513.8522022
5832	2019-08-29 22:00:00	9515.102752	9459.90266099	9509.86810741	9485.98999998	50544.06145928	5.32745744	9487.46414749
5833	2019-08-30 00:00:00	9532.32730365	9350.0	9498.1731896	9442.90000015	233477.48181154	24.77612541	9423.48643897
5834	2019-08-30 02:00:00	9485.98999999	9425.16699715	9449.29056766	9468.92220883	195188.99125536	20.63186622	9460.55917453
5835	2019-08-30 04:00:00	9518.59067304	9456.09942621	9467.32692967	9514.50039658	201405.94119798	21.2222622	9490.31443019
5836	2019-08-30 06:00:00	9545.66110364	9478.23578445	9518.82338687	9484.65237962	108848.5125291	11.45530947	9502.01413712
5837	2019-08-30 08:00:00	9580.89000049	9477.26736002	9477.26736002	9570.1061	302125.23336978	31.67436158	9538.47901896
5838	2019-08-30 10:00:00	9626.0	9549.84209	9570.90610019	9575.8933963	307139.77958283	32.07619722	9575.3177185
5839	2019-08-30 12:00:00	9610.01890475	9557.28899564	9576.66233959	9610.01890475	115840.13584848	12.0922475	9579.70268541
5840	2019-08-30 14:00:00	9607.78517027	9560.0	9599.9999999	9590.8000001	89725.18297364	9.36425444	9581.668626
5841	2019-08-30 16:00:00	9596.959028	9522.76606008	9593.15440003	9535.8467176	171690.1470064	17.97748581	9550.28688777
5842	2019-08-30 18:00:00	9576.39314389	9459.11662969	9530.0	9561.67990696	131289.27267593	13.79907434	9514.3536038
5843	2019-08-30 20:00:00	9682.99105978	9571.0	9572.26156862	9602.36397088	241129.38503856	25.05706822	9623.20822697
5844	2019-08-30 22:00:00	9623.78834	9560.97759181	9591.36160668	9579.88337486	173068.79960438	18.03751353	9594.93664781
5845	2019-08-31 00:00:00	9643.75139928	9568.93223825	9586.09999999	9628.46584367	105134.60922361	10.925756	9622.63931426
5846	2019-08-31 02:00:00	9649.48286022	9615.34393434	9627.30578144	9616.03658197	30487.78291826	3.16766426	9624.68886089
5847	2019-08-31 04:00:00	9617.0	9589.2	9615.34393434	9611.81816275	27401.9604199	2.85100584	9611.33086276
5848	2019-08-31 06:00:00	9615.79999991	9587.00000001	9609.76916898	9587.27252403	18404.09945074	1.91845439	9593.19103267
5849	2019-08-31 08:00:00	9589.75595075	9533.3896976	9589.75595075	9568.44226882	212837.18644104	22.23446609	9572.39924626
5850	2019-08-31 10:00:00	9580.0	9543.58122253	9566.95457715	9555.81324179	73569.1833188	7.69694179	9558.23563774
5851	2019-08-31 12:00:00	9609.8001	9549.61000001	9550.22531323	9590.04651491	78679.09998077	8.21542654	9576.99513198
5852	2019-08-31 14:00:00	9593.558328	9560.41168105	9587.9	9591.91800001	82570.56609704	8.62133517	9577.46850909
5853	2019-08-31 16:00:00	9613.85489049	9571.814428	9594.86890394	9588.75015093	40083.77741212	4.17683653	9596.68330906
5854	2019-08-31 18:00:00	9602.49999935	9560.69999999	9599.90318879	9572.46697342	92622.15585253	9.67111996	9577.19025672
5855	2019-08-31 20:00:00	9650.0	9400.0	9568.9923813	9650.0	512743.93061625	53.91770877	9509.74999333
5856	2019-08-31 22:00:00	9688.8800001	9578.0	9650.0	9591.20000001	128885.40110274	13.40714946	9613.18447946
5857	2019-09-01 00:00:00	9635.44989004	9588.39466403	9588.39466403	9618.55581001	49069.73215606	5.10229847	9617.18183375
5858	2019-09-01 02:00:00	9618.61780514	9602.73229005	9614.66596475	9618.61780514	14095.57923627	1.46585507	9615.94329804
5859	2019-09-01 04:00:00	9627.95019694	9607.36612915	9620.53640082	9607.36612915	43350.32828877	4.51007939	9611.87698489
5860	2019-09-01 06:00:00	9616.82302	9604.45069986	9607.36612911	9605.75779196	46229.35869766	4.80941942	9612.25350931
5861	2019-09-01 08:00:00	9608.50181519	9552.11000001	9608.35779217	9593.10379166	131966.65373825	13.78411647	9573.82027534
5862	2019-09-01 10:00:00	9594.3595182	9566.24113021	9593.10379166	9571.21586446	87597.1082139	9.14030674	9583.60706108
5863	2019-09-01 12:00:00	9586.43698378	9555.09886775	9571.80063963	9566.87913624	23304.01535067	2.43577857	9567.37842991
5864	2019-09-01 14:00:00	9646.10569655	9559.88578987	9562.13104543	9607.36942873	156180.73297146	16.28022312	9593.27963875
5865	2019-09-01 16:00:00	9617.42036	9542.08835999	9601.0	9588.7017	208642.01490834	21.76990048	9583.96732681
5866	2019-09-01 18:00:00	9631.3576682	9575.04559166	9587.40859984	9616.68789152	221015.61507602	23.00148766	9608.75306601
5867	2019-09-01 20:00:00	9631.35766817	9604.55154696	9624.50309228	9618.51727296	61004.2024508	6.33872911	9624.04314684
5868	2019-09-01 22:00:00	9800.0	9623.1	9623.1	9724.72622572	600699.16644401	61.71641843	9733.21494871
5869	2019-09-02 00:00:00	9760.0	9731.47325296	9738.39999845	9738.60567007	173776.23667839	17.82362933	9749.7672029
5870	2019-09-02 02:00:00	9770.47173412	9735.18060001	9740.58086385	9750.96388935	109300.36114887	11.20535636	9754.2958597
5871	2019-09-02 04:00:00	9770.0	9739.96182485	9742.99328799	9752.04056855	180469.97214826	18.48677431	9762.11258503
5872	2019-09-02 06:00:00	9753.94679719	9729.01915875	9750.67278853	9742.46104716	144882.43749405	14.86892467	9743.97548642
5873	2019-09-02 08:00:00	9783.78465315	9733.50353	9743.20146723	9760.09590559	240276.78130369	24.65547232	9745.3732861
5874	2019-09-02 10:00:00	9840.39736061	9768.57083035	9768.57083035	9822.70000001	267871.59847144	27.311912069999998	9807.86690382
5875	2019-09-02 12:00:00	9926.68217	9789.99999999	9822.97056117	9890.61648647	429527.59024337	43.64941459	9840.39750081
5876	2019-09-02 14:00:00	9948.99999999	9851.06753378	9890.61648645	9876.2322468	649225.05288976	65.55123108	9904.08634885
5877	2019-09-02 16:00:00	10105.71056729	9876.2322468	9876.2322468	10063.86184791	1121183.0566099	112.06607346	10004.66083975
5878	2019-09-02 18:00:00	10173.67864696	10067.29636196	10067.29636196	10165.14240494	373214.13737118	36.88363897	10118.69077437
5879	2019-09-02 20:00:00	10386.0	10120.23407593	10170.62492791	10359.0	6402038.9539234	624.95031306	10244.07672119
5880	2019-09-02 22:00:00	10421.736	10295.12387581	10359.0	10346.19101013	781615.03050157	75.44694369	10359.79712727
5881	2019-09-03 00:00:00	10395.60000008	10282.88066017	10351.97424552	10319.76964972	187481.30708002	18.13564611	10337.72416724
5882	2019-09-03 02:00:00	10474.92462884	10311.0	10320.66435245	10390.0	510712.17886223	49.05675879	10410.63844124
5883	2019-09-03 04:00:00	10410.47618538	10352.47156953	10384.60000026	10399.1693288	437060.79034682	42.12509442	10375.30707917
5884	2019-09-03 06:00:00	10400.20000058	10353.46085492	10398.20000035	10365.40095959	229738.03002661	22.14569939	10373.93427865
5885	2019-09-03 08:00:00	10389.71992827	10288.53953459	10368.17584279	10288.53953459	398791.53940621	38.53834068	10347.91670761
5886	2019-09-03 10:00:00	10460.0	10272.3765655	10288.73953458	10402.20000014	531597.96418262	51.17634789	10387.57133129
5887	2019-09-03 12:00:00	10727.73168876	10402.98776949	10415.45899553	10663.99958342	2955151.6131769	279.05856012	10589.71855909
5888	2019-09-03 14:00:00	10739.0	10499.03391309	10664.02999999	10650.0	1927277.1237942	180.78961971	10660.33064777
5889	2019-09-03 16:00:00	10700.0	10591.599826	10653.54	10591.599826	245769.95001555	23.11092103	10634.36414743
5890	2019-09-03 18:00:00	10669.99999995	10591.50000001	10591.599826	10642.8153621	168880.91573147	15.89569296	10624.31918862
5891	2019-09-03 20:00:00	10700.05479978	10633.97487776	10649.62717761	10669.95951949	146799.64909285	13.75077077	10675.73967658
5892	2019-09-03 22:00:00	10681.30000002	10150.55732752	10669.95951949	10568.00600024	2409605.3473358	230.23980856	10465.6330389
5893	2019-09-04 00:00:00	10624.34512224	10422.48755045	10568.0060016	10501.94204184	1531061.5932963	145.05598195	10554.97038256
5894	2019-09-04 02:00:00	10617.66159335	10491.43416414	10492.62519591	10608.36381084	199711.41823988	18.93169993	10549.04836746
5895	2019-09-04 04:00:00	10625.62483954	10539.0	10603.00000019	10542.00281616	148884.69790759	14.06409216	10586.15772805
5896	2019-09-04 06:00:00	10609.99	10534.17775042	10552.47824106	10561.65692028	164506.53556525	15.55602103	10575.10370087
5897	2019-09-04 08:00:00	10573.7699997	10469.29497834	10573.7699997	10499.69999998	208214.74547263	19.82006796	10505.24881614
5898	2019-09-04 10:00:00	10577.39926798	10470.88273163	10488.84159904	10514.60000001	206819.24466862	19.62968913	10536.04279206
5899	2019-09-04 12:00:00	10532.751416	10376.45321424	10516.20000019	10390.44692331	680527.37542986	65.32902286	10416.92261168
5900	2019-09-04 14:00:00	10459.88228	10388.60000003	10405.06045	10406.90000004	292069.61459391	28.05828525	10409.38931198
5901	2019-09-04 16:00:00	10645.00387895	10406.91264986	10406.91264986	10634.73723375	505284.0391223	47.85178405	10559.35633652
5902	2019-09-04 18:00:00	10690.0	10578.8	10620.0	10681.50769064	343723.98901339	32.3629494	10620.91049752
5903	2019-09-04 20:00:00	10785.93478377	10575.0	10680.99826227	10595.79999799	1129204.5604364	106.12026728	10640.80019188
5904	2019-09-04 22:00:00	10595.79999799	10483.64	10595.79999799	10558.40000161	1176762.9975364	111.3285298	10570.18357873
5905	2019-09-05 00:00:00	10568.00999971	10493.7015748	10568.00999971	10525.90000005	145206.84455112	13.796319369999999	10525.04227083
5906	2019-09-05 02:00:00	10546.09375001	10495.460304	10526.68146439	10544.99999999	45768.11760972	4.35388165	10512.02611576
5907	2019-09-05 04:00:00	10615.32546674	10540.89999999	10545.0	10609.6935717	82240.07188968	7.76978286	10584.60363327
5908	2019-09-05 06:00:00	10620.94668	10522.0	10608.41231973	10555.0	98349.83618742	9.3168279	10556.15035965
5909	2019-09-05 08:00:00	10605.49952537	10514.0	10543.06562733	10557.89335511	114954.95710992	10.8618114	10583.40573929
5910	2019-09-05 10:00:00	10631.12999998	10455.55	10557.89335511	10560.13673645	406004.03937387	38.46073549	10556.32541087
5911	2019-09-05 12:00:00	10586.0	10522.56686301	10560.13673644	10586.0	117361.69023539	11.12318657	10551.08529348
5912	2019-09-05 14:00:00	10589.1137501	10525.62396558	10589.1137501	10545.206396	170856.25966349	16.19713144	10548.55054405
5913	2019-09-05 16:00:00	10590.55152099	10470.17851937	10528.57553198	10494.766228	226340.33838186	21.48771797	10533.47492264
5914	2019-09-05 18:00:00	10601.0	10487.92689856	10491.05826318	10520.01303561	457876.40970665	43.48456495	10529.63069155
5915	2019-09-05 20:00:00	10574.569	10500.0	10538.86834457	10551.2932211	240944.60957801	22.86110882	10539.49795152
5916	2019-09-05 22:00:00	10593.80764463	10537.28933574	10550.70174021	10567.44674386	124710.07449187	11.79490036	10573.21983955
5917	2019-09-06 00:00:00	10593.5594997	10556.06694094	10562.6609414	10578.0	62030.44725741	5.86770949	10571.49256675
5918	2019-09-06 02:00:00	10695.00000001	10578.0	10578.0	10659.1170611	463376.48247366	43.51409155	10648.883292
5919	2019-09-06 04:00:00	10775.46554509	10641.93356093	10641.93356094	10687.66496957	732984.89108005	68.41545106	10713.73322434
5920	2019-09-06 06:00:00	10725.40616998	10665.33071857	10682.82089853	10716.06707586	201321.15138713	18.79577867	10710.97691251
5921	2019-09-06 08:00:00	10770.23650467	10676.52868289	10716.06707586	10713.42785246	115452.74777508	10.78774129	10702.21695825
5922	2019-09-06 10:00:00	10876.35534745	10710.67985679	10717.45201648	10826.17453004	515659.48070231	47.71534105	10806.99559837
5923	2019-09-06 12:00:00	10900.0	10723.81069709	10823.52460919	10799.23567883	1040018.5025607	96.0077803	10832.64813862
5924	2019-09-06 14:00:00	10873.76149999	10795.93669444	10795.93669444	10845.62491883	423204.53359144	39.05064638	10837.32467507
5925	2019-09-06 16:00:00	10855.69779939	10210.0	10839.29025413	10416.96983118	1759152.2625869	167.83957928	10481.15271816
5926	2019-09-06 18:00:00	10435.164	10330.79599814	10414.19999999	10381.74414666	644267.76744141	61.98570825	10393.81150317
5927	2019-09-06 20:00:00	10417.56609667	10200.0	10376.34010421	10410.0	1035864.9565198	100.54104475	10302.90623193
5928	2019-09-06 22:00:00	10409.99999999	10280.82891288	10409.99999999	10301.65941387	625204.63872989	60.43580627	10344.93750173
5929	2019-09-07 00:00:00	10378.58209999	10301.89063622	10314.80132287	10359.09999981	95543.42902044	9.22339171	10358.81723605
5930	2019-09-07 02:00:00	10375.05347491	10319.67900646	10365.21509992	10327.2	96226.81747642	9.30669623	10339.52490747
5931	2019-09-07 04:00:00	10366.60379997	10311.70611479	10328.77553467	10366.60379997	74316.46249131	7.18525804	10342.90794813
5932	2019-09-07 06:00:00	10397.0974275	10327.0	10358.85425695	10364.73850424	124721.83918999	12.03923619	10359.61395072
5933	2019-09-07 08:00:00	10414.9769	10360.61956044	10365.2385043	10379.51795795	110072.3759543	10.58020934	10403.61040288
5934	2019-09-07 10:00:00	10414.59	10330.81626203	10384.89551988	10411.12777488	207868.11175756	20.04801889	10368.51136753
5935	2019-09-07 12:00:00	10426.0	10373.07429962	10412.7673731	10375.19423356	89748.6277077	8.64183849	10385.36276876
5936	2019-09-07 14:00:00	10459.64401219	10372.60000016	10374.41744575	10459.40000011	202151.09023196	19.39343913	10423.68446756
5937	2019-09-07 16:00:00	10545.02922053	10355.00000001	10459.6440122	10480.38014517	685594.50079154	65.33177531	10494.04363402
5938	2019-09-07 18:00:00	10505.82616757	10431.82747178	10478.38086178	10456.7943395	230884.72444038	22.03907477	10476.15323464
5939	2019-09-07 20:00:00	10529.99999987	10454.41612323	10461.17468008	10503.50415969	101659.59824192	9.70512414	10474.83749568
5940	2019-09-07 22:00:00	10504.2999999	10451.90515836	10492.52927541	10464.38604994	30780.91717475	2.9389923	10473.28949271
5941	2019-09-08 00:00:00	10501.11900947	10458.70651567	10458.70651567	10480.4657155	109159.82427292	10.39725854	10498.90448073
5942	2019-09-08 02:00:00	10545.02922053	10460.68800002	10487.2217228	10540.06770017	137421.93431256	13.08801547	10499.82975857
5943	2019-09-08 04:00:00	10574.55673853	10507.077	10541.91496012	10519.0492802	111908.13669609	10.6150699	10542.38339929
5944	2019-09-08 06:00:00	10568.28126999	10515.81848788	10525.40693141	10517.41594925	33003.02628321	3.13049888	10542.41753417
5945	2019-09-08 08:00:00	10520.90691986	10475.0	10517.34997857	10494.99999997	191432.67936553	18.2294817	10501.26835836
5946	2019-09-08 10:00:00	10523.71556901	10224.36623503	10490.34265597	10384.60987997	668898.29221979	64.57866436	10357.88365784
5947	2019-09-08 12:00:00	10412.12846798	10360.62499867	10385.65005967	10360.62499867	513503.42044851	49.38557263	10397.84279298
5948	2019-09-08 14:00:00	10411.26200925	10360.00000001	10360.00000001	10383.6	209822.14417076	20.21445059	10379.80939608
5949	2019-09-08 16:00:00	10420.0	10355.22404476	10383.60000001	10361.74220094	124716.87486734	11.99334256	10398.84204452
5950	2019-09-08 18:00:00	10382.17268893	10321.74066261	10358.0	10340.51167217	159757.87143802	15.42296943	10358.43792358
5951	2019-09-08 20:00:00	10405.0	10328.865289	10341.09394606	10405.0	226768.93914135	21.89441607	10357.3869436
5952	2019-09-08 22:00:00	10415.82551262	10365.71334142	10404.99999999	10394.75521409	116012.64127911	11.15717622	10398.02894491
5953	2019-09-09 00:00:00	10400.19905457	10371.2	10380.44850145	10387.5999981	30034.92615775	2.89177634	10386.32405359
5954	2019-09-09 02:00:00	10388.34271871	10266.021395	10380.66352653	10296.96691025	144809.69486796	14.05099107	10306.01287457
5955	2019-09-09 04:00:00	10326.64090563	10250.0	10301.59999999	10295.97033004	546426.9376869	53.05425725	10299.39850278
5956	2019-09-09 06:00:00	10302.6703402	10100.0	10294.00000162	10145.99724301	692289.27806624	68.0415673	10174.50516702
5957	2019-09-09 08:00:00	10269.53632999	10100.0	10145.997243	10262.16151204	1211665.7750863	119.77964378	10115.79043691
5958	2019-09-09 10:00:00	10523.91053171	10204.03980731	10250.0	10420.10027883	767728.23295681	73.78872851	10404.41065267
5959	2019-09-09 12:00:00	10417.95914255	10320.64452457	10417.95914255	10328.2640727	159447.53306711	15.37166572	10372.82074509
5960	2019-09-09 14:00:00	10357.32888626	10291.321263	10320.64452452	10324.0	267280.50877777	25.87532235	10329.55281338
5961	2019-09-09 16:00:00	10320.05503389	10169.14602199	10320.05503389	10270.79667599	349393.03926208	34.10837343	10243.61481145
5962	2019-09-09 18:00:00	10313.6126	10239.2820951	10270.45207975	10313.13146066	134136.70754531	13.05793749	10272.42683984
5963	2019-09-09 20:00:00	10319.43989436	10217.80028183	10299.50703034	10289.98998795	182302.94572584	17.73823686	10277.39944869
5964	2019-09-09 22:00:00	10360.59999999	10284.38916557	10284.38916557	10309.55288085	65281.21085258	6.32029724	10328.81973326
5965	2019-09-10 00:00:00	10378.06337277	10298.0	10298.0	10344.4110438	150407.7118593	14.52088384	10358.027343
5966	2019-09-10 02:00:00	10351.04877787	10271.77125711	10336.19999032	10310.3036701	56288.24154801	5.46748562	10295.0872595
5967	2019-09-10 04:00:00	10329.94773949	10128.00000001	10323.44772799	10244.96343605	2802612.1646267	275.35712284	10178.09939223
5968	2019-09-10 06:00:00	10285.99999978	10218.17624482	10243.49000114	10265.216643	170564.03104338	16.64684063	10246.03015277
5969	2019-09-10 08:00:00	10280.82891286	10209.06528187	10267.0166432	10260.80837357	118179.92378646	11.51891487	10259.64034982
5970	2019-09-10 10:00:00	10277.79498267	10222.78724276	10254.93900008	10255.197004	95189.30823195	9.29391675	10242.10898294
5971	2019-09-10 12:00:00	10264.16474971	10215.30000005	10249.20000001	10238.27824936	195092.7096865	19.06090702	10235.22697434
5972	2019-09-10 14:00:00	10239.76822887	10175.96494734	10239.76822887	10179.23426497	243652.97952913	23.87425848	10205.67737143
5973	2019-09-10 16:00:00	10239.17439588	10179.0	10179.96064791	10206.29125587	100666.65884982	9.8767781	10192.25680992
5974	2019-09-10 18:00:00	10206.29125587	9965.53034342	10206.09125587	10030.9	3026640.3519561	300.81804949	10061.3655234
5975	2019-09-10 20:00:00	10128.88	10000.0	10029.9	10117.91685962	291896.29445039	29.05263302	10047.15456425
5976	2019-09-10 22:00:00	10132.52329677	10060.50799266	10117.91685958	10114.97397512	176011.03905356	17.43684501	10094.2021881
5977	2019-09-11 00:00:00	10277.32291145	10079.35055189	10092.70863565	10081.14828552	675969.96695245	66.21882564	10208.12375361
5978	2019-09-11 02:00:00	10114.74960026	10055.7781497	10078.54157002	10112.6496	373786.48024436	37.04706726	10089.50256766
5979	2019-09-11 04:00:00	10105.30924183	9984.76840555	10102.89999988	10034.78043916	193051.94566509	19.22223866	10043.15621503
5980	2019-09-11 06:00:00	10068.7522	9900.0	10026.00223125	10055.9	581349.15224557	58.34747927	9963.56928386
5981	2019-09-11 08:00:00	10077.50284518	9991.51872785	10055.9	10025.0	152875.35089028	15.24366263	10028.78078588
5982	2019-09-11 10:00:00	10133.50954626	10028.49653086	10028.49653086	10067.46188276	271799.93717885	26.90437253	10102.44475598
5983	2019-09-11 12:00:00	10104.99999998	10025.0	10067.26188274	10035.89906235	86486.72530577	8.59810933	10058.80734779
5984	2019-09-11 14:00:00	10055.74854969	9981.43328254	10054.50000031	9990.0	355691.33299793	35.55166728	10004.91285532
5985	2019-09-11 16:00:00	10099.99999999	9933.0	9990.0	10058.06190978	402261.53784982	40.14785648	10019.50223793
5986	2019-09-11 18:00:00	10120.0	10044.64447839	10074.99999999	10087.59999991	254918.40212429	25.26947121	10087.99907231
5987	2019-09-11 20:00:00	10190.0	10055.93266964	10072.15762032	10165.86060418	390169.95303523	38.56764301	10116.51017756
5988	2019-09-11 22:00:00	10172.90235368	10110.04391098	10152.96464832	10158.13444378	101426.45815132	9.99926044	10143.39598012
5989	2019-09-12 00:00:00	10205.46	10135.42011967	10163.97700702	10135.42011967	166090.90825252	16.36525137	10148.99829507
5990	2019-09-12 02:00:00	10137.90690858	10092.67250265	10133.30930306	10101.77476907	127463.34649594	12.60321095	10113.56129811
5991	2019-09-12 04:00:00	10123.09999999	10068.52420003	10104.43016628	10082.10081092	342389.85827886	33.91536206	10095.42099751
5992	2019-09-12 06:00:00	10089.99999992	10050.0	10089.99999992	10082.89999954	77074.77999289	7.66091696	10060.77737108
5993	2019-09-12 08:00:00	10170.05874723	10081.70000037	10081.70000037	10118.15658771	166100.32628783	16.38446888	10137.66924667
5994	2019-09-12 10:00:00	10185.0	10119.772967	10119.772967	10162.10000033	154722.43567509	15.22409098	10162.99993729
5995	2019-09-12 12:00:00	10350.0	10164.0	10164.0	10342.68599999	875545.24911889	85.42159255	10249.69475494
5996	2019-09-12 14:00:00	10363.48482009	10275.20000006	10342.39691621	10315.53620055	472141.5027028	45.67414535	10337.1721372
5997	2019-09-12 16:00:00	10349.99999996	10242.36481104	10334.13199995	10287.63751587	291997.97262332	28.38898525	10285.60795857
5998	2019-09-12 18:00:00	10349.58165951	10278.94319979	10289.89999972	10304.09784532	183669.64156765	17.80785948	10313.96512163
5999	2019-09-12 20:00:00	10400.0	10304.09784529	10304.09784529	10379.43000012	314202.04061943	30.3401461	10355.98311174
6000	2019-09-12 22:00:00	10444.44	10380.0	10380.0	10394.18689557	549916.68311885	52.77734674	10419.5590928
6001	2019-09-13 00:00:00	10434.60633276	10321.70059893	10394.18689557	10321.70059896	446199.65281123	42.891981	10402.8688442
6002	2019-09-13 02:00:00	10378.56995233	10322.10059896	10322.10059896	10362.2	71517.94264368	6.91032902	10349.42655215
6003	2019-09-13 04:00:00	10395.69742704	10278.94319979	10359.8	10291.63365345	223744.64948423	21.6483852	10335.39672438
6004	2019-09-13 06:00:00	10319.11667171	10268.19261601	10283.0598072	10289.72092554	78006.96218553	7.57950357	10291.82999455
6005	2019-09-13 08:00:00	10327.6294	10263.39495118	10289.72092554	10314.99999996	62252.40235263	6.04879154	10291.70900352
6006	2019-09-13 10:00:00	10320.21898822	10251.36337851	10314.99999998	10300.17043849	134325.02776452	13.0607793	10284.61048756
6007	2019-09-13 12:00:00	10337.12970002	10286.23058127	10304.1575889	10312.8162293	156498.2801648	15.18033549	10309.27677902
6008	2019-09-13 14:00:00	10328.70179574	10274.86373508	10304.57129293	10300.8	134177.33185962	13.02903983	10298.32847319
6009	2019-09-13 16:00:00	10311.19999997	10200.85469598	10286.4200703	10234.7	533120.10805545	52.04461753	10243.52052828
6010	2019-09-13 18:00:00	10245.10648373	10195.0	10233.69999993	10203.62981978	321120.42736634	31.44298544	10212.78427836
6011	2019-09-13 20:00:00	10294.0	10154.0	10205.70000026	10293.09999996	351738.31158936	34.33070694	10245.58894764
6012	2019-09-13 22:00:00	10365.525	10260.0	10293.09999996	10344.79375393	163937.0672316	15.90668607	10306.17354929
6013	2019-09-14 00:00:00	10353.1297888	10289.55728916	10353.1297888	10292.7892205	265808.09423666	25.72751735	10331.66514361
6014	2019-09-14 02:00:00	10304.37374331	10276.68670025	10303.37374331	10288.58855023	27995.39914445	2.72050132	10290.52952065
6015	2019-09-14 04:00:00	10305.30000001	10265.0	10284.78294779	10287.90657004	51479.14852679	4.9997305999999995	10296.38447455
6016	2019-09-14 06:00:00	10332.79999998	10273.71754667	10291.0999998	10320.47191431	72283.59896508	6.99962917	10326.77549189
6017	2019-09-14 08:00:00	10343.5	10291.99837113	10326.61919581	10302.50666968	65617.41018789	6.35925061	10318.41866472
6018	2019-09-14 10:00:00	10317.0	10290.79999979	10302.7999998	10291.19999996	91858.83962583	8.91239207	10306.86698973
6019	2019-09-14 12:00:00	10349.50666958	10216.13594058	10291.69999977	10325.40343002	325272.94476923	31.56835987	10303.76446887
6020	2019-09-14 14:00:00	10395.70343006	10320.0	10325.40343003	10362.09999986	302583.9077077	29.23528076	10349.95730643
6021	2019-09-14 16:00:00	10395.70343006	10324.63995811	10350.97000112	10369.34599261	228321.88843102	22.0025678	10377.05646479
6022	2019-09-14 18:00:00	10392.29999998	10354.1341502	10380.44930861	10370.0	296424.11833964	28.56922701	10375.64363347
6023	2019-09-14 20:00:00	10400.0	10319.99999997	10371.12431991	10370.00000019	1652155.7388042	158.96074632	10393.48252352
6024	2019-09-14 22:00:00	10378.4	10326.00941563	10370.00000019	10336.60000037	406500.44913989	39.31397058	10339.84721316
6025	2019-09-15 00:00:00	10355.90001595	10317.00000003	10336.60000037	10334.70090043	434251.79570742	41.99238269	10341.20399676
6026	2019-09-15 02:00:00	10339.18449977	10292.29999996	10339.18449977	10293.40999863	26093.13063142	2.53265709	10302.67016188
6027	2019-09-15 04:00:00	10327.17947425	10260.0	10300.0	10327.17947348	145410.47534051	14.13700178	10285.80724565
6028	2019-09-15 06:00:00	10326.20000002	10275.69784194	10326.20000002	10292.01567596	181640.8570913	17.63038349	10302.71730585
6029	2019-09-15 08:00:00	10299.99999	10265.60675202	10292.0156763	10285.0	93195.39967477	9.06203717	10284.15552998
6030	2019-09-15 10:00:00	10319.20322999	10270.50000008	10270.50000008	10281.21031444	659537.51205718	64.12253386	10285.58093941
6031	2019-09-15 12:00:00	10315.634722	10250.32746781	10287.04293644	10268.25157824	314931.89935121	30.62020742	10285.10013114
6032	2019-09-15 14:00:00	10310.0	10258.19	10268.25157824	10306.19645374	229073.13495781	22.28619161	10278.70256912
6033	2019-09-15 16:00:00	10330.0	10291.97696474	10306.09645368	10317.99998918	276794.59376848	26.84538973	10310.69381194
6034	2019-09-15 18:00:00	10317.99998534	10285.20000003	10317.99998534	10304.68786065	137380.22483078	13.342592	10296.36706501
6035	2019-09-15 20:00:00	10316.1248	10273.05488649	10304.68786064	10296.00000001	163732.66837394	15.89644885	10299.95251888
6036	2019-09-15 22:00:00	10318.09999999	10288.40000304	10296.00000001	10295.88087366	62627.45703903	6.08182266	10297.48161697
6037	2019-09-16 00:00:00	10350.00000002	10303.58090827	10303.58090827	10346.67113165	168608.30769914	16.30922646	10338.21610808
6038	2019-09-16 02:00:00	10349.09999975	10301.10403943	10340.80816972	10303.1	161845.94528352	15.678461800000001	10322.82039833
6039	2019-09-16 04:00:00	10323.23764291	10302.60000021	10302.84388292	10306.02100003	67178.54537422	6.51359383	10313.59141013
6040	2019-09-16 06:00:00	10315.98016914	10287.57810936	10304.35244588	10302.20000049	678268.1088067	65.79618784	10308.62320558
6041	2019-09-16 08:00:00	10321.4296337	10286.33764006	10302.4558452	10298.05347027	162380.88634187	15.75166191	10308.80977954
6042	2019-09-16 10:00:00	10309.29999909	10277.33921144	10302.00000033	10277.33921144	96751.12601022	9.39434223	10298.87177212
6043	2019-09-16 12:00:00	10288.11294566	10113.9156	10288.11294566	10136.47170857	3020660.7334333	297.44102497	10155.4946354
6044	2019-09-16 14:00:00	10161.29060809	10125.57999993	10138.50805858	10130.73702432	129147.75106187	12.72974441	10145.3530332
6045	2019-09-16 16:00:00	10160.632628	10082.30314434	10130.0	10139.90742445	589631.19455006	58.13893454	10141.76126919
6046	2019-09-16 18:00:00	10153.60981794	10120.94182718	10141.72822281	10131.22359716	89248.49852531	8.80532048	10135.74675993
6047	2019-09-16 20:00:00	10320.4581213	10125.50000006	10129.81107893	10282.20000001	612596.56468616	59.84002243	10237.23821966
6048	2019-09-16 22:00:00	10305.0	10227.79438675	10300.0	10258.19999998	61255.72295842	5.95161222	10292.29067589
6049	2019-09-17 00:00:00	10258.19999997	10177.0	10258.19999997	10208.37699323	114773.758013	11.2331684	10217.39850468
6050	2019-09-17 02:00:00	10227.33435398	10199.91000001	10215.24330626	10223.38243999	99952.83233315	9.78624224	10213.60700889
6051	2019-09-17 04:00:00	10225.24035324	10166.42143292	10225.15573316	10196.9117051	146757.95015501	14.4082469	10185.69095696
6052	2019-09-17 06:00:00	10205.2565026	10181.91720519	10196.9117051	10193.24453794	145198.3964094	14.236604700000001	10198.94837772
6053	2019-09-17 08:00:00	10201.42472333	10140.0	10197.72472268	10158.66617145	193897.32194492	19.07495815	10165.01952036
6054	2019-09-17 10:00:00	10181.58596769	10157.952003	10162.41781602	10163.44999977	143701.44461785	14.13527955	10166.15512339
6055	2019-09-17 12:00:00	10242.0	10149.2857921	10158.0	10178.60916178	185339.59055251	18.18219916	10193.46388858
6056	2019-09-17 14:00:00	10229.93745415	10168.76631133	10176.29214409	10209.97826567	171443.00170369	16.81191674	10197.70704049
6057	2019-09-17 16:00:00	10263.99999999	10205.02127821	10207.61432295	10243.49404416	787045.85136816	76.84342517	10242.20158884
6058	2019-09-17 18:00:00	10249.85999999	10213.90109291	10245.10000007	10248.09172569	102595.62440498	10.02417719	10234.8175277
6059	2019-09-17 20:00:00	10268.03967019	10187.14158584	10248.09172569	10209.49668507	248289.62465867	24.23489223	10245.13013312
6060	2019-09-17 22:00:00	10238.15362383	10174.93	10209.09668495	10187.80747155	125198.25601065	12.26708755	10206.02938556
6061	2019-09-18 00:00:00	10257.88999983	10191.60000004	10191.60000004	10243.91305265	60965.23177373	5.96205313	10225.54318863
6062	2019-09-18 02:00:00	10250.70027158	10193.8530226	10240.35666665	10203.55511381	215144.65381007	21.06404005	10213.8361539
6063	2019-09-18 04:00:00	10227.05909736	10203.94451136	10210.10012847	10207.79999923	129373.3161503	12.66740809	10213.08504716
6064	2019-09-18 06:00:00	10219.99999977	10189.11404003	10200.9625546	10198.30611269	181545.35271759	17.79252555	10203.46168436
6065	2019-09-18 08:00:00	10200.15194291	10150.0	10198.30611269	10180.31999871	470796.10893144	46.27412198	10174.06897822
6066	2019-09-18 10:00:00	10196.4216918	10148.00851916	10188.51439492	10165.46350534	119361.31618074	11.7289471	10176.64374841
6067	2019-09-18 12:00:00	10199.91	10090.86864049	10162.36767898	10177.59517008	198030.89096683	19.48524779	10163.11894521
6068	2019-09-18 14:00:00	10187.40137256	10158.74714244	10187.40137256	10178.06287502	122157.16726271	12.00845892	10172.5931759
6069	2019-09-18 16:00:00	10205.35459176	10130.55502712	10176.60000117	10185.39999996	177260.83732863	17.4007581	10186.96060883
6070	2019-09-18 18:00:00	10210.65133992	10167.05902585	10181.60000067	10181.32217418	117612.46587994	11.54397002	10188.21650404
6071	2019-09-18 20:00:00	10216.67979999	10138.18439	10179.9	10195.28103817	72644.71471279	7.12764802	10191.96157118
6072	2019-09-18 22:00:00	10208.20000007	10155.33887797	10196.05883959	10164.35519547	57415.13415828	5.64355188	10173.58135073
6073	2019-09-19 00:00:00	10176.99899924	10126.1877681	10153.15811	10131.84949999	164556.35241617	16.20168002	10156.74622712
6074	2019-09-19 02:00:00	10141.88265813	9700.0	10130.0	9820.63024009	5295011.7361112	537.66579162	9848.14696906
6075	2019-09-19 04:00:00	9920.90756848	9791.1410049	9822.27734669	9899.99999998	914456.00426203	92.92583468	9840.70799483
6076	2019-09-19 06:00:00	9899.99999998	9856.05593	9899.99999998	9875.2	406310.77257304	41.1280215	9879.17137159
6077	2019-09-19 08:00:00	9890.96265687	9865.28106025	9874.32559847	9878.69427522	140811.1754019	14.25327213	9879.21749599
6078	2019-09-19 10:00:00	9879.83684974	9825.0	9879.49427526	9858.94	236411.08426473	23.99720286	9851.61002488
6079	2019-09-19 12:00:00	9889.15543603	9855.23266485	9860.43349952	9867.98594577	193189.90846412	19.56443564	9874.54542614
6080	2019-09-19 14:00:00	9885.36173781	9850.17393939	9860.10541794	9879.98865926	89534.14435511	9.07602717	9864.90483975
6081	2019-09-19 16:00:00	10090.0	9877.85579691	9880.80676827	10033.98198798	1085274.6322052	108.300794	10020.92959914
6082	2019-09-19 18:00:00	10100.0	10004.93902438	10030.74757992	10082.41358154	314880.20346741	31.39662132	10029.11110269
6083	2019-09-19 20:00:00	10265.82954118	10087.23240787	10087.23240787	10227.46186242	3302199.470021	322.47393266	10240.20590682
6084	2019-09-19 22:00:00	10244.3316609	10199.91000002	10227.46186242	10243.92000013	317485.42054352	31.04653885	10226.1131934
6085	2019-09-20 00:00:00	10265.82954118	10188.5	10244.3316609	10188.5	244808.76706322	23.92890274	10230.67249356
6086	2019-09-20 02:00:00	10235.0	10152.73000001	10190.038	10224.88	270762.17442479	26.57721851	10187.75438531
6087	2019-09-20 04:00:00	10220.33847938	10160.41013	10220.33847938	10165.92116412	144224.04793728	14.16024242	10185.13974969
6088	2019-09-20 06:00:00	10180.0	10140.01000001	10164.42115948	10152.06	185364.22210228	18.23919387	10162.96133609
6089	2019-09-20 08:00:00	10171.02999992	10125.00000001	10157.39999965	10141.59999998	247496.0971468	24.40391427	10141.65573639
6090	2019-09-20 10:00:00	10174.93	10139.50000081	10141.59999984	10174.93	87820.41421014	8.65100573	10151.46873681
6091	2019-09-20 12:00:00	10227.69342703	10165.09466669	10171.205	10180.1	183371.10293317	17.97840284	10199.5213126
6092	2019-09-20 14:00:00	10182.5	10145.5516833	10172.83292	10179.9	238285.09971363	23.43253775	10168.9839255
6093	2019-09-20 16:00:00	10180.0	10069.08423204	10178.36999991	10125.0	305137.29983254	30.14204922	10123.30971943
6094	2019-09-20 18:00:00	10193.93497357	10137.51275663	10137.51275663	10157.63682368	102691.40179107	10.09624944	10171.24253925
6095	2019-09-20 20:00:00	10170.35702481	10088.83556589	10170.09999999	10130.8	74811.62337525	7.38044034	10136.47152864
6096	2019-09-20 22:00:00	10181.43954	10131.10000003	10131.10000003	10163.24200001	83330.04880815	8.21318719	10145.88452453
6097	2019-09-21 00:00:00	10173.26576661	10135.00000015	10166.7	10151.30525973	48094.67484233	4.73798733	10150.86607298
6098	2019-09-21 02:00:00	10166.99999999	10117.50597	10151.30525966	10133.50260977	117385.99968272	11.57171591	10144.21720993
6099	2019-09-21 04:00:00	10123.20599198	10090.0	10123.20599198	10101.1284098	192999.13776945	19.09944763	10104.95913328
6100	2019-09-21 06:00:00	10103.99999995	9976.66325	10099.0759299	10075.99732525	338010.45546507	33.66506539	10040.39206665
6101	2019-09-21 08:00:00	10083.05180794	9990.0	10077.11532612	10005.42138191	335746.53660444	33.46472149	10032.85016744
6102	2019-09-21 10:00:00	10053.964	9988.0	10017.29531592	10051.25999992	182049.23973278	18.18554206	10010.65786942
6103	2019-09-21 12:00:00	10050.0	9902.000002	10050.0	10003.59000696	2652974.1625541	265.03210681	10010.01046433
6104	2019-09-21 14:00:00	10065.22448	9990.0	10005.29000725	10039.56559994	233910.88762626	23.31553409	10032.40529354
6105	2019-09-21 16:00:00	10054.9	9967.7905	10050.0083959	9971.17998148	390418.82666917	39.05112993	9997.63201139
6106	2019-09-21 18:00:00	10018.15539995	9968.81812	9972.65044713	10010.62713486	234628.13798383	23.46118204	10000.69551413
6107	2019-09-21 20:00:00	10028.56249999	9956.2	10010.62713485	9980.10000012	125015.68051309	12.51155829	9992.0151923
6108	2019-09-21 22:00:00	10017.2997	9948.47081699	9979.09999526	9984.52967214	112546.16843536	11.28798929	9970.43543751
6109	2019-09-22 00:00:00	10007.40297108	9869.0	9989.7	9903.64435	435089.64715629	43.80543016	9932.32221592
6110	2019-09-22 02:00:00	9938.583964	9881.1748309	9904.4717036	9881.1748309	143360.85236936	14.45781393	9915.80421932
6111	2019-09-22 04:00:00	9977.05458415	9861.98417983	9875.09999977	9945.13642809	217046.69644039	21.91048362	9906.06598214
6112	2019-09-22 06:00:00	10050.20118999	9927.61946	9945.33642812	10034.3878698	245744.59797194	24.58159121	9997.09888072
6113	2019-09-22 08:00:00	10087.0	9984.8174	10034.3878698	10008.2940509	321489.38150028	32.03121487	10036.75267407
6114	2019-09-22 10:00:00	10022.31267387	9991.76406	10011.86321011	10002.29994009	141479.52823958	14.14330468	10003.28646243
6115	2019-09-22 12:00:00	10053.76848531	9922.08795	10007.24439996	9989.12882294	417586.94029203	41.77706582	9995.60242194
6116	2019-09-22 14:00:00	9995.74741996	9950.64037004	9978.57158028	9988.904	148247.11773115	14.86562658	9972.4769039
6117	2019-09-22 16:00:00	10029.0099999	9972.17732346	9995.19753	10000.9	210447.4358964	21.04321517	10000.72632419
6118	2019-09-22 18:00:00	9998.95837734	9961.63363997	9989.6	9992.7	174013.63372568	17.42510019	9986.37780146
6119	2019-09-22 20:00:00	10055.237	9992.66115762	9992.66115762	10055.237	138913.31583628	13.87263231	10013.47925412
6120	2019-09-22 22:00:00	10065.237	10016.4950796	10052.6057708	10028.28475599	116252.31109972	11.573813	10044.42624913
6121	2019-09-23 00:00:00	10045.0434798	9947.67149815	10030.64091866	9972.89999999	571555.70916141	57.25714978	9982.2591826
6122	2019-09-23 02:00:00	9997.11734	9890.0	9972.9	9964.62805012	3029308.008849	304.93157966	9934.38597677
6123	2019-09-23 04:00:00	9978.60454	9940.0	9963.94229415	9962.73626819	226414.71546766	22.71258476	9968.68995141
6124	2019-09-23 06:00:00	9951.26612044	9879.15346	9951.26612044	9898.15555346	362693.43897867	36.59736546	9910.37017063
6125	2019-09-23 08:00:00	9965.20000004	9900.00000001	9900.00000002	9955.0	105731.18050561	10.63345185	9943.26038215
6126	2019-09-23 10:00:00	9952.6	9920.00000022	9952.6	9922.8	183184.34076968	18.43050018	9939.19530021
6127	2019-09-23 12:00:00	9929.53596999	9890.0	9921.69999969	9902.99723127	286749.80894046	28.93856949	9908.91443474
6128	2019-09-23 14:00:00	9950.0	9708.10000003	9901.2274063	9868.19641996	1632943.9544096	166.10050852	9831.05933244
6129	2019-09-23 16:00:00	9880.52701746	9787.64418999	9875.0	9812.11999845	3260865.1094977	332.05415643	9820.28095825
6130	2019-09-23 18:00:00	9846.17585365	9800.36343168	9807.35436566	9808.419511	249652.80152263	25.41292447	9823.85171046
6131	2019-09-23 20:00:00	9832.0	9715.16331594	9808.0	9760.54228243	3451006.9182242	353.48803946	9762.72612645
6132	2019-09-23 22:00:00	9758.6357327	9645.776	9758.6357327	9697.199	533324.93490982	55.06012401	9686.22836397
6133	2019-09-24 00:00:00	9783.39810866	9612.33919331	9704.0	9749.0	342440.20004317	35.32822195	9693.10599689
6134	2019-09-24 02:00:00	9753.9382072	9689.40100603	9728.25513	9721.95521785	236294.9339001	24.34082056	9707.76368519
6135	2019-09-24 04:00:00	9770.9068	9688.68325403	9718.83119948	9767.55345734	189752.64380049	19.46401421	9748.89566731
6136	2019-09-24 06:00:00	9781.36098	9736.0	9762.12101193	9754.8	166934.40407557	17.10694287	9758.28383505
6137	2019-09-24 08:00:00	9760.0	9680.47421809	9754.8	9740.0	1856233.97357	191.26398898	9705.08867596
6138	2019-09-24 10:00:00	9766.54261998	9703.71488148	9740.0	9727.0	245818.93342265	25.26214393	9730.72333463
6139	2019-09-24 12:00:00	9727.0	9590.15476598	9727.0	9639.29999989	770267.17818475	79.81559629	9650.58477275
6140	2019-09-24 14:00:00	9632.27159073	9417.0	9632.27159073	9520.53915222	1869737.1538225	196.43663241	9518.27126581
6141	2019-09-24 16:00:00	9605.7165658	9457.02231965	9522.33232809	9488.45636739	1224504.2435063	128.16690912	9553.98122583
6142	2019-09-24 18:00:00	9492.12693752	7906.6	9488.7	8330.0	8802580.5395124	1033.06648121	8520.82678086
6143	2019-09-24 20:00:00	8724.97879993	8121.60241995	8330.0	8651.94745336	2170341.8025092	256.24486269	8469.79634918
6144	2019-09-24 22:00:00	8769.71585	8466.21487112	8661.7449776	8501.53413007	1953658.4366516	226.12879706	8639.58267169
6145	2019-09-25 00:00:00	8720.0	8501.53413008	8503.31429997	8685.39999999	1027420.5699181	118.91369678	8640.05238874
6146	2019-09-25 02:00:00	8706.64832	8547.7662401	8685.02715914	8558.99926081	499448.73632359	57.83075412	8636.38636437
6147	2019-09-25 04:00:00	8586.29318017	8424.4788	8558.99926081	8490.688364	1402291.4469741	164.42606809	8528.40102097
6148	2019-09-25 06:00:00	8535.80667214	8323.51	8502.34117086	8328.89999998	644456.03084235	76.63167095	8409.78700911
6149	2019-09-25 08:00:00	8396.56859999	8220.92969954	8338.68999966	8382.1	1302737.7294519	156.59323503	8319.24654473
6150	2019-09-25 10:00:00	8450.4	8298.01345371	8396.5686025	8315.10312004	355812.70977882	42.47774903	8376.44926823
6151	2019-09-25 12:00:00	8427.29065665	8250.00000013	8315.10312	8384.0	488085.19137043	58.46061753	8348.95716111
6152	2019-09-25 14:00:00	8442.225	8300.0	8381.10000001	8300.0	436931.54724314	52.13859285	8380.19446555
6153	2019-09-25 16:00:00	8405.01933999	8243.0432	8307.29999998	8377.58011992	463265.05529005	55.5276807	8342.95705223
6154	2019-09-25 18:00:00	8392.80618042	8320.10000052	8375.07989995	8351.2691	317058.96997873	37.98167803	8347.68199889
6155	2019-09-25 20:00:00	8575.6176464	8334.62715012	8345.80298	8575.6176464	585614.28317053	69.19088212	8463.74934424
6156	2019-09-25 22:00:00	8619.9	8326.79235963	8575.31764616	8433.3339948	1467345.1225171	173.93091279	8436.36762999
6157	2019-09-26 00:00:00	8447.03729	8348.21133512	8436.4312666	8361.49723999	447881.41795769	53.30757076	8401.83507843
6158	2019-09-26 02:00:00	8399.96999995	8320.0	8357.60724	8362.5364464	253542.14024501	30.2983339	8368.18754066
6159	2019-09-26 04:00:00	8409.18847925	8344.4872761	8358.4000001	8395.45677	142385.35423643	16.97379999	8388.53729396
6160	2019-09-26 06:00:00	8433.02381875	8362.79290486	8392.00037964	8380.45139	241567.81840117	28.74786921	8402.98168314
6161	2019-09-26 08:00:00	8459.22999999	8367.73461619	8380.0913897	8445.27615486	341153.02232448	40.49453817	8424.66756608
6162	2019-09-26 10:00:00	8454.81443992	8398.9120857	8438.42625	8398.9120857	268704.89699267	31.91545934	8419.27086588
6163	2019-09-26 12:00:00	8432.4203462	8071.73308896	8392.26443964	8261.78797	3090257.9033193	375.99563836	8218.86635919
6164	2019-09-26 14:00:00	8386.0	7900.0	8258.08323999	7951.50882303	3296465.469903	409.02965189	8059.23349241
6165	2019-09-26 16:00:00	8018.22545982	7766.6	7928.56626985	7930.38694973	4101998.9577566	518.93219943	7904.69152282
6166	2019-09-26 18:00:00	8155.78622024	7914.16798	7915.38000034	8120.0	492073.13701958	61.21668309	8038.21952091
6167	2019-09-26 20:00:00	8136.87114116	8002.91000003	8120.76346865	8079.94533962	1489788.1944773	183.92849494	8099.82267817
6168	2019-09-26 22:00:00	8117.15749998	8020.0	8054.81000041	8037.41157048	1920118.5119996	238.04894966	8066.06588578
6169	2019-09-27 00:00:00	8070.0	7938.8	8047.99999999	8000.03349153	1573230.4385106	196.21940535	8017.71076466
6170	2019-09-27 02:00:00	8048.12436512	7972.91191028	8009.5362965	8002.11906581	209024.97578338	26.10594197	8006.79692093
6171	2019-09-27 04:00:00	8036.095219	7954.92756082	8028.526093	7980.20434342	221333.38165542	27.69363719	7992.21063441
6172	2019-09-27 06:00:00	8080.444818	7976.48064152	7976.48064152	8055.9342451	296823.86346926	36.8762931	8049.17844275
6173	2019-09-27 08:00:00	8125.20682874	8022.97159925	8061.8467784	8047.13390671	335862.0653819	41.61117623	8071.43887318
6174	2019-09-27 10:00:00	8081.44264329	7952.0	8050.5566533	7991.73541598	416495.53797089	52.03172839	8004.64545111
6175	2019-09-27 12:00:00	8035.1030796	7955.6728044	7986.80356419	7992.15214039	166889.42944779	20.86820146	7997.30775877
6176	2019-09-27 14:00:00	8088.60113692	7866.6	7999.05466362	7977.69962293	1093628.0420727	137.60381736	7947.6577253
6177	2019-09-27 16:00:00	8042.49410743	7946.49836502	7982.22765185	8033.69999967	395700.18435038	49.46517326	7999.57138066
6178	2019-09-27 18:00:00	8059.21704181	7999.34808855	8034.39999976	7999.34808855	186385.26566997	23.20672003	8031.52127612
6179	2019-09-27 20:00:00	8260.0	7992.31	7999.34808855	8205.65973285	673676.82024299	82.56020185	8159.82525656
6180	2019-09-27 22:00:00	8242.30999999	8131.14481784	8212.84668053	8166.6136	1797784.645509	219.79809241	8179.25499624
6181	2019-09-28 00:00:00	8200.0	8146.15000002	8166.61360001	8154.51000001	229937.88305254	28.15672399	8166.35781684
6182	2019-09-28 02:00:00	8167.38358766	8102.43000001	8154.51000001	8141.0	83986.93389081	10.31829812	8139.61109807
6183	2019-09-28 04:00:00	8160.2628	7700.98129344	8157.11446284	8145.57999994	1812549.1503905	228.19673489	7942.92324675
6184	2019-09-28 06:00:00	8200.0	8115.01000001	8126.92000001	8182.65622443	141499.51364905	17.35237513	8154.47525707
6185	2019-09-28 08:00:00	8209.99099998	8160.99	8189.13031768	8209.98999999	114904.79519465	14.02733692	8191.4903627
6186	2019-09-28 10:00:00	8230.0	8126.92000001	8210.0	8139.59137136	90079.38537983	11.02815046	8168.13170137
6187	2019-09-28 12:00:00	8136.31150759	8038.68545049	8136.31150759	8104.45317454	242649.28940491	30.01708859	8083.70500947
6188	2019-09-28 14:00:00	8105.89999983	8006.18979996	8105.74317476	8048.55469835	162734.52571093	20.23502979	8042.21824231
6189	2019-09-28 16:00:00	8166.66905293	8032.04855137	8064.72285866	8147.29082117	272139.05959042	33.44457542	8137.01642711
6190	2019-09-28 18:00:00	8179.30507095	8103.58088161	8146.15000001	8146.49244129	250920.91254188	30.81139152	8143.77086406
6191	2019-09-28 20:00:00	8170.91999999	8119.19115351	8146.53527624	8123.39	92931.5173172	11.40600913	8147.59275203
6192	2019-09-28 22:00:00	8309.49	8069.96999991	8126.3076605	8205.90000002	1694542.4809469	207.01993457	8185.40728682
6193	2019-09-29 00:00:00	8217.85405642	8165.38	8192.46544036	8165.38000001	94774.58292192	11.56621557	8194.08754301
6194	2019-09-29 02:00:00	8170.80604401	8138.16238683	8170.80604401	8139.29999987	57067.77555108	6.99754145	8155.40371698
6195	2019-09-29 04:00:00	8136.36344397	8100.11329211	8130.89989994	8121.25560701	43682.39086535	5.38358286	8113.99991442
6196	2019-09-29 06:00:00	8114.47310462	8046.87730001	8108.07030623	8079.99999999	164337.78672842	20.35217638	8074.70334671
6197	2019-09-29 08:00:00	8112.4603651	8069.83000008	8080.0	8098.0	26329.45010839	3.25080747	8099.35696019
6198	2019-09-29 10:00:00	8107.68999974	8036.82000001	8092.47401932	8083.49732961	226364.33730772	28.09131864	8058.1598966
6199	2019-09-29 12:00:00	8082.29732912	7900.0	8071.65814839	7997.71780658	948383.67502561	118.86033762	7978.97510654
6200	2019-09-29 14:00:00	8023.278028	7894.00000001	7993.17612033	7954.23416095	341146.11845731	42.8432413	7962.65894236
6201	2019-09-29 16:00:00	8023.93358136	7937.29	7950.76051093	7987.80889509	340388.13890345	42.53358775	8002.80806087
6202	2019-09-29 18:00:00	8011.54	7927.29	7985.68881552	7959.67989955	400224.01377684	50.25102473	7964.49457353
6203	2019-09-29 20:00:00	8086.19756875	7919.16798559	7936.37858914	8044.48118554	261759.16300823	32.70125867	8004.55926329
6204	2019-09-29 22:00:00	8120.79086618	8030.77000001	8044.48118554	8049.34563487	170291.13907468	21.05635203	8087.39988921
6205	2019-09-30 00:00:00	8047.55479429	7968.30000002	8047.21952532	8021.89209676	157599.54681003	19.64346778	8023.00024492
6206	2019-09-30 02:00:00	8019.33477998	7963.01056562	8016.86914467	7985.10755165	2356873.5043385	295.30836702	7981.0590134
6207	2019-09-30 04:00:00	7985.10755165	7723.0	7985.10755165	7816.17999895	1502051.4432723	190.75813397	7874.11478615
6208	2019-09-30 06:00:00	7819.23	7740.0	7800.3740487	7811.61564989	329601.57829318	42.310732	7790.02306774
6209	2019-09-30 08:00:00	8027.71207781	7779.1643227	7800.0	8016.53850009	1283773.6739181	161.81311481	7933.68124348
6210	2019-09-30 10:00:00	8090.9	7988.9365081	8012.0	8032.16290151	672049.28909641	83.61545936	8037.38081737
6211	2019-09-30 12:00:00	8120.0	7996.234059	8034.38000628	8100.38000291	1521508.0801597	187.66239643	8107.68757675
6212	2019-09-30 14:00:00	8298.30235253	8088.76000033	8100.02446	8269.99999999	1249287.7785287	152.65904768	8183.51612639
6213	2019-09-30 16:00:00	8315.42	8193.30000002	8270.0	8226.67639001	328951.9701631	39.87357604	8249.87379695
6214	2019-09-30 18:00:00	8280.766799	8226.67639	8229.99	8252.44965947	232629.92868698	28.17852981	8255.57366745
6215	2019-09-30 20:00:00	8265.91831068	8135.0	8261.54	8235.0	275999.18604804	33.66431612	8198.56803459
6216	2019-09-30 22:00:00	8281.75679901	8210.77384718	8235.0	8280.47096847	148515.07200014	17.99893808	8251.32412479
6217	2019-10-01 00:00:00	8300.438074	8173.85142	8281.75679901	8262.78062875	279914.19849116	33.98486005	8236.43816921
6218	2019-10-01 02:00:00	8490.05999999	8261.54000005	8261.55000008	8402.55	723498.69379813	86.16940499	8396.23638903
6219	2019-10-01 04:00:00	8459.99999999	8399.46225178	8399.46225179	8419.99999949	201467.50130659	23.90947161	8426.26322291
6220	2019-10-01 06:00:00	8420.0	8347.27212179	8420.0	8411.80953181	234967.72547495	28.05654292	8374.792509
6221	2019-10-01 08:00:00	8410.00614583	8295.58249581	8405.55906034	8317.0	397571.20368987	47.71453931	8332.28633115
6222	2019-10-01 10:00:00	8353.03578881	8288.62692514	8317.02817103	8353.03578881	325394.94330413	39.11488221	8318.95495829
6223	2019-10-01 12:00:00	8416.19926227	8279.20818177	8361.81363963	8331.84616369	648874.01784094	77.73521977	8347.23333594
6224	2019-10-01 14:00:00	8362.5762	8309.49	8335.64573852	8362.5762	225063.45973085	27.00121689	8335.3080214
6225	2019-10-01 16:00:00	8482.92397999	8249.95063353	8360.0	8273.26070527	665803.28493616	79.66756754	8357.26890496
6226	2019-10-01 18:00:00	8330.0	8235.59292	8275.87613337	8306.01226502	590806.15948972	71.27990846	8288.53701209
6227	2019-10-01 20:00:00	8404.09103623	8273.17163087	8306.03226671	8296.49598081	171508.57919132	20.52473139	8356.1911692
6228	2019-10-01 22:00:00	8365.35227388	8274.80971677	8297.08460973	8299.89999999	281001.76681956	33.7782714	8319.00968205
6229	2019-10-02 00:00:00	8328.67177845	8269.3526	8300.0	8278.48	160981.70897517	19.41834744	8290.18583958
6230	2019-10-02 02:00:00	8300.0	8203.85	8285.00000003	8241.14811318	268473.29954252	32.61757852	8230.93901277
6231	2019-10-02 04:00:00	8254.59999985	8155.67956077	8233.90066989	8158.1222586	486876.02836551	59.40979288	8195.2150439
6232	2019-10-02 06:00:00	8234.99870805	8168.34608628	8169.87675125	8204.27094825	291123.68515384	35.49053109	8202.85513382
6233	2019-10-02 08:00:00	8269.0	8202.68426668	8203.85	8231.89717751	192190.22404053	23.3090996	8245.28734865
6234	2019-10-02 10:00:00	8278.47999997	8208.82624259	8231.89717751	8270.0	125596.60237368	15.22714376	8248.20493936
6235	2019-10-02 12:00:00	8290.83948	8204.78	8276.49999999	8206.67603328	424228.4866823	51.39006471	8255.06815522
6236	2019-10-02 14:00:00	8245.10591192	8193.85775047	8217.373847	8233.9869664	146789.66784254	17.85003607	8223.49418605
6237	2019-10-02 16:00:00	8268.73637997	8188.03140005	8227.72769706	8222.10000002	373315.47835486	45.42711563	8217.89966581
6238	2019-10-02 18:00:00	8257.64897207	8218.24579002	8223.08	8256.24897151	180280.84091967	21.8773309	8240.53179721
6239	2019-10-02 20:00:00	8264.17790826	8216.44	8252.38103754	8249.23786884	29199.91689149	3.54457722	8237.91247281
6240	2019-10-02 22:00:00	8369.398171	8232.05374544	8252.97	8357.89978089	1010040.0683533	121.60518245	8305.8965745
6241	2019-10-03 00:00:00	8392.03072904	8311.10715387	8362.88157415	8320.79050557	393746.6888716	47.168247	8347.70664408
6242	2019-10-03 02:00:00	8343.7042511	8319.42769194	8319.42769194	8325.20766315	184921.52839295	22.18783497	8334.36559461
6243	2019-10-03 04:00:00	8366.28834	8279.54221838	8325.354362	8284.85102815	663051.63431349	79.72073204	8317.17945064
6244	2019-10-03 06:00:00	8299.03833991	8240.50905163	8289.6782041	8256.27966126	297313.90769989	35.95947835	8268.02616005
6245	2019-10-03 08:00:00	8290.03322893	8239.85782589	8247.41988338	8265.39999954	201856.45594433	24.41307968	8268.37328965
6246	2019-10-03 10:00:00	8265.39999954	8168.10000011	8265.39999953	8223.07999999	778819.02923604	94.69820757	8224.2214422
6247	2019-10-03 12:00:00	8242.10999999	8208.76375638	8212.47508527	8215.45470701	385538.42348654	46.88050949	8223.853104
6248	2019-10-03 14:00:00	8220.23600347	8050.0	8215.68476599	8119.43127945	1977236.1666732	243.33421202	8125.59874034
6249	2019-10-03 16:00:00	8203.74321367	8100.28937361	8118.03325999	8146.14999999	491447.09668428	60.23748135	8158.49344412
6250	2019-10-03 18:00:00	8150.28226165	8090.0	8143.71567532	8145.17893976	92311.70623519	11.35996169	8126.05788243
6251	2019-10-03 20:00:00	8192.81466518	8113.01853808	8150.49990435	8167.58609405	125937.85333579	15.43983815	8156.68222116
6252	2019-10-03 22:00:00	8274.0	8145.60696011	8165.38	8214.26248971	430564.20972283	52.48187836	8204.05486955
6253	2019-10-04 00:00:00	8223.60000001	8030.0	8223.60000001	8117.99999999	570644.28586653	70.30007946	8117.26373924
6254	2019-10-04 02:00:00	8134.19999997	8080.08282321	8115.16687157	8113.88336297	117505.66265929	14.49306703	8107.71539357
6255	2019-10-04 04:00:00	8100.0	8008.0	8094.16668922	8078.0	727681.00775397	90.16528564	8070.52295779
6256	2019-10-04 06:00:00	8142.94259426	8078.0	8078.0	8138.25778999	211339.67973385	26.0392381	8116.20059397
6257	2019-10-04 08:00:00	8135.30714097	8089.28134	8135.30714097	8121.0	243294.54115481	29.99068017	8112.33822559
6258	2019-10-04 10:00:00	8173.91826	8117.77645055	8121.0	8150.68813308	327722.78078717	40.2012381	8152.05690859
6259	2019-10-04 12:00:00	8174.36890243	8123.69000005	8164.30000001	8174.0	147692.86188938	18.14841703	8138.05753114
6260	2019-10-04 14:00:00	8178.34999972	8126.92	8174.0	8147.40435365	201742.12927875	24.75787167	8148.60550081
6261	2019-10-04 16:00:00	8202.5297	8128.81744526	8133.60000001	8168.2005	653357.58704108	79.9697566	8170.05846734
6262	2019-10-04 18:00:00	8195.206772	8154.41	8161.83303005	8177.60889088	282617.6594914	34.56415272	8176.61181458
6263	2019-10-04 20:00:00	8214.914692	8128.4113658	8181.0121181	8166.12271692	483408.05022889	59.06465936	8184.38733867
6264	2019-10-04 22:00:00	8197.09171621	8135.75597232	8175.51222932	8135.75597232	108760.87237584	13.34385789	8150.63179422
6265	2019-10-05 00:00:00	8143.1258762	8095.34483142	8135.75597232	8103.76198075	198807.47782933	24.5078739	8111.98387263
6266	2019-10-05 02:00:00	8139.62266581	8095.05	8102.82976841	8128.77192361	106780.67507393	13.15164344	8119.18872048
6267	2019-10-05 04:00:00	8141.90349457	8102.9945167	8132.84345241	8114.76746462	47399.63187053	5.83655143	8121.17094126
6268	2019-10-05 06:00:00	8130.0	8095.05000001	8110.00000001	8107.22273663	108153.19182156	13.33115796	8112.81301639
6269	2019-10-05 08:00:00	8107.22273663	8074.72281488	8107.22273663	8081.47150024	316440.90520576	39.127935	8087.33977925
6270	2019-10-05 10:00:00	8099.99999996	8067.36494012	8080.42851078	8083.50880988	96461.19602987	11.93658304	8081.13977899
6271	2019-10-05 12:00:00	8089.2644109	8015.0	8081.2999992	8063.00104964	161374.81074484	20.01873543	8061.18904508
6272	2019-10-05 14:00:00	8090.71475999	8029.74158358	8062.99999294	8083.1	304617.57095208	37.8323531	8051.77436748
6273	2019-10-05 16:00:00	8099.00369997	8033.09026001	8090.51469996	8041.7999997	232112.23309508	28.80356755	8058.45431098
6274	2019-10-05 18:00:00	8088.98257662	8040.0	8040.0	8074.51885224	83795.50142135	10.37241024	8078.69140175
6275	2019-10-05 20:00:00	8180.0	8056.3216471	8069.23	8138.12228771	625434.27670351	77.18082261	8103.49327142
6276	2019-10-05 22:00:00	8165.72439182	8100.0	8137.72228772	8123.70530665	269647.76345797	33.16715046	8129.96473071
6277	2019-10-06 00:00:00	8154.40999993	8042.72406426	8126.92	8058.3818435	910098.51410248	112.61544343	8081.47165595
6278	2019-10-06 02:00:00	8062.79234825	8012.9921	8050.14507037	8040.49247861	428021.76541597	53.25078184	8037.84941039
6279	2019-10-06 04:00:00	8079.07033056	8038.21374721	8042.34328074	8051.8450444	96794.87541545	12.01483873	8056.27754068
6280	2019-10-06 06:00:00	8057.17676062	7909.99999997	8043.32628771	7967.28999996	998448.53091719	125.22767975	7973.0658023
6281	2019-10-06 08:00:00	7968.69999925	7864.60612158	7956.78322558	7934.61999645	407949.07701405	51.52973369	7916.77052841
6282	2019-10-06 10:00:00	7956.65959257	7895.09810264	7934.61999645	7938.90000002	279442.86261175	35.27308593	7922.26864318
6283	2019-10-06 12:00:00	7961.06973807	7874.86849753	7939.80000001	7886.0	1050751.0238426	132.78199674	7913.35459354
6284	2019-10-06 14:00:00	8049.99999999	7865.17399278	7886.0	8009.59546614	1951216.907758	246.52336747	7914.93693998
6285	2019-10-06 16:00:00	8024.3307425	7959.4022734	8009.59546614	7973.08	254738.59219565	31.8680816	7993.53395014
6286	2019-10-06 18:00:00	7983.42402044	7800.0	7971.3208398	7894.4149347	2583302.1826512	329.27244522	7845.48546394
6287	2019-10-06 20:00:00	7922.72775126	7864.67252336	7889.28949458	7922.72775126	245683.56861434	31.13603175	7890.6512746
6288	2019-10-06 22:00:00	7913.89222191	7800.0	7913.89222191	7862.0	853394.67119839	108.74993367	7847.31210768
6289	2019-10-07 00:00:00	7874.09122367	7771.1272	7862.0	7809.81523945	935998.36249285	119.84330611	7810.18475603
6290	2019-10-07 02:00:00	7898.5	7799.41493054	7822.10501648	7859.04145356	337025.38498715	42.89056586	7857.79758857
6291	2019-10-07 04:00:00	7882.81870859	7806.48171845	7868.70639343	7834.63682487	139137.15273646	17.75160969	7838.00202721
6292	2019-10-07 06:00:00	7877.54877001	7808.3361892	7834.43682484	7856.3227263	142539.60885216	18.13619776	7859.39868645
6293	2019-10-07 08:00:00	7940.0	7862.75918128	7862.75918128	7925.58632002	475721.42314562	60.1385006	7910.43039649
6294	2019-10-07 10:00:00	8056.0	7927.20825655	7931.53172479	7986.31841632	699618.28199693	87.50185306	7995.46818188
6295	2019-10-07 12:00:00	8191.0	7983.89999988	7983.89999988	8146.91712464	1274200.8373861	156.99858578	8116.00200763
6296	2019-10-07 14:00:00	8211.1111	8110.55926773	8144.42867216	8171.98718657	597989.46999622	73.30539098	8157.51013672
6297	2019-10-07 16:00:00	8265.66025217	8140.0	8176.47439115	8257.0	719167.07471499	87.57610157	8211.91011956
6298	2019-10-07 18:00:00	8293.21419929	8200.01000001	8257.0	8211.99999999	987902.94326262	119.89520358	8239.72030376
6299	2019-10-07 20:00:00	8239.65908606	8159.99443312	8210.81621472	8183.1288815	332880.07385686	40.63138104	8192.6842095
6300	2019-10-07 22:00:00	8238.17398952	8179.60000001	8183.1288815	8188.96999999	285370.0743234	34.80387776	8199.37583654
6301	2019-10-08 00:00:00	8265.0	8187.69445095	8188.97	8264.88921589	348715.37013526	42.39230913	8225.91119219
6302	2019-10-08 02:00:00	8299.0	8232.92516136	8264.88921589	8244.51000022	359663.37510566	43.48188838	8271.56750788
6303	2019-10-08 04:00:00	8270.87404872	8191.7	8254.9871255	8242.28323265	237163.92999781	28.81605993	8230.26918232
6304	2019-10-08 06:00:00	8249.21005999	8190.0	8247.3828406	8202.01027304	247445.00629102	30.09532876	8222.04031277
6305	2019-10-08 08:00:00	8198.00000001	8127.89000001	8198.00000001	8164.23252565	546528.16685241	67.04514358	8151.64436481
6306	2019-10-08 10:00:00	8200.28	8154.41000002	8164.23252565	8177.21730321	294984.25090691	36.07771595	8176.35604525
6307	2019-10-08 12:00:00	8236.27361701	8136.01200356	8165.80000016	8199.4	556917.71886178	68.1017118	8177.73451124
6308	2019-10-08 14:00:00	8215.902	8163.50000038	8196.6798199	8182.58209299	753985.46906303	92.07535103	8188.78734241
6309	2019-10-08 16:00:00	8208.29285976	8160.74	8179.2773955	8172.8594773	366497.33551025	44.83892351	8173.6426038
6310	2019-10-08 18:00:00	8199.73826369	8161.75863177	8172.85947731	8165.10649814	305073.3799089	37.3051964	8177.7717141
6311	2019-10-08 20:00:00	8184.47579645	8107.7216428	8167.22341928	8160.25954	377678.18360296	46.40418957	8138.88114635
6312	2019-10-08 22:00:00	8209.22156	8155.34632104	8163.25399596	8168.29932128	591240.49012149	72.23702089	8184.72969728
6313	2019-10-09 00:00:00	8199.31588855	8138.92994567	8168.29932128	8164.17469472	640510.08143463	78.3550371	8174.45955155
6314	2019-10-09 02:00:00	8165.25479598	8120.98145854	8165.25148779	8120.98145854	295408.16445761	36.26740821	8145.27916489
6315	2019-10-09 04:00:00	8161.08239	8118.03235814	8120.25953932	8145.32709203	87069.26123825	10.71043846	8129.3834574
6316	2019-10-09 06:00:00	8187.72044107	8136.89738103	8145.10999682	8176.03030509	229464.16148435	28.1145291	8161.76435565
6317	2019-10-09 08:00:00	8215.24762015	8156.48390121	8176.03030508	8190.64225855	289505.44134238	35.34317809	8191.26793309
6318	2019-10-09 10:00:00	8230.5999999	8159.73910991	8192.44773243	8187.671626	537037.96036269	65.53410568	8194.78582625
6319	2019-10-09 12:00:00	8239.89336301	8160.30000001	8184.87021298	8237.53	470003.8756045	57.42425277	8184.76258606
6320	2019-10-09 14:00:00	8650.0	8239.89336301	8239.89336301	8552.44694521	3282296.1972909	388.15081716	8456.23930745
6321	2019-10-09 16:00:00	8629.32643064	8500.00000001	8556.56246154	8619.66999983	1330227.9575668	155.21025353	8570.49020482
6322	2019-10-09 18:00:00	8677.59062	8555.04125943	8628.25767006	8578.21991595	753456.85481878	87.62544833	8598.60770105
6323	2019-10-09 20:00:00	8612.49677995	8520.79999988	8584.19486036	8552.0	352062.37145542	41.0892823	8568.22878737
6324	2019-10-09 22:00:00	8610.0	8539.39596732	8549.5833451	8557.6500005	668155.34946315	77.85574868	8581.96550404
6325	2019-10-10 00:00:00	8583.74344587	8523.62354024	8559.87075082	8527.00000114	196574.61836429	22.99896482	8547.10722429
6326	2019-10-10 02:00:00	8577.06321526	8480.00000002	8523.62370005	8541.65513888	787962.48920246	92.38616028	8529.01004668
6327	2019-10-10 04:00:00	8582.50979339	8544.12614124	8546.3102037	8548.22340659	305846.35053732	35.73192671	8559.46988304
6328	2019-10-10 06:00:00	8642.0	8537.00001	8548.52340668	8612.27513286	702645.18261035	81.72986386	8597.16570449
6329	2019-10-10 08:00:00	8616.85584093	8490.49620248	8616.11936379	8513.71969861	1094479.9621129	128.13072258	8541.90111531
6330	2019-10-10 10:00:00	8530.63805686	8464.99999999	8510.8982419	8529.30334412	784718.31212701	92.29214593	8502.54703929
6331	2019-10-10 12:00:00	8527.52000001	8422.22442288	8527.52000001	8485.7571105	963817.95679204	113.85434815	8465.35922828
6332	2019-10-10 14:00:00	8546.56354	8453.59128413	8485.65711053	8534.2901774	301081.00922041	35.44522546	8494.26136561
6333	2019-10-10 16:00:00	8567.27036568	8495.6	8535.55702415	8495.6	417248.96846776	48.93591979	8526.43559696
6334	2019-10-10 18:00:00	8551.45569538	8487.97351815	8493.10000004	8551.45569538	542344.23953802	63.68468371	8516.08594003
6335	2019-10-10 20:00:00	8580.70932459	8519.33051282	8550.12208127	8539.0098618	198414.89318904	23.20191862	8551.65887091
6336	2019-10-10 22:00:00	8569.56812296	8529.50330798	8541.90003784	8556.34174685	556456.31302262	65.10531472	8547.01824905
6337	2019-10-11 00:00:00	8567.10735781	8482.75862068	8558.54461617	8525.14365607	482624.33041205	56.66038101	8517.84477635
6338	2019-10-11 02:00:00	8550.13136549	8498.92737912	8522.33509841	8549.13136537	263955.9386294	30.95181629	8527.96282312
6339	2019-10-11 04:00:00	8770.0	8363.28587597	8553.04356498	8445.14764436	4870163.6165338	568.83527986	8561.64128521
6340	2019-10-11 06:00:00	8433.56	8377.0	8425.7639001	8390.74347092	1432948.5472566	170.47535058	8405.60551646
6341	2019-10-11 08:00:00	8398.99999996	8280.0	8392.49110345	8345.0	1037552.5321709	124.44670397	8337.32432496
6342	2019-10-11 10:00:00	8379.10034478	8287.51025423	8344.43430653	8301.91474494	1059361.0614945	127.1861485	8329.21724565
6343	2019-10-11 12:00:00	8354.63920487	8278.48000001	8299.99999999	8344.71534013	790350.21660827	94.78101307	8338.69770968
6344	2019-10-11 14:00:00	8344.6346201	8282.4761527	8330.2095122	8344.33462004	607356.3579466	73.04853936	8314.42166082
6345	2019-10-11 16:00:00	8366.17910419	8283.68786	8341.99375079	8339.30000032	884508.22591196	106.2487263	8324.88309944
6346	2019-10-11 18:00:00	8359.70807811	8301.86645463	8336.10000001	8340.51	479430.09493966	57.56705407	8328.20269657
6347	2019-10-11 20:00:00	8356.83985332	8303.70409218	8340.64925011	8308.7	230477.55509649	27.64363645	8337.45428223
6348	2019-10-11 22:00:00	8342.89999966	8220.0	8309.2	8235.8500005	641962.22713359	77.62445148	8270.10323285
6349	2019-10-12 00:00:00	8327.05662581	8245.16979005	8245.16979005	8307.31646215	517144.80861835	62.44841947	8281.15127664
6350	2019-10-12 02:00:00	8325.02797545	8291.71313813	8305.46450435	8314.4499988	66328.79482332	7.98756472	8304.00718472
6351	2019-10-12 04:00:00	8348.0	8308.33240309	8313.68802037	8330.79815286	188785.85960572	22.67628149	8325.25648832
6352	2019-10-12 06:00:00	8354.33705999	8326.00000002	8330.45986998	8335.25480001	135916.2589495	16.29666163	8340.12891936
6353	2019-10-12 08:00:00	8362.87962999	8326.70000001	8335.55480001	8336.17590001	82559.99861812	9.89597517	8342.78554663
6354	2019-10-12 10:00:00	8339.5745758	8295.89999998	8336.1759	8317.13723691	492315.06239581	59.23228065	8311.60065074
6355	2019-10-12 12:00:00	8337.73391996	8308.47843489	8318.73693027	8328.01209571	436270.41021431	52.43007559	8320.9952552
6356	2019-10-12 14:00:00	8398.918224	8313.88052055	8327.68602638	8373.57428677	403310.41177553	48.27866183	8353.80262186
6357	2019-10-12 16:00:00	8390.58745915	8318.95021855	8373.60000001	8322.89999985	577392.48063116	69.20647881	8343.04086206
6358	2019-10-12 18:00:00	8325.12494709	8293.40679066	8320.69999997	8303.97320393	391804.69464632	47.15641633	8308.61895663
6359	2019-10-12 20:00:00	8345.3267959	8312.20456462	8315.99999939	8330.20000007	170782.92703226	20.5202088	8322.67004184
6360	2019-10-12 22:00:00	8343.22599598	8295.32872073	8329.70000004	8301.78354408	322746.82773948	38.76133631	8326.514472
6361	2019-10-13 00:00:00	8360.1094028	8281.46072227	8291.30138248	8343.49999997	199941.21367525	24.01693127	8325.01086119
6362	2019-10-13 02:00:00	8350.99999916	8324.60498513	8339.20061202	8331.80660657	42226.12294031	5.06338351	8339.5071412
6363	2019-10-13 04:00:00	8351.97390889	8316.60000001	8332.60000223	8323.30000014	89235.97967386	10.70871081	8333.02731366
6364	2019-10-13 06:00:00	8344.11356585	8309.49000001	8321.52066742	8326.49999954	105533.11005708	12.68234944	8321.25865608
6365	2019-10-13 08:00:00	8353.5999997	8318.57021264	8319.40000288	8341.69999818	79293.05930357	9.52045644	8328.70354518
6366	2019-10-13 10:00:00	8373.58212176	8326.93690012	8340.79999801	8352.32872487	271536.15850768	32.53543734	8345.85856861
6367	2019-10-13 12:00:00	8432.22999999	8345.57374351	8354.02006433	8413.48997497	670684.59897528	79.83749103	8400.62219294
6368	2019-10-13 14:00:00	8418.18999949	8371.82463994	8415.58676759	8411.80017055	216062.44848573	25.74878385	8391.17100614
6369	2019-10-13 16:00:00	8456.08461	8398.24280622	8411.70017052	8417.0	357112.78877243	42.36135888	8430.15423051
6370	2019-10-13 18:00:00	8434.2445573	8420.00000001	8426.53485366	8425.78850691	189912.84630787	22.52957876	8429.48944278
6371	2019-10-13 20:00:00	8431.51522814	8162.62400001	8431.51522813	8247.20000015	883563.64142051	106.98615444	8258.67277915
6372	2019-10-13 22:00:00	8310.14835854	8245.0	8245.0	8281.87357591	326241.9273296	39.41004097	8278.14230332
6373	2019-10-14 00:00:00	8291.08313415	8247.46	8278.48	8291.08313411	349983.09256938	42.31724664	8270.45992729
6374	2019-10-14 02:00:00	8306.15974445	8279.63409835	8285.09130318	8286.47285606	439714.68015286	53.02370317	8292.7946157
6375	2019-10-14 04:00:00	8324.08358635	8275.43284569	8290.99999985	8310.07451999	332106.48874556	40.02507733	8297.4602649
6376	2019-10-14 06:00:00	8328.52407783	8290.52944763	8308.122276	8301.21429281	546373.75325094	65.77074938	8307.24536973
6377	2019-10-14 08:00:00	8323.65745995	8282.59681502	8303.07108432	8297.60287861	510863.30334586	61.48736499	8308.42732371
6378	2019-10-14 10:00:00	8311.87007755	8278.99999996	8297.60287861	8283.66749539	216640.26822372	26.13856368	8288.14738544
6379	2019-10-14 12:00:00	8290.77498745	8245.24025472	8278.48	8290.77498745	389926.68448517	47.18324354	8264.09240294
6380	2019-10-14 14:00:00	8285.59043427	8249.20000001	8278.30000054	8252.96172774	304159.03406198	36.80000155	8265.19079486
6381	2019-10-14 16:00:00	8384.05283992	8208.2828211	8252.90141288	8331.23899467	1021187.5096732	123.00118062	8302.25778749
6382	2019-10-14 18:00:00	8370.04527298	8321.0	8333.59999995	8322.00000023	496063.46457951	59.49781932	8337.50665568
6383	2019-10-14 20:00:00	8346.46008748	8244.07609776	8337.68634566	8302.37236493	544986.68003565	65.57310106	8311.13171751
6384	2019-10-14 22:00:00	8350.0	8298.40755301	8303.27187637	8345.08962667	110652.98622425	13.27711223	8334.11545428
6385	2019-10-15 00:00:00	8384.8989	8322.00000006	8345.08962666	8327.99999967	203442.19765454	24.32938381	8361.99548839
6386	2019-10-15 02:00:00	8332.96872921	8310.00000001	8322.0	8310.31701032	60316.35338973	7.25150409	8317.77140868
6387	2019-10-15 04:00:00	8329.19999989	8300.4086499	8310.31701032	8327.33526702	108667.89761261	13.06265342	8318.97579447
6388	2019-10-15 06:00:00	8340.50999997	8277.76362018	8327.33526703	8280.00000029	428451.29922401	51.57601489	8307.18116042
6389	2019-10-15 08:00:00	8294.92212516	8259.7114552	8282.49063073	8273.64880664	351463.93698752	42.47133237	8275.32166699
6390	2019-10-15 10:00:00	8314.59	8273.68866429	8273.68866429	8289.88789887	242001.23386723	29.16674986	8297.16149481
6391	2019-10-15 12:00:00	8316.01589756	8278.68000007	8290.43179171	8299.74214971	137715.6746898	16.58957596	8301.33784141
6392	2019-10-15 14:00:00	8349.0	8233.00000002	8299.94214971	8309.49	575023.99880836	69.48672045	8275.30778664
6393	2019-10-15 16:00:00	8309.79118996	8100.0	8309.49000002	8167.62	1165544.2914019	142.47575658	8180.64995322
6394	2019-10-15 18:00:00	8179.26588184	8148.41084592	8161.3748627	8168.72875386	404101.33098507	49.48910881	8165.45984969
6395	2019-10-15 20:00:00	8172.53446014	8128.32277722	8172.53446014	8145.00000002	85208.19781577	10.45789722	8147.737162
6396	2019-10-15 22:00:00	8175.89174999	8137.17000328	8145.20000004	8163.15567182	296046.59858392	36.31389425	8152.43324072
6397	2019-10-16 00:00:00	8179.99999992	8146.45956532	8160.95567154	8174.4	167932.84731106	20.58212707	8159.15899945
6398	2019-10-16 02:00:00	8177.39144192	8146.80000006	8170.35197639	8165.94906306	146351.9226755	17.92765141	8163.47436306
6399	2019-10-16 04:00:00	8177.71694443	8161.40000006	8166.39999999	8170.65057005	145468.6827649	17.80883476	8168.34367465
6400	2019-10-16 06:00:00	8174.87723243	8126.92277719	8171.05221053	8138.08784974	364525.51522724	44.71836123	8151.58483452
6401	2019-10-16 08:00:00	8145.67369224	8101.00000001	8137.78784937	8145.67369224	352849.79077987	43.41810657	8126.78899783
6402	2019-10-16 10:00:00	8160.65307049	8002.24705	8147.49831	8054.5478194	1248463.0940713	154.17020403	8097.95318055
6403	2019-10-16 12:00:00	8054.24781935	7935.85341091	8054.24781935	7999.79999956	1066162.7263507	133.58359941	7981.23969603
6404	2019-10-16 14:00:00	7999.79999956	7946.1799945	7999.79999956	7951.79000008	328452.33897267	41.17927521	7976.15638686
6405	2019-10-16 16:00:00	8011.12626443	7921.5981865	7951.19	7979.44619975	896330.67933796	112.38420882	7975.5927345
6406	2019-10-16 18:00:00	7981.0	7930.10609663	7977.73913957	7960.1150887	369701.19849926	46.45930966	7957.52673048
6407	2019-10-16 20:00:00	7991.97879964	7960.1150886	7960.1150886	7977.85000128	130760.1460188	16.3860835	7979.95115909
6408	2019-10-16 22:00:00	8022.81180033	7977.85000058	7980.0	8000.03045398	498040.63208684	62.21959012	8004.56305042
6409	2019-10-17 00:00:00	7990.3	7954.84687635	7990.17114799	7954.84687712	254866.04712869	31.96150982	7974.15543145
6410	2019-10-17 02:00:00	7985.3439344	7958.59724256	7962.78866792	7970.1798737	94960.19243693	11.9052642	7976.31962144
6411	2019-10-17 04:00:00	7981.64256574	7934.82663091	7972.99007866	7978.32180071	249053.97891488	31.29718237	7957.71248576
6412	2019-10-17 06:00:00	7986.12654845	7953.41431492	7981.4425648	7977.79999999	171759.10364232	21.54784021	7971.05890745
6413	2019-10-17 08:00:00	8072.83021001	7973.3411726	7977.39999983	8056.82	932087.86916953	115.98962024	8035.95931464
6414	2019-10-17 10:00:00	8112.55502	8059.29	8059.29	8070.41785524	564583.99380998	69.79711212	8088.93056834
6415	2019-10-17 12:00:00	8072.94353944	8019.58909145	8066.54225142	8057.94395983	718279.4470241	89.17622506	8054.60700473
6416	2019-10-17 14:00:00	8087.39274521	8032.79991696	8060.58198579	8071.30295866	394825.32352064	48.97757489	8061.34898282
6417	2019-10-17 16:00:00	8117.18819994	8053.26700416	8074.96862006	8074.71432766	481424.1626797	59.54184601	8085.47592896
6418	2019-10-17 18:00:00	8087.12359546	8044.8546915	8087.09168333	8050.25549612	213853.6772618	26.51251976	8066.13928806
6419	2019-10-17 20:00:00	8063.81431576	8035.50000002	8057.75062867	8059.90000152	195449.53851744	24.27914542	8050.09958696
6420	2019-10-17 22:00:00	8072.70975594	8042.99867709	8060.7000016	8072.70975588	315723.08071112	39.15677831	8063.05049438
6421	2019-10-18 00:00:00	8101.36533697	8048.55797156	8070.8303962	8101.36533697	221634.49833665	27.43998781	8077.06256545
6422	2019-10-18 02:00:00	8113.83999974	8060.0	8104.52714	8063.6	238124.44073531	29.50285668	8071.2333493
6423	2019-10-18 04:00:00	8072.67946458	7858.97181408	8062.6857773	7912.35972555	1519712.8311021	190.86230566	7962.35184232
6424	2019-10-18 06:00:00	7926.42691001	7867.30126004	7906.68337931	7914.99999946	534015.84576738	67.61571873	7897.80624679
6425	2019-10-18 08:00:00	7922.62147889	7818.0	7912.57224011	7904.45522443	969166.85815368	123.11420971	7872.09584041
6426	2019-10-18 10:00:00	7936.99999998	7883.39999982	7910.29999845	7922.89219446	229557.88399975	29.04128457	7904.53615942
6427	2019-10-18 12:00:00	7964.51734965	7917.96413861	7922.11537833	7938.51400032	353509.32406744	44.54332985	7936.30214126
6428	2019-10-18 14:00:00	7935.23177112	7894.57734314	7924.3941063	7915.70000054	610491.69485492	77.13173456	7914.92241601
6429	2019-10-18 16:00:00	7947.39999999	7904.5113001	7919.64081934	7938.95005238	577129.82480658	72.83575252	7923.71609874
6430	2019-10-18 18:00:00	7981.8814759	7925.88475523	7938.45005232	7941.00003495	1012559.1229243	127.36879699	7949.82088905
6431	2019-10-18 20:00:00	7950.25414406	7915.27645381	7948.30996935	7946.3179509	334760.63154469	42.18827362	7934.92131391
6432	2019-10-18 22:00:00	7975.0	7940.18647907	7946.31795072	7949.72534466	254058.31727113	31.91430042	7960.64190433
6433	2019-10-19 00:00:00	7956.08733141	7914.28462552	7948.16	7914.33873687	133809.52095232	16.86658944	7933.40713179
6434	2019-10-19 02:00:00	7960.80502312	7901.70932951	7915.11485511	7942.41627297	180153.14204667	22.77417484	7910.41358522
6435	2019-10-19 04:00:00	7961.21237972	7920.01400389	7942.41627297	7934.26000001	65246.41434831	8.20753107	7949.57872128
6436	2019-10-19 06:00:00	7940.89339979	7915.8811066	7934.56000009	7940.41488812	37441.10847024	4.71996311	7932.50023308
6437	2019-10-19 08:00:00	7991.02861106	7931.70000001	7931.70000001	7948.08756148	323484.83190488	40.63967168	7959.82886997
6438	2019-10-19 10:00:00	7954.42405176	7922.23230003	7944.67780638	7945.32168003	109901.76745096	13.84144795	7940.04845793
6439	2019-10-19 12:00:00	8089.66149787	7877.00000001	7945.12168001	8009.10075666	648869.60026638	81.35112657	7976.15998234
6440	2019-10-19 14:00:00	8024.60961631	7983.32094	8011.93276387	7992.09999873	169590.71531138	21.17875729	8007.58576101
6441	2019-10-19 16:00:00	8000.00999914	7955.76142545	7992.09999865	7998.04715633	364732.41639071	45.71922348	7977.65991258
6442	2019-10-19 18:00:00	8002.69999963	7957.50780646	7996.97120725	7974.50661325	337865.31114341	42.32828094	7982.02297944
6443	2019-10-19 20:00:00	7980.59999926	7899.0	7974.9066135	7953.74134094	334895.3014931	42.22345384	7931.49946383
6444	2019-10-19 22:00:00	7952.26047833	7920.89825301	7944.13940003	7952.26047833	125079.18186471	15.76286796	7935.05231294
6445	2019-10-20 00:00:00	7953.54367503	7884.84536003	7953.54367503	7894.89753199	296575.94232308	37.49071724	7910.64999969
6446	2019-10-20 02:00:00	7921.47398778	7873.92836958	7893.75176094	7907.79998705	104137.74532253	13.18286208	7899.47923983
6447	2019-10-20 04:00:00	7929.31378601	7902.0672607	7909.59999707	7910.22065928	50322.72867883	6.35491686	7918.70763811
6448	2019-10-20 06:00:00	7940.1742855	7901.75	7910.2206593	7909.65764216	114403.5445623	14.43914293	7923.15341131
6449	2019-10-20 08:00:00	7976.67665032	7888.83497953	7916.62408219	7942.17112352	258747.70613942	32.6538376	7923.96009648
6450	2019-10-20 10:00:00	7956.35999999	7924.33000003	7948.22268924	7939.10224164	66355.8722321	8.35810342	7939.10638546
6451	2019-10-20 12:00:00	7980.26813324	7939.10224167	7947.16712558	7952.90034565	193560.26703535	24.32343593	7957.76828538
6452	2019-10-20 14:00:00	8036.82	7952.90050097	7963.10224272	8029.39714806	423214.9048943	52.96494549	7990.4718296
6453	2019-10-20 16:00:00	8157.99477976	8001.03768708	8019.20000007	8140.60000089	410331.68880266	50.78903644	8079.13907339
6454	2019-10-20 18:00:00	8239.54784187	8125.30000039	8140.60000069	8228.17810539	437872.94061989	53.42124122	8196.60739099
6455	2019-10-20 20:00:00	8293.43406172	8184.97427254	8237.48563027	8190.88143633	483898.1842872	58.77608306	8232.90969888
6456	2019-10-20 22:00:00	8223.65245257	8169.13130122	8197.49999945	8221.11725194	167162.62266113	20.36605927	8207.9021987
6457	2019-10-21 00:00:00	8230.9566	8180.55739368	8225.95659995	8214.83851168	139020.67116298	16.94432965	8204.55420984
6458	2019-10-21 02:00:00	8252.0	8207.71148473	8215.0	8217.66468615	232296.58080164	28.25372972	8221.80232853
6459	2019-10-21 04:00:00	8240.0	8200.0	8217.66468614	8228.98027599	305251.97064329	37.11967012	8223.45591047
6460	2019-10-21 06:00:00	8245.0	8207.51987676	8230.60092399	8216.29725039	498807.46835202	60.62128715	8228.25597743
6461	2019-10-21 08:00:00	8216.95489297	8190.75769486	8214.5	8198.77608162	119849.25395988	14.61334627	8201.35592119
6462	2019-10-21 10:00:00	8272.61219998	8196.10000003	8201.52954059	8223.92000027	119717.72002176	14.53264189	8237.84972669
6463	2019-10-21 12:00:00	8254.86240794	8217.35068208	8230.89999984	8238.12929697	181779.74554384	22.08942916	8229.26406233
6464	2019-10-21 14:00:00	8338.26944733	8115.71276396	8238.629297	8190.00000001	885453.1516407	107.82991987	8211.5720081
6465	2019-10-21 16:00:00	8198.56839851	8148.01205279	8191.34946839	8182.79999983	399969.45904527	48.94068984	8172.53415006
6466	2019-10-21 18:00:00	8188.46077732	8151.0	8184.83423685	8185.89999768	315280.73644291	38.60190967	8167.49065365
6467	2019-10-21 20:00:00	8227.80114083	8181.00000005	8181.00000005	8207.0	209139.85355125	25.51531694	8196.63945554
6468	2019-10-21 22:00:00	8216.50416035	8181.50000042	8207.0	8199.04394432	233582.42765307	28.51863781	8190.51839745
6469	2019-10-22 00:00:00	8195.00040602	8161.18853757	8181.0011008	8162.30000001	226868.94277158	27.72999383	8181.3556888
6470	2019-10-22 02:00:00	8205.08579717	8161.18853724	8162.21013743	8201.09999985	176343.77350697	21.5653376	8177.18585156
6471	2019-10-22 04:00:00	8218.5999995	8186.90010019	8201.39999989	8204.353735	406593.93087405	49.55500949	8204.9006762
6472	2019-10-22 06:00:00	8220.84527625	8184.45323077	8204.35373502	8209.89999999	268249.44856164	32.71362063	8199.93150851
6473	2019-10-22 08:00:00	8265.63765322	8203.9908596	8209.89999999	8265.63765321	215819.350345	26.18998894	8240.52850268
6474	2019-10-22 10:00:00	8276.32074801	8213.75996001	8265.63765323	8275.89361503	239228.24277843	29.01637633	8244.5940202
6475	2019-10-22 12:00:00	8293.62418282	8195.15510055	8275.89361504	8220.91587211	520319.96328872	63.21052813	8231.53956598
6476	2019-10-22 14:00:00	8227.91784983	8148.87662785	8220.91587213	8207.99999999	283965.43614739	34.66021024	8192.83651717
6477	2019-10-22 16:00:00	8215.78947368	8182.9000021	8198.50000001	8203.41720053	269679.25085864	32.89952024	8197.05724859
6478	2019-10-22 18:00:00	8203.41720049	8160.5263158	8203.41720046	8163.00000029	275057.32289975	33.59655731	8187.06870355
6479	2019-10-22 20:00:00	8162.00000001	8065.1	8162.00000001	8087.68150879	459615.36507767	56.74093975	8100.24238411
6480	2019-10-22 22:00:00	8105.0	7995.0	8095.62908503	8022.14757244	709033.08915146	88.2391989	8035.3527456
6481	2019-10-23 00:00:00	8046.86041112	7999.00000004	8022.0	8029.2000001	579994.80207662	72.19206254	8034.05224438
6482	2019-10-23 02:00:00	8038.15303437	7944.28227859	8034.08864052	7959.72574463	629128.39979685	78.68194063	7995.8424355
6483	2019-10-23 04:00:00	7976.42141967	7928.52322252	7957.24006283	7941.49049142	599885.30927628	75.42180314	7953.73863129
6484	2019-10-23 06:00:00	7984.33999939	7939.52727258	7947.40000002	7961.04074854	426388.1297762	53.52618402	7965.97287071
6485	2019-10-23 08:00:00	7998.91	7950.00000001	7961.04074854	7991.45832739	152805.75096063	19.15738614	7976.3361162
6486	2019-10-23 10:00:00	8010.75525424	7950.0	7994.40773738	7958.65527908	577898.06334364	72.29840234	7993.23421596
6487	2019-10-23 12:00:00	7962.96889435	7432.36997743	7962.96889434	7493.10211468	4107708.8163788	539.73825351	7610.55713517
6488	2019-10-23 14:00:00	7531.478892	7430.00000001	7493.10211467	7446.10242481	1020877.8825782	136.62400711	7472.17055166
6489	2019-10-23 16:00:00	7513.07263261	7305.76084001	7431.72000034	7512.0	2149404.6881154	288.90237734	7439.89962251
6490	2019-10-23 18:00:00	7536.25063822	7484.38378957	7509.74639972	7484.9809136	1281578.7928864	170.80792112	7503.04075175
6491	2019-10-23 20:00:00	7494.49999991	7425.5671	7480.88436001	7425.56740004	468077.38483191	62.66971008	7468.95724001
6492	2019-10-23 22:00:00	7471.0	7400.0	7431.31152802	7465.12909912	582757.4836332	78.56576158	7417.44841408
6493	2019-10-24 00:00:00	7497.36628144	7417.94984244	7464.20356194	7442.8593598	491092.17919172	65.8417024	7458.6798532
6494	2019-10-24 02:00:00	7446.67229025	7401.7431009	7437.7	7411.1882792	314129.83336711	42.33089428	7420.81731818
6495	2019-10-24 04:00:00	7427.34560502	7396.09999989	7411.18827923	7415.55519326	411370.16742188	55.46339918	7416.96638691
6496	2019-10-24 06:00:00	7437.86891798	7343.79989326	7409.80291072	7416.70500629	525763.68819509	71.08725257	7396.03331381
6497	2019-10-24 08:00:00	7475.44942508	7390.29999911	7422.72091061	7443.32662264	614068.24278581	82.60291721	7433.97767931
6498	2019-10-24 10:00:00	7457.78931135	7414.00744002	7446.01033041	7426.29999996	295833.99957026	39.79643326	7433.68124569
6499	2019-10-24 12:00:00	7462.11999995	7422.82000013	7425.63633357	7444.61000018	792860.26812152	106.50430052	7444.39674501
6500	2019-10-24 14:00:00	7497.93007915	7412.5268586	7448.89999999	7434.10631741	1214661.1681093	163.01436213	7451.2524678
6501	2019-10-24 16:00:00	7459.97598297	7411.13131061	7433.38833532	7431.79715979	900599.86686926	121.06179665	7439.17479989
6502	2019-10-24 18:00:00	7469.87251543	7427.60762539	7434.54986187	7467.39851338	358895.78973692	48.20679368	7444.92139674
6503	2019-10-24 20:00:00	7465.30000049	7421.04000226	7465.30000049	7428.1	205607.32524892	27.61343761	7445.91557751
6504	2019-10-24 22:00:00	7464.03147264	7411.45691337	7431.22630239	7415.0	137251.26043922	18.44881598	7439.57013761
6505	2019-10-25 00:00:00	7442.40321722	7411.13131061	7415.00000001	7437.87715175	98474.89406559	13.26661076	7422.7619885
6506	2019-10-25 02:00:00	7452.90394577	7424.79084459	7437.57654342	7431.7102602	74113.52282296	9.96662652	7436.16936726
6507	2019-10-25 04:00:00	7443.69999819	7382.21400002	7440.50001627	7438.09999992	258486.91974609	34.88783935	7409.08363951
6508	2019-10-25 06:00:00	7464.85894599	7438.09999992	7442.9999997	7457.40000024	295832.89312668	39.70642134	7450.50506046
6509	2019-10-25 08:00:00	7474.0	7441.07000005	7460.7	7444.07000188	287932.54496327	38.6271497	7454.14940526
6510	2019-10-25 10:00:00	7640.98933133	7446.1000013	7446.1000013	7575.33725438	911478.40885503	120.58341363	7558.9036785
6511	2019-10-25 12:00:00	7688.78999991	7575.33725437	7575.33725437	7667.00424486	570291.31402888	74.78106538	7626.14588507
6512	2019-10-25 14:00:00	8400.0	7640.14811112	7672.01822453	8262.99979998	3016638.5106956	378.11215485	7978.1579936
6513	2019-10-25 16:00:00	8750.60000015	8250.0	8250.00000002	8477.28038633	4116016.345032	486.2198769	8465.33953172
6514	2019-10-25 18:00:00	8659.03607425	8439.62919298	8468.97004941	8629.04543979	1348620.3223907	157.10332183	8584.28903145
6515	2019-10-25 20:00:00	8654.54795754	8549.85569116	8633.87134318	8567.9720798	578489.4252126	67.31900628	8593.25556302
6516	2019-10-25 22:00:00	8694.34559945	8551.0410503	8591.43342716	8656.9899841	676757.05237243	78.45058118	8626.53969152
