	date	high	low	open	close	volume	quoteVolume	weightedAverage
0	2017-12-31 23:00:00	13769.34198361	13769.34198361	13769.34198361	13769.34198361	0.0	0.0	13769.34198361
1	2018-01-01 00:00:00	13799.99999984	13210.99999982	13799.99999984	13266.72000005	7333345.3439393	541.40139547	13545.11718163
2	2018-01-01 02:00:00	13628.7995799	13218.01287368	13301.00000004	13369.40498774	5954595.7248829	444.09398841	13408.4132645
3	2018-01-01 04:00:00	13591.43815183	13229.86326373	13350.00990055	13537.04414313	5589380.8218019	415.88867176	13439.60824455
4	2018-01-01 06:00:00	13891.99999996	13412.79211077	13519.35180014	13621.87701406	5462156.1187406	398.97930107	13690.32454588
5	2018-01-01 08:00:00	13760.00000008	13390.92993593	13619.99999987	13570.97169782	4699622.4177006	347.60655631	13519.94757403
6	2018-01-01 10:00:00	13599.99999994	13036.92815333	13577.0	13233.20361876	6546979.4001163	493.01689186	13279.42208109
7	2018-01-01 12:00:00	13281.99999997	12893.56965857	13245.00239662	12994.93297495	7623566.3263219	582.59949547	13085.43242072
8	2018-01-01 14:00:00	13300.0	12800.0	12995.73855193	13217.0	7728685.4576734	592.92694805	13034.80215073
9	2018-01-01 16:00:00	13216.99999984	12951.00000003	13216.99999984	13010.0	5438882.6229071	415.98638816	13074.66488738
10	2018-01-01 18:00:00	13274.06313447	12950.85575403	13013.99999992	13220.90766079	6628756.8668625	505.02467931	13125.60977399
11	2018-01-01 20:00:00	13630.00000003	13208.67000001	13259.07182761	13501.13121021	9462487.3690167	702.22808307	13474.9486629
12	2018-01-01 22:00:00	13629.99606984	13250.23912591	13502.13121	13351.7394064	6364604.608756	472.77681749	13462.17575249
13	2018-01-02 00:00:00	13923.8701209	13365.71449731	13400.71449717	13617.00000003	8169078.6452305	594.3718296	13744.05420715
14	2018-01-02 02:00:00	13650.0	13214.70198015	13617.0	13335.44332961	6299654.532068	467.68600362	13469.83763317
15	2018-01-02 04:00:00	13384.99999996	12875.0	13335.4433296	13079.16846938	8072077.8270343	614.31686176	13139.92554902
16	2018-01-02 06:00:00	13374.0	13007.73924439	13079.16846934	13350.7	3305379.4456338	250.05120767	13218.81016466
17	2018-01-02 08:00:00	13550.71909264	13325.19877047	13350.7	13497.99999992	5550675.0983398	413.03543807	13438.73814865
18	2018-01-02 10:00:00	13700.33815717	13400.5091172	13497.99999989	13524.80958873	5486918.0388375	404.52388804	13563.89128321
19	2018-01-02 12:00:00	13998.00000014	13489.32978823	13524.80958867	13953.31939007	8439570.4520721	615.20865232	13718.22457347
20	2018-01-02 14:00:00	13977.319379	13583.0	13953.31939007	13735.5795016	6660270.2909432	483.24524041	13782.38156115
21	2018-01-02 16:00:00	13899.24556068	13609.84896185	13735.5795016	13890.99999977	7425798.0681487	539.13631616	13773.50745176
22	2018-01-02 18:00:00	15325.0	13859.2542573	13893.73000007	14831.65720003	29054325.835277	1972.71917206	14728.05974959
23	2018-01-02 20:00:00	15249.39470132	14720.27338127	14820.00000045	14772.29481431	11112425.92815	742.19746335	14972.33078376
24	2018-01-02 22:00:00	15050.70607237	14000.67705648	14772.29481431	14738.00000001	9647900.535807	656.68551626	14691.81259052
25	2018-01-03 00:00:00	14987.10000001	14674.10136356	14731.20000023	14789.74700007	7171347.9966827	484.26524956	14808.7189886
26	2018-01-03 02:00:00	15280.0	14617.85128976	14846.28957256	14820.26932	10367842.626435	691.93354906	14983.87040275
27	2018-01-03 04:00:00	15190.99999999	14820.0	14820.26932	15119.96969909	5012290.6293204	332.54184858	15072.66123263
28	2018-01-03 06:00:00	15440.725015	15050.0	15087.6971226	15249.12694704	6898882.1372546	451.50465106	15279.75873793
29	2018-01-03 08:00:00	15300.56347375	14691.16150769	15274.563474	14774.0	11149458.15356	743.52976148	14995.30850166
30	2018-01-03 10:00:00	14924.56672406	14476.14012492	14807.17800023	14869.99999841	11073580.364326	754.0715154	14685.05325844
31	2018-01-03 12:00:00	14959.53277541	14534.79675245	14869.99999841	14888.01000047	7085170.2499713	479.92306732	14763.13753689
32	2018-01-03 14:00:00	15128.87968334	14715.68149792	14898.99999997	15076.29546095	12859471.717613	859.10178825	14968.50768266
33	2018-01-03 16:00:00	15217.97710163	14887.0	15076.29546095	14900.0	8027036.1977473	532.51437004	15073.83959825
34	2018-01-03 18:00:00	14951.75400878	14716.95299221	14900.0	14761.28755651	10208729.241054	688.42418148	14829.12645384
35	2018-01-03 20:00:00	15097.14662982	14716.95299222	14761.28755651	15025.077643	9975698.8885975	669.11499607	14908.79586795
36	2018-01-03 22:00:00	15150.0	14826.18900207	15025.077643	15150.0	6206875.3121236	414.2477512	14983.4858346
37	2018-01-04 00:00:00	15379.99999999	14924.01639412	15150.0	15303.69816134	11156840.767153	737.99037195	15117.86764598
38	2018-01-04 02:00:00	15400.00000004	15060.96000004	15303.69816134	15091.53818126	8145700.7817663	535.16826972	15220.82164181
39	2018-01-04 04:00:00	15078.5394849	14722.0	15070.36909735	14888.99999917	6882970.3737227	462.53471422	14880.98117204
40	2018-01-04 06:00:00	15052.29232739	14700.99999997	14888.99999917	14771.1500003	6487847.3796529	435.75713143	14888.67745746
41	2018-01-04 08:00:00	14848.73315724	14083.91135919	14802.7454899	14455.16883171	14515655.164028	1007.92633407	14401.50403196
42	2018-01-04 10:00:00	14599.99999999	14250.0	14455.16883174	14531.1042005	8981380.2739945	622.4073771	14430.06719464
43	2018-01-04 12:00:00	14623.54976205	14172.69397638	14539.99999978	14545.66625722	6834074.1672306	472.75192575	14455.94146737
44	2018-01-04 14:00:00	14655.0	14330.3473933	14545.66625722	14449.14448982	8200666.8144554	565.12691278	14511.19497054
45	2018-01-04 16:00:00	14750.0	14350.00000002	14479.99999996	14730.38468603	6133353.7896645	421.22533366	14560.74290777
46	2018-01-04 18:00:00	15064.37	14680.64444794	14730.38468602	14990.57200279	12519496.374995	840.74210844	14891.00670623
47	2018-01-04 20:00:00	15126.60980031	14633.18949809	14989.99999993	14856.84810829	14687817.852622	980.5377275	14979.35004507
48	2018-01-04 22:00:00	15217.39	14785.49619663	14862.84810823	15167.62803252	6639666.2910993	442.77841939	14995.46048392
49	2018-01-05 00:00:00	15178.0	14800.69135797	15167.62803252	15000.0	5574007.9827709	371.40854133	15007.75389497
50	2018-01-05 02:00:00	15183.99999988	14772.4649684	15000.0	14947.13999999	8917497.8254766	592.57449768	15048.73709616
51	2018-01-05 04:00:00	15060.10398487	14779.56374999	14947.14	15033.36299914	4576753.6803964	307.01183975	14907.4175254
52	2018-01-05 06:00:00	15066.04335202	14821.81710933	15033.36299914	14948.99999555	5021531.592967	336.07994509	14941.47944954
53	2018-01-05 08:00:00	16118.56818701	14902.23188025	14948.99999555	15900.0	20735514.461374	1321.77624434	15687.61320243
54	2018-01-05 10:00:00	16270.86533577	15860.44082298	15900.99999999	16102.82321222	14119530.744384	878.59323201	16070.61178024
55	2018-01-05 12:00:00	16139.99997166	15757.05693544	16104.99999999	16047.99999931	9047168.6344514	566.9425032	15957.82391227
56	2018-01-05 14:00:00	16164.99999999	15795.2155932	16010.00000018	16039.99999999	9832508.3394637	613.76973868	16019.86497511
57	2018-01-05 16:00:00	16755.70802568	16036.8317601	16039.99999999	16420.50400086	18713762.924676	1139.98156695	16415.84694631
58	2018-01-05 18:00:00	16599.0	16153.75933657	16420.50400087	16444.99999996	8629577.1618591	526.12539996	16402.12991525
59	2018-01-05 20:00:00	16907.0	16276.42806814	16445.0	16703.78771502	10677672.784685	641.04338982	16656.70835118
60	2018-01-05 22:00:00	17108.0	16683.52289501	16703.78771502	16924.0	11226409.674542	663.58261887	16917.87782757
61	2018-01-06 00:00:00	17062.18999992	16621.44673294	16923.99999996	17016.0	9226326.5420806	546.80485727	16873.16127392
62	2018-01-06 02:00:00	17105.53248844	16511.555	17015.99999999	16580.97069499	9874143.9946864	588.50944565	16778.22517152
63	2018-01-06 04:00:00	16700.0	16372.00177263	16555.00000011	16603.48515287	6953043.3010405	420.54024883	16533.59772431
64	2018-01-06 06:00:00	16698.9999972	16388.98709995	16647.0	16513.24644196	4130499.5285049	249.63599773	16546.08937038
65	2018-01-06 08:00:00	16699.0	16325.00000031	16509.01999986	16377.99999992	5487909.4233488	332.98955601	16480.725369
66	2018-01-06 10:00:00	16731.39873926	16350.00000005	16363.00000003	16535.00000003	5868138.7789466	353.93661409	16579.63190396
67	2018-01-06 12:00:00	16573.83756853	16200.0	16544.62853975	16271.00000004	6709847.2923829	409.9940912	16365.71705885
68	2018-01-06 14:00:00	16690.87799992	16255.2524544	16271.00000007	16622.00427849	5587613.6037958	338.55926946	16504.09280687
69	2018-01-06 16:00:00	17000.0	16534.15120071	16619.68499989	16939.99998986	6923014.0530487	411.73620304	16814.1980276
70	2018-01-06 18:00:00	17019.99999999	16651.00000001	16939.99998986	16746.92362323	4789602.5815924	284.41947802	16839.92465964
71	2018-01-06 20:00:00	16925.0	16700.0	16758.92362392	16850.03853312	3623098.9327921	215.52265496	16810.75677851
72	2018-01-06 22:00:00	17257.08719135	16840.76750217	16850.03853312	17158.72758957	6951988.2957596	405.57024499	17141.26808274
73	2018-01-07 00:00:00	17177.44769997	16826.11043683	17158.7275	16970.00000108	5697842.4682584	335.25463801	16995.56642103
74	2018-01-07 02:00:00	17001.00000008	16625.0	16971.69700113	16744.18719317	5161193.7570729	307.36572225	16791.70246861
75	2018-01-07 04:00:00	16796.0029971	16460.0	16744.18719313	16640.75419886	5078800.6441381	305.10768641	16645.92820946
76	2018-01-07 06:00:00	16785.75599976	16390.0	16640.75419887	16716.2126002	5375722.578285	324.68143733	16556.91382449
77	2018-01-07 08:00:00	16917.71506623	16621.48680873	16752.36799984	16665.0	3608428.3921503	214.93403727	16788.53865112
78	2018-01-07 10:00:00	16798.99999998	16600.0	16643.20529785	16606.00000003	3909529.6376665	234.11364591	16699.28133608
79	2018-01-07 12:00:00	16641.99999996	16300.0	16626.99999981	16421.25738183	6711298.2370623	407.44391248	16471.71066125
80	2018-01-07 14:00:00	16615.65722945	16388.95744	16445.00000037	16480.53542395	4215379.737255	254.98967063	16531.57058025
81	2018-01-07 16:00:00	16480.58841125	15739.99999999	16477.88437275	15895.0000003	12527264.518076	780.23677881	16055.72161976
82	2018-01-07 18:00:00	16200.0	15683.8615253	15889.99000007	16102.00000001	10026764.95751	627.16680271	15987.39747414
83	2018-01-07 20:00:00	16370.80351401	15900.0	16139.99999989	16229.99999985	5989379.3999294	371.11841909	16138.72848083
84	2018-01-07 22:00:00	16490.0	16152.70061425	16235.0	16174.43357169	4633942.7782994	283.62522118	16338.26060679
85	2018-01-08 00:00:00	16277.49999996	15709.10903418	16170.7066618	15910.72670012	6646076.2396209	415.68776804	15988.14483033
86	2018-01-08 02:00:00	16149.20947568	15510.0	15910.72669907	15591.21251879	7245970.0670925	459.20227882	15779.47323282
87	2018-01-08 04:00:00	15946.99999995	15510.99999896	15639.99999906	15840.99997573	4724352.0587266	300.24904902	15734.77775915
88	2018-01-08 06:00:00	15956.84476314	15730.60387329	15820.00000004	15904.99999974	3305944.7310142	208.43233952	15860.99709204
89	2018-01-08 08:00:00	15909.99999983	15155.0	15880.00000004	15155.0	9914185.1922342	642.64570742	15427.13983422
90	2018-01-08 10:00:00	15498.99999996	15119.0	15155.0	15498.99999988	8012451.2727323	522.46624315	15335.8257644
91	2018-01-08 12:00:00	15550.00000043	14558.14534658	15498.99999988	14843.02143488	13964339.53128	930.77558064	15002.90706131
92	2018-01-08 14:00:00	14880.0	13268.188	14810.00000011	14451.00000004	42546041.767813	2989.98775126	14229.50369943
93	2018-01-08 16:00:00	14980.0	14400.00000001	14475.49740475	14795.99999991	11434775.398559	778.90607198	14680.55752793
94	2018-01-08 18:00:00	15108.06163472	14664.09829527	14791.0	15092.94012919	7670771.8343769	513.04222246	14951.54102053
95	2018-01-08 20:00:00	15140.01000086	14500.0	15092.94012917	14870.0	7816078.4294943	527.70064356	14811.57645888
96	2018-01-08 22:00:00	15000.0	14429.62019023	14870.00000001	14922.81071439	9105246.7548798	618.32101165	14725.75989384
97	2018-01-09 00:00:00	15309.40025885	14830.92358269	14915.08478054	15260.0	6270723.0939125	414.6849885	15121.65443122
98	2018-01-09 02:00:00	15427.83421139	15102.0254355	15260.0	15242.40137408	6666920.4036856	437.14247511	15251.13843491
99	2018-01-09 04:00:00	15332.72669998	14835.0	15242.40137403	14984.61546139	5443276.5255903	359.25036901	15151.76321346
100	2018-01-09 06:00:00	15224.125459	14772.45405017	15000.89999997	15100.00000007	5127893.8763145	342.10476645	14989.25001696
101	2018-01-09 08:00:00	15281.77454604	14851.0	15134.64579152	14885.15324997	5098626.3921849	337.21162843	15119.96017433
102	2018-01-09 10:00:00	14885.15324905	14386.00000011	14885.15324905	14796.99999998	9846546.7063732	673.87844056	14611.75504916
103	2018-01-09 12:00:00	14890.41080408	14110.83932393	14796.99999999	14125.12900279	8202253.1316375	566.61513126	14475.88085654
104	2018-01-09 14:00:00	14724.99999997	14110.83932399	14110.83932399	14670.00000006	7261565.5102581	501.91674313	14467.66940862
105	2018-01-09 16:00:00	14971.9835995	14578.77879952	14691.97092636	14921.62999998	4987705.6482971	335.93152824	14847.38772341
106	2018-01-09 18:00:00	15000.003002	14662.1602198	14921.62999998	14700.00000032	4713859.5116541	318.30649789	14809.18405028
107	2018-01-09 20:00:00	14799.26273139	14464.37025946	14685.84805669	14481.12817547	6227890.7093008	425.51784718	14636.02702113
108	2018-01-09 22:00:00	14579.0	14170.0	14490.0	14388.06253537	9259381.9593645	644.72705852	14361.70831827
109	2018-01-10 00:00:00	14483.06709873	13852.41261562	14388.06253538	14150.0	8815792.6046139	625.18493513	14101.09570663
110	2018-01-10 02:00:00	14353.87503037	14042.04438187	14154.56694271	14099.99999987	6043867.2897439	425.05698552	14218.95768246
111	2018-01-10 04:00:00	14400.0	13999.0	14099.99999987	14130.57500194	6682245.5439706	471.86941617	14161.21773309
112	2018-01-10 06:00:00	14315.78999996	13998.99999997	14130.57500302	14105.33283076	8302400.2873664	586.38419885	14158.63576073
113	2018-01-10 08:00:00	14100.33283028	13270.0	14088.88	13675.0	20532200.548855	1512.55637061	13574.502708
114	2018-01-10 10:00:00	14059.99999996	13591.00388856	13675.0	13976.52284877	6887319.8469177	498.73812126	13809.4915013
115	2018-01-10 12:00:00	14030.0	13711.0	13983.52284878	13836.14887921	5997035.7125411	431.8816707	13885.830586
116	2018-01-10 14:00:00	15000.00000006	13500.00000028	13836.14887918	14378.03952289	18644346.789306	1315.15925536	14176.49361727
117	2018-01-10 16:00:00	14662.75235252	14268.17566007	14380.05082311	14540.09999896	9138062.83754	630.54168532	14492.40082026
118	2018-01-10 18:00:00	14716.60620666	14256.0	14540.09999896	14337.87243358	5915074.6702944	409.25389207	14453.31317529
119	2018-01-10 20:00:00	14600.0	14185.36885654	14359.44838301	14485.46479371	4938270.6561222	341.99739184	14439.49800188
120	2018-01-10 22:00:00	14912.42039637	14225.1829149	14485.46479378	14854.0	7857397.7674078	541.08826318	14521.47145315
121	2018-01-11 00:00:00	14931.00000004	14384.63947331	14854.0	14479.93639426	5345613.8803033	364.13789959	14680.19090109
122	2018-01-11 02:00:00	14537.67306156	13051.48251063	14479.93639426	13226.71	15234100.284042	1114.17704429	13672.96190682
123	2018-01-11 04:00:00	13620.0	12593.46211929	13226.70807678	13098.35688933	27673865.725554	2113.39725573	13094.49307295
124	2018-01-11 06:00:00	13626.99999993	13036.06457753	13098.3568894	13546.50468573	11166588.05812	834.76730593	13376.8871622
125	2018-01-11 08:00:00	13841.00020153	13361.0	13538.59641128	13533.63089928	8487337.7699495	620.42483563	13679.88075675
126	2018-01-11 10:00:00	13598.99386228	13095.0	13549.99999985	13449.99999998	8291777.7010819	623.74179071	13293.60614372
127	2018-01-11 12:00:00	13900.00697896	13449.99999999	13449.99999999	13690.00000186	8467897.3590617	616.57648303	13733.73391967
128	2018-01-11 14:00:00	14300.00000099	13575.51882164	13724.99999994	13999.65346376	15166187.700893	1090.08222427	13912.88415059
129	2018-01-11 16:00:00	14162.806	13600.0	13978.83841417	13605.00000003	8236752.3049729	592.10757772	13910.90507013
130	2018-01-11 18:00:00	13914.0	13166.0	13630.84150758	13368.05303275	8175370.7169816	603.46182451	13547.45302011
131	2018-01-11 20:00:00	13592.97474469	13099.99999985	13353.28000174	13450.00000002	6252049.3748932	468.03523574	13358.07413091
132	2018-01-11 22:00:00	13525.99999992	12886.89475111	13450.00000002	13291.67567771	9302398.8696708	708.97088897	13120.988484
133	2018-01-12 00:00:00	13435.17049878	12600.0	13255.00000168	13386.60192769	10627994.712443	813.75475132	13060.43951842
134	2018-01-12 02:00:00	13699.62907267	13272.32601081	13386.60192847	13629.99999999	5969734.1819715	443.07699766	13473.35612884
135	2018-01-12 04:00:00	13819.90161419	13388.47887466	13629.99999999	13581.94049677	6414886.7501028	471.39972092	13608.16832386
136	2018-01-12 06:00:00	13800.0	13559.15693145	13564.66958296	13629.09039978	4801398.1079368	350.51583183	13698.09198879
137	2018-01-12 08:00:00	13664.62286773	13315.00000002	13615.00000003	13489.99999998	5691020.0288527	420.49807778	13533.99772692
138	2018-01-12 10:00:00	14119.63214537	13489.79313851	13489.79313851	13958.30935093	8741201.9168278	626.89981783	13943.5387732
139	2018-01-12 12:00:00	14057.63184204	13784.00000003	13949.0	13819.00000003	5060953.986301	363.1713332	13935.44457847
140	2018-01-12 14:00:00	13967.66293333	13555.0	13819.00000004	13580.00000007	4737889.6514317	343.91845833	13776.2005402
141	2018-01-12 16:00:00	13699.99999999	13365.92346236	13580.00000007	13587.9762285	5094065.6555984	376.36762917	13534.81346637
142	2018-01-12 18:00:00	13800.0	13400.99999996	13587.97622838	13749.9999982	3412576.35977	251.06526771	13592.38731385
143	2018-01-12 20:00:00	13965.52539135	13664.60027406	13749.99999822	13672.76297678	3984341.3335528	288.40776859	13814.95842858
144	2018-01-12 22:00:00	13851.83999997	13566.79960119	13672.762977	13812.52734302	3098635.1668637	226.18470681	13699.57859028
145	2018-01-13 00:00:00	14247.0	13758.0	13812.52734302	14120.00000003	7839152.8184299	558.42893186	14037.87012309
146	2018-01-13 02:00:00	14180.3693359	13922.61117528	14120.00000009	14129.99999994	3127477.188814	222.3247052	14067.15994968
147	2018-01-13 04:00:00	14247.0	14053.119575	14135.16740947	14200.0	4849303.6185034	343.38664879	14121.99232436
148	2018-01-13 06:00:00	14373.99999996	14062.090909	14200.0	14348.99999992	3482245.579361	244.76264928	14227.03010285
149	2018-01-13 08:00:00	14349.41045705	14066.02599357	14349.41045705	14201.86899992	2864324.3570597	201.57820646	14209.49420754
150	2018-01-13 10:00:00	14292.2689137	14130.7742811	14201.86899993	14250.0	2130055.7861274	149.96501949	14203.68425497
151	2018-01-13 12:00:00	14586.99681598	14225.00000128	14225.00000128	14530.00000001	5309434.3289998	367.86394059	14433.14699582
152	2018-01-13 14:00:00	14591.36669224	14150.0	14530.00000005	14245.00000001	4560637.2622745	318.14442269	14335.11618312
153	2018-01-13 16:00:00	14395.58575161	14200.0	14250.0	14327.20543666	3443656.8280033	241.11181634	14282.40589895
154	2018-01-13 18:00:00	14364.9999996	14000.1	14327.20543656	14103.4653988	3461832.6848714	243.70886843	14204.78748751
155	2018-01-13 20:00:00	14268.75607501	14026.99946587	14103.46539879	14203.72932898	3344586.3562645	235.99111019	14172.50994569
156	2018-01-13 22:00:00	14367.93956295	14143.6698037	14173.41237779	14204.99999789	2171933.6866745	152.47006412	14244.98441192
157	2018-01-14 00:00:00	14449.0273932	14137.2055424	14178.00000001	14338.21371064	3741444.8274547	262.3637393	14260.52562536
158	2018-01-14 02:00:00	14391.65407535	14175.00000001	14338.2137106	14229.41831351	1892344.0878013	132.85958683	14243.18811274
159	2018-01-14 04:00:00	14262.14230691	13586.0	14229.41831351	13799.99999995	6806041.5293955	493.14104704	13801.40949581
160	2018-01-14 06:00:00	13914.99999994	13664.9999712	13810.03326702	13727.0	2478451.7583048	179.79723831	13784.70426799
161	2018-01-14 08:00:00	13812.0	13341.0	13727.0	13521.00000008	5651686.1423307	417.85816607	13525.36961401
162	2018-01-14 10:00:00	13622.73484665	13370.84996928	13548.18380319	13440.62719937	4172116.6618673	308.96127712	13503.68790794
163	2018-01-14 12:00:00	13640.69825642	13100.0	13449.0	13519.99999994	10305231.335782	774.89045641	13298.95245261
164	2018-01-14 14:00:00	13534.59097037	12853.99999974	13519.9999999	13089.0	13832299.963645	1058.82995533	13063.7595716
165	2018-01-14 16:00:00	13381.87864499	12911.00000001	13088.99999942	13320.27000005	6398091.4210438	487.48303772	13124.7467624
166	2018-01-14 18:00:00	13468.0	13208.65400001	13320.27000006	13268.59334157	3941739.2485689	295.2829654	13349.02351454
167	2018-01-14 20:00:00	13542.03891559	13221.06249993	13268.59334157	13310.99999945	2917275.9329259	218.21383615	13368.88615495
168	2018-01-14 22:00:00	13678.92105912	13286.00000083	13300.0	13560.0	3501963.3632008	259.25035301	13508.03700956
169	2018-01-15 00:00:00	13778.228	13514.68000001	13560.0	13553.7167253	3502105.8742091	256.69888687	13642.85570892
170	2018-01-15 02:00:00	13623.07697401	13304.02596262	13553.7167253	13469.2494199	3224701.8451337	239.97976316	13437.39073108
171	2018-01-15 04:00:00	13619.99999997	13444.74170356	13469.24941984	13579.99999987	2108983.2811077	155.65578011	13549.02002108
172	2018-01-15 06:00:00	13795.9999999	13551.01438995	13579.99999981	13619.99999997	2830616.7286068	206.67225999	13696.16187844
173	2018-01-15 08:00:00	13751.00000001	13530.0	13603.94633497	13679.99999951	2492616.1230405	183.17068174	13608.16097512
174	2018-01-15 10:00:00	13840.0	13486.50495695	13673.31765021	13760.67701812	7356637.6559472	538.17010605	13669.72556306
175	2018-01-15 12:00:00	14210.0	13646.11054223	13773.83942792	14180.0	7122437.3910011	508.25774794	14013.43593849
176	2018-01-15 14:00:00	14300.0	14042.07520877	14175.00000044	14051.0	5530230.1189833	390.65099953	14156.44686852
177	2018-01-15 16:00:00	14189.99999944	13899.0	14051.0	13899.0	5177227.7174965	368.59892945	14045.69385272
178	2018-01-15 18:00:00	13987.30608758	13749.2286	13899.0	13829.55782445	4725542.5727843	340.59259509	13874.47243688
179	2018-01-15 20:00:00	13980.0	13608.9435885	13857.0680032	13867.6121199	3964566.2430961	287.08929896	13809.52288175
180	2018-01-15 22:00:00	13924.15213196	13448.0	13889.0	13580.0	5499619.8731133	404.19515902	13606.34770205
181	2018-01-16 00:00:00	13589.88232828	12670.91000001	13580.0	13050.1108	17473857.231222	1333.99588398	13098.8839179
182	2018-01-16 02:00:00	13215.72572451	12671.8410033	13067.8925589	12865.18820667	8672166.1323395	669.63833235	12950.52226461
183	2018-01-16 04:00:00	13123.7267827	12789.94540379	12871.30377158	13123.7267821	6250076.9769913	483.10980657	12937.17679085
184	2018-01-16 06:00:00	13187.0	12370.00000004	13123.72678038	12394.63999999	7881197.7620508	617.0092308	12773.22504856
185	2018-01-16 08:00:00	12541.0	10957.867	12394.63999999	11230.07058797	43193874.789037	3703.57329405	11662.75684578
186	2018-01-16 10:00:00	12097.99999979	10999.99999997	11212.12360332	12065.0	16315187.929158	1399.48288697	11658.01174209
187	2018-01-16 12:00:00	12080.09999903	11300.18870751	12070.0	11500.0	11753460.379477	1002.58574511	11723.14730864
188	2018-01-16 14:00:00	12070.76898238	11339.0651813	11480.72991637	12009.3931729	11717137.467821	998.99907435	11728.87720185
189	2018-01-16 16:00:00	12000.76139449	11057.196842	12000.76139449	11079.00000006	8504800.3421327	741.44246853	11470.61397628
190	2018-01-16 18:00:00	11666.90114199	10805.0	11079.00018325	11303.33367175	13949783.230369	1249.06972312	11168.13815286
191	2018-01-16 20:00:00	11432.0000002	10200.99999999	11303.3336717	10552.5	21993399.077268	2055.65153575	10698.99187424
192	2018-01-16 22:00:00	11412.0	10000.0	10551.44475	11102.69798098	30498299.29493	2852.6761669	10691.11862355
193	2018-01-17 00:00:00	11600.12523891	10801.00000004	11041.42197477	11014.90770403	13455761.942963	1206.45582627	11153.13271316
194	2018-01-17 02:00:00	11212.39877143	10222.05094739	11059.99999988	10728.90354723	12876199.023429	1210.06554251	10640.91040615
195	2018-01-17 04:00:00	11137.00000001	10344.65111115	10712.72492707	10934.35999999	9586472.352939	889.57879792	10776.41730598
196	2018-01-17 06:00:00	11265.25391399	10798.95824464	10934.35999999	10870.0	6519099.1452684	591.23794941	11026.18523011
197	2018-01-17 08:00:00	10910.62189603	10100.0	10864.00000144	10301.18619209	9224714.3695238	882.41982868	10453.88382004
198	2018-01-17 10:00:00	10398.99999999	9693.03240362	10301.186	9959.99999986	16900381.96448	1688.86416401	10006.95160962
199	2018-01-17 12:00:00	10466.4051331	9759.99999983	9959.99999985	9808.88477972	10772372.377763	1067.12323789	10094.7781805
200	2018-01-17 14:00:00	9967.8761119	9150.28999997	9820.0	9506.99999983	24048610.618994	2528.99210545	9509.16792787
201	2018-01-17 16:00:00	10400.0	9477.5761813	9506.99999983	10051.49984642	17013339.028757	1701.81716474	9997.16031854
202	2018-01-17 18:00:00	10658.08592971	9621.50771184	10068.06744627	10469.99999995	5981950.718158	592.35215678	10098.63921265
203	2018-01-17 20:00:00	11800.0	10350.0	10468.953	11725.98	17549362.360347	1605.68898918	10929.49037989
204	2018-01-17 22:00:00	11793.08	10642.09801453	11730.99	11036.11532467	26743562.937678	2389.19129335	11193.5628646
205	2018-01-18 00:00:00	11567.1011	10745.0	11088.99122314	11418.25932599	12234152.134145	1097.57927854	11146.4860656
206	2018-01-18 02:00:00	11691.52084378	11110.0	11418.2593262	11206.8146255	13920000.746491	1213.13240622	11474.42824469
207	2018-01-18 04:00:00	11457.73130358	10733.24103941	11199.99999997	10899.99999982	10513108.791866	957.39552186	10980.9462775
208	2018-01-18 06:00:00	11238.04365655	10400.0	10918.93466858	10527.13681162	7548939.2833813	695.86743139	10848.24341944
209	2018-01-18 08:00:00	11385.02797133	10500.74199759	10527.13681162	11155.99999999	5423548.1165886	493.19613264	10996.73691185
210	2018-01-18 10:00:00	11600.0	11050.00000005	11156.0	11456.00000001	6782385.8600322	595.73448795	11384.91391252
211	2018-01-18 12:00:00	11888.99999999	11350.0	11456.0	11506.0	11348147.565208	973.01747152	11662.84049091
212	2018-01-18 14:00:00	11900.0	11400.02	11506.0	11784.48320674	12910959.739476	1102.61599437	11709.38913039
213	2018-01-18 16:00:00	11784.48320673	11116.88	11758.00000006	11116.88	9791471.4416216	857.1095849	11423.82679428
214	2018-01-18 18:00:00	11655.34728737	11075.60041772	11116.88	11642.047888	6342993.8273461	556.66727628	11394.58721147
215	2018-01-18 20:00:00	11805.99999995	11246.10342855	11642.047888	11406.0	8580519.963319	739.41333452	11604.49719085
216	2018-01-18 22:00:00	11414.08713611	10756.10499263	11414.08713611	11010.00009	14428004.371142	1311.57236137	11000.54011207
217	2018-01-19 00:00:00	11385.9999999	10944.06417487	11010.00009	11200.0	4220636.067639	377.90981168	11168.36858211
218	2018-01-19 02:00:00	11213.91402012	10641.0	11199.99999999	10900.69957836	6587084.175939	607.68624518	10839.61374506
219	2018-01-19 04:00:00	11288.98209799	10774.9481128	10900.69957819	11187.8313927	4681265.0857719	423.02032408	11066.28882655
220	2018-01-19 06:00:00	11394.29528545	10931.00000001	11180.00000004	11050.00000001	3585896.8339348	321.0791579	11168.26410467
221	2018-01-19 08:00:00	11700.0	10933.0	11050.00000001	11455.46439584	8006361.8129175	698.36281689	11464.4732212
222	2018-01-19 10:00:00	11688.450001	11413.08253443	11455.46439696	11525.00362706	4156742.1230178	359.92415877	11548.93891319
223	2018-01-19 12:00:00	11750.0	11511.00000001	11579.99999984	11551.30999892	4460834.1052778	382.6480124	11657.80027785
224	2018-01-19 14:00:00	11666.0	11259.31279432	11566.01999999	11364.81205649	5487214.8689707	480.71199384	11414.76588744
225	2018-01-19 16:00:00	11562.45	11095.99999989	11364.81205629	11155.0	4765396.0030676	420.0345176	11345.24855313
226	2018-01-19 18:00:00	11236.36081804	10965.0	11156.00000008	11123.00000001	4636787.1501056	417.72154036	11100.18685201
227	2018-01-19 20:00:00	11334.07035378	10998.7194261	11130.00000001	11203.99999276	5769516.5000152	516.95110845	11160.66182218
228	2018-01-19 22:00:00	11420.99999998	11050.0	11200.0	11410.53924928	4289337.6918784	382.66309676	11209.17519404
229	2018-01-20 00:00:00	11645.00000001	11406.70000101	11412.12	11589.99999999	4113709.628638	357.0896055	11520.10466078
230	2018-01-20 02:00:00	11749.0844665	11484.02981484	11590.739674	11630.00000001	4809925.0528359	413.29588442	11637.96987619
231	2018-01-20 04:00:00	12652.0351998	11550.0	11630.00000003	12652.03519978	14130994.541025	1162.9153794	12151.35236092
232	2018-01-20 06:00:00	12670.55682323	12333.0	12652.03519979	12625.23785675	8375136.4837643	669.84596351	12503.07822992
233	2018-01-20 08:00:00	12750.0	12422.00983011	12625.23785673	12480.129414	7963285.1635704	631.97404518	12600.65223296
234	2018-01-20 10:00:00	12583.40318815	12305.0	12480.129414	12331.3203949	5185186.0598832	416.23564939	12457.33292542
235	2018-01-20 12:00:00	12642.0	12270.04194486	12331.32039486	12460.0	6254512.7385771	501.23053647	12478.3154327
236	2018-01-20 14:00:00	12675.0	12402.0	12472.46	12530.99999946	4702007.2744942	374.84447636	12543.88838846
237	2018-01-20 16:00:00	12941.78714865	12500.0000001	12501.24999981	12799.99999995	8639610.1541184	677.60003989	12750.30939419
238	2018-01-20 18:00:00	13400.0	12662.17045718	12799.9999999	12730.00000012	13907309.312341	1075.32857892	12933.0788607
239	2018-01-20 20:00:00	12923.42609925	12600.0	12730.00000035	12900.0	2388791.8185189	187.51243903	12739.37788274
240	2018-01-20 22:00:00	12950.99999996	12659.99999708	12900.0	12750.17487957	2978363.2543965	232.797483	12793.79491571
241	2018-01-21 00:00:00	12750.17487364	12277.718249	12748.89985765	12487.0	6142857.7923201	493.00014231	12460.15419698
242	2018-01-21 02:00:00	12627.12964087	12383.76952253	12487.00000001	12477.16699395	2810328.8820712	224.36410764	12525.75071668
243	2018-01-21 04:00:00	12485.16699383	12030.90056972	12478.16699593	12075.0	8574811.8351916	701.28019944	12227.36909161
244	2018-01-21 06:00:00	12179.99999998	11650.0	12075.00000001	11899.86488767	9461110.8904855	795.59702321	11891.83797132
245	2018-01-21 08:00:00	12016.99999996	11600.00000039	11899.86488769	11653.5528922	6738687.6990143	571.63415389	11788.46234634
246	2018-01-21 10:00:00	12134.95669586	11656.5484589	11684.55289218	12134.95669586	5782653.777481	486.91605782	11876.07942808
247	2018-01-21 12:00:00	12253.4288435	11922.42889063	12135.29526289	11983.22149162	4520567.3886638	374.12185518	12083.14169854
248	2018-01-21 14:00:00	12050.0	11452.43300299	11986.78692219	11500.0	9479595.7503328	809.2967344	11713.37452308
249	2018-01-21 16:00:00	11495.47836185	11124.81886247	11495.4756121	11371.0	11524700.692648	1020.91262821	11288.62585709
250	2018-01-21 18:00:00	11590.73523805	11199.00000001	11371.0	11449.99999996	4171412.9792096	365.85276009	11401.89014341
251	2018-01-21 20:00:00	11450.0	10950.0	11449.99999992	11293.99999988	5683376.3066546	509.7738068	11148.81979192
252	2018-01-21 22:00:00	11521.0691428	11123.17915221	11295.0	11510.0	2887793.8909909	255.46465119	11304.08405835
253	2018-01-22 00:00:00	11690.85661551	11298.72376007	11510.0	11395.97738126	2985554.0406661	259.13620725	11521.17672921
254	2018-01-22 02:00:00	11567.35685144	11205.00100388	11399.9999994	11475.0754188	3697450.2142382	324.47721804	11395.09958995
255	2018-01-22 04:00:00	11772.04179472	11350.000001	11475.0754188	11447.2170343	2996706.2730721	258.48511275	11593.34184158
256	2018-01-22 06:00:00	11775.0	11392.75000001	11450.0	11724.11061575	4666203.8015097	401.32600693	11626.96591034
257	2018-01-22 08:00:00	11896.06346557	11591.9764959	11725.28302694	11739.09094662	7303607.6079486	619.29371697	11793.44696678
258	2018-01-22 10:00:00	11789.04094632	11250.00000003	11789.04094632	11276.11449592	5619256.017672	488.55017001	11501.90167277
259	2018-01-22 12:00:00	11356.92999999	10357.84457511	11256.03968144	10605.3152354	16519340.040372	1526.33015105	10822.91405238
260	2018-01-22 14:00:00	10837.28168406	10180.0	10590.00000006	10312.71832388	11004755.424985	1044.28421819	10538.08458779
261	2018-01-22 16:00:00	10719.99999999	10278.01532984	10312.71832392	10547.99999997	7350165.4801341	697.48659759	10538.0741444
262	2018-01-22 18:00:00	10685.0	10280.00000001	10547.9999992	10576.2725284	6379670.7605346	608.99863523	10475.67332909
263	2018-01-22 20:00:00	10650.0	9947.99999998	10562.54506	10300.00000016	17195638.447535	1695.25989388	10143.36415885
264	2018-01-22 22:00:00	10878.0	10289.59017435	10300.00000016	10767.0	6653287.2854466	629.78836532	10564.3223213
265	2018-01-23 00:00:00	10919.00000018	10592.00000001	10767.0	10639.99999999	3308123.5467584	307.10368872	10772.00850483
266	2018-01-23 02:00:00	11000.0	10624.7999167	10639.99999999	10839.6583656	3270964.7368948	302.57771662	10810.32923849
267	2018-01-23 04:00:00	10929.59999995	10259.99999996	10839.65836556	10291.1538505	5008257.2163532	477.04323596	10498.53941702
268	2018-01-23 06:00:00	10550.0	10113.49255818	10386.7144677	10219.87833048	4976664.1667384	482.80179762	10307.88242974
269	2018-01-23 08:00:00	10698.9	10155.33909451	10219.87833049	10418.81416168	3946630.2124303	375.06893665	10522.41288676
270	2018-01-23 10:00:00	10528.33754527	9880.00000009	10418.81416236	10164.12413712	7984066.320328	783.77646987	10186.66243151
271	2018-01-23 12:00:00	10440.735566	10011.86249249	10154.00000003	10276.22480909	5162997.2802851	504.35658456	10236.79959445
272	2018-01-23 14:00:00	10800.0	10199.99999997	10276.2248091	10772.3956258	9098510.8140672	868.56956247	10475.28166678
273	2018-01-23 16:00:00	11400.0	10745.00499993	10750.00000007	11169.99999952	17233838.954411	1549.80066841	11120.03582505
274	2018-01-23 18:00:00	11366.666	10929.0	11195.05378018	11000.56138967	5490064.453188	492.77077781	11141.21352241
275	2018-01-23 20:00:00	11195.56138955	10877.9655	11000.56138955	10969.99999999	4253639.3887588	386.58860262	11003.01291846
276	2018-01-23 22:00:00	11173.85654309	10735.40253332	10969.99999999	10807.7699848	2647612.1873502	241.74465108	10952.1024582
277	2018-01-24 00:00:00	10910.0	10501.0	10829.99999963	10560.00000167	4299821.8512439	402.31406628	10687.72437166
278	2018-01-24 02:00:00	10869.82850466	10519.74728022	10582.58783994	10769.56054323	2519415.3342938	235.00139435	10720.85270499
279	2018-01-24 04:00:00	10812.38085169	10350.0	10777.40419575	10643.3559663	3263007.1876561	308.87144056	10564.28908331
280	2018-01-24 06:00:00	11095.83	10519.80496981	10635.42798316	10955.99990592	4411549.9763955	404.78256895	10898.56706981
281	2018-01-24 08:00:00	11020.0	10749.9573746	10919.00000007	11019.21903112	2582612.4804639	237.00192836	10897.01040972
282	2018-01-24 10:00:00	11213.83574349	10900.0	11019.21903112	11014.40222674	4788798.4709656	434.11803225	11031.09780108
283	2018-01-24 12:00:00	11430.58269375	10949.39597515	11046.35750942	11318.6425027	8785937.3383446	780.15248357	11261.82063555
284	2018-01-24 14:00:00	11516.79592154	11048.77530714	11318.64250273	11050.4	8005756.095968	708.36921126	11301.67145707
285	2018-01-24 16:00:00	11126.11673426	10879.9999993	11050.4	11126.11673163	4512135.206431	409.66971656	11014.08042634
286	2018-01-24 18:00:00	11246.99999996	11000.0	11120.00000001	11232.87499977	4230963.5883596	380.10833557	11130.94134601
287	2018-01-24 20:00:00	11326.62862453	11074.10432219	11211.00000013	11213.90570005	3185006.4217137	283.87177765	11219.87697431
288	2018-01-24 22:00:00	11402.0	11077.05896948	11214.90570001	11388.8	2832003.9141512	253.32353134	11179.39537306
289	2018-01-25 00:00:00	11467.43	11258.73909267	11388.7838514	11398.13368288	2951484.0766166	259.7243853	11363.90821834
290	2018-01-25 02:00:00	11722.64501562	11322.64501568	11413.97591833	11635.0	4040884.3703126	349.62902659	11557.6341293
291	2018-01-25 04:00:00	11634.9554538	11353.40314913	11634.9554538	11567.99999982	3328332.9488649	289.09023183	11513.12836755
292	2018-01-25 06:00:00	11625.18194338	11375.00000001	11567.99999982	11422.4886464	2960686.5186439	257.24677985	11509.12956177
293	2018-01-25 08:00:00	11439.62809058	11120.00000001	11420.0	11334.00000025	4155836.8811931	368.6688538	11272.54672684
294	2018-01-25 10:00:00	11417.25160912	11150.93385997	11334.5450433	11169.00000001	2581125.1207652	228.28632557	11306.52532218
295	2018-01-25 12:00:00	11291.74538886	11032.90272037	11169.001	11228.99999995	5039006.3970165	453.1753893	11119.32932809
296	2018-01-25 14:00:00	11288.69164789	10921.00000001	11215.00000218	10970.0	3615447.7989781	325.69956186	11100.56083075
297	2018-01-25 16:00:00	11133.16094954	10890.0	10969.99999999	10999.99999998	5101551.0748476	465.09510621	10968.83413033
298	2018-01-25 18:00:00	11304.08080745	10929.52242574	10990.00000004	11227.96535597	4274961.5908614	382.23267871	11184.18656743
299	2018-01-25 20:00:00	11372.0	11125.98513051	11215.67174174	11287.49997994	3331441.5982867	295.97251685	11255.91535911
300	2018-01-25 22:00:00	11322.67507065	11064.99999999	11286.25442475	11170.46487644	2614671.9418164	233.8903533	11179.04994765
301	2018-01-26 00:00:00	11432.9465511	11145.10147804	11167.46487651	11300.0	2128168.6520917	187.95057743	11323.02268602
302	2018-01-26 02:00:00	11635.62260994	11294.39509174	11295.5245312	11523.37919707	4729600.652586	410.30510347	11527.03345044
303	2018-01-26 04:00:00	11550.0	11350.51124999	11548.02773678	11350.51124999	2555348.5092595	223.46454927	11435.14046235
304	2018-01-26 06:00:00	11461.22861606	11029.5208281	11350.51125	11037.98999994	5617610.6349466	499.2941481	11251.10449686
305	2018-01-26 08:00:00	11053.99999988	10293.1857382	11037.9899999	10475.0300002	16212507.351111	1529.49985821	10599.87502717
306	2018-01-26 10:00:00	10620.00000001	10354.0155004	10475.0300002	10511.21298758	7167135.798889	683.54748566	10485.20541622
307	2018-01-26 12:00:00	10758.70400004	10370.00000004	10511.21298755	10519.99999941	9588853.7796688	905.03960405	10594.95489121
308	2018-01-26 14:00:00	11043.74041705	10500.0	10519.99999786	11023.52899923	6697912.5057383	618.92461028	10821.85518961
309	2018-01-26 16:00:00	11284.37928656	10959.24051161	11023.52899923	11160.0	5856434.8124023	526.79621517	11117.07837633
310	2018-01-26 18:00:00	11160.0	10855.23751951	11160.0	10918.00002799	2398559.7201881	218.42054907	10981.38307224
311	2018-01-26 20:00:00	11030.56138954	10800.0	10915.00000069	10860.0	2630321.1771588	240.96589363	10915.74055371
312	2018-01-26 22:00:00	11161.80190467	10732.4713222	10879.99999964	11079.309822	2458538.950232	223.95831995	10977.66294541
313	2018-01-27 00:00:00	11173.80820003	10909.30122087	11079.309822	10959.24124922	2757876.4010072	250.12912918	11025.8105885
314	2018-01-27 02:00:00	11210.49879212	10877.222835	10953.5233605	11017.00000011	2113018.7709579	190.93914676	11066.45131086
315	2018-01-27 04:00:00	11300.00000003	11000.20551916	11016.99999857	11244.9999998	3072072.175307	274.82272083	11178.37770483
316	2018-01-27 06:00:00	11439.93	11129.7629598	11244.99999979	11226.78725316	4100777.5424117	364.10667729	11262.57165326
317	2018-01-27 08:00:00	11311.99999997	11100.0	11221.36240129	11272.8690759	2551501.7267505	227.84958679	11198.18456858
318	2018-01-27 10:00:00	11360.0	10824.81809367	11272.99075873	10972.0	3582749.0126906	324.07604353	11055.27262572
319	2018-01-27 12:00:00	11099.74888399	10904.93224935	10972.53102862	11047.56138954	1643234.2371398	149.28317206	11007.49812898
320	2018-01-27 14:00:00	11537.04268124	10929.99999966	11047.56138954	11500.41944188	5604516.1053221	495.55305317	11309.6187572
321	2018-01-27 16:00:00	11603.0	11386.64791194	11519.99999989	11451.60922085	7580639.9450242	659.449679	11495.40319212
322	2018-01-27 18:00:00	11561.0	11413.37205137	11439.00480034	11500.0	3395287.428553	295.56407237	11487.48358123
323	2018-01-27 20:00:00	11650.0	11460.61996563	11499.99999999	11582.43817434	4451534.5935577	384.52474471	11576.7181561
324	2018-01-27 22:00:00	11605.42304205	11378.99999997	11582.43817466	11480.56138879	4079352.3215249	354.92390233	11493.59706332
325	2018-01-28 00:00:00	11624.20678152	11428.38147366	11480.56138955	11483.99	1764246.5149145	152.9833333	11532.27921537
326	2018-01-28 02:00:00	11587.35286234	11425.0	11496.98091082	11539.99999985	3607945.3745576	313.34074336	11514.4469751
327	2018-01-28 04:00:00	12037.94491737	11522.47970501	11539.99999984	11880.56241234	6327956.4799871	534.44059261	11840.33654532
328	2018-01-28 06:00:00	12200.0	11869.02503994	11880.56241238	11941.99999999	9857284.4191321	816.99468251	12065.29813492
329	2018-01-28 08:00:00	12035.56138936	11815.3526375	11941.99999997	11925.00000016	4580267.3558102	384.17122819	11922.46326563
330	2018-01-28 10:00:00	11990.99000075	11830.0	11944.89182402	11990.99000075	4150935.0502657	348.02122082	11927.24696639
331	2018-01-28 12:00:00	12074.5682561	11660.0001	11990.99000076	11819.0	6621357.1402784	558.43528602	11856.98201034
332	2018-01-28 14:00:00	11870.0	11697.56692525	11818.99999999	11766.648	1965398.3862939	166.71137545	11789.22782556
333	2018-01-28 16:00:00	11883.7525913	11717.49243848	11766.64799914	11827.92838921	3556402.4504326	301.0676816	11812.63439347
334	2018-01-28 18:00:00	11885.0	11731.16756464	11790.00000064	11885.0	1770833.9783668	150.24547971	11786.27125278
335	2018-01-28 20:00:00	11980.47579557	11845.88343931	11872.39858574	11954.99999877	2584549.6456953	217.03622908	11908.37887596
336	2018-01-28 22:00:00	11952.6593259	11810.999999	11940.99999966	11849.99989962	2091536.6781344	175.95402226	11886.83640913
337	2018-01-29 00:00:00	12000.0	11446.75423844	11849.99989962	11532.00000005	7789987.0593174	662.9453006	11750.57286365
338	2018-01-29 02:00:00	11615.56138951	11440.34416666	11532.00000006	11555.84402409	2266639.1887037	196.53417044	11533.05393982
339	2018-01-29 04:00:00	11740.0	11520.87713086	11555.8440241	11600.09999973	2987227.9988204	256.92424463	11626.88248095
340	2018-01-29 06:00:00	11608.17999982	11276.99999604	11579.90000016	11304.50000003	3441333.9430831	302.25599189	11385.49453251
341	2018-01-29 08:00:00	11471.70276684	11217.54734002	11304.50000006	11371.99999773	2931307.6435594	258.46882794	11341.04900355
342	2018-01-29 10:00:00	11492.92255743	11113.16756561	11371.99999716	11235.00000001	3512211.5913945	310.39810719	11315.18366265
343	2018-01-29 12:00:00	11340.0	11193.18807577	11244.87536969	11340.0	1997323.9486418	177.26958854	11267.15510027
344	2018-01-29 14:00:00	11436.97993406	11251.0	11330.1082929	11396.99999988	2114191.3199281	186.03222878	11364.65081235
345	2018-01-29 16:00:00	11450.0	11321.24400004	11396.99999973	11401.00000004	1949862.3404619	171.11969335	11394.727879
346	2018-01-29 18:00:00	11406.32015352	11221.0	11401.00000004	11224.00000003	2510554.3721884	221.73943945	11322.09217456
347	2018-01-29 20:00:00	11349.07283999	11221.0	11228.0	11313.28699955	1334369.7803071	118.29073043	11280.42557059
348	2018-01-29 22:00:00	11313.28699955	11100.0	11313.0	11227.0	2926445.6207254	261.59957695	11186.73682444
349	2018-01-30 00:00:00	11271.32887049	10902.0	11235.46599465	10904.99999909	4108955.1077771	370.56420791	11088.37556371
350	2018-01-30 02:00:00	11053.49984563	10826.5108069	10904.99999912	10970.39759961	2811185.3814993	256.9413878	10940.95974793
351	2018-01-30 04:00:00	11086.75274689	10930.17339113	10970.39759961	11004.52958772	1704858.6605949	154.57538572	11029.30232167
352	2018-01-30 06:00:00	11100.0	10910.00000001	11004.90000018	11097.26587923	1850661.2911225	168.12672121	11007.53811055
353	2018-01-30 08:00:00	11155.31960521	10892.03013421	11096.88311996	10923.69064425	2523928.7283887	228.57996592	11041.77576643
354	2018-01-30 10:00:00	11015.56138913	10851.00000001	10938.90599976	11013.00000016	2590550.5365335	237.22463159	10920.24263741
355	2018-01-30 12:00:00	11065.24314367	10500.0	11015.56138309	10546.43131608	8809111.8032357	825.06109254	10676.92063398
356	2018-01-30 14:00:00	10655.56138919	10224.42595026	10553.0	10322.99999938	10081217.363816	965.06186193	10446.18771241
357	2018-01-30 16:00:00	10495.43134942	10222.0	10322.99999932	10227.18606014	5106841.0639526	491.93181897	10381.19687936
358	2018-01-30 18:00:00	10444.09469609	9850.0	10223.0	10350.0	17988011.440719	1785.23498497	10075.99088756
359	2018-01-30 20:00:00	10369.5139437	10026.58071741	10325.46243934	10263.18674924	4788641.7944904	468.60880598	10218.84722049
360	2018-01-30 22:00:00	10543.68019935	10029.03403812	10263.18674929	10181.53934991	5011583.0568339	487.36964835	10282.91990237
361	2018-01-31 00:00:00	10195.56138955	9700.46388593	10184.66464945	9972.30015854	8802174.7743634	889.16165647	9899.40885362
362	2018-01-31 02:00:00	10344.18449999	9936.43196466	9971.30292853	10014.59886075	4922208.5166035	488.31585954	10079.96857042
363	2018-01-31 04:00:00	10099.0	9791.7501656	10014.59886072	10032.30904043	2742425.0921618	275.76003843	9944.96921227
364	2018-01-31 06:00:00	10299.0	10003.0002001	10003.0002001	10273.99999997	2975103.7486437	292.1133918	10184.75644102
365	2018-01-31 08:00:00	10349.98913913	10022.45	10269.0	10142.19399398	2427795.1183287	238.1305973	10195.22541771
366	2018-01-31 10:00:00	10380.0	10109.2499996	10114.73358636	10288.58148394	2821944.1040366	276.43155718	10208.47305866
367	2018-01-31 12:00:00	10424.62688464	10141.750165	10288.58148394	10149.99999998	3477345.8808164	336.95496249	10319.91294955
368	2018-01-31 14:00:00	10189.7493518	9879.48889988	10149.99999999	10007.00000011	6025822.3577152	601.56560544	10016.89974164
369	2018-01-31 16:00:00	10150.0	9848.99523884	10047.9898769	10005.0	2154171.2208728	215.56161924	9993.2967124
370	2018-01-31 18:00:00	10125.56138936	9978.09866197	10011.1828711	10069.0	2059514.0706527	205.12863175	10040.11021319
371	2018-01-31 20:00:00	10181.99999999	10051.021	10068.0	10085.89987121	1709208.5036747	168.75427687	10128.38628671
372	2018-01-31 22:00:00	10281.2044666	10085.91	10100.0	10261.25665107	2199176.1570747	216.24964578	10169.6173843
373	2018-02-01 00:00:00	10367.78412393	10150.00000001	10261.25665108	10201.85	3097944.7089588	301.38853824	10278.90684579
374	2018-02-01 02:00:00	10259.24999908	9980.0	10214.89999608	10050.0	2188819.4039468	217.01367109	10086.08993596
375	2018-02-01 04:00:00	10310.56138955	10009.99999994	10042.00810591	10226.12632041	2303150.8658605	225.37542984	10219.17459012
376	2018-02-01 06:00:00	10239.13981337	10109.24999959	10226.12632041	10109.24999959	879234.10448512	86.51316982	10163.00878021
377	2018-02-01 08:00:00	10114.30462459	9607.00000001	10109.24999959	9635.0	5542523.2492846	561.89487651	9863.98609595
378	2018-02-01 10:00:00	9701.0	9500.0	9635.52499886	9590.0	5350973.2130567	557.92879334	9590.78161394
379	2018-02-01 12:00:00	9655.56138953	9250.0	9589.99999996	9318.7072904	5952662.5434729	634.14619212	9386.89314458
380	2018-02-01 14:00:00	9555.0	9263.40291576	9318.70729017	9312.53405687	3443028.8598801	365.93766264	9408.78518773
381	2018-02-01 16:00:00	9342.13405683	9021.0	9312.53405687	9114.93263848	7839157.2395496	858.54755486	9130.71989451
382	2018-02-01 18:00:00	9179.99999945	8949.98181818	9119.25810254	8985.37791746	5548248.7632736	614.00712355	9036.13093476
383	2018-02-01 20:00:00	9519.24999959	8820.0	8985.37791749	9314.99999689	11461237.026584	1241.36553085	9232.76564537
384	2018-02-01 22:00:00	9372.91216647	9125.00000001	9330.0	9199.57000007	3887556.7778058	420.49626145	9245.16371299
385	2018-02-02 00:00:00	9211.44851783	8751.0	9199.57000009	8815.159165	6074950.1805085	682.68252936	8898.64603127
386	2018-02-02 02:00:00	9100.0	8760.00284106	8815.159165	8851.04393852	5263942.8891835	591.1492154	8904.59253273
387	2018-02-02 04:00:00	8925.79999881	8731.50956464	8861.60642803	8793.94828217	3095845.4288545	351.89508088	8797.63769676
388	2018-02-02 06:00:00	8921.26167808	8510.0	8793.94828145	8685.01250185	9055900.7964059	1041.17245803	8697.7913472
389	2018-02-02 08:00:00	8685.01250181	8300.0	8660.14763383	8531.71058931	13115136.151575	1543.75086166	8495.63001213
390	2018-02-02 10:00:00	8531.67058932	8200.0	8531.67058932	8265.00000174	7212792.8635056	865.76130355	8331.15644454
391	2018-02-02 12:00:00	9010.56138954	7966.88926862	8265.00000184	9001.0	23011240.138176	2726.23410827	8440.66915176
392	2018-02-02 14:00:00	9068.0	8569.8132	9001.00000001	9050.00000004	14553401.387493	1645.65391541	8843.53705916
393	2018-02-02 16:00:00	9196.60038027	8656.345	9050.00000007	8755.20111564	8241116.0919156	919.02345905	8967.25324121
394	2018-02-02 18:00:00	8862.72249415	8510.19943894	8755.20111568	8672.90819997	5056026.5683627	582.98048709	8672.72006581
395	2018-02-02 20:00:00	8854.43204613	8534.00000005	8672.86819997	8620.00000033	1996610.4602761	229.95919401	8682.45546289
396	2018-02-02 22:00:00	9013.66129382	8550.0	8638.91026483	8872.00000009	3524937.7721867	398.29840253	8849.99224148
397	2018-02-03 00:00:00	8928.05551244	8550.6958887	8890.977208	8681.62927604	1938986.4515858	222.84874598	8700.90806685
398	2018-02-03 02:00:00	8700.0	8207.79288033	8630.80300301	8340.00000004	4128203.8103565	492.13371005	8388.37845498
399	2018-02-03 04:00:00	8537.0	8215.09645396	8342.80717482	8522.39999982	3636656.692278	433.29131521	8393.09851044
400	2018-02-03 06:00:00	8800.0	8419.81150113	8521.54775784	8701.34773554	2127000.5453732	245.55102884	8662.15285442
401	2018-02-03 08:00:00	9077.24609614	8625.0	8709.99999972	8920.0	4458349.5199046	499.73765425	8921.38001206
402	2018-02-03 10:00:00	9100.0	8765.99999999	8920.0	9099.99999999	3176079.3153987	355.41846615	8936.16853902
403	2018-02-03 12:00:00	9309.99999994	8980.0	9100.0	9305.0	5506129.6714436	601.331203	9156.56736915
404	2018-02-03 14:00:00	9474.47477864	9166.54971168	9306.55821767	9225.99999509	9214860.1789965	984.94487873	9355.71155096
405	2018-02-03 16:00:00	9403.070237	9091.58452944	9208.99000016	9218.0752462	6077113.9045468	657.20475189	9246.91108375
406	2018-02-03 18:00:00	9419.44291651	9122.04504972	9218.0752462	9328.02934711	4221164.0889415	454.69769158	9283.4517683
407	2018-02-03 20:00:00	9497.134812	9080.0	9309.10564126	9155.63504283	4053334.7321437	434.99124322	9318.19845875
408	2018-02-03 22:00:00	9216.41034089	9025.0	9155.63504266	9216.41034089	2876616.8164057	315.44983183	9119.0944681
409	2018-02-04 00:00:00	9216.78377343	8915.51903486	9215.56138953	8915.51903489	3038696.2990111	334.05945296	9096.2739479
410	2018-02-04 02:00:00	9237.25080828	8915.51903482	8923.0	9199.99999999	1882791.0515648	207.06991294	9092.53799759
411	2018-02-04 04:00:00	9265.56576692	9044.99999991	9199.07999999	9261.85954122	1510377.998269	164.69347549	9170.84294793
412	2018-02-04 06:00:00	9400.0	9154.08312607	9261.85954162	9193.99998894	2245554.505861	241.60192637	9294.43957504
413	2018-02-04 08:00:00	9213.30022185	8748.5414656	9212.37889303	8820.00100411	3951765.5109575	442.12907615	8938.03580024
414	2018-02-04 10:00:00	8968.99922091	8683.26002393	8838.86598027	8702.54586755	5002864.289519	568.22306661	8804.40197432
415	2018-02-04 12:00:00	8755.59403996	8433.94955313	8702.54586756	8716.1529228	5344074.9168734	621.84922761	8593.8434585
416	2018-02-04 14:00:00	8888.0	8315.0	8713.8430299	8392.95880682	5694180.9026247	662.9029368	8589.76569045
417	2018-02-04 16:00:00	8567.0	8197.59076818	8392.95880696	8475.00000001	6376686.7638957	759.97429023	8390.66116561
418	2018-02-04 18:00:00	8573.50137667	8159.9	8475.00011861	8224.53228995	4261778.3382801	511.48444486	8332.17584837
419	2018-02-04 20:00:00	8265.19739748	7900.05161	8224.53228997	8102.0	9862141.4660969	1225.58620843	8046.87699507
420	2018-02-04 22:00:00	8500.19872434	8075.64	8102.0	8168.01000005	4519441.4333226	543.98754982	8307.98689201
421	2018-02-05 00:00:00	8334.78456401	7928.76294751	8195.26036052	8098.57714714	5665836.3176237	700.89459609	8083.72093212
422	2018-02-05 02:00:00	8250.0	7812.98885227	8098.57714714	8167.0180647	4972970.2840161	621.85064726	7997.04930103
423	2018-02-05 04:00:00	8369.99999998	7990.0	8167.0180647	8210.60460983	2045626.1728908	249.54192082	8197.52515396
424	2018-02-05 06:00:00	8311.98874394	7902.15870044	8210.60460971	7973.00000004	2845041.2280974	353.69043217	8043.87387762
425	2018-02-05 08:00:00	8053.51000068	7735.98293525	7990.99999997	7850.0	9770886.445326	1241.41032466	7870.79521672
426	2018-02-05 10:00:00	7928.75521623	7534.66682537	7849.99999994	7550.0	13086416.986727	1691.92238042	7734.64382182
427	2018-02-05 12:00:00	7800.00000001	7543.74673347	7550.00000013	7670.82150865	7037596.8014781	915.13956766	7690.18961716
428	2018-02-05 14:00:00	7673.44802812	7200.00000003	7673.44802808	7390.00932574	17106815.190809	2316.08253075	7386.09914097
429	2018-02-05 16:00:00	7500.714	7088.0	7374.23581465	7088.0	6146487.4707178	841.67203382	7302.7108229
430	2018-02-05 18:00:00	7229.43602133	6666.6666666	7088.0	6715.1	21208559.878994	3032.06725891	6994.75244708
431	2018-02-05 20:00:00	7465.72164917	6669.8	6715.1	7135.03436787	21312451.801873	2979.63170978	7152.71344841
432	2018-02-05 22:00:00	7330.0	6744.55	7135.03436787	6960.0	9184567.9585022	1317.02871851	6973.70363259
433	2018-02-06 00:00:00	7138.64811656	6460.00000001	6957.00000001	6469.99999994	9054007.8912283	1346.26112279	6725.29848627
434	2018-02-06 02:00:00	6637.85423664	6208.6434678	6469.9999999	6376.69223703	9706525.4747487	1521.31689487	6380.34423168
435	2018-02-06 04:00:00	6666.0	6070.0	6376.05456772	6580.0	13595408.899944	2148.76182887	6327.08973013
436	2018-02-06 06:00:00	6588.40801167	6012.62120401	6580.0	6014.99739162	12155758.634291	1960.268216	6201.06908589
437	2018-02-06 08:00:00	6962.43282196	6014.30000001	6014.99739159	6698.65671009	17480688.311457	2712.73890976	6443.92582292
438	2018-02-06 10:00:00	6860.63255598	6287.85616811	6698.65671009	6549.97499967	6747363.6566544	1030.26834657	6549.13225192
439	2018-02-06 12:00:00	7200.49024141	6457.55000022	6549.97499987	7150.0	10957979.610126	1598.78425687	6853.94515428
440	2018-02-06 14:00:00	7470.18480755	6890.00000003	7140.04000039	7290.0	18750399.147871	2609.04274799	7186.69679226
441	2018-02-06 16:00:00	7511.80425325	6804.31086222	7290.0	7041.02861397	19237839.856172	2681.51361599	7174.24656785
442	2018-02-06 18:00:00	7618.4316166	6975.7470142	7025.99999984	7535.60900803	9557292.6032424	1312.15708568	7283.64973031
443	2018-02-06 20:00:00	7921.69007689	7454.05577801	7535.60900801	7770.057	16520340.146765	2150.88875915	7680.7041166
444	2018-02-06 22:00:00	7872.0	7500.0	7760.77600026	7723.99999884	9359510.2605702	1218.57272247	7680.71538775
445	2018-02-07 00:00:00	7806.0551927	7450.64200007	7719.43699777	7629.0	5349744.9842259	701.91394593	7621.65364464
446	2018-02-07 02:00:00	7760.0	7222.0	7629.0	7280.74664391	6738432.962633	910.36051587	7401.93895183
447	2018-02-07 04:00:00	7577.98994061	7200.0	7280.0	7484.49445686	5944101.3895493	801.55806506	7415.68408909
448	2018-02-07 06:00:00	7788.0	7306.0	7468.5193405	7729.99999985	4422045.7870874	588.91212559	7508.83806757
449	2018-02-07 08:00:00	8005.0	7622.5005011	7717.39476172	7984.19576495	7940399.8602658	1015.01410659	7822.9453253
450	2018-02-07 10:00:00	8340.0	7910.0	7984.0	8291.69999706	16867119.557975	2051.85024121	8220.44378249
451	2018-02-07 12:00:00	8640.0	8117.39780002	8291.69999677	8339.99999996	10678076.922572	1272.76269929	8389.68405385
452	2018-02-07 14:00:00	8433.99999997	8079.29771547	8339.99999994	8205.56138952	8346732.063157	1013.71133019	8233.83522959
453	2018-02-07 16:00:00	8386.95507217	7956.0	8205.2	8355.56138955	7076491.4042398	868.5439586	8147.53396667
454	2018-02-07 18:00:00	8469.26999986	8088.96636701	8355.56138955	8169.00000039	6081355.5625095	728.56308078	8347.05425369
455	2018-02-07 20:00:00	8270.56138936	7968.00000004	8164.3305952	8107.8414762	4919550.6782635	607.29882126	8100.70842564
456	2018-02-07 22:00:00	8102.54586173	7537.95986529	8088.16655137	7568.39928201	8536172.227346	1099.91820954	7760.73361938
457	2018-02-08 00:00:00	7943.23407999	7568.39928203	7584.00167162	7881.1624649	5028727.6067686	648.12832385	7758.8456201
458	2018-02-08 02:00:00	8147.75571997	7880.97565746	7881.16246512	8000.3603876	3719788.6632699	464.11717553	8014.76191658
459	2018-02-08 04:00:00	8262.24855996	7962.96721735	8003.93258792	7996.72527077	2464061.7292476	302.93968513	8133.83604129
460	2018-02-08 06:00:00	8330.31111541	7880.97565746	7996.72527077	8330.31111537	3259781.770008	402.65111763	8095.79714864
461	2018-02-08 08:00:00	8374.99999999	8153.45000108	8329.99999981	8333.00000023	3409605.5130315	412.44853184	8266.74178671
462	2018-02-08 10:00:00	8615.56138955	8304.30985647	8333.00000017	8491.54548496	7002955.4880093	823.71891114	8501.63252694
463	2018-02-08 12:00:00	8700.09999999	8342.75017606	8486.8486022	8450.0	7891040.764613	924.94137462	8531.39559018
464	2018-02-08 14:00:00	8502.1472753	8217.50436098	8469.99999991	8256.30132774	7798350.4506529	927.78237823	8405.36599275
465	2018-02-08 16:00:00	8335.56138948	8162.2578156	8225.0	8212.18799602	5241780.6683325	636.31136042	8237.7606222
466	2018-02-08 18:00:00	8489.57999998	8073.0	8197.07251573	8411.0	5051404.3241174	611.86121382	8255.80084179
467	2018-02-08 20:00:00	8444.99166133	8171.92979115	8414.31844584	8208.16019246	3366423.2820266	404.46455435	8323.16020234
468	2018-02-08 22:00:00	8375.99999997	8134.69203651	8208.16019246	8250.0	3558345.0924291	432.18459684	8233.39174613
469	2018-02-09 00:00:00	8254.28850196	7860.0	8254.28850196	8000.99999999	5333838.3900048	668.00112514	7984.7745599
470	2018-02-09 02:00:00	8166.73847879	7944.88100823	8000.00000016	8108.58116681	2425816.553637	301.25881349	8052.26750226
471	2018-02-09 04:00:00	8115.566532	7756.0	8108.58116737	7871.48600066	2963333.4044266	376.58262925	7869.012467
472	2018-02-09 06:00:00	8075.97122996	7804.69060046	7870.41638282	8000.0	2308710.5327325	289.87932672	7964.38490062
473	2018-02-09 08:00:00	8348.71871525	7854.72234448	8000.0	8273.62665797	3877285.1583863	477.20504361	8124.987802
474	2018-02-09 10:00:00	8366.87847891	8162.44796563	8273.62665797	8270.9900002	3183814.9843875	384.92628859	8271.23290552
475	2018-02-09 12:00:00	8319.99999992	8180.0	8278.74	8275.00000045	2447123.9417521	296.24997773	8260.33460155
476	2018-02-09 14:00:00	8500.0	8266.0	8275.00000045	8322.1710001	4504732.6533033	536.07550532	8403.16822648
477	2018-02-09 16:00:00	8710.0	8322.17100022	8334.01000211	8615.0	6587031.0714093	770.30718575	8551.17437986
478	2018-02-09 18:00:00	8744.99999999	8580.0	8618.00000003	8636.0	3599200.5304748	415.17838314	8669.04606943
479	2018-02-09 20:00:00	8738.5	8460.18925861	8636.0	8550.0	3671059.0874125	428.14808924	8574.27413474
480	2018-02-09 22:00:00	8715.5613895	8460.0	8549.99999894	8682.31340707	1944248.3088102	225.91680734	8606.03658356
481	2018-02-10 00:00:00	8951.94555377	8609.16257128	8682.31340707	8802.0	7358192.9178603	831.36990175	8850.68475821
482	2018-02-10 02:00:00	9010.0	8764.76532224	8809.26529717	8910.33983796	2927563.8518798	327.71581766	8933.23939254
483	2018-02-10 04:00:00	8919.28169001	8770.77427322	8910.33983796	8860.91888206	2250828.2037076	254.6837103	8837.73917482
484	2018-02-10 06:00:00	9069.99999984	8850.00000004	8860.91888205	8950.39081413	4119100.1702575	459.46393081	8965.01312517
485	2018-02-10 08:00:00	8944.89439989	8573.91999999	8943.99999998	8599.99999994	7774211.6556123	890.37551727	8731.38524681
486	2018-02-10 10:00:00	8679.67832168	8495.0	8600.0	8648.06603385	4064954.2479926	473.6854245	8581.54808601
487	2018-02-10 12:00:00	8768.0	8514.40539073	8648.06603378	8718.08300152	3228304.1360604	372.74253317	8660.94917745
488	2018-02-10 14:00:00	8780.0	8276.16430742	8723.0	8320.40799313	6343334.5660877	749.52083381	8463.18645186
489	2018-02-10 16:00:00	8477.03998997	8222.0	8320.40799313	8421.99999976	4469884.1402495	535.20348853	8351.74701967
490	2018-02-10 18:00:00	8458.05316	8247.192969	8421.99999979	8435.0	3889140.8550681	466.38740429	8338.86339831
491	2018-02-10 20:00:00	8444.63812491	8144.47445801	8435.0	8255.44717333	3918840.9354674	475.71859748	8237.72910335
492	2018-02-10 22:00:00	8589.4576342	8255.44717527	8255.44717527	8560.42138972	2725779.7224641	320.95211863	8492.79242679
493	2018-02-11 00:00:00	8560.42138972	8166.96000054	8544.23896512	8236.11133152	2482184.1801217	298.59306651	8312.93308024
494	2018-02-11 02:00:00	8271.89999877	8000.0	8250.01132775	8023.0	3736546.7830699	460.73429226	8109.98192633
495	2018-02-11 04:00:00	8151.0	7945.76000395	8023.0	8096.81092518	3336448.7918158	414.02932456	8058.48425195
496	2018-02-11 06:00:00	8096.81092518	7870.4999999	8096.810925	7886.25930541	3249547.8630705	407.99175695	7964.73901179
497	2018-02-11 08:00:00	8133.60933419	7805.0	7886.25930541	8126.00000006	4222844.8853375	533.41235679	7916.66115638
498	2018-02-11 10:00:00	8198.0	7957.53811563	8130.0	8186.00855152	3060853.8974458	378.76232494	8081.19946441
499	2018-02-11 12:00:00	8360.57744609	8140.00000003	8185.8513372	8271.72068139	4057377.2786326	489.85825201	8282.75784267
500	2018-02-11 14:00:00	8460.56138951	8220.27137992	8263.36436941	8439.40181157	2567694.7097326	306.68672367	8372.36995134
501	2018-02-11 16:00:00	8495.56138955	8166.27368421	8439.40181156	8207.05693001	3448127.1399795	415.19681622	8304.80149479
502	2018-02-11 18:00:00	8425.56138939	8190.46199	8207.05693007	8308.72103143	2116834.1326792	255.13618274	8296.87937612
503	2018-02-11 20:00:00	8350.0	8209.14006411	8308.72103141	8317.6972381	1336509.8397928	161.76914573	8261.83407077
504	2018-02-11 22:00:00	8347.68227773	8022.47000022	8302.3102075	8070.0	3157351.1760093	387.15021227	8155.36470326
505	2018-02-12 00:00:00	8438.07106536	8070.0	8070.0	8401.66777819	2559717.1119757	309.718914	8264.64576837
506	2018-02-12 02:00:00	8570.0	8296.5104056	8359.6594393	8488.58702677	1896869.0371091	224.19294922	8460.87730996
507	2018-02-12 04:00:00	8554.56138952	8358.02341548	8488.58702523	8385.10000003	1687823.0728236	199.35852033	8466.27006475
508	2018-02-12 06:00:00	8539.38528881	8320.0	8385.10000003	8490.60000008	2429726.6514543	287.86371342	8440.54508499
509	2018-02-12 08:00:00	8817.58751507	8483.35890798	8490.60000008	8800.0	4712278.8963176	539.10565069	8740.91913205
510	2018-02-12 10:00:00	8845.0	8620.0	8800.0	8645.0	3475574.6978095	397.44958939	8744.69313993
511	2018-02-12 12:00:00	8794.99999999	8641.71000379	8645.0	8672.80975859	2468674.2257877	283.25714454	8715.31141711
512	2018-02-12 14:00:00	8706.9111909	8520.0	8680.00000121	8650.67400002	2942529.2463189	342.37537782	8594.45344771
513	2018-02-12 16:00:00	8769.773532	8625.0	8650.67400002	8769.76999868	1929926.1077954	221.77335029	8702.24535667
514	2018-02-12 18:00:00	8800.0	8629.59285152	8769.76999849	8795.99999988	2530667.7110608	290.0821694	8723.96850966
515	2018-02-12 20:00:00	8928.70706097	8739.00000002	8795.99999999	8831.55999994	3409966.3830555	385.12464035	8854.18907488
516	2018-02-12 22:00:00	9000.0	8740.21	8831.55999997	8910.0	3082531.2488655	345.93386322	8910.75311382
517	2018-02-13 00:00:00	8943.49999999	8730.000001	8889.00000164	8766.91061866	2281977.0028791	257.99057903	8845.1950899
518	2018-02-13 02:00:00	8763.3	8655.62205181	8746.7539823	8758.51709954	1998215.8925143	229.33737189	8712.99725834
519	2018-02-13 04:00:00	8771.83290089	8493.48947986	8758.52000003	8619.0	5467531.2405488	636.20304415	8594.00358238
520	2018-02-13 06:00:00	8753.13239696	8576.71208606	8608.00000203	8650.01999991	2455846.7827554	283.34203805	8667.42824205
521	2018-02-13 08:00:00	8649.99999973	8367.56138959	8641.47272086	8431.9640327	4128281.5141411	487.73835047	8464.13145524
522	2018-02-13 10:00:00	8565.0	8355.0	8431.9640327	8505.0	3117929.1105235	368.29170602	8465.92268997
523	2018-02-13 12:00:00	8635.50000002	8450.0	8515.34002122	8590.0	2257733.1667924	263.9742246	8552.85462136
524	2018-02-13 14:00:00	8665.67403774	8457.58814217	8590.0	8479.00000056	2802804.3053897	326.66955534	8579.93730842
525	2018-02-13 16:00:00	8640.0	8479.0	8479.00000054	8620.45390913	1333963.5779515	155.9786061	8552.22143154
526	2018-02-13 18:00:00	8666.0	8549.60131413	8620.45390913	8623.5499924	1990833.6242205	231.01817771	8617.64924282
527	2018-02-13 20:00:00	8731.63377639	8544.87201647	8600.00000678	8544.87201647	2008408.2415886	231.7087684	8667.81285601
528	2018-02-13 22:00:00	8575.37890259	8474.7	8558.8525792	8500.61835334	1450227.2179625	170.06074559	8527.70116308
529	2018-02-14 00:00:00	8680.0	8500.6183543	8523.09999763	8636.29	1611424.817677	187.61307159	8589.08605898
530	2018-02-14 02:00:00	8731.63377639	8628.5532151	8648.7760359	8683.75874997	1579682.9947714	181.66471785	8695.59600492
531	2018-02-14 04:00:00	8865.29468346	8688.91471829	8700.0	8849.99999639	2591033.9594	294.58708921	8795.47697201
532	2018-02-14 06:00:00	8900.0	8784.99000004	8837.10362213	8890.4600001	2409046.2022806	272.24364328	8848.86116442
533	2018-02-14 08:00:00	8900.0	8764.0	8891.3490461	8786.0	2260324.9354563	255.98216864	8830.00932238
534	2018-02-14 10:00:00	8935.5	8744.72212959	8787.0	8935.49999999	2584788.2235841	292.66805607	8831.80849421
535	2018-02-14 12:00:00	9299.0	8935.49999998	8935.49999999	9202.99999742	8919469.8415746	973.6284009	9161.06168773
536	2018-02-14 14:00:00	9300.0	9110.0	9207.56139388	9296.17083893	3958432.2180808	430.41235233	9196.83693242
537	2018-02-14 16:00:00	9327.78940074	9207.0	9296.51	9299.99897999	3267274.6931547	352.04290184	9280.89922017
538	2018-02-14 18:00:00	9361.63999984	9159.53236837	9286.00000157	9228.69684699	3201754.0479929	345.46016104	9268.08474341
539	2018-02-14 20:00:00	9347.90505615	9183.00000003	9228.69684847	9294.72712383	2433948.5364726	262.32483646	9278.37626554
540	2018-02-14 22:00:00	9485.88887924	9240.0	9285.0	9469.99998292	2446570.4756725	260.23064097	9401.54651486
541	2018-02-15 00:00:00	9469.99998262	9319.84000301	9456.2142096	9400.49999564	1678742.8471618	178.50584017	9404.41413884
542	2018-02-15 02:00:00	9710.90912528	9380.00000301	9399.55994567	9659.20997262	4343436.9962121	453.66402455	9574.12702168
543	2018-02-15 04:00:00	9745.15346406	9619.37333673	9659.20997262	9685.68	2728024.017535	281.83835422	9679.39237753
544	2018-02-15 06:00:00	9844.0	9654.72810256	9697.99899944	9809.00000067	3118390.7379036	320.66549784	9724.74668746
545	2018-02-15 08:00:00	9940.1302436	9507.56139	9822.0	9596.07204483	6022814.1566352	615.90680435	9778.77515574
546	2018-02-15 10:00:00	9751.07150028	9430.56163723	9596.07204497	9591.99999561	8513011.9317026	888.89836446	9577.03633179
547	2018-02-15 12:00:00	9740.00000005	9574.00000024	9591.99999558	9658.30131001	2738638.6179887	283.25356345	9668.50543602
548	2018-02-15 14:00:00	9880.0018885	9658.30131001	9658.30131001	9815.0000011	2856822.7000566	291.55755387	9798.4863096
549	2018-02-15 16:00:00	10050.99501064	9767.24972163	9824.10123441	10050.99501064	5925073.2218033	596.49245641	9933.19053431
550	2018-02-15 18:00:00	10198.5	9953.1526736	10041.00000031	10083.64335627	5329843.6591748	528.41740751	10086.42709991
551	2018-02-15 20:00:00	10128.05684273	9833.49015724	10083.64335631	9853.4201678	5421613.8659347	543.59733988	9973.58424736
552	2018-02-15 22:00:00	10142.10319613	9852.36185512	9853.42016778	10004.0	2928486.5842022	292.31238937	10018.34575165
553	2018-02-16 00:00:00	10275.0	9985.00000004	10010.0	10274.99999997	2373534.6874129	233.46423847	10166.58783789
554	2018-02-16 02:00:00	10279.99999999	10014.99999546	10274.99999997	10070.34209788	2425403.3338123	238.73351614	10159.45885197
555	2018-02-16 04:00:00	10144.0	9914.74008004	10070.34209788	10077.3805506	2450604.5805334	244.75044631	10012.66644241
556	2018-02-16 06:00:00	10099.99999999	9732.6706464	10088.6810273	9744.99999815	4427146.761818	446.65821283	9911.71019506
557	2018-02-16 08:00:00	9990.00000001	9712.01512944	9732.6706464	9850.00000074	3794963.5614468	384.48912456	9870.14539303
558	2018-02-16 10:00:00	9874.35	9674.52416058	9850.00000074	9799.17640057	2685061.9928033	274.8694539	9768.49902637
559	2018-02-16 12:00:00	9953.56138955	9749.00000005	9799.31	9840.0	2049380.5858256	207.80025188	9862.26227968
560	2018-02-16 14:00:00	10128.56138951	9837.99999998	9840.0	10040.75000008	2376046.0449602	236.58044912	10043.28994132
561	2018-02-16 16:00:00	10150.0	10007.678789	10048.74502496	10064.99999778	1832248.423511	181.76862337	10080.11388071
562	2018-02-16 18:00:00	10064.99999426	9880.0	10064.99999426	10030.0	2430587.0095405	244.54593756	9939.18375333
563	2018-02-16 20:00:00	10109.99999996	9950.0	10023.99999997	10086.95965652	1282275.398816	127.94972429	10021.71287145
564	2018-02-16 22:00:00	10215.0	10030.9596568	10066.95965723	10161.00000514	1934981.9807422	190.38600438	10163.46756708
565	2018-02-17 00:00:00	10341.07582234	10045.0	10161.00000514	10340.56138955	3058026.999881	299.62040913	10206.33744129
566	2018-02-17 02:00:00	10510.04	10340.56138955	10340.56138955	10468.99999994	4067051.1572512	390.18440142	10423.40786164
567	2018-02-17 04:00:00	10589.0	10461.1000007	10469.0	10527.9762	2235400.1795598	212.30755452	10529.06565013
568	2018-02-17 06:00:00	10778.0	10507.56767584	10527.9762	10721.6	4672761.9035822	436.98481763	10693.19050699
569	2018-02-17 08:00:00	10850.73550013	10634.72324492	10721.6	10664.00000097	4671966.9646776	433.9051099	10767.25500133
570	2018-02-17 10:00:00	10756.94300001	10603.0	10670.00000006	10675.4696286	2941889.6582954	275.3424055	10684.47721647
571	2018-02-17 12:00:00	10855.10000002	10600.0	10709.14719993	10670.0	3429681.818229	319.14992484	10746.30307354
572	2018-02-17 14:00:00	10742.40696786	10512.0	10670.0	10732.5616171	2748959.8155931	258.62048156	10629.31983967
573	2018-02-17 16:00:00	10849.0	10697.81000002	10733.58467945	10779.0	2526605.2636397	234.26805635	10785.10362447
574	2018-02-17 18:00:00	10793.99999784	10686.7521856	10778.0	10706.0042561	1827074.315711	170.27569922	10730.09433571
575	2018-02-17 20:00:00	10830.0	10652.99999949	10700.0	10814.0	2341138.4962966	218.20631196	10729.01363515
576	2018-02-17 22:00:00	11069.43999976	10740.93357809	10805.10000003	11049.0	6672465.8642132	608.85283454	10959.07826273
577	2018-02-18 00:00:00	11225.46331188	10950.74737006	11049.0	11170.00000058	4854831.2170262	437.70631062	11091.52666807
578	2018-02-18 02:00:00	11248.0	10760.00000001	11170.00000066	10792.44933177	5982484.8589343	542.73375938	11022.87218279
579	2018-02-18 04:00:00	10918.41993755	10400.0	10792.44933177	10414.9999994	6546545.6415325	613.61103289	10668.88515791
580	2018-02-18 06:00:00	10629.51345745	10381.0	10407.0	10573.00000149	4831998.4810054	460.19965887	10499.78718556
581	2018-02-18 08:00:00	10580.00000019	10080.0	10576.35319988	10080.00285091	5956145.1292859	578.57959063	10294.42660222
582	2018-02-18 10:00:00	10580.0	10085.42727566	10099.99999997	10570.0	5073787.4585314	488.04204942	10396.20963923
583	2018-02-18 12:00:00	10777.6	10386.9997	10560.0	10699.99999997	4529644.4435233	427.03110953	10607.29380702
584	2018-02-18 14:00:00	10848.0	10582.16570363	10685.00000048	10630.0	2728228.0115978	254.7016628	10711.46525549
585	2018-02-18 16:00:00	10737.96448848	10444.19184469	10630.0	10737.96448846	3611921.939766	341.358213	10581.03131025
586	2018-02-18 18:00:00	10850.0	10581.0	10737.96448848	10846.19936004	2526780.3272693	234.85835263	10758.74159455
587	2018-02-18 20:00:00	10849.99999996	10614.61345209	10849.99999996	10756.48917521	1540259.9989943	143.27039758	10750.72049084
588	2018-02-18 22:00:00	10756.48917506	10350.56453364	10751.24356301	10379.00000001	3047144.6365506	290.305022	10496.35523201
589	2018-02-19 00:00:00	10652.84061498	10289.99999911	10399.99999946	10632.95490006	2920594.2352337	280.16712472	10424.4716012
590	2018-02-19 02:00:00	10655.43141542	10431.68006533	10635.11590003	10516.77110124	1328462.1592017	125.95636396	10547.00308452
591	2018-02-19 04:00:00	10575.56138942	10400.0	10521.22470001	10479.08844276	1598895.4258708	152.30773958	10497.79499242
592	2018-02-19 06:00:00	10859.9999991	10435.0	10467.56148954	10820.00000149	4194891.5928549	392.25823049	10694.2092397
593	2018-02-19 08:00:00	10950.56138955	10719.99990113	10820.00000175	10938.4874037	2596240.6383504	240.06730893	10814.63631979
594	2018-02-19 10:00:00	11042.24559212	10843.19792754	10928.46779523	10948.32814368	2662593.0249197	243.23666805	10946.5116681
595	2018-02-19 12:00:00	11000.0	10798.06373301	10940.00000003	10940.40171113	3215530.1694806	295.5110511	10881.25184324
596	2018-02-19 14:00:00	11200.0	10890.99999947	10947.00009954	11172.596265	3973313.8111994	359.6720104	11047.04757754
597	2018-02-19 16:00:00	11246.98765432	10898.7233195	11172.596265	10960.01630258	5353421.0151663	483.06902964	11082.10356427
598	2018-02-19 18:00:00	11190.06432067	10942.2317823	10958.1832632	11127.19892771	2050595.8799234	185.15850694	11074.81321713
599	2018-02-19 20:00:00	11223.54878619	10990.00000001	11127.19892773	11085.99999997	2286108.9286473	205.46179526	11126.68623261
600	2018-02-19 22:00:00	11198.18504773	11037.71102213	11070.00000032	11155.99999985	1271730.1956389	114.29083699	11127.14045265
601	2018-02-20 00:00:00	11500.0	11152.43276121	11178.99999824	11500.0	6139996.5722128	540.11527877	11367.93720443
602	2018-02-20 02:00:00	11500.96570378	11301.96857184	11500.0	11424.33067561	2378814.7767293	208.06748823	11432.89995455
603	2018-02-20 04:00:00	11528.97732703	11370.0	11424.0194964	11444.0	2681091.2789839	234.10603176	11452.46561495
604	2018-02-20 06:00:00	11646.98623218	11422.41668775	11447.56138691	11532.00000004	4809805.9644359	417.15416431	11530.04422811
605	2018-02-20 08:00:00	11560.0	11200.920001	11542.61025654	11351.90913664	4713042.4453753	415.84694356	11333.59885978
606	2018-02-20 10:00:00	11453.0	11260.91179564	11333.98220117	11400.44327982	2149930.6278752	189.00443928	11375.02714785
607	2018-02-20 12:00:00	11600.0	11399.24327999	11400.29100508	11530.50689378	2505781.4360187	217.84313328	11502.68726991
608	2018-02-20 14:00:00	11584.99999952	11375.84838815	11540.51484394	11510.0	4987982.4604697	434.99477338	11466.76412158
609	2018-02-20 16:00:00	11725.0	11490.64310756	11500.0	11692.9222369	4018859.5487345	345.25364186	11640.31037321
610	2018-02-20 18:00:00	11727.43055836	11540.00000893	11692.9222369	11650.00000065	3113150.4098485	267.24442993	11649.07500846
611	2018-02-20 20:00:00	11749.0	11614.29949393	11650.00000104	11699.0	2119776.8126109	181.18033561	11699.81723167
612	2018-02-20 22:00:00	11777.0	11080.99999997	11699.0	11217.16508497	11833378.126803	1044.02911845	11334.33724949
613	2018-02-21 00:00:00	11272.56700835	10855.0	11217.16508497	11082.43529583	10011920.434272	906.02960093	11050.32376866
614	2018-02-21 02:00:00	11143.54516773	10855.0	11082.43529596	10900.00000015	3906245.8677901	355.11238774	11000.02704115
615	2018-02-21 04:00:00	10927.60565777	10659.11000006	10900.00000022	10839.99999909	6421768.0963809	596.02695692	10774.29136689
616	2018-02-21 06:00:00	11128.27176429	10723.50668882	10833.993687	11101.91909641	4060993.9975638	369.2300286	10998.54747177
617	2018-02-21 08:00:00	11180.02899022	10899.6838412	11101.9190965	11175.00000015	4355101.8622507	395.11573589	11022.34476296
618	2018-02-21 10:00:00	11184.57708647	10856.56789	11171.59332994	10928.0	3007932.3350283	274.87809933	10942.78642918
619	2018-02-21 12:00:00	11116.85613267	10698.67405562	10928.0	10728.69976369	4397928.6782865	403.89409722	10888.81642132
620	2018-02-21 14:00:00	10767.64912291	10370.64912734	10723.50876103	10568.63910051	11398233.398897	1080.38549512	10550.15404259
621	2018-02-21 16:00:00	10574.56138949	10319.70513051	10568.63910051	10527.0	6544984.8132109	626.28873516	10450.42716845
622	2018-02-21 18:00:00	10655.69469504	10361.14561127	10527.0	10399.9999993	3641477.1742769	346.66884068	10504.19520581
623	2018-02-21 20:00:00	10459.56138953	10224.30217055	10399.99999927	10248.67405626	5247507.4812147	509.51113933	10299.10256351
624	2018-02-21 22:00:00	10549.0	10230.00000001	10250.0	10441.06050012	3382996.2478063	326.34090552	10366.44867555
625	2018-02-22 00:00:00	10640.0	10229.25	10441.06050012	10613.19740007	3481479.260491	333.20594039	10448.43095058
626	2018-02-22 02:00:00	10793.3358	10590.55999995	10614.2956001	10711.93500154	2537265.0681551	236.99923859	10705.79417575
627	2018-02-22 04:00:00	10850.0	10600.0	10713.64280012	10783.0	1582967.6038595	147.12484823	10759.34910318
628	2018-02-22 06:00:00	10912.0	10540.0	10782.1714401	10622.94909948	2836814.4672586	263.93227165	10748.26677891
629	2018-02-22 08:00:00	10670.24172128	10303.38	10605.12748071	10340.2	2803830.53323	267.72425332	10472.82978086
630	2018-02-22 10:00:00	10368.64668597	10059.0	10340.2	10235.21310004	8608630.5298675	846.36736996	10171.26939838
631	2018-02-22 12:00:00	10322.27631877	9779.08426199	10235.21310087	9887.448472	10678749.249279	1075.45952313	9929.47574465
632	2018-02-22 14:00:00	10130.02399752	9750.0	9898.4046959	9986.76929999	6522916.2112571	655.64024812	9948.92584761
633	2018-02-22 16:00:00	10074.0	9722.22419156	9986.6385845	9850.56	4975739.9403051	503.91000138	9874.26311579
634	2018-02-22 18:00:00	10050.0	9772.19799331	9851.43907169	10019.46799996	4880869.9870488	491.2322001	9935.97322418
635	2018-02-22 20:00:00	10149.0	9820.44999997	10019.46799996	9862.02090089	6058826.185651	606.21280137	9994.55335149
636	2018-02-22 22:00:00	9950.12509989	9805.00000001	9880.0	9845.53808217	1607748.725247	162.50337313	9893.63293991
637	2018-02-23 00:00:00	9826.55515516	9559.9702306	9826.55515516	9690.2736	7116986.3198816	735.74130662	9673.21836608
638	2018-02-23 02:00:00	9825.0	9622.00000005	9690.2736	9799.99999839	2169452.1879399	222.93803412	9731.18919121
639	2018-02-23 04:00:00	9990.00000009	9790.0	9796.00990425	9830.9	2761568.2684541	279.38965626	9884.28958115
640	2018-02-23 06:00:00	9909.99999999	9690.99999946	9820.00000001	9877.64989834	2016124.8332267	205.29088255	9820.82013669
641	2018-02-23 08:00:00	10165.0	9853.0	9884.99999989	10100.00000001	4142034.6227589	414.51749911	9992.42403915
642	2018-02-23 10:00:00	10248.0	9929.99999997	10100.00000001	10198.99999993	4416141.6873921	437.51406201	10093.71371311
643	2018-02-23 12:00:00	10248.0	10115.0	10198.9999998	10217.73449997	4308500.5056731	422.65491409	10193.89663302
644	2018-02-23 14:00:00	10405.49959884	10198.95050003	10220.0	10300.00000568	4968360.0547358	480.99576387	10329.32185256
645	2018-02-23 16:00:00	10310.08464736	10037.99	10310.08464736	10121.08449811	4308927.8948829	424.84754684	10142.29204554
646	2018-02-23 18:00:00	10226.12408201	9990.00000001	10121.08449766	10028.5237977	2436698.180599	241.21266099	10101.8668365
647	2018-02-23 20:00:00	10027.278	9858.73012848	10025.03719999	9886.00000002	3681863.2525734	371.361349	9914.50311802
648	2018-02-23 22:00:00	10213.4789575	9886.00000001	9886.00000002	10149.24000003	2655874.1170719	263.00326212	10098.25541958
649	2018-02-24 00:00:00	10348.0	10086.4137	10148.0	10345.45019938	1763603.4405276	171.71428623	10270.56909036
650	2018-02-24 02:00:00	10445.0	10311.68798132	10346.48232047	10406.99999999	2465864.5067132	237.49421392	10382.84034803
651	2018-02-24 04:00:00	10490.0	10360.99999999	10406.99999998	10438.76450233	2104825.8239176	201.76659091	10431.9838801
652	2018-02-24 06:00:00	10480.0	9930.00000004	10438.76450233	10105.00000135	5460922.3975938	540.73374906	10099.09665724
653	2018-02-24 08:00:00	10136.56138955	9950.0	10105.00000109	10010.0	1773290.2781951	176.35402922	10055.28643739
654	2018-02-24 10:00:00	10008.591627	9669.6996014	10008.591627	9770.0	7577917.9785507	774.55881556	9783.52815347
655	2018-02-24 12:00:00	9811.82148976	9565.0	9760.00000118	9628.40484633	4846448.423125	499.20434804	9708.34577493
656	2018-02-24 14:00:00	9834.99999999	9590.0	9628.40484636	9744.42999966	3082931.0061374	316.66634991	9735.58133667
657	2018-02-24 16:00:00	9789.00000158	9603.0	9740.43	9630.0426628	2071090.4358812	213.85771589	9684.43166645
658	2018-02-24 18:00:00	9726.11686693	9520.0	9625.22764144	9552.93066383	2425618.1446375	252.89628084	9591.35554141
659	2018-02-24 20:00:00	9582.45310729	9360.00000009	9552.93066633	9479.99998525	4464308.7731188	473.04741927	9437.33881903
660	2018-02-24 22:00:00	9710.50852324	9418.00000001	9473.80096301	9700.0	3735982.6404927	387.57053855	9639.49079945
661	2018-02-25 00:00:00	9774.0	9571.18637549	9690.61347383	9760.902513	2849033.0025247	295.4082951	9644.39066127
662	2018-02-25 02:00:00	9760.90251018	9479.9999006	9760.90251018	9571.62392843	1018507.047167	106.22162944	9588.50897445
663	2018-02-25 04:00:00	9734.40694753	9551.19390053	9571.62392846	9734.40694567	1292555.4973962	133.3670114	9691.71824297
664	2018-02-25 06:00:00	9844.99999999	9694.06877771	9729.5397422	9706.664969	2263057.4633083	230.99884667	9796.83446879
665	2018-02-25 08:00:00	9797.0	9533.77883167	9730.88360839	9617.82847355	2291933.8297695	237.11040085	9666.10415044
666	2018-02-25 10:00:00	9749.0	9568.34127003	9617.82847355	9648.30447181	1009475.0865655	104.50312303	9659.75998894
667	2018-02-25 12:00:00	9699.99999997	9400.0	9648.3044721	9455.18628725	1694684.8054092	178.01468444	9519.91579088
668	2018-02-25 14:00:00	9497.03395728	9247.71854949	9455.98628725	9412.56482792	3520179.8445314	376.07470417	9360.32071686
669	2018-02-25 16:00:00	9465.69392994	9325.00000001	9401.71000001	9338.95567498	2202309.9188693	234.53067571	9390.28513946
670	2018-02-25 18:00:00	9512.7873783	9276.62280424	9338.95567498	9453.97444546	2683486.5055691	286.31956647	9372.34761372
671	2018-02-25 20:00:00	9605.56138948	9440.32163191	9454.81630004	9580.0	2911032.369096	304.84382922	9549.25798086
672	2018-02-25 22:00:00	9674.57489	9522.069298	9570.69650004	9559.19777954	1260064.3968017	131.11507587	9610.37003899
673	2018-02-26 00:00:00	9723.0	9525.42058808	9560.19775733	9722.99999952	1669105.1148534	173.12659907	9640.9513259
674	2018-02-26 02:00:00	9774.02725799	9586.0	9722.99999999	9622.99657835	1221271.4130959	126.08252784	9686.28591144
675	2018-02-26 04:00:00	9676.32588382	9561.73345834	9612.98528808	9622.00000001	1284314.6226685	133.75400278	9602.06495487
676	2018-02-26 06:00:00	9622.39320006	9394.84238399	9622.3931991	9465.74859899	1419653.9665001	149.59586279	9489.92799682
677	2018-02-26 08:00:00	9560.7263541	9358.52927553	9454.67630014	9460.0	4171615.9118328	443.13380463	9413.89681456
678	2018-02-26 10:00:00	9748.0	9458.67824103	9458.99999999	9736.49999996	1981051.6220714	205.05215946	9661.20828616
679	2018-02-26 12:00:00	10209.99999999	9635.84056972	9736.49999995	10115.0	7796946.6276931	777.26771723	10031.22406199
680	2018-02-26 14:00:00	10334.0	10107.5	10107.5	10239.54	5833740.7804908	570.73632984	10221.42883759
681	2018-02-26 16:00:00	10394.80039051	10130.0	10249.99999995	10198.99999986	5443680.5570032	532.67355312	10219.54351801
682	2018-02-26 18:00:00	10305.63075352	10173.4676572	10198.9999998	10230.77453598	2020823.8409584	197.51543163	10231.22003319
683	2018-02-26 20:00:00	10455.0	10166.65914862	10225.65914868	10365.33535504	2970957.2696995	287.76396455	10324.28530217
684	2018-02-26 22:00:00	10409.0	10255.81585821	10365.33535504	10338.04883746	1631675.950412	157.79100248	10340.74139061
685	2018-02-27 00:00:00	10424.561389	10156.0	10330.5116	10200.57550945	3702936.1328388	358.56436252	10327.11702527
686	2018-02-27 02:00:00	10328.56138947	10121.0	10200.57550945	10285.08148814	1751012.0342093	171.18698916	10228.65138759
687	2018-02-27 04:00:00	10349.99999999	10226.99512669	10270.74916571	10318.92559768	1148706.7310871	111.4719212	10304.89758067
688	2018-02-27 06:00:00	10659.02150003	10250.0	10318.92559925	10651.0	4535707.0108053	434.68097989	10434.56516536
689	2018-02-27 08:00:00	10780.0	10650.0	10651.0	10739.99999986	5176797.6028302	483.77133785	10700.91838395
690	2018-02-27 10:00:00	10745.0001	10591.61660023	10739.99999986	10700.32929064	3442414.3689449	322.00092891	10690.69701319
691	2018-02-27 12:00:00	10870.0	10640.00000012	10707.98649868	10869.99999918	3001161.7259423	279.5406523	10736.0475167
692	2018-02-27 14:00:00	10879.0	10490.0	10856.87629793	10570.00000352	6389677.3379357	599.91989497	10650.88421222
693	2018-02-27 16:00:00	10665.89999999	10552.0	10587.99999982	10576.00000013	2004790.3292293	189.19352241	10596.50617892
694	2018-02-27 18:00:00	10757.56138942	10568.07489998	10572.12080166	10700.99999828	1838242.1416909	172.20475037	10674.74699589
695	2018-02-27 20:00:00	10785.52579999	10573.90599824	10683.769298	10745.46000053	1898829.3819951	177.35987602	10706.08203278
696	2018-02-27 22:00:00	10815.59603966	10566.0	10749.6784	10589.17434034	1962611.6276922	183.24328282	10710.41512402
697	2018-02-28 00:00:00	10721.61207665	10566.0	10588.1532	10698.9999994	1178082.3665526	110.68342219	10643.71107472
698	2018-02-28 02:00:00	10973.67405523	10682.99999997	10698.99999928	10900.58849445	2735583.2109934	252.00875004	10855.11201717
699	2018-02-28 04:00:00	10981.9125902	10885.0	10900.00000307	10959.54633074	1605216.6949618	146.73542833	10939.53050896
700	2018-02-28 06:00:00	11074.0	10648.1055	10951.5463318	10745.99999739	5498335.379316	506.96098523	10845.67755607
701	2018-02-28 08:00:00	10795.00000001	10469.32778879	10745.99999747	10599.0	5195977.2939332	489.68084973	10610.94649055
702	2018-02-28 10:00:00	10650.0	10499.99999999	10599.99999721	10563.20350026	2194813.7021276	207.65023138	10569.76285333
703	2018-02-28 12:00:00	10600.0	10376.69100068	10563.20350023	10480.33569999	4544489.1272788	434.01172438	10470.89023636
704	2018-02-28 14:00:00	10571.56138945	10439.00000001	10475.18659999	10505.0	1600579.0814734	152.18247325	10517.49946818
705	2018-02-28 16:00:00	10532.32355403	10405.0	10519.3739696	10450.97929169	1708577.9741818	163.35733819	10459.14430972
706	2018-02-28 18:00:00	10570.00000251	10438.21566627	10449.93419351	10548.0	1688942.6834546	160.61112043	10515.72692434
707	2018-02-28 20:00:00	10698.99999998	10518.94836629	10548.0	10520.0	2259468.4456502	212.48852092	10633.36709139
708	2018-02-28 22:00:00	10554.73017149	10252.00000001	10520.0	10322.06729641	3516346.6264464	338.34777659	10392.69907988
709	2018-03-01 00:00:00	10400.0	10201.12439999	10322.06729641	10400.0	1930389.7888777	186.98548874	10323.7411731
710	2018-03-01 02:00:00	10442.09420648	10280.52430225	10400.0	10362.71244954	1111086.1156727	107.43437049	10341.99866025
711	2018-03-01 04:00:00	10459.99999999	10346.35118574	10362.71244954	10403.65448408	1428269.2221806	137.13634871	10414.95734439
712	2018-03-01 06:00:00	10560.0	10328.0	10417.45611151	10536.24637096	2236861.8025448	214.0075475	10452.25660812
713	2018-03-01 08:00:00	10664.99999999	10536.24637097	10536.24637097	10624.19269966	2119539.3734209	199.41832284	10628.60896248
714	2018-03-01 10:00:00	10750.0	10616.35905608	10621.91358448	10675.99999247	2588301.7496384	242.00348858	10695.30759587
715	2018-03-01 12:00:00	10829.99999999	10624.39211769	10675.99999203	10790.0	3015348.6398933	280.84046874	10736.87368996
716	2018-03-01 14:00:00	10815.99999987	10677.0	10789.99999992	10732.99199692	2266756.6125615	210.99908894	10742.96872061
717	2018-03-01 16:00:00	10877.4612279	10700.0000016	10732.99199692	10860.36000422	1871611.9745041	173.89413331	10762.93914509
718	2018-03-01 18:00:00	10960.0	10799.39190551	10861.0010089	10909.0	3453198.1749891	317.02945654	10892.3574884
719	2018-03-01 20:00:00	11080.0	10879.35431986	10909.0	10926.2754753	3529796.3226744	321.00307772	10996.14479632
720	2018-03-01 22:00:00	10994.42607601	10820.00000001	10932.27956767	10936.78449799	2266385.3545076	207.85881999	10903.48417554
721	2018-03-02 00:00:00	11193.00000028	10920.54500017	10934.19799973	11165.55410427	3954765.2082726	356.5277561	11092.44691502
722	2018-03-02 02:00:00	11179.99999957	11054.80335971	11159.95310012	11120.0	2292270.5209735	206.33623089	11109.39417225
723	2018-03-02 04:00:00	11150.0	10900.0	11115.00000005	10994.29831359	2353159.2318437	213.7985948	11006.42983198
724	2018-03-02 06:00:00	11150.36276074	10993.8924	10993.8924	11099.99999934	1932140.1143028	174.26100911	11087.62151769
725	2018-03-02 08:00:00	11173.0	10871.99999611	11099.99999923	10900.64771951	2393267.0082151	217.03939069	11026.87857999
726	2018-03-02 10:00:00	10947.94979988	10833.9945991	10903.64772316	10900.02000459	1707656.2742563	156.74637369	10894.39094542
727	2018-03-02 12:00:00	11045.38118409	10911.34673131	10911.74547046	10967.99999004	1398733.8329829	127.47282054	10972.80053157
728	2018-03-02 14:00:00	10967.99998985	10777.00000001	10960.99999562	10846.39999996	2748835.5100725	253.90211128	10826.35940368
729	2018-03-02 16:00:00	10915.00000001	10787.0	10843.81349848	10915.00000001	1838088.3966041	169.53497606	10841.94211319
730	2018-03-02 18:00:00	10947.0	10849.99	10914.0	10920.557013	1287802.1832214	118.19066759	10895.97181808
731	2018-03-02 20:00:00	11101.64101708	10888.97470002	10927.9014265	11039.00000963	1970145.4685023	178.66780475	11026.86335268
732	2018-03-02 22:00:00	11140.0	10970.54514151	11027.78010717	11022.24380591	1557228.2890103	140.86083406	11055.08354683
733	2018-03-03 00:00:00	11270.22308247	11014.2716	11014.2716	11220.00000001	3777193.5159645	338.82611604	11147.88186964
734	2018-03-03 02:00:00	11383.0	11218.84049999	11220.00000002	11328.21993917	2255296.9970476	199.40682863	11310.02891196
735	2018-03-03 04:00:00	11399.0	11306.0	11329.35275729	11358.02260437	2801819.0997376	246.99572643	11343.59343068
736	2018-03-03 06:00:00	11418.99999704	11314.51000002	11350.0	11315.0	1864231.7073319	163.97387087	11369.07787466
737	2018-03-03 08:00:00	11380.35129499	11240.71340001	11314.10958307	11338.99999989	2050682.0240077	181.45651221	11301.23134756
738	2018-03-03 10:00:00	11369.43059999	11290.0	11338.99999976	11290.0	575271.29163328	50.75653114	11333.9363174
739	2018-03-03 12:00:00	11498.0	11290.0	11290.0	11480.0	1728154.9615491	151.13767089	11434.3098671
740	2018-03-03 14:00:00	11500.0	11418.0	11479.9999998	11490.18439741	1693894.5455969	147.96306513	11448.09040086
741	2018-03-03 16:00:00	11538.00000005	11457.0	11490.18439515	11538.00000005	1508809.6349217	131.35207253	11486.75925594
742	2018-03-03 18:00:00	11539.43999433	11477.32500004	11538.0000014	11479.99000446	951666.62809866	82.71550618	11505.29897051
743	2018-03-03 20:00:00	11485.99999262	11255.00000001	11479.99	11290.53019999	3162515.3996327	279.02393236	11334.20840601
744	2018-03-03 22:00:00	11475.0	11285.02829213	11290.53019999	11441.00000065	1369941.7812065	120.33212016	11384.67251624
745	2018-03-04 00:00:00	11461.0	11342.0	11460.0	11406.93775822	1309118.7267494	114.90022449	11393.52627516
746	2018-03-04 02:00:00	11407.09998485	11161.87799991	11406.93775827	11180.0	1868514.7418928	166.16256379	11245.10057665
747	2018-03-04 04:00:00	11271.91113366	11137.22463187	11180.0	11250.0	1286586.4417217	114.95764427	11191.83025967
748	2018-03-04 06:00:00	11266.06046742	11081.0	11240.00000001	11164.0	1155705.3833473	103.7658467	11137.62784289
749	2018-03-04 08:00:00	11300.0	11120.00000004	11162.56138953	11280.0	1256448.9311179	111.85779068	11232.55629741
750	2018-03-04 10:00:00	11284.87224729	11100.0	11280.0	11140.0	1513690.7437873	135.6372152	11159.84828762
751	2018-03-04 12:00:00	11262.55014795	11140.0	11140.0	11200.00000001	897966.71854409	80.15706313	11202.59005856
752	2018-03-04 14:00:00	11200.00000001	11075.48434259	11200.00000001	11137.24745655	1679007.5135189	151.0715518	11113.98865976
753	2018-03-04 16:00:00	11165.56138951	11095.01979568	11137.24745654	11121.6689983	773525.91878368	69.51671202	11127.19368201
754	2018-03-04 18:00:00	11460.2854344	11095.01979571	11121.66000001	11402.499997	3124977.2420888	275.83665812	11329.08607357
755	2018-03-04 20:00:00	11532.0	11400.00000004	11401.14	11442.73026921	1361014.5692373	118.62730475	11473.02951968
756	2018-03-04 22:00:00	11547.36779581	11371.14694129	11442.7302691	11500.60520003	1421365.5543857	124.07460453	11455.73310323
757	2018-03-05 00:00:00	11536.64349999	11420.81690016	11514.6079455	11469.24229494	1178444.3837761	102.81993892	11461.24376413
758	2018-03-05 02:00:00	11590.0	11468.09537271	11469.24229494	11568.05507226	2051556.8147192	178.06134228	11521.62950391
759	2018-03-05 04:00:00	11625.51270569	11476.7322156	11579.99999962	11529.07447241	1908919.7708383	165.04232358	11566.24391508
760	2018-03-05 06:00:00	11600.0	11513.49172089	11543.32674577	11518.46068895	1558992.4913358	135.02989975	11545.5354275
761	2018-03-05 08:00:00	11600.06974898	11430.0	11539.99999999	11453.0	1684030.8007889	146.57503337	11489.20632709
762	2018-03-05 10:00:00	11530.0	11417.0	11459.8538996	11507.00000001	2078006.2108738	181.2181825	11466.87480365
763	2018-03-05 12:00:00	11571.49346107	11475.20240001	11507.0	11526.36352961	2363104.5892381	205.00155165	11527.25220964
764	2018-03-05 14:00:00	11555.99	11450.01790018	11538.67249452	11519.99999987	1891381.5644376	164.5242528	11496.06536573
765	2018-03-05 16:00:00	11553.0	11485.04399997	11510.15089021	11500.0	1338100.867497	116.12146668	11523.2859673
766	2018-03-05 18:00:00	11690.0	11480.00000006	11500.0	11644.09302804	2919245.8285379	251.15134785	11623.45276475
767	2018-03-05 20:00:00	11700.0	11527.7666404	11661.77418745	11565.01071041	3669047.7467563	315.34463295	11635.04104202
768	2018-03-05 22:00:00	11659.2967951	11430.0	11565.01071041	11434.99999889	2260820.6766967	195.07707536	11589.37139345
769	2018-03-06 00:00:00	11434.99999889	11199.99999999	11434.99999889	11269.99999839	4738708.784567	419.00502168	11309.43196233
770	2018-03-06 02:00:00	11289.55449997	11176.0	11278.872	11267.11070846	2251304.9724551	200.54037947	11226.19284158
771	2018-03-06 04:00:00	11340.1101	11250.00000421	11268.82649252	11299.99999995	2324947.205981	206.06104204	11282.80815705
772	2018-03-06 06:00:00	11342.98988998	11229.76760005	11319.98988972	11285.0	1057565.0560363	93.66141286	11291.36347341
773	2018-03-06 08:00:00	11309.78918099	11254.65931542	11285.0	11282.00000002	867362.64613667	76.90606448	11278.20870826
774	2018-03-06 10:00:00	11290.64019493	10865.0	11282.00000002	10940.00000292	8360576.9190112	759.07008176	11014.23586558
775	2018-03-06 12:00:00	10970.63670488	10799.99999766	10949.69999955	10846.9342	3119239.6015758	287.11996668	10863.88953594
776	2018-03-06 14:00:00	11038.0	10832.50000025	10842.0000004	10970.65880063	2064803.8715402	188.44714532	10956.93897635
777	2018-03-06 16:00:00	10986.58060702	10760.0	10970.65880005	10779.9999946	2496154.4468955	229.59617065	10871.93414345
778	2018-03-06 18:00:00	10874.07676931	10558.97250033	10769.27999852	10717.9999979	4540470.8925738	424.32110707	10700.55393644
779	2018-03-06 20:00:00	10816.5	10582.29	10717.99999781	10801.0	3101971.2898563	289.75282032	10705.57755548
780	2018-03-06 22:00:00	10816.49999996	10586.14941288	10801.0	10734.02469622	2353161.671633	219.90313384	10700.90103102
781	2018-03-07 00:00:00	10893.75963244	10719.57445341	10719.57445341	10855.99999311	1603877.084516	148.25287586	10818.52257645
782	2018-03-07 02:00:00	10875.0	10674.76167178	10869.75348766	10731.00000107	1155305.0657743	107.44601468	10752.42361678
783	2018-03-07 04:00:00	10838.33107755	10635.34867569	10745.0	10668.33329824	1543022.3042538	143.57922102	10746.83574191
784	2018-03-07 06:00:00	10668.3332971	10430.0	10668.3332971	10509.0	4527816.1865031	430.12872283	10526.65387401
785	2018-03-07 08:00:00	10616.48209984	10421.0	10524.99999995	10474.15575133	2435714.456347	231.51555822	10520.73767773
786	2018-03-07 10:00:00	10639.97510489	10459.46619294	10474.15575204	10639.97510489	2246673.3346718	212.77402945	10558.96408259
787	2018-03-07 12:00:00	10674.0994	10524.0	10639.97510489	10547.97289698	2005740.4778561	188.96888008	10614.1311575
788	2018-03-07 14:00:00	10731.7157	10524.00000023	10540.0	10674.1	2807525.768315	263.56444887	10652.14136562
789	2018-03-07 16:00:00	10695.01	9424.0	10678.0	9739.07517797	21342563.892481	2155.80387396	9900.04895634
790	2018-03-07 18:00:00	9912.0	9610.36409059	9739.07517797	9841.70855624	9794174.7487028	1004.65842344	9748.76089245
791	2018-03-07 20:00:00	9979.99999999	9699.99999999	9841.70855624	9940.99999588	3605399.7811451	366.34063334	9841.65951855
792	2018-03-07 22:00:00	10100.00000003	9808.7698484	9924.61540123	9909.60413712	4076433.7395426	408.34255909	9982.87748557
793	2018-03-08 00:00:00	10025.56138922	9800.0	9909.60413712	9843.00000012	5568764.6105483	560.70049387	9931.79901111
794	2018-03-08 02:00:00	9850.0	9495.99720033	9850.0	9546.10999756	5167926.8073018	536.64874863	9629.99880367
795	2018-03-08 04:00:00	9814.39763052	9512.68866332	9545.15538668	9790.55179839	2080322.0282677	214.23882398	9710.29428569
796	2018-03-08 06:00:00	10000.0	9685.0	9780.00000003	9945.0	1695654.6413152	171.71214501	9874.98374804
797	2018-03-08 08:00:00	10109.77083479	9838.62917334	9953.53138511	10041.00000228	1708205.5151061	171.08897941	9984.31062594
798	2018-03-08 10:00:00	10070.0	9906.98114	10050.0	9938.16439959	1393992.1431048	139.5519848	9989.05278991
799	2018-03-08 12:00:00	9970.0242482	9668.3366611	9932.5231	9869.26138149	3346001.7800375	341.93796344	9785.40594432
800	2018-03-08 14:00:00	9926.68184945	9702.12272098	9883.91073224	9898.95142115	1961143.1917446	199.41408183	9834.52709932
801	2018-03-08 16:00:00	9898.96142115	9070.00000001	9898.95142115	9285.000006	11687698.104362	1252.30770163	9332.92839223
802	2018-03-08 18:00:00	9431.99999982	9186.06864368	9291.0	9370.10000005	3464336.1683334	372.15392693	9308.87978775
803	2018-03-08 20:00:00	9451.12981698	9250.0	9370.10000005	9326.89999813	2752867.6462615	294.2376954	9355.9312396
804	2018-03-08 22:00:00	9423.32667219	9224.99999544	9326.89999813	9281.94370128	2328029.2823343	250.28972241	9301.3379052
805	2018-03-09 00:00:00	9410.56138943	8945.62494878	9298.62936256	9102.99999937	5580602.6678462	612.96438955	9104.2852782
806	2018-03-09 02:00:00	9105.0	8888.0	9100.0	8982.00000087	4582086.3989051	510.16772295	8981.52939274
807	2018-03-09 04:00:00	8987.07	8475.0	8987.06999999	8481.8573141	9461875.8750901	1092.48182282	8660.9000511
808	2018-03-09 06:00:00	8870.00000308	8359.32039962	8496.0	8698.00000137	6828460.8674975	789.85065744	8645.25566089
809	2018-03-09 08:00:00	8830.0	8389.0	8698.00000137	8541.45853941	5476519.2831387	636.74881698	8600.75297683
810	2018-03-09 10:00:00	8976.31717171	8459.14655573	8541.45853907	8957.63102953	3463947.5721435	394.56674859	8779.11680221
811	2018-03-09 12:00:00	9032.56138952	8800.00000001	8957.63102952	8920.34340026	3478583.7695201	388.90676711	8944.51849056
812	2018-03-09 14:00:00	9152.1596	8900.9011	8920.34340008	8939.99999966	4305231.9234762	474.84490445	9066.60655538
813	2018-03-09 16:00:00	9065.09874129	8650.67959998	8940.89399981	8732.6358001	4656553.2922018	531.71726884	8757.57393089
814	2018-03-09 18:00:00	8948.9999999	8621.46443445	8742.6358	8765.37757823	2266918.9625427	257.68614657	8797.20929012
815	2018-03-09 20:00:00	9113.0	8740.80080238	8766.25411775	8992.7644828	2776181.9086456	309.89789444	8958.37615696
816	2018-03-09 22:00:00	9338.00000074	8929.0	8980.790094	9230.48866747	3615708.6431256	392.96923364	9200.99675395
817	2018-03-10 00:00:00	9400.0	9212.2131584	9215.90764284	9279.99999888	3045764.6488099	327.4137994	9302.49321925
818	2018-03-10 02:00:00	9320.97317806	9096.61966224	9279.99999715	9219.82477476	2117181.3293113	229.92312974	9208.21376999
819	2018-03-10 04:00:00	9358.50608845	9195.20627126	9235.01729878	9330.02180451	1603522.528334	172.56057409	9292.51966615
820	2018-03-10 06:00:00	9509.99999995	9321.73058364	9342.29999829	9339.7966441	5889354.843724	622.69229497	9457.88938019
821	2018-03-10 08:00:00	9414.55039999	9210.6877574	9339.7966433	9239.20119836	1496288.2055011	160.92461775	9298.06903643
822	2018-03-10 10:00:00	9382.4088163	9166.0	9239.20119771	9342.0	2305202.7223362	248.69217496	9269.30138717
823	2018-03-10 12:00:00	9342.0	9200.00000001	9342.0	9265.22582142	1697673.1192017	183.42255659	9255.5307851
824	2018-03-10 14:00:00	9500.0	9260.241243	9267.22582142	9348.0000012	3769468.7197363	399.79972395	9428.39250236
825	2018-03-10 16:00:00	9418.8160997	9145.0	9351.78892624	9147.99999999	2228660.0761762	240.17134415	9279.45873003
826	2018-03-10 18:00:00	9147.99999986	8960.35576896	9144.36966239	9090.55530984	4411724.4613275	487.74084558	9045.22248096
827	2018-03-10 20:00:00	9104.54040084	8751.17208215	9090.55531003	8810.88021991	3911587.6913989	442.16775345	8846.38841453
828	2018-03-10 22:00:00	8883.24688555	8680.0	8815.77469999	8760.7768	2009343.668553	229.29103011	8763.28946487
829	2018-03-11 00:00:00	8769.0	8443.78491653	8768.99999999	8579.53368989	3969420.370451	463.13108212	8570.83560939
830	2018-03-11 02:00:00	8739.99999995	8492.80159788	8579.533689	8600.00000004	1907622.5987007	221.16923971	8625.17139002
831	2018-03-11 04:00:00	8815.0	8571.42857143	8611.5191999	8815.0	1524095.8113484	175.520557	8683.28950977
832	2018-03-11 06:00:00	8832.0	8647.761	8815.0	8687.9088001	1329037.0887737	151.72077581	8759.7567418
833	2018-03-11 08:00:00	8800.0	8569.66948082	8699.72749972	8593.11680006	1616663.8727482	186.14125113	8685.14562427
834	2018-03-11 10:00:00	9088.0	8530.00000002	8600.01	9060.0	2714320.7345131	309.06301838	8782.41838425
835	2018-03-11 12:00:00	9382.0	9018.46220459	9059.99999981	9201.38940007	4746573.0462141	516.82778509	9184.05159929
836	2018-03-11 14:00:00	9320.0	9040.0	9201.3894001	9070.37349478	2814273.9907148	306.68622467	9176.39516982
837	2018-03-11 16:00:00	9650.0	9057.92450018	9058.1999	9610.0000007	5214183.5710569	556.65493422	9366.99425536
838	2018-03-11 18:00:00	9698.54820479	9547.66494916	9619.65844	9654.99999595	3870681.4719761	402.26214322	9622.28620618
839	2018-03-11 20:00:00	9654.99999581	9442.99010267	9654.99999581	9514.92400055	2939448.5244469	307.75739855	9551.18719581
840	2018-03-11 22:00:00	9726.22913411	9422.51243784	9518.70661165	9523.53110032	2401320.0358808	250.8921568	9571.12436876
841	2018-03-12 00:00:00	9700.0	9471.30359835	9530.0	9533.42	2801246.6103422	292.05395194	9591.53811045
842	2018-03-12 02:00:00	9610.0	9317.41369498	9534.373342	9420.99999908	2291222.9978158	241.69819454	9479.68602817
843	2018-03-12 04:00:00	9599.0	9373.8949992	9426.98349775	9542.88730019	2070377.4373931	217.69562477	9510.42281892
844	2018-03-12 06:00:00	9693.36180149	9523.11902566	9542.88730019	9600.0	2059932.3718545	214.48085873	9604.27137438
845	2018-03-12 08:00:00	9872.25959998	9502.80181123	9610.36059952	9799.40110006	2812106.3333541	290.13768358	9692.31676028
846	2018-03-12 10:00:00	9900.00000191	9750.999999	9799.40110018	9833.85904403	2413670.8269759	245.47081288	9832.82207223
847	2018-03-12 12:00:00	9847.46371113	9682.29726168	9831.79296846	9746.03597514	3662805.1497459	375.51767622	9754.01527463
848	2018-03-12 14:00:00	9764.9999995	9112.25	9751.43597084	9170.0	8027584.9906814	859.1922207	9343.17699494
849	2018-03-12 16:00:00	9284.53199999	9030.003	9170.0000004	9170.00000325	4270250.7371863	466.55084554	9152.80891248
850	2018-03-12 18:00:00	9239.99999996	8850.0	9170.00000377	8925.13621207	4322129.4062429	478.70479668	9028.79903485
851	2018-03-12 20:00:00	9134.14017238	8777.22362708	8925.13621207	9110.9999992	3411746.1158065	380.93097537	8956.33680745
852	2018-03-12 22:00:00	9219.67199997	9010.99999994	9110.9999992	9101.30580003	2057072.3469849	225.49811239	9122.34840984
853	2018-03-13 00:00:00	9260.0	9034.50941747	9127.58779987	9100.09998814	2090909.1843115	227.97144436	9171.80303077
854	2018-03-13 02:00:00	9172.56729978	8950.0	9100.09999273	9028.99999983	2025090.6401013	223.34292049	9067.18079829
855	2018-03-13 04:00:00	9443.0	9020.09999998	9034.48490253	9386.00000021	2668776.5250273	285.78291865	9338.47459335
856	2018-03-13 06:00:00	9478.99999999	9099.07050003	9399.99999862	9208.19999986	3160485.7740972	340.10189827	9292.76134644
857	2018-03-13 08:00:00	9374.00737442	9043.50639401	9192.00000004	9259.00000001	2103738.2784464	228.51175579	9206.25843153
858	2018-03-13 10:00:00	9300.0	8882.0	9267.10737285	9041.63889998	2407245.8341573	267.03184442	9014.82682481
859	2018-03-13 12:00:00	9251.15807129	8829.32583225	9046.5311	9125.82139995	4327437.9407362	477.87958479	9055.49866215
860	2018-03-13 14:00:00	9179.99999961	8943.82649529	9122.746003	9075.00000195	3706968.6993525	409.40680591	9054.48723821
861	2018-03-13 16:00:00	9287.41	8966.83365826	9082.99999996	9115.02689969	3182114.6973056	347.44885375	9158.51257807
862	2018-03-13 18:00:00	9201.69062806	9009.0	9115.02689929	9056.87959967	1508369.8351768	166.0775521	9082.32218083
863	2018-03-13 20:00:00	9200.0	8997.70033473	9051.08630013	9107.4257995	1268251.6343532	139.53350247	9089.2266868
864	2018-03-13 22:00:00	9245.00000003	9098.37000015	9098.37000015	9121.00715914	1241567.5663112	135.43613003	9167.18135726
865	2018-03-14 00:00:00	9350.0	9119.42343126	9125.999996	9289.99999835	1439687.4430056	155.46924253	9260.2718041
866	2018-03-14 02:00:00	9328.69550298	9210.0	9289.9999944	9250.00000012	897092.47590645	96.6913004	9277.90268819
867	2018-03-14 04:00:00	9260.61528685	9066.0	9250.00000012	9168.72	1751454.7832408	191.68630712	9137.08866092
868	2018-03-14 06:00:00	9180.0	9035.0	9169.636872	9069.82390214	2256737.3416675	247.08853824	9133.31455089
869	2018-03-14 08:00:00	9129.79999663	8875.0	9085.93335642	8900.0	2768922.8980719	307.50838587	9004.3817512
870	2018-03-14 10:00:00	8994.129609	8607.62217461	8900.0	8676.0	5434010.8955987	620.00816633	8764.41826204
871	2018-03-14 12:00:00	8735.1299	8577.0	8676.0	8663.56137592	6451915.5571953	747.26426057	8634.04808397
872	2018-03-14 14:00:00	8789.97754803	8639.0	8665.22838614	8734.31999989	3678652.5300077	423.1253992	8694.00073113
873	2018-03-14 16:00:00	8731.11352456	8230.0	8731.11352456	8297.60399993	9907799.6816811	1180.67547287	8391.63674468
874	2018-03-14 18:00:00	8358.26624599	8200.00000001	8300.00000189	8287.87242428	4158097.1745311	503.62748597	8256.29515935
875	2018-03-14 20:00:00	8337.79647976	7935.0	8276.00999956	7987.35634236	6102704.3813989	754.21515103	8091.4635208
876	2018-03-14 22:00:00	8280.0	7987.35634236	7987.35634236	8187.99998872	3807809.4480879	465.76845784	8175.32699776
877	2018-03-15 00:00:00	8249.85216485	8038.00000014	8187.99998827	8117.32589965	1862432.9856992	229.20349363	8125.67450959
878	2018-03-15 02:00:00	8117.32589876	7750.0	8117.32589876	7869.12756012	4834564.6372116	614.57403377	7866.52928948
879	2018-03-15 04:00:00	7967.2737306	7709.0013	7897.47069993	7780.10039819	7161427.2215185	912.77890371	7845.74138645
880	2018-03-15 06:00:00	7940.0	7648.0607857	7777.0	7869.9999994	5592107.9076761	717.64597861	7792.29323977
881	2018-03-15 08:00:00	8279.05484596	7801.0	7869.99999941	8179.27754886	6082374.8411888	747.721592	8134.54487106
882	2018-03-15 10:00:00	8275.0	8052.4027	8187.49999943	8248.0	2469154.6115102	302.30751799	8167.69171976
883	2018-03-15 12:00:00	8437.0	8108.77139347	8239.89000229	8404.36661768	5016309.1720512	606.28727167	8273.81574123
884	2018-03-15 14:00:00	8418.80499988	7940.8602563	8407.4118	8100.00000274	5206585.4512652	637.75394824	8163.94075745
885	2018-03-15 16:00:00	8232.24137554	7960.00000001	8109.39419996	8143.92450013	3551104.3297425	438.11873397	8105.34691717
886	2018-03-15 18:00:00	8346.81321499	8070.00000001	8150.0	8220.0	2510772.5966547	306.35541294	8195.62015425
887	2018-03-15 20:00:00	8310.0	8150.00000022	8218.6711	8307.4793798	2235976.6395466	271.39261269	8238.9001579
888	2018-03-15 22:00:00	8370.0	8224.17372491	8307.47937981	8259.8224	1146225.8959265	138.04053733	8303.5455968
889	2018-03-16 00:00:00	8326.5999	7906.94368489	8250.0	8000.0	2594864.4770399	320.97872285	8084.22581409
890	2018-03-16 02:00:00	8150.0	7965.28510001	8000.20680194	8017.96270006	1277538.3034042	158.40433066	8065.04656836
891	2018-03-16 04:00:00	8251.00388855	8012.14510007	8024.69389986	8188.75000023	3336037.2589054	406.72395247	8202.21488959
892	2018-03-16 06:00:00	8290.0	8159.40017151	8192.66627214	8249.00000001	2285335.4571121	277.91830173	8223.04771901
893	2018-03-16 08:00:00	8280.0	8042.33919862	8249.0	8184.0	2196650.1617531	269.21145512	8159.57166746
894	2018-03-16 10:00:00	8218.0898042	8066.89565	8186.7676188	8201.35620131	1515840.1875992	186.34911134	8134.41060544
895	2018-03-16 12:00:00	8517.61711163	8143.62928027	8207.51840974	8450.08096653	4823442.8443371	576.83985618	8361.84045304
896	2018-03-16 14:00:00	8578.99	8420.0745434	8450.08096653	8540.15988528	3365470.4092807	395.01563635	8519.8409875
897	2018-03-16 16:00:00	8570.00007778	8439.85361869	8542.3447	8440.0	4476740.9178079	525.18099572	8524.18681233
898	2018-03-16 18:00:00	8589.58559982	8439.85361813	8440.0	8540.0	1506973.5172223	177.07473387	8510.38137563
899	2018-03-16 20:00:00	8572.50180394	8457.80682927	8544.89739825	8508.3199	1339762.9060424	157.59844098	8501.11776303
900	2018-03-16 22:00:00	8543.59999964	8250.2137	8508.3199	8258.66373104	1574829.294459	187.33736819	8406.38101023
901	2018-03-17 00:00:00	8318.5749	8050.0	8258.66373104	8135.6687	3476487.5679779	425.24507193	8175.25656958
902	2018-03-17 02:00:00	8233.00000014	8105.91277961	8144.99999957	8199.99999934	1707015.9950798	209.4513139	8149.94168952
903	2018-03-17 04:00:00	8211.59999958	8096.63857257	8199.99999935	8155.0	1546249.0986778	189.54829826	8157.5467196
904	2018-03-17 06:00:00	8233.00000014	8122.84735765	8153.56190322	8187.5	889175.38153344	108.60304265	8187.38922811
905	2018-03-17 08:00:00	8353.70899998	8150.40503588	8193.49999985	8268.7101961	1379967.6141165	166.89674911	8268.39121477
906	2018-03-17 10:00:00	8295.75219994	8177.5181664	8256.00000212	8177.5181664	1941509.5076307	235.30678114	8250.97134143
907	2018-03-17 12:00:00	8181.70224218	7915.00000011	8181.70224218	7981.09580012	4229586.5990713	528.38538216	8004.73809813
908	2018-03-17 14:00:00	8042.63640069	7831.00388929	7981.09580034	7894.19999216	5560864.4581516	703.16670575	7908.31592661
909	2018-03-17 16:00:00	7978.28975762	7849.16670415	7894.2	7918.38222887	1911241.5636086	241.82588553	7903.37874466
910	2018-03-17 18:00:00	7958.98793754	7723.14847086	7918.3822225	7812.0	4325525.100946	553.02249007	7821.60794292
911	2018-03-17 20:00:00	8050.0	7750.18590543	7815.0	7938.0	2836703.5525531	360.52772006	7868.19818481
912	2018-03-17 22:00:00	8024.99999701	7803.76780091	7933.11220012	7850.0	3005159.8187413	380.10367572	7906.15826865
913	2018-03-18 00:00:00	7879.29639891	7650.99999673	7852.75469967	7704.2852	2841253.3473327	366.34100607	7755.76116311
914	2018-03-18 02:00:00	7711.36199921	7540.0	7703.92083503	7660.2399	6002441.6674591	788.72314738	7610.32776506
915	2018-03-18 04:00:00	7734.83425	7530.0	7658.13367272	7647.17696792	1912760.2655263	250.41533367	7638.35120435
916	2018-03-18 06:00:00	7760.0	7642.0000004	7650.66346485	7667.99233033	1107357.5493572	143.77641089	7701.94180326
917	2018-03-18 08:00:00	7811.66149241	7646.00000015	7667.99233032	7672.60150303	2964833.0429737	382.22172092	7756.84080914
918	2018-03-18 10:00:00	7815.0972	7537.49884148	7683.06959942	7781.1494513	2280789.099198	297.58832585	7664.24251584
919	2018-03-18 12:00:00	7817.80861244	7535.8860136	7766.34909732	7594.00000001	3145822.0386195	410.84125557	7657.02566616
920	2018-03-18 14:00:00	7598.9327035	7321.0	7594.00000001	7371.08368857	8325893.9677365	1121.8791105	7421.38247322
921	2018-03-18 16:00:00	7523.99999996	7326.00000001	7371.08368857	7473.0	4135434.0861021	557.13146128	7422.72582596
922	2018-03-18 18:00:00	7566.11480152	7366.8522	7473.0	7453.74590586	4393179.0610094	589.36176064	7454.12979667
923	2018-03-18 20:00:00	8325.94657268	7453.74590764	7453.74590764	8223.49415244	7772939.2540174	981.13023225	7922.43373868
924	2018-03-18 22:00:00	8273.80411835	8054.21354436	8230.57289997	8200.0	4387524.2494543	537.62428694	8160.94874438
925	2018-03-19 00:00:00	8450.0	8102.0	8208.6373	8216.1862	4461306.7158745	537.19796626	8304.77216236
926	2018-03-19 02:00:00	8284.1137865	8115.00000001	8225.81382613	8177.99999	985876.21848724	120.28820099	8195.95114378
927	2018-03-19 04:00:00	8349.02161419	8160.51411553	8172.8757	8319.64109976	2168890.2905286	262.14201475	8273.72251867
928	2018-03-19 06:00:00	8365.85076632	8241.86159649	8319.64110238	8303.9303999	1324214.3940157	159.56332754	8298.98958884
929	2018-03-19 08:00:00	8403.61269999	8157.65803387	8300.33809999	8190.2	1997521.5568757	241.44871686	8273.06760148
930	2018-03-19 10:00:00	8359.12	8100.99999999	8190.16268732	8338.68419118	2632721.8715131	321.06008401	8200.0908946
931	2018-03-19 12:00:00	8600.99999985	8226.80642883	8338.6841904	8534.52929957	3714493.9266818	440.02068135	8441.63486881
932	2018-03-19 14:00:00	8698.0	8481.96401327	8538.7288	8555.57620025	3962697.300558	460.92106716	8597.34471451
933	2018-03-19 16:00:00	8623.99999999	8250.0	8556.43310002	8307.007007	3272771.0127034	389.58534539	8400.65226125
934	2018-03-19 18:00:00	8458.77783471	8280.89740001	8310.0	8374.00000299	1704209.1569814	203.76034855	8363.79192079
935	2018-03-19 20:00:00	8501.0	8375.0	8375.45150001	8375.0	2564885.3221183	303.95559471	8438.35536097
936	2018-03-19 22:00:00	8615.27769294	8375.0	8375.0	8611.0	2077615.4832415	244.62252019	8493.14887945
937	2018-03-20 00:00:00	8609.4422	8407.92178284	8609.4422	8450.6243	2419888.5313919	284.83093755	8495.87671973
938	2018-03-20 02:00:00	8660.00000001	8435.83290002	8464.59859141	8598.4504001	2017224.9021551	236.07534409	8544.83516663
939	2018-03-20 04:00:00	8600.50192285	8365.97934387	8590.00000002	8479.90509542	1987886.5004893	234.21882067	8487.30471275
940	2018-03-20 06:00:00	8539.17130139	8365.0	8479.90509511	8376.09000026	1357197.336507	160.29438328	8466.90513251
941	2018-03-20 08:00:00	8479.02	8306.81315698	8375.00000001	8448.54009172	1624308.653853	193.91530676	8376.38183902
942	2018-03-20 10:00:00	8560.0	8429.1343066	8448.54009	8520.0	870221.16506713	102.47746983	8491.82914557
943	2018-03-20 12:00:00	8600.0	8426.08224416	8520.0	8465.00000002	1724911.9638213	202.38098004	8523.09324463
944	2018-03-20 14:00:00	8597.45	8435.0	8474.49619829	8507.13509979	1446482.5467749	169.75711657	8520.89488795
945	2018-03-20 16:00:00	8880.0	8509.74460003	8514.00000021	8879.99998879	8097508.9049972	921.38105575	8788.44735786
946	2018-03-20 18:00:00	8950.0	8767.79844713	8879.99999063	8948.99999574	4333119.3310524	488.89877502	8863.01940698
947	2018-03-20 20:00:00	9039.68000007	8842.40725608	8948.99999926	8997.7531	3434295.6548523	383.47565759	8955.70706217
948	2018-03-20 22:00:00	9018.90265984	8828.90681121	8992.98380001	8886.88859654	1783033.8776872	199.83124818	8922.69799606
949	2018-03-21 00:00:00	8975.5	8858.99999869	8885.99999656	8975.49997776	1173418.5328359	131.48536913	8924.32778338
950	2018-03-21 02:00:00	9076.0	8920.0	8975.49997753	9033.53810001	1088707.1061536	121.04888204	8993.9459812
951	2018-03-21 04:00:00	9152.87339	9025.32595932	9043.99999887	9064.0549757	3468830.4682416	381.31964757	9096.90987691
952	2018-03-21 06:00:00	9103.50994873	8900.0	9063.14857008	8930.0	3720819.8399572	411.23871666	9047.83447963
953	2018-03-21 08:00:00	9080.0	8891.75	8930.00899146	9065.0	1491707.1725685	166.31890121	8968.95759721
954	2018-03-21 10:00:00	9130.12197755	9050.0	9070.00000013	9070.14810468	786027.69318895	86.49028315	9088.04624706
955	2018-03-21 12:00:00	9099.99999998	8988.59952602	9087.42812888	9009.00000563	2087905.9977396	231.30428007	9026.6639126
956	2018-03-21 14:00:00	9176.43934596	9008.10000002	9019.99998483	9037.89999998	2700687.3519897	296.29948557	9114.72170393
957	2018-03-21 16:00:00	9049.99999999	8759.87579422	9047.33047102	8840.192147	6191125.7053805	698.20804322	8867.16468751
958	2018-03-21 18:00:00	8949.0	8791.71248861	8851.94409399	8850.00000001	1621853.8220282	182.72873406	8875.74595408
959	2018-03-21 20:00:00	8964.0	8820.94486327	8855.0	8902.00000302	1468035.6285352	165.02625842	8895.7699374
960	2018-03-21 22:00:00	8934.0341892	8795.21471913	8902.00000319	8905.70096672	1093302.306819	123.31039691	8866.26216617
961	2018-03-22 00:00:00	9079.15537309	8871.30602806	8896.0	9060.0	1486699.8799581	165.28807397	8994.59860744
962	2018-03-22 02:00:00	9106.26756362	8985.0	9060.0	9026.25795261	1030670.6541052	113.88342069	9050.2256418
963	2018-03-22 04:00:00	9048.17500947	8972.3311876	9012.36439174	8994.96498993	986550.14669474	109.58467784	9002.62852563
964	2018-03-22 06:00:00	9039.28973188	8911.0	8998.98288735	8944.17756968	1085291.5938934	121.16174917	8957.37806137
965	2018-03-22 08:00:00	9011.71026784	8704.80000001	8956.08996717	8780.0	2148649.7898489	243.50429215	8823.86824017
966	2018-03-22 10:00:00	8789.56203729	8622.0	8789.56203729	8629.00000193	3967155.334479	456.63546833	8687.79499101
967	2018-03-22 12:00:00	8765.47081128	8560.72750001	8629.00000209	8596.12272873	2463793.6578443	284.07605851	8673.00704877
968	2018-03-22 14:00:00	8644.98925817	8480.11254304	8597.13317391	8600.00000001	5960942.6798055	697.58168361	8545.15366423
969	2018-03-22 16:00:00	8684.0	8560.0	8600.00000001	8677.51394403	1703114.2091363	197.39747015	8627.84212909
970	2018-03-22 18:00:00	8692.27432053	8558.0	8680.90340625	8603.98826703	1289585.5166202	149.23707327	8641.18739642
971	2018-03-22 20:00:00	8637.32685409	8530.47483992	8600.0	8609.08293402	1095846.8659618	127.63439568	8585.82719903
972	2018-03-22 22:00:00	8777.16584992	8601.56916004	8611.93341239	8712.00720381	2630133.6774258	301.15105327	8733.6027846
973	2018-03-23 00:00:00	8715.70817212	8538.10467468	8700.0	8580.0	1313424.2163234	152.68189962	8602.35705471
974	2018-03-23 02:00:00	8597.14598662	8331.70267231	8586.7196863	8396.24763159	3021047.9413044	359.26085511	8409.06516347
975	2018-03-23 04:00:00	8463.57980892	8350.6123319	8405.11135499	8397.17816632	1407438.5292524	167.71373588	8391.9097137
976	2018-03-23 06:00:00	8465.0	8340.0	8405.76145467	8390.05786309	1370159.1331877	163.12384351	8399.50251113
977	2018-03-23 08:00:00	8535.80539744	8386.57833339	8386.57833339	8469.26596336	2086760.6131029	245.91293613	8485.76998812
978	2018-03-23 10:00:00	8509.52258683	8415.49287239	8469.26596336	8501.49302124	1265763.625712	149.8495907	8446.89411428
979	2018-03-23 12:00:00	8510.30996821	8270.0	8505.09382795	8359.99999999	4178912.1771049	502.04736856	8323.74082368
980	2018-03-23 14:00:00	8685.13340324	8359.99999999	8360.0	8629.91099185	3697366.6037561	433.21883242	8534.63960258
981	2018-03-23 16:00:00	8663.87940554	8574.00000131	8629.91099185	8634.88872109	1161642.9466386	134.63605691	8628.02263598
982	2018-03-23 18:00:00	8720.99999998	8557.0	8634.8219837	8629.86766108	1515721.0176332	175.47441034	8637.8464797
983	2018-03-23 20:00:00	8666.27561731	8560.64076465	8629.86766107	8650.0	648356.96863798	75.20259185	8621.47105157
984	2018-03-23 22:00:00	8907.7	8613.75039337	8667.98152994	8907.7	1564182.3260805	178.39638219	8768.01595905
985	2018-03-24 00:00:00	8969.18861378	8837.7	8908.42081826	8837.70000001	1789122.0176876	200.95578778	8903.06289484
986	2018-03-24 02:00:00	8912.47339851	8815.10000001	8837.70000001	8897.95665788	1144847.0821425	128.86038679	8884.39892709
987	2018-03-24 04:00:00	8966.0	8839.88115632	8897.8900637	8847.0	1880620.9087505	210.97209279	8914.07429238
988	2018-03-24 06:00:00	8936.94154405	8847.0	8847.13351744	8922.39764973	1276185.0747676	143.35478728	8902.28431838
989	2018-03-24 08:00:00	8925.60709104	8860.0	8921.42656119	8877.04569423	914711.73077931	102.87991842	8891.0619762
990	2018-03-24 10:00:00	8885.42710416	8700.85266003	8875.0	8710.13686534	1834708.000989	209.74339541	8747.3934395
991	2018-03-24 12:00:00	8894.95411911	8662.79383699	8710.13686534	8876.0	1814306.0674316	205.92160945	8810.66378743
992	2018-03-24 14:00:00	9000.0	8834.10857219	8877.95560792	8940.0	2805084.2283691	312.94594435	8963.47845055
993	2018-03-24 16:00:00	8949.79134905	8855.15000001	8949.79134905	8864.12276346	1123259.2776802	126.12807647	8905.70370307
994	2018-03-24 18:00:00	8945.02765313	8858.10357154	8864.12276346	8890.98732875	533894.2295819	59.96670373	8903.17786993
995	2018-03-24 20:00:00	8965.00000001	8639.0	8893.93360102	8679.97780415	2544480.1453041	290.28209905	8765.54273801
996	2018-03-24 22:00:00	8719.44583815	8510.0	8679.93341187	8533.31390908	2655221.7660717	308.08334119	8618.51781993
997	2018-03-25 00:00:00	8600.0	8475.0	8533.31390907	8523.0	1325497.7164511	155.28053869	8536.14836497
998	2018-03-25 02:00:00	8564.6446741	8400.0	8529.77672169	8550.0	1578988.6387297	186.19154967	8480.45274626
999	2018-03-25 04:00:00	8585.936371	8477.0	8550.0	8519.0	2483193.4073921	291.77511359	8510.64155828
1000	2018-03-25 06:00:00	8581.68428071	8330.0	8519.63645247	8472.0	3324938.4079748	394.24133879	8433.76399385
1001	2018-03-25 08:00:00	8578.99999967	8450.0	8472.0	8501.0	1011614.2713559	118.7070077	8521.94230952
1002	2018-03-25 10:00:00	8513.60608026	8380.416	8513.0	8420.7601	661389.6719594	78.4573897	8429.92195494
1003	2018-03-25 12:00:00	8582.82120348	8373.24158366	8405.79195704	8566.86176431	950963.66537523	112.20608501	8475.15235283
1004	2018-03-25 14:00:00	8640.0	8462.10124198	8555.47120384	8481.3680498	1356146.3751313	158.56661063	8552.53429295
1005	2018-03-25 16:00:00	8574.07254619	8475.0	8475.0	8516.7707195	600133.13092874	70.38270224	8526.71340867
1006	2018-03-25 18:00:00	8660.99248761	8520.35875795	8529.95089372	8606.90744514	1347085.2807178	156.40982323	8612.53630302
1007	2018-03-25 20:00:00	8629.99999999	8519.00000008	8606.90744514	8629.99999999	595461.93457444	69.35517816	8585.68819765
1008	2018-03-25 22:00:00	8645.17634503	8390.00000001	8629.99999999	8454.81444718	2055398.6933897	243.1039101	8454.81544309
1009	2018-03-26 00:00:00	8497.96079172	8351.0	8459.4316022	8410.41920765	985288.46497093	116.97152213	8423.3191723
1010	2018-03-26 02:00:00	8476.43412616	8346.082635	8399.77128105	8421.46020274	1356224.7440611	161.42918505	8401.36028464
1011	2018-03-26 04:00:00	8484.05458844	8420.0	8430.29878193	8458.29621206	254869.91902162	30.14426884	8455.00417921
1012	2018-03-26 06:00:00	8466.06496732	8383.56506051	8453.66445524	8418.14258792	755043.956042	89.67013605	8420.23876958
1013	2018-03-26 08:00:00	8419.0	8236.81120046	8412.0	8285.0000016	2814886.7688321	339.16247617	8299.52299151
1014	2018-03-26 10:00:00	8325.7624997	8056.0	8291.34731229	8093.69006735	5604121.8571519	687.17853535	8155.26325236
1015	2018-03-26 12:00:00	8170.99999999	8020.0	8093.90606518	8102.89	2123832.9163831	262.13203054	8102.14956183
1016	2018-03-26 14:00:00	8119.97780404	8030.0	8102.89	8064.09271449	918680.53032179	113.828993	8070.70770029
1017	2018-03-26 16:00:00	8111.83233177	7870.82569349	8071.33314835	7911.0	3435454.1113123	430.72462153	7975.98730044
1018	2018-03-26 18:00:00	7958.48762047	7840.0	7918.12222862	7925.25681947	2298528.7373967	290.29090478	7918.01844132
1019	2018-03-26 20:00:00	7947.70821029	7850.75932228	7925.25681947	7878.58725009	1165737.2912543	147.68631483	7893.33319472
1020	2018-03-26 22:00:00	8260.0	7863.65124463	7883.96121102	8116.52304613	4721437.0250404	582.53743489	8104.95041564
1021	2018-03-27 00:00:00	8200.0	8022.11291851	8141.49178806	8022.11291864	1501782.7999339	184.36738547	8145.59904999
1022	2018-03-27 02:00:00	8040.0	7814.99999983	8022.11291851	7844.32319412	2480902.5111117	314.39598182	7891.01214573
1023	2018-03-27 04:00:00	7939.75793531	7739.0	7844.344331	7925.0429208	2727588.5587264	349.58981662	7802.25403902
1024	2018-03-27 06:00:00	8034.80195047	7860.0	7928.99455754	7927.59458409	1608558.5787703	202.70482328	7935.4726382
1025	2018-03-27 08:00:00	8030.0	7827.5945842	7927.5945842	7903.42279795	1785968.5432544	225.46239454	7921.35888957
1026	2018-03-27 10:00:00	8052.0	7870.03342403	7917.89814816	7917.23596779	1274618.9369543	160.39842308	7946.58022491
1027	2018-03-27 12:00:00	8131.20689891	7870.07740442	7917.25775236	8084.535408	1857354.1977862	232.07086662	8003.39234664
1028	2018-03-27 14:00:00	8145.0	8029.18958706	8084.6001142	8050.00000003	2620098.8392557	324.54462629	8073.15428145
1029	2018-03-27 16:00:00	8125.85402533	7880.930307	8064.97780413	7902.80381186	1724727.6876088	214.98353516	8022.6036209
1030	2018-03-27 18:00:00	7947.97214976	7828.0	7902.80381186	7884.84153994	1379862.4481872	175.04634158	7882.84082793
1031	2018-03-27 20:00:00	8029.542723	7870.0	7889.08639083	8006.0	1320278.6486578	165.45462072	7979.70248828
1032	2018-03-27 22:00:00	8004.76750022	7758.30000001	8004.76750022	7782.71671273	1312081.9961816	167.2972824	7842.81715374
1033	2018-03-28 00:00:00	7840.70953507	7731.0	7782.71671273	7807.01918013	1434327.9870671	184.27751464	7783.52144519
1034	2018-03-28 02:00:00	7875.24085982	7731.15000001	7818.15593418	7860.0	1065961.5490163	136.37674655	7816.29988969
1035	2018-03-28 04:00:00	7877.02816543	7814.4707506	7860.0	7843.3673863	550138.55243792	70.07505575	7850.70445609
1036	2018-03-28 06:00:00	7944.77787617	7848.73937428	7856.79884549	7873.14225195	1021067.3634861	129.18551002	7903.88460229
1037	2018-03-28 08:00:00	8100.1	7850.40533216	7870.65375846	8092.16544586	1875712.6662581	235.52832504	7963.85176152
1038	2018-03-28 10:00:00	8100.0	8006.00000001	8090.18337443	8047.97963287	1337310.7359656	165.91454088	8060.23829419
1039	2018-03-28 12:00:00	8053.04355674	7997.17374596	8048.00000001	8030.0	1469854.1613793	183.19451436	8023.46165503
1040	2018-03-28 14:00:00	8040.44600764	7835.58343662	8030.0	7859.88142359	2234406.1578205	283.0218636	7894.81819319
1041	2018-03-28 16:00:00	7939.97963286	7859.88142308	7859.88142308	7927.91999462	739883.54910932	93.69427149	7896.78533535
1042	2018-03-28 18:00:00	7954.7384641	7870.0	7929.60159287	7901.48123529	452123.73517502	57.09090049	7919.36598117
1043	2018-03-28 20:00:00	7950.05926491	7839.55287239	7910.05830931	7879.017487	573636.60141933	72.7419103	7885.91609779
1044	2018-03-28 22:00:00	8004.77583242	7874.54111564	7879.017487	7943.58381606	1095285.646842	137.36606981	7973.48026595
1045	2018-03-29 00:00:00	7966.5132066	7871.0	7943.54212629	7874.06833818	337856.53695563	42.58385522	7933.91146034
1046	2018-03-29 02:00:00	7900.22347377	7844.0	7884.56054156	7857.38542852	440375.84030007	55.94260362	7871.92250277
1047	2018-03-29 04:00:00	7868.37689899	7544.00022617	7857.38543082	7547.26975991	5776809.4245577	754.54567694	7656.01023384
1048	2018-03-29 06:00:00	7634.92578878	7500.0	7547.26975991	7517.52190355	2631472.9400039	348.50687469	7550.70597199
1049	2018-03-29 08:00:00	7576.64710075	7468.0	7535.0216202	7510.63985553	1467702.0526329	195.36442026	7512.63741207
1050	2018-03-29 10:00:00	7538.89673867	7440.0	7510.63985553	7461.23376245	1639833.224818	219.40789087	7473.90268561
1051	2018-03-29 12:00:00	7560.19123121	7453.43170724	7465.47569037	7468.0	1936144.1554811	258.14142542	7500.32332986
1052	2018-03-29 14:00:00	7485.16769893	7340.0	7474.39354764	7468.0	3534786.7934314	478.35056858	7389.53191573
1053	2018-03-29 16:00:00	7563.5716031	7405.00000001	7459.60183188	7425.0	1567083.5694564	209.19627488	7490.97263015
1054	2018-03-29 18:00:00	7473.66023422	7338.90260003	7425.0	7338.90260003	1174384.5779144	158.84074507	7393.47185381
1055	2018-03-29 20:00:00	7367.77793899	6900.1	7338.90260003	7080.0	10952057.038104	1534.36051381	7137.86423694
1056	2018-03-29 22:00:00	7324.04886372	7060.91622502	7071.05626603	7080.40276816	3031026.7491637	422.58480729	7172.58807433
1057	2018-03-30 00:00:00	7159.281016	6687.54447997	7088.52145285	6895.74733335	6629463.8306331	969.98251605	6834.62198641
1058	2018-03-30 02:00:00	6934.37510603	6764.83970417	6895.74733337	6855.31536371	3034651.8025932	443.00664306	6850.12708078
1059	2018-03-30 04:00:00	7191.64249999	6625.678745	6858.68029944	7109.836079	5101153.8587982	738.89792453	6903.73282891
1060	2018-03-30 06:00:00	7256.13228633	6960.0	7127.07774091	7224.35947632	3180394.5868401	447.06074548	7114.00993935
1061	2018-03-30 08:00:00	7269.21615741	7016.62969459	7221.85085271	7016.8850322	2745319.8705897	383.23500548	7163.54151195
1062	2018-03-30 10:00:00	7087.96870447	6875.51469881	7016.8850322	7015.0	1853843.8319528	265.24500845	6989.17518857
1063	2018-03-30 12:00:00	7043.95207141	6831.0	7014.00000019	6874.85934377	1764808.5603001	254.62660581	6930.96683548
1064	2018-03-30 14:00:00	6927.99872644	6670.0	6874.85934377	6795.59624245	2417492.3631326	357.12828164	6769.25487959
1065	2018-03-30 16:00:00	6882.46727793	6590.53296207	6795.59624245	6726.8025075	3396562.7544375	507.98987256	6686.28045145
1066	2018-03-30 18:00:00	6872.14804061	6657.0	6729.67742239	6810.0	1749694.7704482	258.40974028	6771.00936115
1067	2018-03-30 20:00:00	6950.0	6738.23600001	6811.50867646	6911.14251845	1808395.5185025	263.79161245	6855.39430805
1068	2018-03-30 22:00:00	6918.87759234	6744.0	6918.85626977	6837.72532501	1345969.7423146	198.04952854	6796.12697004
1069	2018-03-31 00:00:00	7105.0	6837.72532501	6845.0	7083.05353945	1589458.8891117	226.52449723	7016.71964201
1070	2018-03-31 02:00:00	7109.1533217	6955.5	7085.5358026	6960.5177556	1322044.0705352	188.37143473	7018.28317244
1071	2018-03-31 04:00:00	7056.3413251	6863.00000008	6961.252038	6910.0	1241670.7281885	178.1088477	6971.41520043
1072	2018-03-31 06:00:00	6936.57352025	6790.000004	6902.20193788	6813.09700402	814626.52140259	119.0684541	6841.66538954
1073	2018-03-31 08:00:00	7019.99999993	6816.72070343	6817.59711759	7009.67701797	2130036.880702	306.15693579	6957.33668487
1074	2018-03-31 10:00:00	7150.0	6955.85986965	7003.70923819	7083.0	2174770.0766249	307.07852937	7082.13003718
1075	2018-03-31 12:00:00	7230.95559729	7003.68491695	7083.0	7038.38214833	2190146.4728514	307.42998512	7124.04963359
1076	2018-03-31 14:00:00	7090.0	6984.40043477	7040.0	7056.41086385	1781679.9893992	252.69050681	7050.83864008
1077	2018-03-31 16:00:00	7185.034115	7050.01773693	7060.35354815	7124.67139882	1862328.8716969	260.51357145	7148.68273975
1078	2018-03-31 18:00:00	7140.0	6992.0	7121.47139871	7061.91107384	899126.86428565	127.45135705	7054.66685562
1079	2018-03-31 20:00:00	7061.17327361	6850.8900923	7052.34507008	6913.7799224	2056263.4455776	297.12622111	6920.50482079
1080	2018-03-31 22:00:00	6980.0	6890.00000001	6913.95063222	6933.87920545	895049.70139976	129.21713438	6926.71065408
1081	2018-04-01 00:00:00	7043.14185553	6920.0	6920.00000001	6995.19843625	922311.35828778	131.8125035	6997.14620235
1082	2018-04-01 02:00:00	7016.91116023	6898.03721691	7005.97988717	6924.79744084	584369.92134584	84.26133448	6935.20847909
1083	2018-04-01 04:00:00	6964.81172872	6901.00000004	6924.76022393	6904.77035613	320499.99851181	46.27805021	6925.52942609
1084	2018-04-01 06:00:00	6927.14791515	6650.0	6927.14791515	6719.2715644	2891912.426154	429.40902923	6734.63348299
1085	2018-04-01 08:00:00	6764.66728014	6600.0	6718.98216044	6759.88555739	1813628.1528882	271.90818796	6670.001983
1086	2018-04-01 10:00:00	6759.88555739	6643.59658839	6759.88555739	6680.40762901	851981.69535686	127.40841893	6687.01254212
1087	2018-04-01 12:00:00	6738.07043872	6522.6389724	6689.63754369	6550.0	1773051.4815229	268.88031411	6594.20340009
1088	2018-04-01 14:00:00	6554.99999893	6441.98052002	6550.0	6450.34932959	3547627.5738297	546.30141278	6493.90151816
1089	2018-04-01 16:00:00	6891.52202031	6427.09999983	6450.34932959	6841.35782556	4972013.2322912	735.59187971	6759.20081424
1090	2018-04-01 18:00:00	6979.69999999	6735.17047194	6841.34008862	6899.99181457	2295594.6190884	334.6360804	6859.97342648
1091	2018-04-01 20:00:00	6951.39766507	6803.03600554	6903.47768127	6811.62045579	1955871.2088434	284.01420761	6886.52594284
1092	2018-04-01 22:00:00	6853.89163821	6760.0	6823.0	6823.02040095	1026060.7648314	150.90160926	6799.53494109
1093	2018-04-02 00:00:00	7051.45359155	6766.01585088	6809.83130039	6925.0	1847019.5595719	265.90296432	6946.21650531
1094	2018-04-02 02:00:00	7018.64013418	6908.01974577	6930.95092419	6987.68703633	649878.43974532	93.49052491	6951.27597551
1095	2018-04-02 04:00:00	7033.9	6840.0	6984.70000001	6905.32115248	1142669.9990333	164.4109226	6950.08568143
1096	2018-04-02 06:00:00	7107.77	6865.34789477	6905.26793904	7066.04238656	1691949.5102035	241.75455408	6998.62518264
1097	2018-04-02 08:00:00	7084.1039392	7014.55363205	7056.62286098	7059.6747277	926974.68779021	131.4623675	7051.25508857
1098	2018-04-02 10:00:00	7131.61946349	7020.0	7059.51101272	7055.38685014	1364585.1878929	193.01916842	7069.68742567
1099	2018-04-02 12:00:00	7054.98289507	6978.0	7054.98289507	7005.0	1173987.468306	167.42620728	7011.96955589
1100	2018-04-02 14:00:00	7078.73795048	6874.0656388	7005.00000002	7018.70557183	1646253.8387214	236.94448396	6947.84622628
1101	2018-04-02 16:00:00	7052.00405826	6950.00000001	7029.91220726	6978.47293883	1296252.9674171	185.01642286	7006.15084531
1102	2018-04-02 18:00:00	7022.76055896	6946.0918298	6982.27201	6985.12830039	992878.35158897	142.20555861	6981.99396207
1103	2018-04-02 20:00:00	7000.0	6885.6284527	6981.63958229	6980.00000001	1163250.1846299	167.84936443	6930.32224804
1104	2018-04-02 22:00:00	7062.61999999	6979.0	6980.0	7058.89414772	912765.54646261	129.92435481	7025.3613943
1105	2018-04-03 00:00:00	7095.13613775	7005.42709637	7047.40542744	7030.0	838860.35629335	118.8877983	7055.89949757
1106	2018-04-03 02:00:00	7189.99999998	7020.0	7030.0	7175.0	1175726.0964591	164.89365962	7130.20803327
1107	2018-04-03 04:00:00	7386.66752916	7175.0	7180.0	7337.9829912	3395389.040572	464.23426374	7313.9561333
1108	2018-04-03 06:00:00	7428.42767765	7306.63853986	7330.03484131	7398.98226306	1330285.2775574	180.8781031	7354.59546931
1109	2018-04-03 08:00:00	7420.0	7322.18790484	7398.98226306	7349.71119149	2558182.4326023	346.59994933	7380.79286378
1110	2018-04-03 10:00:00	7396.8967	7275.0	7364.02308176	7303.99999001	1263945.6137153	172.56349413	7324.52492392
1111	2018-04-03 12:00:00	7425.76039216	7303.99999002	7314.22454259	7340.16201917	1758124.6514226	238.44585125	7373.26584717
1112	2018-04-03 14:00:00	7410.0	7264.01641962	7343.81944177	7385.0	2022189.9143928	276.22631375	7320.77218473
1113	2018-04-03 16:00:00	7437.57034226	7359.22124335	7383.41026325	7420.0	1034775.0490264	139.75037817	7404.45258593
1114	2018-04-03 18:00:00	7505.45	7416.0	7419.38817288	7460.0	2072704.9420358	277.65791243	7464.959035
1115	2018-04-03 20:00:00	7495.47162322	7364.03420889	7460.64821826	7429.22445942	1723009.0843438	232.61165936	7407.23439695
1116	2018-04-03 22:00:00	7438.00850851	7365.00000001	7435.17314628	7412.27033867	638329.94676325	86.26584109	7399.56787875
1117	2018-04-04 00:00:00	7414.66693777	7300.0	7406.14599941	7333.75919969	868480.03366919	118.23959739	7345.08618804
1118	2018-04-04 02:00:00	7338.02940331	7251.0	7323.10884702	7285.06841801	1933446.6093934	265.17568873	7291.19105395
1119	2018-04-04 04:00:00	7379.899	7265.06841801	7268.78532843	7347.60879737	617081.82082931	84.42128674	7309.55242046
1120	2018-04-04 06:00:00	7375.36996208	7306.2000002	7358.88441939	7315.76639823	496710.07335967	67.65424852	7341.89033542
1121	2018-04-04 08:00:00	7330.33053129	7059.002426	7308.754709	7080.0	4344374.3314032	605.13829995	7179.14290297
1122	2018-04-04 10:00:00	7148.43577608	7001.52	7080.0	7054.05175378	3422683.3534113	483.80971266	7074.44117769
1123	2018-04-04 12:00:00	7120.71075834	7015.0	7058.45597329	7077.77650222	1034963.8708806	146.40551431	7069.15908023
1124	2018-04-04 14:00:00	7078.0	6777.553868	7077.77650222	6786.78	3258045.6445965	472.42090858	6896.48909568
1125	2018-04-04 16:00:00	6910.0	6786.83175364	6788.0772517	6832.17302992	1566522.7115986	228.58185309	6853.2243064
1126	2018-04-04 18:00:00	6883.0	6732.0	6843.79644439	6859.00572438	1921361.8534108	282.52550746	6800.66685194
1127	2018-04-04 20:00:00	6912.35996111	6759.0	6859.00572438	6827.0	1300490.4978981	189.69221694	6855.79260381
1128	2018-04-04 22:00:00	6834.65699202	6684.31650299	6817.18483338	6769.9450882	1584842.6746109	234.42723395	6760.48873634
1129	2018-04-05 00:00:00	6830.0	6542.31393183	6777.91287792	6605.05397109	1890571.6293758	284.40320839	6647.50457661
1130	2018-04-05 02:00:00	6789.99999996	6581.84949229	6609.67896495	6764.08486896	1117584.8652104	168.40353177	6636.35051749
1131	2018-04-05 04:00:00	6859.99999999	6731.31555709	6774.99955804	6840.46539473	1349960.2460325	198.60133918	6797.3370754
1132	2018-04-05 06:00:00	6857.73595774	6705.7634652	6840.46539473	6786.94	855594.05236079	125.89076039	6796.32126861
1133	2018-04-05 08:00:00	6910.00000001	6774.06083661	6786.93999999	6837.18299165	2338302.9918311	341.18300221	6853.51549369
1134	2018-04-05 10:00:00	6837.18299165	6753.00000001	6837.18299165	6784.98299111	1024182.4508389	151.02383379	6781.59483266
1135	2018-04-05 12:00:00	6897.43830728	6578.56255124	6784.77888625	6835.76500453	3640605.6107829	540.67613691	6733.4312766
1136	2018-04-05 14:00:00	6900.0340167	6685.79425632	6835.81603151	6746.61238658	1612655.2651488	236.81406138	6809.79522816
1137	2018-04-05 16:00:00	6797.19360639	6644.87293534	6746.62939514	6699.30713277	985072.44034916	146.85455839	6707.8097619
1138	2018-04-05 18:00:00	6811.665	6686.39108598	6701.71442987	6760.10224282	847164.6391934	125.59827854	6745.03384155
1139	2018-04-05 20:00:00	6779.8421077	6669.99999999	6760.10224282	6715.63664573	1293583.6535982	193.02693533	6701.5706973
1140	2018-04-05 22:00:00	6836.0	6715.65365407	6727.19664097	6774.99999999	1537082.5647502	226.25916205	6793.45998996
1141	2018-04-06 00:00:00	6836.0	6761.70000001	6775.0	6802.94487745	360003.54055919	52.88091668	6807.81580882
1142	2018-04-06 02:00:00	6835.99999999	6723.01710442	6802.94487745	6754.49746608	556893.05648131	82.27221913	6768.90768682
1143	2018-04-06 04:00:00	6847.59216377	6754.72435653	6754.72435653	6770.0	675959.56013563	99.6065429	6786.29676781
1144	2018-04-06 06:00:00	6770.0	6510.0	6770.0	6625.00000002	3259537.9278668	495.37657879	6579.91933294
1145	2018-04-06 08:00:00	6632.61666471	6511.22783891	6623.0	6566.81204544	1539449.2120262	233.93830748	6580.57771131
1146	2018-04-06 10:00:00	6661.1053764	6499.98299166	6566.81204541	6598.42027551	1424421.8160975	216.7412835	6571.9912381
1147	2018-04-06 12:00:00	6626.48152672	6534.1213988	6598.47348633	6610.0	1895318.2858643	288.13340994	6577.9191877
1148	2018-04-06 14:00:00	6647.31078554	6564.64830541	6609.18152698	6579.11836675	1556243.3076594	235.38979049	6611.34582098
1149	2018-04-06 16:00:00	6630.0	6573.63029939	6579.38985292	6603.94363809	494029.78670436	74.88758612	6596.95167517
1150	2018-04-06 18:00:00	6629.67858104	6572.00000004	6605.7916287	6610.0	392548.2121685	59.50831234	6596.52738806
1151	2018-04-06 20:00:00	6624.66208038	6580.51579424	6611.72921912	6610.25737595	321083.55459774	48.65455171	6599.25008684
1152	2018-04-06 22:00:00	6621.99999107	6512.78160448	6610.10090628	6613.54563751	589817.96966763	89.51510887	6589.03259028
1153	2018-04-07 00:00:00	6880.78179418	6599.24631203	6614.99291873	6838.90480302	2119217.9727939	312.0760541	6790.70997262
1154	2018-04-07 02:00:00	6875.00000081	6799.63559141	6842.94841008	6850.0	968618.83731194	141.82225964	6829.80823864
1155	2018-04-07 04:00:00	6881.2916515	6822.41322512	6854.43051565	6840.07261661	603237.33844048	88.13342013	6844.59240944
1156	2018-04-07 06:00:00	6887.0	6840.49878745	6845.74734145	6854.37096526	1768439.9746069	257.16147961	6876.76854748
1157	2018-04-07 08:00:00	6923.47096423	6837.34111627	6854.37096526	6851.94847204	1477291.0270565	214.69359158	6880.92744727
1158	2018-04-07 10:00:00	6882.114224	6846.05425532	6855.0	6865.65015524	928856.80380373	135.33346828	6863.46707587
1159	2018-04-07 12:00:00	6886.30337908	6775.0	6865.78678732	6835.69187879	925630.40489133	135.35328242	6838.62547211
1160	2018-04-07 14:00:00	7023.82307126	6835.34992069	6837.089512	7011.0	1310015.5113421	188.63235047	6944.80829019
1161	2018-04-07 16:00:00	7062.79473838	6980.0	7011.00000004	7000.0	1684197.3741151	239.87799314	7021.05829746
1162	2018-04-07 18:00:00	7010.0	6958.78865711	6999.0	6976.89226459	513354.07316275	73.48131598	6986.18507733
1163	2018-04-07 20:00:00	7044.71618728	6943.3370596	6992.2684287	6974.9999956	731954.58078035	104.66946664	6993.0095593
1164	2018-04-07 22:00:00	6981.26300617	6852.43672808	6974.99999536	6890.0	1118599.9667684	162.18073906	6897.24299723
1165	2018-04-08 00:00:00	6975.03398766	6890.0	6890.00000001	6942.0	739208.21047308	106.44560808	6944.46885885
1166	2018-04-08 02:00:00	6969.3558803	6920.10419564	6942.0	6969.3558803	367128.18303669	52.78859555	6954.68745117
1167	2018-04-08 04:00:00	7002.59725206	6921.54288003	6970.48422927	6935.91624254	381428.76524687	54.8454509	6954.61080158
1168	2018-04-08 06:00:00	6956.89865692	6896.85275727	6936.11015198	6936.18184036	462751.21919217	66.76846999	6930.68478671
1169	2018-04-08 08:00:00	7022.99999999	6936.18184036	6936.54	7003.91830635	701249.21302528	100.48560483	6978.60369364
1170	2018-04-08 10:00:00	7093.65881609	6984.27733274	7002.62093382	7093.65881609	921592.60038012	131.32930447	7017.41781165
1171	2018-04-08 12:00:00	7115.54428517	7043.26365088	7093.65881609	7043.26365088	1562992.6733772	220.95568588	7073.78344735
1172	2018-04-08 14:00:00	7062.0	7020.78744463	7055.4652681	7036.93997957	646944.9096234	91.75213891	7051.00630142
1173	2018-04-08 16:00:00	7048.02287509	6936.20000005	7048.02287509	6993.51346775	1005200.6028058	143.83506719	6988.56421068
1174	2018-04-08 18:00:00	7019.9	6960.49148452	7003.29479421	6989.77161409	617361.1404166	88.26287177	6994.57346034
1175	2018-04-08 20:00:00	6990.25786041	6951.70328994	6989.77161409	6990.25786041	370410.29609359	53.16656001	6966.97879313
1176	2018-04-08 22:00:00	7050.68289465	6993.6598317	6993.6598317	7030.0	563984.33265849	80.18548368	7033.49667265
1177	2018-04-09 00:00:00	7141.94914141	7025.00000046	7025.00000046	7117.62283288	1056516.7911778	149.10488673	7085.72880707
1178	2018-04-09 02:00:00	7161.0	7065.07416581	7117.8267885	7128.32453024	1165472.0649713	163.56590093	7125.39752078
1179	2018-04-09 04:00:00	7158.32459467	7094.00605229	7128.36161325	7109.09722377	481752.7386283	67.63228481	7123.11790118
1180	2018-04-09 06:00:00	7152.0007152	7089.03708265	7094.96167304	7130.1098115	349806.1451355	49.13123141	7119.83264201
1181	2018-04-09 08:00:00	7184.0	7080.83312665	7139.09998799	7080.83312665	2578575.7935302	360.31913355	7156.36654685
1182	2018-04-09 10:00:00	7080.83312665	6704.8702071	7080.83312665	6757.54923543	3832532.8853897	561.71328018	6822.93444114
1183	2018-04-09 12:00:00	6782.59443938	6700.0	6757.47916022	6723.18625661	1742545.1017507	258.4891043	6741.27099658
1184	2018-04-09 14:00:00	6763.44571934	6675.63039604	6723.18625661	6723.93	685422.78034197	102.01479923	6718.85633766
1185	2018-04-09 16:00:00	6749.73427515	6715.0	6725.0	6726.3	1140199.3415256	169.43469789	6729.43237556
1186	2018-04-09 18:00:00	6755.0	6630.43708311	6726.3	6687.57605089	1225503.6399704	182.87880291	6701.17925352
1187	2018-04-09 20:00:00	6730.36132853	6618.07799362	6673.51649646	6715.93	642317.91087105	96.45895337	6658.97657428
1188	2018-04-09 22:00:00	6788.0	6681.87148571	6708.51193306	6761.53778457	717049.877977	106.58414599	6727.54724745
1189	2018-04-10 00:00:00	6783.68208475	6708.01948008	6759.51995272	6728.0	149416.82155618	22.14167347	6748.21719138
1190	2018-04-10 02:00:00	6788.0	6728.0	6728.0534975	6787.00000002	246187.46584084	36.43841205	6756.26219669
1191	2018-04-10 04:00:00	6808.85931069	6728.69486301	6788.0	6756.05102505	619748.48352649	91.64531519	6762.4676967
1192	2018-04-10 06:00:00	6770.80974879	6691.0	6766.8797451	6724.70603811	466157.51123143	69.37551322	6719.33784119
1193	2018-04-10 08:00:00	6772.89781336	6658.71497418	6717.89815457	6772.88080501	526008.59446878	78.37088746	6711.78560708
1194	2018-04-10 10:00:00	6773.38759796	6705.0	6772.89781336	6734.78106938	191031.41601435	28.36576015	6734.57770932
1195	2018-04-10 12:00:00	6768.0	6724.17378724	6742.07783806	6762.52099745	353064.52263174	52.33729974	6745.94456316
1196	2018-04-10 14:00:00	6854.88130704	6724.1907956	6761.84254425	6829.1	1877010.3777314	276.16183588	6796.77686726
1197	2018-04-10 16:00:00	6866.7319521	6802.46528797	6831.97054816	6866.4449886	1037953.9102086	151.89810045	6833.22508401
1198	2018-04-10 18:00:00	6870.0	6823.0	6866.42550862	6856.46113091	474269.61087754	69.27450276	6846.23623385
1199	2018-04-10 20:00:00	6857.3838032	6816.0	6846.11700835	6856.64255762	359505.9258718	52.58194763	6837.05990507
1200	2018-04-10 22:00:00	6881.87332722	6782.16657265	6848.91634822	6834.0	1105062.6415167	161.77789179	6830.73953609
1201	2018-04-11 00:00:00	6866.01947998	6822.39858663	6835.6	6830.29913194	176868.39887135	25.85868214	6839.80714538
1202	2018-04-11 02:00:00	6860.91999851	6817.04294066	6830.98216181	6821.26095861	296171.27056108	43.33836412	6833.9282429
1203	2018-04-11 04:00:00	6898.25884115	6817.90791298	6825.0	6836.31632569	600957.69213843	87.64752678	6856.52766502
1204	2018-04-11 06:00:00	6851.86162507	6799.0	6832.48792848	6839.2401835	561189.23965578	82.26062293	6822.08837797
1205	2018-04-11 08:00:00	6890.13973769	6821.15578416	6839.9655	6865.97276211	506235.48130093	73.85543276	6854.41087246
1206	2018-04-11 10:00:00	6865.95706043	6809.97266681	6858.10000015	6862.67210245	639501.43305444	93.50999699	6838.85631097
1207	2018-04-11 12:00:00	6975.71334005	6842.43611634	6862.65560562	6940.0	1283510.9326027	185.24563734	6928.69722079
1208	2018-04-11 14:00:00	6963.56831925	6914.79291435	6940.0	6940.0	1113003.3819976	160.45340395	6936.61433536
1209	2018-04-11 16:00:00	6945.03291048	6871.75326459	6940.0	6893.00637598	651766.75254716	94.28143223	6912.99163717
1210	2018-04-11 18:00:00	6924.58338998	6888.42606443	6896.583503	6911.88304996	442596.274763	64.0954706	6905.26601364
1211	2018-04-11 20:00:00	6929.28499999	6876.45023507	6911.88304995	6904.0	513278.99171254	74.36992852	6901.70075361
1212	2018-04-11 22:00:00	6979.11765561	6898.99682464	6904.0	6966.46006249	912348.27943978	131.36272231	6945.26014227
1213	2018-04-12 00:00:00	6971.2033525	6900.0	6963.9	6945.59999987	859771.92725601	123.80595515	6944.51188728
1214	2018-04-12 02:00:00	6969.99256286	6930.1	6934.26765638	6947.00000002	557222.17572254	80.17348881	6950.20491178
1215	2018-04-12 04:00:00	6970.0	6937.03423765	6949.7274083	6951.0	494247.72744227	71.07707719	6953.68671563
1216	2018-04-12 06:00:00	6955.94825162	6750.0	6951.52808056	6833.80756803	2234496.9392086	327.15813976	6830.02092152
1217	2018-04-12 08:00:00	6859.9101012	6794.79397173	6837.0	6844.97381571	688646.69534692	100.89887632	6825.11758766
1218	2018-04-12 10:00:00	8028.0	6836.489734	6845.16864083	7690.00000007	12806225.672285	1695.12262409	7554.74883662
1219	2018-04-12 12:00:00	7744.22319654	7600.0	7690.00000007	7687.87637994	6589260.4519393	858.74281973	7673.14765322
1220	2018-04-12 14:00:00	7730.0	7596.05194567	7687.12359381	7634.80615602	2773854.2645382	362.23746233	7657.55768797
1221	2018-04-12 16:00:00	7780.3697262	7565.00100011	7634.80615602	7694.43873731	2063201.8159842	269.36926998	7659.38080515
1222	2018-04-12 18:00:00	7762.02036701	7649.16921642	7694.40326273	7693.7	939580.887799	122.10726733	7694.71718058
1223	2018-04-12 20:00:00	7900.0	7685.64488857	7694.59999915	7835.70712981	2160505.7312721	277.71318333	7779.62970776
1224	2018-04-12 22:00:00	7985.31695097	7749.359305	7839.63712981	7929.99999855	2192527.9741272	278.75526113	7865.42275557
1225	2018-04-13 00:00:00	7990.0	7735.89167312	7921.84468403	7790.00000002	2691838.6998522	341.28283012	7887.41320184
1226	2018-04-13 02:00:00	7908.16438637	7784.68670477	7791.00000002	7828.5142009	1576943.3844006	200.75429207	7855.0917549
1227	2018-04-13 04:00:00	7839.85498	7769.0	7828.79112119	7800.61736519	1095875.250171	140.41015983	7804.81449132
1228	2018-04-13 06:00:00	8179.98226307	7800.31657227	7800.61775024	8095.78059798	3066373.9257056	384.31784759	7978.74453381
1229	2018-04-13 08:00:00	8156.26210517	8052.70000072	8100.0	8052.70000072	2990549.5698457	368.6696146	8111.73324682
1230	2018-04-13 10:00:00	8159.05629826	8006.47081666	8052.70000108	8094.0	2378758.4152288	294.4222176	8079.4120587
1231	2018-04-13 12:00:00	8230.0	8029.90598731	8094.0	8089.17484105	6859855.4376567	840.82999298	8158.43332769
1232	2018-04-13 14:00:00	8133.96547386	8030.07847966	8089.3838196	8132.13999933	1977805.4973081	244.37403878	8093.35356235
1233	2018-04-13 16:00:00	8168.08931873	8050.0	8132.13999944	8112.12428569	1097954.09172	135.35732681	8111.52316313
1234	2018-04-13 18:00:00	8140.81640434	8054.0	8112.12428554	8101.26163758	1103755.2364888	136.19417651	8104.27629706
1235	2018-04-13 20:00:00	8101.27874195	7844.9999997	8101.20905822	7874.0	3682631.3101527	465.3563638	7913.57247181
1236	2018-04-13 22:00:00	7966.073112	7801.0	7877.92999926	7875.0	2127251.8862329	270.45428314	7865.47678792
1237	2018-04-14 00:00:00	8069.7662488	7822.30000001	7874.91258045	8060.1728786	1051580.431915	132.01500576	7965.61289272
1238	2018-04-14 02:00:00	8075.01575363	8004.43799457	8060.1390154	8056.63676918	885613.39833605	110.2067958	8035.9236643
1239	2018-04-14 04:00:00	8061.02586369	7950.0	8047.73676695	7955.03475328	1299893.3902245	162.37215748	8005.64216426
1240	2018-04-14 06:00:00	8173.0008011	7954.1	7962.94912624	8130.873334	1892218.1186977	235.21689425	8044.5672269
1241	2018-04-14 08:00:00	8169.0	7980.0	8130.87333466	8023.7093955	1419733.0969786	175.68188749	8081.27187874
1242	2018-04-14 10:00:00	8049.0	7910.0	8027.60853493	7955.0	1262598.4090933	158.23712715	7979.15401924
1243	2018-04-14 12:00:00	7985.00266358	7863.18128995	7974.48835603	7950.06351748	1554184.8066698	196.2208068	7920.59125643
1244	2018-04-14 14:00:00	7990.35504299	7926.0	7955.0	7960.15270161	636524.59993164	79.95687887	7960.84850893
1245	2018-04-14 16:00:00	7994.0339425	7921.05614003	7960.20357538	7964.43913869	798557.04512383	100.26990333	7964.07514721
1246	2018-04-14 18:00:00	8063.93600307	7950.25444981	7970.0	8013.06772582	1013221.411738	126.62660327	8001.64724925
1247	2018-04-14 20:00:00	8078.95	8014.0	8028.86305274	8033.99065856	625005.04247295	77.58766192	8055.46947809
1248	2018-04-14 22:00:00	8073.5	7955.88000339	8040.48088976	7995.99999982	519672.53351172	64.72296935	8029.18251017
1249	2018-04-15 00:00:00	8125.0	7997.5573637	7997.5573637	8115.09999965	1223991.2925164	151.23148765	8093.49502234
1250	2018-04-15 02:00:00	8262.96992491	8056.9	8103.62946644	8083.0	3910203.9209413	479.88357113	8148.2346056
1251	2018-04-15 04:00:00	8157.02320469	8050.0	8086.93	8129.76198601	867936.07321992	106.95418495	8115.02676239
1252	2018-04-15 06:00:00	8139.99999996	8071.5328121	8129.71198211	8071.70840094	619497.88175687	76.42366442	8106.10020415
1253	2018-04-15 08:00:00	8168.55458	8071.72489726	8080.32547177	8105.0340239	450191.66373945	55.48448955	8113.82906089
1254	2018-04-15 10:00:00	8404.01784022	8105.0340239	8105.0340239	8321.38330775	3415559.7343943	410.40199002	8322.47361721
1255	2018-04-15 12:00:00	8370.0	8305.24253609	8337.96700695	8359.37985228	2124394.2631086	254.78701848	8337.92190741
1256	2018-04-15 14:00:00	8370.0	8241.20852276	8348.91	8280.0	1808334.2554926	217.43432325	8316.69181048
1257	2018-04-15 16:00:00	8320.89947115	8261.0	8286.84999768	8290.0	1106541.7184313	133.53192031	8286.72062726
1258	2018-04-15 18:00:00	8333.59830778	8270.0	8300.0	8311.03093234	617179.18322842	74.26294384	8310.72876074
1259	2018-04-15 20:00:00	8320.0	8280.0	8311.03093234	8302.64985677	379371.94914005	45.70847033	8299.81721989
1260	2018-04-15 22:00:00	8365.0	8285.60000233	8306.5368845	8356.0	672943.81668767	80.77337213	8331.25817261
1261	2018-04-16 00:00:00	8404.0	8330.53768272	8364.99999999	8330.55469108	1275034.243199	152.24016586	8375.15011886
1262	2018-04-16 02:00:00	8349.93196654	8100.0	8340.89794976	8135.00000106	2861216.9617466	350.22102473	8169.74641643
1263	2018-04-16 04:00:00	8160.84999735	8010.9829916	8135.00000404	8041.00000001	2107363.7875641	260.60169845	8086.53128547
1264	2018-04-16 06:00:00	8141.00000412	8016.48273345	8041.00000001	8105.01700835	1809080.7050611	224.27679471	8066.28571359
1265	2018-04-16 08:00:00	8135.99999999	8050.40000007	8117.45572422	8097.0	927315.36601955	114.51125655	8098.02803634
1266	2018-04-16 10:00:00	8121.05101236	8025.13700835	8098.78761871	8083.0134788	911712.98600607	112.86281801	8078.06328143
1267	2018-04-16 12:00:00	8083.06450385	7870.0	8083.0134788	7950.0	3133227.0902786	394.22190376	7947.87671713
1268	2018-04-16 14:00:00	7998.99999999	7919.85703801	7954.8	7984.60610856	1115939.7419732	140.02473363	7969.59017913
1269	2018-04-16 16:00:00	8070.24732731	7931.74442182	7979.72516707	8042.20805221	1784692.9630707	223.73263003	7976.90065517
1270	2018-04-16 18:00:00	8049.99999999	7970.76223325	8041.77352991	7973.49698353	528787.20323171	65.9421202	8018.95968203
1271	2018-04-16 20:00:00	8033.72895494	7940.66	7973.49698353	8009.0	463573.50050274	58.04037993	7987.08590574
1272	2018-04-16 22:00:00	8074.0	7960.74729401	8008.82928419	8060.0	531290.39933035	66.15940095	8030.45964294
1273	2018-04-17 00:00:00	8072.17368378	8013.12356338	8060.0	8035.95681987	339212.08571952	42.12622726	8052.27782744
1274	2018-04-17 02:00:00	8040.0	7960.404215	8035.95681987	8031.05505331	378351.56439136	47.22276846	8012.05809675
1275	2018-04-17 04:00:00	8034.72783582	7972.00000002	8024.95307688	7980.0	401487.29381549	50.15473446	8004.9729729
1276	2018-04-17 06:00:00	8155.0	7950.0	7984.49573704	8129.19099165	1810499.5052147	223.45529481	8102.28957319
1277	2018-04-17 08:00:00	8168.57040884	8113.63700283	8129.19099165	8151.0	1277939.9566945	156.85071925	8147.4918496
1278	2018-04-17 10:00:00	8158.01700835	8071.0	8151.0	8110.08440221	949414.79192518	117.13696134	8105.16835219
1279	2018-04-17 12:00:00	8145.0	8056.0	8110.18719455	8105.0	667543.85468275	82.3221416	8108.92235926
1280	2018-04-17 14:00:00	8127.38298875	8078.41700836	8105.11856769	8082.85640618	411135.91345327	50.75564231	8100.29968574
1281	2018-04-17 16:00:00	8122.5232293	8082.68630638	8082.92444628	8100.0	548568.63870316	67.66150344	8107.5443319
1282	2018-04-17 18:00:00	8111.78475789	7830.98999999	8100.12003129	7890.0	3228561.825637	407.26920458	7927.34090702
1283	2018-04-17 20:00:00	7939.85015177	7831.901	7890.03401669	7900.33326789	1872324.1917519	237.1696012	7894.45267133
1284	2018-04-17 22:00:00	7914.84690884	7866.00000002	7900.35027914	7891.1	647379.03212017	82.075701	7887.58456196
1285	2018-04-18 00:00:00	7959.00027697	7876.58310513	7893.2	7937.53039437	650634.16821313	81.99811762	7934.74517583
1286	2018-04-18 02:00:00	7962.19999999	7900.45729991	7937.54768588	7941.01768957	595342.25951774	75.07496638	7929.97037793
1287	2018-04-18 04:00:00	7947.86004269	7912.1	7936.07834656	7926.00000028	325353.43918255	41.0216183	7931.2677721
1288	2018-04-18 06:00:00	8177.4625048	7873.93788908	7926.00000045	8105.94181076	3558655.6627696	440.40555578	8080.405926
1289	2018-04-18 08:00:00	8126.96576669	8072.0	8105.94181076	8104.641655	932133.33273557	115.14728611	8095.13940124
1290	2018-04-18 10:00:00	8117.20028804	8080.0	8092.52586607	8103.06916437	568741.08194182	70.21950417	8099.47447884
1291	2018-04-18 12:00:00	8130.0	8057.36748879	8103.98350369	8092.72782195	1308806.4200055	161.65896545	8096.09548324
1292	2018-04-18 14:00:00	8114.0	7980.00000001	8092.74431925	8004.49752044	1579101.3528348	196.50815079	8035.80587617
1293	2018-04-18 16:00:00	8143.62727771	7985.0	8004.91566985	8090.0	1433148.6317593	176.77422362	8107.22628226
1294	2018-04-18 18:00:00	8129.88	8076.94709718	8090.01729096	8128.99999859	659549.8713171	81.32227129	8110.322804
1295	2018-04-18 20:00:00	8234.0	8106.31313988	8120.0	8209.51354506	1891424.1303399	230.87450824	8192.43382371
1296	2018-04-18 22:00:00	8219.99999976	8118.69945012	8195.1532348	8164.19061751	734222.10577207	89.85488901	8171.19818255
1297	2018-04-19 00:00:00	8195.46170062	8110.0	8167.0	8194.91534364	1394659.2124027	171.24041721	8144.45114725
1298	2018-04-19 02:00:00	8289.0	8160.26215408	8192.96613746	8194.9347348	1075878.4497004	130.87773288	8220.48507431
1299	2018-04-19 04:00:00	8198.63840449	8132.62056341	8182.84486571	8183.79295344	698382.24793909	85.48248033	8169.88750493
1300	2018-04-19 06:00:00	8220.5	8103.87643262	8183.92909702	8170.0	1209827.1412316	147.88743056	8180.73000964
1301	2018-04-19 08:00:00	8250.0	8123.38353169	8169.0	8235.49999869	922977.31670266	112.63916154	8194.10677497
1302	2018-04-19 10:00:00	8250.0	8154.0905896	8222.80000088	8193.54485721	1033949.3573628	126.01947146	8204.67936727
1303	2018-04-19 12:00:00	8250.0	8180.25847131	8193.56178895	8222.11060252	1090381.419965	132.53360249	8227.20728539
1304	2018-04-19 14:00:00	8250.8656462	8180.89	8210.837933	8221.39006405	687033.55076439	83.57956686	8220.11379785
1305	2018-04-19 16:00:00	8288.0	8221.39006405	8233.5	8259.5	1381644.5111322	167.26969028	8259.98128423
1306	2018-04-19 18:00:00	8289.95690667	8236.85548769	8252.00000048	8245.0	880509.95906414	106.58585763	8261.03930336
1307	2018-04-19 20:00:00	8280.0	8179.17049319	8243.63	8270.01	704091.33323413	85.54983809	8230.18896299
1308	2018-04-19 22:00:00	8296.99999997	8239.23886605	8270.01	8286.99999791	631054.64852057	76.28063113	8272.80318964
1309	2018-04-20 00:00:00	8389.919097	8270.13545063	8286.99999834	8370.0	2823273.1407012	338.22191352	8347.3986393
1310	2018-04-20 02:00:00	8392.0	8310.28	8370.0	8331.26428559	1126095.275695	134.7944306	8354.16768098
1311	2018-04-20 04:00:00	8344.41314423	8216.00000001	8331.26428559	8260.92729097	1353919.5489333	163.63029164	8274.25982905
1312	2018-04-20 06:00:00	8349.98270904	8255.19898703	8263.05887769	8332.88153377	730912.40689754	87.87360309	8317.76985574
1313	2018-04-20 08:00:00	8350.90890112	8288.0	8320.13557381	8320.77190454	593616.87544984	71.37754112	8316.57782175
1314	2018-04-20 10:00:00	8550.0	8301.86355842	8320.72082546	8518.75829872	3587124.1251878	423.27274711	8474.73443466
1315	2018-04-20 12:00:00	8569.0	8458.01814414	8510.0	8481.00000031	2148000.9483305	252.10757166	8520.17626518
1316	2018-04-20 14:00:00	8514.15150713	8413.0	8497.3	8461.0	1134492.2013652	133.79577938	8479.28243045
1317	2018-04-20 16:00:00	8532.55636355	8445.81996613	8461.0	8500.0	1178122.3179783	138.88924753	8482.4587859
1318	2018-04-20 18:00:00	8536.96279984	8490.0	8495.0	8525.7351	764086.08140862	89.79136541	8509.57191618
1319	2018-04-20 20:00:00	8555.54144749	8490.0	8525.7351	8503.43999677	1925507.6419293	226.43339583	8503.638056
1320	2018-04-20 22:00:00	8920.90530616	8507.17613781	8524.25936564	8860.0	4685578.4816832	533.45561836	8783.44574584
1321	2018-04-21 00:00:00	8875.99999997	8765.97402271	8851.10000069	8811.14999999	3279426.300092	371.34132393	8831.29910074
1322	2018-04-21 02:00:00	8912.23567639	8801.68212587	8810.0	8870.23567639	940959.76802342	106.20801323	8859.59297615
1323	2018-04-21 04:00:00	8882.23567639	8826.70000004	8870.23567638	8859.00000012	749941.00644268	84.648918	8859.42814346
1324	2018-04-21 06:00:00	9019.90000059	8859.02070392	8866.0	8888.0	2340665.4976185	262.21943135	8926.36173287
1325	2018-04-21 08:00:00	8890.00000003	8651.00000001	8888.8888	8710.10000001	5951877.919774	678.47824636	8772.39314849
1326	2018-04-21 10:00:00	8763.13890927	8583.08841264	8710.10000001	8699.50475497	4720738.4795791	544.2249913	8674.24053478
1327	2018-04-21 12:00:00	8778.96700734	8683.94958544	8700.8738704	8759.99999811	1467860.4656888	168.04855484	8734.74018914
1328	2018-04-21 14:00:00	8841.98350368	8734.83878086	8766.59999862	8830.0	908203.25930836	103.28641465	8793.05630257
1329	2018-04-21 16:00:00	8866.8225177	8718.0207039	8832.16511004	8774.85152989	1107569.2938497	125.81448257	8803.19396642
1330	2018-04-21 18:00:00	8817.06752316	8740.0	8762.29926612	8778.23	389814.6325738	44.38085614	8783.39596118
1331	2018-04-21 20:00:00	8816.31894038	8720.0	8774.23250122	8787.9792962	741366.01549746	84.59459367	8763.75171668
1332	2018-04-21 22:00:00	8935.34877783	8766.977758	8769.40269566	8931.99999846	741882.21374008	83.82932143	8849.91314595
1333	2018-04-22 00:00:00	8931.99999991	8796.01584054	8905.20399847	8815.0	591342.97306919	66.82938381	8848.5474406
1334	2018-04-22 02:00:00	8881.17798615	8811.82837766	8821.55797833	8824.2950109	409644.01105554	46.267098	8853.8946414
1335	2018-04-22 04:00:00	8882.00953471	8791.87321402	8820.0	8851.91377765	490575.27655234	55.62857338	8818.76429224
1336	2018-04-22 06:00:00	8899.58964037	8834.44482536	8851.91377584	8863.47184274	512816.63881274	57.80079319	8872.13843462
1337	2018-04-22 08:00:00	8968.63342495	8860.0	8860.00000414	8916.24897556	1144255.7844114	128.2269616	8923.6754122
1338	2018-04-22 10:00:00	9011.76053216	8896.55109467	8916.24897557	8923.3450001	2105906.0936802	234.79093591	8969.28190825
1339	2018-04-22 12:00:00	8960.44852114	8799.84957196	8932.97929619	8870.0	1417024.3229774	159.93494376	8860.00450973
1340	2018-04-22 14:00:00	8989.42952518	8860.0	8864.0514076	8949.72766957	1037799.6519518	116.05980013	8941.93898998
1341	2018-04-22 16:00:00	9027.83932177	8841.001001	8935.42883464	8952.63186185	1013436.2795883	113.34377019	8941.26141992
1342	2018-04-22 18:00:00	8970.49787004	8860.95859113	8940.0	8876.43485133	880125.20298788	98.87072191	8901.77785683
1343	2018-04-22 20:00:00	8917.70907856	8864.06469962	8880.0	8892.89711082	522118.09475133	58.71630665	8892.21622646
1344	2018-04-22 22:00:00	8918.0	8732.0000003	8895.0	8791.99999909	1698312.8006061	192.70675006	8812.93883103
1345	2018-04-23 00:00:00	8875.0	8756.93816833	8782.81550804	8869.94039262	542439.37766447	61.48062115	8822.9326171
1346	2018-04-23 02:00:00	8914.89999999	8829.60730645	8875.68897355	8880.37937466	1229363.5582296	138.23015738	8893.59877418
1347	2018-04-23 04:00:00	8910.09154333	8821.56088973	8858.47126055	8881.0666522	988778.71665209	111.46507997	8870.74873061
1348	2018-04-23 06:00:00	8979.26162193	8838.04553579	8891.36594485	8944.77782501	1098114.9346085	123.19908178	8913.33700497
1349	2018-04-23 08:00:00	8969.87974562	8844.33040747	8942.0	8888.51414259	1263136.7490482	141.94240316	8898.93873097
1350	2018-04-23 10:00:00	8941.77645004	8875.99999998	8888.61414547	8935.08813675	675419.84689733	75.84542749	8905.21510985
1351	2018-04-23 12:00:00	8990.0	8903.30106496	8933.0	8930.38589506	743754.88258239	83.07686554	8952.61126846
1352	2018-04-23 14:00:00	8939.37790959	8860.03119168	8930.38589507	8889.15552248	705135.39939555	79.20064996	8903.15167554
1353	2018-04-23 16:00:00	8942.83095165	8860.90000009	8903.78903973	8871.15552398	608140.43212485	68.37609248	8894.05068449
1354	2018-04-23 18:00:00	8921.48428171	8804.11280701	8888.068208	8859.93334723	701071.95751276	78.97274368	8877.39142448
1355	2018-04-23 20:00:00	8943.87348792	8830.13330451	8859.91684358	8943.87348792	489630.69704845	54.98725604	8904.43954308
1356	2018-04-23 22:00:00	8955.0	8915.1	8943.87348792	8934.97778259	402157.3336738	45.00041915	8936.74639636
1357	2018-04-24 00:00:00	9205.61098505	8915.23330792	8942.93334776	9183.0	3728460.5499547	407.84350308	9141.89026378
1358	2018-04-24 02:00:00	9227.83932177	9170.0	9189.89999974	9173.40000006	930858.75999312	101.23880238	9194.68364016
1359	2018-04-24 04:00:00	9295.0	9172.10000044	9172.10000044	9287.6561448	1674899.501891	181.21386296	9242.66761125
1360	2018-04-24 06:00:00	9289.0	9190.0	9287.6561448	9221.92	1648203.0174744	178.43887421	9236.79341046
1361	2018-04-24 08:00:00	9289.0	9221.92	9222.87999693	9285.00000001	1328138.7978675	143.32230189	9266.79784201
1362	2018-04-24 10:00:00	9350.99999984	9270.99999999	9289.0	9285.0000001	1887192.3921207	202.71820975	9309.43694919
1363	2018-04-24 12:00:00	9410.41189715	9251.2972745	9285.0000001	9260.022	2709211.1089094	291.00093368	9309.97393942
1364	2018-04-24 14:00:00	9366.06524567	9191.6623675	9260.022	9330.57884105	1962858.6638113	211.35566397	9286.99343533
1365	2018-04-24 16:00:00	9414.0	9312.08516877	9343.0790686	9410.0	931591.35105326	99.51719663	9361.10926151
1366	2018-04-24 18:00:00	9467.07948446	9299.77490528	9410.0	9466.99023797	1883618.6635631	200.16488962	9410.33498501
1367	2018-04-24 20:00:00	9499.98869007	9411.85829652	9466.99023797	9459.3484151	2471692.0159163	261.00997137	9469.72256631
1368	2018-04-24 22:00:00	9729.87993246	9449.0	9473.0	9633.63095161	3867928.4916986	402.89376807	9600.36813234
1369	2018-04-25 00:00:00	9679.85569034	9458.79516327	9635.99999999	9612.6124981	3145052.1745231	327.83184816	9593.49188364
1370	2018-04-25 02:00:00	9754.97802829	9322.8082288	9612.63483607	9325.0	3685793.0377171	384.10486566	9595.79887483
1371	2018-04-25 04:00:00	9520.0	9180.0000001	9360.0000001	9399.9	6061090.6411536	649.41368018	9333.17363975
1372	2018-04-25 06:00:00	9479.51612224	9337.2024265	9386.0	9400.46177861	1268468.3301742	134.69665449	9417.22223894
1373	2018-04-25 08:00:00	9448.9	9250.13260777	9409.315	9290.00000001	1630471.8693085	174.99860526	9317.05636674
1374	2018-04-25 10:00:00	9313.77881638	9020.0	9290.00000001	9164.69999986	5087810.0511919	557.74572896	9122.09594267
1375	2018-04-25 12:00:00	9229.16856146	9001.5	9160.0	9047.02197171	2551534.7173279	280.10054591	9109.35288982
1376	2018-04-25 14:00:00	9059.95605659	8779.90578456	9047.02197171	8978.8	6660931.0974907	748.23672329	8902.17078386
1377	2018-04-25 16:00:00	9089.0	8846.81106711	8978.29999998	9043.51822674	2231718.3156529	249.05318573	8960.81015431
1378	2018-04-25 18:00:00	9066.71047923	8950.0	9066.71047923	8957.02197171	947108.8637565	105.26899569	8997.03523861
1379	2018-04-25 20:00:00	9165.0	8968.08980497	8977.93335238	9165.0	2330694.8705486	256.1088166	9100.40857433
1380	2018-04-25 22:00:00	9183.6328245	8770.10010001	9156.53600788	8860.0240739	2860756.0743176	318.16633067	8991.38531815
1381	2018-04-26 00:00:00	8876.89999935	8652.58532314	8876.89999935	8754.0905896	1997812.3447654	228.22049018	8753.86930941
1382	2018-04-26 02:00:00	8905.92716567	8744.201431	8770.90751286	8817.84426239	1161110.0917877	131.07277955	8858.51429849
1383	2018-04-26 04:00:00	8970.0	8805.00000001	8810.0	8880.00000025	884211.91515324	99.4021683	8895.29806316
1384	2018-04-26 06:00:00	8933.3	8775.00000001	8884.51001009	8866.83863136	2531353.822627	286.19924455	8844.72573156
1385	2018-04-26 08:00:00	8881.81642492	8666.00000001	8866.83863136	8750.0	3412147.4219731	389.59040344	8758.29433128
1386	2018-04-26 10:00:00	8935.29999999	8727.5444352	8727.5444352	8850.11067851	2021811.9090255	228.66354656	8841.86368768
1387	2018-04-26 12:00:00	8950.0	8783.00010042	8855.0	8815.02221759	1385986.7265968	156.04227998	8882.12301675
1388	2018-04-26 14:00:00	8909.918539	8734.74000001	8815.04443499	8800.13692187	1516463.1392539	172.07404344	8812.85235668
1389	2018-04-26 16:00:00	8925.19999983	8766.65131278	8800.13692187	8842.13988105	1247067.1628197	140.79791615	8857.1421859
1390	2018-04-26 18:00:00	8898.0	8819.38678138	8849.0	8870.62	532959.95792895	60.17263284	8857.18195755
1391	2018-04-26 20:00:00	9175.0	8870.62	8870.62	9098.16908011	2332048.7880853	256.57684925	9089.08498526
1392	2018-04-26 22:00:00	9299.0	9098.16908011	9098.16908026	9286.0	2114419.8746315	229.42347211	9216.23169236
1393	2018-04-27 00:00:00	9289.99999943	9192.21427187	9286.0	9243.60148616	1966533.7921774	213.03080405	9231.2179966
1394	2018-04-27 02:00:00	9298.90488931	9137.49948888	9243.60148649	9140.00000002	1707080.5915497	184.72283848	9241.30771049
1395	2018-04-27 04:00:00	9232.8829205	9114.19947372	9159.79388016	9171.87265082	1009840.0569779	109.8184007	9195.54510483
1396	2018-04-27 06:00:00	9253.0	9171.87265084	9171.87265084	9227.138	1230697.9346906	133.47507903	9220.43233564
1397	2018-04-27 08:00:00	9375.00000042	9217.0	9229.16033806	9361.0	1586801.4575509	170.56765278	9303.06205009
1398	2018-04-27 10:00:00	9386.0	9293.37058325	9370.8	9300.0	1395145.4784539	149.44342546	9335.60960717
1399	2018-04-27 12:00:00	9348.54080331	9149.3	9293.37058325	9232.84447585	1213705.6158169	131.25114622	9247.20012564
1400	2018-04-27 14:00:00	9273.48575	9200.0	9227.42373693	9239.84651126	1457052.5052509	157.60655829	9244.87230137
1401	2018-04-27 16:00:00	9318.58608999	9224.85427187	9239.84651126	9284.0	928486.40785773	99.90238351	9293.93649316
1402	2018-04-27 18:00:00	9294.95351077	9080.00000001	9284.97572819	9087.0001	1940397.666214	211.09340736	9192.12821698
1403	2018-04-27 20:00:00	9200.83492776	8931.03957393	9080.72221741	8998.41145445	2717103.7744749	300.53913357	9040.76531465
1404	2018-04-27 22:00:00	9081.74578712	8920.00000004	8990.01	8920.01000009	1164287.4253518	129.09893789	9018.56703378
1405	2018-04-28 00:00:00	9092.6253188	8881.05894107	8920.00000001	9079.00951565	1558590.9198221	173.48263307	8984.13225716
1406	2018-04-28 02:00:00	9150.0	9011.58800595	9079.00951565	9135.13432705	831544.98228747	91.48045737	9089.86472295
1407	2018-04-28 04:00:00	9180.1121	9060.39696624	9149.94	9150.00000018	488802.61215842	53.49847584	9136.75772035
1408	2018-04-28 06:00:00	9204.91	9114.49704417	9164.91112975	9144.80832495	460254.64111208	50.22746022	9163.40661256
1409	2018-04-28 08:00:00	9325.0	9077.85561632	9144.78405312	9261.22749165	2290775.5115899	247.38732613	9259.8741715
1410	2018-04-28 10:00:00	9300.00000001	9200.0	9276.30357878	9212.0	867705.79390358	93.82809374	9247.82503104
1411	2018-04-28 12:00:00	9399.0	9201.0	9212.0	9384.0	2258187.5689904	241.34005605	9356.87016051
1412	2018-04-28 14:00:00	9428.99999999	9254.52301	9384.0	9349.78944294	1703255.7498749	182.32195735	9342.02207255
1413	2018-04-28 16:00:00	9380.0	9270.0	9350.0	9292.55376289	595931.98060647	63.86067948	9331.75132897
1414	2018-04-28 18:00:00	9411.29768432	9292.0	9292.55376289	9390.00011004	522349.98070564	55.66137268	9384.42506096
1415	2018-04-28 20:00:00	9430.77714092	9261.0	9382.97572886	9293.51225819	988325.70601805	105.74810341	9346.03717842
1416	2018-04-28 22:00:00	9387.18480414	9295.0	9295.0	9330.76125733	312025.41003457	33.38626034	9345.92274956
1417	2018-04-29 00:00:00	9514.74201069	9341.0	9358.16229919	9474.91436552	2892548.9330773	305.63301189	9464.12468728
1418	2018-04-29 02:00:00	9580.0	9442.21454465	9473.57807383	9484.97757702	1182912.4497463	124.44617053	9505.41462793
1419	2018-04-29 04:00:00	9518.50949021	9378.45555555	9485.02233812	9420.00000013	579664.38044276	61.29797015	9456.50205095
1420	2018-04-29 06:00:00	9499.99999999	9411.0	9420.04471878	9433.99	342811.96545409	36.24537459	9458.08863425
1421	2018-04-29 08:00:00	9468.99999896	9230.0	9433.9900046	9293.0	1996777.9750997	214.43301957	9311.89599019
1422	2018-04-29 10:00:00	9309.97761925	9168.08572389	9293.0	9241.62233809	1276473.6885718	138.49275952	9216.89836346
1423	2018-04-29 12:00:00	9322.0	9210.45921449	9241.8	9320.99999953	1983682.3768395	214.10013649	9265.208371
1424	2018-04-29 14:00:00	9360.0	9274.46400029	9320.9998335	9343.75113639	720863.82537816	77.33899551	9320.83253247
1425	2018-04-29 16:00:00	9352.21590889	9236.82767505	9343.70646009	9348.49999696	605962.74237135	65.15326085	9300.57428386
1426	2018-04-29 18:00:00	9351.1299	9300.2185623	9345.39999949	9318.30493	397728.79655585	42.60333653	9335.62553899
1427	2018-04-29 20:00:00	9352.23824826	9287.0	9318.30493	9326.0	689402.63390231	74.03772506	9311.50482194
1428	2018-04-29 22:00:00	9434.85660925	9323.52484455	9344.5063767	9423.79999636	673701.8805792	71.61777759	9406.90849744
1429	2018-04-30 00:00:00	9441.9	9347.13247199	9423.79999636	9400.5772152	483019.34620989	51.40020912	9397.22531249
1430	2018-04-30 02:00:00	9454.0	9254.0	9401.98747419	9290.93399845	952583.70757632	101.79665093	9357.71166215
1431	2018-04-30 04:00:00	9352.75274786	9258.0	9261.00000251	9340.32168197	253611.38339152	27.24245659	9309.41681245
1432	2018-04-30 06:00:00	9367.96831528	9180.0	9340.32168198	9216.01014942	1194455.473402	129.1351006	9249.65766745
1433	2018-04-30 08:00:00	9250.00282516	9101.0	9215.91014942	9215.0	1317935.886921	143.70797906	9170.93049071
1434	2018-04-30 10:00:00	9289.04394357	9178.87708176	9218.0	9265.0	651619.33914042	70.51219764	9241.22862355
1435	2018-04-30 12:00:00	9327.16333942	9260.40213118	9265.04467644	9275.72	496499.49490014	53.38143293	9300.97728083
1436	2018-04-30 14:00:00	9311.69999999	9245.000001	9275.72427572	9307.0	667710.25945398	71.98186671	9276.08979833
1437	2018-04-30 16:00:00	9350.00000001	9259.00000001	9310.0	9315.18129516	474019.45153511	50.89729372	9313.25453456
1438	2018-04-30 18:00:00	9364.69424225	9275.40628243	9315.22646875	9309.54934296	605571.93503761	64.92114759	9327.80700153
1439	2018-04-30 20:00:00	9344.38342685	9208.00000001	9320.66914954	9240.0	637508.50124963	68.83581154	9261.29128119
1440	2018-04-30 22:00:00	9293.4	9158.54320134	9243.05731777	9218.79293079	1058491.7651186	114.63853752	9233.29787711
