	date	high	low	open	close	volume	quoteVolume	weightedAverage
0	2018-04-30 22:00:00	9218.79293079	9218.79293079	9218.79293079	9218.79293079	0.0	0.0	9218.79293079
1	2018-05-01 00:00:00	9235.38	8888.18	9235.38	8945.0	5805384.0910671	644.95225348	9001.26181394
2	2018-05-01 04:00:00	9018.59006467	8906.0	8945.0	8988.22907615	1622093.8390085	180.89818463	8966.88843133
3	2018-05-01 08:00:00	9073.03520501	8962.2775372	8988.22907537	8978.0	1340444.2824895	148.46787009	9028.51426155
4	2018-05-01 12:00:00	9000.78866117	8823.0	8978.0	8921.68634317	2543099.4732723	285.78495851	8898.64703352
5	2018-05-01 16:00:00	9035.11487422	8907.17313902	8931.60794478	8996.97471057	892254.97367606	99.37543911	8978.62672776
6	2018-05-01 20:00:00	9112.0	8970.26304176	8988.0	9070.97331262	1590776.0725623	175.4039475	9069.21477672
7	2018-05-02 00:00:00	9111.0	8967.2763848	9081.58477857	9045.09226098	661316.97164848	73.15437657	9040.01923952
8	2018-05-02 04:00:00	9197.0	9039.47712473	9045.09226098	9150.66005803	1675227.5735957	183.79128951	9114.83660657
9	2018-05-02 08:00:00	9200.0	9111.2004188	9160.0	9176.99999701	944887.79521064	103.16306415	9159.16760514
10	2018-05-02 12:00:00	9181.88	9000.0	9170.0	9147.56458779	3074203.7056664	339.25657935	9061.5890532
11	2018-05-02 16:00:00	9178.06919219	9079.9	9160.0	9120.00000372	899713.01754079	98.55760031	9128.80401623
12	2018-05-02 20:00:00	9279.99999996	9100.06809985	9125.0	9245.0	1749024.4627431	189.62636026	9223.53021143
13	2018-05-03 00:00:00	9287.8371948	9197.24	9245.0	9265.5108029	1423958.7572123	154.0286297	9244.76676826
14	2018-05-03 04:00:00	9300.81206059	9160.0	9250.00000211	9245.17839298	2671104.4160832	289.42152456	9229.11459382
15	2018-05-03 08:00:00	9258.00000003	9180.00000001	9245.1783936	9196.63968836	1103508.6348517	119.74341586	9215.61011873
16	2018-05-03 12:00:00	9488.000001	9196.15633764	9205.61372559	9441.0	3998928.2384168	425.67636775	9394.29233423
17	2018-05-03 16:00:00	9763.015	9430.0	9435.77943088	9679.9777824	6003309.8972042	623.16343958	9633.60414925
18	2018-05-03 20:00:00	9822.51833374	9630.42189274	9679.9777824	9746.08286219	2610300.3790116	268.03698493	9738.58282913
19	2018-05-04 00:00:00	9766.18449487	9537.0	9756.0	9587.39361171	3351541.1950572	348.75499667	9610.01627807
20	2018-05-04 04:00:00	9727.8141318	9587.39361171	9592.34744375	9695.04690287	963952.84837024	99.83505396	9655.45477399
21	2018-05-04 08:00:00	9820.0	9661.00010004	9694.99999975	9768.75552384	2128637.3160513	218.33694307	9749.32270334
22	2018-05-04 12:00:00	9791.70000075	9577.7735524	9768.75552384	9622.99999933	2234768.8159906	230.98787061	9674.83188657
23	2018-05-04 16:00:00	9710.0	9582.689617	9612.0	9677.0	1648000.4129263	170.99238386	9637.8585743
24	2018-05-04 20:00:00	9775.10123575	9653.51251333	9677.0	9719.99999895	1644025.2429629	168.99801179	9728.07446401
25	2018-05-05 00:00:00	9929.16055701	9690.19107228	9716.34555274	9840.0	2324650.0872146	236.89336168	9813.0655529
26	2018-05-05 04:00:00	9891.0	9787.03014413	9839.9769164	9801.54192672	1400601.0389049	142.58677229	9822.79784029
27	2018-05-05 08:00:00	9966.0	9801.54192672	9801.54192672	9890.0	4023181.223876	406.47859545	9897.64594965
28	2018-05-05 12:00:00	9994.48298795	9880.04616759	9891.0	9926.1	2154234.2219287	216.31983734	9958.56065915
29	2018-05-05 16:00:00	9965.93100771	9830.63572132	9926.9769264	9873.0402063	1577879.0906051	159.61216959	9885.70667674
30	2018-05-05 20:00:00	9889.53036338	9736.26240313	9884.13953516	9878.36795403	2081537.4104245	212.57228947	9792.13902063
31	2018-05-06 00:00:00	9975.0	9850.0	9880.0	9900.0	1495525.4811017	150.88493742	9911.69500861
32	2018-05-06 04:00:00	9934.0	9579.50500873	9903.93182251	9725.82850044	3212719.4398748	330.30270985	9726.59122698
33	2018-05-06 08:00:00	9730.0	9507.95992845	9725.82849992	9600.82475738	2450481.5409126	255.4689948	9592.08980655
34	2018-05-06 12:00:00	9640.0	9478.0	9575.96218567	9519.0	2891933.7289238	302.21095854	9569.25500946
35	2018-05-06 16:00:00	9651.0	9504.59623885	9547.77273535	9550.0	985445.04486047	102.67969549	9597.2727632
36	2018-05-06 20:00:00	9670.39909132	9528.0	9565.49999841	9669.9999996	1581106.3746659	164.46420145	9613.68103651
37	2018-05-07 00:00:00	9689.889576	9253.0	9670.0	9333.00050014	5192399.8198863	553.03648506	9388.89198119
38	2018-05-07 04:00:00	9398.0	9257.0	9335.00050001	9323.01252783	1839083.7244344	196.90774636	9339.82414826
39	2018-05-07 08:00:00	9431.6591396	9254.867864	9309.96296008	9339.95339233	2616445.5919665	280.64288906	9323.0425354
40	2018-05-07 12:00:00	9377.0	9180.00000002	9321.31077079	9354.99999925	2904216.1493788	313.04972647	9277.1719756
41	2018-05-07 16:00:00	9464.99999999	9335.00100687	9354.99989925	9421.00050018	1765521.7439533	187.82223704	9399.96121746
42	2018-05-07 20:00:00	9461.3518402	9267.9851	9438.99999969	9390.0	1788146.4693682	190.7644366	9373.5839931
43	2018-05-08 00:00:00	9474.0	9354.21525821	9389.99999978	9430.0	1126535.2542763	119.39728064	9435.18351705
44	2018-05-08 04:00:00	9452.13188502	9307.90842829	9430.04469873	9383.49083087	2042867.9322289	217.93981707	9373.54155699
45	2018-05-08 08:00:00	9417.40386718	9190.00000004	9383.49083087	9211.1571232	3923100.6302226	422.37292728	9288.23884496
46	2018-05-08 12:00:00	9211.15712328	9056.20692385	9207.834992	9200.38530247	4723738.4346321	517.43216814	9129.19359384
47	2018-05-08 16:00:00	9270.0	9090.0	9200.38530247	9255.02272584	1679900.8151765	183.18548242	9170.49098533
48	2018-05-08 20:00:00	9259.0	9154.0	9240.0	9201.0	713309.19631426	77.4133421	9214.29274288
49	2018-05-09 00:00:00	9200.99999971	9004.0	9200.99999971	9033.00000001	2319369.8253911	255.01270361	9095.11484156
50	2018-05-09 04:00:00	9099.0	8970.9	9033.00000001	9029.20837701	2194741.5692132	242.519899	9049.7380968
51	2018-05-09 08:00:00	9268.0441295	9022.0	9029.20837701	9249.99999647	2243774.0120242	244.6328455	9172.00634869
52	2018-05-09 12:00:00	9334.99999998	9242.66962469	9249.99999647	9285.54000085	1813787.8802711	195.25748124	9289.21068095
53	2018-05-09 16:00:00	9376.0	9258.00008	9305.70532793	9292.112	1519283.7576831	162.8932413	9326.86798763
54	2018-05-09 20:00:00	9351.21610081	9236.0000001	9292.112	9300.40000001	1706153.7929015	183.06038922	9320.16915385
55	2018-05-10 00:00:00	9378.8	9288.0	9317.60720751	9340.0	847158.20509732	90.76287032	9333.75291141
56	2018-05-10 04:00:00	9379.0	9264.6	9329.00322061	9355.04669391	583989.00577058	62.59011636	9330.37098719
57	2018-05-10 08:00:00	9390.0	9317.64573152	9355.04669391	9332.66131503	674759.1020146	72.1424287	9353.15201017
58	2018-05-10 12:00:00	9402.37950456	9317.6223403	9356.22999801	9345.0	1480356.1133853	158.18441997	9358.41920251
59	2018-05-10 16:00:00	9378.0	9055.00000001	9345.0	9075.00000017	3759197.0232073	410.37310138	9160.43719865
60	2018-05-10 20:00:00	9138.83542956	8995.0	9075.07017527	9020.0	2120287.3015706	234.05265415	9059.01840451
61	2018-05-11 00:00:00	9021.0	8863.63055527	9020.0	8948.04	2703264.8830438	302.9317047	8923.6776511
62	2018-05-11 04:00:00	9026.92553121	8680.69502539	8930.0	8733.21314575	5923193.4603654	670.40111674	8835.2977232
63	2018-05-11 08:00:00	8834.23049998	8621.0	8733.19016215	8621.0	4184472.4189992	478.48031618	8745.33868478
64	2018-05-11 12:00:00	8670.0	8472.42693648	8621.0	8570.0	4035222.370835	471.65960005	8555.3699541
65	2018-05-11 16:00:00	8684.29210967	8551.8	8570.09	8606.97660823	1172794.6589184	136.16389113	8613.1106359
66	2018-05-11 20:00:00	8638.13500518	8355.0	8592.8	8385.23146603	2719630.8906821	323.03677907	8418.95123679
67	2018-05-12 00:00:00	8477.98044604	8355.0	8409.99999971	8409.67526496	963880.16747376	114.36737516	8427.92943464
68	2018-05-12 04:00:00	8440.0	8152.1	8410.7293875	8321.03	4546993.4457265	549.95568304	8267.9270093
69	2018-05-12 08:00:00	8585.99410699	8211.0571727	8321.03	8539.99999924	3497329.6309068	413.98447721	8447.97286718
70	2018-05-12 12:00:00	8636.48351648	8284.63362137	8539.99999475	8339.79	2054944.442448	242.48977043	8474.35518126
71	2018-05-12 16:00:00	8500.0	8256.53827128	8332.0	8474.7539692	1153565.4414944	137.9930628	8359.59009886
72	2018-05-12 20:00:00	8541.63089752	8327.37603388	8491.68435415	8471.75248934	1713270.8652853	202.74570099	8450.34374055
73	2018-05-13 00:00:00	8520.0	8351.00000004	8443.91022179	8436.86879444	694249.12474676	82.44650122	8420.60141393
74	2018-05-13 04:00:00	8495.50596184	8311.00388856	8446.99105145	8450.00000001	566743.25749738	67.46366754	8400.71816672
75	2018-05-13 08:00:00	8616.8	8383.396	8450.0000031	8562.0	1361972.5774339	159.7496925	8525.66634789
76	2018-05-13 12:00:00	8655.0	8501.0	8550.7382297	8619.97753906	1323743.540273	154.15062353	8587.33821479
77	2018-05-13 16:00:00	8689.95272583	8556.73599404	8629.99999998	8630.09470308	1311308.6059877	151.92833114	8631.09991499
78	2018-05-13 20:00:00	8750.0	8620.12405635	8630.09470308	8701.6132838	1541847.4614783	177.04456979	8708.80967039
79	2018-05-14 00:00:00	8703.0	8376.07388178	8673.43452866	8397.7568	1709482.8183463	199.58494455	8565.18923409
80	2018-05-14 04:00:00	8427.1601106	8275.00000001	8380.81545263	8356.98450153	1945539.2921678	233.12581924	8345.44752919
81	2018-05-14 08:00:00	8451.13111111	8324.95049019	8357.8	8435.59999996	1294145.1551273	154.40602882	8381.44187126
82	2018-05-14 12:00:00	8822.35000001	8303.22381945	8435.314926	8799.2299991	4539588.5116202	525.94671442	8631.27078686
83	2018-05-14 16:00:00	8809.14000207	8700.0	8798.92	8755.0	1069689.5102914	122.17067442	8755.69784131
84	2018-05-14 20:00:00	8882.0	8600.0	8754.99999999	8671.0	1554268.2966156	177.8859892	8737.44078218
85	2018-05-15 00:00:00	8751.09147036	8625.00000001	8650.00000566	8712.52326148	890251.82459858	102.48789774	8686.40926616
86	2018-05-15 04:00:00	8784.1	8669.20784369	8702.0	8739.0	645206.08138405	73.82478943	8739.69416459
87	2018-05-15 08:00:00	8866.86022463	8633.23465677	8748.58013909	8754.08293789	1531140.2881043	175.04427953	8747.15981702
88	2018-05-15 12:00:00	8786.75801354	8480.0	8763.44146894	8516.78290135	1911015.2753053	222.54491032	8587.09944234
89	2018-05-15 16:00:00	8586.72469374	8433.36	8516.78290135	8560.53056342	2200711.2834678	258.77598228	8504.31042354
90	2018-05-15 20:00:00	8555.0000003	8420.0	8555.0000003	8449.74000183	1241130.4861985	146.34101273	8481.08444136
91	2018-05-16 00:00:00	8484.70466449	8079.000001	8462.67000131	8140.0	4117964.5266477	497.44509485	8278.2292343
92	2018-05-16 04:00:00	8242.11111	8140.0	8140.00000001	8199.4583808	1224472.2156418	149.35567354	8198.36425774
93	2018-05-16 08:00:00	8423.79999998	8180.0	8203.72586569	8355.02000001	1420992.481857	170.97604801	8311.0616861
94	2018-05-16 12:00:00	8379.38815255	8121.30712332	8355.02	8280.99999999	2499776.3655357	303.334614	8240.98619201
95	2018-05-16 16:00:00	8342.19789258	8200.0	8273.43636441	8246.9324	1246827.0401646	150.38498556	8290.90108644
96	2018-05-16 20:00:00	8353.15064983	8212.0	8246.9324	8336.80381573	1430021.5614346	172.66137118	8282.23216149
97	2018-05-17 00:00:00	8471.74999999	8314.21446043	8341.95055587	8334.7043837	1314439.7107316	156.89298389	8377.93812152
98	2018-05-17 04:00:00	8382.0	8201.00000001	8348.34916304	8248.0	1460590.0365552	175.39973632	8327.20770965
99	2018-05-17 08:00:00	8321.34364997	8231.0	8248.0	8289.68418522	722227.73695481	87.25349227	8277.35048953
100	2018-05-17 12:00:00	8355.0	8233.5	8300.0	8296.10888301	635852.16026977	76.6704465	8293.31495114
101	2018-05-17 16:00:00	8325.91727768	8120.0	8296.04296578	8173.74484339	1169766.0874769	142.3096897	8219.86254023
102	2018-05-17 20:00:00	8233.39846794	7989.0	8173.0	8050.0	2345494.0437304	290.90019241	8062.88240753
103	2018-05-18 00:00:00	8064.11938857	7920.0	8053.273328	7990.88474835	1180023.269458	147.81351149	7983.18947681
104	2018-05-18 04:00:00	8169.99999911	7966.54830434	8000.0	8086.08472415	1750216.1714428	217.06320106	8063.16392136
105	2018-05-18 08:00:00	8150.0	8061.36802273	8086.08472416	8094.38835863	1023620.2262169	126.24185146	8108.40631992
106	2018-05-18 12:00:00	8134.89408868	8040.18389843	8094.28195142	8103.29106086	1123507.5935193	138.80003557	8094.43303746
107	2018-05-18 16:00:00	8265.0	8079.30779705	8115.87020332	8234.06516396	1620381.5489959	197.82215827	8191.10236773
108	2018-05-18 20:00:00	8264.99999999	8200.00000001	8234.78315703	8240.0	537170.99358	65.22169105	8236.07890154
109	2018-05-19 00:00:00	8259.94999996	8163.89999738	8244.0	8230.08566563	789034.81781061	96.10582243	8210.06259412
110	2018-05-19 04:00:00	8259.90964538	8135.0	8238.9845155	8164.1885702	440361.14679783	53.60681609	8214.64841445
111	2018-05-19 08:00:00	8365.21943672	8146.4	8173.69061683	8365.21943672	792558.73468664	95.97824878	8257.69114107
112	2018-05-19 12:00:00	8390.0	8281.082	8365.21943672	8300.24511231	1148555.9455871	137.97442671	8324.41179843
113	2018-05-19 16:00:00	8325.78298132	8270.5	8312.0	8291.5743797	574997.23785587	69.28668032	8298.81349777
114	2018-05-19 20:00:00	8318.61678373	8175.75357	8300.31471331	8219.5	1025867.9525086	124.45803202	8242.6817768
115	2018-05-20 00:00:00	8287.66926152	8156.85537637	8226.79361551	8242.0	754956.85959351	91.77372844	8226.28515182
116	2018-05-20 04:00:00	8280.0	8223.7975341	8249.95828076	8254.01356271	267952.38328759	32.4416472	8259.51844046
117	2018-05-20 08:00:00	8383.3	8247.40000001	8265.53175386	8337.34500411	1035925.6051765	124.25793463	8336.89702199
118	2018-05-20 12:00:00	8388.10942176	8280.90000017	8337.34500411	8377.04118829	875025.54380951	104.99829784	8333.7117059
119	2018-05-20 16:00:00	8550.33896226	8377.04118828	8380.0	8506.14638223	2765434.6902082	325.28905612	8501.46858057
120	2018-05-20 20:00:00	8585.0	8481.63728857	8516.02840618	8525.00000001	1082747.7368528	126.86572143	8534.59645874
121	2018-05-21 00:00:00	8550.0	8452.0	8529.14120759	8500.06120433	665938.19782217	78.41897292	8492.05457589
122	2018-05-21 04:00:00	8580.0	8480.80244598	8505.66343688	8521.15583866	1050742.3581261	123.20030198	8528.73200178
123	2018-05-21 08:00:00	8537.37791285	8434.0	8530.0	8481.0	1193582.2851627	140.7468896	8480.34573662
124	2018-05-21 12:00:00	8514.14157726	8360.0	8481.00000001	8403.67384951	1475389.4533403	175.28740757	8416.9734369
125	2018-05-21 16:00:00	8417.41283059	8309.88	8404.08479343	8383.93768818	1192997.7018697	142.66528445	8362.21444108
126	2018-05-21 20:00:00	8440.0	8362.1	8375.0	8381.24277848	483435.54460625	57.58463741	8395.21730707
127	2018-05-22 00:00:00	8400.0	8264.68372133	8390.0	8318.10562936	1189518.2325025	143.10387282	8312.27142258
128	2018-05-22 04:00:00	8360.7	8275.0	8319.0	8319.7	1196314.6090672	143.85441465	8316.14804438
129	2018-05-22 08:00:00	8322.61152823	8200.16026604	8318.76749045	8212.34712798	1752435.7172033	212.24709981	8256.58262832
130	2018-05-22 12:00:00	8250.0	8138.26	8203.0	8228.0	1758468.9128366	214.46956271	8199.1537196
131	2018-05-22 16:00:00	8250.14594994	8162.94197453	8232.72961666	8175.0	865900.52080922	105.52149274	8205.91614395
132	2018-05-22 20:00:00	8215.10004767	7955.0	8180.0	7985.23121618	2821894.917161	349.84806233	8066.05844367
133	2018-05-23 00:00:00	8033.00182348	7859.63643051	7986.23121619	7950.08450042	1875656.73493	236.97496657	7914.99947052
134	2018-05-23 04:00:00	7954.0	7810.0	7954.0	7844.97903811	2010762.7722093	255.06452706	7883.34934452
135	2018-05-23 08:00:00	7904.0163483	7800.0	7843.88827887	7850.13326173	2676464.1005109	341.27108189	7842.63373763
136	2018-05-23 12:00:00	7937.30548386	7658.0	7849.95964528	7708.0	3286492.6299161	421.20658134	7802.5671381
137	2018-05-23 16:00:00	7708.00000001	7430.0	7708.00000001	7590.1104467	5763785.3899656	762.33651771	7560.68383983
138	2018-05-23 20:00:00	7650.00417045	7447.75004985	7593.0	7508.99999979	3630814.8260144	480.7519541	7552.36623595
139	2018-05-24 00:00:00	7649.0	7499.64723025	7499.64723025	7618.66291011	2268016.4343547	298.75540063	7591.5495739
140	2018-05-24 04:00:00	7720.56403461	7530.0	7612.11979256	7538.13249616	1677106.8477565	219.29194903	7647.8268134
141	2018-05-24 08:00:00	7554.88940343	7260.0	7550.85597339	7369.8549153	4056220.6526791	550.32530476	7370.58721013
142	2018-05-24 12:00:00	7569.03196145	7275.93789992	7369.77323905	7566.51001733	2497593.1802981	334.1670501	7474.08572913
143	2018-05-24 16:00:00	7627.3960661	7431.68169708	7554.56082603	7588.0	2163358.3361267	286.37957383	7554.16424151
144	2018-05-24 20:00:00	7615.0	7467.90887141	7591.15850179	7575.00000126	1165599.2947204	154.4462936	7546.95543383
145	2018-05-25 00:00:00	7647.56598436	7512.67234736	7575.69842051	7598.99887799	735007.77450585	96.97561629	7579.30501114
146	2018-05-25 04:00:00	7646.99999998	7360.0	7593.60317632	7424.91923486	2223729.2983374	296.96258543	7488.24736664
147	2018-05-25 08:00:00	7475.20055437	7337.4983627	7430.454632	7453.38340587	1690877.893229	228.24049067	7408.31693914
148	2018-05-25 12:00:00	7530.70046064	7424.59475013	7462.76964365	7487.37159196	1096781.0990975	146.53672064	7484.68434606
149	2018-05-25 16:00:00	7497.93023307	7360.0	7495.0	7423.19357494	1409300.9818443	189.69739821	7429.20564616
150	2018-05-25 20:00:00	7493.8	7354.62920472	7423.17477468	7450.00000188	749475.22309215	101.25179695	7402.09305581
151	2018-05-26 00:00:00	7469.0	7406.64546291	7460.15	7427.86035917	596444.79378535	80.18473855	7438.38297126
152	2018-05-26 04:00:00	7617.26184739	7377.03852033	7428.3490613	7554.4212214	1578485.6557861	210.29654949	7505.99883647
153	2018-05-26 08:00:00	7568.77923589	7516.55741479	7559.65630563	7528.88691801	635371.2230691	84.27373124	7539.37453249
154	2018-05-26 12:00:00	7554.99999999	7477.49536999	7528.88691801	7537.0282825	1236643.4776286	164.53593867	7515.94750438
155	2018-05-26 16:00:00	7566.01888733	7514.1615929	7538.96112448	7524.8699964	523872.28097678	69.46878581	7541.11756623
156	2018-05-26 20:00:00	7613.09107269	7299.00000001	7525.26719999	7331.75686948	1426295.1313774	192.49265971	7409.60789635
157	2018-05-27 00:00:00	7331.75686948	7222.1	7331.75686948	7294.50003749	1795301.3852397	247.21239907	7262.18179991
158	2018-05-27 04:00:00	7349.05330633	7260.0	7290.0	7319.48669285	541276.16913827	74.25188204	7289.7299606
159	2018-05-27 08:00:00	7387.4423188	7242.78758577	7315.1299994	7330.11255044	575258.64175807	78.71819592	7307.8229885
160	2018-05-27 12:00:00	7344.16276771	7282.63021735	7340.29806771	7329.9999998	944218.58234761	128.89283483	7325.60955458
161	2018-05-27 16:00:00	7395.0	7274.0208494	7329.99999982	7300.0	926082.17266366	126.31697761	7331.41490705
162	2018-05-27 20:00:00	7370.36031608	7294.00245827	7300.0	7347.47616732	479416.10118197	65.46471772	7323.27454969
163	2018-05-28 00:00:00	7450.0	7316.00000001	7352.05866919	7377.94407962	971563.37681069	131.75249541	7374.15541001
164	2018-05-28 04:00:00	7383.31315242	7155.0	7374.05740766	7222.53670105	3497178.2834205	483.91217821	7226.88628411
165	2018-05-28 08:00:00	7229.77	7188.01792829	7211.55666656	7199.99999646	1045707.9022883	145.09071139	7207.2697988
166	2018-05-28 12:00:00	7305.99999999	7162.0377748	7199.9999955	7229.63344428	876361.74270296	120.93682314	7246.44256355
167	2018-05-28 16:00:00	7245.0	7183.66036464	7215.82130929	7227.24083261	746206.73071083	103.42491889	7214.96075336
168	2018-05-28 20:00:00	7241.43899532	7059.19	7230.62042971	7100.0	2096344.6133312	294.31791174	7122.72182463
169	2018-05-29 00:00:00	7132.51455699	7055.0	7110.27109751	7121.57669918	1108704.2523479	156.46838647	7085.80357579
170	2018-05-29 04:00:00	7150.0	7055.0	7122.12809999	7140.20387004	1113332.7298179	156.79486909	7100.56863645
171	2018-05-29 08:00:00	7490.5464622	7099.27792719	7148.19414837	7398.9999999	4261309.3302162	581.46890364	7328.52488506
172	2018-05-29 12:00:00	7473.98005063	7384.46545875	7395.73950029	7428.2702155	2666837.5802475	359.16427302	7425.11931329
173	2018-05-29 16:00:00	7531.00388855	7412.11491569	7428.2702155	7468.27884648	1590034.6566546	212.96181726	7466.28985943
174	2018-05-29 20:00:00	7525.0	7400.0	7468.27945908	7456.49341186	882537.33486493	118.15488065	7469.32610832
175	2018-05-30 00:00:00	7556.23433461	7433.22803273	7463.6089913	7485.22801667	1410212.9475988	187.46719871	7522.45169983
176	2018-05-30 04:00:00	7523.12468133	7429.81837975	7485.11479699	7484.5308959	1504945.6788602	200.85985607	7492.51596762
177	2018-05-30 08:00:00	7538.19353019	7447.31880023	7484.78572843	7501.23746619	579426.36445093	77.371104	7488.92460486
178	2018-05-30 12:00:00	7539.11852221	7320.0	7507.99474561	7330.00000001	2123283.574763	287.72608114	7379.53113722
179	2018-05-30 16:00:00	7355.70734423	7272.20810307	7330.0	7318.20572055	1354388.0579925	185.3975717	7305.31713858
180	2018-05-30 20:00:00	7394.68330965	7318.20572055	7318.24999999	7381.00000001	502381.18902221	68.30696146	7354.75826012
181	2018-05-31 00:00:00	7384.32041284	7337.2958179	7384.17186741	7373.54671975	725462.96039896	98.54993326	7361.37444644
182	2018-05-31 04:00:00	7599.0	7353.10881074	7373.54671895	7559.25628262	2436101.639832	324.01216534	7518.54992011
183	2018-05-31 08:00:00	7575.65737725	7511.53094858	7559.23852206	7529.96010711	665271.32016149	88.23639255	7539.64776817
184	2018-05-31 12:00:00	7582.99999967	7494.93789992	7535.0	7551.00000163	1565660.8557214	207.87253698	7531.8311811
185	2018-05-31 16:00:00	7595.5949739	7534.8355081	7556.79115615	7542.01992929	1608742.0444623	212.71012849	7563.07212958
186	2018-05-31 20:00:00	7564.64901805	7435.65689832	7551.065808	7489.99999999	784167.18675874	104.51908212	7502.62220881
187	2018-06-01 00:00:00	7533.48153014	7468.901543	7489.99999999	7488.78130138	319268.01852551	42.56649447	7500.45364319
188	2018-06-01 04:00:00	7600.0	7465.2	7488.78130138	7571.0	876865.9895784	116.16249091	7548.6155876
189	2018-06-01 08:00:00	7598.13025182	7379.060643	7579.9426913	7379.060643	884288.76192175	117.78716289	7507.51389391
190	2018-06-01 12:00:00	7455.81176849	7350.84342703	7379.060643	7437.51702237	1357397.0954652	183.30176486	7405.25928106
191	2018-06-01 16:00:00	7466.06893375	7390.00000014	7439.28126296	7442.83153633	915796.0374053	123.36070989	7423.72541647
192	2018-06-01 20:00:00	7536.60177576	7410.46324083	7443.0	7529.99999984	548889.65786535	73.35967507	7482.17133379
193	2018-06-02 00:00:00	7533.944	7446.97004431	7529.99999985	7501.04887542	442203.61107383	58.98501724	7496.88025477
194	2018-06-02 04:00:00	7689.72738929	7472.76321717	7501.04887542	7642.17612837	1457649.6614794	192.19398631	7584.26259564
195	2018-06-02 08:00:00	7710.0	7610.00000001	7647.98153389	7652.98153315	949762.64232328	123.94501434	7662.77407268
196	2018-06-02 12:00:00	7684.36312518	7566.79162892	7652.96306594	7614.62498844	1241658.4406845	162.66297724	7633.31928231
197	2018-06-02 16:00:00	7673.05752724	7593.79508046	7623.91531709	7668.70484082	921137.3391276	120.5124365	7643.50440402
198	2018-06-02 20:00:00	7671.81817093	7612.50000002	7670.77664643	7644.22813214	1193669.2248934	156.29403299	7637.33075446
199	2018-06-03 00:00:00	7686.16049139	7596.15218141	7644.1249646	7652.74633037	1450538.7788857	189.53594364	7653.10658774
200	2018-06-03 04:00:00	7771.9651282	7630.02666107	7644.1700732	7722.23672455	960277.4831616	124.65086438	7703.7370574
201	2018-06-03 08:00:00	7771.9	7701.0	7714.13777782	7715.0	1177084.1163397	152.11408482	7738.16650662
202	2018-06-03 12:00:00	7749.05866357	7690.0	7715.01871622	7724.6	1524973.9437545	197.82168952	7708.83085396
203	2018-06-03 16:00:00	7730.03760355	7651.40860713	7724.60000001	7700.50563249	1226966.9133729	159.54226579	7690.54461711
204	2018-06-03 20:00:00	7732.66525946	7682.12600488	7703.91249544	7710.0	421477.54722737	54.6817066	7707.83454712
205	2018-06-04 00:00:00	7757.55	7675.00000001	7710.0	7693.45447213	1085692.9524533	140.70879286	7715.88562722
206	2018-06-04 04:00:00	7701.24563169	7577.0	7701.18919464	7594.19149141	1254465.9939547	164.48840948	7626.4704481
207	2018-06-04 08:00:00	7624.80633044	7475.0	7600.81187301	7512.356188	2242957.6381971	296.88747673	7554.90821944
208	2018-06-04 12:00:00	7533.14835968	7448.39307872	7512.356188	7497.35	1160541.2390487	154.95341479	7489.61383407
209	2018-06-04 16:00:00	7514.86977851	7453.22873138	7490.78102343	7500.22885874	2009818.3335664	268.08788589	7496.86367548
210	2018-06-04 20:00:00	7549.5	7463.0	7500.22885874	7487.93552169	1598746.6080158	213.06081747	7503.71010024
211	2018-06-05 00:00:00	7512.69999996	7388.0	7498.18208824	7404.53168248	1424280.3208134	191.76325438	7427.2848853
212	2018-06-05 04:00:00	7453.49999996	7375.0	7412.0	7402.1615315	1313286.5153421	177.10350788	7415.3613955
213	2018-06-05 08:00:00	7466.73009066	7399.9	7406.17812014	7420.0	432408.21064024	58.16007789	7434.79421499
214	2018-06-05 12:00:00	7565.51634039	7360.01	7439.0702933	7565.51634039	939254.67254822	126.35189383	7433.64142853
215	2018-06-05 16:00:00	7658.22046665	7540.0	7551.80384553	7629.80621697	2337912.3274471	307.47608898	7603.55816675
216	2018-06-05 20:00:00	7647.99998999	7581.82138642	7626.24231405	7622.73002569	713633.79415791	93.73905468	7612.98262068
217	2018-06-06 00:00:00	7639.98073558	7596.0	7627.99999949	7608.14495731	378459.70061518	49.69153067	7616.1811784
218	2018-06-06 04:00:00	7685.29431213	7570.0	7615.28754349	7622.75333069	674696.38450939	88.50794123	7623.00393764
219	2018-06-06 08:00:00	7631.95160864	7582.80000101	7622.7533307	7618.66553026	615501.367818	80.92095918	7606.20454892
220	2018-06-06 12:00:00	7669.1	7600.99250902	7618.94790094	7650.8	1043201.3486188	136.54610873	7639.92001179
221	2018-06-06 16:00:00	7658.8	7487.37927988	7650.8	7530.1	1434535.9266162	190.60585315	7526.19031844
222	2018-06-06 20:00:00	7689.24681964	7508.60000004	7532.249997	7650.00000217	893316.93394023	117.13897723	7626.12885193
223	2018-06-07 00:00:00	7750.0	7650.0	7655.0	7724.99578045	897516.5329052	116.32538374	7715.56907055
224	2018-06-07 04:00:00	7727.62091524	7680.0	7718.66792082	7711.0	466618.07406892	60.52768275	7709.1679851
225	2018-06-07 08:00:00	7740.24422833	7683.32343087	7715.00581726	7690.54662948	919225.3277139	119.29312324	7705.60198901
226	2018-06-07 12:00:00	7725.46462372	7660.0	7692.98006016	7697.50925312	552615.65537806	71.83924136	7692.39269397
227	2018-06-07 16:00:00	7743.04054401	7675.60000012	7697.70061792	7700.0	874881.40073736	113.57253792	7703.28300098
228	2018-06-07 20:00:00	7705.97978112	7635.0	7705.97978112	7694.09351679	565553.11899597	73.80202667	7663.11095391
229	2018-06-08 00:00:00	7701.18704458	7629.28830059	7685.70818855	7637.45307685	193354.504618	25.22209695	7666.07570343
230	2018-06-08 04:00:00	7651.812627	7614.03735328	7637.45307685	7624.0367591	390512.63545841	51.16365127	7632.61858301
231	2018-06-08 08:00:00	7643.3764893	7545.0	7629.0	7560.00000001	1234529.7455728	162.35912054	7603.69815669
232	2018-06-08 12:00:00	7650.0	7545.0	7565.94459911	7640.4097024	644547.15394711	85.12031829	7572.18918932
233	2018-06-08 16:00:00	7659.99999741	7618.29792348	7643.31143431	7638.78888094	408013.86617858	53.44023257	7634.95678362
234	2018-06-08 20:00:00	7660.005	7610.14376704	7627.83599214	7610.62165072	315212.24549631	41.21339156	7648.29667166
235	2018-06-09 00:00:00	7682.86154523	7610.62165175	7615.35332351	7659.5361111	912840.34293937	119.05036575	7667.68196963
236	2018-06-09 04:00:00	7678.01156075	7651.0	7664.1461201	7659.80766141	251654.58627786	32.82856641	7665.71963986
237	2018-06-09 08:00:00	7675.04220637	7621.50000001	7675.04220637	7644.89654055	332512.8606352	43.51782849	7640.84220589
238	2018-06-09 12:00:00	7653.6385077	7572.2	7646.81133479	7617.4199	513611.76866594	67.50844249	7608.1116631
239	2018-06-09 16:00:00	7620.0	7568.97309404	7617.41990001	7617.05616108	310295.36904578	40.89798692	7587.05727136
240	2018-06-09 20:00:00	7636.0	7466.3	7609.1401154	7490.0	518726.6724992	68.84809412	7534.36502679
241	2018-06-10 00:00:00	7498.76022096	7264.4	7490.10000015	7264.74103589	2165382.7809023	294.77607345	7345.85665505
242	2018-06-10 04:00:00	7314.68922878	7160.0	7267.35866577	7183.94124166	1187097.3583913	163.31374292	7268.8148417
243	2018-06-10 08:00:00	7254.82113718	7123.04914026	7183.94124167	7238.651703	1921111.4846228	266.8509765	7199.19226011
244	2018-06-10 12:00:00	7279.48884764	7175.08139281	7237.90912348	7221.18887762	867174.87058902	119.81711374	7237.48756351
245	2018-06-10 16:00:00	7235.04350895	6650.0	7228.18618979	6837.27515635	7451485.4289365	1088.68714244	6844.46902921
246	2018-06-10 20:00:00	6838.15704198	6650.0	6838.15704198	6763.91319959	2339383.0407777	347.7231834	6727.71662189
247	2018-06-11 00:00:00	6814.19999992	6676.99858131	6765.49999999	6767.20673617	1551573.3812441	229.49551571	6760.80042977
248	2018-06-11 04:00:00	6793.9999894	6630.7	6769.33894313	6637.6	1506908.3532103	224.23568937	6720.19854396
249	2018-06-11 08:00:00	6815.64445918	6622.12873599	6637.3	6775.0	1204944.402066	178.6475437	6744.81371033
250	2018-06-11 12:00:00	6782.82444797	6640.8	6782.82444797	6686.44970551	1757657.543556	261.74037215	6715.27104939
251	2018-06-11 16:00:00	6784.17136358	6674.02084358	6690.0	6743.45064192	767811.29533118	114.28365981	6718.4696098
252	2018-06-11 20:00:00	6955.68849993	6725.0	6756.68128377	6874.596078	2512967.7023181	365.64313702	6872.73313208
253	2018-06-12 00:00:00	6883.89999914	6779.40972058	6874.5960782	6810.84288683	1346222.7578145	196.5879477	6847.94146113
254	2018-06-12 04:00:00	6845.22775169	6807.646	6815.75021053	6826.20878848	611705.64875868	89.60460817	6826.72087129
255	2018-06-12 08:00:00	6874.9	6800.0	6834.4	6822.80046009	725159.60099106	106.12212889	6833.2553123
256	2018-06-12 12:00:00	6836.6399775	6689.8	6829.99999999	6746.40000033	1351481.3742291	200.47634458	6741.35084146
257	2018-06-12 16:00:00	6760.13208695	6434.29893281	6748.40000001	6495.56	3306657.5950526	503.31408951	6569.7695812
258	2018-06-12 20:00:00	6566.8089823	6466.8749738	6496.30000019	6540.00000001	1535255.4280767	235.32783418	6523.90072524
259	2018-06-13 00:00:00	6571.90999989	6527.93595757	6540.0	6548.4960968	1021295.3147874	155.89969754	6550.97688387
260	2018-06-13 04:00:00	6614.80741578	6510.9049204	6548.40293312	6534.52662492	981661.36455105	149.74206683	6555.68194918
261	2018-06-13 08:00:00	6560.55741058	6352.47697403	6544.95217445	6448.56256701	2772592.5883646	430.35629561	6442.55147803
262	2018-06-13 12:00:00	6482.0482088	6323.57758576	6447.9	6371.0	1886742.1504931	293.3110874	6432.56334841
263	2018-06-13 16:00:00	6401.87913424	6123.77679339	6371.62197616	6274.57355419	5380221.2927669	856.46493359	6281.89325885
264	2018-06-13 20:00:00	6340.0	6225.65935533	6274.5735543	6292.30084274	3913984.3555116	624.79115987	6264.46820458
265	2018-06-14 00:00:00	6520.0	6260.53925299	6299.23959935	6502.37185645	3558349.4893278	556.5938446	6393.0809222
266	2018-06-14 04:00:00	6514.99999998	6425.15710461	6502.33810748	6480.0	820278.150789	126.74568361	6471.84288589
267	2018-06-14 08:00:00	6550.0	6470.1	6480.0	6525.6	1574916.6961136	241.87229456	6511.35632949
268	2018-06-14 12:00:00	6530.9662516	6316.48392237	6530.93250316	6349.93250221	1602839.9069514	249.95060418	6412.62665561
269	2018-06-14 16:00:00	6703.09894302	6340.91077851	6340.94452693	6639.0	2777279.0848545	421.99433649	6581.3183844
270	2018-06-14 20:00:00	6679.99999999	6582.03741324	6639.0	6626.9286401	1004343.6222309	151.55556143	6626.90047632
271	2018-06-15 00:00:00	6641.61834454	6555.0	6626.96239158	6593.69330229	340512.23292997	51.72250233	6583.44468249
272	2018-06-15 04:00:00	6610.11437565	6537.0	6605.5440371	6575.49999988	309088.93743887	47.06718719	6566.97278703
273	2018-06-15 08:00:00	6655.80953363	6473.90938142	6567.06532854	6530.18661285	1149555.921795	175.47397532	6551.14765422
274	2018-06-15 12:00:00	6549.8	6475.00000001	6530.18661285	6532.038265	888089.57995907	136.46000347	6508.05772663
275	2018-06-15 16:00:00	6610.0	6505.93139784	6538.33501972	6546.1	360488.27918834	55.04655353	6548.78927146
276	2018-06-15 20:00:00	6549.58528182	6363.10000082	6549.58528182	6376.15122659	1405288.1714413	218.31664275	6436.92644655
277	2018-06-16 00:00:00	6449.80949008	6374.45125813	6374.45125813	6402.79536351	207212.73581179	32.2716223	6420.89616336
278	2018-06-16 04:00:00	6484.5364938	6409.19815895	6416.08430051	6462.74424883	296052.910602	45.8426773	6458.01964541
279	2018-06-16 08:00:00	6499.12460008	6427.60877554	6462.74424823	6452.0	870412.22542248	134.81204959	6456.48685017
280	2018-06-16 12:00:00	6467.69999964	6330.0	6459.90170204	6353.4044529	1360825.8250427	212.94959287	6390.36593919
281	2018-06-16 16:00:00	6557.93095203	6330.0	6358.0	6495.1	1269287.9547753	196.32419536	6465.26502985
282	2018-06-16 20:00:00	6547.0	6475.0	6499.93446797	6483.83962365	292508.07049576	44.86811375	6519.28610428
283	2018-06-17 00:00:00	6538.88	6483.82323921	6485.0	6536.9	204394.15472621	31.35392172	6518.93426766
284	2018-06-17 04:00:00	6547.0	6496.4	6538.84851991	6530.91573922	200022.59287047	30.66058038	6523.77060027
285	2018-06-17 08:00:00	6577.0	6493.38505535	6530.91573921	6505.20721837	326907.05529001	50.0960243	6525.60876552
286	2018-06-17 12:00:00	6519.99999987	6446.0	6510.00000054	6505.54375921	590954.36516817	91.13811368	6484.16278663
287	2018-06-17 16:00:00	6544.36209717	6485.701552	6509.22619316	6523.52130222	185424.50173408	28.46530473	6514.0529319
288	2018-06-17 20:00:00	6524.0	6428.41135718	6524.0	6442.0	615019.80303705	94.99660138	6474.124275
289	2018-06-18 00:00:00	6457.0625056	6382.07754452	6444.0	6405.14200594	598573.6717813	93.29989648	6415.58773765
290	2018-06-18 04:00:00	6441.99171729	6385.0	6411.82457795	6438.69693054	345513.15336171	53.8680745	6414.06169737
291	2018-06-18 08:00:00	6497.46057405	6390.777	6438.69693054	6425.5419813	495807.23364511	77.05650377	6434.3333708
292	2018-06-18 12:00:00	6470.12975228	6404.44842162	6425.0	6470.12975228	637373.03883116	98.87692658	6446.12510599
293	2018-06-18 16:00:00	6799.0	6451.47199596	6470.12975228	6699.36870184	3173235.9482362	475.27791386	6676.59038154
294	2018-06-18 20:00:00	6733.88852469	6691.06633386	6706.95067585	6714.48541476	700723.48475699	104.35937892	6714.52333282
295	2018-06-19 00:00:00	6729.54706734	6671.27870876	6715.0	6684.05493631	743054.80044281	110.7673489	6708.24758217
296	2018-06-19 04:00:00	6713.23610086	6663.0839128	6694.91710251	6693.8	279831.60535697	41.81842262	6691.58681329
297	2018-06-19 08:00:00	6789.99999972	6687.00000163	6696.0	6727.37	1227966.4833618	182.14870733	6741.56024141
298	2018-06-19 12:00:00	6833.0	6720.19954195	6732.48495707	6736.86645657	1338411.6078752	197.90583906	6762.87073808
299	2018-06-19 16:00:00	6746.92911603	6660.00000001	6743.40583509	6739.64	743679.91982685	110.88911454	6706.51869583
300	2018-06-19 20:00:00	6748.8	6690.0	6739.97361625	6746.0	172490.01342736	25.66576101	6720.62727304
301	2018-06-20 00:00:00	6746.2	6556.63650014	6746.2	6604.01	1147642.4608819	173.60940649	6610.4854805
302	2018-06-20 04:00:00	6645.0	6572.1361	6610.7801943	6621.28253877	383773.3402518	58.08869944	6606.67813105
303	2018-06-20 08:00:00	6659.90654133	6612.49949349	6621.22573946	6630.0	310995.66185295	46.91037523	6629.57097077
304	2018-06-20 12:00:00	6781.1	6595.001	6630.0	6750.99631467	743538.38686525	110.57911998	6724.0396469
305	2018-06-20 16:00:00	6807.06370614	6736.95476409	6755.20074306	6759.45278236	421585.74082229	62.27885202	6769.32421116
306	2018-06-20 20:00:00	6761.0	6701.90299769	6750.1971216	6753.0	716685.05701461	106.5434134	6726.69510149
307	2018-06-21 00:00:00	6789.78706472	6736.30000001	6759.67999948	6767.56914748	383152.618008	56.6486971	6763.66161311
308	2018-06-21 04:00:00	6775.88438729	6743.30642495	6774.18732119	6762.2	199939.19932347	29.60205178	6754.2344973
309	2018-06-21 08:00:00	6778.99999995	6676.1	6762.31638278	6732.5	494161.30938464	73.46090206	6726.86143958
310	2018-06-21 12:00:00	6741.61394657	6686.5	6732.5	6722.85085166	470747.7644453	70.05041988	6720.12766307
311	2018-06-21 16:00:00	6744.45373409	6690.0	6722.83446888	6706.57059628	967156.45995434	144.07105164	6713.05199028
312	2018-06-21 20:00:00	6740.0	6697.66815378	6718.0	6712.63276587	198092.74542802	29.50878268	6713.00973598
313	2018-06-22 00:00:00	6730.02540511	6605.1	6719.47637959	6664.0	612569.87304663	92.11882674	6649.77936351
314	2018-06-22 04:00:00	6669.16307299	6455.28927145	6667.86616	6491.51629998	1416753.4844186	215.85086636	6563.57562195
315	2018-06-22 08:00:00	6510.0	6289.78426084	6495.17153514	6355.0	2701206.2121747	423.46006858	6378.89239765
316	2018-06-22 12:00:00	6361.4	6005.89989544	6361.4	6144.59117051	10597378.092399	1727.33819323	6135.09163054
317	2018-06-22 16:00:00	6235.73148031	6107.71501024	6148.5	6196.4	2731824.9315252	443.69448633	6156.99544549
318	2018-06-22 20:00:00	6208.08426079	5888.88	6196.4	6041.6665	3199442.1551026	533.27936588	5999.56113025
319	2018-06-23 00:00:00	6157.18	6041.6665	6041.69798095	6096.7056316	711413.18841925	116.3502468	6114.41065219
320	2018-06-23 04:00:00	6200.7100007	6006.10000001	6097.49989901	6095.0	1519481.290539	249.02069088	6101.82746328
321	2018-06-23 08:00:00	6165.72671801	6052.88520837	6103.69688082	6127.11904031	828303.85780872	135.82091345	6098.50012615
322	2018-06-23 12:00:00	6135.76649835	6053.3	6116.20000105	6101.66751792	699769.45443566	114.66598734	6102.67674546
323	2018-06-23 16:00:00	6145.56008149	6091.90483556	6102.18	6137.44872312	190491.93539203	31.13196706	6118.85317188
324	2018-06-23 20:00:00	6250.0	6109.29932189	6137.4	6164.34251788	839206.09654767	135.40331272	6197.82544229
325	2018-06-24 00:00:00	6172.83693749	6037.79072071	6154.55052255	6055.9494479	712751.28774769	117.24782952	6079.01477294
326	2018-06-24 04:00:00	6052.7367556	5782.10000001	6052.7367556	5830.0	3717977.1699841	632.30936387	5879.99701163
327	2018-06-24 08:00:00	5920.0	5782.1	5830.0	5899.56000001	4697592.1949315	802.17179303	5856.09246765
328	2018-06-24 12:00:00	5927.64298464	5760.0	5900.95660899	5762.00000083	1740186.8991353	295.95196302	5879.96403665
329	2018-06-24 16:00:00	6241.45949872	5767.0803311	5767.0803311	6169.11828031	2588154.2474709	428.34077937	6042.27841971
330	2018-06-24 20:00:00	6199.0	6099.00000001	6176.11004027	6151.81429999	882201.3144429	143.27991512	6157.1875842
331	2018-06-25 00:00:00	6170.0	6108.5093244	6140.00000867	6124.99999999	401631.08599455	65.26771101	6153.59539624
332	2018-06-25 04:00:00	6183.47	6124.99999999	6125.0	6149.01	930263.2360664	150.85333492	6166.67332253
333	2018-06-25 08:00:00	6230.0	6143.39078824	6154.89	6228.00000016	694614.83992041	112.11781327	6195.401245
334	2018-06-25 12:00:00	6339.0	6065.0	6228.01538552	6279.80218281	2003397.9898831	321.81028461	6225.40075843
335	2018-06-25 16:00:00	6321.8855005	6190.0	6285.71965167	6255.18	2176085.7908825	348.54836756	6243.28211925
336	2018-06-25 20:00:00	6271.89768808	6223.2	6260.88999678	6240.00000166	355448.10519588	56.83709584	6253.80484246
337	2018-06-26 00:00:00	6260.16922974	6180.07248551	6246.89999979	6239.10489034	350138.43814329	56.26329205	6223.21278022
338	2018-06-26 04:00:00	6264.02000026	6212.57	6238.99489034	6214.60000001	325830.59663232	52.20326467	6241.57509481
339	2018-06-26 08:00:00	6237.0	6160.0	6214.61	6195.06043867	611712.2024435	98.58777614	6204.74694119
340	2018-06-26 12:00:00	6237.0	6125.0	6195.07554833	6185.5999973	1035802.2303993	168.00324356	6165.37043244
341	2018-06-26 16:00:00	6220.26376583	6156.03	6185.59999861	6166.0	348843.83287845	56.43660272	6181.16286356
342	2018-06-26 20:00:00	6241.8457	6021.75327797	6170.025	6078.39999986	1238424.7251042	202.35503857	6120.05875344
343	2018-06-27 00:00:00	6113.89999996	6001.3	6078.89999921	6052.0	2100502.7698997	346.68710375	6058.78542114
344	2018-06-27 04:00:00	6093.81273561	6050.0	6052.0	6076.99999899	562856.05523609	92.79757756	6065.41754683
345	2018-06-27 08:00:00	6133.6	6060.73867122	6079.99999999	6090.20000839	804429.13575773	131.87590984	6099.8944897
346	2018-06-27 12:00:00	6150.0	6031.0	6095.19	6111.99999988	2824736.7242823	465.99243368	6061.7652136
347	2018-06-27 16:00:00	6150.0	6089.40000023	6110.01538512	6143.74347759	508766.39112664	83.18250268	6116.26693998
348	2018-06-27 20:00:00	6185.0639698	6110.1200005	6134.6633391	6137.87057885	556311.11936189	90.55832673	6143.12498309
349	2018-06-28 00:00:00	6165.28461488	6075.0	6137.87057885	6096.17	377335.34560904	61.63277871	6122.31597385
350	2018-06-28 04:00:00	6119.69489242	6075.11000101	6100.0	6114.69000012	283295.26334033	46.42213398	6102.59027433
351	2018-06-28 08:00:00	6132.86571378	6082.5	6114.99999999	6100.53175655	497514.14511741	81.37627171	6113.749557
352	2018-06-28 12:00:00	6127.70000066	6065.0	6113.5338752	6110.28627176	366831.21946103	60.10299148	6103.3770604
353	2018-06-28 16:00:00	6118.15365749	6070.0	6101.60000002	6083.5755517	473737.91062108	77.63197031	6102.35588159
354	2018-06-28 20:00:00	6097.39313026	5781.55130152	6095.66543448	5872.99999926	3957482.1986374	668.0597733	5923.8444774
355	2018-06-29 00:00:00	5904.26066417	5849.71461519	5866.24997922	5880.1234	790068.06886628	134.49348003	5874.39680116
356	2018-06-29 04:00:00	5956.7	5800.0	5883.70792926	5892.40155755	762634.37785709	129.92427524	5869.83746069
357	2018-06-29 08:00:00	5926.46009997	5850.0	5900.0	5870.8963247	772402.43212177	131.08951986	5892.17530849
358	2018-06-29 12:00:00	5906.0	5808.00000002	5870.8963247	5893.76239897	4778936.8380175	814.21400271	5869.38669945
359	2018-06-29 16:00:00	5904.0	5861.26622131	5893.90050727	5880.0	808104.32308035	137.34661241	5883.68587255
360	2018-06-29 20:00:00	6300.0	5879.99999999	5879.99999999	6197.50000071	3432627.9777359	560.10341877	6128.56101695
361	2018-06-30 00:00:00	6514.60037248	6183.33534474	6199.99999978	6365.5	3974640.7413174	621.81590337	6391.9895258
362	2018-06-30 04:00:00	6419.79999994	6363.05110467	6365.5	6409.00000054	870246.22844441	136.13405691	6392.56809205
363	2018-06-30 08:00:00	6424.48293294	6374.13705539	6416.3	6395.75000018	1025696.6842791	160.26959362	6399.82083383
364	2018-06-30 12:00:00	6452.15064089	6336.00000081	6400.0	6387.53463773	772551.73867997	121.15869746	6376.36219995
365	2018-06-30 16:00:00	6387.38102133	6307.89826719	6375.19234792	6335.66957285	656835.02023194	103.6155451	6339.15518755
366	2018-06-30 20:00:00	6430.0	6320.98463923	6321.9500004	6390.5236881	710469.79713182	111.88971309	6349.73294247
367	2018-07-01 00:00:00	6435.02601278	6329.40593412	6399.4592826	6350.0	426774.64151939	66.9429174	6375.20230809
368	2018-07-01 04:00:00	6400.41	6336.41	6350.0	6369.6769278	368770.29773824	57.87440091	6371.90695609
369	2018-07-01 08:00:00	6396.19766	6350.0	6370.43538512	6376.45002287	269347.79354024	42.2413407	6376.40257332
370	2018-07-01 12:00:00	6394.0611	6262.0	6382.01538512	6315.07724813	873946.58256285	138.11854293	6327.51087597
371	2018-07-01 16:00:00	6347.7	6300.55714272	6320.07026164	6331.99999244	267806.83464163	42.35081578	6323.53426278
372	2018-07-01 20:00:00	6500.0	6310.2	6315.52416907	6348.80000001	1845544.5526662	288.81839967	6389.98261459
373	2018-07-02 00:00:00	6367.02999999	6322.535397	6362.66333749	6344.44235189	249735.052719	39.36775708	6343.64442484
374	2018-07-02 04:00:00	6351.1536885	6275.0	6344.44235158	6351.1536885	364194.53544002	57.744488079999996	6307.00085063
375	2018-07-02 08:00:00	6374.00232533	6317.79374067	6346.3678039	6351.6	346889.66592728	54.64725445	6347.79678171
376	2018-07-02 12:00:00	6666.30942392	6329.73630009	6352.56999855	6629.424671	5234566.128856	795.16836267	6582.96579013
377	2018-07-02 16:00:00	6680.0	6596.36715598	6625.57898103	6631.79999998	1404018.4017172	211.7306818	6631.15231945
378	2018-07-02 20:00:00	6795.8308	6603.65226661	6631.72665619	6614.23108202	1950734.7296991	292.46852896	6669.89619921
379	2018-07-03 00:00:00	6674.9293	6601.83713417	6615.0	6648.3	342566.44016707	51.64000093	6633.74194418
380	2018-07-03 04:00:00	6665.0	6615.50000004	6648.7	6648.99999913	911584.2492805	137.15206479	6646.52224285
381	2018-07-03 08:00:00	6648.99999999	6533.0	6648.99999999	6574.7	1999728.9283817	303.96117795	6578.89583751
382	2018-07-03 12:00:00	6588.99999999	6551.78714509	6580.69999855	6580.04400628	581618.71211987	88.48020419	6573.433204
383	2018-07-03 16:00:00	6643.95700849	6544.23700887	6588.6	6605.0	903340.79250426	137.11564798	6588.16703864
384	2018-07-03 20:00:00	6628.52999755	6470.0	6606.0	6497.65940927	1459529.9871873	223.56719979	6528.37262603
385	2018-07-04 00:00:00	6512.38533107	6410.89	6511.0	6461.8	1466453.4604971	227.07205613	6458.09742286
386	2018-07-04 04:00:00	6509.0	6454.10382291	6470.38461488	6475.0	324299.55852959	50.0734142	6476.4818559
387	2018-07-04 08:00:00	6550.10315569	6470.20000001	6475.0	6532.99999996	705117.6479096	108.08098684	6523.97492403
388	2018-07-04 12:00:00	6781.09999999	6529.6	6533.0	6676.69206072	1900162.9050148	284.00567939	6690.58065703
389	2018-07-04 16:00:00	6697.97359292	6656.0	6680.80000043	6683.89999999	661161.115515	99.00811697	6677.84759218
390	2018-07-04 20:00:00	6697.55508483	6554.86440001	6683.89999999	6585.60313941	1177406.2458052	177.19873597	6644.55217109
391	2018-07-05 00:00:00	6697.97359292	6526.99653301	6583.2	6626.76319709	1163632.3887642	176.14486616	6606.11015314
392	2018-07-05 04:00:00	6660.0	6573.71538512	6629.40890598	6609.30000001	1498335.7054136	226.71252862	6608.96737614
393	2018-07-05 08:00:00	6687.37214999	6550.07920915	6606.39999985	6620.0	1110542.5083976	167.96921813	6611.58348393
394	2018-07-05 12:00:00	6665.37738589	6550.0	6619.66923837	6601.05844896	1426123.3425921	215.80509957	6608.38573988
395	2018-07-05 16:00:00	6636.5	6461.18461459	6601.10460435	6497.06460773	2407268.3634566	367.37333027	6552.64866855
396	2018-07-05 20:00:00	6553.78983768	6480.00000023	6504.62544762	6532.21538558	470822.47702651	72.31107776	6511.06983343
397	2018-07-06 00:00:00	6548.39738437	6507.36518431	6536.39429217	6527.015	272833.37265199	41.76641168	6532.36324782
398	2018-07-06 04:00:00	6532.90468118	6441.51030018	6532.90468118	6480.0041	706623.88913582	109.01297166	6482.0165745
399	2018-07-06 08:00:00	6539.9	6466.4	6480.64678041	6527.0	566274.32908592	86.99054146	6509.60805142
400	2018-07-06 12:00:00	6635.5	6527.0	6532.90203536	6569.0	1198752.3970815	182.21366013	6578.82837228
401	2018-07-06 16:00:00	6634.29716487	6534.38040869	6572.0	6572.94640312	1134883.9855506	172.71967656	6570.66993265
402	2018-07-06 20:00:00	6629.99389109	6556.53917513	6579.59999949	6605.0	342354.57807992	51.96796872	6587.79987966
403	2018-07-07 00:00:00	6614.17668551	6563.0	6613.0	6599.18462746	170721.82339501	25.89309679	6593.33353517
404	2018-07-07 04:00:00	6616.81016693	6577.41294031	6602.13462063	6593.96080265	279776.45239469	42.42069097	6595.2827735
405	2018-07-07 08:00:00	6598.89772867	6565.10000005	6593.96080265	6576.37693957	406039.23589576	61.70647775	6580.17198033
406	2018-07-07 12:00:00	6610.24852095	6516.85222935	6591.43606104	6552.40000248	747487.26530361	113.83625648	6566.33737279
407	2018-07-07 16:00:00	6568.69743413	6524.96743345	6552.40000334	6545.18	481385.52852104	73.50075649	6549.3955642
408	2018-07-07 20:00:00	6800.000001	6516.71	6543.64089558	6760.0	1790498.2792043	267.84934779	6684.72144501
409	2018-07-08 00:00:00	6782.0	6720.3591992	6760.0	6728.2244722	621285.22612603	91.98398463	6754.27606909
410	2018-07-08 04:00:00	6742.0	6715.001	6727.51881193	6739.17191769	238985.14878588	35.50307567	6731.39282374
411	2018-07-08 08:00:00	6744.2390514	6720.0	6740.86787633	6739.93999999	433130.66350013	64.35635692	6730.19238858
412	2018-07-08 12:00:00	6775.31999911	6714.001	6739.93999987	6751.57899983	1099300.4149553	162.89420645	6748.55440787
413	2018-07-08 16:00:00	6771.98261688	6745.45914922	6750.00000006	6770.516	465494.98714978	68.86440262	6759.58796474
414	2018-07-08 20:00:00	6771.9	6680.0	6765.99	6703.51638138	943326.73715941	140.0930464	6733.5728746
415	2018-07-09 00:00:00	6725.75637399	6687.0898725	6703.5	6716.38314126	343773.5760647	51.28001406	6703.8510493
416	2018-07-09 04:00:00	6741.09438421	6690.2778	6716.24999998	6727.98186775	442794.83995033	65.99271514	6709.75332672
417	2018-07-09 08:00:00	6746.76728486	6675.00000082	6726.18424949	6717.96283747	929184.15093714	138.55791521	6706.10660913
418	2018-07-09 12:00:00	6745.34833786	6705.03500002	6720.15833029	6726.81	604007.06880614	89.86419294	6721.33192371
419	2018-07-09 16:00:00	6726.902463	6672.1	6722.20685809	6717.77407855	622378.03945699	92.85565766	6702.63993752
420	2018-07-09 20:00:00	6800.122952	6630.0	6717.77407855	6654.50000001	1695770.8788578	252.79383279	6708.11807448
421	2018-07-10 00:00:00	6682.2281419	6622.2335101	6659.95530488	6632.77333178	465865.37227702	70.04361186	6651.075807
422	2018-07-10 04:00:00	6665.17695701	6566.79877816	6631.99999972	6597.8942605	928996.53441351	140.5049381	6611.84259411
423	2018-07-10 08:00:00	6613.73439782	6330.99999908	6598.0	6360.41931694	3069062.5988934	474.74313653	6464.68029285
424	2018-07-10 12:00:00	6397.88398888	6334.156	6364.62939959	6384.19999981	1222869.6211469	192.05903941	6367.15472962
425	2018-07-10 16:00:00	6412.51286917	6340.11999946	6386.97999999	6375.0	853265.33204169	134.03522241	6365.97841
426	2018-07-10 20:00:00	6406.56922212	6260.00000004	6377.0	6298.0	749696.57753628	118.4631693	6328.52034911
427	2018-07-11 00:00:00	6406.06879997	6289.17538512	6304.02325863	6337.35900001	398826.08089394	62.67752874	6363.14304203
428	2018-07-11 04:00:00	6369.40189525	6285.00106009	6335.67094007	6345.0	727873.05489326	114.94975657	6332.09740161
429	2018-07-11 08:00:00	6395.51499971	6320.16440582	6345.20163999	6373.86711558	604125.5310376	95.02660783	6357.43551025
430	2018-07-11 12:00:00	6391.54000044	6347.62199534	6373.86711558	6361.42253514	385924.67395862	60.59379474	6369.04613111
431	2018-07-11 16:00:00	6367.88922231	6293.001	6365.82983983	6342.0	434245.21317154	68.58152871	6331.81005643
432	2018-07-11 20:00:00	6377.0	6341.37892789	6341.37892789	6374.00000397	327967.74940649	51.5810902	6358.29425347
433	2018-07-12 00:00:00	6377.0	6305.99999842	6377.0	6339.73243701	408599.50008941	64.43035012	6341.72403732
434	2018-07-12 04:00:00	6342.07200662	5999.0	6342.07200662	6167.90789985	3884660.8602608	630.09587767	6165.1900892
435	2018-07-12 08:00:00	6205.527	6136.95132877	6176.38533133	6159.62895132	942449.29022618	152.91460041	6163.23940094
436	2018-07-12 12:00:00	6197.94166439	6151.615	6161.79999483	6168.77863589	486182.12377704	78.72025544	6176.07401118
437	2018-07-12 16:00:00	6192.25131285	6152.21262399	6168.77863589	6177.81399898	521756.55868945	84.49597487	6174.92797132
438	2018-07-12 20:00:00	6260.0	6070.01	6169.474	6245.0	1357012.3361225	219.7021699	6176.59960636
439	2018-07-13 00:00:00	6280.02576545	6223.12592543	6245.65547191	6254.42655063	841266.33139657	134.6405208	6248.24032466
440	2018-07-13 04:00:00	6274.81435564	6218.7303546	6246.79498881	6253.19831192	936040.45695465	149.44741164	6263.34338402
441	2018-07-13 08:00:00	6257.57567411	6230.00201221	6253.99999744	6243.17734975	227138.13229452	36.38895179	6241.9531512
442	2018-07-13 12:00:00	6281.25127857	6234.83792421	6249.57848031	6261.03197764	350508.66799753	55.9999443	6259.08958265
443	2018-07-13 16:00:00	6349.0	6170.17499727	6260.38711065	6173.1	1621737.2792606	260.21140361	6232.38358027
444	2018-07-13 20:00:00	6241.05147532	6123.00000001	6174.97771298	6218.64153614	721260.13032025	116.87667384	6171.1212907
445	2018-07-14 00:00:00	6277.40077473	6199.19	6221.45599921	6204.57993746	326711.90725892	52.30505984	6246.27728671
446	2018-07-14 04:00:00	6235.496	6202.44072034	6212.30081063	6224.98533098	189543.98123738	30.45052637	6224.65368691
447	2018-07-14 08:00:00	6238.84822486	6178.206	6223.65000009	6238.05224835	376069.63928606	60.58049599	6207.76758493
448	2018-07-14 12:00:00	6248.08499999	6215.50000001	6232.14712524	6237.19599581	802163.62358779	128.68586244	6233.50233178
449	2018-07-14 16:00:00	6288.83049789	6211.47	6237.19599453	6259.17601084	946955.16019624	151.46331916	6252.04284078
450	2018-07-14 20:00:00	6317.10572651	6203.76963727	6259.17601914	6253.61666487	384908.3847583	61.34430793	6274.55745686
451	2018-07-15 00:00:00	6259.65747079	6235.09605744	6251.53947838	6255.0	143052.43715711	22.90383894	6245.78427799
452	2018-07-15 04:00:00	6287.95413213	6255.0	6255.0	6275.04705559	164679.04176448	26.27331697	6267.91972831
453	2018-07-15 08:00:00	6384.21895621	6278.73510102	6280.98999794	6353.86	896834.83284584	141.71258868	6328.54738735
454	2018-07-15 12:00:00	6384.22040843	6322.60235888	6353.86	6372.7291006	1217698.5695096	191.69660967	6352.21755672
455	2018-07-15 16:00:00	6387.83960165	6342.08400002	6377.58002795	6362.94659576	468573.61936955	73.59616826	6366.82086102
456	2018-07-15 20:00:00	6383.2163262	6335.00000001	6362.94659434	6343.13643	821154.17647484	128.97355716	6366.84134761
457	2018-07-16 00:00:00	6376.77309999	6335.00000359	6350.16910676	6356.33374687	261646.36529226	41.18342858	6353.19530971
458	2018-07-16 04:00:00	6383.68395949	6343.01406437	6355.71350363	6369.90662847	509496.75293855	80.09070312	6361.49681661
459	2018-07-16 08:00:00	6670.0	6354.07634579	6369.90663028	6639.89999969	3251402.2629769	499.71474327	6506.51658124
460	2018-07-16 12:00:00	6650.999	6583.64593051	6638.43	6625.21888615	1257344.7786282	189.94972543	6619.35559939
461	2018-07-16 16:00:00	6709.04452458	6620.43693684	6625.21888615	6681.17168067	1722052.562266	258.15333573	6670.65779877
462	2018-07-16 20:00:00	6744.98365423	6647.99990067	6681.18802641	6735.0	527332.11463332	78.92843696	6681.14224662
463	2018-07-17 00:00:00	6745.81220665	6697.40330073	6719.59975922	6740.5	662641.71460208	98.52127135	6725.8745804
464	2018-07-17 04:00:00	6750.0	6661.09423324	6740.5	6693.55263623	642468.63198967	95.92705776	6697.47042171
465	2018-07-17 08:00:00	6729.02000001	6678.25801042	6693.55264187	6680.0	493964.75308921	73.64845969	6707.06156202
466	2018-07-17 12:00:00	6784.9090909	6675.0	6680.0	6784.9090909	970483.65988919	144.42006293	6719.86731067
467	2018-07-17 16:00:00	7450.06703767	6740.00000314	6787.04000046	7300.00000001	13896018.724432	1931.66981577	7193.78571378
468	2018-07-17 20:00:00	7380.0	7276.31683546	7300.0	7320.51202306	3291504.2443398	448.22672753	7343.39128431
469	2018-07-18 00:00:00	7547.00299262	7320.51202306	7320.5120232	7462.00000146	2178446.8602417	293.05680156	7433.53114019
470	2018-07-18 04:00:00	7479.99999999	7412.04308803	7454.35714414	7427.68698917	915649.96991852	123.00977142	7443.71735146
471	2018-07-18 08:00:00	7431.09334748	7320.0	7427.90200012	7424.91099882	1682375.4335908	227.73454203	7387.44073953
472	2018-07-18 12:00:00	7519.83147319	7380.00000015	7424.91099075	7435.34316631	3004714.0413231	402.8925417	7457.85471392
473	2018-07-18 16:00:00	7589.6158	7329.37793987	7429.999	7374.68456258	4439014.3813276	594.75982491	7463.54107222
474	2018-07-18 20:00:00	7389.185475	7232.00000002	7378.0	7372.78	2340019.3042568	320.00933017	7312.34712129
475	2018-07-19 00:00:00	7381.03933553	7272.72113756	7376.04590835	7319.11216069	774947.91328729	105.94169524	7314.85286819
476	2018-07-19 04:00:00	7363.5141673	7312.1616601	7319.11216044	7319.19000136	583386.6915922	79.49742407	7338.43515581
477	2018-07-19 08:00:00	7434.01121211	7311.64365185	7319.92192276	7422.70439708	1558476.0007367	211.299425	7375.6755407
478	2018-07-19 12:00:00	7514.00343913	7375.30127844	7422.70439708	7391.71232413	2138245.9190919	286.88733791	7453.2599963
479	2018-07-19 16:00:00	7489.99999987	7341.2948814	7390.71817495	7450.04083256	1497115.6520584	201.87537508	7416.03898675
480	2018-07-19 20:00:00	7564.99999999	7415.98400001	7453.09329226	7475.18836125	865151.58912428	115.57551329	7485.59590605
481	2018-07-20 00:00:00	7484.57396218	7375.5	7480.8367389	7470.71578	1380939.7334268	185.54516651	7442.60688328
482	2018-07-20 04:00:00	7470.76357369	7340.0	7470.69984906	7451.64868622	1808691.3176328	243.38868142	7431.28771264
483	2018-07-20 08:00:00	7511.39	7430.8301664	7448.97337735	7507.96944412	838022.09986143	112.13271604	7473.4843626
484	2018-07-20 12:00:00	7520.87700189	7443.00000012	7507.96944241	7469.5	746209.4480471	99.70899127	7483.87320483
485	2018-07-20 16:00:00	7689.6158	7286.42714559	7469.5	7347.99999983	4845042.6397755	652.210702	7428.64633303
486	2018-07-20 20:00:00	7384.87786415	7288.02516555	7348.0	7340.57785179	1943222.238954	264.43804071	7348.49734076
487	2018-07-21 00:00:00	7340.57785188	7220.0	7340.57785188	7271.85368379	1024244.0154094	141.02611437	7262.79682302
488	2018-07-21 04:00:00	7352.32199961	7259.74752927	7281.72596381	7337.25379352	1467943.3910825	200.67782849	7314.92563043
489	2018-07-21 08:00:00	7346.7	7291.28596125	7337.25379352	7325.47936316	790362.41996446	107.91084655	7324.21665877
490	2018-07-21 12:00:00	7420.78044369	7303.5141728	7321.345163	7397.4150697	535052.41088758	72.57686656999999	7372.21701864
491	2018-07-21 16:00:00	7450.0	7385.36255046	7391.8402078	7424.2	762893.56612302	102.90419218	7413.62960984
492	2018-07-21 20:00:00	7450.0	7396.19864755	7424.2	7411.41060024	628956.21232275	84.81984267	7415.20135529
493	2018-07-22 00:00:00	7511.53511959	7360.0	7399.89329578	7422.82429625	1198219.6645651	161.44021506	7422.06434821
494	2018-07-22 04:00:00	7425.85822523	7373.05432	7425.85822523	7395.00000001	355842.01856019	48.15053153	7390.19917855
495	2018-07-22 08:00:00	7467.24845798	7395.00000001	7395.00000001	7456.02999978	426571.71216664	57.32147736	7441.74316177
496	2018-07-22 12:00:00	7550.0	7439.0	7456.0279995	7525.02	874564.00825362	116.63870561	7498.05995942
497	2018-07-22 16:00:00	7540.554525	7485.02003907	7533.06	7521.74000001	590132.09105349	78.47982731	7519.53860349
498	2018-07-22 20:00:00	7579.96287255	7359.5	7523.01	7405.0	2437525.9091278	328.29892978	7424.71475847
499	2018-07-23 00:00:00	7663.74449669	7380.0	7402.66279778	7625.72000059	1493483.7867199	196.37177364	7605.38930334
500	2018-07-23 04:00:00	7787.6448028	7627.26250792	7635.1460948	7752.1	1997896.6832999	259.44246629	7700.73115581
501	2018-07-23 08:00:00	7760.0	7651.45891157	7759.9999	7676.98118136	901580.71514814	117.10547083	7698.8778471
502	2018-07-23 12:00:00	7743.70990105	7675.00000001	7679.6850001	7735.08341861	715020.28153817	92.71415648	7712.09390976
503	2018-07-23 16:00:00	7800.0	7630.0	7735.5638436	7753.80782614	1429391.6188849	184.89332587	7730.89895029
504	2018-07-23 20:00:00	7770.24889283	7700.10999986	7746.18239622	7720.0	658799.15101424	85.21878088	7730.68030557
505	2018-07-24 00:00:00	7791.00946261	7700.0	7719.99999999	7761.6143384	517578.07672982	66.78351083	7750.08786296
506	2018-07-24 04:00:00	8038.15500005	7766.39379671	7766.39379671	8011.61169318	3975551.1126223	500.88525986	7937.04952254
507	2018-07-24 08:00:00	8255.29246104	7989.0	8025.53648407	8255.0	3022487.4603	374.03893412	8080.67605959
508	2018-07-24 12:00:00	8363.01324677	8120.0	8255.29246104	8184.29819375	4675979.9576385	568.08667394	8231.10305546
509	2018-07-24 16:00:00	8300.0	8167.0	8183.10999967	8260.0	1763901.2190748	214.32830381	8229.9033199
510	2018-07-24 20:00:00	8480.00000001	8192.01	8260.0	8410.0	2455916.7186612	294.48753511	8339.62876474
511	2018-07-25 00:00:00	8483.406	8301.0	8410.09309769	8350.5462703	2018052.0401315	240.52608028	8390.15892905
512	2018-07-25 04:00:00	8439.99999992	8300.0	8366.30659601	8335.9360444	1196892.5153726	143.02335636	8368.51089104
513	2018-07-25 08:00:00	8335.8081296	8150.57065145	8335.8081296	8189.81999954	4632572.7595454	562.29066967	8238.75089775
514	2018-07-25 12:00:00	8225.81937109	8055.32130921	8188.82141822	8115.71150639	1906551.7211136	234.0899472	8144.52625547
515	2018-07-25 16:00:00	8189.29177745	8080.30503189	8115.71150625	8175.27069923	1735790.9665072	213.47432767	8131.14619192
516	2018-07-25 20:00:00	8327.32731679	8136.2	8175.25471012	8173.03501117	1504582.7913078	182.69228135	8235.61225569
517	2018-07-26 00:00:00	8259.66720287	8152.09865382	8174.98401119	8225.626998	927718.0477498	113.27238314	8190.15210974
518	2018-07-26 04:00:00	8307.99999996	8191.6200824	8225.62699299	8251.92318498	746390.54131203	90.44322507	8252.58653408
519	2018-07-26 08:00:00	8314.94	8228.6011609	8245.50396623	8250.91143925	629976.72734366	76.13657171	8274.29858206
520	2018-07-26 12:00:00	8255.47958843	8184.92005595	8251.85846401	8205.889	939734.39117427	114.4011415	8214.37949702
521	2018-07-26 16:00:00	8281.28397754	8192.10651327	8206.84100575	8281.25199798	1057670.7794837	128.57105112	8226.35243525
522	2018-07-26 20:00:00	8300.0	7850.50000048	8279.78127241	7938.00204999	6438381.9147951	804.82183503	7999.76048681
523	2018-07-27 00:00:00	7955.0	7875.0	7938.00204999	7883.81691249	1155051.4689648	146.18334423	7901.38900603
524	2018-07-27 04:00:00	7949.26803307	7892.59495277	7894.47599998	7922.76374917	946628.43327588	119.47302535	7923.36538312
525	2018-07-27 08:00:00	8004.343	7910.14561137	7919.99999848	7930.51224367	1152709.4929435	144.87044064	7956.83017081
526	2018-07-27 12:00:00	8200.0	7801.995264	7930.51224376	8155.16185211	3671068.9541934	460.73661134	7967.82557287
527	2018-07-27 16:00:00	8280.0	8155.16185215	8155.16185215	8235.99999921	1984226.7434277	241.56433874	8214.07147171
528	2018-07-27 20:00:00	8277.2470371	8135.00000042	8222.51598415	8185.4764035	1626953.9484912	198.18837097	8209.12922654
529	2018-07-28 00:00:00	8213.35481808	8154.02000002	8199.95557941	8168.63813283	387163.57597957	47.2898878	8187.02674062
530	2018-07-28 04:00:00	8234.46501281	8163.4000032	8163.40000331	8192.99999887	1826751.6357402	222.97810303	8192.5158162
531	2018-07-28 08:00:00	8215.63389407	8145.18097311	8192.99999878	8179.45864186	897342.36941939	109.5026476	8194.70934344
532	2018-07-28 12:00:00	8205.99823578	8075.0	8179.54921608	8105.08363319	1920161.5568027	236.45371973	8120.66546889
533	2018-07-28 16:00:00	8212.99999999	8113.49384932	8119.99999995	8193.93459066	587998.25060634	71.95472263	8171.78121344
534	2018-07-28 20:00:00	8218.0	8159.60862461	8196.0	8218.0	1429271.4968418	174.41606568	8194.60920225
535	2018-07-29 00:00:00	8297.99999998	8217.99999999	8218.0	8232.46789055	1232629.3742425	149.20373087	8261.38439739
536	2018-07-29 04:00:00	8243.43923788	8160.88540001	8243.43923788	8178.44138792	331712.5483547	40.44948293	8200.66226628
537	2018-07-29 08:00:00	8179.46499831	8125.62313	8178.44	8162.80584625	412829.65673562	50.65791804	8149.36090365
538	2018-07-29 12:00:00	8238.11914619	8153.225	8162.80584625	8230.20038365	492561.86229134	60.01587956	8207.19226149
539	2018-07-29 16:00:00	8229.42852448	8178.0	8229.42852448	8218.28906888	193502.09986935	23.59957271	8199.38997401
540	2018-07-29 20:00:00	8264.0	8180.0	8218.358058	8221.15112094	1035685.509892	125.67703281	8240.84947531
541	2018-07-30 00:00:00	8264.0	8080.0	8223.00993812	8195.63770166	1286777.3659685	157.39624348	8175.40074348
542	2018-07-30 04:00:00	8204.971	8120.80576455	8189.04981568	8163.38711059	382938.21535343	46.95670228	8155.13434205
543	2018-07-30 08:00:00	8189.0	8131.0	8161.17294054	8155.71327769	422707.94950065	51.77636067	8164.11088053
544	2018-07-30 12:00:00	8199.0	8105.0	8155.71327769	8124.46040088	1244032.038226	152.67807056	8148.07282842
545	2018-07-30 16:00:00	8149.99999989	7863.9999995	8124.46040088	8123.62503158	4168391.9324055	521.51590112	7992.83765548
546	2018-07-30 20:00:00	8200.03999999	8075.7726813	8121.92357412	8178.05451886	1340029.1714039	164.4657987	8147.76799794
547	2018-07-31 00:00:00	8178.05451886	8111.1803703	8178.05451886	8128.64781842	387861.76894708	47.66345239	8137.50891927
548	2018-07-31 04:00:00	8150.0	8090.0	8134.22245377	8130.0	741967.68196976	91.31075282	8125.74268698
549	2018-07-31 08:00:00	8132.30969454	7935.85962989	8127.47522037	7976.75	2326023.7952626	290.97942375	7993.7741483
550	2018-07-31 12:00:00	7977.51460427	7669.00000004	7977.31410004	7763.94389015	5054471.4759378	650.808245	7766.45273745
551	2018-07-31 16:00:00	7836.68758601	7700.00000024	7763.21989969	7750.687868	1772140.2180258	228.50195289	7755.47077656
552	2018-07-31 20:00:00	7778.53449999	7643.00000001	7760.39071158	7731.55172042	2049113.758309	265.97218827	7704.24070139
553	2018-08-01 00:00:00	7752.40186539	7508.04466092	7733.55387023	7534.8	2735064.7564978	360.78272397	7580.91941432
554	2018-08-01 04:00:00	7573.99999999	7472.69500866	7535.0	7563.68410595	2529588.7907616	336.08946879	7526.53393118
555	2018-08-01 08:00:00	7650.0	7525.01557412	7559.14769776	7560.38545831	1411540.2413091	185.59706788	7605.40162316
556	2018-08-01 12:00:00	7642.99999917	7566.2041202	7566.2041202	7609.23502398	1057739.0071998	139.13167238	7602.43148886
557	2018-08-01 16:00:00	7612.57705903	7524.68808599	7600.0	7565.0	869793.16486706	115.08886813	7557.57858253
558	2018-08-01 20:00:00	7627.03206692	7440.00000001	7558.80354651	7616.01739137	2234014.626342	296.64728167	7530.87846875
559	2018-08-02 00:00:00	7699.38887939	7604.99203892	7604.99203941	7650.0	938380.1312594	122.39513354	7666.80916241
560	2018-08-02 04:00:00	7692.0	7623.2691	7649.49394437	7670.86573174	463522.51144724	60.52664059	7658.15691948
561	2018-08-02 08:00:00	7667.951355	7550.0	7667.951355	7562.77906338	1449010.409793	190.76155108	7595.92486845
562	2018-08-02 12:00:00	7573.20121556	7475.0	7562.79745284	7522.54045203	1875047.5349929	249.04513054	7528.94678537
563	2018-08-02 16:00:00	7587.08797722	7464.6937052	7524.41122712	7538.21246473	1101996.0088505	146.24683911	7535.17830236
564	2018-08-02 20:00:00	7570.96196184	7525.0	7538.21246354	7536.86137497	597329.77760155	79.05405083	7555.96672567
565	2018-08-03 00:00:00	7533.9999994	7321.85393258	7533.9999994	7329.71359734	3351598.0550541	453.89708606	7384.04840653
566	2018-08-03 04:00:00	7409.69434302	7290.0	7329.63261214	7401.0	1670498.3595186	228.17114555	7321.25157846
567	2018-08-03 08:00:00	7418.46	7328.8888329	7401.0	7362.5496745	593442.32844371	80.54456503	7367.87551366
568	2018-08-03 12:00:00	7499.0	7352.34599134	7368.23318684	7480.41767517	2515879.9570263	338.56516813	7431.0064763
569	2018-08-03 16:00:00	7531.89299469	7363.65968429	7480.43668882	7375.72587619	2645006.0595675	355.37809462	7442.79430727
570	2018-08-03 20:00:00	7443.96319207	7356.9292119	7377.16298573	7411.21513438	498774.10811916	67.32317083	7408.65443457
571	2018-08-04 00:00:00	7489.99999999	7389.26696915	7411.21513438	7460.76113851	386068.28880986	51.68126576	7470.17866401
572	2018-08-04 04:00:00	7471.52563155	7402.78111617	7461.83969143	7454.4260891	291642.88871066	39.18123669	7443.43245258
573	2018-08-04 08:00:00	7480.22380322	7379.63831841	7450.0731365	7400.0	527294.48530868	71.02246248	7424.33403315
574	2018-08-04 12:00:00	7397.605	6960.877429	7397.605	6974.42111616	6599655.987206	924.69126552	7137.14537305
575	2018-08-04 16:00:00	7030.0	6939.96894754	6974.42111616	6994.68722516	1068064.809477	152.79921206	6989.9889867
576	2018-08-04 20:00:00	7039.0	6970.59	6994.11845202	7005.0	353463.58774684	50.47962829	7002.10361526
577	2018-08-05 00:00:00	7026.41094189	6900.0	7005.0	7005.3248151	1233158.6622802	177.59058423	6943.82907532
578	2018-08-05 04:00:00	7008.77065736	6940.0	7002.7640601	6941.0	341415.65833855	48.95430113	6974.17081763
579	2018-08-05 08:00:00	7084.0	6940.0	6940.000001	7032.89789152	836274.5414408	118.83738875	7037.13326451
580	2018-08-05 12:00:00	7070.1411173	6899.0	7032.89789203	7001.74683708	1031157.7239891	147.71123398	6980.90250961
581	2018-08-05 16:00:00	7040.0	6955.00000002	7000.01838946	7020.79382288	622073.65901596	88.93229399	6994.91299623
582	2018-08-05 20:00:00	7078.99999999	7009.46	7020.79382288	7034.20000001	367640.16240123	52.24323702	7037.08620238
583	2018-08-06 00:00:00	7149.0	7020.01513133	7020.01513133	7088.67950001	774690.87014508	108.7526149	7123.42292511
584	2018-08-06 04:00:00	7116.06044256	6992.26752809	7088.6795	7004.62852323	991600.10508037	140.49033339	7058.13760387
585	2018-08-06 08:00:00	7020.99999955	6934.0	7013.73575001	6975.96643005	779831.4337181	111.80383584	6974.99712652
586	2018-08-06 12:00:00	6991.48276017	6886.04504635	6975.95692422	6969.32688127	1123038.9202966	162.0975347	6928.16779955
587	2018-08-06 16:00:00	6981.68899312	6893.24629837	6970.07605926	6942.17647754	675862.52443311	97.53407728	6929.50139357
588	2018-08-06 20:00:00	6947.0	6850.0	6942.19549119	6928.5	1410803.0690328	204.8576811	6886.74723572
589	2018-08-07 00:00:00	6987.99999984	6905.05704119	6938.75121385	6944.53878769	582993.25970783	83.84928598	6952.87089083
590	2018-08-07 04:00:00	7079.57561062	6926.15777588	6944.390985	7020.0	1117710.6782499	159.25634958	7018.31155365
591	2018-08-07 08:00:00	7107.99999997	7025.29873686	7026.001337	7091.50200433	1011597.5755897	143.1858396	7064.92749852
592	2018-08-07 12:00:00	7150.46150139	7057.98442587	7091.99999999	7118.90090525	944737.37547499	133.03449087	7101.44692024
593	2018-08-07 16:00:00	7140.0	7005.3755543	7111.13114907	7005.3755543	1027757.1853039	144.8356208	7096.02499459
594	2018-08-07 20:00:00	7005.3755543	6663.47410509	7005.00000027	6712.0	4333964.7576123	637.43898541	6799.02681952
595	2018-08-08 00:00:00	6722.15692553	6565.71970312	6722.15692553	6592.29367998	1980332.3110081	299.62185519	6609.4387866
596	2018-08-08 04:00:00	6595.92878346	6400.0	6592.29367998	6460.17836168	3833064.1715157	591.42174736	6481.10115772
597	2018-08-08 08:00:00	6525.0	6444.44	6453.72400094	6508.84465316	1471455.1387996	226.53222872	6495.56642387
598	2018-08-08 12:00:00	6523.30680561	6420.66738798	6512.0	6479.61547139	2068903.0521937	319.95117949	6466.30856461
599	2018-08-08 16:00:00	6489.29999999	6124.0	6476.51700001	6346.96352006	4541510.4920296	723.12831507	6280.36601165
600	2018-08-08 20:00:00	6347.93421838	6222.003	6346.96352006	6278.64307702	1146093.8693786	182.19345089	6290.53274846
601	2018-08-09 00:00:00	6330.0	6258.7386	6280.67370878	6320.80603199	406522.66502818	64.48154203	6304.48113103
602	2018-08-09 04:00:00	6376.38078887	6288.8626	6320.80603198	6315.31859994	511489.97587849	80.7251353	6336.19224021
603	2018-08-09 08:00:00	6348.0	6276.61773104	6318.7761919	6322.0	554082.02978465	87.6900067	6318.64508438
604	2018-08-09 12:00:00	6551.8614506	6184.29063412	6322.0	6444.840104	3826147.5915428	598.07213851	6397.46837409
605	2018-08-09 16:00:00	6504.62223691	6430.33016645	6444.840104	6470.0	805751.18623776	124.60658792	6466.36104629
606	2018-08-09 20:00:00	6615.89544153	6459.86740815	6464.0026941	6526.3435	2081732.7668535	316.64686068	6574.30413926
607	2018-08-10 00:00:00	6568.00000059	6434.93144327	6534.98999998	6455.90157001	578973.90847385	89.13086476	6495.77349028
608	2018-08-10 04:00:00	6478.4744652	6378.3371945	6455.90157002	6455.0	704274.30946106	109.6160959	6424.9169219
609	2018-08-10 08:00:00	6465.47894078	6305.08493348	6462.058132	6327.85134158	892715.0819014	140.16929374	6368.83484308
610	2018-08-10 12:00:00	6512.38	6322.2099	6325.05260266	6446.059024	1491692.7641215	230.52033734	6470.9811782
611	2018-08-10 16:00:00	6454.0	6344.14735726	6446.059024	6396.84	872530.7420845	136.47276913	6393.44205915
612	2018-08-10 20:00:00	6398.29872559	6017.1712832	6395.0	6147.0	4508651.8752858	734.97436154	6134.4342214
613	2018-08-11 00:00:00	6169.9	6071.80129757	6147.0	6106.06194516	1249880.8314129	204.3317476	6116.91940236
614	2018-08-11 04:00:00	6147.28999998	6011.0	6109.43179172	6106.63100061	3534699.8947223	582.20778872	6071.19994477
615	2018-08-11 08:00:00	6164.08577255	6080.0	6106.63100042	6107.08082546	1308494.9107776	213.7682806	6121.090122
616	2018-08-11 12:00:00	6144.09949804	6069.120725	6109.078725	6112.0	1927805.8201554	316.05636213	6099.56340433
617	2018-08-11 16:00:00	6479.27935498	6069.93466765	6112.0	6390.99999996	2977082.8771453	471.85595553	6309.30444398
618	2018-08-11 20:00:00	6417.69386637	6215.0	6389.35276247	6220.0	840271.99972513	132.59634932	6337.06737805
619	2018-08-12 00:00:00	6294.78604226	6158.99999999	6220.2475963	6277.96703137	645194.07096425	103.3103349	6245.20355672
620	2018-08-12 04:00:00	6367.9609674	6248.07910104	6277.14502967	6317.85927502	507774.46396876	80.36153664	6318.62561617
621	2018-08-12 08:00:00	6359.82104292	6278.24668076	6318.30940745	6357.50023163	905614.5201548	143.36035817	6317.04978778
622	2018-08-12 12:00:00	6362.777	6198.0	6353.00000064	6316.52918398	1216351.530733	193.39771941	6289.37887397
623	2018-08-12 16:00:00	6469.0	6224.03041109	6316.52918399	6327.51259736	2071580.9283877	327.84656603	6318.75133991
624	2018-08-12 20:00:00	6390.88402745	6286.5041238	6317.38438177	6310.79273054	598576.78968605	94.49764977	6334.30345773
625	2018-08-13 00:00:00	6359.17989834	6310.79273085	6310.99999751	6353.36143065	197504.19832718	31.18383138	6333.54496823
626	2018-08-13 04:00:00	6447.40405962	6303.96246475	6355.97311251	6426.55167094	1456929.2796692	229.31600413	6353.36938299
627	2018-08-13 08:00:00	6530.0	6426.55167094	6426.55167094	6444.84599469	874153.53657475	135.16351238	6467.3780755
628	2018-08-13 12:00:00	6464.2313986	6253.0	6442.00000038	6290.313	1199918.6946846	188.62804162	6361.29540644
629	2018-08-13 16:00:00	6323.2858	6151.0	6290.313	6235.44075	2777948.0953777	446.52069313	6221.31994802
630	2018-08-13 20:00:00	6295.44325736	6213.46796114	6235.44075	6247.99951731	872543.78547181	139.37427665	6260.43633333
631	2018-08-14 00:00:00	6247.15589592	5755.0	6246.22906202	5978.7580464	6793238.2478978	1138.12673756	5968.78890874
632	2018-08-14 04:00:00	6062.32269513	5922.6826306	5970.91745283	6029.99999998	1446072.0175305	241.49811388	5987.92261478
633	2018-08-14 08:00:00	6066.57297499	5974.37057998	6025.93348952	6008.66329635	1404656.521577	233.74381163	6009.38485507
634	2018-08-14 12:00:00	6157.98999987	5969.0059237	6008.66329634	6030.3321303	2299747.2245261	379.47649852	6060.31528565
635	2018-08-14 16:00:00	6110.42158489	5985.85043219	6030.3321303	6083.0	3178915.0227527	526.86058449	6033.69300406
636	2018-08-14 20:00:00	6220.0	6028.23986511	6083.0	6189.72523945	1650572.9443433	269.50626281	6124.43260922
637	2018-08-15 00:00:00	6293.04624085	6176.69636165	6190.83856624	6291.0	2349305.8665649	375.69787546	6253.17847136
638	2018-08-15 04:00:00	6448.99999999	6272.81345823	6293.07978563	6391.54782835	1139293.6135416	179.40569514	6350.3759602
639	2018-08-15 08:00:00	6450.0	6282.71	6391.54782835	6344.68032516	1756965.8668278	276.37506536	6357.17938063
640	2018-08-15 12:00:00	6462.10747832	6309.81841545	6344.68032544	6430.0	1127735.572476	175.99562308	6407.74783338
641	2018-08-15 16:00:00	6650.0	6354.3583113	6434.91653398	6368.26058267	4287768.022546	656.20104572	6534.22918252
642	2018-08-15 20:00:00	6447.72328792	6243.0	6368.70389597	6265.65991614	1474724.8935402	233.26433405	6322.11906524
643	2018-08-16 00:00:00	6322.08	6212.0	6275.84255265	6286.27465064	897955.35861009	143.17161141	6271.88134412
644	2018-08-16 04:00:00	6413.98524118	6260.00000001	6278.2089576	6373.6	1271640.117756	200.24525049	6350.41337881
645	2018-08-16 08:00:00	6472.43620644	6369.86700176	6381.77835883	6429.0542922	1111907.2717356	173.59570889	6405.15412993
646	2018-08-16 12:00:00	6469.29177547	6281.92529256	6430.83197765	6399.0	2831539.9333074	446.05031533	6348.02809457
647	2018-08-16 16:00:00	6457.77777777	6374.56969472	6399.699	6412.98808757	849254.29104055	132.55582017	6406.76727699
648	2018-08-16 20:00:00	6414.5	6210.00000001	6411.30273581	6312.89651855	1753874.0730323	279.43988126	6276.39141959
649	2018-08-17 00:00:00	6440.0	6286.1254482	6312.89651887	6417.02869	889636.69474561	139.67079187	6369.52567415
650	2018-08-17 04:00:00	6522.39974999	6409.71248647	6417.02869	6493.40000001	1601714.878067	247.36609345	6475.07851916
651	2018-08-17 08:00:00	6544.0	6402.7573	6487.0	6457.8	954509.78245286	147.7134553	6461.90139222
652	2018-08-17 12:00:00	6523.14134001	6435.0	6460.40812867	6467.10601	1100461.6717895	169.80791527	6480.6264775
653	2018-08-17 16:00:00	6550.50021	6453.82	6470.77388173	6496.0	2231635.2706726	342.9842783	6506.52351103
654	2018-08-17 20:00:00	6580.0	6434.45722489	6491.70885707	6579.0	1133538.6387552	173.47908289	6534.15166757
655	2018-08-18 00:00:00	6619.88375235	6470.50020974	6579.0	6517.99999947	1194453.8946214	182.21883245	6555.05184926
656	2018-08-18 04:00:00	6537.49999941	6443.8475	6518.43176837	6467.701775	888575.75304354	136.89850058	6490.76322442
657	2018-08-18 08:00:00	6527.5085113	6467.70177484	6467.70177488	6510.68275021	552910.47071921	85.15042696	6493.33761977
658	2018-08-18 12:00:00	6519.18172555	6310.0	6499.66817519	6355.0	2009654.6285595	315.46686083	6370.41438606
659	2018-08-18 16:00:00	6374.23999984	6300.75370135	6355.00000001	6371.0	1106313.8186816	174.69895208	6332.68720567
660	2018-08-18 20:00:00	6434.0	6322.33642084	6365.68751003	6388.0	483526.51658876	75.9164242	6369.19509426
661	2018-08-19 00:00:00	6388.0	6306.21067385	6388.0	6332.6	282046.22604035	44.42715664	6348.5095012
662	2018-08-19 04:00:00	6388.0	6326.07746533	6328.08455518	6352.006	412006.96531921	64.71320675	6366.65969762
663	2018-08-19 08:00:00	6450.944	6346.60000023	6359.20654	6423.54560124	694370.61115972	108.61313281	6393.06309647
664	2018-08-19 12:00:00	6463.6360838	6377.0	6428.35036649	6396.30025026	908021.41736748	141.53524218	6415.51463354
665	2018-08-19 16:00:00	6408.96166364	6335.0	6398.3618483	6379.52	949014.59445888	149.08336696	6365.66381488
666	2018-08-19 20:00:00	6544.22339997	6358.93153947	6377.35998986	6487.46551362	1897308.4585913	292.3063551	6490.82178846
667	2018-08-20 00:00:00	6521.57330046	6477.41253769	6480.62482263	6478.7625	717442.37367568	110.42181271	6497.28849824
668	2018-08-20 04:00:00	6492.25127336	6422.2692526	6489.22795196	6464.04832	294903.95039634	45.63737018	6461.89623182
669	2018-08-20 08:00:00	6465.79999999	6379.794175	6459.50221441	6450.99	1009342.1381017	157.32446654	6415.67176612
670	2018-08-20 12:00:00	6475.0	6392.08136108	6445.43265784	6431.51717448	783040.67858361	121.67691685	6435.40861204
671	2018-08-20 16:00:00	6499.89999984	6405.1173	6434.53741661	6447.39	357993.83173519	55.38408616	6463.83928229
672	2018-08-20 20:00:00	6463.0	6222.50117648	6445.28063002	6250.0	3336388.8221782	529.60091831	6299.81691275
673	2018-08-21 00:00:00	6337.30005646	6248.0	6250.1	6306.69943	761590.4711905	120.85361967	6301.75970955
674	2018-08-21 04:00:00	6426.13	6278.94466067	6305.69933958	6395.0	1033579.9942635	162.79437781	6348.99072171
675	2018-08-21 08:00:00	6484.30000001	6390.51557433	6390.51557433	6439.87948999	870996.96511549	135.18991556	6442.76580473
676	2018-08-21 12:00:00	6440.0	6389.0	6438.59989999	6416.13861241	543828.21041526	84.84367678	6409.76712767
677	2018-08-21 16:00:00	6453.40904337	6365.0	6416.13861241	6429.242488	665609.99045524	103.63268616	6422.78044812
678	2018-08-21 20:00:00	6490.0	6411.68509855	6428.23049224	6468.94324001	412591.27138099	63.8434694	6462.54464643
679	2018-08-22 00:00:00	6894.59709394	6436.59852381	6479.13228986	6725.0	5178274.6895582	770.649097	6719.36775079
680	2018-08-22 04:00:00	6750.0	6612.65178127	6725.0	6646.15145318	1530980.7423362	228.81072767	6691.03567794
681	2018-08-22 08:00:00	6707.78359627	6631.85002456	6657.66172	6663.90702239	765106.06002742	114.78524037	6665.54391105
682	2018-08-22 12:00:00	6686.1	6465.0	6667.39507614	6465.0	1642879.9884631	248.45009116	6612.51513651
683	2018-08-22 16:00:00	6470.0	6394.737761	6470.0	6435.2498196	2466924.9606239	383.7235153	6428.91264741
684	2018-08-22 20:00:00	6458.27437058	6255.60855945	6426.3243	6354.76760181	2713741.1788366	426.53991716	6362.22090749
685	2018-08-23 00:00:00	6432.99305025	6344.41097009	6354.76760182	6401.8769219	454647.76066826	71.02536682	6401.20257063
686	2018-08-23 04:00:00	6444.0	6386.49794196	6401.8769219	6435.69989999	384165.23756617	59.79471614	6424.7355346
687	2018-08-23 08:00:00	6442.42509528	6395.92768364	6436.0	6406.97895655	596122.93396144	92.92487277	6415.10627016
688	2018-08-23 12:00:00	6480.9723407	6396.373675	6407.0	6451.26999845	887244.24127015	137.82185617	6437.6163979
689	2018-08-23 16:00:00	6488.89999982	6375.0	6447.77137221	6414.15362	740550.57543048	115.0826026	6434.94810422
690	2018-08-23 20:00:00	6567.21624341	6409.06375994	6414.15362	6530.61679861	754774.80878238	115.81021173	6517.34244767
691	2018-08-24 00:00:00	6540.92268999	6480.0	6525.836537	6495.44646231	245269.14167721	37.73576402	6499.6469012
692	2018-08-24 04:00:00	6550.0	6480.70000036	6495.44646231	6530.0	231424.00239349	35.46612263	6525.21294215
693	2018-08-24 08:00:00	6576.89625	6509.747924	6530.23694389	6542.0	367872.71307853	56.1563637	6550.86420915
694	2018-08-24 12:00:00	6562.54998999	6458.00247604	6541.99999872	6499.3	1094692.5686311	168.04843877	6514.14899563
695	2018-08-24 16:00:00	6640.58676857	6500.0	6500.0000006	6618.7	2303166.4445793	349.1842522	6595.84855293
696	2018-08-24 20:00:00	6718.0	6596.89480631	6618.7	6685.5221834	756065.64059663	113.3164057	6672.16398125
697	2018-08-25 00:00:00	6789.0	6693.30687869	6693.30687869	6723.3925399	557993.23732427	82.74132906	6743.82734316
698	2018-08-25 04:00:00	6743.80174	6665.0	6723.0	6677.0	918124.55333259	136.95183765	6703.99586516
699	2018-08-25 08:00:00	6726.13867	6676.96186814	6677.61097	6700.5828099	281998.14093362	42.08897554	6700.04763279
700	2018-08-25 12:00:00	6749.99999999	6670.00000001	6700.77730057	6735.8206	571168.5242276	85.26928907	6698.40842414
701	2018-08-25 16:00:00	6735.8206	6691.23000001	6735.8206	6713.0	526665.23117601	78.49059638	6709.91501486
702	2018-08-25 20:00:00	6769.9	6685.0	6710.71914398	6726.09110293	630068.77094606	93.74298544	6721.23645293
703	2018-08-26 00:00:00	6778.39567784	6605.51605	6726.25829319	6618.4	738787.78112212	110.7131604	6672.98971913
704	2018-08-26 04:00:00	6643.36822	6571.29781001	6618.4	6637.02224384	601685.23137891	91.04602472	6608.58322183
705	2018-08-26 08:00:00	6711.99220941	6625.68785927	6643.73780933	6693.49540013	593448.03229439	89.04009541	6664.95278965
706	2018-08-26 12:00:00	6737.00556	6663.0855535	6695.0	6678.0	794594.38085703	118.51907284	6704.3587316
707	2018-08-26 16:00:00	6707.0	6630.0	6678.00999999	6701.0	563713.24913767	84.54136236	6667.89880599
708	2018-08-26 20:00:00	6713.50091703	6654.21452445	6698.01690462	6713.15160008	1475621.1705119	221.18024392	6671.57764346
709	2018-08-27 00:00:00	6711.7249996	6650.0	6711.7249996	6672.90758999	356396.05398513	53.38013187	6676.56750742
710	2018-08-27 04:00:00	6732.838	6672.90758999	6672.95758999	6709.07085606	650890.01129957	96.94147022	6714.25768375
711	2018-08-27 08:00:00	6720.0	6686.6612961	6709.07085606	6702.29223062	204551.28696974	30.50251005	6706.04768704
712	2018-08-27 12:00:00	6757.484	6685.61210375	6713.57999999	6747.10793479	447797.52000725	66.5946342	6724.2282413
713	2018-08-27 16:00:00	6755.0198	6724.0	6747.1848726	6744.0	515818.34422496	76.48609233	6743.94950129
714	2018-08-27 20:00:00	6935.81519294	6712.75350001	6744.0	6905.0	1792051.9599982	262.06942445	6838.08103047
715	2018-08-28 00:00:00	6935.998875	6863.0	6899.94648226	6873.74502603	822424.34124785	119.13825825	6903.10865148
716	2018-08-28 04:00:00	6941.34190493	6875.0	6875.0	6922.88978398	587617.86748908	84.94818781	6917.36789963
717	2018-08-28 08:00:00	7099.43763433	6905.22480301	6922.90596706	7033.05990002	2619269.2484988	373.58927323	7011.09329465
718	2018-08-28 12:00:00	7088.91908462	6998.98950592	7033.05990001	7057.58437879	1975346.0240129	280.43627018	7043.83217885
719	2018-08-28 16:00:00	7110.79688958	7001.0	7046.3	7101.22	994180.94035855	140.95748149	7053.05550191
720	2018-08-28 20:00:00	7125.2884	7034.0	7101.22	7076.19119035	740703.03758796	104.50669397	7087.61333317
721	2018-08-29 00:00:00	7090.0799372	7015.0	7076.30737	7033.34676941	423496.80332987	60.06820193	7050.26602633
722	2018-08-29 04:00:00	7076.77284999	7033.34676941	7033.34676941	7058.47710445	210564.80417355	29.84621491	7054.99189121
723	2018-08-29 08:00:00	7123.00003973	7042.39411018	7061.08438956	7092.89999	546775.73048904	77.140557	7088.04488524
724	2018-08-29 12:00:00	7113.40311977	6899.9	7092.89999	6970.0	2302276.3533127	328.1508507	7015.90853231
725	2018-08-29 16:00:00	7022.03549988	6930.452375	6970.0	7005.46757	1057439.7523231	151.31172419	6988.48524781
726	2018-08-29 20:00:00	7065.90004984	6992.84994917	7006.69	7032.11521635	645084.89511118	91.6673649	7037.23616158
727	2018-08-30 00:00:00	7059.01888	6970.0	7040.3	7025.62807985	367412.55638564	52.33575008	7020.29790007
728	2018-08-30 04:00:00	7025.44489982	6940.0	7022.86593002	6974.01391741	850289.72382347	121.81621588	6980.10291717
729	2018-08-30 08:00:00	6984.43895667	6850.0	6975.79901247	6878.59995961	2392167.0846718	346.00245458	6913.72865425
730	2018-08-30 12:00:00	6899.0	6819.0	6872.25690015	6860.71336777	1328238.9116041	193.71649488	6856.61235212
731	2018-08-30 16:00:00	6880.00000001	6805.54366445	6860.71336777	6820.173	825323.18813197	120.58770872	6844.17339787
732	2018-08-30 20:00:00	6999.11879999	6808.20184777	6820.08650001	6992.11499978	1057256.7018194	152.71737778	6922.96264634
733	2018-08-31 00:00:00	6986.97999986	6929.65015127	6984.6111043	6966.05390455	461667.5261474	66.30926286	6962.33838584
734	2018-08-31 04:00:00	7017.9940053	6960.48720002	6963.68123738	6961.0	729424.2775602	104.36868041	6988.91923031
735	2018-08-31 08:00:00	6985.09579668	6940.36172242	6960.48720115	6966.26809566	536967.04417576	77.09207307	6965.26922668
736	2018-08-31 12:00:00	6989.0	6887.9150175	6972.99999969	6963.12408999	1045945.7890085	150.57451522	6946.36663767
737	2018-08-31 16:00:00	7090.0	6946.01706522	6962.63447	7049.97524984	1601118.4553061	227.36422637	7042.08608745
738	2018-08-31 20:00:00	7068.20903979	7003.75017084	7050.96552077	7026.53245	1460035.2385771	207.4223761	7038.94761032
739	2018-09-01 00:00:00	7072.79520012	7013.87034594	7019.16858241	7062.42402547	550965.17450509	78.15862823	7049.31991492
740	2018-09-01 04:00:00	7069.48246139	7028.0268219	7068.86477	7050.0	579259.3218875	82.13431946	7052.58563893
741	2018-09-01 08:00:00	7114.845	7045.00000004	7050.0	7069.0	715699.45871371	101.1085155	7078.528007
742	2018-09-01 12:00:00	7252.48316871	7029.01770781	7065.00000005	7170.18089699	4244752.8575287	592.74299311	7161.20292752
743	2018-09-01 16:00:00	7275.0	7170.01750017	7170.18089699	7259.58373623	1292475.9925844	179.38171765	7205.17123771
744	2018-09-01 20:00:00	7259.58373623	7175.41949479	7259.58373623	7202.0	823850.59040827	114.37489026	7203.07218249
745	2018-09-02 00:00:00	7202.0	7130.8720297	7201.66	7194.9999987	1068572.8707234	149.14017807	7164.8893313
746	2018-09-02 04:00:00	7248.72352658	7194.2804976	7194.2804976	7245.29797	591477.38991349	81.87397486	7224.24178043
747	2018-09-02 08:00:00	7327.18242306	7223.79784092	7245.19796984	7230.31560507	3165691.6747411	434.47824434	7286.19146293
748	2018-09-02 12:00:00	7270.91485898	7184.99999999	7236.84745426	7217.92164	1387704.6135642	192.0283207	7226.56225136
749	2018-09-02 16:00:00	7338.0	7189.0	7215.0	7300.0	1300292.5441318	178.81611534	7271.67426526
750	2018-09-02 20:00:00	7306.5460388	7261.18454799	7300.0	7299.99999999	371600.33374879	51.00091145	7286.15083895
751	2018-09-03 00:00:00	7319.0	7250.0	7300.0	7256.13871	522154.36019096	71.77449985	7274.92857884
752	2018-09-03 04:00:00	7260.84178166	7196.07706309	7260.0	7260.84178123	1075580.5617434	149.0322979	7217.09707828
753	2018-09-03 08:00:00	7269.88229219	7207.64457293	7260.8317816	7235.92286872	439344.9060141	60.72080178	7235.49250232
754	2018-09-03 12:00:00	7299.0	7228.20802268	7228.20802268	7290.51037025	961863.25453952	132.1422416	7278.99907624
755	2018-09-03 16:00:00	7335.0	7260.0	7290.51037072	7319.0	1044794.6468032	143.27415937	7292.27553242
756	2018-09-03 20:00:00	7335.0	7250.95195711	7319.7319	7267.45	717451.05482495	98.50426672	7283.45155712
757	2018-09-04 00:00:00	7300.0	7255.00000025	7267.44999903	7278.0322093	303650.54042207	41.68846312	7283.80270455
758	2018-09-04 04:00:00	7317.741825	7246.40614416	7274.40060844	7317.741825	552587.25764822	75.82584018	7287.58502822
759	2018-09-04 08:00:00	7344.7935	7290.10742865	7317.741825	7344.7935	1016554.3696895	138.89820186	7318.70071805
760	2018-09-04 12:00:00	7403.0	7335.00000001	7344.7935	7379.98381693	1347754.0087683	182.70606853	7376.62421183
761	2018-09-04 16:00:00	7409.75926505	7339.95700015	7380.0	7353.0	811433.94428405	110.05413374	7373.04376227
762	2018-09-04 20:00:00	7381.69941348	7344.76247186	7353.0	7359.08511489	639699.05622576	86.86952507	7363.90645292
763	2018-09-05 00:00:00	7395.893925	7359.0	7359.08511332	7379.98621775	243806.31080374	33.03483613	7380.27910428
764	2018-09-05 04:00:00	7387.41240706	7355.96011242	7379.98621745	7377.40254358	427330.8851413	57.97896556	7370.44686834
765	2018-09-05 08:00:00	7389.36999982	6916.1233799	7377.12122739	6995.0155589	5842988.8332	822.14769815	7106.98192836
766	2018-09-05 12:00:00	7050.0	6950.0	6987.96363224	6990.0	2035521.121728	290.74346305	7001.08989682
767	2018-09-05 16:00:00	6999.55947125	6866.94390768	6990.0	6905.21100022	2377874.8959446	343.68920595	6918.67784841
768	2018-09-05 20:00:00	6990.51999999	6680.0	6906.00000023	6700.00000001	2759291.5446777	403.41022301	6839.91477481
769	2018-09-06 00:00:00	6725.70621878	6305.0	6700.41491795	6440.49572109	5475816.1159723	847.66478342	6459.88393416
770	2018-09-06 04:00:00	6475.0	6353.87197806	6446.83063507	6412.55649983	1736465.2669487	271.05451836	6406.33211892
771	2018-09-06 08:00:00	6449.52862901	6300.0	6410.64888809	6407.0	1094116.9362459	171.64075812	6374.45877208
772	2018-09-06 12:00:00	6524.64744149	6390.0	6407.74856	6430.32382999	1298928.0586315	200.91293215	6465.12917178
773	2018-09-06 16:00:00	6479.0	6368.00493477	6430.32382999	6479.0	1054392.9449518	163.99001479	6429.61674405
774	2018-09-06 20:00:00	6535.0	6432.13012733	6474.54042006	6510.00000005	718099.22013486	110.96279673	6471.53137174
775	2018-09-07 00:00:00	6550.0	6470.17489814	6511.50999985	6498.58584423	1729098.19735	265.41922473	6514.5929015
776	2018-09-07 04:00:00	6537.6311	6467.0	6498.58584423	6484.97642079	423801.64933891	65.27556696	6492.50047262
777	2018-09-07 08:00:00	6484.97642079	6320.0	6484.97642079	6371.9999992	1562097.8463386	244.8694497	6379.30884498
778	2018-09-07 12:00:00	6484.59153968	6364.33071483	6372.0	6379.99999965	1065368.9658701	165.78903262	6426.05212801
779	2018-09-07 16:00:00	6476.08541133	6364.33071483	6379.99999965	6426.10168968	636297.60315363	99.04265934	6424.48019261
780	2018-09-07 20:00:00	6449.0	6386.1925	6422.0	6388.73890713	263604.44818128	41.04293526	6422.6509754
781	2018-09-08 00:00:00	6460.4742998	6397.88266733	6397.88266733	6432.65433	256272.12115135	39.79296995	6440.1355685
782	2018-09-08 04:00:00	6464.96806618	6415.28831097	6432.65433	6448.33456239	291607.77074974	45.29302439	6438.24903894
783	2018-09-08 08:00:00	6474.1	6424.00000001	6448.33000001	6440.08349988	128925.98130714	19.98200239	6452.105189
784	2018-09-08 12:00:00	6440.0	6370.0	6440.0	6425.3	453039.48299004	70.79388048	6399.41588055
785	2018-09-08 16:00:00	6428.71605982	6130.00000001	6427.74767423	6174.55674861	3246199.6473581	522.13328162	6217.18584436
786	2018-09-08 20:00:00	6203.10329731	6121.4578745	6177.64586081	6181.8813584	791821.40504602	128.45442641	6164.22047239
787	2018-09-09 00:00:00	6206.31702995	6147.0	6180.55599492	6178.46501825	333188.1926103	53.92904231	6178.27015534
788	2018-09-09 04:00:00	6199.85464873	6169.9239	6176.86851307	6190.86170174	159795.9632069	25.81825573	6189.26254654
789	2018-09-09 08:00:00	6448.58975983	6186.70157212	6190.50142589	6370.0	1711035.3704456	269.62098798	6346.07633205
790	2018-09-09 12:00:00	6433.72148697	6364.96237763	6375.04658999	6369.34218326	501054.03942125	78.38893124	6391.89782913
791	2018-09-09 16:00:00	6396.65515011	6367.17647439	6375.0	6386.39503378	338993.41595646	53.07735871	6386.78005453
792	2018-09-09 20:00:00	6399.46665047	6216.8454882	6386.30418945	6247.78526753	783974.71214188	124.47621326	6298.18896004
793	2018-09-10 00:00:00	6360.18486353	6240.0	6240.0	6320.7252	655606.45999544	103.99412483	6304.26440981
794	2018-09-10 04:00:00	6335.88354966	6278.00000057	6314.98297028	6328.89999998	517618.0534784	82.12745511	6302.61893279
795	2018-09-10 08:00:00	6328.89999999	6250.31106863	6325.99994965	6317.89176	628991.97477578	100.04371686	6287.17119392
796	2018-09-10 12:00:00	6347.50056519	6280.0	6311.0	6292.37335103	599045.76411684	94.99643748	6305.98136106
797	2018-09-10 16:00:00	6300.45372274	6231.0	6299.96115137	6295.61814667	859930.26228357	137.16241284	6269.43084827
798	2018-09-10 20:00:00	6314.99999987	6275.0	6297.78999988	6312.83369544	297333.95128922	47.22315949	6296.35870408
799	2018-09-11 00:00:00	6397.45613999	6291.2693978	6315.0	6352.0	1076205.8871053	169.33542956	6355.4679012
800	2018-09-11 04:00:00	6364.6780589	6310.01621479	6357.30416968	6312.00916016	455459.76551295	71.88223131	6336.19403867
801	2018-09-11 08:00:00	6349.41427742	6254.1	6312.00916016	6275.36510806	856037.18255408	135.8171855	6302.86351025
802	2018-09-11 12:00:00	6298.89492769	6162.34000005	6278.89423	6246.77638824	913239.62618793	146.6646239	6226.72054039
803	2018-09-11 16:00:00	6279.5	6194.62962427	6247.54864439	6279.40262117	527336.01378208	84.51660348	6239.4368925
804	2018-09-11 20:00:00	6320.0	6239.47062426	6275.34842788	6291.15296	1227489.4855663	196.09197651	6259.76395063
805	2018-09-12 00:00:00	6300.59989987	6221.92372769	6291.05295	6261.22	1090499.9568102	174.29987522	6256.45862014
806	2018-09-12 04:00:00	6298.30352999	6226.8753	6261.22	6246.85111248	596398.10022493	95.24170538	6261.94268409
807	2018-09-12 08:00:00	6276.86007039	6197.00000002	6246.85111247	6244.88	1153319.7142688	184.96851399	6235.22181905
808	2018-09-12 12:00:00	6296.69999	6243.7178354	6249.27264665	6274.0	780229.42855135	124.32849821	6275.54776084
809	2018-09-12 16:00:00	6350.0	6265.48961692	6274.0	6323.47099981	988145.25081652	156.70418673	6305.79993704
810	2018-09-12 20:00:00	6350.0	6298.00000001	6319.12089	6338.40716479	290656.62781875	45.95325515	6325.04981137
811	2018-09-13 00:00:00	6434.54341008	6333.42326464	6333.42326464	6386.13476132	619529.99181839	96.73892799	6404.14365437
812	2018-09-13 04:00:00	6417.5159911	6375.21737031	6389.14514511	6388.0	517370.89652949	80.87768968	6396.95444536
813	2018-09-13 08:00:00	6479.21922148	6382.9005132	6388.0	6468.10254862	767156.27482509	119.04692829	6444.15009983
814	2018-09-13 12:00:00	6521.0	6437.78677877	6468.10254863	6479.0	1268141.4427147	195.35606503	6491.43625267
815	2018-09-13 16:00:00	6523.32440495	6425.0	6476.44097235	6448.20670025	862379.47011854	133.13067739	6477.69159614
816	2018-09-13 20:00:00	6516.64013	6421.36377671	6443.64084319	6488.37579999	675724.33359205	104.37390987	6474.07320884
817	2018-09-14 00:00:00	6579.0	6457.68383209	6483.87504268	6556.0	612637.69669822	93.81235621	6530.45847528
818	2018-09-14 04:00:00	6580.81401315	6537.59535817	6550.49494354	6555.90483793	581457.02045959	88.66684784	6557.77254548
819	2018-09-14 08:00:00	6549.993155	6382.7915	6549.993155	6463.0	1935154.0354806	299.66978056	6457.62155885
820	2018-09-14 12:00:00	6481.47499999	6429.00000015	6463.0	6478.96941201	759798.09551735	117.72399317	6454.06322923
821	2018-09-14 16:00:00	6539.99999995	6459.17052438	6476.37782413	6538.71139116	882080.73499369	135.88049035	6491.59222726
822	2018-09-14 20:00:00	6543.99999999	6466.6444003	6538.71139116	6484.07812637	507719.24965392	77.90010027	6517.5686282
823	2018-09-15 00:00:00	6524.9467	6476.26405022	6478.6382	6494.8675	306885.22142392	47.22850283	6497.88164
824	2018-09-15 04:00:00	6514.07117974	6474.352125	6496.36862499	6497.57458608	569766.77607432	87.73891406	6493.88908192
825	2018-09-15 08:00:00	6547.92791999	6495.78963418	6499.370875	6523.04979521	437919.44992419	67.18624784	6517.99235711
826	2018-09-15 12:00:00	6567.5156795	6514.37632787	6523.07877366	6536.398625	490692.2952363	75.02297452	6540.56038667
827	2018-09-15 16:00:00	6554.412125	6510.0	6536.398625	6534.397125	396936.63519855	60.75478049	6533.42225907
828	2018-09-15 20:00:00	6534.39712501	6477.7477637	6534.397125	6516.58184441	262125.03999594	40.25244175	6512.02830436
829	2018-09-16 00:00:00	6519.60810804	6449.53619272	6518.27163	6485.81467588	827292.31951924	127.75246604	6475.74442328
830	2018-09-16 04:00:00	6485.81467589	6375.0	6485.81467589	6450.53904908	1161742.0420389	180.92351137	6421.17784052
831	2018-09-16 08:00:00	6510.5111	6450.53904908	6451.97999988	6496.869	376584.32665953	58.08551197	6483.27463919
832	2018-09-16 12:00:00	6510.504	6460.68113643	6496.869	6474.13479757	270304.69822164	41.66459739	6487.63495039
833	2018-09-16 16:00:00	6509.0	6420.63727336	6476.54697	6501.372375	379093.40971816	58.59665131	6469.54051542
834	2018-09-16 20:00:00	6511.72787791	6477.01509247	6501.372375	6500.08120626	532206.11827603	81.98538977	6491.47512464
835	2018-09-17 00:00:00	6530.0	6500.08120627	6500.08120627	6518.88001753	240198.89191654	36.84660543	6518.88794404
836	2018-09-17 04:00:00	6513.74619328	6462.22996976	6513.74619328	6479.355875	371159.98906295	57.27928234	6479.82959807
837	2018-09-17 08:00:00	6500.0	6415.68342756	6479.355875	6472.25543266	1016726.9171964	157.32539036	6462.57361809
838	2018-09-17 12:00:00	6474.54633615	6206.76043284	6474.54633615	6261.37	2352314.8662117	372.02780059	6322.9545278
839	2018-09-17 16:00:00	6318.63412052	6253.72731498	6262.57322968	6270.65441001	1090765.7202788	173.63312558	6282.01396844
840	2018-09-17 20:00:00	6276.8706	6210.0000001	6268.18718708	6253.27600298	919060.43727765	147.12299359	6246.88510511
841	2018-09-18 00:00:00	6258.03178	6226.48009191	6253.27600297	6242.69910044	530950.35110241	85.06259217	6241.87833403
842	2018-09-18 04:00:00	6285.88394573	6235.78937125	6240.6387955	6285.77999982	658710.42084455	105.16024148	6263.87322408
843	2018-09-18 08:00:00	6293.48715686	6237.08626177	6285.78	6289.13518454	479332.19226536	76.5340761	6262.99050947
844	2018-09-18 12:00:00	6385.38555938	6270.41018108	6286.61953032	6357.0	1689885.080173	266.66148621	6337.19216145
845	2018-09-18 16:00:00	6368.75324	6295.01174	6357.76475	6305.9997	1059794.4497397	167.40298257	6330.79789541
846	2018-09-18 20:00:00	6364.66	6295.0000002	6305.99969999	6336.19450791	1172819.9023177	185.39736072	6325.97949486
847	2018-09-19 00:00:00	6362.10411002	6319.61478039	6333.58189646	6349.09352438	976409.65639515	154.12017475	6335.37859646
848	2018-09-19 04:00:00	6359.01165438	6326.91047004	6351.09129999	6348.50000027	421105.32926451	66.36589238	6345.2070659
849	2018-09-19 08:00:00	6364.64996921	6276.704	6352.0	6286.65816699	1434151.9369331	227.18753083	6312.63490427
850	2018-09-19 12:00:00	6345.76	6263.74126157	6289.72080079	6331.0	668953.90935784	105.99236876	6311.34030858
851	2018-09-19 16:00:00	6523.1804	6120.10000001	6331.0	6412.89350726	4689714.6440683	742.79186769	6313.63218697
852	2018-09-19 20:00:00	6454.91940091	6378.0	6410.18222414	6383.93693339	524103.25356291	81.74608904	6411.35569564
853	2018-09-20 00:00:00	6420.16165966	6379.28882356	6389.46819001	6400.0	306213.440093	47.8761229	6395.95317132
854	2018-09-20 04:00:00	6415.65741381	6385.50602622	6400.1	6407.34294657	264484.72250053	41.33765024	6398.15569982
855	2018-09-20 08:00:00	6438.431	6382.38943379	6410.0	6430.99053282	443917.75978239	69.27075691	6408.44390309
856	2018-09-20 12:00:00	6450.0	6393.5622	6428.4181366	6415.54737252	817983.54567591	127.38315358	6421.4421035
857	2018-09-20 16:00:00	6434.8	6392.07462186	6411.90838001	6422.23486544	335607.47069782	52.27305862	6420.27613378
858	2018-09-20 20:00:00	6550.0	6333.90000001	6419.85859647	6492.03633727	2320371.2974283	359.22692938	6459.34674617
859	2018-09-21 00:00:00	6574.70764717	6492.0	6492.03633727	6551.25249831	1397945.7374124	214.02462597	6531.70508335
860	2018-09-21 04:00:00	6676.76009302	6526.46700012	6552.0	6645.0	1333260.3858722	202.38212881	6587.83655311
861	2018-09-21 08:00:00	6767.0	6645.00000001	6645.00000001	6743.35467	2049655.5354848	305.38027334	6711.81380862
862	2018-09-21 12:00:00	6770.0	6695.76000002	6742.0	6741.00000002	2399134.9686605	356.21457923	6735.0835944
863	2018-09-21 16:00:00	6786.12134509	6684.40580006	6741.00000002	6754.89999956	2573032.0264087	381.9448876	6736.65785285
864	2018-09-21 20:00:00	6778.00000001	6688.17462	6754.1	6757.43406554	1284130.3058639	190.43048045	6743.30234755
865	2018-09-22 00:00:00	6832.39	6720.0	6757.43406554	6749.99999999	1204188.5381557	177.52701019	6783.12858909
866	2018-09-22 04:00:00	6766.91358656	6697.2556	6746.5893801	6722.25196228	805711.6108594	119.74914928	6728.32847417
867	2018-09-22 08:00:00	6732.95749665	6628.7939	6725.54176936	6673.44639238	1559465.9824498	233.55667618	6677.03449096
868	2018-09-22 12:00:00	6714.17853999	6646.98943495	6672.59998	6686.9159999	599867.90803914	89.77702251	6681.75320664
869	2018-09-22 16:00:00	6757.0	6646.98943495	6690.25	6720.00000016	841349.01475531	125.6631066	6695.27467145
870	2018-09-22 20:00:00	6741.70849973	6690.61982622	6721.0	6730.99999804	531191.74572082	79.05816968	6718.99878116
871	2018-09-23 00:00:00	6730.9993997	6685.44709577	6728.8	6718.18	596875.02701969	88.92950559	6711.77718868
872	2018-09-23 04:00:00	6742.8477	6706.80517687	6718.18	6723.0	384015.05062636	57.06751286	6729.13591956
873	2018-09-23 08:00:00	6785.99999964	6722.63355457	6723.0	6752.34048842	615561.46488152	91.09760287	6757.16424459
874	2018-09-23 12:00:00	6755.66510873	6661.00000001	6750.0	6686.915256	939239.59043244	139.86090261	6715.52644738
875	2018-09-23 16:00:00	6711.6534311	6675.33600001	6687.375632	6703.40869999	520108.80070338	77.67814773	6695.690048
876	2018-09-23 20:00:00	6720.0	6671.54974978	6694.9432575	6711.950582	716412.43933829	106.97026735	6697.30437331
877	2018-09-24 00:00:00	6729.76999789	6665.1	6700.80135001	6717.71393354	635529.35713391	94.77929344	6705.36078153
878	2018-09-24 04:00:00	6717.71393354	6615.74248057	6717.7139332	6677.28236089	668256.40840109	100.3560509	6658.85517024
879	2018-09-24 08:00:00	6677.28236089	6578.72623096	6677.28236089	6586.79564149	1263302.2987383	191.16671663	6608.3799576
880	2018-09-24 12:00:00	6638.53189987	6586.79564128	6587.24501679	6605.01770809	818264.21580477	123.70017205	6614.89957729
881	2018-09-24 16:00:00	6666.70860449	6601.67840834	6612.35162262	6627.860699	766069.81922605	115.30047411	6644.11681859
882	2018-09-24 20:00:00	6643.1	6560.0	6621.27680748	6590.24225756	799533.35073024	121.33970681	6589.21446037
883	2018-09-25 00:00:00	6587.69911094	6406.52382883	6585.67972447	6464.0	1585036.1130528	244.99717566	6469.60973645
884	2018-09-25 04:00:00	6482.54999968	6370.86884133	6464.0	6389.94549393	855718.69825156	133.07384853	6430.40467908
885	2018-09-25 08:00:00	6437.753	6374.18010191	6384.96366297	6405.0	535209.7149651	83.57320429	6404.08273814
886	2018-09-25 12:00:00	6455.25734016	6367.19808814	6405.0	6414.2563509	617574.8131984	96.31367893	6412.119442
887	2018-09-25 16:00:00	6428.14685186	6334.35826089	6409.47076226	6374.29631777	928275.97418915	145.50065199	6379.87501425
888	2018-09-25 20:00:00	6464.67629866	6365.60303015	6365.62119864	6440.89	1081739.7199161	168.66556803	6413.51837574
889	2018-09-26 00:00:00	6443.27272316	6384.23702625	6443.27272316	6393.06460905	714949.51237625	111.48499733	6412.96613444
890	2018-09-26 04:00:00	6469.9	6389.7521475	6393.0	6454.9	913203.80601739	141.79897353	6440.12987741
891	2018-09-26 08:00:00	6530.46200001	6430.12225392	6458.63998999	6530.462	955493.52326242	147.51706102	6477.1729904
892	2018-09-26 12:00:00	6556.0	6470.30000262	6530.462	6536.95838608	1086270.8257755	166.60239903	6520.13915825
893	2018-09-26 16:00:00	6547.9	6487.56219153	6537.34734	6490.28857842	860529.58894706	131.78231883	6529.9320621
894	2018-09-26 20:00:00	6516.31737352	6414.25124261	6499.66372385	6465.05487499	1037500.8825965	160.45570125	6465.96459031
895	2018-09-27 00:00:00	6525.0	6452.59338704	6468.39999837	6508.25758992	559646.90390919	86.14341618	6496.68806655
896	2018-09-27 04:00:00	6513.09999995	6450.73278431	6508.76087081	6466.21264767	214415.26504698	33.08412466	6480.91092783
897	2018-09-27 08:00:00	6507.99999998	6432.40000001	6458.88122253	6499.99999995	569458.87799304	87.95242681	6474.62382389
898	2018-09-27 12:00:00	6538.09999998	6484.11714253	6499.7776147	6493.83226686	833394.79457523	127.86285971	6517.88014491
899	2018-09-27 16:00:00	6680.93797999	6493.90456533	6497.0	6674.34818347	1496692.6653104	227.42494213	6581.04010621
900	2018-09-27 20:00:00	6739.49466574	6645.18879142	6674.34818347	6692.51876894	1975603.7156785	295.02142497	6696.47540303
901	2018-09-28 00:00:00	6729.49046	6683.72468001	6692.51876891	6704.42374973	448778.56243198	66.90190583	6708.00864137
902	2018-09-28 04:00:00	6800.0	6690.0	6695.56949151	6784.89726003	1187254.1324903	175.79739587	6753.53651636
903	2018-09-28 08:00:00	6787.0	6600.0	6784.89726003	6653.15572383	1317428.4406551	197.69889848	6663.81275153
904	2018-09-28 12:00:00	6690.0	6586.62416664	6662.88976989	6670.39999985	758679.79862549	114.11200226	6648.55390843
905	2018-09-28 16:00:00	6690.94710013	6540.67000001	6665.0	6675.7263	1235082.4267027	186.56538571	6620.1049139
906	2018-09-28 20:00:00	6681.79815207	6622.23000011	6680.0	6641.01010618	230842.78824896	34.70696327	6651.19522134
907	2018-09-29 00:00:00	6640.48566538	6490.00000048	6640.48566538	6504.01600379	616328.23851061	94.33444208	6533.43810511
908	2018-09-29 04:00:00	6546.21569176	6478.42879199	6504.01600378	6540.97976642	767872.47315103	118.01703055	6506.45478514
909	2018-09-29 08:00:00	6618.9496	6537.57501378	6540.97976642	6599.02720003	1547170.379088	235.52274865	6569.09104515
910	2018-09-29 12:00:00	6609.57237894	6542.93150013	6599.02720003	6609.57237894	458118.80901619	69.56850778	6585.14640654
911	2018-09-29 16:00:00	6604.71447599	6560.0	6597.20347202	6593.30253548	247306.85053698	37.55855997	6584.56689326
912	2018-09-29 20:00:00	6632.0	6581.02	6593.30253548	6597.36970001	381976.09498336	57.79969277	6608.61808562
913	2018-09-30 00:00:00	6608.50968008	6565.0	6597.36970001	6583.0	210616.08560468	31.99384518	6583.01884064
914	2018-09-30 04:00:00	6597.80683137	6554.60031562	6581.77390309	6585.0	403372.10060552	61.33520043	6576.51883058
915	2018-09-30 08:00:00	6666.6	6577.692098	6585.0	6635.15	878072.19234114	132.66996516	6618.47006051
916	2018-09-30 12:00:00	6655.6	6586.90915678	6635.15	6610.0	459971.74396746	69.40893131	6626.98207977
917	2018-09-30 16:00:00	6634.3	6594.77820682	6610.0	6615.68174099	273017.92969049	41.2352693	6620.98088178
918	2018-09-30 20:00:00	6647.87999998	6537.31343531	6612.58183137	6620.0	767911.96068034	116.26506652	6604.83826883
919	2018-10-01 00:00:00	6666.7600838	6630.64656696	6631.35417381	6649.29239968	137156.40039651	20.61915935	6651.8909946
920	2018-10-01 04:00:00	6656.20512787	6601.57217682	6648.29312395	6601.57217682	143761.15905609	21.67767058	6631.76232545
921	2018-10-01 08:00:00	6633.08199457	6565.0	6609.35676556	6596.1	666851.66449678	100.83714621	6613.15486961
922	2018-10-01 12:00:00	6617.27093602	6511.11000004	6598.3660664	6570.9752231	1230709.9080847	187.26125848	6572.15442251
923	2018-10-01 16:00:00	6608.87927	6546.77502741	6562.91526863	6575.98610001	346255.41988591	52.61652891	6580.7347436
924	2018-10-01 20:00:00	6630.0	6578.66628231	6578.66628231	6607.8	463669.61782991	70.28398602	6597.08767368
925	2018-10-02 00:00:00	6629.99999999	6586.82200424	6609.70183894	6610.0	245353.67080617	37.11715553	6610.2498239
926	2018-10-02 04:00:00	6620.0	6590.71521074	6610.0	6604.85209997	144372.83997311	21.85357066	6606.37303712
927	2018-10-02 08:00:00	6612.79951602	6572.11659278	6602.92222813	6575.0	257456.04894999	39.06894563	6589.78748462
928	2018-10-02 12:00:00	6592.9405823	6537.0	6574.96907035	6561.2449524	734552.23866321	111.92702963	6562.7779196
929	2018-10-02 16:00:00	6580.0	6480.24797347	6560.10463654	6564.01270146	2217840.0607289	339.38083	6534.95974044
930	2018-10-02 20:00:00	6580.04786984	6526.00000052	6562.52000001	6541.60056855	292501.41814254	44.57423961	6562.1179565
931	2018-10-03 00:00:00	6544.2836499	6425.0	6526.0	6456.66660884	1098093.299201	169.25956596	6487.6291805
932	2018-10-03 04:00:00	6489.50628539	6444.14800053	6459.47752205	6464.09503455	460745.13870293	71.17016192	6473.85261285
933	2018-10-03 08:00:00	6503.53818	6455.60315	6464.48192522	6499.0	796098.52709139	122.83494714	6481.04261553
934	2018-10-03 12:00:00	6542.72657849	6457.749665	6499.0	6510.0	779030.15291465	119.86538652	6499.20861669
935	2018-10-03 16:00:00	6528.82898465	6464.01302096	6510.0	6476.46243882	355626.38285141	54.73625425	6497.0902325
936	2018-10-03 20:00:00	6535.89433001	6455.0	6476.46243882	6503.93358207	330861.53580673	51.00595156	6486.72411135
937	2018-10-04 00:00:00	6642.0	6503.95019086	6503.98340849	6599.3	774616.53181475	117.72533052	6579.86287567
938	2018-10-04 04:00:00	6622.29717825	6580.0	6599.3	6581.0	1010112.8778571	153.11714446	6596.99396445
939	2018-10-04 08:00:00	6620.10307	6573.8698084	6581.0	6575.0	777251.53225438	117.84843249	6595.34892261
940	2018-10-04 12:00:00	6623.64309576	6575.0	6575.00000001	6600.00000065	1134285.0173441	172.00090193	6594.64575253
941	2018-10-04 16:00:00	6625.0	6589.7479069	6600.00000001	6618.0	654386.30214938	99.04303585	6607.09050902
942	2018-10-04 20:00:00	6619.41236502	6563.21553867	6619.0	6600.60957597	918775.24094792	139.30689533	6595.33211741
943	2018-10-05 00:00:00	6634.1939692	6551.76969135	6600.54835858	6582.53779988	389111.81277839	58.99211719	6595.99674182
944	2018-10-05 04:00:00	6604.89729566	6568.68460917	6582.53779988	6580.0	220349.46056708	33.43139094	6591.09460813
945	2018-10-05 08:00:00	6601.28999999	6571.59	6580.00000031	6590.26790971	249498.60286581	37.90885764	6581.53841603
946	2018-10-05 12:00:00	6611.03	6584.98345833	6594.98152994	6597.54295442	335873.02165131	50.86890111	6602.71824871
947	2018-10-05 16:00:00	6611.0	6578.69	6600.0	6597.198	193361.01645949	29.31941494	6594.98209139
948	2018-10-05 20:00:00	6688.0	6591.5985673	6597.198	6642.91127625	1249017.8367929	187.77082323	6651.82063596
949	2018-10-06 00:00:00	6647.58648203	6590.301207	6636.89191879	6608.0	631864.68287598	95.50146203	6616.28282379
950	2018-10-06 04:00:00	6629.9	6608.0	6608.0	6622.70977904	218129.99002213	32.95377338	6619.27201801
951	2018-10-06 08:00:00	6630.09999978	6580.0	6623.31973665	6598.9082555	273094.55577421	41.34901091	6604.62124157
952	2018-10-06 12:00:00	6603.7164534	6570.0	6598.90825562	6599.64047446	330274.016679	50.14602817	6586.2447881
953	2018-10-06 16:00:00	6603.4	6584.47765001	6598.29019822	6589.52506426	162228.94478408	24.5942872	6596.20437318
954	2018-10-06 20:00:00	6609.98365123	6583.01000006	6591.47224191	6600.17905775	209567.05780682	31.7741412	6595.52233017
955	2018-10-07 00:00:00	6611.7	6590.0	6599.5026927	6604.29428	235360.00552281	35.66598522	6599.00473997
956	2018-10-07 04:00:00	6610.009999	6575.0	6604.20460601	6575.0	183476.52030054	27.83353103	6591.92396763
957	2018-10-07 08:00:00	6579.83071	6540.0	6576.07908281	6550.58308414	643629.46002466	98.22786649	6552.41209061
958	2018-10-07 12:00:00	6583.4328	6551.30279192	6561.89428367	6583.4328	236401.15579089	35.97518317	6571.22869044
959	2018-10-07 16:00:00	6599.99999995	6572.76236855	6579.27648893	6584.86790171	333124.73784086	50.5861408	6585.2965372
960	2018-10-07 20:00:00	6638.96101123	6579.28419441	6585.0	6607.93889473	393983.96129597	59.65458219	6604.42076421
961	2018-10-08 00:00:00	6622.91345832	6602.65526504	6607.93889477	6604.86955107	323957.39638607	48.97024411	6615.39272008
962	2018-10-08 04:00:00	6610.90093446	6589.84105	6604.0	6598.9	246248.23587969	37.3085556	6600.31544828
963	2018-10-08 08:00:00	6660.19715521	6595.2646743	6599.56106999	6648.69999999	399824.3689717	60.30144962	6630.42715376
964	2018-10-08 12:00:00	6715.99999997	6648.69999999	6648.69999999	6681.50539993	1097273.433138	164.29702028	6678.59606502
965	2018-10-08 16:00:00	6700.0	6660.01000027	6675.06643525	6694.15995487	315940.74410918	47.3129593	6677.67877519
966	2018-10-08 20:00:00	6700.0	6666.78411232	6692.39269869	6674.06372622	138099.76351057	20.65552127	6685.85225738
967	2018-10-09 00:00:00	6678.83955354	6653.28090001	6674.06372622	6666.74584822	198059.76993048	29.72234487	6663.66569652
968	2018-10-09 04:00:00	6678.99998652	6657.4118833	6666.0	6670.09040144	294685.0946216	44.18609066	6669.18232004
969	2018-10-09 08:00:00	6669.40124733	6640.0	6669.40124733	6647.70942393	242644.07497479	36.48403493	6650.69188318
970	2018-10-09 12:00:00	6652.0	6610.0	6647.45942432	6645.535	419661.40263955	63.28126015	6631.685299
971	2018-10-09 16:00:00	6678.0087197	6630.1	6643.91244193	6664.4615185	196356.32026167	29.51351849	6653.09764161
972	2018-10-09 20:00:00	6670.57356223	6637.48401082	6661.4558291	6654.91816418	236318.89253981	35.52180893	6652.78316781
973	2018-10-10 00:00:00	6655.99999826	6600.0	6655.99999826	6614.88980495	223885.99866919	33.76830607	6630.06305987
974	2018-10-10 04:00:00	6623.4694048	6500.0	6613.94495721	6576.22094078	1629746.1145801	248.83012102	6549.63357289
975	2018-10-10 08:00:00	6596.18710367	6565.01985363	6576.22094078	6591.99999999	247626.82112663	37.62366935	6581.67651918
976	2018-10-10 12:00:00	6613.54204583	6591.2917646	6593.15320452	6596.00726031	265061.62538584	40.16170806	6599.85937325
977	2018-10-10 16:00:00	6643.29999998	6584.759	6592.1	6638.39999715	305608.24082903	46.17851445	6617.97471115
978	2018-10-10 20:00:00	6644.99999998	6612.94962532	6638.39999715	6630.2	346923.11190984	52.30723867	6632.41112952
979	2018-10-11 00:00:00	6632.77637331	6275.98345832	6630.2	6340.8	6835484.8998719	1071.47796676	6379.49179724
980	2018-10-11 04:00:00	6368.54673752	6267.0	6340.8	6301.0	1640069.9090624	260.07071425	6306.24602924
981	2018-10-11 08:00:00	6316.15789112	6279.95513158	6301.0	6286.07793077	891761.80735314	141.54244223	6300.31383734
982	2018-10-11 12:00:00	6339.62731687	6221.0	6285.5	6299.69968219	1330261.0087587	211.58582188	6287.09899812
983	2018-10-11 16:00:00	6330.23999999	6297.00021	6298.45025832	6302.41154483	488984.03151918	77.46234369	6312.53856036
984	2018-10-11 20:00:00	6308.16509468	6202.3498311	6302.003473	6250.28449	1035508.1137251	165.42576248	6259.65447099
985	2018-10-12 00:00:00	6309.0	6200.0	6253.0	6307.56477528	1170130.2817347	187.35889963	6245.39471594
986	2018-10-12 04:00:00	6350.0	6299.99999999	6306.70531704	6339.30905995	545432.58828028	86.22043661	6326.02442907
987	2018-10-12 08:00:00	6345.30996999	6299.99999996	6332.21414614	6307.55815827	450335.15186588	71.26573676	6319.09768059
988	2018-10-12 12:00:00	6344.63853112	6308.96163138	6308.96163138	6340.28938513	392552.4610346	62.05048295	6326.34014067
989	2018-10-12 16:00:00	6344.71436624	6304.03765117	6340.87717548	6319.12612209	252403.06423944	39.9202999	6322.67455083
990	2018-10-12 20:00:00	6330.0	6294.0	6324.59351858	6304.11076323	433020.24500481	68.64178731	6308.40573904
991	2018-10-13 00:00:00	6326.15306625	6285.92233482	6294.06620016	6297.29993269	310514.25810995	49.1879611	6312.81010974
992	2018-10-13 04:00:00	6325.70667712	6293.99798882	6299.99790118	6318.93896394	154429.09519604	24.4642139	6312.44869862
993	2018-10-13 08:00:00	6336.43583209	6312.4528711	6315.9208	6324.80082921	318516.23189791	50.35766248	6325.07976366
994	2018-10-13 12:00:00	6336.43583208	6307.18610109	6324.80082921	6330.0	91339.29034507	14.44920921	6321.40410022
995	2018-10-13 16:00:00	6336.43583208	6304.00000028	6329.99999999	6325.00470029	469741.57758205	74.25621974	6325.95598357
996	2018-10-13 20:00:00	6331.99999997	6315.36599021	6323.92819006	6329.231245	85570.86399611	13.53505758	6322.16475551
997	2018-10-14 00:00:00	6365.11141251	6321.01702544	6329.231245	6362.51999824	396847.99433706	62.51992225	6347.54459146
998	2018-10-14 04:00:00	6420.0	6361.11444213	6361.11444213	6392.23470289	334508.26134286	52.32876242	6392.43593529
999	2018-10-14 08:00:00	6385.90171471	6343.98334658	6385.0	6356.3531367	336753.37963438	52.95560802	6359.16368871
1000	2018-10-14 12:00:00	6390.65219699	6358.56993673	6362.5090625	6379.99999969	279915.977959	43.90780785	6375.08433386
1001	2018-10-14 16:00:00	6410.70538208	6379.99999988	6379.99999988	6401.0	374659.87003466	58.5705372	6396.72927627
1002	2018-10-14 20:00:00	6406.25999997	6311.98852599	6403.72207068	6342.37193126	1003308.5832447	158.06041235	6347.62726686
1003	2018-10-15 00:00:00	6380.0	6304.48465801	6337.4564202	6379.99999997	396383.68316603	62.36668683	6355.69569771
1004	2018-10-15 04:00:00	7648.33502239	6375.10182914	6377.96727	6870.94994611	14061139.55407	2004.48416347	7014.84192807
1005	2018-10-15 08:00:00	7059.99999997	6734.16989998	6870.94994611	6968.71961136	11692610.025055	1694.50130534	6900.32518016
1006	2018-10-15 12:00:00	7045.78500265	6880.0	6968.7716	6903.85596621	6353384.4947516	915.45289965	6940.15442758
1007	2018-10-15 16:00:00	6950.0	6744.3924	6905.6608498	6744.51600378	3153270.2306203	458.58854617	6876.03355329
1008	2018-10-15 20:00:00	6782.18850893	6651.65144113	6748.46504245	6750.0	2187530.1364489	325.39854269	6722.6181112
1009	2018-10-16 00:00:00	6764.44259999	6702.6015947	6747.60668885	6734.42167025	728116.71009304	108.04335406	6739.11613007
1010	2018-10-16 04:00:00	6890.32467676	6724.98439116	6733.81385449	6825.38002965	802166.67086743	117.3007241	6838.5483297
1011	2018-10-16 08:00:00	6832.1178995	6740.0	6825.39195614	6794.69600168	335708.86174171	49.58340346	6770.58931649
1012	2018-10-16 12:00:00	6795.76799622	6719.84741105	6794.784	6725.0039766	506666.64035791	75.08413071	6747.98570039
1013	2018-10-16 16:00:00	6740.05568936	6679.45404329	6723.3599387	6740.05568932	335076.37758878	49.87867493	6717.82837172
1014	2018-10-16 20:00:00	6779.45404338	6708.97532178	6740.05568932	6758.7549257	185797.77783198	27.57170774	6738.71127548
1015	2018-10-17 00:00:00	6782.93598477	6732.448	6758.73892192	6770.70060001	276217.72353057	40.85024334	6761.71549901
1016	2018-10-17 04:00:00	6800.5391658	6746.0	6770.7526	6753.50317687	213935.41542809	31.59370538	6771.45693596
1017	2018-10-17 08:00:00	6772.53829249	6684.5807986	6747.32677064	6725.3186	267551.34977313	39.85308526	6713.44133152
1018	2018-10-17 12:00:00	6765.2773	6700.0	6726.23888129	6741.21876969	490628.4881918	72.80974378	6738.50040832
1019	2018-10-17 16:00:00	6755.1939937	6722.4172165	6754.40645897	6722.4172165	290993.54468638	43.15982637	6742.23158804
1020	2018-10-17 20:00:00	6753.03133913	6710.68000027	6722.4172165	6739.75026251	187923.90279561	27.91786401	6731.31378275
1021	2018-10-18 00:00:00	6791.15596619	6729.15427641	6739.75026248	6753.40681335	220411.2831958	32.62241443	6756.43685628
1022	2018-10-18 04:00:00	6762.51425624	6721.49228767	6748.89012046	6736.81054884	181134.61756139	26.87107045	6740.87836948
1023	2018-10-18 08:00:00	6738.86429229	6708.84049539	6736.81054884	6718.33083395	224554.69151613	33.39511878	6724.17705699
1024	2018-10-18 12:00:00	6725.18950468	6684.0	6718.45707438	6700.0	509904.95439622	76.05524694	6704.40206181
1025	2018-10-18 16:00:00	6717.44357974	6620.0	6698.24629314	6635.01654168	948224.68970699	142.38725243	6659.47740071
1026	2018-10-18 20:00:00	6646.24371591	6580.0	6639.39999999	6610.0	433601.30806677	65.68848874	6600.87203076
1027	2018-10-19 00:00:00	6638.31804138	6602.42849314	6619.55094417	6613.16253214	163011.35134046	24.6236911	6620.10218851
1028	2018-10-19 04:00:00	6635.61902632	6576.19269834	6616.17780022	6580.549536	269622.31484918	40.88588561	6594.50836949
1029	2018-10-19 08:00:00	6615.2450854	6576.19269836	6585.28351799	6589.45611808	180829.23742715	27.41759774	6595.37130648
1030	2018-10-19 12:00:00	6589.45611808	6550.0	6589.45611808	6571.1135067	327077.85191586	49.8155076	6565.78378247
1031	2018-10-19 16:00:00	6595.69686896	6552.00000001	6571.1135067	6558.83272523	309332.05966391	47.08974229	6568.9902858
1032	2018-10-19 20:00:00	6558.83272456	6525.75	6558.83272456	6528.13706268	303166.89195078	46.36300071	6538.98339857
1033	2018-10-20 00:00:00	6561.1497895	6510.0	6531.29741432	6537.18326896	168393.89765605	25.80620292	6525.32641776
1034	2018-10-20 04:00:00	6609.98308523	6537.70763633	6543.16088079	6580.0	358978.26821272	54.52305767	6583.97169112
1035	2018-10-20 08:00:00	6599.99999999	6571.32604383	6585.85327084	6599.99999999	145011.06778967	22.0276623	6583.13468831
1036	2018-10-20 12:00:00	6613.28308511	6572.0	6595.99558994	6575.93655768	302339.57208044	45.8536738	6593.57357927
1037	2018-10-20 16:00:00	6588.56671179	6562.4438391	6580.05297484	6584.78771014	225538.21707828	34.30050707	6575.36101778
1038	2018-10-20 20:00:00	6595.05806699	6571.87254602	6578.81515954	6592.93784549	124900.48124969	18.95405187	6589.64542813
1039	2018-10-21 00:00:00	6653.49489036	6582.87279301	6592.92093047	6621.27602553	171969.97110112	25.93722774	6630.2371566
1040	2018-10-21 04:00:00	6631.3763	6612.81279045	6621.27602553	6626.92841642	49677.61277555	7.50307372	6620.9682364
1041	2018-10-21 08:00:00	6645.19539998	6617.48152207	6624.99999951	6624.4632154	177391.46523322	26.75361365	6630.56092361
1042	2018-10-21 12:00:00	6662.38149866	6616.16000001	6624.82716031	6643.40479758	203728.71046856	30.65301151	6646.28695298
1043	2018-10-21 16:00:00	6647.07452259	6623.79701607	6640.85917212	6631.99999965	150458.61188347	22.67706122	6634.83731087
1044	2018-10-21 20:00:00	6632.23830826	6575.36450002	6631.99999965	6592.24579599	276471.41089377	41.84672265	6606.76376513
1045	2018-10-22 00:00:00	6609.99999984	6559.44321535	6594.66053628	6601.0	167036.44818112	25.35359513	6588.27465393
1046	2018-10-22 04:00:00	6640.54836161	6601.0	6601.0	6621.99999996	184354.10969047	27.81835196	6627.06798575
1047	2018-10-22 08:00:00	6621.99999991	6571.76575858	6621.99999991	6596.81116	385126.96968491	58.45021496	6588.97439382
1048	2018-10-22 12:00:00	6593.00581	6549.62948001	6592.2	6570.49992	451956.40523465	68.79855533	6569.2717393
1049	2018-10-22 16:00:00	6586.79609	6554.10068874	6567.88691154	6561.0	142027.63129703	21.62200605	6568.66115792
1050	2018-10-22 20:00:00	6592.93159196	6560.95906769	6561.0	6581.55485034	155251.99290972	23.58422329	6582.87495842
1051	2018-10-23 00:00:00	6597.0	6573.53268877	6582.16769502	6574.56537031	143087.04431676	21.72407814	6586.56461253
1052	2018-10-23 04:00:00	6596.6709672	6564.10000194	6576.79732043	6574.88465	293833.669177	44.66869714	6578.06669973
1053	2018-10-23 08:00:00	6579.58461981	6530.0	6576.53588981	6540.1	320899.97910642	48.99858185	6549.1687104
1054	2018-10-23 12:00:00	6584.94487495	6532.28164025	6540.09999999	6560.63432123	340396.5730085	51.9264913	6555.35478108
1055	2018-10-23 16:00:00	6586.0	6550.0	6560.0	6571.70791401	260942.43327845	39.74073176	6566.12049456
1056	2018-10-23 20:00:00	6582.23452	6545.098943	6574.60502999	6556.15443792	291686.32458772	44.45260639	6561.73728101
1057	2018-10-24 00:00:00	6584.92999988	6549.76793906	6551.80772919	6584.92999508	167180.13415742	25.44983566	6569.00643253
1058	2018-10-24 04:00:00	6625.0	6572.97854514	6580.99999997	6604.45016671	254969.00426529	38.57872048	6609.05807898
1059	2018-10-24 08:00:00	6618.0136667	6594.32332216	6605.85001627	6609.46964364	180076.96806632	27.25084413	6608.12440184
1060	2018-10-24 12:00:00	6618.8136667	6580.08166722	6603.12102516	6580.34300072	270799.8430796	40.99121301	6606.29006059
1061	2018-10-24 16:00:00	6605.36776987	6570.0	6580.01633329	6582.68969561	251822.28386199	38.22682347	6587.58068296
1062	2018-10-24 20:00:00	6594.30399972	6548.07977001	6582.68969561	6561.47398184	193096.07102671	29.38608545	6571.00352325
1063	2018-10-25 00:00:00	6576.2783367	6506.10595837	6563.75259352	6535.00000018	261396.45732115	40.03176142	6529.7265983
1064	2018-10-25 04:00:00	6559.19999924	6531.70768	6540.32727867	6554.99999987	51107.11179865	7.80179194	6550.68889194
1065	2018-10-25 08:00:00	6559.53055043	6540.23037013	6554.99999999	6547.13906423	102624.70972895	15.66161831	6552.62487551
1066	2018-10-25 12:00:00	6574.09999319	6540.96911468	6555.17304999	6545.0	165249.74476901	25.19431755	6559.00857171
1067	2018-10-25 16:00:00	6564.53203995	6544.67443332	6545.0	6556.49753306	91162.0526442	13.906927	6555.15432303
1068	2018-10-25 20:00:00	6563.41208522	6539.0	6556.49753306	6539.0	78801.98942182	12.03348032	6548.56178979
1069	2018-10-26 00:00:00	6544.76581999	6522.20282223	6539.0	6529.3522629	261129.00018333	39.98640001	6530.44535437
1070	2018-10-26 04:00:00	6540.23042705	6525.0	6529.31435981	6535.68491598	142800.47808952	21.86215647	6531.85692296
1071	2018-10-26 08:00:00	6595.04900005	6526.47257955	6533.06175114	6559.0	273980.77365461	41.69588039	6570.93149471
1072	2018-10-26 12:00:00	6556.30360365	6520.10000083	6555.69599641	6545.42666	121431.16998016	18.58167766	6534.99496665
1073	2018-10-26 16:00:00	6555.61499933	6534.64471378	6546.22666983	6543.2877319	212938.32030795	32.53411564	6545.07787038
1074	2018-10-26 20:00:00	6549.99019156	6533.68130119	6545.4968595	6540.0	94056.97936595	14.3735836	6543.73898558
1075	2018-10-27 00:00:00	6557.98249403	6539.96366004	6540.0	6545.0	35009.72561807	5.34992408	6543.96681047
1076	2018-10-27 04:00:00	6555.00224286	6541.3167	6550.49764	6546.0	77021.6965184	11.76422131	6547.11387084
1077	2018-10-27 08:00:00	6548.8626535	6530.4620502	6545.00000001	6534.5565743	87059.77823705	13.31165419	6540.1171781
1078	2018-10-27 12:00:00	6542.15038773	6484.12085629	6535.02519112	6495.0	313549.61587093	48.14811236	6512.18917008
1079	2018-10-27 16:00:00	6500.58162849	6477.29618857	6495.0	6489.59194749	152412.71132391	23.49346763	6487.45062773
1080	2018-10-27 20:00:00	6507.04932349	6487.0	6492.64466483	6502.28201824	59284.7596946	9.12703092	6495.51428216
1081	2018-10-28 00:00:00	6504.20007996	6496.78268013	6501.53429002	6503.63109999	42902.68539242	6.59941373	6500.98435219
1082	2018-10-28 04:00:00	6513.39999997	6490.0	6503.6377	6500.66458313	151607.97430082	23.30634432	6505.0087744
1083	2018-10-28 08:00:00	6503.0135333	6481.60000002	6503.0135333	6497.36652812	48910.62354769	7.53480964	6491.28855068
1084	2018-10-28 12:00:00	6515.58002325	6490.0	6495.95256688	6490.0	246575.15524038	37.89706773	6506.444166
1085	2018-10-28 16:00:00	6499.86404693	6470.07796	6492.02953766	6470.07796	222988.99619474	34.38936539	6484.24283687
1086	2018-10-28 20:00:00	6503.96723123	6467.40549998	6470.5389799	6495.0	175607.87495515	27.07889662	6485.04543665
1087	2018-10-29 00:00:00	6501.12914496	6478.17421001	6495.00006496	6496.68769102	153153.96802111	23.59282622	6491.54817625
1088	2018-10-29 04:00:00	6503.96723077	6491.39869787	6497.81099997	6500.41733994	76562.39684162	11.78381796	6497.24877807
1089	2018-10-29 08:00:00	6500.59999982	6393.0	6500.5	6420.66605994	588556.88833686	91.5157735	6431.20705674
1090	2018-10-29 12:00:00	6423.03388854	6318.58760872	6421.132165	6379.9	836901.21419537	131.47830981	6365.31771213
1091	2018-10-29 16:00:00	6379.79999	6336.0	6377.22206323	6345.75094565	203289.2454288	31.95674999	6361.38673339
1092	2018-10-29 20:00:00	6350.74263347	6318.57108864	6350.74263347	6350.0	226249.15948743	35.70586496	6336.47048575
1093	2018-10-30 00:00:00	6378.02999933	6346.14855821	6349.455315	6360.35377006	114710.86442637	18.03575421	6360.19226536
1094	2018-10-30 04:00:00	6380.0	6361.46155615	6364.06571	6375.37227218	60769.16624886	9.5275385	6378.26509426
1095	2018-10-30 08:00:00	6377.65736196	6342.2306	6375.02540882	6362.37334829	89225.54807145	14.0350051	6357.35772347
1096	2018-10-30 12:00:00	6374.02493944	6345.84862006	6362.38986208	6357.99999991	105076.0114731	16.51506784	6362.4329304
1097	2018-10-30 16:00:00	6357.99999999	6328.98724969	6357.99999987	6332.3185	102174.41302506	16.10815628	6343.02345029
1098	2018-10-30 20:00:00	6348.8	6323.58516072	6337.17019	6332.23599571	121322.18392053	19.15424753	6333.95719307
1099	2018-10-31 00:00:00	6346.0	6332.23599571	6333.25433285	6337.53345	56460.89583374	8.91112665	6335.99970591
1100	2018-10-31 04:00:00	6346.35281999	6331.16658918	6337.23345	6334.60968467	40902.57136115	6.4537607	6337.78865726
1101	2018-10-31 08:00:00	6340.97844884	6323.79998998	6333.73664743	6332.05262816	63302.25852682	9.99764939	6331.71419175
1102	2018-10-31 12:00:00	6421.59824999	6250.07626637	6332.43956404	6389.35515415	924247.85627816	146.06099314	6327.82125062
1103	2018-10-31 16:00:00	6395.43997997	6358.21272	6388.28227184	6376.47009994	155437.90600455	24.38365702	6374.675705
1104	2018-10-31 20:00:00	6389.33517348	6367.2600001	6372.43245	6376.30189951	137566.16426768	21.56856298	6378.08668084
1105	2018-11-01 00:00:00	6380.24369065	6356.42839	6376.28554827	6363.0	52084.84094264	8.18726127	6361.69278406
1106	2018-11-01 04:00:00	6389.36847593	6362.09	6366.10313659	6389.36847593	63248.88458234	9.92848198	6370.44864559
1107	2018-11-01 08:00:00	6389.36847593	6367.13265964	6389.36847593	6373.49999991	147506.52282722	23.12773644	6377.90573279
1108	2018-11-01 12:00:00	6373.49999998	6360.10000002	6370.45909	6366.0	88103.36630562	13.83880295	6366.40080966
1109	2018-11-01 16:00:00	6382.99999999	6361.00000001	6369.23169883	6382.1	129519.82938692	20.32097347	6373.70200685
1110	2018-11-01 20:00:00	6430.0	6377.0475	6382.0	6405.26712993	215966.58492513	33.68435279	6411.48091137
1111	2018-11-02 00:00:00	6449.2	6405.26713006	6405.26713006	6430.57713998	269278.57168546	41.84158294	6435.66884339
1112	2018-11-02 04:00:00	6433.10653999	6414.95671882	6427.80654001	6421.99999947	72012.28424509	11.20542296	6426.55654339
1113	2018-11-02 08:00:00	6422.0	6390.76992952	6421.99999964	6418.98364884	82201.43100123	12.82742283	6408.25769062
1114	2018-11-02 12:00:00	6443.07099997	6413.85197119	6418.98364884	6428.92879921	204963.60947604	31.87557476	6430.1149397
1115	2018-11-02 16:00:00	6433.86122557	6420.0	6428.92901791	6428.20000003	109696.94416742	17.06455899	6428.34920209
1116	2018-11-02 20:00:00	6447.02149999	6421.60000001	6425.93625077	6435.40757191	216803.00716836	33.68386395	6436.40549938
1117	2018-11-03 00:00:00	6441.24987459	6417.45915116	6430.44472404	6421.68634496	57033.65903902	8.86153942	6436.08929959
1118	2018-11-03 04:00:00	6419.59047267	6408.54862	6418.0336	6408.54862	90870.80981459	14.16738981	6414.08269506
1119	2018-11-03 08:00:00	6416.90200884	6345.9	6408.64861999	6368.81022499	394685.13748374	61.92910491	6373.17684564
1120	2018-11-03 12:00:00	6375.92612	6347.12790292	6368.80511248	6369.24052904	141443.17148056	22.23855907	6360.26691456
1121	2018-11-03 16:00:00	6377.57576998	6366.54862717	6372.55025867	6376.08117044	41512.79687321	6.51365913	6373.19148034
1122	2018-11-03 20:00:00	6391.5	6376.08117044	6376.08117044	6387.09989981	55793.72014411	8.73590172	6386.71563994
1123	2018-11-04 00:00:00	6387.09989981	6363.0821415	6387.09989979	6372.46310768	74758.37599064	11.7270681	6374.85647334
1124	2018-11-04 04:00:00	6407.87454751	6358.44586552	6372.44675652	6390.48578323	193208.51273548	30.26904504	6383.03958648
1125	2018-11-04 08:00:00	6415.33949982	6388.75586017	6390.32952312	6408.75886997	338662.96463014	52.86090643	6406.6809955
1126	2018-11-04 12:00:00	6493.32999996	6396.59999765	6401.82529545	6481.8200916	852833.684055	132.41845417	6440.4443429
1127	2018-11-04 16:00:00	6515.56367209	6450.37519138	6481.8200916	6477.62695338	777094.03643115	119.88796583	6481.83519547
1128	2018-11-04 20:00:00	6491.96886999	6467.29121063	6483.98364884	6482.0	124941.06018646	19.29172492	6476.40688971
1129	2018-11-05 00:00:00	6496.15623104	6464.6767345	6482.0	6473.90199987	168856.2756843	26.0451929	6483.20311285
1130	2018-11-05 04:00:00	6477.89999983	6467.45975832	6471.26201834	6467.96621704	78285.38050705	12.0930522	6473.58327842
1131	2018-11-05 08:00:00	6468.26907455	6441.67441	6467.96621704	6452.96729768	244867.1596822	37.93853374	6454.312688
1132	2018-11-05 12:00:00	6491.0	6447.86574	6452.96729768	6475.25711997	284279.37623501	43.9186857	6472.85709269
1133	2018-11-05 16:00:00	6477.49859997	6439.0	6473.5	6452.78254735	301543.39345413	46.71261327	6455.28846162
1134	2018-11-05 20:00:00	6472.51908749	6451.50391224	6451.51160611	6471.38864399	152796.30956836	23.65585205	6459.13363194
1135	2018-11-06 00:00:00	6479.29750972	6448.70530675	6471.38864399	6453.19992	223148.83602573	34.51454224	6465.35696385
1136	2018-11-06 04:00:00	6469.06174071	6449.68600032	6453.99999995	6464.8290702	227098.78239242	35.15487819	6459.95076885
1137	2018-11-06 08:00:00	6513.83	6463.7923463	6464.8290702	6466.99999875	856131.84819994	132.00977533	6485.36705755
1138	2018-11-06 12:00:00	6505.33641406	6465.17346107	6468.14952998	6500.01646137	517130.28809861	79.72635508	6486.31544211
1139	2018-11-06 16:00:00	6500.29999999	6473.87893321	6499.36645971	6473.91360902	410776.67442412	63.27769077	6491.65083974
1140	2018-11-06 20:00:00	6525.00000001	6475.6	6480.66476	6518.77235989	453665.45977324	69.77495895	6501.83771657
1141	2018-11-07 00:00:00	6608.0	6509.12359	6513.1656	6579.99999997	638001.08796931	97.12569652	6568.81866312
1142	2018-11-07 04:00:00	6589.95	6564.77294587	6580.0	6579.31490882	215451.1387788	32.76646793	6575.35439093
1143	2018-11-07 08:00:00	6602.0	6570.0	6579.75196	6570.88434001	262666.13025673	39.87493432	6587.24922651
1144	2018-11-07 12:00:00	6585.0	6536.72646393	6572.0	6549.65451989	265360.60149128	40.42055258	6564.99192993
1145	2018-11-07 16:00:00	6589.99999999	6537.80556764	6549.63876979	6575.34963975	302597.76791441	45.99893496	6578.36465512
1146	2018-11-07 20:00:00	6579.00000026	6564.64339044	6573.86125999	6575.4	61045.1789032	9.28759329	6572.76616203
1147	2018-11-08 00:00:00	6589.0	6504.40274572	6578.9999	6510.22	452172.79625631	69.11985193	6541.86581178
1148	2018-11-08 04:00:00	6537.31144154	6504.4028013	6511.79859444	6535.29948662	181831.01376771	27.85278622	6528.28813359
1149	2018-11-08 08:00:00	6551.60387885	6520.38330832	6535.3	6532.0277267	193580.36918315	29.61125495	6537.3915935
1150	2018-11-08 12:00:00	6560.599197	6532.0277267	6532.0277267	6537.95946944	212604.51169755	32.46202812	6549.32929364
1151	2018-11-08 16:00:00	6537.95946944	6473.96296916	6537.95946944	6495.40501072	1040970.1187064	160.02067274	6505.22273705
1152	2018-11-08 20:00:00	6514.99999997	6473.96296915	6495.40501267	6480.22842163	303397.15060233	46.70096555	6496.59267274
1153	2018-11-09 00:00:00	6488.64281431	6473.68415184	6483.58925939	6486.88802393	329407.42978176	50.83517013	6479.91201641
1154	2018-11-09 04:00:00	6507.59037263	6485.16076	6487.39946159	6500.03834143	176006.55457697	27.08664382	6497.90929236
1155	2018-11-09 08:00:00	6511.38445298	6425.23344	6498.80483254	6430.2929095	472235.38372387	73.20396483	6450.95364466
1156	2018-11-09 12:00:00	6451.2294	6402.99999988	6431.87169	6429.08808305	437562.51960529	68.14222168	6421.31278988
1157	2018-11-09 16:00:00	6446.74661532	6427.0	6429.08808305	6438.258259	370775.64147926	57.60620426	6436.38382778
1158	2018-11-09 20:00:00	6442.53361577	6392.01544092	6439.02624965	6419.70000001	338427.56176114	52.73186454	6417.89484808
1159	2018-11-10 00:00:00	6440.0	6416.00000001	6419.3	6439.6278746	699548.96057418	108.91228938	6423.04890069
1160	2018-11-10 04:00:00	6454.2303238	6422.71162001	6429.31873439	6435.00000001	910725.96829141	141.51985953	6435.32272654
1161	2018-11-10 08:00:00	6444.0	6421.0	6435.00000001	6444.0	608544.53269595	94.59235767	6433.33719219
1162	2018-11-10 12:00:00	6474.74250605	6442.91571177	6444.0	6453.0	387408.55398336	59.98512523	6458.41035586
1163	2018-11-10 16:00:00	6466.0	6436.37617983	6455.07359	6450.05113979	224213.86643801	34.76724976	6448.99633953
1164	2018-11-10 20:00:00	6458.2982983	6430.14247313	6449.83421	6437.42298	54156.04900202	8.39850145	6448.29905959
1165	2018-11-11 00:00:00	6453.1	6420.1734	6432.02431838	6429.8441	50346.86934678	7.82680337	6432.62222988
1166	2018-11-11 04:00:00	6446.44126	6421.6719	6430.34966	6442.0	48066.76329645	7.47325444	6431.83818808
1167	2018-11-11 08:00:00	6446.54126004	6414.00000001	6441.79036023	6414.94504717	111055.23100569	17.27109097	6430.12252084
1168	2018-11-11 12:00:00	6426.35849563	6353.76860126	6414.74999997	6380.96434	1071058.1308264	167.86252939	6380.56709093
1169	2018-11-11 16:00:00	6433.10380917	6369.18	6386.0	6418.28344981	580096.97795975	90.67980236	6397.20161339
1170	2018-11-11 20:00:00	6460.5	6405.6624211	6418.31727954	6457.30298	162328.8950078	25.23910119	6431.64325804
1171	2018-11-12 00:00:00	6480.90335	6450.84333054	6459.33219	6453.58816209	369836.36107521	57.19245336	6466.52380423
1172	2018-11-12 04:00:00	6465.58978295	6442.790043	6459.4218907	6447.7999797	150001.02358115	23.2556754	6450.08244229
1173	2018-11-12 08:00:00	6455.91822606	6430.0173384	6447.0	6443.5808	205919.1161007	31.96272064	6442.47773585
1174	2018-11-12 12:00:00	6480.0	6440.42730001	6441.8703497	6457.36166997	242430.38558314	37.52939866	6459.74607212
1175	2018-11-12 16:00:00	6465.96269715	6439.8	6454.61860987	6459.5356502	204429.8913911	31.69528028	6449.85277256
1176	2018-11-12 20:00:00	6465.39999981	6427.0098	6465.39999981	6453.58	148249.13344799	22.99162605	6447.96210261
1177	2018-11-13 00:00:00	6465.0	6379.66180194	6453.591	6450.65923005	875759.36479012	136.73449791	6404.81647408
1178	2018-11-13 04:00:00	6469.99999999	6448.0	6450.65923005	6461.310134	442487.88249296	68.51205713	6458.54030704
1179	2018-11-13 08:00:00	6464.60629314	6432.3701849	6462.0	6457.16399999	356744.71123512	55.30508986	6450.48606083
1180	2018-11-13 12:00:00	6470.0	6438.98457	6449.9	6455.48304716	358155.27861846	55.45993171	6457.91055948
1181	2018-11-13 16:00:00	6504.81076564	6445.31424167	6462.39357999	6457.08067688	1054409.4949851	162.75272665	6478.5980345
1182	2018-11-13 20:00:00	6497.9698931	6456.98067	6456.98067	6467.65706315	345429.86105044	53.36410279	6473.0754007
1183	2018-11-14 00:00:00	6473.83999998	6439.69445147	6467.65706315	6466.85210611	430708.65545433	66.72367032	6455.11035871
1184	2018-11-14 04:00:00	6481.36881471	6460.07308391	6466.83592963	6469.41823	253100.83914162	39.12528622	6468.98370834
1185	2018-11-14 08:00:00	6478.53221342	6337.691301	6469.41883	6382.73828998	1702884.5797629	265.17895551	6421.64298629
1186	2018-11-14 12:00:00	6400.0	6193.71967601	6385.0	6216.38142	1349179.7498046	214.10243426	6301.56193444
1187	2018-11-14 16:00:00	6267.34715622	5706.95834709	6216.38142	5830.0	12515599.932197	2111.77643343	5926.57429738
1188	2018-11-14 20:00:00	5915.72365849	5665.0	5830.0	5909.42707641	3147038.3269696	542.6635299	5799.2441975
1189	2018-11-15 00:00:00	5945.60624768	5685.50761411	5910.37249966	5753.99999999	3200245.0265345	550.61311957	5812.1481541
1190	2018-11-15 04:00:00	5777.39999999	5649.67040001	5747.31414804	5764.79434411	1566760.1698454	274.96660047	5698.001747
1191	2018-11-15 08:00:00	5786.52282473	5519.21007169	5763.61329998	5601.30439998	3017579.829118	538.26428955	5606.13045989
1192	2018-11-15 12:00:00	5709.99999995	5400.0	5599.95619999	5679.9028	4563189.5202197	819.44699384	5568.62073388
1193	2018-11-15 16:00:00	5749.22078325	5568.30114334	5679.9028	5692.22520001	1759290.3291907	310.62995453	5663.62098546
1194	2018-11-15 20:00:00	5756.63545343	5594.90454799	5692.50534932	5744.79776	891486.43780634	157.33139282	5666.29724575
1195	2018-11-16 00:00:00	5779.42627999	5684.4201079	5748.46816015	5729.31724	647361.08694902	113.02285421	5727.70075109
1196	2018-11-16 04:00:00	5727.01371	5631.7261	5723.61803579	5639.93580219	475570.10046353	83.80806273	5674.51489716
1197	2018-11-16 08:00:00	5697.0	5565.41561416	5631.72610017	5666.86557449	1143701.86908	203.06053834	5632.31969357
1198	2018-11-16 12:00:00	5690.16992218	5640.98896168	5672.63381403	5654.16450999	405914.30420667	71.63586649	5666.35575299
1199	2018-11-16 16:00:00	5688.92995	5623.9694099	5654.0	5628.50515122	595318.52891321	105.19565422	5659.15515548
1200	2018-11-16 20:00:00	5662.33925617	5551.00388855	5623.9694099	5648.68822567	571672.39224567	102.00601918	5604.30057795
1201	2018-11-17 00:00:00	5653.0	5574.25487302	5643.94586002	5583.4723	530422.24005411	94.58137973	5608.10427558
1202	2018-11-17 04:00:00	5634.71598735	5563.25670001	5578.45031936	5634.71598735	331311.25458333	59.26181069	5590.63671402
1203	2018-11-17 08:00:00	5637.10340998	5579.0	5635.62222037	5613.09813543	322247.02062498	57.49902958	5604.39059543
1204	2018-11-17 12:00:00	5629.0	5589.0	5609.89242834	5602.23396937	388132.02780163	69.19485689	5609.26122614
1205	2018-11-17 16:00:00	5672.49281239	5596.03525755	5602.23396936	5609.34523313	676422.53157445	120.16584294	5629.07491034
1206	2018-11-17 20:00:00	5635.24499999	5592.43750319	5612.18620685	5630.39056249	280860.387394	50.03382128	5613.41069318
1207	2018-11-18 00:00:00	5682.0	5630.68778852	5630.68778852	5674.74	344539.37214991	60.92399336	5655.23290822
1208	2018-11-18 04:00:00	5682.0	5654.8069218	5674.74	5661.20206052	461316.44828401	81.34881656	5670.84399984
1209	2018-11-18 08:00:00	5661.18601093	5620.99540992	5661.18601093	5630.0	293130.61240546	52.00159236	5636.95454508
1210	2018-11-18 12:00:00	5655.30389999	5623.13249001	5623.26282047	5644.9381	475896.92210455	84.4042114	5638.30778359
1211	2018-11-18 16:00:00	5757.91030889	5640.27035	5645.0	5689.61081072	868166.89050851	152.48024626	5693.63515473
1212	2018-11-18 20:00:00	5690.53418799	5632.38729279	5690.53418799	5659.3351292	305589.67559368	54.04553596	5654.30002988
1213	2018-11-19 00:00:00	5659.3351292	5536.16310691	5659.3351292	5593.6716	1657508.6581922	296.59847952	5588.39229679
1214	2018-11-19 04:00:00	5598.62495388	5400.0	5592.2024	5461.97217678	1671500.3926942	305.08687861	5478.76854065
1215	2018-11-19 08:00:00	5464.83413839	5242.98413279	5464.83413839	5335.32465308	2718839.5131882	510.59460356	5324.84968354
1216	2018-11-19 12:00:00	5361.5285	5167.76855362	5331.55788305	5207.09148807	5589951.7871515	1074.48337973	5202.45533119
1217	2018-11-19 16:00:00	5225.0	5022.00000002	5207.02772331	5109.80354414	3756871.9553964	735.59044917	5107.28756692
1218	2018-11-19 20:00:00	5167.78083682	4860.45701574	5094.31353076	4925.54668795	4384275.1426183	882.17356456	4969.85550094
1219	2018-11-20 00:00:00	5056.32269999	4925.45984667	4927.0738	4962.14790184	1613453.601276	324.08805374	4978.44207047
1220	2018-11-20 04:00:00	4973.84950342	4635.0	4960.64690911	4704.94427202	5516380.1537952	1159.34158224	4758.20089462
1221	2018-11-20 08:00:00	4711.66083238	4406.71519999	4704.94427202	4514.69159436	7056475.2433365	1541.54199866	4577.54329721
1222	2018-11-20 12:00:00	4958.110685	4506.81005317	4506.81005317	4945.9961751	3950374.2170035	832.07300799	4747.62932948
1223	2018-11-20 16:00:00	4968.2531829	4632.42637781	4949.99999999	4674.99999999	3372573.0713909	705.75975474	4778.64180939
1224	2018-11-20 20:00:00	4674.99999966	4300.0	4674.99999966	4570.35025856	7884066.0732132	1754.76846824	4492.93808038
1225	2018-11-21 00:00:00	4714.97938507	4412.56952074	4557.26480001	4642.23017439	2537298.9960821	559.28608383	4536.67464548
1226	2018-11-21 04:00:00	4650.89416199	4493.2898061	4642.2301744	4650.89416199	924404.78813746	201.53678421	4586.77948921
1227	2018-11-21 08:00:00	4774.99999999	4612.73670023	4650.89416198	4614.81947999	1599606.9265408	339.93477895	4705.62891941
1228	2018-11-21 12:00:00	4688.18818818	4523.90502612	4614.20890286	4636.68341032	1239095.570766	269.14320784	4603.8522789
1229	2018-11-21 16:00:00	4656.47348998	4501.00000011	4644.35140884	4543.50052287	950435.07280802	208.16730173	4565.72701336
1230	2018-11-21 20:00:00	4696.68932866	4472.40681067	4535.40000017	4667.0	1413303.7480055	307.34564669	4598.41798062
1231	2018-11-22 00:00:00	4720.0	4610.00000001	4667.00000001	4649.80640046	1074437.582047	230.45322684	4662.28048433
1232	2018-11-22 04:00:00	4655.18969593	4595.35951694	4645.7449589	4641.25238	357884.53831616	77.3399893	4627.41903063
1233	2018-11-22 08:00:00	4643.38202	4520.0	4635.93007265	4563.49556	642206.3917647	140.36863632	4575.14163135
1234	2018-11-22 12:00:00	4595.75115681	4461.00000001	4563.49556001	4566.0	1111409.0356947	244.65885066	4542.68886123
1235	2018-11-22 16:00:00	4580.61325995	4492.63356272	4561.0	4501.54063072	582704.46758484	128.50020141	4534.6580098
1236	2018-11-22 20:00:00	4584.47888515	4347.34576452	4503.32522533	4360.13965852	1310304.9947028	292.9063133	4473.46108706
1237	2018-11-23 00:00:00	4444.40806652	4240.22700001	4354.13216012	4317.44424008	2007008.8208241	464.34905531	4322.19856565
1238	2018-11-23 04:00:00	4412.25854161	4235.0	4322.10434865	4359.84704999	1292231.5941728	299.02101601	4321.54104556
1239	2018-11-23 08:00:00	4484.32948178	4353.08495955	4359.72859369	4391.81202323	1629097.2934314	369.063214	4414.14162027
1240	2018-11-23 12:00:00	4426.74473989	4352.7404	4391.81202321	4395.15867162	1423389.9695032	324.46014309	4386.94859697
1241	2018-11-23 16:00:00	4406.23549996	4280.49600806	4398.86671205	4358.60794009	1372998.3383292	316.48458642	4338.27869426
1242	2018-11-23 20:00:00	4470.0	4323.84305227	4365.92803149	4421.00000004	846315.91224248	192.48908107	4396.69568548
1243	2018-11-24 00:00:00	4528.42235406	4422.49773526	4422.49773526	4445.52157169	880245.1353796	196.15505509	4487.49656222
1244	2018-11-24 04:00:00	4470.86	4358.24568118	4441.97280307	4387.84765346	407756.16262418	92.16332292	4424.27800675
1245	2018-11-24 08:00:00	4456.0	4362.95692	4387.49802689	4384.20258323	526336.63175673	119.61125481	4400.39386421
1246	2018-11-24 12:00:00	4397.17009231	4340.76770982	4388.64764299	4369.16961003	772074.08889253	176.42833166	4376.13438628
1247	2018-11-24 16:00:00	4370.08724124	4260.0	4370.08724122	4276.25042	828530.87300111	192.01350768	4314.96139522
1248	2018-11-24 20:00:00	4293.55632028	3823.33985537	4276.5624128	3933.17637901	8911334.5780166	2228.97350003	3997.95447451
1249	2018-11-25 00:00:00	3977.66999997	3736.13507242	3933.17637901	3769.20389541	3170154.502478	820.86085629	3861.98766598
1250	2018-11-25 04:00:00	3865.82567638	3730.40000001	3769.20389555	3863.0	1786597.4656622	468.960328	3809.69851603
1251	2018-11-25 08:00:00	4035.0	3640.0	3867.93165605	3920.59580988	5597181.140553	1455.41608739	3845.76011564
1252	2018-11-25 12:00:00	4021.64079999	3850.00000004	3920.59580957	3884.4319364	3033528.8291769	771.48644952	3932.0571749
1253	2018-11-25 16:00:00	4028.6227237	3809.20915885	3883.49368819	3953.80281583	2124240.7732764	545.43830044	3894.55740743
1254	2018-11-25 20:00:00	4229.0	3936.87155061	3952.57787613	4100.93836057	2596022.7423715	631.66776966	4109.79136036
1255	2018-11-26 00:00:00	4211.18528693	4038.41959416	4084.72511472	4115.94124	1974233.8274358	477.3457507	4135.85713194
1256	2018-11-26 04:00:00	4191.27738338	4037.27625577	4122.77742	4089.83864806	970358.68796271	235.72001515	4116.57316136
1257	2018-11-26 08:00:00	4098.99999998	3965.0	4085.41226742	4053.27915299	1198957.7043809	296.91097118	4038.10509128
1258	2018-11-26 12:00:00	4063.92037755	3841.0	4046.10000011	3841.31644306	2219915.7787524	563.65873595	3938.40392628
1259	2018-11-26 16:00:00	3997.7091	3700.40067402	3840.0	3898.74035647	2821542.2171913	729.42789543	3868.15781911
1260	2018-11-26 20:00:00	3914.04233007	3710.0	3914.04233007	3850.22094541	2894989.6500423	762.50603175	3796.67770417
1261	2018-11-27 00:00:00	3892.0	3773.0	3864.69136605	3805.66031	1302390.4208229	340.87882055	3820.68448465
1262	2018-11-27 04:00:00	3924.75515217	3776.31793002	3815.50393747	3843.69762755	1257636.6408168	326.3193221	3854.00604758
1263	2018-11-27 08:00:00	3859.0	3682.09139999	3852.19140022	3754.0	1420355.6545956	376.23793332	3775.1527127
1264	2018-11-27 12:00:00	3863.72263102	3741.0	3754.0	3778.17031003	1355984.3063287	356.31520695	3805.57517579
1265	2018-11-27 16:00:00	3888.90376717	3751.59120516	3780.82331	3818.88953984	1319782.6012991	346.69606715	3806.74234971
1266	2018-11-27 20:00:00	3941.40930272	3787.93159874	3818.98953056	3880.05070957	1494222.9137546	386.47667683	3866.26930766
1267	2018-11-28 00:00:00	3949.9311588	3878.3952076	3878.3952076	3934.01161014	1473357.2316555	376.61936265	3912.05917106
1268	2018-11-28 04:00:00	4150.0	3910.5654819	3934.12259042	4111.0	2333111.9732306	573.9120958	4065.27757526
1269	2018-11-28 08:00:00	4124.13686268	4029.56686967	4111.99	4089.13296716	1439110.6394554	353.50085055	4071.02454553
1270	2018-11-28 12:00:00	4285.20050209	4060.29530985	4089.0	4248.90915298	3532381.1221196	840.46539797	4202.88703217
1271	2018-11-28 16:00:00	4385.0	4185.00000001	4248.90915298	4316.69681745	2799938.8453922	653.79278412	4282.6089755
1272	2018-11-28 20:00:00	4389.37055539	4180.0	4328.64131111	4268.44236868	2202832.4137542	514.94590856	4277.79379763
1273	2018-11-29 00:00:00	4291.54990423	4129.18757193	4267.10917617	4162.90903739	1644669.6957592	393.14681117	4183.34741381
1274	2018-11-29 04:00:00	4263.45270716	4128.76443259	4167.1782129	4202.11019261	982714.30275086	234.05059177	4198.72599047
1275	2018-11-29 08:00:00	4452.75642059	4203.49202855	4212.04679395	4391.25848771	1579880.5191975	361.85675099	4366.03853562
1276	2018-11-29 12:00:00	4407.89435997	4230.99670958	4382.97811107	4277.081	1159070.5539784	269.11540075	4306.96478443
1277	2018-11-29 16:00:00	4385.53712972	4201.95353227	4276.17327292	4253.55241011	1049844.9064357	245.29157418	4279.98764305
1278	2018-11-29 20:00:00	4315.21346738	4171.74718203	4253.55241006	4291.08389476	1058913.3996585	249.8312715	4238.51423122
1279	2018-11-30 00:00:00	4335.0	4208.62467089	4291.08389476	4295.38210001	1193845.4403646	278.71459729	4283.39761165
1280	2018-11-30 04:00:00	4342.95999999	4191.61026241	4289.66570804	4225.5	885241.57566709	207.62187476	4263.7201725
1281	2018-11-30 08:00:00	4252.82651999	3992.17639867	4227.36376106	4022.72761012	2357154.5572711	575.56375652	4095.38392674
1282	2018-11-30 12:00:00	4072.35787	3950.0	4028.32341675	4041.1919	1788304.6023893	445.75431284	4011.86158131
1283	2018-11-30 16:00:00	4085.0	4003.61879369	4028.3918148	4033.56612434	910368.76034502	225.25130584	4041.56929057
1284	2018-11-30 20:00:00	4064.97999997	3950.4975905	4034.81988824	4040.8635	753493.48099215	188.04715364	4006.93903846
1285	2018-12-01 00:00:00	4059.67999998	4009.4351626	4049.98999999	4030.0445	345985.38601969	85.66894324	4038.63258883
1286	2018-12-01 04:00:00	4034.83259999	3965.0	4030.02456613	3997.91772757	519957.8420773	130.09368121	3996.79551874
1287	2018-12-01 08:00:00	4198.9897376	3996.1	3996.10000013	4179.31716236	1613219.2286535	390.0864082	4135.54329179
1288	2018-12-01 12:00:00	4228.38177644	4170.12291029	4176.84989959	4212.24550357	976086.38579114	232.12478333	4205.00720254
1289	2018-12-01 16:00:00	4294.87759993	4219.81857	4219.81857	4275.15592	788871.06187745	185.01251642	4263.87942363
1290	2018-12-01 20:00:00	4286.55275567	4172.4926239	4275.42858437	4193.0608	677591.91360854	160.8889477	4211.55040973
1291	2018-12-02 00:00:00	4311.32044493	4178.48986443	4206.8	4199.74113185	977750.15681221	229.83067949	4254.21949315
1292	2018-12-02 04:00:00	4214.990163	4115.01	4201.86208207	4182.90846	865545.35927685	207.92722011	4162.7323196
1293	2018-12-02 08:00:00	4250.37034999	4105.00000001	4175.61953212	4157.9999978	1136681.3948208	272.52000096	4171.00172764
1294	2018-12-02 12:00:00	4215.16476229	4134.35430788	4157.9999954	4181.28499419	1193271.7680959	285.91639328	4173.49895333
1295	2018-12-02 16:00:00	4190.89839999	4125.00000011	4175.89725001	4189.22922916	702233.66895015	168.70407338	4162.51756629
1296	2018-12-02 20:00:00	4245.6864294	4128.81599221	4177.35980744	4162.64871322	1094982.8567021	261.31316322	4190.30883561
1297	2018-12-03 00:00:00	4174.4414658	3974.99405004	4162.90571	4034.50095479	1636933.1819838	401.24384511	4079.64683305
1298	2018-12-03 04:00:00	4054.60750793	4000.0	4040.23249826	4031.4000005	426123.30594111	105.83921378	4026.13824047
1299	2018-12-03 08:00:00	4063.43413997	3994.15790933	4029.50000016	4024.75422575	405574.96700106	100.5082808	4035.23932329
1300	2018-12-03 12:00:00	4062.5	3859.82984753	4025.23954386	3887.71670999	1634646.3546293	415.32584638	3935.81658564
1301	2018-12-03 16:00:00	3912.76975917	3825.79805	3885.324917	3870.0	1025185.9368222	263.93104507	3884.29461395
1302	2018-12-03 20:00:00	3935.44683908	3849.30811233	3870.0	3890.35150953	1003975.6949034	257.8323872	3893.90838678
1303	2018-12-04 00:00:00	3929.70115259	3832.00539156	3890.35150953	3861.89589937	961177.41728473	247.02800494	3890.96538879
1304	2018-12-04 04:00:00	4026.13329659	3772.63523101	3857.52532966	4022.0	1288310.2645237	331.53245516	3885.92502626
1305	2018-12-04 08:00:00	4038.98999999	3968.4079	4021.99999999	3993.25999995	235647.18157713	58.89686343	4001.0141093
1306	2018-12-04 12:00:00	4079.0	3976.38490001	3993.25999987	4025.02942602	582624.17787524	144.80755267	4023.43777746
1307	2018-12-04 16:00:00	4025.04909993	3935.12433695	4025.01958901	3954.48877392	484197.61416945	122.11953893	3964.94793881
1308	2018-12-04 20:00:00	3964.64097749	3907.84103454	3964.64097749	3955.57428988	745603.99676829	189.86914426	3926.93609946
1309	2018-12-05 00:00:00	3971.07320999	3872.18032425	3955.50428	3886.51382	1680797.6798546	427.69872297	3929.86368578
1310	2018-12-05 04:00:00	3914.02837171	3833.66812564	3884.73771	3844.45541948	633438.86575789	163.29310465	3879.15256504
1311	2018-12-05 08:00:00	3920.0	3833.75853099	3849.08066115	3916.44833332	493219.70899294	126.97660314	3884.33535624
1312	2018-12-05 12:00:00	3935.88119983	3846.44833324	3916.44833332	3883.0	686434.37184961	176.68922285	3884.98155562
1313	2018-12-05 16:00:00	3883.0	3745.0	3883.0	3777.04909987	1339275.2322789	353.18611213	3791.98158218
1314	2018-12-05 20:00:00	3822.10795479	3755.0	3777.04909853	3769.80974367	902626.59618716	238.30725716	3787.65886924
1315	2018-12-06 00:00:00	3810.00000005	3737.0	3766.01548	3773.14599049	1704694.2780574	451.08538084	3779.09449178
1316	2018-12-06 04:00:00	3887.96529994	3683.0876	3773.14599048	3857.0	1262381.5722881	331.69938002	3805.80021648
1317	2018-12-06 08:00:00	3884.15871897	3790.52650004	3856.99999997	3814.39999719	363360.41914331	94.78507828	3833.51921776
1318	2018-12-06 12:00:00	3828.79999996	3604.17001048	3814.39999975	3694.72410004	2604055.6034635	703.21873354	3703.05209355
1319	2018-12-06 16:00:00	3702.5168	3610.91119955	3691.32990026	3685.8	1101651.0266231	301.49451366	3653.96707638
1320	2018-12-06 20:00:00	3696.23328	3498.76887275	3690.58110481	3508.71528995	2298450.7486538	639.28876882	3595.32477458
1321	2018-12-07 00:00:00	3530.0	3345.45	3502.32689393	3370.63015663	4264817.1387007	1246.27541373	3422.05028817
1322	2018-12-07 04:00:00	3449.99999999	3365.8596	3368.98653	3393.20239329	2077450.3379461	610.04392332	3405.41108358
1323	2018-12-07 08:00:00	3439.99999999	3349.15569999	3395.77613587	3395.70507036	950282.05820121	280.42881809	3388.67476129
1324	2018-12-07 12:00:00	3438.0	3323.0	3395.90507	3323.0	1064592.2489262	313.40160757	3396.89466554
1325	2018-12-07 16:00:00	3530.0	3227.02	3323.0	3495.3975	2974693.1997447	885.54243842	3359.17633157
1326	2018-12-07 20:00:00	3486.42680606	3320.0	3482.24374503	3401.58695244	1768146.2782592	521.05457566	3393.39938819
1327	2018-12-08 00:00:00	3494.37943613	3395.25053	3401.27624507	3450.0	832621.85647573	241.87447844	3442.37168735
1328	2018-12-08 04:00:00	3488.00179997	3405.70047387	3450.0	3433.9697	787922.01350645	229.20021359	3437.70191643
1329	2018-12-08 08:00:00	3418.83080043	3365.0	3418.83080018	3404.35000019	1231794.5267549	364.48907306	3379.51016312
1330	2018-12-08 12:00:00	3409.1414	3302.9428895	3404.55000047	3363.48944219	1461306.5055064	436.31054147	3349.23492928
1331	2018-12-08 16:00:00	3434.26173308	3355.52270136	3366.08291802	3380.66916	945624.27162506	278.72790311	3392.64300801
1332	2018-12-08 20:00:00	3485.0	3280.76414009	3379.24614	3409.25100337	1037634.6793779	307.79521836	3371.18518249
1333	2018-12-09 00:00:00	3450.40865898	3400.7	3407.0319	3417.00000001	683810.31248006	199.60634036	3425.79454764
1334	2018-12-09 04:00:00	3453.5467428	3403.64012	3416.1902455	3425.37115245	413795.56944671	120.64360167	3429.90066376
1335	2018-12-09 08:00:00	3466.98951247	3396.37583288	3419.76644246	3441.0	537787.96409665	156.7854683	3430.08806828
1336	2018-12-09 12:00:00	3599.85899999	3436.46300002	3443.59469188	3580.00000027	1513464.942054	428.75230005	3529.92845024
1337	2018-12-09 16:00:00	3655.93707439	3556.01048755	3577.13657305	3578.36668999	1707869.8407394	474.07933412	3602.49797411
1338	2018-12-09 20:00:00	3606.10873488	3516.12431183	3571.57100001	3549.01083	714022.76693206	200.48703479	3561.44110605
1339	2018-12-10 00:00:00	3609.99999999	3526.40097929	3549.01083	3544.61346	488321.79449042	137.05936879	3562.84870418
1340	2018-12-10 04:00:00	3553.21648	3478.12	3547.67817	3503.48	883223.12745692	250.73060864	3522.59794784
1341	2018-12-10 08:00:00	3536.09999998	3461.75810001	3503.48	3515.0	525744.82527726	150.17752732	3500.82222459
1342	2018-12-10 12:00:00	3514.99999999	3415.30180002	3514.99999999	3429.99162924	859739.00050198	248.56171794	3458.85523976
1343	2018-12-10 16:00:00	3518.10973786	3382.60550002	3423.09534469	3402.36802633	1446953.5562543	421.07900311	3436.29947246
1344	2018-12-10 20:00:00	3448.27339927	3387.01	3401.20138011	3441.26999997	761314.69312012	222.4688191	3422.11864206
1345	2018-12-11 00:00:00	3438.25148	3394.56063529	3438.25148	3411.04108688	357076.29793456	104.76197121	3408.45340928
1346	2018-12-11 04:00:00	3459.26619998	3394.2519	3411.68314684	3423.47566176	588117.66138619	171.47878915	3429.68167842
1347	2018-12-11 08:00:00	3439.83301571	3360.74693588	3419.6063	3377.02741489	733167.54880294	216.164981	3391.70362105
1348	2018-12-11 12:00:00	3394.9049695	3347.42686999	3377.4518929	3357.3947581	563995.35900659	167.51842387	3366.76615011
1349	2018-12-11 16:00:00	3404.42138845	3320.9599	3356.46691997	3368.85868005	774770.37997533	230.47849297	3361.5734379
1350	2018-12-11 20:00:00	3424.92969997	3368.19902	3368.75868048	3380.0	759445.78181805	223.68804233	3395.11121787
1351	2018-12-12 00:00:00	3386.41207969	3358.06050001	3380.70937	3369.48876994	703493.05845884	208.33593836	3376.7244576
1352	2018-12-12 04:00:00	3425.0	3363.40010004	3366.496	3401.50000001	603135.09090082	177.62568279	3395.53988717
1353	2018-12-12 08:00:00	3476.98089717	3393.95741994	3401.50000001	3439.12588296	613591.80917876	178.51489677	3437.20227432
1354	2018-12-12 12:00:00	3480.0	3407.08684351	3441.23595553	3456.0	709934.79609434	206.66122012	3435.25890189
1355	2018-12-12 16:00:00	3487.75565403	3437.03000019	3456.0	3449.0	434860.97144958	125.6785663	3460.10448918
1356	2018-12-12 20:00:00	3475.90404481	3427.48995498	3450.85110417	3445.92009044	519438.02665859	150.63964713	3448.21590168
1357	2018-12-13 00:00:00	3456.42971488	3391.65689104	3450.37282016	3400.67701998	473193.68633068	138.8238283	3408.59124924
1358	2018-12-13 04:00:00	3403.81951247	3364.48249904	3400.7331175	3403.81951247	804279.57696567	238.00347234	3379.27665112
1359	2018-12-13 08:00:00	3421.70017866	3381.02000003	3401.34909017	3384.68219999	325408.91507222	95.77241926	3397.73097084
1360	2018-12-13 12:00:00	3432.7578	3383.52	3383.9	3417.01254722	484604.02294771	141.85558258	3416.17872299
1361	2018-12-13 16:00:00	3425.35203428	3320.0	3417.01254722	3344.99049998	639621.04013099	189.7212021	3371.3735368
1362	2018-12-13 20:00:00	3352.92122991	3252.11	3343.31049753	3301.05664	1178200.0521713	357.00584219	3300.22625104
1363	2018-12-14 00:00:00	3339.98	3244.29908829	3301.05663999	3289.92612301	573550.76212199	174.54691004	3285.94050728
1364	2018-12-14 04:00:00	3318.54999995	3284.05653325	3289.92612301	3307.99617077	257581.0999575	78.09899127	3298.13606768
1365	2018-12-14 08:00:00	3320.23720001	3281.44203795	3307.99617067	3285.45039	320825.93348429	97.2038851	3300.54640464
1366	2018-12-14 12:00:00	3307.0	3258.39010044	3285.51270998	3261.88489526	324764.87051775	99.08748661	3277.5568503
1367	2018-12-14 16:00:00	3266.12934	3204.62614	3261.88489526	3219.4884	1227472.5237207	381.25611158	3219.54845165
1368	2018-12-14 20:00:00	3274.35986058	3180.0	3218.45304385	3221.65719735	1070803.5663461	333.40334213	3211.73614968
1369	2018-12-15 00:00:00	3263.25063782	3218.70029271	3221.3268	3256.88373081	354485.2926999	109.42348984	3239.57217246
1370	2018-12-15 04:00:00	3263.9	3220.09300002	3256.98361086	3229.6	353931.81758584	109.12760336	3243.2840701
1371	2018-12-15 08:00:00	3235.84597389	3172.85705335	3231.88745987	3204.69999999	726734.41824444	226.92618377	3202.51460704
1372	2018-12-15 12:00:00	3208.09189231	3157.76630959	3204.75441993	3177.4311	609596.28121023	191.71336812	3179.7275651
1373	2018-12-15 16:00:00	3206.76051696	3170.0	3177.32248	3204.19562156	460798.23293557	144.63528936	3185.93225052
1374	2018-12-15 20:00:00	3243.46851661	3200.0	3200.80861874	3216.14473831	387519.74625499	120.21199586	3223.63623931
1375	2018-12-16 00:00:00	3282.99999981	3208.19211841	3212.08935712	3273.55608073	212016.64612687	65.1735183	3253.11033771
1376	2018-12-16 04:00:00	3286.50874859	3249.54913006	3273.55608073	3252.0	232852.16020823	71.15586897	3272.42381519
1377	2018-12-16 08:00:00	3272.99597769	3243.71912959	3252.0	3270.86885762	356822.91386197	109.40663922	3261.43748136
1378	2018-12-16 12:00:00	3292.52816974	3221.6779	3266.91572755	3244.6372905	321070.31796457	98.61406207	3255.82691986
1379	2018-12-16 16:00:00	3266.84792238	3222.43000002	3238.34826429	3257.80468315	129041.9785482	39.82204667	3240.4657555
1380	2018-12-16 20:00:00	3259.05181739	3216.03371	3257.80468315	3223.74476605	482520.7896533	149.34954018	3230.81536824
1381	2018-12-17 00:00:00	3253.40334999	3221.0	3225.03477996	3242.48060702	229189.6279537	70.80756942	3236.79558317
1382	2018-12-17 04:00:00	3281.0	3237.40605757	3237.84336552	3277.76527339	199819.36520338	61.42063507	3253.2937013
1383	2018-12-17 08:00:00	3288.2193766	3256.22069873	3274.7690753	3269.62192174	217134.27621263	66.36477121	3271.83040419
1384	2018-12-17 12:00:00	3456.80350649	3270.01603183	3276.89999	3419.95174943	1775854.7290843	522.54250014	3398.48859874
1385	2018-12-17 16:00:00	3575.74009854	3418.99195828	3419.0	3532.1758975	1711485.4946078	490.82212995	3486.97703337
1386	2018-12-17 20:00:00	3590.0	3480.00804181	3532.71470456	3505.39827	1552083.0183031	441.44509901	3515.91403276
1387	2018-12-18 00:00:00	3547.61197	3487.38844371	3507.22476	3532.50182357	689136.40000612	196.05433539	3515.02760005
1388	2018-12-18 04:00:00	3532.55007452	3481.22	3532.55007452	3515.35487575	716739.12775948	204.2654412	3508.86142829
1389	2018-12-18 08:00:00	3515.35487575	3438.99757592	3515.35487575	3492.18135653	500037.71365459	144.08480247	3470.4403593
1390	2018-12-18 12:00:00	3570.91692773	3472.46694118	3493.86241	3514.00000045	635380.40536643	180.26607365	3524.68100348
1391	2018-12-18 16:00:00	3541.4097	3484.61340881	3514.00000045	3528.60101498	732696.77996578	208.59618973	3512.51276887
1392	2018-12-18 20:00:00	3676.1169	3503.00000052	3532.22121979	3650.80698101	1592025.8099721	442.01461873	3601.74922391
1393	2018-12-19 00:00:00	3746.6940501	3625.40268977	3652.26730381	3730.71701988	2305256.6814838	624.3784758	3692.08223991
1394	2018-12-19 04:00:00	3747.0	3669.0	3730.61701	3703.99999995	1683812.5209451	453.72874279	3711.05544381
1395	2018-12-19 08:00:00	3824.27857658	3692.1221058	3703.99999979	3813.0	967251.89480687	256.40444801	3772.36784429
1396	2018-12-19 12:00:00	3918.05665828	3715.00000011	3813.00001513	3745.30804173	2874305.3270177	752.76449229	3818.33276736
1397	2018-12-19 16:00:00	3810.99198969	3732.50291493	3748.99999994	3748.67489001	1584493.4251889	419.68783559	3775.40946108
1398	2018-12-19 20:00:00	3765.13549997	3635.00804172	3750.0	3667.66418872	1495454.5138736	405.85925797	3684.66280984
1399	2018-12-20 00:00:00	3758.3126179	3642.61780001	3664.4652	3707.511548	797732.48288849	214.85350683	3712.91348537
1400	2018-12-20 04:00:00	3735.07	3663.96899781	3707.26250001	3733.7724546	266875.05353809	72.21297543	3695.6662144
1401	2018-12-20 08:00:00	4075.0	3729.89941491	3729.89941491	3970.44012922	3682151.860147	926.08652684	3976.03436982
1402	2018-12-20 12:00:00	4060.9477937	3925.00000001	3972.02837612	3992.55529989	1301528.9370176	326.01925075	3992.1843082
1403	2018-12-20 16:00:00	4118.0	3969.92880012	3992.5553	4009.33000002	2060921.1922541	510.46555604	4037.33644291
1404	2018-12-20 20:00:00	4071.204431	3863.61176183	4009.33000002	4050.65495005	2473675.471727	623.41115468	3967.96793441
1405	2018-12-21 00:00:00	4145.28045897	3956.420145	4050.0	4028.332	1706873.912281	422.25538221	4042.27864035
1406	2018-12-21 04:00:00	4028.26219999	3880.0	4015.55319	3980.58088226	846647.63130183	214.48444755	3947.36140998
1407	2018-12-21 08:00:00	4036.46999996	3924.663202	3980.58088224	3994.431	664463.91766636	166.98862694	3979.09683936
1408	2018-12-21 12:00:00	4068.37199997	3929.29396572	3998.68596016	3943.14181001	919792.29043752	230.0610923	3998.03496211
1409	2018-12-21 16:00:00	3975.0	3800.16909999	3945.96903494	3804.80770997	1687911.4092769	432.37427775	3903.82013023
1410	2018-12-21 20:00:00	3857.61630998	3766.65025975	3804.99999999	3836.54005694	1210449.1749465	317.21342859	3815.88251268
1411	2018-12-22 00:00:00	3869.779	3800.36454999	3838.87314884	3815.00000001	607654.13177697	158.47170362	3834.46456304
1412	2018-12-22 04:00:00	3841.78	3788.99999999	3815.00000001	3841.78	612283.29322427	160.22380818	3821.42516882
1413	2018-12-22 08:00:00	3926.64037549	3826.61739312	3838.45916014	3874.3034562	1074450.0060335	276.77154344	3882.08264722
1414	2018-12-22 12:00:00	3879.46449626	3788.73501031	3874.3034562	3824.06417855	1023232.5228213	267.42549961	3826.23393922
1415	2018-12-22 16:00:00	3887.99999999	3797.79953809	3826.36220953	3875.21631004	1002582.2715738	260.82570836	3843.87826597
1416	2018-12-22 20:00:00	3974.26390019	3825.0	3878.9205342	3948.86444059	932557.98997446	239.25755528	3897.71595251
1417	2018-12-23 00:00:00	3995.0	3927.34811488	3948.86444098	3983.50224769	1116842.6666643	281.76824262	3963.69248812
1418	2018-12-23 04:00:00	3994.4442814	3938.97000008	3983.50224769	3960.0	389046.3038434	97.96038869	3971.4654979
1419	2018-12-23 08:00:00	4020.0	3942.82640006	3960.0	3993.10101045	787041.22496634	197.45094805	3986.0088429
1420	2018-12-23 12:00:00	4006.65619983	3875.9544	3993.10101045	3904.7584	687790.96846164	174.21066823	3948.04161794
1421	2018-12-23 16:00:00	3965.06580873	3894.0961	3904.85850045	3932.56962008	495043.43368741	125.87079897	3932.94900595
1422	2018-12-23 20:00:00	3951.06530465	3894.04712	3927.86363993	3929.1	634197.78327572	161.62032006	3923.99781809
1423	2018-12-24 00:00:00	4172.22482324	3929.88782482	3929.88782482	4142.38765112	1501181.6307495	367.19383192	4088.25394179
1424	2018-12-24 04:00:00	4200.0	4116.7566459	4142.38765112	4158.02232907	1882816.7888803	453.29705344	4153.60473797
1425	2018-12-24 08:00:00	4193.11792	4064.4665	4159.6	4100.91332963	937988.14723985	226.95660724	4132.89640978
1426	2018-12-24 12:00:00	4200.0	4024.59754024	4100.91332962	4024.59754024	1913891.5724317	464.11976481	4123.70193545
1427	2018-12-24 16:00:00	4077.2122145	3965.0	4021.92641829	4012.00869003	1969842.9046288	489.22495503	4026.45630476
1428	2018-12-24 20:00:00	4062.02862218	3989.9367	4014.42527	4010.26812838	837539.62007491	208.02155112	4026.21562797
1429	2018-12-25 00:00:00	4021.32094026	3710.34087839	4010.26812838	3713.15942088	1377467.9313345	360.12105403	3825.01360561
1430	2018-12-25 04:00:00	3791.09350154	3716.9536	3717.15361049	3746.55033	421299.89859122	112.11795204	3757.64889498
1431	2018-12-25 08:00:00	3781.03857099	3686.05241616	3750.69016481	3743.63014872	598504.18838196	160.04350033	3739.63445655
1432	2018-12-25 12:00:00	3760.08126598	3650.9	3740.73485004	3685.80634211	1829263.791916	492.28886119	3715.83421061
1433	2018-12-25 16:00:00	3725.73271488	3666.0	3685.80634211	3705.56552109	1021899.4376789	276.24984404	3699.18557322
1434	2018-12-25 20:00:00	3778.49	3700.22544	3710.87488713	3740.67841508	754309.04342313	201.3818673	3745.66515613
1435	2018-12-26 00:00:00	3838.99999999	3719.86472369	3740.99041045	3797.0	569669.68971818	150.32246382	3789.65109566
1436	2018-12-26 04:00:00	3799.00000001	3708.83874361	3797.0	3744.27776	673000.48727655	178.89225663	3762.04370135
1437	2018-12-26 08:00:00	3743.01743044	3690.0	3741.57712	3717.01810991	158113.75926168	42.56362064	3714.76290983
1438	2018-12-26 12:00:00	3748.68108699	3654.98767951	3718.13759769	3704.24759999	940133.57908096	253.72249971	3705.36148806
1439	2018-12-26 16:00:00	3787.98141	3694.59871	3704.24759999	3768.67786999	904356.14327647	242.18437811	3734.16382317
1440	2018-12-26 20:00:00	3799.0	3718.64791	3768.77788	3779.9112	531013.52535241	141.3974811	3755.46665486
1441	2018-12-27 00:00:00	3818.04322075	3691.99999998	3780.10669	3708.73260548	1123980.7212695	299.05649781	3758.42267096
1442	2018-12-27 04:00:00	3730.46488141	3671.45475411	3708.73260548	3726.22908999	576863.18601789	155.78096811	3703.04019172
1443	2018-12-27 08:00:00	3750.90699336	3699.08971845	3726.22908997	3722.8	277079.85073932	74.37249076	3725.56906334
1444	2018-12-27 12:00:00	3762.2135	3700.51000026	3725.98043995	3709.06342003	285428.9186387	76.66667187	3722.98564261
1445	2018-12-27 16:00:00	3740.30211021	3570.0	3714.97357999	3576.91500988	1318901.9785244	362.73509276	3635.99222917
1446	2018-12-27 20:00:00	3586.23914997	3535.0	3574.3719	3565.27114442	656663.83185003	184.17134221	3565.50494756
1447	2018-12-28 00:00:00	3601.0	3550.04000001	3565.27114442	3569.06341483	398431.20092908	111.20036531	3583.0026261
1448	2018-12-28 04:00:00	3578.45857211	3543.31272861	3566.94861245	3563.93639999	379146.88556752	106.38642301	3563.86533958
1449	2018-12-28 08:00:00	3605.98	3553.30202579	3563.93640029	3605.40794999	313268.59406905	87.49785779	3580.30015798
1450	2018-12-28 12:00:00	3803.81716126	3567.0	3605.99999992	3771.60041	1226314.3019217	331.56219517	3698.59507442
1451	2018-12-28 16:00:00	3890.00000011	3779.68	3779.78859999	3821.7350825	2132667.1375357	558.59522201	3817.91152788
1452	2018-12-28 20:00:00	3856.66143992	3796.01240001	3816.03000009	3840.41160444	1009319.3417412	263.41048436	3831.7356433
1453	2018-12-29 00:00:00	3866.0	3821.0	3833.35694006	3833.23054095	574651.77161613	149.44144718	3845.33061249
1454	2018-12-29 04:00:00	3864.74383999	3815.537	3831.94854154	3860.00000002	228382.20964904	59.55112155	3835.06143469
1455	2018-12-29 08:00:00	3889.09999998	3776.71018943	3860.00000034	3806.31581557	857839.68110775	224.89476216	3814.40489262
1456	2018-12-29 12:00:00	3836.6221046	3781.00000001	3806.26	3826.35016062	745313.71384052	195.56862616	3811.008588
1457	2018-12-29 16:00:00	3826.35016063	3756.36271312	3826.35016063	3796.39999994	438305.29680911	115.65499058	3789.76553118
1458	2018-12-29 20:00:00	3876.68638459	3672.11	3796.39999995	3691.74981487	1431263.2522467	376.39658989	3802.54043392
1459	2018-12-30 00:00:00	3724.48430461	3658.59997073	3693.70323	3717.2299999	407089.61097939	109.9604254	3702.14656317
1460	2018-12-30 04:00:00	3746.71563507	3709.92089	3717.22999992	3727.81000001	149738.7580523	40.12837467	3731.49322103
1461	2018-12-30 08:00:00	3815.77483086	3729.01721489	3733.67621488	3790.37283999	351941.3385123	92.98855802	3784.78111722
1462	2018-12-30 12:00:00	3820.0	3727.14	3790.47284963	3771.0	509685.21914603	134.6504663	3785.24659551
1463	2018-12-30 16:00:00	3805.07065647	3740.0	3771.0	3788.19	232499.34022988	61.5040705	3780.22687506
1464	2018-12-30 20:00:00	3816.14641323	3755.40000001	3775.43420001	3798.24	143616.77278458	37.88132336	3791.22902913
1465	2018-12-31 00:00:00	3809.09050002	3727.0	3798.96999999	3742.8628152	275670.06990929	73.28249272	3761.7452638
1466	2018-12-31 04:00:00	3765.82999996	3735.83233996	3742.8628152	3755.29466425	116440.89611503	31.00846905	3755.13205528
1467	2018-12-31 08:00:00	3789.83281488	3700.0	3753.85128602	3725.3950198	218667.32702407	58.49243319	3738.38657581
1468	2018-12-31 12:00:00	3784.99	3715.85305	3723.15970001	3747.7	421471.85446074	112.62017292	3742.41881834
1469	2018-12-31 16:00:00	3787.52234641	3642.0	3750.51101491	3686.60267776	374217.38442815	100.78432314	3713.05152199
1470	2018-12-31 20:00:00	3698.99999997	3659.61000002	3669.79970001	3696.22229999	108538.14476488	29.52723767	3675.86517837
1471	2019-01-01 00:00:00	3711.42000003	3674.11000001	3696.20229991	3692.00000003	65168.66722286	17.64179572	3693.99284841
1472	2019-01-01 04:00:00	3725.47863624	3689.1391001	3699.11649999	3720.95255	38727.26976631	10.42985058	3713.11836821
1473	2019-01-01 08:00:00	3729.42959998	3699.0	3722.22999999	3713.50132428	85876.77474012	23.14474823	3710.42164238
1474	2019-01-01 12:00:00	3742.04999998	3667.99593217	3713.31051148	3685.68145793	351455.15174927	95.01431484	3698.97054292
1475	2019-01-01 16:00:00	3701.77263227	3638.95819695	3685.68145785	3701.33065007	428785.29726824	116.86055024	3669.20484618
1476	2019-01-01 20:00:00	3812.0	3695.0000003	3697.00000076	3795.55974532	959285.39207767	256.20356202	3744.23128435
1477	2019-01-02 00:00:00	3808.70875567	3763.75791224	3796.24838735	3775.80691489	340936.36552645	90.17019847	3781.03155267
1478	2019-01-02 04:00:00	3778.43204999	3751.41443611	3775.80691489	3769.37572204	509014.52999243	135.0204779	3769.90614986
1479	2019-01-02 08:00:00	3800.77811493	3769.82801491	3770.5	3786.68535702	492337.93020656	130.13966727	3783.15036863
1480	2019-01-02 12:00:00	3844.31279	3780.43846881	3786.76418525	3801.0	627474.24682166	164.52712839	3813.80416082
1481	2019-01-02 16:00:00	3860.45133478	3799.55404081	3801.69656997	3825.57962	642405.74136717	168.14110677	3820.63466636
1482	2019-01-02 20:00:00	3885.54389999	3816.47610998	3827.0	3858.89981478	745787.12674931	193.59630052	3852.27984597
1483	2019-01-03 00:00:00	3861.97671467	3818.88564822	3856.00000016	3839.57501492	307379.94214045	80.11325152	3836.81770878
1484	2019-01-03 04:00:00	3849.99999433	3802.01091992	3839.57501492	3827.08884033	451422.81604352	117.94191223	3827.50124623
1485	2019-01-03 08:00:00	3830.67069996	3787.03957749	3827.08884033	3808.41472966	415226.69907695	109.0462513	3807.80351572
1486	2019-01-03 12:00:00	3826.30666972	3786.10000001	3802.81768322	3803.99590185	341452.03846145	89.71408854	3806.00242412
1487	2019-01-03 16:00:00	3803.99590185	3731.00000003	3803.99590185	3750.27578776	679510.97285787	180.70290603	3760.37656386
1488	2019-01-03 20:00:00	3779.7	3750.97577997	3750.97577997	3761.85757117	72155.0707857	19.14755485	3768.3699747
1489	2019-01-04 00:00:00	3781.33695432	3737.71591645	3763.83092408	3779.66020004	84574.44950067	22.53331521	3753.30699067
1490	2019-01-04 04:00:00	3798.07925	3766.6758	3781.85	3780.98000019	237735.2866061	62.88164887	3780.67831995
1491	2019-01-04 08:00:00	3797.28541273	3751.54765853	3783.1593	3751.64765017	196776.06115464	52.19835315	3769.77527603
1492	2019-01-04 12:00:00	3763.34669502	3701.35925415	3754.09850979	3726.89999932	302696.15431484	80.94675392	3739.4477191
1493	2019-01-04 16:00:00	3749.2085	3716.69620001	3724.35154963	3741.59856999	202495.67473469	54.17371439	3737.89534306
1494	2019-01-04 20:00:00	3819.99291489	3735.21082	3737.32615	3794.90259	449622.15622962	118.90982207	3781.20283423
1495	2019-01-05 00:00:00	3839.55900037	3789.12672848	3790.68631634	3810.88110148	352704.55425755	92.46218444	3814.58167351
1496	2019-01-05 04:00:00	3831.09	3780.91030002	3815.69999991	3780.91050031	116142.46283028	30.4666034	3812.12376402
1497	2019-01-05 08:00:00	3810.49247485	3774.44288772	3788.07991425	3801.89999999	113894.00202543	30.01722624	3794.28802364
1498	2019-01-05 12:00:00	3808.09999981	3780.03	3801.89999999	3785.53708216	120854.74409092	31.83513798	3796.26889529
1499	2019-01-05 16:00:00	3816.56749329	3776.6513	3785.0	3806.56749335	82075.36905818	21.59300097	3801.01724499
1500	2019-01-05 20:00:00	3814.32	3751.49661488	3814.32	3775.80715	215355.60237754	57.06179762	3774.07672663
1501	2019-01-06 00:00:00	3788.37961485	3737.04586	3772.41640967	3774.03907196	224880.50460847	59.68082748	3768.05272486
1502	2019-01-06 04:00:00	3781.42440735	3762.17073227	3770.39	3765.43701274	33081.32251214	8.7608839	3776.02567158
1503	2019-01-06 08:00:00	3817.0	3765.43701274	3765.43701274	3810.39984598	214477.70342598	56.47287641	3797.88877529
1504	2019-01-06 12:00:00	3819.0	3785.92670891	3810.82051002	3803.01257137	215196.24046996	56.53626522	3806.33987109
1505	2019-01-06 16:00:00	4024.62694568	3803.20152849	3810.47998955	4000.0	1705688.5089997	430.77207649	3959.60788103
1506	2019-01-06 20:00:00	4009.6515	3960.0	4000.0	3988.0	377602.561301	94.79281011	3983.45149661
1507	2019-01-07 00:00:00	4012.11000002	3969.82940019	3988.0	3990.46740046	213256.77819666	53.43190121	3991.18828578
1508	2019-01-07 04:00:00	4000.0	3980.34000103	3990.46740048	3998.5	143182.09752279	35.88694684	3989.80994847
1509	2019-01-07 08:00:00	4015.1716	3930.0	3996.81897536	3974.66309704	559858.30023178	141.11195745	3967.47596978
1510	2019-01-07 12:00:00	3996.13214228	3957.89005867	3974.1401	3973.0308	141913.30499155	35.65261171	3980.44626143
1511	2019-01-07 16:00:00	3990.0	3950.0	3974.0	3985.0	318023.87028381	79.94560193	3978.00332483
1512	2019-01-07 20:00:00	3987.0	3957.89952999	3986.99999998	3974.89220995	131410.16327013	33.06003287	3974.89511843
1513	2019-01-08 00:00:00	3989.9899997	3924.48348141	3977.59005694	3947.45546555	473897.53078599	120.08222459	3946.44196844
1514	2019-01-08 04:00:00	3958.15180644	3933.30000005	3947.45546555	3954.0	508785.64138991	129.03088164	3943.13078329
1515	2019-01-08 08:00:00	4011.98999999	3949.77084989	3949.87085942	4005.70351	330475.32809236	83.10327836	3976.68220332
1516	2019-01-08 12:00:00	4074.99999998	3983.48072	4002.20000001	4000.07411	793586.47470616	197.47821955	4018.60254014
1517	2019-01-08 16:00:00	4008.00999999	3952.0729	4003.95313293	3987.03702859	751713.79733394	188.93566818	3978.67594073
1518	2019-01-08 20:00:00	3987.9999991	3947.94646045	3983.54842984	3954.34154414	421511.22789662	106.48870509	3958.27170158
1519	2019-01-09 00:00:00	3995.91967597	3936.99524085	3954.34154413	3981.37292897	311736.35965306	78.595094	3966.35901539
1520	2019-01-09 04:00:00	3997.00356442	3978.69326868	3982.67211482	3989.24441831	144149.2933645	36.12418828	3990.38152074
1521	2019-01-09 08:00:00	4008.19423	3975.5695	3988.12464746	3988.00000001	187571.69231486	46.9868811	3992.00134002
1522	2019-01-09 12:00:00	3988.00000001	3940.0	3988.00000001	3957.19995085	372705.62834525	94.00025166	3964.94287795
1523	2019-01-09 16:00:00	3974.87233469	3956.51999	3961.39995999	3974.87233469	261044.45507544	65.80860847	3966.72200103
1524	2019-01-09 20:00:00	3986.78509499	3956.73356	3974.87233469	3965.47000001	265400.47428804	66.86699227	3969.08048767
1525	2019-01-10 00:00:00	3990.23708863	3963.01000014	3963.01000014	3976.21781488	177838.20313947	44.64794893	3983.12145129
1526	2019-01-10 04:00:00	3992.9384568	3737.5	3977.01261566	3774.70222	1868437.1804872	490.01531265	3813.01794505
1527	2019-01-10 08:00:00	3781.73315	3717.42452519	3777.61487	3737.18105	1039246.500794	277.44814251	3745.73241468
1528	2019-01-10 12:00:00	3748.5	3700.44680001	3737.38105001	3722.91079423	996225.50048375	267.57859235	3723.11361583
1529	2019-01-10 16:00:00	3726.05519	3528.81816107	3722.91079423	3592.33598784	1667274.9425838	465.93628274	3578.33249812
1530	2019-01-10 20:00:00	3602.46218017	3576.51285	3594.451644	3586.27805144	530076.28346301	147.76102527	3587.38904588
1531	2019-01-11 00:00:00	3616.53891153	3565.88488435	3586.27805144	3580.65951001	477305.07937454	132.79622952	3594.26680335
1532	2019-01-11 04:00:00	3597.1796	3551.72090014	3583.56874083	3595.97191757	380722.58794839	106.48877974	3575.23664819
1533	2019-01-11 08:00:00	3629.39112687	3565.75019206	3596.27191	3594.50576	568087.61145608	157.7312187	3601.61809525
1534	2019-01-11 12:00:00	3614.00949859	3573.22000001	3596.72679124	3589.1025	454451.73925472	126.46289033	3593.5580633
1535	2019-01-11 16:00:00	3617.24807811	3585.0	3587.0255626	3608.0	306710.96788942	85.11532721	3603.47516649
1536	2019-01-11 20:00:00	3649.99999999	3511.54873196	3608.0	3600.00038064	1028610.0723397	286.53084632	3589.87552492
1537	2019-01-12 00:00:00	3613.5609288	3570.3877	3593.46020005	3600.92762	304647.26347796	84.71872615	3595.98494125
1538	2019-01-12 04:00:00	3599.53199	3572.0	3591.141925	3580.196777	27913.39081595	7.7921478	3582.24606776
1539	2019-01-12 08:00:00	3586.2257	3566.60491338	3581.55975	3570.29972466	180004.49920803	50.35617122	3574.62640321
1540	2019-01-12 12:00:00	3605.00334	3527.53061553	3570.18367369	3588.85472991	358795.75590659	100.52273371	3569.2996267
1541	2019-01-12 16:00:00	3600.0	3575.0	3594.25999921	3594.03109	53463.95051759	14.88685813	3591.35218799
1542	2019-01-12 20:00:00	3609.1	3565.00000001	3593.67	3582.25441006	137485.07359402	38.31020515	3588.73237707
1543	2019-01-13 00:00:00	3593.04900099	3568.64308857	3579.06711515	3593.04900099	31053.54262872	8.67798718	3578.42688455
1544	2019-01-13 04:00:00	3595.0	3580.18538762	3591.85981488	3585.42763995	35855.51931961	9.99860383	3586.05260586
1545	2019-01-13 08:00:00	3588.25425001	3574.45000001	3583.92879374	3583.71859	80384.74695816	22.4268735	3584.30464942
1546	2019-01-13 12:00:00	3609.22908069	3560.0	3586.16811065	3574.06017872	350487.104556	97.6935217	3587.61869218
1547	2019-01-13 16:00:00	3575.36152987	3444.44444444	3575.36152987	3469.21176	835605.03097107	239.26673001	3492.35780058
1548	2019-01-13 20:00:00	3500.0	3455.958	3469.2	3474.78631704	351486.88290107	100.94257484	3482.04792138
1549	2019-01-14 00:00:00	3498.73740088	3469.0632149	3477.6020905	3492.99999999	95855.65160277	27.48675623	3487.33953183
1550	2019-01-14 04:00:00	3523.13972029	3488.00000093	3488.3674	3510.88771749	249232.13592896	71.04681032	3507.99894895
1551	2019-01-14 08:00:00	3532.19891726	3490.0	3514.25352717	3490.01000028	341120.09087721	97.23014972	3508.37771884
1552	2019-01-14 12:00:00	3646.10305	3490.0	3495.31805688	3632.74329123	922853.02618985	257.22658921	3587.70463436
1553	2019-01-14 16:00:00	3660.0	3611.74751	3630.83969784	3639.12139999	513377.42997472	141.3290579	3632.49736185
1554	2019-01-14 20:00:00	3661.85	3607.07236588	3639.12139999	3628.0	216703.8637155	59.58998931	3636.58168468
1555	2019-01-15 00:00:00	3642.9581	3619.00000001	3626.44379997	3627.0	135959.02136605	37.43849757	3631.52984736
1556	2019-01-15 04:00:00	3627.99999997	3605.9	3627.99999997	3626.79908	56964.6864127	15.73630034	3619.95419392
1557	2019-01-15 08:00:00	3627.40752987	3576.33414889	3627.40752987	3610.24125001	258712.01649681	71.84271768	3601.08894612
1558	2019-01-15 12:00:00	3633.99491536	3581.86713782	3612.5498868	3599.7	470477.88601263	130.5208874	3604.61758561
1559	2019-01-15 16:00:00	3607.35345	3586.81000002	3598.77917138	3597.41384	300564.62946979	83.56696256	3596.69204506
1560	2019-01-15 20:00:00	3604.28903468	3515.48270535	3597.74816572	3553.90266648	803839.27934164	226.28722558	3552.29632287
1561	2019-01-16 00:00:00	3571.09	3546.96113	3548.35502516	3571.09	121334.69474233	34.11882002	3556.2394793
1562	2019-01-16 04:00:00	3583.1665	3554.94597404	3574.18999968	3554.94597404	321370.6828764	89.94834656	3572.83591268
1563	2019-01-16 08:00:00	3600.55651587	3556.99999993	3556.99999993	3588.62838285	287102.23841544	80.02889235	3587.48234524
1564	2019-01-16 12:00:00	3637.8436984	3579.20877773	3594.7031	3584.31407001	710308.51305252	197.0274678	3605.12430568
1565	2019-01-16 16:00:00	3605.0	3556.11451897	3590.0	3579.27821484	299454.26943376	83.68086887	3578.52724855
1566	2019-01-16 20:00:00	3606.41652099	3565.05231178	3572.04000003	3589.40221968	340794.38962571	95.02424526	3586.39406914
1567	2019-01-17 00:00:00	3597.10950762	3557.04869805	3588.00212	3572.20461487	267596.18889848	74.78662225	3578.12909378
1568	2019-01-17 04:00:00	3587.14567917	3569.84842	3574.7610102	3579.99711	116889.74818499	32.67321921	3577.53998569
1569	2019-01-17 08:00:00	3587.9748386	3534.0778	3581.00003643	3580.48874	235324.86620021	66.00138419	3565.45349901
1570	2019-01-17 12:00:00	3604.3535345	3563.10250002	3580.85185803	3597.92040798	131574.32455913	36.72295614	3582.89033316
1571	2019-01-17 16:00:00	3630.0	3576.51977622	3596.45257044	3602.188548	379640.14149919	105.53797765	3597.18984532
1572	2019-01-17 20:00:00	3619.40000002	3600.83641501	3602.19	3618.10803999	69224.63038482	19.16990717	3611.10931685
1573	2019-01-18 00:00:00	3617.89940836	3596.97676288	3616.49999993	3602.49682389	25447.07887874	7.05150984	3608.74188027
1574	2019-01-18 04:00:00	3612.99780084	3592.5017469	3601.87092331	3604.57597599	35975.36537256	9.99023933	3601.05140469
1575	2019-01-18 08:00:00	3610.0	3590.56831489	3604.57597597	3591.02818005	67536.29167046	18.75215976	3601.52070667
1576	2019-01-18 12:00:00	3610.0	3581.18209841	3598.29999985	3610.0	233861.24952381	65.0858025	3593.12231763
1577	2019-01-18 16:00:00	3605.53599996	3565.46267219	3605.53599996	3576.70069256	80845.5872683	22.58213776	3580.06793367
1578	2019-01-18 20:00:00	3603.24261587	3587.9	3587.9	3597.0	67834.70442163	18.85965122	3596.81648564
1579	2019-01-19 00:00:00	3610.99900099	3595.68135099	3598.27961481	3606.39318062	74347.80628989	20.63354	3603.2501592
1580	2019-01-19 04:00:00	3610.99900099	3600.0	3607.59999981	3604.70739288	46229.183268	12.82525019	3604.54436234
1581	2019-01-19 08:00:00	3730.0	3600.17111489	3607.6399	3693.47	884498.41296217	239.8595054	3687.56873523
1582	2019-01-19 12:00:00	3693.57	3676.69000006	3690.10000018	3684.8	92809.09745616	25.17705295	3686.25738844
1583	2019-01-19 16:00:00	3694.0	3657.10789142	3684.12311021	3687.49999992	200171.69654591	54.33605324	3683.95723667
1584	2019-01-19 20:00:00	3687.4	3667.07000003	3681.40955007	3669.29000018	70681.9053098	19.20592866	3680.21284266
1585	2019-01-20 00:00:00	3688.8410605	3664.19189	3669.29000018	3686.24129986	88241.1964891	23.97383287	3680.72960913
1586	2019-01-20 04:00:00	3686.24129986	3670.77376001	3686.24129986	3680.38024005	23281.40371765	6.32826031	3678.9579722
1587	2019-01-20 08:00:00	3693.54800075	3577.40397263	3680.3737362	3584.12355619	372268.86876498	102.74303662	3623.30023534
1588	2019-01-20 12:00:00	3587.0	3478.99850414	3585.0	3526.79170488	1038222.4784105	295.31648714	3515.62653499
1589	2019-01-20 16:00:00	3536.25531266	3510.50174001	3526.79170486	3516.95201485	263451.56500751	74.81555704	3521.34736986
1590	2019-01-20 20:00:00	3550.0	3515.00000001	3515.00000001	3535.35684802	187952.47909146	53.13791344	3537.06923971
1591	2019-01-21 00:00:00	3549.35907	3525.282	3537.61154999	3534.0365148	112958.09346881	31.96773667	3533.50300131
1592	2019-01-21 04:00:00	3531.87551488	3497.23183432	3531.63961387	3524.61263999	168171.17433405	47.77076295	3520.37865734
1593	2019-01-21 08:00:00	3557.35900098	3516.31390672	3524.61263999	3546.33999962	381169.84976406	107.7093856	3538.87312271
1594	2019-01-21 12:00:00	3564.1053034	3520.0	3546.3399996	3530.14361742	266991.96039758	75.36502044	3542.65093857
1595	2019-01-21 16:00:00	3540.49904755	3527.55	3530.14361743	3530.24151001	103431.19817671	29.25173501	3535.89960189
1596	2019-01-21 20:00:00	3534.93194	3486.856322	3530.34151001	3530.45259	273245.57365882	77.9513706	3505.33379407
1597	2019-01-22 00:00:00	3554.74720332	3521.15259163	3525.03561	3522.27156992	121387.6699679	34.29906108	3539.09600279
1598	2019-01-22 04:00:00	3533.16249999	3510.5	3525.10248651	3514.81851488	131749.31886339	37.43996775	3518.9485136
1599	2019-01-22 08:00:00	3532.28521544	3428.32102543	3516.73311999	3531.21115871	847400.25437053	242.87691216	3489.01114903
1600	2019-01-22 12:00:00	3587.318969	3520.75839661	3532.36686968	3577.98699368	596122.09732602	167.57927305	3557.25434581
1601	2019-01-22 16:00:00	3605.0	3565.66741	3581.49541488	3579.20005999	306311.34838773	85.44627952	3584.84126059
1602	2019-01-22 20:00:00	3592.56901	3562.78000005	3578.13196	3571.03742	90780.28377502	25.36317012	3579.21676768
1603	2019-01-23 00:00:00	3586.24811258	3568.75291087	3570.0	3577.43851008	147909.70011717	41.30730221	3580.71556852
1604	2019-01-23 04:00:00	3579.99989999	3561.24821001	3578.68727709	3561.34821002	130074.67483262	36.47082632	3566.54038192
1605	2019-01-23 08:00:00	3581.27202589	3555.0	3562.65398999	3574.79547001	126810.95221784	35.53193811	3568.92865864
1606	2019-01-23 12:00:00	3604.69997	3540.00000001	3575.27884999	3553.34341488	486089.52595653	136.12882682	3570.80522407
1607	2019-01-23 16:00:00	3576.03631487	3528.40000001	3555.6964	3531.27673859	131783.08946981	37.02026855	3559.75509177
1608	2019-01-23 20:00:00	3551.60295513	3521.37372465	3535.54	3551.08168	196882.03912781	55.64263522	3538.33060474
1609	2019-01-24 00:00:00	3554.43611613	3531.06020073	3551.60295514	3535.21007999	33662.9282789	9.49642115	3544.80153598
1610	2019-01-24 04:00:00	3552.36005999	3527.54509107	3536.73041998	3548.23896845	56818.23268123	16.05805751	3538.30048533
1611	2019-01-24 08:00:00	3568.38462073	3536.64291488	3546.80942646	3559.08000006	114405.03529423	32.18727589	3554.35594131
1612	2019-01-24 12:00:00	3571.65999998	3547.87656336	3562.67989999	3553.33771488	97958.46615609	27.48908254	3563.54076253
1613	2019-01-24 16:00:00	3584.4781714	3547.87656334	3554.26135478	3574.61478023	211664.92872935	59.2985962	3569.47621517
1614	2019-01-24 20:00:00	3583.00312647	3560.645057	3574.61478023	3567.63879191	179430.84552423	50.25529056	3570.38718759
1615	2019-01-25 00:00:00	3579.9899999	3566.41278427	3570.42259	3568.18221488	33185.00981635	9.28180643	3575.27492806
1616	2019-01-25 04:00:00	3570.833343	3549.89280595	3568.31371488	3568.12634544	277117.86410347	77.79451567	3562.17738123
1617	2019-01-25 08:00:00	3568.43720019	3518.714	3564.65768243	3543.28333316	486325.20760905	137.27530774	3542.69981699
1618	2019-01-25 12:00:00	3571.544462	3537.79915	3537.79915	3567.43871347	173842.99443981	48.88895528	3555.87460284
1619	2019-01-25 16:00:00	3571.24170999	3545.09040507	3567.43871347	3551.81872833	206668.70073535	58.10581327	3556.76461793
1620	2019-01-25 20:00:00	3569.8531494	3548.32096266	3551.81872833	3566.73243065	25161.8642017	7.06640378	3560.77362475
1621	2019-01-26 00:00:00	3585.66547897	3562.06151003	3568.99	3579.63694511	132403.40954136	36.99928954	3578.5392419
1622	2019-01-26 04:00:00	3651.0	3569.31041492	3579.5214718	3618.0	281565.77289344	78.00886936	3609.40717643
1623	2019-01-26 08:00:00	3618.57431748	3590.74	3618.0	3592.78571276	130210.69418766	36.12115023	3604.83244189
1624	2019-01-26 12:00:00	3594.23561487	3550.19694481	3590.0	3558.39445111	169456.07479923	47.49071353	3568.19390999
1625	2019-01-26 16:00:00	3572.54192978	3554.73000011	3559.40544788	3567.80189001	184718.85975568	51.89130015	3559.72695272
1626	2019-01-26 20:00:00	3574.42710189	3562.23000001	3568.27379897	3568.8259245	29415.50114906	8.23739894	3570.96959408
1627	2019-01-27 00:00:00	3578.56406364	3539.7471496	3568.8259245	3578.56406364	197257.34830718	55.3341565	3564.83880453
1628	2019-01-27 04:00:00	3575.58329999	3559.00000004	3575.58329999	3565.07914362	26153.61315354	7.33915733	3563.57167145
1629	2019-01-27 08:00:00	3570.3424836	3527.0	3566.55028139	3543.50000009	161923.83651694	45.72351755	3541.36875711
1630	2019-01-27 12:00:00	3566.96323993	3495.22552099	3547.18981488	3558.01395656	494094.90916265	139.43772809	3543.48077762
1631	2019-01-27 16:00:00	3571.19999999	3557.60478648	3557.60478648	3566.82623346	178652.68390487	50.08432672	3567.03774623
1632	2019-01-27 20:00:00	3571.19999997	3540.0	3562.91898023	3553.22422902	219598.89234711	61.83901144	3551.13846799
1633	2019-01-28 00:00:00	3555.31351136	3482.0	3549.97071852	3486.17623221	388445.00641271	110.42651299	3517.67882453
1634	2019-01-28 04:00:00	3493.66889706	3409.9	3482.0	3460.18782108	418446.17477842	120.99360558	3458.41561438
1635	2019-01-28 08:00:00	3456.37063999	3414.1308402	3456.37063999	3422.16785022	195812.06206442	57.01363882	3434.47754111
1636	2019-01-28 12:00:00	3432.45982	3382.60763366	3422.16785288	3425.17469743	528350.44079507	154.75599534	3414.08705772
1637	2019-01-28 16:00:00	3434.17996	3408.13756407	3424.6179	3424.99999998	287707.91197433	84.12406401	3420.04294918
1638	2019-01-28 20:00:00	3446.93999991	3424.22453	3425.40153994	3440.72161058	106867.40269673	31.11309107	3434.80506184
1639	2019-01-29 00:00:00	3440.57588673	3405.12832279	3438.34332004	3409.70600432	107109.68760802	31.3275329	3419.0272164
1640	2019-01-29 04:00:00	3416.26522	3353.73884922	3408.5867033	3358.35260047	343062.95218969	101.30080229000001	3386.57685264
1641	2019-01-29 08:00:00	3402.3	3365.49997997	3365.49997997	3385.7787695	288768.87951131	85.35381534	3383.19825963
1642	2019-01-29 12:00:00	3423.43186	3384.82234787	3387.9999986	3420.9999998	266115.62904359	78.08471793	3408.03727154
1643	2019-01-29 16:00:00	3437.52531017	3405.99998	3424.75062506	3425.0	140123.22012583	40.9518046	3421.66167021
1644	2019-01-29 20:00:00	3434.11924069	3405.80000003	3425.1	3408.10668048	106396.08358684	31.12821166	3417.99537824
1645	2019-01-30 00:00:00	3427.47574364	3392.17466299	3414.2	3420.19737015	144883.23255999	42.48191118	3410.46879802
1646	2019-01-30 04:00:00	3446.0	3420.25	3420.25	3426.07	404844.23296869	118.04788478	3429.49163149
1647	2019-01-30 08:00:00	3445.804959	3422.887795	3426.07	3434.02867935	86121.88462976	25.06605043	3435.79794791
1648	2019-01-30 12:00:00	3478.55287	3431.22181114	3432.95674105	3465.0	605379.20317436	174.95928304	3460.11479159
1649	2019-01-30 16:00:00	3476.0	3454.98218274	3465.00000001	3457.52325	243404.56561697	70.19711375	3467.44406734
1650	2019-01-30 20:00:00	3467.14999977	3446.30553217	3457.04614	3460.77990593	349720.55186733	101.07720604	3459.93489104
1651	2019-01-31 00:00:00	3490.6489295	3461.45318236	3461.63627444	3464.74101959	247886.70898567	71.28847889	3477.23380896
1652	2019-01-31 04:00:00	3479.58999984	3459.10513265	3464.74101927	3478.8397599	107023.39680606	30.88249357	3465.50373477
1653	2019-01-31 08:00:00	3478.8397599	3423.30041	3478.8397599	3429.57502681	612058.12689655	177.76098722	3443.15215879
1654	2019-01-31 12:00:00	3443.12895316	3427.49157969	3428.80058004	3437.51429616	99653.81486727	29.00068374	3436.25742622
1655	2019-01-31 16:00:00	3443.1289531	3421.00000007	3437.51429616	3437.36988999	275688.97027297	80.36297978	3430.54688897
1656	2019-01-31 20:00:00	3449.99999999	3429.48270641	3435.0	3430.1721432	128967.02210761	37.47032257	3441.84445881
1657	2019-02-01 00:00:00	3437.83018853	3397.78294055	3430.07213999	3419.99999999	398324.20106388	116.45389449	3420.44551458
1658	2019-02-01 04:00:00	3424.20376151	3412.79610878	3419.99999999	3419.0	163382.66993839	47.79891955	3418.12475002
1659	2019-02-01 08:00:00	3474.21000001	3418.22376001	3419.0	3460.80859067	380363.38080338	109.9822884	3458.40577002
1660	2019-02-01 12:00:00	3476.3984228	3456.0325051	3459.15244	3462.2285544	295012.1544446	85.1178117	3465.92738408
1661	2019-02-01 16:00:00	3485.5382149	3454.14704938	3462.2285544	3473.72240052	125867.78366461	36.28651143	3468.72098486
1662	2019-02-01 20:00:00	3485.0	3465.1448	3479.0	3468.02262987	92149.11550615	26.4753666	3480.56051114
1663	2019-02-02 00:00:00	3468.1443619	3458.0941677	3466.40233668	3466.7997501	51553.66697514	14.88110589	3464.37068294
1664	2019-02-02 04:00:00	3470.45604363	3442.59343	3466.48568305	3455.75776639	79974.32649449	23.14258455	3455.72147837
1665	2019-02-02 08:00:00	3478.89879976	3443.46016419	3455.75776639	3478.89879976	158371.20975308	45.74213204	3462.26121717
1666	2019-02-02 12:00:00	3480.0	3453.61799998	3478.31393216	3454.99999997	172171.21811948	49.68471244	3465.2755277
1667	2019-02-02 16:00:00	3485.0	3450.0	3454.99999997	3471.16374271	153813.61310102	44.37519862	3466.20675251
1668	2019-02-02 20:00:00	3517.48346758	3459.67477578	3472.88817161	3507.74606999	293567.74646454	84.17752722	3487.48360945
1669	2019-02-03 00:00:00	3511.5222	3473.58287591	3508.61221131	3475.00000063	290824.5053211	83.36200725	3488.69364972
1670	2019-02-03 04:00:00	3484.79997997	3462.39952999	3476.00000001	3464.34687999	90343.46849302	25.99052177	3476.01596045
1671	2019-02-03 08:00:00	3470.7	3447.92845388	3464.39979897	3467.69990999	182081.65155194	52.64176623	3458.88188394
1672	2019-02-03 12:00:00	3471.29999999	3454.1021622	3463.26209791	3463.39554959	38211.02664908	11.02160719	3466.91965975
1673	2019-02-03 16:00:00	3485.49373041	3433.53998442	3462.99564956	3448.36886602	171096.29342173	49.41037282	3462.76062407
1674	2019-02-03 20:00:00	3461.142231	3424.33108563	3448.41958986	3455.01000008	231337.45320741	67.23713759	3440.62019144
1675	2019-02-04 00:00:00	3470.9	3454.32193701	3460.12293801	3458.39541001	79345.2250189	22.92588037	3460.94560986
1676	2019-02-04 04:00:00	3465.30334754	3456.26580017	3460.76538301	3463.00331966	37869.84867098	10.94029868	3461.50043784
1677	2019-02-04 08:00:00	3481.56178	3434.63599018	3463.00331967	3434.73599	253763.95857473	73.39790684	3457.37323446
1678	2019-02-04 12:00:00	3464.80999974	3434.93599	3435.50277641	3454.27990007	176428.40760093	51.12348587	3451.02460441
1679	2019-02-04 16:00:00	3474.08999994	3454.88010002	3464.52999996	3471.68995	160701.67717345	46.36933085	3465.68894197
1680	2019-02-04 20:00:00	3474.4	3451.5	3471.58993983	3463.46921617	102896.94846312	29.66573584	3468.54529474
1681	2019-02-05 00:00:00	3468.7552418	3451.85738619	3463.59964241	3461.64758	146202.01712848	42.22303283	3462.6128757
1682	2019-02-05 04:00:00	3475.33525564	3461.22000011	3461.64758	3467.17963802	101256.97018178	29.19147707	3468.71691141
1683	2019-02-05 08:00:00	3489.90813191	3463.69977	3467.17963802	3467.57425021	363570.75573712	104.55565795	3477.29393956
1684	2019-02-05 12:00:00	3476.21488952	3451.68440714	3468.70839033	3460.36707007	169811.26956092	48.99015948	3466.23222629
1685	2019-02-05 16:00:00	3469.7119992	3455.3779521	3460.10643	3466.37998992	79405.07715226	22.93784722	3461.74932593
1686	2019-02-05 20:00:00	3473.10200585	3459.4	3466.37998992	3470.4028611	123041.2718939	35.51663457	3464.32800808
1687	2019-02-06 00:00:00	3480.62767568	3395.25925675	3470.4	3421.0000001	574384.35645631	167.82100817	3422.60103618
1688	2019-02-06 04:00:00	3423.2	3400.00000001	3421.0	3422.45144593	279960.40479869	82.05780579	3411.74617214
1689	2019-02-06 08:00:00	3422.52335998	3398.69802855	3422.52335998	3401.71941194	116045.81902047	34.07016686	3406.08308428
1690	2019-02-06 12:00:00	3415.87462	3383.3383	3400.91933992	3415.87462	151534.17101958	44.51794541	3403.88959157
1691	2019-02-06 16:00:00	3432.98907097	3388.398285	3416.15297041	3400.89992999	178199.02260211	52.34870271	3404.0771476
1692	2019-02-06 20:00:00	3411.95999965	3397.53762	3400.76997494	3407.5	69270.3235536	20.34469167	3404.83526008
1693	2019-02-07 00:00:00	3412.07	3399.63828022	3405.23700157	3412.07	29650.59282283	8.7048877	3406.20049846
1694	2019-02-07 04:00:00	3418.91999998	3409.61913801	3412.07	3409.85458	85537.6562098	25.05831917	3413.54324803
1695	2019-02-07 08:00:00	3435.53795984	3409.18233138	3410.99951422	3410.50000002	444535.70975591	129.83309173	3423.90144016
1696	2019-02-07 12:00:00	3422.9	3402.57976609	3410.8	3406.8	135295.78749712	39.65951133	3411.43354922
1697	2019-02-07 16:00:00	3411.21649795	3395.06415346	3403.3597705	3400.03083324	135321.26824236	39.79792491	3400.20914528
1698	2019-02-07 20:00:00	3402.95133997	3393.456789	3399.16125419	3399.38299973	120361.39253511	35.40679433	3399.38689205
1699	2019-02-08 00:00:00	3404.66533677	3381.6460603	3400.09392389	3404.01000396	80763.80574856	23.77326572	3397.25331386
1700	2019-02-08 04:00:00	3411.88	3395.94733	3404.01000395	3397.30049	103299.65639149	30.30488877	3408.67960861
1701	2019-02-08 08:00:00	3443.33000003	3396.6	3396.6	3433.30190442	346672.12592723	101.00469615	3432.23769924
1702	2019-02-08 12:00:00	3509.63430868	3428.51160119	3433.80739849	3503.05560021	691132.29806298	199.08994323	3471.4576078
1703	2019-02-08 16:00:00	3734.99999998	3488.36327377	3503.0556002	3662.0	1509746.6239662	415.21863247	3636.02812086
1704	2019-02-08 20:00:00	3670.40978	3620.20000811	3662.0	3660.0	664203.5323572	182.17750049	3645.91418024
1705	2019-02-09 00:00:00	3666.8886314	3636.41629001	3660.0	3641.32404005	566103.15813944	154.96403149	3653.12616544
1706	2019-02-09 04:00:00	3665.70957543	3645.50465494	3646.57597992	3662.72164281	155643.94236615	42.61303926	3652.49569307
1707	2019-02-09 08:00:00	3675.50646909	3650.02094049	3662.72164281	3662.47615352	411193.29216688	112.21585077	3664.30668524
1708	2019-02-09 12:00:00	3689.26	3641.54124773	3662.47615352	3642.32396	1072933.4175522	292.98910809	3662.02492832
1709	2019-02-09 16:00:00	3668.62752725	3631.00000073	3642.22396706	3657.09999749	698911.1224612	191.25357468	3654.36893731
1710	2019-02-09 20:00:00	3670.28	3653.96837579	3657.09999987	3669.50953405	175329.46954844	47.90201167	3660.1692379
1711	2019-02-10 00:00:00	3673.64757809	3651.77359206	3667.1090414	3653.89563759	96898.39135329	26.48699381	3658.33858113
1712	2019-02-10 04:00:00	3663.76999875	3611.51214121	3653.89563759	3630.50890187	338555.78604744	93.02832642	3639.27632664
1713	2019-02-10 08:00:00	3648.29999999	3631.00000011	3631.35855743	3634.69303001	84920.20437366	23.33217486	3639.61803317
1714	2019-02-10 12:00:00	3643.51769	3618.45029	3634.69303348	3629.34319	125826.49565872	34.67026316	3629.23393681
1715	2019-02-10 16:00:00	3672.12989482	3625.97109023	3629.34318999	3643.7941	262350.246881	71.90144594	3648.74785828
1716	2019-02-10 20:00:00	3689.79374087	3637.7808	3643.7941	3676.80000003	916238.13228269	249.89779383	3666.45146497
1717	2019-02-11 00:00:00	3681.3554028	3613.4586	3681.35	3628.87778	478161.73650489	131.08840459	3647.62801103
1718	2019-02-11 04:00:00	3638.71275691	3620.59724391	3627.94413944	3638.7127569	80633.1560601	22.21810551	3629.16433283
1719	2019-02-11 08:00:00	3641.98999991	3624.0664	3638.76999995	3630.71767958	127842.5429809	35.21191694	3630.66126728
1720	2019-02-11 12:00:00	3657.32670449	3628.66231071	3630.67885624	3645.87452998	123687.17159755	33.97365717	3640.67874643
1721	2019-02-11 16:00:00	3651.0	3616.24751102	3645.87452998	3642.99774001	195033.15196392	53.64023348	3635.94897543
1722	2019-02-11 20:00:00	3651.0	3629.96335003	3640.00000019	3633.54137	25902.65429749	7.11207459	3642.06729973
1723	2019-02-12 00:00:00	3634.57	3590.00000001	3634.56322	3622.00765999	398088.04351594	110.44409078	3604.43044715
1724	2019-02-12 04:00:00	3636.03057	3619.51000162	3626.29641769	3629.0	119693.6891254	32.99752895	3627.35310594
1725	2019-02-12 08:00:00	3627.2119149	3600.8	3627.2119149	3604.84540171	99022.30926485	27.43637081	3609.16208454
1726	2019-02-12 12:00:00	3635.14258881	3609.93306001	3611.00000001	3620.3799	493218.62721039	136.12399266	3623.30414772
1727	2019-02-12 16:00:00	3660.56860147	3617.27388455	3620.1881651	3639.78101767	431204.09717353	118.43805035	3640.75646212
1728	2019-02-12 20:00:00	3654.01999998	3604.89297824	3639.78101767	3633.80360746	396070.90858939	109.0372228	3632.43760633
1729	2019-02-13 00:00:00	3643.8550881	3629.13814003	3629.13814003	3639.86032073	61202.47184516	16.8182475	3639.05168152
1730	2019-02-13 04:00:00	3666.6279375	3627.1392	3642.64997994	3634.20054	301179.4679258	82.57911138	3647.16285865
1731	2019-02-13 08:00:00	3636.54766885	3603.34548946	3634.2429311	3614.13087873	345912.51113293	95.63732065	3616.9197211
1732	2019-02-13 12:00:00	3624.99999999	3600.0	3612.93340043	3600.53	409828.99547409	113.59983308	3607.65490901
1733	2019-02-13 16:00:00	3615.90736998	3600.5	3600.53	3605.20780134	258649.1270199	71.68430252	3608.16968188
1734	2019-02-13 20:00:00	3615.99	3600.5	3605.65133386	3609.17532079	43971.15045931	12.19046743	3607.01102823
1735	2019-02-14 00:00:00	3626.23120022	3605.68950004	3610.99383004	3610.51999071	87304.80067751	24.11997047	3619.6064496
1736	2019-02-14 04:00:00	3621.43141595	3600.0	3610.51999071	3609.0	147791.74555864	40.93132058	3610.72507469
1737	2019-02-14 08:00:00	3616.69999977	3569.182733	3612.11698	3587.1234	189548.45479241	52.756294510000004	3592.90690434
1738	2019-02-14 12:00:00	3605.38	3580.01000001	3587.1234	3594.3879583	323548.47152166	90.12493897	3589.99934112
1739	2019-02-14 16:00:00	3612.8	3591.58510005	3597.38910018	3608.25204	134623.25433044	37.34628061	3604.72989897
1740	2019-02-14 20:00:00	3607.14998	3587.42825	3605.94855742	3591.14783653	75189.67198492	20.89189793	3598.98714022
1741	2019-02-15 00:00:00	3617.0	3589.14637025	3589.14637025	3617.0	39800.23298082	11.03947344	3605.26552259
1742	2019-02-15 04:00:00	3623.20039001	3605.6616401	3612.71369532	3614.98999	285448.71119054	78.92466793	3616.72362617
1743	2019-02-15 08:00:00	3623.45005005	3601.259448	3618.0	3611.94389237	153848.77689095	42.53252596	3617.20291514
1744	2019-02-15 12:00:00	3652.23814458	3574.21000001	3613.88086996	3585.04311995	600169.49205169	166.76992673	3598.78728629
1745	2019-02-15 16:00:00	3604.99999999	3585.04311996	3585.04311996	3598.00502416	71574.72696634	19.87513086	3601.22041311
1746	2019-02-15 20:00:00	3605.30999892	3597.0000003	3599.65575455	3605.30999892	23632.6389574	6.5594886599999995	3602.81725944
1747	2019-02-16 00:00:00	3620.11	3601.00000003	3605.30999892	3620.11	96383.26310898	26.67306779	3613.50497317
1748	2019-02-16 04:00:00	3629.18303293	3614.29629864	3622.811928	3619.31059	273818.00723301	75.57601294	3623.08087687
1749	2019-02-16 08:00:00	3627.38989	3612.40982134	3619.4105901	3624.92809617	90404.31124324	24.94943098	3623.50192738
1750	2019-02-16 12:00:00	3644.4129121	3614.00000001	3624.58940122	3632.0	258713.15016291	71.23214603	3631.97186357
1751	2019-02-16 16:00:00	3640.53999999	3623.17887037	3632.0	3631.52550002	99800.47713587	27.48751751	3630.75629145
1752	2019-02-16 20:00:00	3637.27069	3616.0	3631.47036473	3620.20816999	39566.13336269	10.89549003	3631.42302491
1753	2019-02-17 00:00:00	3634.99999999	3615.0	3622.29697	3631.93622098	162648.86273382	44.86942141	3624.9378223
1754	2019-02-17 04:00:00	3645.0	3630.41335488	3631.68550244	3640.50000023	51419.06320598	14.13579548	3637.50757986
1755	2019-02-17 08:00:00	3700.0	3618.9288906	3643.35786989	3618.9288906	611822.04710652	167.28349339	3657.3964036
1756	2019-02-17 12:00:00	3628.0	3599.00000006	3625.9998998	3624.76533973	75343.50088243	20.83116399	3616.86466097
1757	2019-02-17 16:00:00	3632.47838219	3614.08346468	3625.12076999	3620.15677279	205771.94499962	56.77523797	3624.32553974
1758	2019-02-17 20:00:00	3685.95814995	3620.0	3627.84553998	3669.67084142	235949.48450567	64.5662113	3654.38020529
1759	2019-02-18 00:00:00	3770.9104	3658.80000001	3669.57	3737.15056963	621790.88981521	167.38636145	3714.70461768
1760	2019-02-18 04:00:00	3765.1925455	3704.72420001	3732.37101017	3732.74597	631822.80390374	168.84045507	3742.12924054
1761	2019-02-18 08:00:00	3758.14939302	3724.0	3732.74597309	3745.50000002	151165.69849715	40.38044965	3743.53678097
1762	2019-02-18 12:00:00	3850.0	3732.34688714	3744.19937405	3825.80719	1023011.8383417	269.00760872	3802.9104203
1763	2019-02-18 16:00:00	3986.00000002	3826.05855	3826.13895	3893.1	2329892.5311691	596.89882496	3903.32906305
1764	2019-02-18 20:00:00	3910.80813759	3867.35194646	3893.2	3902.33502	391436.15569223	100.5645617	3892.38663277
1765	2019-02-19 00:00:00	3975.28181155	3866.26	3906.56999	3899.06489	928032.58225412	237.31150143	3910.60937485
1766	2019-02-19 04:00:00	3916.40413803	3884.33616191	3890.8071	3910.80351216	219892.27167286	56.35717486	3901.76179375
1767	2019-02-19 08:00:00	3921.33399997	3874.64984886	3915.35744875	3896.0	397727.81790829	102.08650363	3895.98824296
1768	2019-02-19 12:00:00	4000.0	3896.0	3896.0	3975.82647959	489885.70002445	123.99162102	3950.95810502
1769	2019-02-19 16:00:00	3981.0	3943.71137494	3974.19829018	3963.4521581	217396.20473735	54.91880694	3958.5019568
1770	2019-02-19 20:00:00	3960.91985842	3897.85770007	3960.91985842	3914.72000004	450173.09512419	114.64443478	3926.68947243
1771	2019-02-20 00:00:00	3923.85	3880.0	3911.70096806	3914.37215009	192818.24165418	49.37375776	3905.27783182
1772	2019-02-20 04:00:00	3923.0	3888.00000009	3912.49999999	3906.80000036	190597.48442354	48.80608581	3905.19914187
1773	2019-02-20 08:00:00	3988.45564847	3906.80000011	3911.44985996	3951.251385	508387.21002459	128.40948684	3959.10942824
1774	2019-02-20 12:00:00	3995.0	3934.24946416	3960.0	3943.12883	519402.18361381	131.40495252	3952.68346932
1775	2019-02-20 16:00:00	3970.0	3936.75253318	3945.74066128	3955.99999997	456305.44840692	115.34878822	3955.87552715
1776	2019-02-20 20:00:00	3978.43154	3948.02499992	3955.25142081	3970.74600001	179591.50581008	45.30262621	3964.26257889
1777	2019-02-21 00:00:00	3976.22112398	3947.75009149	3976.22112398	3975.0	218094.66651065	55.08360636	3959.33891991
1778	2019-02-21 04:00:00	4010.0	3946.71871546	3968.89261612	3964.76960122	567351.74307031	142.40844233	3983.97548479
1779	2019-02-21 08:00:00	3967.39332997	3906.09925	3962.2363024	3925.951421	389654.54045089	98.82472285	3942.88523371
1780	2019-02-21 12:00:00	3975.33441095	3922.80844275	3930.00893497	3928.55212003	669897.6519754	169.68991344	3947.7753179
1781	2019-02-21 16:00:00	3940.0	3915.36865	3929.35709514	3931.70682739	72997.4230428	18.56546979	3931.89204843
1782	2019-02-21 20:00:00	3940.08407	3922.5	3935.35989971	3940.08407	144339.22800686	36.68774796	3934.26241818
1783	2019-02-22 00:00:00	3957.72999999	3933.10000001	3942.62999988	3957.72999977	126741.42334474	32.06296487	3952.89156379
1784	2019-02-22 04:00:00	3969.172133	3933.1	3957.71999977	3938.17973357	75386.11645068	19.06005887	3955.18801724
1785	2019-02-22 08:00:00	3973.95605	3933.11	3938.17973357	3949.68000032	314488.18100905	79.49427374	3956.11112867
1786	2019-02-22 12:00:00	3984.56697	3936.92341527	3949.98000006	3956.2	242569.36692787	61.31343826	3956.21863349
1787	2019-02-22 16:00:00	3985.7095254	3951.6986939	3956.22506997	3963.69727278	695271.50061398	175.2389388	3967.56283378
1788	2019-02-22 20:00:00	3971.63259984	3957.67378	3971.63259984	3966.3003734	99433.24359399	25.09020042	3963.03106111
1789	2019-02-23 00:00:00	3966.3003734	3966.3003734	3966.3003734	3966.3003734	0.0	0.0	3966.3003734
1790	2019-02-23 04:00:00	3966.3003734	3950.617266	3966.3003734	3960.115	138175.27598013	34.91495545	3957.48109081
1791	2019-02-23 08:00:00	3963.34839254	3939.11117777	3961.32	3956.42511803	116558.22322317	29.5169843	3948.85270251
1792	2019-02-23 12:00:00	3959.58649112	3938.00000001	3952.85085115	3946.75571598	192867.34210745	48.81398078	3951.06768646
1793	2019-02-23 16:00:00	4150.0	3944.37321282	3946.75571597	4102.75123451	1483230.7286013	365.88907196	4053.77159983
1794	2019-02-23 20:00:00	4153.90154684	4100.30000002	4100.30000002	4112.11277084	190023.7051556	46.08500251	4123.33068907
1795	2019-02-24 00:00:00	4193.17030086	4117.60261769	4117.60261769	4166.79750001	370804.13996271	89.37734314	4148.74874252
1796	2019-02-24 04:00:00	4182.99257305	4159.01202	4173.96729751	4164.54144003	299262.98199001	71.70936254	4173.27628345
1797	2019-02-24 08:00:00	4176.16291356	4130.4494846	4165.69999996	4143.93399334	562326.38994225	135.34345565	4154.81034706
1798	2019-02-24 12:00:00	4159.02164918	3732.37678131	4144.31000001	3786.40349995	2769082.9114622	707.67389135	3912.93637551
1799	2019-02-24 16:00:00	3800.0	3708.3500136	3777.80000002	3787.85238998	1413449.7536956	376.94892093	3749.71163256
1800	2019-02-24 20:00:00	3821.6390439	3746.07751542	3784.56024988	3750.94339887	409312.02074959	108.14579354	3784.8168417
1801	2019-02-25 00:00:00	3810.5	3748.5077175	3750.94339875	3800.26796052	248894.78781549	65.66655123	3790.28261959
1802	2019-02-25 04:00:00	3816.93241522	3777.8473	3800.27622391	3787.0430766	58255.59645695	15.31013673	3805.03436934
1803	2019-02-25 08:00:00	3808.56549999	3757.54003794	3787.0430738	3798.15204458	362900.74214165	95.67360722	3793.11236072
1804	2019-02-25 12:00:00	3822.76092923	3778.38939001	3797.54999978	3810.79343633	239706.91043614	63.03421529	3802.80629073
1805	2019-02-25 16:00:00	3870.0	3800.75355003	3809.66454996	3856.96368996	323560.92114771	84.07836911	3848.32537277
1806	2019-02-25 20:00:00	3869.00000001	3809.99999999	3853.00000027	3826.98240025	407697.16617414	106.1773058	3839.77690055
1807	2019-02-26 00:00:00	3843.79999962	3823.62075002	3826.98240025	3837.91816223	86715.70996058	22.62030723	3833.53369513
1808	2019-02-26 04:00:00	3837.49999974	3776.55888961	3836.00000008	3809.27393435	172958.21520124	45.59014663	3793.76308229
1809	2019-02-26 08:00:00	3827.29237537	3791.78094481	3808.97391999	3808.0	73937.17201185	19.4180396	3807.65378662
1810	2019-02-26 12:00:00	3831.92535163	3790.8554615	3818.82427984	3824.98999949	103527.94211772	27.15044563	3813.12128458
1811	2019-02-26 16:00:00	3834.40286671	3793.35400665	3820.43363585	3820.17377	411193.00851776	107.80122642	3814.36299171
1812	2019-02-26 20:00:00	3820.78999998	3800.7177	3819.18929	3811.28752027	97939.42481676	25.68850931	3812.57719686
1813	2019-02-27 00:00:00	3821.86185	3795.0	3811.0	3818.79999917	127968.52524113	33.64796268	3803.15820182
1814	2019-02-27 04:00:00	3830.0	3812.73073032	3823.72854143	3822.07388024	105281.45172594	27.56631376	3819.20675511
1815	2019-02-27 08:00:00	3838.99999999	3818.52160002	3829.72579724	3828.38638417	115122.55789163	30.08957028	3825.9954137
1816	2019-02-27 12:00:00	3838.72842824	3790.0	3829.99999973	3809.56782672	520301.07845191	136.20335878	3820.03118801
1817	2019-02-27 16:00:00	3819.09999999	3807.16354278	3811.24999998	3819.09999999	153770.11715028	40.30410099	3815.24741585
1818	2019-02-27 20:00:00	3825.0	3682.51	3815.05076619	3816.21998944	1016733.3959662	270.77144739	3754.95055245
1819	2019-02-28 00:00:00	3833.84999	3809.60314294	3816.21998944	3817.81251514	276431.49150845	72.35250178	3820.62105259
1820	2019-02-28 04:00:00	3829.49998999	3813.99839	3817.40999	3818.92502	52649.73778273	13.77829813	3821.20761838
1821	2019-02-28 08:00:00	3852.28057215	3819.96992005	3822.72524039	3835.75372981	287026.42386351	74.75610844	3839.5046218
1822	2019-02-28 12:00:00	3898.0	3776.74181127	3837.6488995	3854.43699997	407096.46456172	105.82276451	3846.96493657
1823	2019-02-28 16:00:00	3879.93999993	3797.0392	3859.02999997	3823.47445529	582959.866285	152.31862352	3827.23959036
1824	2019-02-28 20:00:00	3827.8230486	3810.0	3818.99719001	3820.78809986	59965.6932236	15.68626032	3822.81640112
1825	2019-03-01 00:00:00	3829.98934044	3814.98922306	3821.66149863	3824.09610001	72785.12542025	19.03603158	3823.54510783
1826	2019-03-01 04:00:00	3842.04	3823.38832783	3825.20046319	3842.04	108107.01500161	28.23889398	3828.30202479
1827	2019-03-01 08:00:00	3851.7884	3827.68822002	3840.90520657	3829.0	146043.62974569	38.02992444	3840.22929038
1828	2019-03-01 12:00:00	3836.17896667	3822.88493059	3829.09381	3830.79457	114656.41409566	29.93917548	3829.64501384
1829	2019-03-01 16:00:00	3856.48649999	3828.78202991	3828.78202996	3845.43030999	257885.45548425	66.98402889	3849.95438103
1830	2019-03-01 20:00:00	3855.94991976	3814.54120379	3845.08647	3827.14680095	298224.30728206	77.74925871	3835.71897957
1831	2019-03-02 00:00:00	3839.66000001	3826.0	3826.76268852	3837.15962999	64234.99541647	16.75706158	3833.30902675
1832	2019-03-02 04:00:00	3834.32999189	3797.65448	3834.32999189	3804.04140817	129706.99790557	33.98224603	3816.90479761
1833	2019-03-02 08:00:00	3832.0670273	3770.0	3803.52857973	3822.57520723	314421.31743003	82.84432567	3795.32713782
1834	2019-03-02 12:00:00	3831.87041	3814.60650001	3818.73742	3816.71523	128157.04873975	33.53698913	3821.36417324
1835	2019-03-02 16:00:00	3823.39299991	3804.41343455	3815.2	3820.5	73844.18125386	19.35113269	3816.01337951
1836	2019-03-02 20:00:00	3825.1830424	3813.33040957	3822.46570337	3823.85992	32084.36829056	8.40034886	3819.40902994
1837	2019-03-03 00:00:00	3835.0	3817.0	3823.85991999	3823.50217906	77768.7037041	20.322464	3826.73595603
1838	2019-03-03 04:00:00	3828.69638682	3820.41670429	3824.93080665	3823.69643792	36851.13195566	9.63435162	3824.97270279
1839	2019-03-03 08:00:00	3832.81453883	3810.44432	3823.69643792	3826.27999	102116.68128839	26.71017612	3823.13769963
1840	2019-03-03 12:00:00	3828.0	3795.0	3825.29997999	3799.62856372	185735.62065478	48.71955033	3812.3426714
1841	2019-03-03 16:00:00	3811.35391467	3787.93213173	3799.62856372	3808.05995497	251193.69407302	66.0616178	3802.41511543
1842	2019-03-03 20:00:00	3816.99999999	3780.32396209	3810.74582717	3807.07705161	114529.79124079	30.09966893	3805.01830459
1843	2019-03-04 00:00:00	3829.06605996	3794.9688	3811.80999861	3803.55234001	125723.98655263	32.97102985	3813.16528857
1844	2019-03-04 04:00:00	3803.55234001	3704.0	3803.55234001	3733.33898995	435006.60675512	116.22317783	3742.85589911
1845	2019-03-04 08:00:00	3733.11317997	3671.37113	3730.0648395	3703.00312054	369774.45662864	99.81785731	3704.49202771
1846	2019-03-04 12:00:00	3727.03435583	3691.85594	3707.03650328	3707.0497374	132943.27579266	35.83621683	3709.74638375
1847	2019-03-04 16:00:00	3734.08999991	3710.00000001	3711.62628866	3724.38999678	135611.63806052	36.42716981	3722.81565567
1848	2019-03-04 20:00:00	3732.39999982	3700.0	3723.60675114	3719.22138508	90154.2118519	24.22079499	3722.18219464
1849	2019-03-05 00:00:00	3722.54879171	3706.3315903	3718.91923996	3712.31604005	39061.27177403	10.50725694	3717.55178321
1850	2019-03-05 04:00:00	3730.6299942	3712.0219803	3716.00996996	3730.6299942	14933.35404607	4.01015071	3723.8884835
1851	2019-03-05 08:00:00	3745.08234992	3727.50260015	3730.6299942	3739.49993	155831.08978114	41.67888995	3738.84933039
1852	2019-03-05 12:00:00	3845.122217	3741.07944635	3741.58146999	3831.08924818	1020504.8221685	267.92588511	3808.90716008
1853	2019-03-05 16:00:00	3879.87999999	3827.54510055	3829.70000013	3855.85145863	313148.95210723	81.36465717	3848.70978381
1854	2019-03-05 20:00:00	3859.5759974	3832.91022871	3857.48951992	3859.05856	215752.59453087	56.08978052	3846.55800986
1855	2019-03-06 00:00:00	3866.04999999	3812.0372	3860.0	3829.01179998	147508.23375859	38.40531077	3840.82906246
1856	2019-03-06 04:00:00	3858.71959902	3821.73517018	3826.67000001	3849.81828644	181897.61759425	47.33714907	3842.5976462
1857	2019-03-06 08:00:00	3902.65759857	3834.24959	3848.14552	3858.50000032	552446.02077146	142.8812713	3866.46910224
1858	2019-03-06 12:00:00	3864.88136365	3834.99147904	3858.50000001	3859.49	151510.23774402	39.28880472	3856.32087368
1859	2019-03-06 16:00:00	3876.61249997	3852.2673888	3860.58586999	3852.51013417	209945.03038666	54.36091328	3862.0585586
1860	2019-03-06 20:00:00	3866.21859427	3848.05101539	3852.71	3861.94211998	149879.4939881	38.87150626	3855.76758939
1861	2019-03-07 00:00:00	3900.0	3859.76316522	3866.11	3884.55299456	234751.22677367	60.54255014	3877.45851852
1862	2019-03-07 04:00:00	3900.44865145	3856.46076	3884.55057106	3879.16059829	293777.1163355	75.68290261	3881.6840555
1863	2019-03-07 08:00:00	3879.46997999	3841.3135798	3879.29953937	3866.25668848	120419.5730719	31.17758895	3862.37605688
1864	2019-03-07 12:00:00	3898.99999997	3859.53358	3866.25668848	3880.66	342375.57364001	88.44732573	3870.95450104
1865	2019-03-07 16:00:00	3895.89383798	3875.65848026	3886.02540734	3882.4229	159439.1770903	41.02396882	3886.48835489
1866	2019-03-07 20:00:00	3888.70319109	3869.28337955	3879.0	3877.51152117	224204.97730787	57.833265420000004	3876.74767592
1867	2019-03-08 00:00:00	3885.22024559	3863.47067	3877.72376167	3873.51695527	176181.14958487	45.471196570000004	3874.56594228
1868	2019-03-08 04:00:00	3935.0	3874.79420796	3874.79420796	3897.19	333488.32829314	85.28536425	3910.26445423
1869	2019-03-08 08:00:00	3910.0	3876.6	3897.19	3895.09318676	171754.38382491	44.10934209	3893.8323649
1870	2019-03-08 12:00:00	3915.42217764	3888.87067643	3895.09318676	3905.88430123	107167.70620158	27.43999576	3905.52925513
1871	2019-03-08 16:00:00	3922.00588819	3901.01259039	3910.0826299	3918.90325017	278696.61137713	71.30219701	3908.66793821
1872	2019-03-08 20:00:00	3926.93700032	3795.97510448	3919.45945929	3860.21	877949.12493563	227.45610841	3859.86171605
1873	2019-03-09 00:00:00	3889.79999999	3854.7100001	3854.7100001	3877.73424015	166219.90627622	42.84624455	3879.45100024
1874	2019-03-09 04:00:00	3938.86292074	3864.02235056	3876.18314644	3912.00000058	216857.33257508	55.45788607	3910.30650359
1875	2019-03-09 08:00:00	3925.0	3910.0	3912.0	3912.61	139558.93645981	35.63370956	3916.48633226
1876	2019-03-09 12:00:00	3960.48129077	3909.45867822	3913.26657001	3950.78013989	619286.56610286	157.22363759	3938.8896962
1877	2019-03-09 16:00:00	3968.78862	3899.89401803	3950.58957999	3928.32394842	189058.91805454	48.16214621	3925.46705103
1878	2019-03-09 20:00:00	3940.34169997	3910.92942	3925.69698651	3940.29437935	158217.58911433	40.33035083	3923.04023789
1879	2019-03-10 00:00:00	3940.29437935	3916.23127	3940.29437935	3921.62861062	58715.78128702	14.9580727	3925.35739494
1880	2019-03-10 04:00:00	3924.37580999	3886.0274	3924.1439821	3904.88165	265508.87135564	67.99984845	3904.55092779
1881	2019-03-10 08:00:00	3915.62530999	3892.2	3903.86578254	3908.19992999	109291.83559671	27.97215461	3907.16543364
1882	2019-03-10 12:00:00	3913.96999999	3890.62793187	3903.42	3907.89993999	65794.7573042	16.84470772	3905.96016255
1883	2019-03-10 16:00:00	3910.97999987	3884.68130279	3905.5	3902.10004519	137815.67741365	35.33195386	3900.59598627
1884	2019-03-10 20:00:00	3930.92127196	3902.40006383	3902.40006383	3921.10716996	91330.60551688	23.33198398	3914.3951751
1885	2019-03-11 00:00:00	3933.45000012	3918.83149718	3920.0	3931.58824115	79490.77353178	20.24879136	3925.70460718
1886	2019-03-11 04:00:00	3933.45000012	3864.0	3933.25	3890.0	188287.69449237	48.41762055	3888.8258521
1887	2019-03-11 08:00:00	3900.57757536	3871.12913999	3890.0	3874.07205447	141471.15889425	36.39864968	3886.71448358
1888	2019-03-11 12:00:00	3876.43714567	3837.60182639	3874.70017392	3855.16687457	287990.18149553	74.67947897	3856.34963536
1889	2019-03-11 16:00:00	3883.85040455	3847.72351754	3854.47825619	3855.0	231146.32509838	59.86172553	3861.33749155
1890	2019-03-11 20:00:00	3881.00000001	3856.6168838	3856.6168838	3874.36999975	76238.51606868	19.69194256	3871.55893007
1891	2019-03-12 00:00:00	3874.83521476	3815.38368496	3874.35818549	3823.19724623	331403.84537401	86.37301206	3836.8911477
1892	2019-03-12 04:00:00	3855.08768743	3820.0	3830.63999993	3847.00000002	400303.52289916	104.11007761	3845.00263652
1893	2019-03-12 08:00:00	3900.0	3847.00000001	3847.00000002	3879.0	459012.69157524	118.16984701	3884.3470072
1894	2019-03-12 12:00:00	3900.6	3873.89999986	3879.0	3873.89999986	280860.94396082	72.24571582	3887.5792256
1895	2019-03-12 16:00:00	3891.5	3870.38412021	3873.89999986	3881.0	242774.99029503	62.53305333	3882.34665295
1896	2019-03-12 20:00:00	3890.10226576	3877.06151294	3881.80000003	3881.304599	91846.79329716	23.64751552	3883.99336156
1897	2019-03-13 00:00:00	3895.26387492	3873.24402809	3883.33349553	3891.91076277	115207.70989217	29.63522742	3887.5257564
1898	2019-03-13 04:00:00	3894.79999853	3873.29000001	3894.79999853	3885.0	79470.18841834	20.46917786	3882.43186716
1899	2019-03-13 08:00:00	3890.91999999	3839.47260985	3888.56478276	3857.64232724	207674.26263169	53.80400761	3859.82888369
1900	2019-03-13 12:00:00	3888.01999947	3856.26296733	3858.00820313	3870.0	186068.58369182	48.0440865	3872.87171526
1901	2019-03-13 16:00:00	3874.76826344	3862.04319812	3872.44253719	3869.19350185	90781.75288597	23.4785534	3866.58203933
1902	2019-03-13 20:00:00	3875.05747243	3858.45008083	3869.19350173	3866.06659539	89492.39359687	23.14911182	3865.91046312
1903	2019-03-14 00:00:00	3888.33983515	3864.60504626	3864.60504626	3866.22593364	99154.14164869	25.60437878	3872.54627423
1904	2019-03-14 04:00:00	3878.99999998	3857.90435025	3874.98999972	3860.50000003	64523.26941164	16.67831926	3868.69134747
1905	2019-03-14 08:00:00	3873.57512109	3860.50000004	3861.73432501	3862.95159351	87204.13376453	22.55974619	3865.4749495
1906	2019-03-14 12:00:00	3920.00000001	3806.77053214	3866.07452074	3884.20338968	851993.8072977	220.09062451	3871.10450158
1907	2019-03-14 16:00:00	3885.286421	3873.61186258	3884.6046143	3873.61186258	117750.95937658	30.339276130000002	3881.13938091
1908	2019-03-14 20:00:00	3885.39079004	3872.81188053	3873.68933636	3877.31933336	114653.09352869	29.56074489	3878.55901315
1909	2019-03-15 00:00:00	3897.25403813	3879.0	3879.66822514	3886.77150418	127052.61634539	32.66209668	3889.90999537
1910	2019-03-15 04:00:00	3897.70459983	3878.41839751	3886.77150418	3892.64105136	41449.25517408	10.6618149	3887.63597594
1911	2019-03-15 08:00:00	3925.0	3880.08000001	3892.64105018	3916.51036469	157669.53110414	40.40132966	3902.58272267
1912	2019-03-15 12:00:00	3938.23369973	3901.36404813	3917.77355265	3934.54977789	418533.31476134	106.83444119	3917.5879061
1913	2019-03-15 16:00:00	3934.8	3918.99519241	3930.0	3933.09433381	178385.50298524	45.40410039	3928.84125999
1914	2019-03-15 20:00:00	3934.0	3910.12953605	3932.75	3922.88872503	88443.16729658	22.53755262	3924.25782815
1915	2019-03-16 00:00:00	4000.0199	3922.70231014	3922.77341336	3983.02266584	3061356.6435386	767.8166909	3987.09311717
1916	2019-03-16 04:00:00	4058.88166734	3979.12916744	3983.16151732	4010.28158885	799735.77138182	198.58420919	4027.18712954
1917	2019-03-16 08:00:00	4020.0	3998.8509361	4010.28158885	4015.67542371	277872.86877305	69.21763453	4014.48085679
1918	2019-03-16 12:00:00	4017.28923037	3975.0	4015.13093889	3988.413221	386663.27457521	96.81339446	3993.90266947
1919	2019-03-16 16:00:00	4005.0	3991.8	3992.47999993	3993.87210608	61944.92404751	15.48850158	3999.41361193
1920	2019-03-16 20:00:00	4007.8083746	3989.59415924	3995.00957439	4005.55029275	94161.93121757	23.54720525	3998.85804781
1921	2019-03-17 00:00:00	4008.3	3953.34334462	4005.55029275	3970.7364754	233032.28438	58.58613363	3977.60135276
1922	2019-03-17 04:00:00	3975.71035411	3950.0	3969.90158858	3973.89024458	160028.69624749	40.40543991	3960.57304669
1923	2019-03-17 08:00:00	3994.52920797	3968.20000001	3973.8902452	3987.6215208	214662.17592078	53.96040439	3978.14246107
1924	2019-03-17 12:00:00	3999.07224016	3974.4251715	3988.84316109	3988.65130217	110320.7784463	27.6550181	3989.17758966
1925	2019-03-17 16:00:00	3997.37999972	3978.53503982	3988.08000005	3989.96442562	52663.00507276	13.21152509	3986.14124516
1926	2019-03-17 20:00:00	3997.29999995	3983.95000008	3994.61966043	3986.3999999	23276.80822169	5.83405143	3989.81882504
1927	2019-03-18 00:00:00	4032.34421406	3981.0	3985.0	4008.23536816	280441.40738018	69.85289756	4014.74265458
1928	2019-03-18 04:00:00	4016.7799981	3960.00000001	4009.0	3975.78133787	185546.93154244	46.59070301	3982.48834113
1929	2019-03-18 08:00:00	3992.0	3955.23784336	3982.78999807	3969.86952644	130842.50070037	32.91543758	3975.1104746
1930	2019-03-18 12:00:00	3988.8348099	3967.51975532	3969.0	3982.1	117002.7928263	29.37523245	3983.04227976
1931	2019-03-18 16:00:00	3984.00495721	3972.87033773	3983.88480863	3976.0	196318.98831236	49.37388178	3976.17082625
1932	2019-03-18 20:00:00	3994.13769783	3977.0	3977.0	3988.50629841	65941.28197277	16.5362337	3987.68444913
1933	2019-03-19 00:00:00	4008.42982148	3984.54000009	3988.62814687	3990.26999991	108431.66302055	27.12542836	3997.41753683
1934	2019-03-19 04:00:00	3990.01999997	3972.45258209	3990.01999997	3980.6	64406.90257355	16.1867804	3978.98167405
1935	2019-03-19 08:00:00	3997.0	3975.58687068	3980.90640841	3988.6994322	111238.36611725	27.88541014	3989.12426099
1936	2019-03-19 12:00:00	4012.56232016	3981.47411389	3988.59	3999.52374253	330143.1418821	82.605796	3996.60989747
1937	2019-03-19 16:00:00	4038.00435404	3995.28110361	3999.52374254	4009.05896606	200880.42625498	50.06303653	4012.5497808
1938	2019-03-19 20:00:00	4022.58245063	3999.0	4009.05896606	4015.61067084	128157.50467923	31.98387965	4006.94056135
1939	2019-03-20 00:00:00	4032.38645991	3978.4824	4014.70975407	3996.28999995	214701.50011933	53.70215954	3998.00495843
1940	2019-03-20 04:00:00	4018.44530997	3988.0	3995.28999999	4011.68999999	62046.0590418	15.49623951	4003.94295672
1941	2019-03-20 08:00:00	4020.0	3986.44700001	4008.07669027	4013.19036465	125341.11708825	31.2599971	4009.63303634
1942	2019-03-20 12:00:00	4023.91	4003.86127071	4012.89036465	4016.8	248033.99567183	61.78414415	4014.52507086
1943	2019-03-20 16:00:00	4035.20075332	4007.20880219	4017.0	4025.41699583	268270.53091188	66.76230562	4018.29338307
1944	2019-03-20 20:00:00	4050.0	4021.0	4024.82248463	4040.68444076	306935.27655841	76.08585459	4034.06491538
1945	2019-03-21 00:00:00	4057.172087	4029.8	4043.57716675	4046.22999919	221250.08922764	54.70509667	4044.41455541
1946	2019-03-21 04:00:00	4047.97211587	4027.74113459	4045.39999999	4045.06371972	81931.5951892	20.29835352	4036.36655103
1947	2019-03-21 08:00:00	4054.41542447	4035.42130804	4044.76637589	4043.23000001	211315.56277645	52.26235526	4043.36088041
1948	2019-03-21 12:00:00	4067.28213403	3911.22976903	4045.96675182	3976.2439	1239857.0261983	311.7764039	3976.75067993
1949	2019-03-21 16:00:00	3979.33426272	3948.48688648	3969.11028855	3977.30342919	399525.98015751	100.83483441	3962.18214166
1950	2019-03-21 20:00:00	3994.54202523	3977.11612344	3979.13426271	3982.4568868	202549.72493139	50.81389973	3986.10864365
1951	2019-03-22 00:00:00	3994.54202521	3978.590912	3988.71998987	3986.0	31120.35968861	7.80486693	3987.30176538
1952	2019-03-22 04:00:00	3987.9	3972.7	3985.99999999	3981.18999962	95213.9816358	23.91390039	3981.53291947
1953	2019-03-22 08:00:00	3992.89	3977.5326428	3977.5326428	3986.51904155	110772.86039871	27.78336842	3987.02053416
1954	2019-03-22 12:00:00	4002.17317108	3985.0	3986.78257802	3993.72117149	152019.68055561	38.05522598	3994.71233295
1955	2019-03-22 16:00:00	4008.63913928	3985.0	3993.6	4000.94329214	185990.89580991	46.52436956	3997.70910533
1956	2019-03-22 20:00:00	4001.08848063	3983.92322116	3998.64665694	3988.04409935	87591.62819876	21.94015045	3992.29843014
1957	2019-03-23 00:00:00	4010.3201073	3979.98999942	3990.0	4010.3201073	201422.40205103	50.38064589	3998.01150804
1958	2019-03-23 04:00:00	4018.16171549	3994.80427616	4009.89	4003.40345756	98038.50688884	24.42706507	4013.5197007
1959	2019-03-23 08:00:00	4014.99	3985.19140001	4003.80379791	3999.59434567	64155.68832681	16.03706314	4000.46366137
1960	2019-03-23 12:00:00	4006.39365423	3977.24173274	4000.02317125	4000.0	208208.04239578	52.22727322	3986.57692732
1961	2019-03-23 16:00:00	3999.4	3987.4	3999.4	3994.27999935	97022.39954452	24.29973939	3992.73416012
1962	2019-03-23 20:00:00	4005.780273	3991.00000001	3994.0	4003.79999999	18505.06007977	4.63027356	3996.53710304
1963	2019-03-24 00:00:00	4009.63804079	3978.20002634	4000.0	3991.0	190980.76134528	47.81927396	3993.80303233
1964	2019-03-24 04:00:00	3990.40406621	3975.0	3990.25887648	3981.0	74608.28146071	18.72514471	3984.39011373
1965	2019-03-24 08:00:00	4003.89861964	3980.99999999	3981.0	3993.57177217	61216.0661848	15.31861743	3996.18741472
1966	2019-03-24 12:00:00	4003.00186444	3983.83	3992.31455409	3990.63083364	98602.93292197	24.68567679	3994.33784055
1967	2019-03-24 16:00:00	3995.0	3979.2	3992.90622902	3988.85999901	72403.98505793	18.14941471	3989.32892409
1968	2019-03-24 20:00:00	3993.36155932	3958.64883778	3983.73410695	3991.51000001	184052.32668876	46.23773446	3980.56541563
1969	2019-03-25 00:00:00	4000.86189982	3980.95426238	3991.51000001	3993.48803812	29469.41705624	7.38560497	3990.11552553
1970	2019-03-25 04:00:00	3996.66999915	3984.92445082	3994.69999998	3996.66999915	52210.68136597	13.08937782	3988.78251387
1971	2019-03-25 08:00:00	4001.031894	3986.7	3991.27661168	3988.0	77574.84461872	19.41657408	3995.29001867
1972	2019-03-25 12:00:00	3987.89999829	3963.0	3985.07642049	3963.0	134996.59986474	33.92451647	3979.32274094
1973	2019-03-25 16:00:00	3979.97754113	3959.0	3963.0	3968.90648595	160803.06556225	40.48176866	3972.23419047
1974	2019-03-25 20:00:00	3967.33289966	3927.58121221	3967.04223138	3943.99999777	379587.8065613	96.21978007	3945.008046
1975	2019-03-26 00:00:00	3951.29999958	3932.23476779	3942.6096586	3943.0	172630.13979975	43.78847735	3942.36452708
1976	2019-03-26 04:00:00	3943.99999665	3910.33347538	3943.99999531	3925.99998591	109837.50184454	27.98219813	3925.26353127
1977	2019-03-26 08:00:00	3936.74999968	3913.30862955	3926.0	3915.20217983	144375.15077371	36.75143831	3928.42178191
1978	2019-03-26 12:00:00	3950.00770674	3898.00000005	3916.0587138	3942.0	470143.5837532	120.37020383	3905.8136382
1979	2019-03-26 16:00:00	3947.39999953	3928.34237467	3940.17518787	3935.0	64526.04496105	16.38383723	3938.39636314
1980	2019-03-26 20:00:00	3947.4	3927.66326448	3935.0	3946.35630101	28133.26401376	7.14948565	3935.00531241
1981	2019-03-27 00:00:00	3999.0	3935.5658625	3946.35630101	3992.65744822	443209.33224196	111.52039749	3974.24455272
1982	2019-03-27 04:00:00	4008.88999997	3984.09775604	3992.77339622	3997.4993	134602.11708688	33.67674831	3996.8857993
1983	2019-03-27 08:00:00	4043.377638	3987.76963651	3998.50137597	4034.6607908	965722.80514174	240.12747689	4021.70887584
1984	2019-03-27 12:00:00	4036.10569651	4005.5685673	4036.06311462	4022.93814794	342218.38135758	85.0577666	4023.36429743
1985	2019-03-27 16:00:00	4030.24727823	4011.98999994	4022.93814794	4022.0	445851.33923631	110.70473539	4027.3917612
1986	2019-03-27 20:00:00	4046.66717629	4015.10000323	4022.0	4045.46999999	297325.87800866	73.70051681	4034.24413936
1987	2019-03-28 00:00:00	4041.49	4014.62797533	4041.49	4015.2343968	332908.07672696	82.63853614	4028.4846789
1988	2019-03-28 04:00:00	4028.93795998	4005.54511104	4015.2343968	4027.88644221	173919.69444044	43.27322716	4019.10617383
1989	2019-03-28 08:00:00	4024.98999994	4006.77639533	4024.7	4016.31750902	103903.50375737	25.86897469	4016.52964613
1990	2019-03-28 12:00:00	4037.34706135	4013.98982709	4018.12057216	4030.13929431	181402.83495577	45.05875967	4025.91718645
1991	2019-03-28 16:00:00	4030.6090148	4020.0	4030.6090148	4023.7481316	188333.6459851	46.7913486	4024.96725612
1992	2019-03-28 20:00:00	4028.51471228	4022.11642373	4023.7481316	4028.51471228	57759.23765176	14.34981193	4025.08673517
1993	2019-03-29 00:00:00	4056.18856897	4025.00000033	4027.0	4041.56679068	560678.78998041	138.70379327	4042.27438026
1994	2019-03-29 04:00:00	4069.01900674	4027.1092023	4041.56679071	4060.65000004	342936.43385705	84.68181042	4049.70597766
1995	2019-03-29 08:00:00	4120.98746821	4041.68517908	4058.21818956	4120.71520037	1169735.2702641	286.25415849	4086.35206012
1996	2019-03-29 12:00:00	4121.0	4085.0	4120.0	4093.22986365	431900.36448944	105.38930315	4098.14233115
1997	2019-03-29 16:00:00	4107.574029	4085.04103099	4089.07648463	4088.96855153	150470.30638343	36.74527735	4094.9563382
1998	2019-03-29 20:00:00	4106.60708961	4083.50098234	4088.96855153	4104.60395545	71249.7147496	17.41769548	4090.65107559
1999	2019-03-30 00:00:00	4140.0	4092.74899471	4102.89931454	4094.17916137	288354.08224114	69.96773122	4121.2438536
2000	2019-03-30 04:00:00	4107.4314579	4052.57725231	4093.15826961	4096.42859261	217167.78708167	53.1666803	4084.65952465
2001	2019-03-30 08:00:00	4097.96999999	4078.79713223	4095.30039915	4095.99999999	62849.43613103	15.36569485	4090.24367232
2002	2019-03-30 12:00:00	4095.99	4073.13595995	4093.85199999	4075.63274059	39351.73392032	9.62461324	4088.65612976
2003	2019-03-30 16:00:00	4093.94914192	4062.02806239	4075.63274059	4088.3	108424.24357326	26.56960921	4080.76169718
2004	2019-03-30 20:00:00	4106.33569553	4087.60010006	4088.0	4105.3	123006.44191318	30.01331499	4098.39572716
2005	2019-03-31 00:00:00	4114.0	4087.8764206	4105.76366177	4095.80944181	132304.10914223	32.28276712	4098.28899271
2006	2019-03-31 04:00:00	4100.96482571	4085.0	4096.99614806	4087.99999982	33838.5020088	8.25975017	4096.79485606
2007	2019-03-31 08:00:00	4110.641106	4086.61562904	4086.61562904	4110.641106	55074.63026469	13.43181602	4100.31154258
2008	2019-03-31 12:00:00	4111.7633746	4096.9	4106.88992007	4096.9	148710.87177191	36.23359425	4104.22633608
2009	2019-03-31 16:00:00	4106.7942356	4096.65588179	4098.0	4104.95298238	41677.60884157	10.15789666	4102.97625941
2010	2019-03-31 20:00:00	4111.3633755	4101.95298239	4107.48999999	4104.7592224	238095.10814571	57.96528598	4107.5465103
2011	2019-04-01 00:00:00	4140.0	4063.94371652	4102.17000001	4133.19214103	555530.8502509	135.10621716	4111.80819009
2012	2019-04-01 04:00:00	4141.28	4121.47186919	4133.49851742	4128.70520504	221342.19349379	53.57126033	4131.73392095
2013	2019-04-01 08:00:00	4136.59999986	4119.5524432	4131.68051415	4134.00999999	444856.79660269	107.6828403	4131.17628921
2014	2019-04-01 12:00:00	4159.12005494	4131.52198181	4134.00999998	4146.66842453	278439.81036717	67.11644305	4148.60796719
2015	2019-04-01 16:00:00	4155.34538467	4137.88429726	4149.42184313	4139.50248373	106830.31532561	25.77322204	4145.01202681
2016	2019-04-01 20:00:00	4151.97787363	4134.41821501	4139.50248372	4145.0	104270.78495022	25.16126391	4144.09964949
2017	2019-04-02 00:00:00	4187.13124601	4138.68616096	4146.70150381	4173.90000001	740528.07109802	177.70474688	4167.1822734
2018	2019-04-02 04:00:00	4859.0	4174.27358807	4174.27358807	4645.43036978	6885135.5245133	1511.86649274	4554.06317791
2019	2019-04-02 08:00:00	4775.0	4649.99999991	4649.99999991	4721.38038495	1426891.7575811	303.11001348	4707.50451692
2020	2019-04-02 12:00:00	4765.87301041	4650.0	4722.0	4732.0	1430842.607308	303.19109871	4719.27643455
2021	2019-04-02 16:00:00	4743.53399359	4663.2733271	4738.04999999	4736.343248	493048.79712875	104.77364048	4705.84771961
2022	2019-04-02 20:00:00	4899.9	4717.46885849	4730.2994723	4861.41982157	2176272.4845565	454.46497294	4788.64734168
2023	2019-04-03 00:00:00	5038.0	4859.76889198	4861.10219193	5007.51176938	1929747.3953026	390.30618675	4944.18859042
2024	2019-04-03 04:00:00	5007.51176938	4808.32217016	5007.51176938	4918.296483	1175517.1539674	240.02300873	4897.51861784
2025	2019-04-03 08:00:00	4940.0	4894.00842719	4920.0267	4922.82074049	282281.698613	57.48320181	4910.68155086
2026	2019-04-03 12:00:00	4999.99	4912.35785142	4912.35785142	4962.5	1121906.7934827	226.24123209	4958.89623265
2027	2019-04-03 16:00:00	5145.48274215	4956.8236337	4956.8236337	5101.15764965	1923890.2717562	378.92899433	5077.17883968
2028	2019-04-03 20:00:00	5274.73567118	4784.44121629	5109.97641004	4939.9	4844199.8588645	968.35051126	5002.52729
2029	2019-04-04 00:00:00	5036.0	4887.61931231	4939.9	4936.8069544	1320169.7420233	266.96056524	4945.18634554
2030	2019-04-04 04:00:00	5035.75494803	4926.73770732	4934.93860713	5015.0	733651.4378056	147.17698223	4984.82457439
2031	2019-04-04 08:00:00	5026.2466419	4902.70358529	5015.79468966	4968.70000002	902637.70161217	181.74073291	4966.62298626
2032	2019-04-04 12:00:00	5015.5496022	4933.28258675	4970.71371061	4982.23013919	616263.7469972	123.71659593	4981.2536658
2033	2019-04-04 16:00:00	4980.88947282	4802.32872637	4980.00200572	4805.0728482	1070849.6032857	219.66613491	4874.89618608
2034	2019-04-04 20:00:00	4922.09579515	4779.0	4806.18603943	4890.34243552	686098.77332447	141.3954392	4852.34019715
2035	2019-04-05 00:00:00	4950.75629858	4885.94455076	4898.32730814	4890.80971793	255790.57176962	51.9331889	4925.37772448
2036	2019-04-05 04:00:00	4997.38428337	4901.0804002	4901.08040039	4951.26542458	759010.40451424	153.52369148	4943.9301335
2037	2019-04-05 08:00:00	5006.87379574	4935.93056685	4950.56023902	4983.57658004	462630.3161582	93.01367169	4973.78834479
2038	2019-04-05 12:00:00	5037.38472809	4934.45973383	4985.9303182	4967.2379782	792186.49971897	159.16198183	4977.23445392
2039	2019-04-05 16:00:00	5035.49478424	4957.38571247	4967.2379782	4978.28685166	593716.88686316	118.82792914	4996.44226033
2040	2019-04-05 20:00:00	5024.23956948	4959.32266965	4980.57632234	5005.49886382	388687.88677389	77.83521035	4993.72822436
2041	2019-04-06 00:00:00	5005.49886382	4962.94044315	5005.49886382	4993.7107078	183521.78480917	36.82558294	4983.54052149
2042	2019-04-06 04:00:00	5008.394368	4983.00600001	4993.71070775	4984.46814203	111010.18745342	22.20823805	4998.60399566
2043	2019-04-06 08:00:00	4984.6175608	4947.76210325	4984.46814202	4983.60950647	315054.01307023	63.48012313	4963.03405752
2044	2019-04-06 12:00:00	5096.93021854	4978.18506577	4979.73809198	5087.58803306	897577.73031065	178.78482243	5020.43584075
2045	2019-04-06 16:00:00	5200.0	5080.88129923	5091.0	5139.54694789	1478116.084187	287.39357693	5143.17717179
2046	2019-04-06 20:00:00	5152.75768991	4933.08600812	5135.63614974	5051.06520581	1789850.0721906	356.16989904	5025.27045944
2047	2019-04-07 00:00:00	5145.08568057	5033.9192941	5051.06520581	5122.5	523135.16754067	102.90035945	5083.90029283
2048	2019-04-07 04:00:00	5159.0	5086.14235575	5119.89188264	5141.44150089	661417.27874452	129.01508352	5126.66628349
2049	2019-04-07 08:00:00	5177.64925736	5100.0	5136.59940487	5112.32604226	441717.67047007	86.04218271	5133.73390304
2050	2019-04-07 12:00:00	5164.19204048	5090.00000001	5112.78509265	5126.6375746	348554.10334394	67.90637976	5132.86239931
2051	2019-04-07 16:00:00	5150.0	5052.38817769	5123.07058521	5118.23520736	490289.80694519	95.88401509	5113.36333261
2052	2019-04-07 20:00:00	5220.0	5089.3572462	5118.23520736	5174.93586977	1648717.1439535	319.97589308	5152.62924367
2053	2019-04-08 00:00:00	5315.70006089	5155.75695842	5172.49044736	5200.62670905	1488526.2110299	283.68782011	5247.05717169
2054	2019-04-08 04:00:00	5269.507894	5161.97113833	5200.62670905	5207.61959812	859594.83709701	164.14062812	5236.94131637
2055	2019-04-08 08:00:00	5219.29337489	5055.30852647	5207.61959812	5055.30852647	942889.03964819	183.14407889	5148.34574703
2056	2019-04-08 12:00:00	5204.50470769	5050.0	5055.50863898	5188.83946622	2113544.3889776	411.21457993	5139.76033957
2057	2019-04-08 16:00:00	5206.0	5148.009026	5195.03038058	5162.931	352800.35585519	68.25271473	5169.03037851
2058	2019-04-08 20:00:00	5257.74305186	5156.66748968	5158.76122986	5240.21979062	411980.00861938	79.03335572	5212.73587419
2059	2019-04-09 00:00:00	5240.21979062	5138.32	5240.21979062	5155.10798607	562611.76744879	108.50553381	5185.09745718
2060	2019-04-09 04:00:00	5179.0	5076.19235437	5163.49155825	5150.0	527157.56745288	102.77878631	5129.05032623
2061	2019-04-09 08:00:00	5167.89999999	5090.0	5147.57750002	5149.03	469862.63184977	91.57475415	5130.9188456
2062	2019-04-09 12:00:00	5190.50592244	5137.77371514	5155.88921174	5166.70744599	355013.13143377	68.84277785	5156.86819331
2063	2019-04-09 16:00:00	5187.53075185	5158.76874678	5160.55900243	5164.9	140050.47153949	27.09143429	5169.54805863
2064	2019-04-09 20:00:00	5198.0	5124.82591378	5164.7	5154.12533859	238295.81700966	46.14747984	5163.78831164
2065	2019-04-10 00:00:00	5198.8	5137.83695891	5153.09743701	5167.93360722	258189.53949442	49.94905837	5169.05719386
2066	2019-04-10 04:00:00	5223.0	5175.27116483	5175.27116483	5197.69999995	259403.67406631	49.84853649	5203.83731061
2067	2019-04-10 08:00:00	5220.26261205	5193.0	5199.59876487	5200.0	244796.57371225	47.03770947	5204.26220729
2068	2019-04-10 12:00:00	5244.0	5199.37811886	5199.37811886	5244.0	358337.25221127	68.58178708	5224.96230366
2069	2019-04-10 16:00:00	5420.93626445	5224.66377841	5244.0	5361.0	2086758.7660976	392.70746622	5313.7741082
2070	2019-04-10 20:00:00	5388.43619901	5197.48464421	5361.0	5309.45449317	932492.32308666	176.85428621	5272.65888246
2071	2019-04-11 00:00:00	5326.57628912	5113.86522461	5313.0	5140.58	986479.90651254	189.41043267	5208.16035635
2072	2019-04-11 04:00:00	5198.19386906	5100.02000001	5140.58	5168.79639123	734611.35615485	142.46107563	5156.57594824
2073	2019-04-11 08:00:00	5176.23592061	4925.0	5164.89999996	5002.973123	2032752.1747921	401.92806413	5057.50246425
2074	2019-04-11 12:00:00	5036.0013425	4967.57394026	5001.00508784	4997.32533286	1251228.6032419	249.66352356	5011.65963453
2075	2019-04-11 16:00:00	5061.45771031	4964.13990158	4995.02512828	5046.20067877	482928.08683224	96.17342728	5021.4295205
2076	2019-04-11 20:00:00	5050.09015397	4968.23769723	5046.20067877	5022.1	176478.94409677	35.13508914	5022.86883046
2077	2019-04-12 00:00:00	5016.0	4872.40447627	5016.0	4983.02318006	708483.08068675	143.78232154	4927.47003316
2078	2019-04-12 04:00:00	5009.56488258	4963.26439601	4983.02318329	4991.4493674	177829.66639028	35.67721108	4984.40491863
2079	2019-04-12 08:00:00	5064.98480942	4965.20000001	4991.56556705	5040.0	268846.31929094	53.76139437	5000.73189026
2080	2019-04-12 12:00:00	5056.04	5015.19016442	5040.0	5044.88156172	235896.95637528	46.81744089	5038.65550724
2081	2019-04-12 16:00:00	5077.82223453	5005.97113833	5042.47809309	5030.8821764	1182904.9378291	235.33844334	5026.39909162
2082	2019-04-12 20:00:00	5064.27974045	5003.15292259	5032.11595079	5053.2249604	176000.58942517	34.9655787	5033.5385819
2083	2019-04-13 00:00:00	5100.0999693	5024.8000001	5043.00000001	5079.98480943	422720.25068397	83.15276297	5083.65850496
2084	2019-04-13 04:00:00	5093.0	5060.06579289	5083.39999999	5062.20428025	131479.50484436	25.8839686	5079.57287679
2085	2019-04-13 08:00:00	5070.26335344	5002.05785799	5069.26034222	5017.92107887	324916.49861334	64.62731077	5027.54168078
2086	2019-04-13 12:00:00	5072.0	5017.35327283	5017.69285964	5056.0	192986.60133835	38.23586763	5047.26617441
2087	2019-04-13 16:00:00	5070.0	5040.0	5056.00000001	5049.8233887	88390.62273931	17.48760714	5054.47212026
2088	2019-04-13 20:00:00	5063.233651	5016.24006815	5050.09999991	5049.60651492	149146.9035092	29.58462388	5041.36554563
2089	2019-04-14 00:00:00	5065.45363398	5020.30000093	5056.11757259	5034.11651687	60390.1148494	11.98009163	5040.87253374
2090	2019-04-14 04:00:00	5044.59999994	4997.6260146	5031.48419317	5039.0	204387.47724793	40.77529601	5012.53202914
2091	2019-04-14 08:00:00	5050.0	5028.36681487	5040.67683007	5046.3	64917.25941593	12.87532038	5041.99177185
2092	2019-04-14 12:00:00	5069.0	5038.41867006	5046.26999986	5069.0	158544.67031187	31.37857415	5052.64100127
2093	2019-04-14 16:00:00	5087.6	5059.1479718	5066.12312034	5071.87503898	350404.97270657	69.04475602	5075.04107343
2094	2019-04-14 20:00:00	5147.04034544	5062.02400001	5071.87503898	5126.69105029	541406.90969846	105.74857988	5119.7558427
2095	2019-04-15 00:00:00	5165.40000005	5126.55778482	5126.69105029	5139.0	270234.03005502	52.53920952	5143.47346532
2096	2019-04-15 04:00:00	5165.8889749	5126.9719334	5144.54175859	5137.62318834	214759.33823443	41.7691369	5141.57950518
2097	2019-04-15 08:00:00	5140.0	5097.67213341	5139.16884912	5102.53871053	132620.72079789	25.90890389	5118.73143537
2098	2019-04-15 12:00:00	5146.1614954	5083.08042464	5102.7	5130.55581498	318302.32191105	62.17860681	5119.16136821
2099	2019-04-15 16:00:00	5139.50234615	4990.0	5133.13614809	5012.9	1098552.0262733	217.94865458	5040.41664487
2100	2019-04-15 20:00:00	5051.53854694	4950.0	5004.51967482	5032.7545694	520812.91302085	103.83600614	5015.72558866
2101	2019-04-16 00:00:00	5055.0	5021.19935944	5031.83403907	5042.63757061	108219.21061734	21.49335733	5035.00727949
2102	2019-04-16 04:00:00	5077.31197525	5040.78972338	5044.33231285	5066.06	130664.84963751	25.83273578	5058.11117917
2103	2019-04-16 08:00:00	5079.98480941	5042.4946387	5066.30000026	5049.12953704	81019.9950818	15.99536911	5065.21572116
2104	2019-04-16 12:00:00	5087.30000087	5009.0	5055.88957828	5073.01267549	251618.28560265	49.79770838	5052.8085285
2105	2019-04-16 16:00:00	5193.9587789	5064.76208289	5073.77320639	5160.3718924	569234.10336778	110.59111016	5147.19585095
2106	2019-04-16 20:00:00	5188.6	5139.09356697	5160.3718924	5176.5244883	281319.02245237	54.47885243	5163.82063689
2107	2019-04-17 00:00:00	5234.98087353	5165.0	5175.72605442	5197.1342639	345655.80254364	66.55761505	5193.33215716
2108	2019-04-17 04:00:00	5201.54090105	5174.1361983	5199.99648916	5184.93924618	141660.33307164	27.27656612	5193.48118998
2109	2019-04-17 08:00:00	5220.96593031	5160.0	5187.60066282	5208.80828839	214913.47272967	41.37877466	5193.80949521
2110	2019-04-17 12:00:00	5225.0	5144.00000001	5208.80828839	5180.46812126	876117.99763826	169.11026884	5180.74983647
2111	2019-04-17 16:00:00	5211.388	5176.60775528	5180.46812126	5208.00000003	167810.78671635	32.27453605	5199.47944275
2112	2019-04-17 20:00:00	5214.98480942	5188.5	5208.0	5203.18561709	152875.22900026	29.3659521	5205.8665927
2113	2019-04-18 00:00:00	5249.43914602	5200.0	5202.29557818	5247.86683735	1289356.35076	246.71027311	5226.19643886
2114	2019-04-18 04:00:00	5263.68374999	5236.27650002	5249.59550059	5246.93007358	338257.70804053	64.47542139	5246.30472741
2115	2019-04-18 08:00:00	5247.64152758	5203.58830786	5247.64152758	5216.0	191119.09912069	36.59462031	5222.60095887
2116	2019-04-18 12:00:00	5248.72132178	5215.03055005	5218.16793892	5226.68983888	1461121.4773281	278.94406994	5238.0445931
2117	2019-04-18 16:00:00	5280.63039924	5207.31104862	5228.64188415	5268.29093318	829380.73294812	158.05884209	5247.2909581
2118	2019-04-18 20:00:00	5291.39483621	5234.12267327	5268.29093317	5260.81355704	330699.29946497	62.76410138	5268.92430854
2119	2019-04-19 00:00:00	5256.34466624	5196.0	5255.38492057	5215.13328867	2234221.0113002	429.29353133	5204.41341004
2120	2019-04-19 04:00:00	5232.76841752	5203.70107116	5214.71835321	5230.00000001	140688.95667498	26.93013305	5224.22063098
2121	2019-04-19 08:00:00	5260.20014499	5214.21204156	5230.0	5237.1	348239.28239211	66.47658047	5238.52580758
2122	2019-04-19 12:00:00	5266.50346296	5218.2	5236.56366779	5260.40000006	135549.88674472	25.83517784	5246.71777311
2123	2019-04-19 16:00:00	5328.31375588	5237.542869	5258.0	5274.88049051	320679.0597912	60.79196181	5275.02403678
2124	2019-04-19 20:00:00	5277.19568262	5214.21204157	5274.88049051	5260.85910911	192116.02160518	36.64378757	5242.79923952
2125	2019-04-20 00:00:00	5293.0	5258.6556945	5261.24619999	5273.97082117	128488.40994357	24.33983326	5278.93550342
2126	2019-04-20 04:00:00	5309.98480941	5261.70000001	5276.58725573	5308.6	203949.97440495	38.51136686	5295.83837276
2127	2019-04-20 08:00:00	5328.95	5273.78578407	5309.70132956	5285.64022209	317064.66271242	59.85256199	5297.42841693
2128	2019-04-20 12:00:00	5315.04249998	5276.0	5290.0	5291.86492757	171947.13893043	32.44429445	5299.7650849
2129	2019-04-20 16:00:00	5302.79649039	5282.1029823	5293.5564161	5299.5	215342.8099175	40.6895997	5292.33050964
2130	2019-04-20 20:00:00	5308.39394845	5241.0	5299.51999999	5289.87388452	303855.82462678	57.51043871	5283.48994447
2131	2019-04-21 00:00:00	5313.30000074	5286.41116149	5289.87388452	5307.6	100980.12785441	19.05341186	5299.84490947
2132	2019-04-21 04:00:00	5304.0	5277.97006228	5304.0	5277.97006228	178491.73526863	33.75836221	5287.33396953
2133	2019-04-21 08:00:00	5285.2533	5188.0	5279.37985217	5227.99989985	897020.72194705	171.5507172	5228.8952013
2134	2019-04-21 12:00:00	5238.3999	5167.7828115	5224.99999996	5238.3999	411841.10930873	79.0272752	5211.37934044
2135	2019-04-21 16:00:00	5240.89999999	5196.99809918	5238.3999	5220.25105402	125694.57333161	24.05463858	5225.37775463
2136	2019-04-21 20:00:00	5270.0	5200.0	5214.60000006	5258.95905177	191052.66925315	36.47825549	5237.43985798
2137	2019-04-22 00:00:00	5267.0	5212.0	5259.29999999	5221.89999991	138623.0277529	26.43879506	5243.16737726
2138	2019-04-22 04:00:00	5252.90784405	5220.49999966	5220.49999966	5244.72090475	65700.4458794	12.52328117	5246.26453622
2139	2019-04-22 08:00:00	5291.06703957	5240.72506293	5244.72090475	5275.90124606	171225.74537111	32.48361461	5271.14200272
2140	2019-04-22 12:00:00	5344.03197846	5266.0	5273.40000001	5283.21811998	620028.08423231	116.9552753	5301.4118657
2141	2019-04-22 16:00:00	5390.0	5253.72089779	5278.21811998	5350.37631414	3031973.7884416	568.22840326	5335.83638383
2142	2019-04-22 20:00:00	5382.61364858	5328.90000001	5355.5559065	5364.93620828	733500.69511583	136.85516695	5359.68580114
2143	2019-04-23 00:00:00	5438.98786739	5337.08382823	5363.27633158	5424.22291869	1141979.2441526	212.21351	5381.27494405
2144	2019-04-23 04:00:00	5597.01	5416.28443051	5419.81786701	5507.5064119	1843103.2369493	335.09957036	5500.16592074
2145	2019-04-23 08:00:00	5538.68874681	5474.16311287	5507.50641187	5515.09308	545026.45760044	98.93543485000001	5508.91051751
2146	2019-04-23 12:00:00	5554.85581748	5511.36015077	5514.65765368	5528.48772	1164269.6971346	210.37431285	5534.27688657
2147	2019-04-23 16:00:00	5580.0	5517.39999999	5532.79999998	5570.97990834	637175.57581248	114.74406234	5553.0156665
2148	2019-04-23 20:00:00	5572.34541812	5480.0	5570.97990834	5494.4451665	325271.45258158	58.94192331	5518.50761419
2149	2019-04-24 00:00:00	5557.13572592	5440.55765348	5494.29134272	5535.00000001	661254.57129261	120.07568566	5506.9814314
2150	2019-04-24 04:00:00	5588.0	5390.0	5538.75269406	5421.09069235	1567168.4620264	283.69652302	5524.10175966
2151	2019-04-24 08:00:00	5457.04337356	5342.0	5421.1528201	5382.49000001	1724312.690949	318.55601222	5412.90267583
2152	2019-04-24 12:00:00	5449.45567649	5374.36842261	5384.80569928	5427.13341783	776653.15665128	143.54369597	5410.56959278
2153	2019-04-24 16:00:00	5436.55189944	5348.39999999	5429.22055665	5399.75564042	779797.54893563	144.5211171	5395.73430224
2154	2019-04-24 20:00:00	5417.74099994	5381.02407634	5397.82655531	5409.0325917	560866.71114274	103.86207016	5400.11103455
2155	2019-04-25 00:00:00	5433.00646642	5386.98752371	5408.97964369	5415.95453023	328814.80042529	60.76510876	5411.24351021
2156	2019-04-25 04:00:00	5426.0	5367.76741633	5415.95453023	5402.93201605	294406.51144545	54.61889743	5390.19506614
2157	2019-04-25 08:00:00	5438.07436	5356.40809572	5401.58128305	5438.0	373168.26812236	69.08955828	5401.22527068
2158	2019-04-25 12:00:00	5440.0	5401.85206347	5438.0	5431.63451041	510567.70498673	94.15322587	5422.73193795
2159	2019-04-25 16:00:00	5488.66646742	5423.54123466	5433.25351465	5471.35007317	300240.76792289	54.96764912	5462.13586954
2160	2019-04-25 20:00:00	5481.48581467	5110.88677657	5470.48841637	5229.5526	4744272.5978062	905.78667272	5237.7372517
2161	2019-04-26 00:00:00	5505.45	5168.63090661	5230.64739068	5340.00000008	1455502.8579523	272.23183396	5346.55641399
2162	2019-04-26 04:00:00	5379.19992896	5250.21724923	5340.00000147	5288.89332728	1144870.3641929	215.83820898	5304.29885238
2163	2019-04-26 08:00:00	5344.36	5281.61000005	5288.40000001	5329.2663649	748696.76623231	140.93196714	5312.46942355
2164	2019-04-26 12:00:00	5340.0	5280.01000001	5329.26636527	5285.79935878	819851.20554	154.1437971	5318.74276464
2165	2019-04-26 16:00:00	5291.28	5201.8780661	5291.28	5260.0	560258.56901334	106.74501443	5248.56895663
2166	2019-04-26 20:00:00	5327.2700964	5260.0	5260.0	5312.71123874	305677.14576678	57.67362839	5300.11990401
2167	2019-04-27 00:00:00	5323.2	5292.0240948	5310.02778062	5298.50883	93307.53852716	17.58809111	5305.15437653
2168	2019-04-27 04:00:00	5323.14968181	5267.18347329	5293.86966244	5314.594352	183859.07660693	34.69491149	5299.30957339
2169	2019-04-27 08:00:00	5323.07238799	5270.0	5320.44040579	5281.97174981	103901.69714622	19.63057883	5292.84938798
2170	2019-04-27 12:00:00	5305.82999999	5264.76972467	5276.20481581	5278.15761467	80030.41722917	15.14949496	5282.71189504
2171	2019-04-27 16:00:00	5350.29000019	5278.15761467	5278.15761467	5332.60999997	293578.89879164	55.26366463	5312.33136197
2172	2019-04-27 20:00:00	5344.99999997	5284.65091641	5331.38863114	5296.32637366	188795.67304114	35.50117375	5318.01214153
2173	2019-04-28 00:00:00	5322.2654482	5276.87806612	5296.32637371	5306.53866866	366284.67993752	69.25107403	5289.22742452
2174	2019-04-28 04:00:00	5320.99999999	5295.24876712	5306.53866866	5320.99999998	141498.61344743	26.66133058	5307.26000425
2175	2019-04-28 08:00:00	5343.13904868	5308.72265242	5320.99999999	5333.20000003	371482.83380303	69.78230707	5323.453027
2176	2019-04-28 12:00:00	5336.62494286	5282.81058902	5335.30078459	5333.40312473	481444.26577509	90.63802513	5311.72501921
2177	2019-04-28 16:00:00	5334.83153988	5261.3259746	5333.40312472	5290.13550282	477588.27240341	90.06275972	5302.83853046
2178	2019-04-28 20:00:00	5317.86555804	5263.074867	5294.66274284	5314.30345056	280608.58594059	53.01961732	5292.54264977
2179	2019-04-29 00:00:00	5335.21312182	5296.80000088	5314.85903876	5318.96609528	331562.79949013	62.34146107	5318.49581
2180	2019-04-29 04:00:00	5333.41078047	5303.03614442	5319.44093535	5304.31779375	347405.33339914	65.31939942	5318.56288459
2181	2019-04-29 08:00:00	5311.8	5251.81546632	5305.26655493	5276.91771037	562267.07825005	106.46912831	5281.03392199
2182	2019-04-29 12:00:00	5279.19384814	5200.0	5276.51479721	5244.70000001	1389250.025613	265.543356	5231.72579626
2183	2019-04-29 16:00:00	5279.78301619	5217.15473949	5244.70000001	5232.00000027	149634.48038696	28.53239977	5244.37066609
2184	2019-04-29 20:00:00	5246.18999995	5190.0	5238.06802858	5242.41999996	306962.47833338	58.93115309	5208.83203938
2185	2019-04-30 00:00:00	5257.68268122	5215.7086306	5242.37312454	5221.19732945	202301.70800121	38.58170998	5243.46142527
2186	2019-04-30 04:00:00	5224.55591253	5199.28852138	5218.82149432	5221.29069288	240911.38572747	46.22398655	5211.82623369
2187	2019-04-30 08:00:00	5291.21684004	5212.94174296	5222.69999993	5291.21684004	505542.39640371	96.19102324	5255.60888506
2188	2019-04-30 12:00:00	5336.96489556	5262.0	5285.99683655	5312.36605249	619177.25070819	116.96239705	5293.81464748
2189	2019-04-30 16:00:00	5330.0	5276.06041123	5312.36605249	5301.57446092	715815.19025445	134.83676112	5308.75396522
2190	2019-04-30 20:00:00	5338.00000018	5293.67	5301.57446092	5321.39761414	653423.00173371	122.87787393	5317.66200728
2191	2019-05-01 00:00:00	5375.2489468	5319.2	5321.58839732	5354.43936419	527153.56267746	98.62238363	5345.17158554
2192	2019-05-01 04:00:00	5360.11423776	5337.5368996	5348.27453047	5351.74915118	156878.04990724	29.34825716	5345.39577774
2193	2019-05-01 08:00:00	5369.07072119	5334.0	5344.40374053	5363.3	302863.33745976	56.60982428	5350.01373545
2194	2019-05-01 12:00:00	5370.0	5337.20171424	5363.29999963	5347.70000009	683577.57170039	127.50853745	5361.03374229
2195	2019-05-01 16:00:00	5406.40595454	5338.99999989	5357.0	5368.0212872	592793.52439824	110.42326571	5368.3752295
2196	2019-05-01 20:00:00	5396.77775971	5356.71373237	5367.03015341	5395.6	151397.96954304	28.19339194	5369.98066303
2197	2019-05-02 00:00:00	5400.0	5375.66425798	5387.3	5400.0	156413.4500061	29.0340741	5387.23740482
2198	2019-05-02 04:00:00	5415.0	5368.5263456	5385.5	5410.0	166053.14480701	30.78144248	5394.58619962
2199	2019-05-02 08:00:00	5450.0	5404.70020006	5409.24510004	5446.00000001	444240.89855036	81.80043982	5430.78863057
2200	2019-05-02 12:00:00	5535.0	5417.26817218	5446.0	5522.77176231	880666.04149657	160.63493942	5482.40653419
2201	2019-05-02 16:00:00	5533.43449684	5472.99999998	5522.0	5503.0363133	399672.19489518	72.73017939	5495.27305236
2202	2019-05-02 20:00:00	5521.54643727	5491.37142527	5501.08523091	5500.4723121	143121.89976989	26.00115766	5504.44336523
2203	2019-05-03 00:00:00	5599.57546744	5483.15403604	5496.2921577	5589.8999994	384139.58680367	69.21343407	5550.07264074
2204	2019-05-03 04:00:00	5700.0	5567.98451578	5573.0	5689.73136528	467527.9332804	83.12337368	5624.5062319
2205	2019-05-03 08:00:00	5836.64824562	5660.79367077	5689.73136527	5758.0	2438718.4515638	423.87166978	5753.43582841
2206	2019-05-03 12:00:00	5850.70851039	5747.27110901	5750.71094456	5782.23866204	942996.47395131	162.67408024	5796.84527836
2207	2019-05-03 16:00:00	5797.43124712	5720.71610869	5776.46230003	5754.80000001	270887.05103046	47.11008018	5750.08681784
2208	2019-05-03 20:00:00	5793.17715671	5742.3	5754.80562994	5771.5	297343.2111293	51.5272152	5770.60510596
2209	2019-05-04 00:00:00	5900.0	5771.59818547	5771.59818547	5842.85150437	1027798.8073021	175.67559616	5850.54970507
2210	2019-05-04 04:00:00	5842.85150436	5759.00000002	5842.85150436	5804.25432678	384731.95074317	66.33121008	5800.1648135
2211	2019-05-04 08:00:00	5818.00000003	5761.29625962	5804.2543281	5791.62920409	641977.85795988	110.96141701	5785.59534709
2212	2019-05-04 12:00:00	5797.06081966	5596.84587203	5792.74999996	5644.36586765	1219383.349055	215.1458194	5667.70645349
2213	2019-05-04 16:00:00	5695.0	5636.38230557	5641.029315	5678.26999998	204082.11353367	36.04236222	5662.2846274
2214	2019-05-04 20:00:00	5866.0	5678.27	5678.27	5842.8	761974.4531701	131.15503674	5809.72314986
2215	2019-05-05 00:00:00	5836.1	5757.76495388	5836.01902891	5811.17727061	410252.47487177	70.77076289	5796.92033996
2216	2019-05-05 04:00:00	5826.47470978	5740.0	5811.1772706	5750.39077464	316537.93349953	54.69004732	5787.8526169
2217	2019-05-05 08:00:00	5795.62078623	5712.63	5744.94464307	5764.6861894	170515.66609829	29.53556476	5773.2319488
2218	2019-05-05 12:00:00	5802.721072	5740.00000002	5765.0	5777.82011139	126634.97347367	21.93175446	5774.0466548
2219	2019-05-05 16:00:00	5777.89840469	5699.27264148	5777.8201113	5762.72391881	245743.71312204	42.72861159	5751.26838849
2220	2019-05-05 20:00:00	5819.09711529	5762.72391882	5762.72391883	5776.39331064	404824.46538276	69.93822611	5788.3147443
2221	2019-05-06 00:00:00	5793.77577663	5650.0	5784.0	5699.30884781	904527.0274232	158.63823031	5701.82247782
2222	2019-05-06 04:00:00	5732.89840464	5630.0	5695.56558194	5631.47957883	234256.88830368	41.37386844	5661.95275269
2223	2019-05-06 08:00:00	5712.66600743	5620.99999999	5631.47957883	5710.09062927	194876.06918959	34.28346169	5684.25881119
2224	2019-05-06 12:00:00	5730.0	5676.8082616	5701.99999996	5728.0	258121.23234112	45.22726785	5707.2037426
2225	2019-05-06 16:00:00	5798.40173965	5727.99999999	5728.0	5796.95426145	531477.20826794	92.18104684	5765.58008926
2226	2019-05-06 20:00:00	5797.23678867	5736.93732824	5795.45899015	5744.28401558	216430.41223448	37.5809467	5759.04630509
2227	2019-05-07 00:00:00	5987.14760746	5752.34437575	5754.61385487	5964.0	897816.69660608	153.17584577	5861.34642895
2228	2019-05-07 04:00:00	5980.0112421	5914.0	5964.0	5937.22200093	271819.82299113	45.69171005	5948.99649616
2229	2019-05-07 08:00:00	5965.96302354	5925.97433809	5935.0	5945.33297352	150858.95377269	25.38335495	5943.22358371
2230	2019-05-07 12:00:00	6015.68442672	5839.30952006	5944.65600224	5915.88847173	830478.9535064	139.99239538	5932.31476075
2231	2019-05-07 16:00:00	5962.92538873	5871.4190517	5915.888472	5917.90000003	348751.00257411	58.83767763	5927.34140132
2232	2019-05-07 20:00:00	5965.642312	5822.8630633	5924.65082786	5846.0	612329.20543907	103.80580334	5898.79549829
2233	2019-05-08 00:00:00	5893.15061335	5795.0	5848.3384	5875.65594024	626951.15887297	107.16400781	5850.38924621
2234	2019-05-08 04:00:00	5925.5543	5877.02152208	5880.0	5912.1	163438.80478284	27.67200073	5906.28796152
2235	2019-05-08 08:00:00	5950.0	5880.0	5906.36867864	5938.15458327	264155.8600798	44.68814163	5911.09521328
2236	2019-05-08 12:00:00	5971.83067578	5897.08602727	5938.15458327	5958.97162974	384577.78105371	64.85211403	5930.07316424
2237	2019-05-08 16:00:00	5966.1227876	5919.97791197	5961.57346654	5952.76437643	274847.05753391	46.28073282	5938.69285957
2238	2019-05-08 20:00:00	6010.02668376	5892.57089488	5952.99999987	5982.9000003	661323.58183349	111.01362598	5957.13882863
2239	2019-05-09 00:00:00	6103.49227362	5982.9000003	5982.9000003	6074.0	548599.83588398	90.58899378	6055.9215087
2240	2019-05-09 04:00:00	6114.14596859	6060.89560314	6074.0	6087.0	394279.27910969	64.75463166	6088.81973385
2241	2019-05-09 08:00:00	6108.99999996	6060.2	6086.94021287	6073.14646712	288621.60363567	47.44653442	6083.09136091
2242	2019-05-09 12:00:00	6072.99999999	6010.6237984	6072.99999999	6045.89999999	716316.66734065	118.53119681	6043.27541287
2243	2019-05-09 16:00:00	6114.25992901	6038.0	6043.79999995	6109.12532647	523997.34320679	86.07625695	6087.59443979
2244	2019-05-09 20:00:00	6195.50000088	6096.16923507	6109.12532647	6174.69999999	892857.90664452	145.32518059	6143.86235764
2245	2019-05-10 00:00:00	6325.92467073	6137.70627834	6174.69999999	6299.98	1107064.2669973	177.73976919	6228.56815918
2246	2019-05-10 04:00:00	6350.0000001	6216.54163493	6283.60050156	6332.91702746	624106.45043763	99.06172417	6300.17754755
2247	2019-05-10 08:00:00	6350.0	6276.42331889	6343.05076602	6306.0	1088368.1223861	172.42570517	6312.099007
2248	2019-05-10 12:00:00	6361.18590748	6270.0	6307.0	6350.64961	504983.15184318	80.07123076	6306.67403323
2249	2019-05-10 16:00:00	6448.0	6333.09338428	6356.77010558	6392.9615859	769011.85102606	120.01003752	6407.896097
2250	2019-05-10 20:00:00	6415.85191628	6270.01999999	6391.08874704	6382.09999949	595301.12594573	93.79278032	6346.98240008
2251	2019-05-11 00:00:00	6603.3127222	6380.70000014	6380.70000015	6578.46392439	845039.97800826	129.62741161	6518.99137314
2252	2019-05-11 04:00:00	6949.0	6572.6472178	6576.32	6795.0	2542149.2846405	376.28507721	6755.9131058
2253	2019-05-11 08:00:00	6815.0	6636.89181151	6795.0	6770.3671262	1225289.0204257	181.6693933	6744.6089744
2254	2019-05-11 12:00:00	6893.62688429	6710.33290273	6764.48877559	6893.62688429	1295235.2413272	190.97799372	6782.11775135
2255	2019-05-11 16:00:00	6981.88545335	6839.75517588	6893.62688429	6906.68603568	1472085.4690511	212.62767119	6923.30147253
2256	2019-05-11 20:00:00	7377.0	6899.45900305	6910.86126561	7215.08049998	2359264.7910455	328.22137454	7188.02909881
2257	2019-05-12 00:00:00	7274.19325995	6948.63813949	7214.98039997	7163.49915375	1920933.0542845	269.96188734	7115.57128753
2258	2019-05-12 04:00:00	7500.0	7163.49915375	7163.49915375	7483.0	1224073.9931694	166.12747921	7368.28126803
2259	2019-05-12 08:00:00	7518.29323308	6987.16613998	7481.00000003	7169.2791723	3273003.3335891	451.63980056	7246.93290877
2260	2019-05-12 12:00:00	7245.6610041	6756.90779629	7166.60313061	6864.93	2488291.2441042	355.97740099	6990.02587575
2261	2019-05-12 16:00:00	7078.83306936	6838.50739173	6864.93	7008.56485582	1295588.7667386	186.60053466	6943.11390425
2262	2019-05-12 20:00:00	7168.29323296	6880.49738034	7019.79057765	6980.59158242	1368972.2829889	194.71994109	7030.46783665
2263	2019-05-13 00:00:00	7081.28846698	6862.86784574	6977.594289	7036.01980255	690291.74615271	98.68397927	6994.97275301
2264	2019-05-13 04:00:00	7157.34263416	7023.079919	7033.11606895	7040.40535347	671692.90665223	94.68600257	7093.89865894
2265	2019-05-13 08:00:00	7296.61057967	7029.0	7057.99999991	7232.56221128	981370.65004725	137.27527664	7148.92494896
2266	2019-05-13 12:00:00	7857.90381234	7219.02826649	7231.88502051	7790.0	4273953.9059491	564.31452973	7573.70877548
2267	2019-05-13 16:00:00	7914.47902	7718.36260154	7783.7692464	7872.10934842	2931203.3423023	374.81668807	7820.36508938
2268	2019-05-13 20:00:00	8100.0	7650.0	7866.63586881	7811.96432384	5200693.0445217	660.14449233	7878.11320846
2269	2019-05-14 00:00:00	8060.0	7793.94132296	7805.71831231	7951.99999972	1090856.4095753	137.26623023	7947.01222396
2270	2019-05-14 04:00:00	8311.28471438	7936.94542482	7936.94542482	8311.28471438	1927964.2218762	239.5374562	8048.69623507
2271	2019-05-14 08:00:00	8342.61065618	7920.00000001	8306.78886201	8062.88163168	2551313.2048661	315.62478544	8083.3740649
2272	2019-05-14 12:00:00	8214.44948957	7950.0	8064.30982878	7961.91020448	1730197.6042954	213.40132042	8107.71742597
2273	2019-05-14 16:00:00	8067.0571585	7750.17088884	7957.28751569	7810.0	2699396.4831349	342.0073173	7892.80330153
2274	2019-05-14 20:00:00	8050.894061	7682.90511992	7810.0	8000.0	1676206.8361758	213.63666656	7846.06342706
2275	2019-05-15 00:00:00	8127.19593332	7959.71303017	8010.0	8033.00000003	1114837.7046772	138.42921026	8053.48598452
2276	2019-05-15 04:00:00	8050.00000001	7830.0	8036.20303055	7887.21120001	793818.94053457	99.70230167	7961.89182434
2277	2019-05-15 08:00:00	8125.0	7833.75	7887.21119999	7956.59999999	1198549.3084242	149.44266865	8020.12784736
2278	2019-05-15 12:00:00	8040.0	7900.55639606	7965.34200399	7995.82811108	1280891.6089888	160.83427784	7964.04613612
2279	2019-05-15 16:00:00	8223.83493776	7920.0	7996.60000005	8169.06000025	2437873.2986373	301.06726831	8097.43720173
2280	2019-05-15 20:00:00	8242.45843065	8090.4444	8169.06000025	8169.88672531	1347351.0876246	164.99652544	8165.9361252
2281	2019-05-16 00:00:00	8320.0	8142.49500009	8170.26680001	8237.05786382	2254573.9885032	273.12974163	8254.58983356
2282	2019-05-16 04:00:00	8231.16785288	7929.63323986	8229.17648374	8005.00000003	2995559.2796064	371.56014707	8062.11135189
2283	2019-05-16 08:00:00	8076.80413073	7770.04979891	8007.28999974	7877.41566355	2457051.8745671	310.16826734	7921.67392118
2284	2019-05-16 12:00:00	8025.14526862	7751.89877158	7875.96312295	8015.0	1504779.8993594	190.39597048	7903.4230376
2285	2019-05-16 16:00:00	8029.91127241	7802.02376564	8016.24229586	7859.33114471	1253244.1900441	158.12523047	7925.64340503
2286	2019-05-16 20:00:00	7945.37740801	7708.0	7853.46572075	7873.93604739	1107759.1495681	141.14070905	7848.61544925
2287	2019-05-17 00:00:00	7929.10385391	7010.0	7871.72774774	7346.28706562	5120494.0315732	690.63017366	7414.23445841
2288	2019-05-17 04:00:00	7480.31924307	7163.78339522	7357.39555107	7303.399998	1809802.2909385	247.85261083	7301.92950107
2289	2019-05-17 08:00:00	7325.377408	7060.0	7303.399998	7163.29900679	1462590.6851404	203.19451029	7197.98326762
2290	2019-05-17 12:00:00	7270.37740801	6917.9094749	7163.29900679	7084.0	2018791.6947297	283.76407294	7114.33154244
2291	2019-05-17 16:00:00	7213.99999999	6994.68	7084.0	7136.34330005	2427244.8273305	342.32481041	7090.47300551
2292	2019-05-17 20:00:00	7359.0	7083.6351868	7135.83188478	7352.42393267	1405824.3455833	194.09293274	7243.04757384
2293	2019-05-18 00:00:00	7435.0	7231.36085862	7356.0564	7376.42547407	792719.5600527	108.03344778	7337.72342124
2294	2019-05-18 04:00:00	7457.62888199	7288.63127366	7376.42547406	7294.5450267	858224.93776398	116.40472883	7372.76695191
2295	2019-05-18 08:00:00	7365.38270793	7198.86813194	7307.46230133	7300.001	665616.25977021	91.37398457	7284.52702268
2296	2019-05-18 12:00:00	7391.3580037	7268.02817625	7300.001	7346.03514357	598957.90615017	81.49774425	7349.38017809
2297	2019-05-18 16:00:00	7360.83564079	7232.78072843	7346.03514357	7247.59579791	605606.61891998	82.82848194	7311.5745301
2298	2019-05-18 20:00:00	7342.30256707	7236.70885255	7247.59579791	7267.63201716	403295.72623496	55.41692854	7277.4824744
2299	2019-05-19 00:00:00	7919.93000003	7250.0	7262.28626822	7901.34729824	2535991.63663	332.6681693	7623.18691916
2300	2019-05-19 04:00:00	7980.0	7816.6293883	7904.03515698	7917.66133443	1064138.0283706	134.66447242	7902.14381898
2301	2019-05-19 08:00:00	8085.377408	7873.79305381	7911.32847217	7963.35995872	1278398.045338	160.28412761	7975.82433395
2302	2019-05-19 12:00:00	7986.31701622	7776.62094599	7963.35995872	7968.68457279	1803459.9005161	228.47376522	7893.50978121
2303	2019-05-19 16:00:00	8043.95239212	7871.74733302	7968.68457279	7951.49530458	1034753.4166186	129.80382634	7971.67114248
2304	2019-05-19 20:00:00	8264.0	7900.0	7936.59689646	8163.01036736	1722024.7331969	212.06584848	8120.23598113
2305	2019-05-20 00:00:00	8146.09814502	7800.0	8146.09814502	8025.83092101	1463833.320203	183.56078113	7974.65183571
2306	2019-05-20 04:00:00	8102.83609181	7846.13717681	8026.92373076	7870.39373015	525696.88065313	65.89380852	7977.94045389
2307	2019-05-20 08:00:00	7935.39679079	7793.90000088	7870.3693317	7834.07016056	667459.59610003	84.99006793	7853.3834877
2308	2019-05-20 12:00:00	7886.96660889	7564.99999999	7834.31540935	7818.17123946	2657297.044615	345.31893179	7695.19652699
2309	2019-05-20 16:00:00	7874.41999998	7682.11468128	7829.03853364	7810.44135941	492944.99567141	63.27217412	7790.8654559
2310	2019-05-20 20:00:00	8070.0	7784.73364374	7810.0	7924.86865096	816261.28312334	102.88932395	7933.39145196
2311	2019-05-21 00:00:00	7986.46317434	7800.0	7939.45539033	7894.17531001	451131.2265892	57.06476866	7905.59985053
2312	2019-05-21 04:00:00	7930.08821143	7789.17304621	7888.67723532	7898.70689456	298022.07327243	37.85313129	7873.11546274
2313	2019-05-21 08:00:00	7972.73	7779.0	7898.62432831	7847.41170049	468397.05957471	59.41948885	7882.88604698
2314	2019-05-21 12:00:00	7972.39239737	7811.60000039	7847.06479286	7906.89999936	581983.34793993	73.81245864	7884.62217169
2315	2019-05-21 16:00:00	7990.2023282	7866.96152177	7905.79999996	7963.18884451	574980.76840539	72.50479815	7930.24438487
2316	2019-05-21 20:00:00	8028.07500712	7861.54488016	7963.18884451	7903.1610962	649595.97253221	81.48960963	7971.51901305
2317	2019-05-22 00:00:00	7979.60116908	7894.79610953	7903.1610962	7903.7603199	461028.91174068	58.09526852	7935.73940676
2318	2019-05-22 04:00:00	7944.21614677	7816.99999952	7900.9158037	7885.5904196	258085.1302102	32.74455696	7881.77193924
2319	2019-05-22 08:00:00	7923.09999996	7745.07358369	7885.59041951	7802.40401927	943544.58156205	120.40640287	7836.33228027
2320	2019-05-22 12:00:00	8000.0	7780.0	7805.70609417	7922.83874124	765797.31531722	96.82932006	7908.73378892
2321	2019-05-22 16:00:00	7940.0	7846.51665634	7930.20000026	7894.91047554	453941.20638695	57.42042908	7905.56973641
2322	2019-05-22 20:00:00	7908.1933701	7511.88319056	7900.0	7628.80358764	1722105.5301956	223.55274621	7703.35215912
2323	2019-05-23 00:00:00	7679.26756919	7544.62913073	7628.80358762	7654.82779275	486774.06948043	63.89757573	7618.03658306
2324	2019-05-23 04:00:00	7688.34314119	7550.5	7660.05779638	7585.01238195	433755.02712337	56.92022815	7620.4021175
2325	2019-05-23 08:00:00	7641.52028759	7469.00000001	7585.06428411	7590.50151774	1041546.2599252	138.0002536	7547.42279636
2326	2019-05-23 12:00:00	7800.0	7556.1199004	7589.0	7761.30396854	696112.51769526	90.48309104	7693.28843316
2327	2019-05-23 16:00:00	7850.0	7707.49261481	7761.0	7765.0	646959.77410107	83.22667342	7773.46669662
2328	2019-05-23 20:00:00	7930.45	7756.04067597	7757.24558721	7847.22406338	463218.1354053	58.89278547	7865.44789329
2329	2019-05-24 00:00:00	7901.9	7800.0	7850.29539091	7838.48867818	340329.20132873	43.41278568	7839.37717881
2330	2019-05-24 04:00:00	7880.0	7773.84	7846.56624547	7841.896821	145178.35587069	18.5445219	7828.63837922
2331	2019-05-24 08:00:00	7999.47385444	7852.9855358	7852.9855358	7972.58563511	1124821.6714375	141.51612182	7948.36416495
2332	2019-05-24 12:00:00	8089.99272089	7923.01977808	7973.34205158	8059.25421328	1196776.1329863	149.1561596	8023.64539416
2333	2019-05-24 16:00:00	8117.44621983	7967.93152285	8046.12646678	8023.11426671	904763.57993628	112.31973367	8055.25040323
2334	2019-05-24 20:00:00	8089.31545451	7901.00000001	8024.95820534	7975.28895219	440877.64868921	55.02831306	8011.83289425
2335	2019-05-25 00:00:00	8025.57464098	7939.66936506	7957.42571844	7979.13049535	314256.40673732	39.30348625	7995.63694524
2336	2019-05-25 04:00:00	8010.78224734	7915.48791435	7983.89	7963.1627751	265070.06651135	33.34926583	7948.30290605
2337	2019-05-25 08:00:00	8087.4703042	7940.1161249	7963.2990306	8039.44278597	420954.08314238	52.41196994	8031.64016968
2338	2019-05-25 12:00:00	8066.31511958	7970.0	8040.00000004	8015.22711427	299832.94093519	37.41576197	8013.54630103
2339	2019-05-25 16:00:00	8038.79893555	7935.00000002	8012.04752221	7964.5583908	156187.92040674	19.55094762	7988.76471066
2340	2019-05-25 20:00:00	8054.03069878	7967.08776579	7967.08776579	8036.47249247	132525.86750537	16.52372639	8020.33780864
2341	2019-05-26 00:00:00	8045.08842876	7960.68799982	8036.40000083	7968.77391307	240922.6459755	30.13829719	7993.90371847
2342	2019-05-26 04:00:00	8018.97039936	7920.00000001	7960.89802113	7981.49999998	512151.2747593	64.31184016	7963.56119627
2343	2019-05-26 08:00:00	7995.9216433	7852.55417392	7980.69999999	7909.64591673	332748.48761343	42.03586827	7915.82287479
2344	2019-05-26 12:00:00	7999.15112417	7880.0	7909.64591673	7976.93590553	240471.05822387	30.25959533	7946.93569432
2345	2019-05-26 16:00:00	8499.999	7943.54825837	7989.0	8484.17915149	2427873.2422019	293.21158301	8280.27739313
2346	2019-05-26 20:00:00	8729.52563474	8430.00000002	8484.05072334	8622.61232617	4425258.6170069	516.62573221	8565.69532082
2347	2019-05-27 00:00:00	8830.0	8588.38000082	8616.50275214	8664.34223703	2546561.3736436	291.43960433	8737.86999367
2348	2019-05-27 04:00:00	8729.44256472	8597.01876182	8667.3588002	8705.5969997	1002876.4299489	115.56487518	8678.03844712
2349	2019-05-27 08:00:00	8701.4514949	8613.73615208	8695.20750004	8684.34403742	1175542.7366329	135.70020171	8662.79284643
2350	2019-05-27 12:00:00	8861.883	8685.63468209	8685.63468209	8797.60000089	2113537.3236107	240.34204708	8793.87252163
2351	2019-05-27 16:00:00	8900.08580809	8607.87240079	8797.6000009	8760.45970614	2127476.42449	243.95704093	8720.70105613
2352	2019-05-27 20:00:00	8818.2495	8672.03977012	8762.0349141	8750.08139821	1288305.7417067	147.3988372	8740.27072519
2353	2019-05-28 00:00:00	8795.08766306	8719.25161073	8749.78539435	8760.45654195	686182.95833918	78.28491287	8765.2005116
2354	2019-05-28 04:00:00	8784.59289593	8633.05331792	8764.30570748	8720.31085945	609817.0792222	70.07507732	8702.3390133
2355	2019-05-28 08:00:00	8740.45097675	8654.0	8720.79245953	8735.71648901	475593.03894488	54.70293005	8694.10538905
2356	2019-05-28 12:00:00	8750.03035803	8550.0	8733.15302706	8689.04173833	1067339.5428147	123.51683662	8641.24739608
2357	2019-05-28 16:00:00	8775.0	8615.25391791	8678.65517312	8683.0000001	1034927.1072829	118.98647338	8697.8551249
2358	2019-05-28 20:00:00	8737.50601272	8666.18517418	8691.63036551	8722.1895544	590582.4922023	67.94250138	8692.38665352
2359	2019-05-29 00:00:00	8718.05751243	8613.86182274	8718.05751243	8657.70889996	271019.68127618	31.26815658	8667.59383728
2360	2019-05-29 04:00:00	8661.59641594	8426.78085745	8661.59641594	8550.0	2117793.564409	247.62913218	8552.27955517
2361	2019-05-29 08:00:00	8684.22374652	8531.3349257	8544.31718401	8628.44999934	564512.48391569	65.49660684	8618.95770104
2362	2019-05-29 12:00:00	8748.62120843	8620.03407033	8628.44999889	8694.90597648	1038033.1024656	119.34032885	8698.09152085
2363	2019-05-29 16:00:00	8717.74284753	8626.20892677	8684.72999151	8671.09999999	246068.60720981	28.35137509	8679.24770592
2364	2019-05-29 20:00:00	8709.9	8611.29064909	8673.66953384	8653.0	302257.24149236	34.95167195	8647.86216592
2365	2019-05-30 00:00:00	8720.20000002	8550.98881605	8655.09999999	8684.84158582	910665.93573225	105.61059335	8622.86544224
2366	2019-05-30 04:00:00	8750.39081831	8657.82681887	8681.29661665	8690.16073427	747258.93805339	85.91532348	8697.62119009
2367	2019-05-30 08:00:00	8773.87298105	8670.0	8693.20054025	8720.82439066	1343222.2371523	154.06204877	8718.70942828
2368	2019-05-30 12:00:00	8950.0	8693.86743457	8720.00000001	8950.0	1042228.2790737	118.7049685	8779.98867481
2369	2019-05-30 16:00:00	9050.46826904	8530.76669515	8931.4688769	8620.3734	4032616.0962047	463.1685396	8706.58464775
2370	2019-05-30 20:00:00	8621.00000003	8053.00000001	8621.00000003	8275.24969776	5210298.8775463	626.03502867	8322.69543864
2371	2019-05-31 00:00:00	8383.18198183	8217.88254147	8273.86	8272.5535098	967367.51144114	116.47121304	8305.63609832
2372	2019-05-31 04:00:00	8319.7298478	8117.09170448	8267.77564962	8311.26364245	1311864.4752447	159.49231714	8225.25184139
2373	2019-05-31 08:00:00	8350.0	8234.9	8316.24620426	8287.63903998	480732.34930792	58.01588803	8286.21892436
2374	2019-05-31 12:00:00	8450.0	8263.08268852	8263.08268852	8358.68293635	1039617.6233642	123.95579926	8387.00270233
2375	2019-05-31 16:00:00	8467.23629837	8299.59389891	8352.89425011	8446.18238929	695782.03708154	82.72509986	8410.77300914
2376	2019-05-31 20:00:00	8580.0	8432.0	8445.05673484	8549.98762712	1132751.9484723	133.00434107	8516.65396301
2377	2019-06-01 00:00:00	8587.33521751	8489.16978341	8547.17394021	8559.99999995	323366.83228674	37.84583509	8544.31753237
2378	2019-06-01 04:00:00	8570.0	8455.13025256	8550.0	8538.00000009	301754.1139327	35.47132497	8506.98738172
2379	2019-06-01 08:00:00	8610.23539745	8517.93607926	8538.00000004	8561.05906779	517864.16546367	60.42189423	8570.80321733
2380	2019-06-01 12:00:00	8570.79985225	8430.70000089	8560.54990795	8526.78516836	653945.36550858	77.00662105	8492.06674168
2381	2019-06-01 16:00:00	8576.51024659	8474.82308645	8522.77555205	8538.10396873	284314.35073115	33.3571556	8523.33916418
2382	2019-06-01 20:00:00	8599.1	8506.64517596	8533.88169157	8542.76100762	286759.91029852	33.50539127	8558.61995425
2383	2019-06-02 00:00:00	8590.27900417	8531.56036447	8541.35645645	8548.9	140012.90570134	16.33905096	8569.2189861
2384	2019-06-02 04:00:00	8724.34840867	8542.08186019	8549.70417453	8707.10887467	862492.720938	99.73813094	8647.57252626
2385	2019-06-02 08:00:00	8741.48915972	8677.75328403	8704.91679455	8720.00000046	665121.76299747	76.35621534	8710.77436245
2386	2019-06-02 12:00:00	8803.60730671	8600.91881572	8720.5	8677.04725676	980113.51958892	112.45048059	8715.95669886
2387	2019-06-02 16:00:00	8703.34150324	8625.84114964	8677.04725676	8664.93228249	265089.15643361	30.62219738	8656.76467119
2388	2019-06-02 20:00:00	8750.0	8645.18207929	8664.93228249	8724.49080533	235385.12020843	27.0355776	8706.49496345
2389	2019-06-03 00:00:00	8732.89563132	8625.84114964	8720.2659723	8660.18377964	970493.19314867	111.81840665	8679.18996723
2390	2019-06-03 04:00:00	8671.96425728	8342.8077888	8660.18	8469.4	2284205.0818371	269.23056644	8484.19669445
2391	2019-06-03 08:00:00	8544.10034485	8435.0	8470.0	8503.95515695	421829.938757	49.6306712	8499.38009214
2392	2019-06-03 12:00:00	8560.42898129	8336.25328193	8500.0	8470.3927827	995525.08738647	117.61650533	8464.16142524
2393	2019-06-03 16:00:00	8580.0	8437.5929239	8463.02601626	8576.85638473	395026.12704619	46.33134986	8526.10874148
2394	2019-06-03 20:00:00	8577.49999848	8075.0	8575.74574193	8118.44080432	2227067.2873071	269.56755344	8261.62963193
2395	2019-06-04 00:00:00	8115.93591117	7805.0	8115.93591117	7920.00000001	2657948.1557762	333.58902813	7967.73254407
2396	2019-06-04 04:00:00	8012.8552417	7809.82344682	7916.18976006	7888.90000007	783063.00829242	98.93042424	7915.29010724
2397	2019-06-04 08:00:00	8001.54436079	7893.24300252	7900.39999999	7945.84780742	777689.10783718	97.7874218	7952.8541966
2398	2019-06-04 12:00:00	8038.58738275	7879.99999999	7949.0	7939.32853779	640710.87299673	80.25805693	7983.1346223
2399	2019-06-04 16:00:00	7966.43977486	7559.28951872	7955.72378264	7618.81623071	3790361.140398	492.55380211	7695.32409284
2400	2019-06-04 20:00:00	7733.45052602	7506.13533914	7628.80965183	7691.48915971	2019768.3860176	266.50428046	7578.74651218
2401	2019-06-05 00:00:00	7880.0	7691.48915972	7691.48915972	7794.987259	649878.20607617	83.41872799	7790.55521146
2402	2019-06-05 04:00:00	7837.81389799	7697.8842131	7794.987259	7825.65045483	475415.62851862	61.13465138	7776.53291197
2403	2019-06-05 08:00:00	7886.48915969	7765.2453248	7836.16816053	7789.91411345	457398.35893511	58.37999475	7834.84755169
2404	2019-06-05 12:00:00	7808.40851678	7580.47725419	7790.42677628	7634.00178628	819435.89078911	106.55756562	7690.07705854
2405	2019-06-05 16:00:00	7830.85480318	7624.77799172	7624.77799172	7789.94148044	484703.33832635	62.40964722	7766.48098358
2406	2019-06-05 20:00:00	7893.22653188	7614.69755323	7789.5	7773.49521967	999489.27736842	128.83307075	7758.01796502
2407	2019-06-06 00:00:00	7853.48915972	7742.2009288	7774.26701925	7846.58182317	304781.55573424	39.06402505	7802.1032227
2408	2019-06-06 04:00:00	7850.68479323	7757.0628262	7850.68479323	7764.00691306	292633.36648137	37.56511691	7790.02943561
2409	2019-06-06 08:00:00	7831.75201019	7742.66346326	7764.42576064	7830.02666871	387034.00877201	49.59831221	7803.37054884
2410	2019-06-06 12:00:00	7841.4891597	7642.41983257	7827.00000002	7710.72073062	793611.56537859	102.75931943	7723.013054
2411	2019-06-06 16:00:00	7707.32641505	7510.0	7707.32641505	7599.99999992	855910.992543	112.93024842	7579.11192544
2412	2019-06-06 20:00:00	7800.0	7587.56398321	7599.99999992	7784.81161432	681031.17053264	88.36156292	7707.32372795
2413	2019-06-07 00:00:00	7813.11148738	7747.92706031	7789.57486601	7789.84546287	684231.84994565	87.89865796	7784.32647125
2414	2019-06-07 04:00:00	7981.10149621	7763.8	7789.84546287	7934.96550068	734080.01122473	93.00574042	7892.84626851
2415	2019-06-07 08:00:00	7998.0556928	7880.0	7939.89348878	7887.11130368	617469.44621953	77.71468556	7945.33802421
2416	2019-06-07 12:00:00	7950.22064662	7876.6143951	7897.68608729	7922.19515533	251971.70715553	31.83095124	7915.93393661
2417	2019-06-07 16:00:00	8093.24596995	7908.2	7929.00224421	7957.59999939	1143217.4544567	142.46961483	8024.28964113
2418	2019-06-07 20:00:00	8041.23632969	7870.0	7940.01644305	7994.0	799080.93177349	100.70865735	7934.58033102
2419	2019-06-08 00:00:00	8043.51695302	7924.64750324	7985.5010644	7924.64750324	460319.2177122	57.65001404	7984.71995848
2420	2019-06-08 04:00:00	7996.58593805	7856.71566071	7924.89561221	7915.68170488	405589.20248566	51.1464118	7929.96396446
2421	2019-06-08 08:00:00	7998.0	7904.84170564	7904.84170564	7974.68603928	445340.19843138	56.01590687	7950.24526631
2422	2019-06-08 12:00:00	7983.59999991	7849.202621	7981.10429171	7911.5383933	526585.88082071	66.48648654	7920.19413605
2423	2019-06-08 16:00:00	7916.70000085	7769.09511391	7903.80006097	7805.06978875	2153480.0797715	275.78419525	7808.5695876
2424	2019-06-08 20:00:00	7932.3	7817.39597382	7828.79989963	7895.0	146860.5888968	18.67973128	7862.02899257
2425	2019-06-09 00:00:00	7930.80001139	7834.64750323	7907.939905	7875.67212762	203961.04945776	25.9155892	7870.20692
2426	2019-06-09 04:00:00	7898.56647038	7847.84488281	7874.9	7897.47779586	99151.85535008	12.60462396	7866.30808382
2427	2019-06-09 08:00:00	7919.63839526	7830.0	7897.47779585	7845.89888076	530229.11588826	67.51593638	7853.3920185
2428	2019-06-09 12:00:00	7845.55691239	7676.63482094	7845.55691239	7715.00000001	1652360.0856689	214.14323093	7716.14436978
2429	2019-06-09 16:00:00	7752.98421111	7582.07670339	7715.00000002	7733.99999999	1277837.4645766	167.23138684	7641.13417177
2430	2019-06-09 20:00:00	7733.99999999	7511.73703814	7733.99999999	7640.60080127	807280.0279545	106.44815678	7583.78587637
2431	2019-06-10 00:00:00	7671.48915972	7515.0	7628.0983474	7648.93443657	781502.01022973	102.71745925	7608.26850601
2432	2019-06-10 04:00:00	7725.22973379	7612.20174105	7655.03616478	7702.0	414762.81163701	54.14687248	7659.95878691
2433	2019-06-10 08:00:00	7956.48915972	7594.72485562	7700.09084106	7917.2916452	1312541.857082	168.6334139	7783.40322197
2434	2019-06-10 12:00:00	8010.0	7858.98456524	7908.1684126	7904.03043581	1092585.4084467	137.60346833	7940.10079619
2435	2019-06-10 16:00:00	7980.0	7887.0730878	7906.7492567	7940.88988595	710001.45224624	89.5756715	7926.27552053
2436	2019-06-10 20:00:00	7988.73922554	7877.37326487	7940.96261443	7988.73922554	393985.10688807	49.62095747	7939.89328251
2437	2019-06-11 00:00:00	8010.0	7900.11101862	7983.54293557	7926.99054568	575282.62983588	72.3881701	7947.19121979
2438	2019-06-11 04:00:00	7942.13215439	7870.0	7926.99054568	7899.61427696	242967.17359621	30.72192048	7908.59327151
2439	2019-06-11 08:00:00	7930.21888101	7721.7334794	7897.24510323	7762.2979885	1241414.0727743	159.18950494	7798.34118613
2440	2019-06-11 12:00:00	7800.83793484	7735.59214371	7762.2979885	7761.25465815	216015.01011126	27.8274978	7762.64584274
2441	2019-06-11 16:00:00	7897.12763217	7698.54700887	7761.25465815	7876.68792482	732170.97883831	93.4549866	7834.47738291
2442	2019-06-11 20:00:00	7950.85975983	7857.24510325	7876.60963077	7887.5653311	379364.70341084	48.01442858	7901.05629974
2443	2019-06-12 00:00:00	8038.0	7799.99099999	7893.17362552	7954.7855083	1055667.1220319	132.66067936	7957.64899686
2444	2019-06-12 04:00:00	7968.13278158	7904.7438466	7959.06624232	7961.21311609	568924.81653542	71.76621795	7927.47385589
2445	2019-06-12 08:00:00	8000.84776348	7868.97982945	7954.07779164	7965.39999998	618132.58625319	77.80515902	7944.62210525
2446	2019-06-12 12:00:00	8198.67750445	7900.0	7967.59999994	8142.51583839	1722824.0609104	213.3137259	8076.48009354
2447	2019-06-12 16:00:00	8171.48915958	8072.6210436	8138.78030697	8116.66000004	890372.50701882	109.5392333	8128.34342723
2448	2019-06-12 20:00:00	8132.32515379	8061.3765455	8116.66000002	8130.0	376023.30764805	46.43089121	8098.5589087
2449	2019-06-13 00:00:00	8148.64172855	8021.1674	8123.24785274	8082.53878687	346672.3209607	42.80396197	8099.07085712
2450	2019-06-13 04:00:00	8114.2	8073.90665822	8085.42034343	8106.99892971	341817.06734169	42.19948753	8100.02887117
2451	2019-06-13 08:00:00	8108.33692711	8040.54540574	8105.272211	8080.77011182	344941.30908857	42.70568648	8077.17513802
2452	2019-06-13 12:00:00	8202.0	8001.2	8080.77000067	8165.1	667490.22995446	82.13294377	8126.9488139
2453	2019-06-13 16:00:00	8273.82980369	8138.40059097	8165.1	8225.7	502051.42119293	61.189155	8204.90855271
2454	2019-06-13 20:00:00	8303.59999999	8170.00000001	8225.0	8210.0	647723.51139082	78.42566721	8259.07556076
2455	2019-06-14 00:00:00	8243.99999995	8153.8792154	8210.0	8201.71883336	1071436.4665479	130.49228049	8210.72681483
2456	2019-06-14 04:00:00	8237.4	8176.68800353	8200.00000001	8228.89226258	289744.45001723	35.35078681	8196.26594379
2457	2019-06-14 08:00:00	8295.99999997	8233.03346593	8237.4	8250.0	383265.44993156	46.3601809	8267.12585005
2458	2019-06-14 12:00:00	8440.70170157	8247.84788807	8250.0	8403.83171034	1325963.6354398	158.52703122	8364.27469331
2459	2019-06-14 16:00:00	8423.24102994	8320.6	8400.40219063	8400.0	715353.11485338	85.3392097	8382.46706722
2460	2019-06-14 20:00:00	8700.0	8390.0	8390.0	8673.19999996	1706824.8624313	199.38179608	8560.58524894
2461	2019-06-15 00:00:00	8674.00351103	8566.56958123	8673.09996994	8596.59999996	356508.3414165	41.38257062	8614.93947996
2462	2019-06-15 04:00:00	8700.0	8575.50794107	8596.59999997	8659.5557048	677452.96054941	78.48809575	8631.28292355
2463	2019-06-15 08:00:00	8668.2152557	8588.0	8666.48915972	8625.52083313	363089.7822187	42.06786935	8631.0475864
2464	2019-06-15 12:00:00	8789.99999998	8586.02062005	8625.52083338	8758.40282471	854838.86397957	98.49296424	8679.18709296
2465	2019-06-15 16:00:00	8865.62023983	8737.36573628	8758.4028245	8808.47447641	973437.40957085	110.71937249	8791.93394686
2466	2019-06-15 20:00:00	8832.56474546	8732.23922667	8811.99999986	8809.26970927	443558.74592909	50.50740023	8782.05458822
2467	2019-06-16 00:00:00	8965.0	8759.37683497	8809.49125799	8955.72314139	799149.90895155	89.72379151	8906.77818561
2468	2019-06-16 04:00:00	9325.0	8950.0	8955.72314139	9241.4858966	3004900.1086519	328.06953495	9159.33906849
2469	2019-06-16 08:00:00	9308.0	8902.12036056	9246.29055985	9074.91366648	2810953.5883656	310.01430192	9067.17390441
2470	2019-06-16 12:00:00	9268.20008224	9012.5207289	9075.0	9200.0	1720410.0621749	187.89995088	9155.98995166
2471	2019-06-16 16:00:00	9209.07065547	8889.41415546	9200.0	8907.31225701	1543305.0399242	171.22528828	9013.3008706
2472	2019-06-16 20:00:00	9061.73116165	8801.10000001	8935.13238864	8968.92286817	2050857.2264131	230.33798736	8903.68649096
2473	2019-06-17 00:00:00	9180.0	8949.00000001	8963.50269782	9150.29284698	675172.90174016	74.18497848	9101.20775895
2474	2019-06-17 04:00:00	9205.00000004	9090.0	9150.62413323	9120.32781978	387618.87275336	42.37443107	9147.47084422
2475	2019-06-17 08:00:00	9293.41844344	9050.0	9122.37157354	9257.76899052	985734.98545857	107.42777443	9175.79267269
2476	2019-06-17 12:00:00	9390.83903896	9100.0	9254.99165982	9152.27134385	1874516.6807554	202.6762342	9248.82331741
2477	2019-06-17 16:00:00	9330.0	9130.52006346	9150.80439102	9280.0	658199.92391992	71.31037501	9230.07239588
2478	2019-06-17 20:00:00	9429.96026884	9171.39551999	9274.40295725	9310.4213446	2594207.7177626	279.70858199	9274.68045244
2479	2019-06-18 00:00:00	9327.01003269	9188.0	9307.20008688	9223.60000001	801869.48998043	86.67484587	9251.46715787
2480	2019-06-18 04:00:00	9265.78490467	9002.31275506	9224.78265315	9100.0	687758.84693754	75.45028297	9115.39122008
2481	2019-06-18 08:00:00	9238.0	9076.30561466	9101.37985574	9175.4947943	638522.11258261	69.62902705	9170.34374362
2482	2019-06-18 12:00:00	9189.52158325	8949.31554828	9174.39506777	9077.6841332	1688343.1463895	185.6884577	9092.34298836
2483	2019-06-18 16:00:00	9123.29385556	8957.0	9077.68413325	9059.83784136	926134.8367166	102.53096399	9032.73314397
2484	2019-06-18 20:00:00	9137.51636999	8957.59570572	9059.83784136	9076.40925673	901468.23277556	99.71388153	9040.54900825
2485	2019-06-19 00:00:00	9162.99999999	9050.0	9086.28669228	9114.88865433	598815.8959615	65.60164314	9128.06245849
2486	2019-06-19 04:00:00	9209.59362007	9117.04000057	9130.01724643	9166.90000001	597710.65233093	65.13353966	9176.69537769
2487	2019-06-19 08:00:00	9185.08275505	9088.66990179	9167.93136087	9130.0	534129.25842154	58.3984447	9146.29252825
2488	2019-06-19 12:00:00	9150.0	9050.0	9130.0	9090.0021518	442714.47616421	48.66109225	9097.91489861
2489	2019-06-19 16:00:00	9150.0	9066.02056397	9090.00215181	9143.88505755	236409.89636074	25.91740564	9121.66517145
2490	2019-06-19 20:00:00	9292.69376912	9112.72356075	9143.88505652	9250.00000005	691769.62475045	75.10441057	9210.77230352
2491	2019-06-20 00:00:00	9340.07450047	9231.69147525	9251.49962426	9321.6758003	346073.44747014	37.23058424	9295.40737903
2492	2019-06-20 04:00:00	9328.07130306	9238.12508886	9323.527815	9246.69105625	217870.75982189	23.4617343	9286.21716689
2493	2019-06-20 08:00:00	9263.127418	9186.66	9245.01042541	9260.0	564589.87856776	61.20941575	9223.90569571
2494	2019-06-20 12:00:00	9386.28319594	9199.26376617	9260.08705196	9364.26259532	1231397.0650262	132.29027971	9308.29587574
2495	2019-06-20 16:00:00	9500.0	9270.0	9359.35476088	9500.0	1495349.9030861	159.15980948	9395.27326635
2496	2019-06-20 20:00:00	9580.00000001	9446.96568637	9499.4513258	9520.18418425	1131228.848485	118.76804946	9524.68996189
2497	2019-06-21 00:00:00	9769.80664888	9520.0	9520.0	9729.99999999	1468136.0200514	151.79134219	9672.06692338
2498	2019-06-21 04:00:00	9757.60979399	9637.93055979	9729.99999999	9721.40863972	1114461.6665068	114.82199476	9705.99464707
2499	2019-06-21 08:00:00	9800.0	9666.40086928	9719.12115607	9793.0	994405.17325738	102.02808994	9746.38625345
2500	2019-06-21 12:00:00	9888.0	9680.0	9780.0003206	9792.52656073	1683339.6717383	172.35775434	9766.54446551
2501	2019-06-21 16:00:00	9930.00000007	9792.52656073	9792.52656073	9899.64770336	1445761.7705378	146.21994979	9887.58218433
2502	2019-06-21 20:00:00	10195.0	9844.00467065	9898.23765027	10177.25008034	1583425.059489	158.66923082	9979.40842913
2503	2019-06-22 00:00:00	10938.53601752	10019.73104214	10168.0988083	10572.60000001	4362434.8446618	414.93649325	10513.50005513
2504	2019-06-22 04:00:00	10765.17747832	10527.39608752	10582.76756852	10672.57045836	1398445.6090272	130.78909809	10692.37137842
2505	2019-06-22 08:00:00	10934.6711986	10652.98596236	10672.57045837	10849.90041481	2229666.3249476	205.88093863	10829.88226003
2506	2019-06-22 12:00:00	11163.39963985	10320.0	10850.0	10806.30708571	7035564.4587365	647.01139295	10873.94215217
2507	2019-06-22 16:00:00	11011.09758931	10482.99600001	10822.0126567	10685.88310188	2681198.7197767	248.74328366	10778.97935705
2508	2019-06-22 20:00:00	10788.62400088	10412.03283738	10678.07316905	10729.36157159	2178642.101018	206.15690154	10567.88341667
2509	2019-06-23 00:00:00	10973.54761995	10679.31317681	10721.9878372	10781.65987078	1751524.8954273	161.37731674	10853.60031267
2510	2019-06-23 04:00:00	10832.85428376	10690.34846363	10794.50008955	10743.14627999	1143330.0826101	106.18800524	10767.0360699
2511	2019-06-23 08:00:00	10786.50826167	10558.02077125	10745.41387809	10660.0020467	1166981.4074147	109.35228598	10671.76051196
2512	2019-06-23 12:00:00	10817.28410426	10649.52024893	10662.65600618	10806.44229246	732037.75232967	68.04730652	10757.77704903
2513	2019-06-23 16:00:00	11101.34077219	10729.41723068	10806.44229246	11043.44008598	1685346.7936031	154.20506971	10929.25671492
2514	2019-06-23 20:00:00	11394.99999999	10800.0	11049.99899996	10899.95750221	3467479.3882995	313.51378056	11060.05414532
2515	2019-06-24 00:00:00	10889.1772131	10625.0	10889.1772131	10727.86039259	1541521.6189834	143.64541796	10731.4360658
2516	2019-06-24 04:00:00	10865.36614837	10690.4587067	10733.01467443	10816.11879079	1041671.1561679	96.45550284	10799.49951529
2517	2019-06-24 08:00:00	11010.02703098	10813.43985323	10813.43985323	10937.86037833	1269888.2447608	116.42354982	10907.48604319
2518	2019-06-24 12:00:00	10969.69697378	10820.0	10948.75233241	10937.71208933	1281288.4649529	117.74612384	10881.78891301
2519	2019-06-24 16:00:00	11133.56828818	10864.35900001	10937.71208933	10944.40627545	1695813.5999029	153.93316704	11016.55759127
2520	2019-06-24 20:00:00	11093.49868829	10863.18280001	10943.90303815	11048.62871993	802860.64316912	73.18984534	10969.56332452
2521	2019-06-25 00:00:00	11247.0	11032.15145584	11056.10000087	11174.0471158	1271050.1944368	114.15821131	11134.11098379
2522	2019-06-25 04:00:00	11412.28726192	11167.38061802	11171.3092108	11386.78091135	2547909.1168958	224.80749974	11333.73717443
2523	2019-06-25 08:00:00	11495.0	11265.98258927	11380.19440012	11424.23281555	2100435.7853072	184.49716661	11384.65063665
2524	2019-06-25 12:00:00	11442.26428426	11133.46422457	11428.66171	11389.00388475	2054841.393638	182.11841809	11282.99605931
2525	2019-06-25 16:00:00	11483.0	11284.0	11389.00388471	11416.87311421	1059035.0742761	92.95829379	11392.58296487
2526	2019-06-25 20:00:00	11839.99999999	11385.28480613	11416.87311421	11814.85058455	3068703.1723469	263.50197382	11645.84510643
2527	2019-06-26 00:00:00	12291.34836495	11701.00000001	11821.64207207	12282.78598739	5902500.6685224	492.83840101	11976.5437442
2528	2019-06-26 04:00:00	12985.27209926	12209.19096424	12282.78598739	12526.26189416	7737523.623932	613.36428753	12614.89098931
2529	2019-06-26 08:00:00	12760.76219197	12340.0	12526.26189416	12695.67987844	3489849.8332673	276.75099555	12610.07146995
2530	2019-06-26 12:00:00	12960.8183105	12596.78067728	12703.63634607	12882.34127775	3777557.5878738	295.23466417	12795.10181669
2531	2019-06-26 16:00:00	13963.81	12815.2236565	12882.34127782	13951.15841002	10106976.020656	747.0453642	13529.26676879
2532	2019-06-26 20:00:00	13954.64528211	11900.0	13951.15841002	13101.48646392	13616088.409148	1071.71972397	12704.8967231
2533	2019-06-27 00:00:00	13455.73782958	12500.0	13099.25239001	12994.2935477	3628322.197317	279.80786646	12967.19153475
2534	2019-06-27 04:00:00	13139.34559945	12200.0	12991.59178944	12461.55610248	3488021.6178146	276.51233765	12614.34353149
2535	2019-06-27 08:00:00	12481.20496704	11400.0	12465.40456938	12237.56849483	7289795.1917426	613.20009472	11888.11817628
2536	2019-06-27 12:00:00	12338.66053089	11594.77124833	12237.56849483	11811.68000001	3768777.6310447	317.46182285	11871.59324296
2537	2019-06-27 16:00:00	11939.34559945	10600.0	11819.4384713	11047.524601	10478498.670419	949.33765458	11037.69414377
2538	2019-06-27 20:00:00	11535.515	10531.0	11047.524601	11307.51810984	5817716.13435	525.47549734	11071.33665375
2539	2019-06-28 00:00:00	11756.0	11090.80000087	11316.20623565	11368.2809671	3027222.9279315	264.19709291	11458.19923523
2540	2019-06-28 04:00:00	11659.34559944	11013.19399476	11369.34559945	11415.05868929	4798963.260711	426.46770965	11252.81739302
2541	2019-06-28 08:00:00	12305.64197482	11418.55868884	11418.55868884	12187.51869828	5403939.2813564	452.65683304	11938.26953867
2542	2019-06-28 12:00:00	12208.09945951	11656.23249513	12200.00000001	11953.10000001	3640550.2480089	305.67756099	11909.77262517
2543	2019-06-28 16:00:00	12384.52338499	11810.50000001	12009.57264259	12360.50000088	2302903.426767	190.56029865	12084.9066835
2544	2019-06-28 20:00:00	12483.38445048	12175.60503197	12360.50000088	12411.32087548	2877941.8704058	233.12423817	12345.09930411
2545	2019-06-29 00:00:00	12439.10486219	11540.00000006	12400.2846418	11611.0654968	3611970.7890011	303.25449359	11910.69173037
2546	2019-06-29 04:00:00	11913.0	11492.23408671	11594.79420808	11884.91386072	1703102.7122314	145.62976797	11694.74301835
2547	2019-06-29 08:00:00	12049.99999999	11611.99999999	11872.29058814	12012.68671339	2630576.861667	223.25952088	11782.59655533
2548	2019-06-29 12:00:00	12188.76910151	11900.0	12023.3779912	11944.12	1969297.1501345	163.85314697	12018.67151501
2549	2019-06-29 16:00:00	12093.0	11724.48979592	11944.13154287	11898.19482812	1938882.2969801	162.91261864	11901.36352337
2550	2019-06-29 20:00:00	12233.056	11867.07978174	11899.61292627	11917.37690192	2131560.6181392	176.61465115	12068.99090341
2551	2019-06-30 00:00:00	12200.0	11909.07853493	11909.07853493	12132.65306122	1916109.216344	158.26024484	12107.33130282
2552	2019-06-30 04:00:00	12169.99999999	11695.667404	12132.65306122	11736.25284719	1998974.308415	168.24507857	11881.32411007
2553	2019-06-30 08:00:00	11880.0	11513.0	11746.61069433	11629.03008501	1758475.4260862	150.4260649	11689.96494892
2554	2019-06-30 12:00:00	11719.98999998	11050.0	11628.95846098	11156.35988782	4084270.5451457	361.14531986	11309.2163197
2555	2019-06-30 16:00:00	11421.3898453	10950.0001	11156.35988783	11295.0	2493399.937045	222.0539602	11228.80193084
2556	2019-06-30 20:00:00	11521.73018926	10778.3242213	11317.73976082	10838.63780999	3117100.3646245	279.9011206	11136.43403049
2557	2019-07-01 00:00:00	11262.5	10704.51404334	10838.63780999	11165.0	1842728.1500824	167.02780065	11032.46371508
2558	2019-07-01 04:00:00	11197.5	10883.92853033	11153.06122448	10974.31585727	1098995.2347026	99.56369191	11038.11252495
2559	2019-07-01 08:00:00	11200.0	10900.0	10989.79591836	11035.85469675	1850726.3223173	167.50753206	11048.61554317
2560	2019-07-01 12:00:00	11035.85469675	10063.06001079	11035.65469673	10398.26568576	6431446.8822798	616.49775654	10432.23079735
2561	2019-07-01 16:00:00	10466.8	10043.26675341	10399.41638029	10220.18155225	3388143.9392631	329.99676805	10267.20340106
2562	2019-07-01 20:00:00	10691.52131724	10220.1815523	10223.24760679	10623.96787549	2413443.773059	229.97203317	10494.50987492
2563	2019-07-02 00:00:00	10697.76	10226.1934746	10617.23737321	10338.1	934746.02334989	89.75941607	10413.90490576
2564	2019-07-02 04:00:00	10367.30167224	9764.25215	10338.2	9867.9417497	4001179.0355218	403.67950661	9911.77151677
2565	2019-07-02 08:00:00	10350.0	9723.0	9866.5352156	10002.7006	2842202.6214755	283.08105441	10040.24316427
2566	2019-07-02 12:00:00	10634.64737173	9924.36394353	10004.40862416	10631.38745877	2764041.7844179	269.04112958	10273.67744379
2567	2019-07-02 16:00:00	10900.25248738	10442.08468338	10627.13484504	10795.84188038	2687929.251797	250.82111611	10716.51898167
2568	2019-07-02 20:00:00	10939.3455994	10613.0	10779.79075369	10836.18072559	2072023.025503	192.08649384	10786.9272018
2569	2019-07-03 00:00:00	11444.0	10838.63376673	10838.63376673	11276.47609802	3307567.7914163	295.30786615	11200.40530764
2570	2019-07-03 04:00:00	11499.58938756	11211.0	11290.37067451	11250.48471449	2293019.1988755	201.6821701	11369.4690896
2571	2019-07-03 08:00:00	11356.12351792	10905.0	11223.64	11150.0	2745975.6334639	246.16279703	11155.12037803
2572	2019-07-03 12:00:00	11452.25027674	11139.71231102	11160.0	11411.4183211	1160589.4218356	102.41457768	11332.26780919
2573	2019-07-03 16:00:00	11440.42738999	11029.61554301	11411.4183211	11262.63975792	1473291.7651725	131.53697661	11200.59015451
2574	2019-07-03 20:00:00	11975.92246945	11216.57675262	11276.06868116	11933.0	2889866.5381309	247.15037065	11692.74612265
2575	2019-07-04 00:00:00	11996.9601917	11746.0	11933.0	11839.7	2203222.5288266	185.50001476	11877.20945293
2576	2019-07-04 04:00:00	11858.04680982	11570.1079144	11841.5	11689.69097209	1234994.2761727	105.57850771	11697.402274
2577	2019-07-04 08:00:00	11730.0	11481.00574788	11674.9245548	11693.44747509	1536507.9546062	132.43556989	11601.92806118
2578	2019-07-04 12:00:00	11861.90000004	11657.13530907	11692.49298269	11721.5535045	2133222.7761963	181.22187029	11771.33186398
2579	2019-07-04 16:00:00	11848.0	11617.89888143	11721.5535045	11792.37934556	1052584.4371384	89.60797123	11746.5491372
2580	2019-07-04 20:00:00	11795.99999997	11000.84143199	11795.99999997	11160.94506294	2750440.9821983	241.14129828	11405.93088706
2581	2019-07-05 00:00:00	11280.41125955	11020.7840157	11138.90311001	11149.03486888	1292133.3489959	115.63505024	11174.23606695
2582	2019-07-05 04:00:00	11219.24220525	10803.64926503	11148.46664373	10969.34559945	2351499.1408909	213.76164724	11000.56615044
2583	2019-07-05 08:00:00	11325.55977485	10855.61154723	10970.79791116	11185.01631616	2026081.6067078	182.80933206	11083.03161483
2584	2019-07-05 12:00:00	11406.66059999	11086.2897168	11184.53838973	11227.80576992	1660362.564133	147.87381939	11228.23885243
2585	2019-07-05 16:00:00	11309.34559945	11040.00000001	11230.0	11108.8556556	1048249.7440465	93.8839417	11165.37849887
2586	2019-07-05 20:00:00	11131.12555445	10823.03818588	11104.48657518	10966.50168114	1511528.4384665	137.83519593	10966.20081879
2587	2019-07-06 00:00:00	11456.25195365	11000.3062534	11000.3062534	11454.30747653	1151030.655529	101.84763561	11301.49608908
2588	2019-07-06 04:00:00	11530.516	11295.61184621	11458.44918632	11378.58489818	1522180.022543	133.37593406	11412.70374802
2589	2019-07-06 08:00:00	11475.0	11276.51411163	11377.98489812	11354.9847416	1141184.9227685	100.52569185	11352.1717858
2590	2019-07-06 12:00:00	11610.44531796	11295.0	11369.93500545	11573.48429551	1247894.2291393	109.12493674	11435.46348267
2591	2019-07-06 16:00:00	11676.4	11422.52361164	11578.0	11485.39999999	1225122.190457	106.18201843	11537.94407538
2592	2019-07-06 20:00:00	11486.4711009	11070.78429161	11486.4711009	11265.41486788	1270353.3317566	113.24593827	11217.65028541
2593	2019-07-07 00:00:00	11245.4959974	11113.13198665	11227.96905703	11143.86766834	638989.54864602	57.23727538	11163.87082375
2594	2019-07-07 04:00:00	11302.80030605	11137.72829867	11151.55361826	11187.70532247	594283.50885883	52.84424877	11245.94487936
2595	2019-07-07 08:00:00	11345.92027628	11111.0	11198.88717543	11321.54993651	709197.05375539	63.09331892	11240.44615016
2596	2019-07-07 12:00:00	11434.79840776	11177.69503205	11341.23309612	11204.86240539	1140903.6289521	100.95090116	11301.56953372
2597	2019-07-07 16:00:00	11520.99	11143.89094836	11206.85841336	11465.20324871	1664347.6221216	146.58038488	11354.50437986
2598	2019-07-07 20:00:00	11524.17466752	11298.0	11476.44217911	11415.1745791	660187.17109508	57.71735876	11438.27758716
2599	2019-07-08 00:00:00	11468.0	11290.0	11421.45311305	11352.5213649	723118.94633742	63.55149793	11378.47210358
2600	2019-07-08 04:00:00	11438.69292037	11354.80000003	11360.90000009	11428.41649625	589681.17008574	51.69055576	11407.90926728
2601	2019-07-08 08:00:00	11924.34559944	11356.77792872	11425.84194065	11883.22989371	2647336.7832826	224.87422016	11772.52235226
2602	2019-07-08 12:00:00	11899.99999998	11765.90687882	11883.94238996	11824.40163694	1557536.3076078	131.78998692	11818.32052653
2603	2019-07-08 16:00:00	12200.0	11729.0	11825.0	12176.99481597	2285917.3669004	190.89128747	11974.96961331
2604	2019-07-08 20:00:00	12344.7805097	12079.68880042	12176.00000001	12260.11338586	2818871.3336677	230.55855148	12226.27100826
2605	2019-07-09 00:00:00	12741.14536162	12191.28997792	12260.0	12652.81566227	3169694.8545572	254.29431013	12464.6707704
2606	2019-07-09 04:00:00	12779.52933984	12400.0	12650.2395236	12425.81770779	2653449.6449185	210.09973166	12629.4766012
2607	2019-07-09 08:00:00	12635.18802774	12070.60161973	12425.82268249	12273.70796119	4402569.9548898	358.26062032	12288.73536521
2608	2019-07-09 12:00:00	12395.63079125	12164.58334454	12273.70796119	12360.00000001	1206300.0406276	98.05797321	12301.90673066
2609	2019-07-09 16:00:00	12600.0	12278.09468419	12360.0	12491.04174091	2181435.9792288	174.67297291	12488.68638855
2610	2019-07-09 20:00:00	12632.75088849	12325.31376796	12460.74789756	12560.61493975	2090573.1872074	167.20308962	12503.19711171
2611	2019-07-10 00:00:00	13107.38981756	12523.96294534	12529.66580296	12950.0	5775258.8455687	447.0170657	12919.54891369
2612	2019-07-10 04:00:00	13061.5610377	12805.89999995	12975.10696084	12868.28314748	2186388.697685	168.67426082	12962.19522205
2613	2019-07-10 08:00:00	13124.34559945	12840.1386061	12865.80491653	12972.30756012	1739362.5319029	134.13531698	12967.22273495
2614	2019-07-10 12:00:00	13154.26681399	12129.99999999	12968.06341201	12377.74915264	6536348.2038457	520.21031766	12564.81846274
2615	2019-07-10 16:00:00	12375.25324287	11900.0	12375.06769921	12088.7574544	5048190.9685856	414.83975615	12169.01440555
2616	2019-07-10 20:00:00	12200.0	11574.62785449	12073.0138	12116.93014948	3973147.745426	334.82340089	11866.39803211
2617	2019-07-11 00:00:00	12109.78900001	11643.17464168	12109.78900001	11714.99369206	1490848.3186303	125.61899801	11868.01632115
2618	2019-07-11 04:00:00	11730.1082053	11208.499	11705.0	11590.05915722	3568854.4604149	312.42691332	11423.00585596
2619	2019-07-11 08:00:00	11645.78209	11315.36371536	11584.44715004	11601.90226583	1535347.4942671	133.93119785	11463.70314694
2620	2019-07-11 12:00:00	11767.5200191	11399.99999999	11607.14425291	11502.00787909	1674013.4016136	144.05727477	11620.47112362
2621	2019-07-11 16:00:00	11750.0	11389.4078496	11500.00000001	11577.51916817	1331442.4349758	114.63995588	11614.12201143
2622	2019-07-11 20:00:00	11608.72659444	11018.16020462	11576.73363661	11337.18581225	4103072.7874252	365.3081203	11231.8138016
2623	2019-07-12 00:00:00	11512.95326606	11131.31464427	11335.39702605	11197.76108172	959505.08314668	84.56456623	11346.41997142
2624	2019-07-12 04:00:00	11710.0	11094.2803934	11197.76108172	11648.06603052	1344007.5593057	117.10730465	11476.71841071
2625	2019-07-12 08:00:00	11736.0	11544.94347872	11648.06603052	11669.634076	959801.2412186	82.43917513	11642.53814651
2626	2019-07-12 12:00:00	11710.0	11443.7661207	11670.94817944	11489.46496796	1056500.121939	91.16818754	11588.47346258
2627	2019-07-12 16:00:00	11639.34559944	11416.58146981	11488.0	11591.42733949	710399.00226197	61.47900982	11555.14710373
2628	2019-07-12 20:00:00	11872.0	11591.4273395	11591.4273395	11755.15391067	995033.22075736	84.50293885	11775.13154333
2629	2019-07-13 00:00:00	11790.0	11535.19086172	11758.69316735	11583.13640001	565915.51810314	48.55263967	11655.71062561
2630	2019-07-13 04:00:00	11656.91934229	11449.99999999	11583.13631547	11457.09488	400632.2340505	34.75593061	11527.0178936
2631	2019-07-13 08:00:00	11569.71213771	11202.49324216	11467.15167678	11296.78064153	3142247.2799338	275.33394759	11412.49492638
2632	2019-07-13 12:00:00	11447.36322378	11272.44711598	11298.49779309	11412.47759353	752249.8680257	66.27173831	11350.9904404
2633	2019-07-13 16:00:00	11469.0	11011.0	11419.86478579	11194.98323325	1613498.0428096	144.4713151	11168.2934546
2634	2019-07-13 20:00:00	11444.34559943	10830.57515945	11193.0	11384.47102144	3137700.061825	283.69572121	11060.08948052
2635	2019-07-14 00:00:00	11443.41236848	11265.1977979	11362.37521601	11286.27761725	650135.62011157	57.22542684	11360.95711316
2636	2019-07-14 04:00:00	11334.53030015	11091.28920001	11279.0	11151.73405407	620884.42555627	55.4292254	11201.39098238
2637	2019-07-14 08:00:00	11180.31365343	10562.2147418	11120.91102311	10691.60133664	3179113.0242296	293.58015201	10828.77368399
2638	2019-07-14 12:00:00	10750.46972316	10310.0	10685.77351535	10409.37671561	2330714.3931259	220.58795824	10565.9185194
2639	2019-07-14 16:00:00	10691.0	10328.99999999	10404.09132643	10477.40000025	2417929.4482119	229.908594	10516.91633681
2640	2019-07-14 20:00:00	10720.00000001	10104.0	10481.80000006	10187.72402807	1687675.5272473	162.27991552	10399.78066194
2641	2019-07-15 00:00:00	10264.34559942	9870.0	10187.72402806	10239.79151422	2585002.4081412	257.45704753	10040.51911936
2642	2019-07-15 04:00:00	10327.93429128	10054.82227549	10245.0	10313.31396637	1348557.5714146	132.62023314	10168.56583256
2643	2019-07-15 08:00:00	10379.34559944	10137.36423107	10320.76109646	10296.66499784	902912.48748093	87.75854006	10288.59968344
2644	2019-07-15 12:00:00	10611.45383991	10070.83431923	10297.44835002	10561.78830367	2054563.354533	198.02713341	10375.16081333
2645	2019-07-15 16:00:00	10935.0	10379.69999999	10562.15376321	10845.00000001	3193723.9704915	298.69233728	10692.35320723
2646	2019-07-15 20:00:00	11062.4	10730.10000003	10845.00000001	10836.90135676	1659186.2808971	152.37774923	10888.63885495
2647	2019-07-16 00:00:00	11017.06664065	10634.39759192	10836.90135673	10693.25842439	1278178.5162221	118.17555289	10815.93007152
2648	2019-07-16 04:00:00	10786.10283	10500.0	10697.00000002	10720.94808292	1175709.7472373	110.3271575	10656.57607681
2649	2019-07-16 08:00:00	10835.41683909	10601.0	10721.08647929	10672.61851648	1107508.8933365	103.37265752	10713.75081096
2650	2019-07-16 12:00:00	10672.5	10338.69660001	10672.5	10489.55655471	1826290.0733622	174.48495736	10466.74797068
2651	2019-07-16 16:00:00	10492.77701945	9518.69172703	10492.77701944	9685.20000002	7270380.8962433	744.66605878	9763.2768548
2652	2019-07-16 20:00:00	9779.34559944	9357.38023436	9695.9997794	9403.62017037	4058799.8140438	423.86849406	9575.61099945
2653	2019-07-17 00:00:00	9611.80684299	9222.2	9429.99999984	9415.16266185	1891318.301886	201.03166621	9408.06161309
2654	2019-07-17 04:00:00	9597.53158827	9316.60210618	9402.56752788	9564.2	1008655.8999708	106.21075781	9496.73950895
2655	2019-07-17 08:00:00	9591.11822658	9065.4321612	9548.60464827	9145.0	2286869.3680834	247.67328059	9233.41170527
2656	2019-07-17 12:00:00	9799.99	9085.9888696	9150.0	9731.36469367	2262694.6658372	238.04808569	9505.20000729
2657	2019-07-17 16:00:00	9946.83309319	9642.01829225	9698.95464875	9702.56494025	2228916.0576829	227.57166422	9794.34792693
2658	2019-07-17 20:00:00	9929.34559944	9588.9	9728.99775445	9666.90000001	1656115.4498182	170.04211512	9739.44277657
2659	2019-07-18 00:00:00	9798.11627737	9542.74127117	9671.049386	9712.17594599	1151419.5909416	119.17271283	9661.77209193
2660	2019-07-18 04:00:00	9989.53872455	9656.78532223	9709.94058679	9774.64494121	1059125.2794406	107.50054983	9852.27778942
2661	2019-07-18 08:00:00	9860.37175667	9685.6050165	9783.58652088	9749.03126585	520192.67941692	53.23720924	9771.22367688
2662	2019-07-18 12:00:00	10440.11160893	9269.55533329	9757.85144997	10440.0	6146794.699007	622.66780006	9871.70799327
2663	2019-07-18 16:00:00	10712.48689398	10337.00302	10440.0	10476.82671244	3291972.8164889	312.667238	10528.67846834
2664	2019-07-18 20:00:00	10765.00000002	10479.61990054	10479.61990054	10622.74536665	1328431.115274	125.33176234	10599.31728774
2665	2019-07-19 00:00:00	10697.9	10504.7697559	10646.2857625	10568.78452091	734527.70387764	69.22658984	10610.4851557
2666	2019-07-19 04:00:00	10626.14594943	10388.21910672	10571.64350291	10600.46248339	969013.63266867	92.33625483	10494.40043299
2667	2019-07-19 08:00:00	10756.8539444	10235.3684365	10602.19559723	10296.0730861	2137063.5546401	205.64997009	10391.75232413
2668	2019-07-19 12:00:00	10639.69023986	10118.73398895	10285.0	10402.93324904	2403717.2251936	231.71627363	10373.53651315
2669	2019-07-19 16:00:00	10464.34559944	10313.83053752	10410.0	10395.57157804	639929.95544929	61.54817832	10397.22007891
2670	2019-07-19 20:00:00	10561.88165561	10395.12018022	10395.12018022	10512.15623196	718022.32244378	68.4203845	10494.27488154
2671	2019-07-20 00:00:00	10580.16551551	10352.94118769	10506.07519681	10503.57463443	638564.05331661	60.9311189	10480.09727779
2672	2019-07-20 04:00:00	10683.0000001	10470.39810867	10525.49999984	10562.49094542	713260.29651779	67.32392812	10594.45454885
2673	2019-07-20 08:00:00	10600.39810867	10445.91920625	10554.82469537	10569.41427584	410879.4128396	38.98764563	10538.70799839
2674	2019-07-20 12:00:00	10700.0	10482.65054675	10569.41427588	10622.99518549	1075497.8152283	101.55364186	10590.44063344
2675	2019-07-20 16:00:00	10993.09999998	10577.31468864	10620.87058645	10900.0	2484600.3830795	229.5938414	10821.72051275
2676	2019-07-20 20:00:00	11060.00329226	10623.78356599	10901.94664067	10750.05167907	1699681.7862377	156.13119793	10886.24060259
2677	2019-07-21 00:00:00	10809.722639	10550.0	10749.75159994	10580.57519718	1088284.351616	102.05642943	10663.55503219
2678	2019-07-21 04:00:00	10660.0	10525.0	10580.7405704	10587.84398533	525958.86806744	49.6308129	10597.42602095
2679	2019-07-21 08:00:00	10724.34559945	10476.38111885	10585.98524585	10590.0	1030620.0114337	97.28712454	10593.59104616
2680	2019-07-21 12:00:00	10595.34810754	10335.0	10590.00000001	10451.32175643	1258151.3268022	120.3897399	10450.65242143
2681	2019-07-21 16:00:00	10510.39810866	10302.5	10439.53350767	10410.59999999	806073.04208752	77.52404174	10397.71694039
2682	2019-07-21 20:00:00	10636.24914258	10399.18461493	10405.09254423	10582.13493539	492913.43388755	46.69484014	10556.05785156
2683	2019-07-22 00:00:00	10679.34559944	10564.33702359	10599.2798305	10608.57247486	307929.75615731	28.98433797	10624.00516016
2684	2019-07-22 04:00:00	10628.19418546	10516.41804622	10610.13974434	10602.74484449	268827.88780356	25.38682522	10589.26768014
2685	2019-07-22 08:00:00	10617.51756429	10416.8784134	10605.04143108	10549.99000001	1125918.9424934	107.17706561	10505.22269932
2686	2019-07-22 12:00:00	10576.84086686	10172.51553296	10560.0	10234.92593336	2257742.807631	219.78718096	10272.40441307
2687	2019-07-22 16:00:00	10409.46694487	10089.97151118	10227.08934614	10152.87870088	1303436.2931306	127.13024567	10252.76311125
2688	2019-07-22 20:00:00	10389.7092299	10137.37512349	10153.64304549	10344.1772921	710515.6459563	68.98101387	10300.16240838
2689	2019-07-23 00:00:00	10339.39403026	10214.67168409	10339.39403026	10262.5462026	215599.22327441	21.02761773	10253.14546054
2690	2019-07-23 04:00:00	10259.4833592	9983.54088	10257.67865985	10049.99	2013411.021197	200.13451475	10060.2888198
2691	2019-07-23 08:00:00	10087.80741751	9895.0	10042.51663682	10032.95596366	992877.39929686	99.51435225	9977.22817712
2692	2019-07-23 12:00:00	10087.90865	9900.0	10032.76371532	9927.83474199	1038227.8143342	104.21379675	9962.47950571
2693	2019-07-23 16:00:00	10116.80503762	9910.39810867	9925.84013355	10094.55211327	690864.9224248	68.69027475	10057.68174518
2694	2019-07-23 20:00:00	10136.34	9836.76708831	10100.84	9868.87636545	713987.48552591	71.68159348	9960.5414844
2695	2019-07-24 00:00:00	9872.18752059	9600.0	9870.41062188	9655.17195048	1857385.0299851	191.61403748	9693.36617719
2696	2019-07-24 04:00:00	9770.4871775	9595.0	9650.83401637	9710.6473801	655176.43346621	67.70761937	9676.55397667
2697	2019-07-24 08:00:00	9789.34559945	9629.95960866	9710.6473801	9718.41349317	475473.66856285	48.91245123	9720.91270435
2698	2019-07-24 12:00:00	9924.88247595	9685.25245468	9724.53500673	9919.87377896	1924916.1606046	196.67970371	9787.06050647
2699	2019-07-24 16:00:00	9921.45570616	9524.62282879	9917.16065711	9654.16521061	1969625.2341733	204.97742598	9608.98608593
2700	2019-07-24 20:00:00	9838.15122226	9566.67088952	9674.05800175	9761.78000001	664692.52694478	68.43238999	9713.12746846
2701	2019-07-25 00:00:00	10170.97669335	9730.37878635	9761.78	10091.6119498	1691242.0548637	168.23771076	10052.69298556
2702	2019-07-25 04:00:00	10105.12435939	10020.26206841	10080.61027187	10051.15364765	511496.39728779	50.85454874	10058.02646883
2703	2019-07-25 08:00:00	10130.19729999	10040.67890667	10048.11867826	10074.0	582682.66702522	57.86634266	10069.45730869
2704	2019-07-25 12:00:00	10149.89999999	9902.68488	10074.0	9987.59999998	848042.38513989	84.84620434	9995.05389471
2705	2019-07-25 16:00:00	10055.39810867	9800.0	9987.6	9858.487908	490040.32973842	49.35348914	9929.19321972
2706	2019-07-25 20:00:00	9961.72129895	9785.70872	9836.26698611	9881.18122021	514442.61462651	52.18305426	9858.42285243
2707	2019-07-26 00:00:00	9881.18122022	9645.75396707	9881.18122022	9700.19999976	1705511.2424275	175.80265867	9701.28242274
2708	2019-07-26 04:00:00	9810.0	9672.43175951	9700.09999996	9769.13504998	419442.82269237	43.06475853	9739.81596576
2709	2019-07-26 08:00:00	9810.0	9748.7117203	9769.13504998	9802.07993978	258313.87032946	26.43782104	9770.61876387
2710	2019-07-26 12:00:00	9839.29675325	9701.23152657	9802.07993978	9789.13964742	309433.88257381	31.67122698	9770.18928787
2711	2019-07-26 16:00:00	9880.25333634	9744.07023513	9787.18181949	9848.60000002	291499.44665194	29.69604736	9816.10256469
2712	2019-07-26 20:00:00	9854.27222	9741.60160841	9842.61	9824.55083507	226771.51471053	23.12357023	9806.94211382
2713	2019-07-27 00:00:00	10170.02519507	9814.14621187	9820.7509536	10100.0	1102627.4801561	109.39991452	10078.86966817
2714	2019-07-27 04:00:00	10107.08046407	10008.97882661	10099.93319547	10066.876222	531792.4272271	52.86040689	10060.316568
2715	2019-07-27 08:00:00	10081.00000006	9442.54332	10057.29613969	9538.20005977	2251502.4337213	233.04169085	9661.37185801
2716	2019-07-27 12:00:00	9537.88999995	9324.95523	9537.88999994	9440.56892819	1306835.6420801	138.37777013	9443.97095611
2717	2019-07-27 16:00:00	9475.4496	9373.10336551	9435.57625315	9424.2434353	437389.15107909	46.35913156	9434.80035886
2718	2019-07-27 20:00:00	9540.15869069	9340.51237	9416.20544968	9469.68002697	1137801.5239327	120.2753688	9459.97119181
2719	2019-07-28 00:00:00	9494.5	9376.7058	9466.11594269	9474.78477166	361541.15392813	38.24764224	9452.63897992
2720	2019-07-28 04:00:00	9570.0	9482.01406656	9484.47513873	9504.25000001	299291.89228403	31.41024834	9528.47901883
2721	2019-07-28 08:00:00	9557.75395348	9443.24996566	9498.50217116	9547.77557	388414.44687622	40.89872283	9496.98230164
2722	2019-07-28 12:00:00	9547.77557	9492.73386977	9547.77557	9526.68864962	217920.17611816	22.89282161	9519.14883322
2723	2019-07-28 16:00:00	9600.00000001	9515.71431221	9518.67451336	9571.77654291	463142.78102138	48.42091665	9564.93212156
2724	2019-07-28 20:00:00	9688.01649171	9175.0	9574.5	9530.1431304	2251354.0215392	239.23934596	9410.46721435
2725	2019-07-29 00:00:00	9730.0	9500.82303566	9546.71204727	9624.00000007	808915.18789644	83.8375443	9648.60307694
2726	2019-07-29 04:00:00	9693.16734975	9574.38575375	9624.00000007	9615.33416944	415840.28857964	43.14484098	9638.23899066
2727	2019-07-29 08:00:00	9641.90000014	9393.78815088	9615.41819284	9495.25623577	467133.13548893	49.17229977	9499.92450371
2728	2019-07-29 12:00:00	9619.34559945	9482.0982039	9482.0982039	9529.96850989	635480.83357555	66.56766498	9546.38913301
2729	2019-07-29 16:00:00	9683.26510959	9420.0	9529.68650473	9496.3403295	506899.09488998	53.14461432	9538.10844948
2730	2019-07-29 20:00:00	9543.47	9445.0	9496.3403288	9512.99197827	693326.98228198	72.83543765	9519.08857352
2731	2019-07-30 00:00:00	9533.40101839	9400.0	9522.55599509	9441.81186656	275401.62760639	29.16223195	9443.77742
2732	2019-07-30 04:00:00	9530.0	9433.63387563	9449.0	9499.00534562	209955.6483009	22.1799895	9465.99403488
2733	2019-07-30 08:00:00	9572.32026319	9463.67652841	9502.6	9540.29999999	249772.09984366	26.24069243	9518.50262754
2734	2019-07-30 12:00:00	9704.34559942	9528.04285603	9535.81272955	9686.65215997	1990757.8538399	207.20051513	9607.88081337
2735	2019-07-30 16:00:00	9709.25362324	9501.65087501	9688.78895995	9592.0	787262.70728907	81.9082101	9611.52375723
2736	2019-07-30 20:00:00	9627.8193362	9522.88775202	9594.0	9578.99996978	182492.72919056	19.05418279	9577.56788637
2737	2019-07-31 00:00:00	9709.34559945	9568.75450207	9578.74527142	9672.87590971	474999.02332021	49.11905286	9670.36202172
2738	2019-07-31 04:00:00	9827.0	9651.57371324	9674.05427814	9730.11192526	636878.43894202	65.33961685	9747.20192198
2739	2019-07-31 08:00:00	9790.0	9730.11192517	9738.07636753	9760.0	401729.69786166	41.14056968	9764.80639394
2740	2019-07-31 12:00:00	10114.10159208	9755.00000013	9755.00000013	10040.29123895	2754802.543865	276.39007692	9967.08193927
2741	2019-07-31 16:00:00	10118.15033589	9941.83882	10044.88156528	9983.38488535	994525.69455493	99.51020136	9994.20844257
2742	2019-07-31 20:00:00	10083.39810867	9980.21017211	9986.48078377	10074.98929989	399644.65272326	39.87937298	10021.33741981
2743	2019-08-01 00:00:00	10147.37844906	9974.90820431	10074.9892999	10006.4465428	523033.50374821	52.04737522	10049.1811842
2744	2019-08-01 04:00:00	10004.01144809	9851.98625729	9994.92878175	9959.99999996	593778.63240156	59.86388519	9918.81216057
2745	2019-08-01 08:00:00	9984.77118	9910.74418605	9958.58167242	9967.33535612	360518.92664768	36.20756568	9957.00539036
2746	2019-08-01 12:00:00	10055.06865054	9953.97389496	9963.38484043	10016.43400003	831182.06073247	82.97712847	10017.00198667
2747	2019-08-01 16:00:00	10300.0	10005.49272649	10018.81969997	10276.2915	767758.52213831	75.61619297	10153.36123101
2748	2019-08-01 20:00:00	10462.18460001	10285.46324515	10285.46324515	10373.0	1291594.4686981	124.38611633	10383.75107131
2749	2019-08-02 00:00:00	10432.07335989	10310.99181242	10379.18290219	10345.70892894	473572.07829611	45.69644401	10363.43392918
2750	2019-08-02 04:00:00	10554.34559942	10322.46806135	10343.7622295	10515.53635275	964087.58828188	92.21724753	10454.52574333
2751	2019-08-02 08:00:00	10530.0	10436.18279415	10520.56921644	10481.42334316	609706.5790904	58.16953604	10481.54447494
2752	2019-08-02 12:00:00	10635.00000004	10481.4233429	10481.42334291	10623.25150582	1363119.149007	129.25740558	10545.7721582
2753	2019-08-02 16:00:00	10663.19007842	10359.24001	10623.25150582	10443.82208692	1619379.1847092	154.73817006	10465.28587019
2754	2019-08-02 20:00:00	10539.93749013	10353.67302	10441.07008259	10524.00598433	731483.34988808	70.1492195	10427.5336932
2755	2019-08-03 00:00:00	10835.00000004	10496.06665489	10524.00598434	10790.90031918	1252846.6567664	117.50325178	10662.22966418
2756	2019-08-03 04:00:00	10850.01	10710.46949	10778.79342425	10825.00000004	575045.00535249	53.34835499	10779.05786336
2757	2019-08-03 08:00:00	10871.3846262	10714.55468288	10835.8568265	10745.06067319	418307.57434229	38.80806187	10778.88341199
2758	2019-08-03 12:00:00	10818.02441	10675.0	10745.0	10734.53908603	686977.95659497	63.83028907	10762.57003695
2759	2019-08-03 16:00:00	10899.0	10697.62402003	10737.67295385	10818.65531065	851112.33914567	78.64170288	10822.65907243
2760	2019-08-03 20:00:00	10876.09408444	10764.57666923	10843.1818062	10814.35497247	380070.30774368	35.10992048	10825.15433095
2761	2019-08-04 00:00:00	10891.32856821	10688.52285626	10814.35497248	10758.44755357	448329.49431158	41.57560236	10783.47561701
2762	2019-08-04 04:00:00	10757.0650894	10555.0	10757.0650894	10656.2498293	930124.33299088	87.35946641	10647.09265307
2763	2019-08-04 08:00:00	10742.57703288	10643.5346238	10668.22425893	10664.98610417	609656.42853927	56.98710985	10698.14612715
2764	2019-08-04 12:00:00	10957.17649958	10635.1	10663.70000001	10939.53073702	1155758.9411506	106.75396043	10826.37999091
2765	2019-08-04 16:00:00	10988.0	10867.80930082	10938.59286434	10911.97869575	1041301.7588248	95.39196193	10916.03252262
2766	2019-08-04 20:00:00	11024.30821454	10760.0	10916.57495211	10936.96759597	1057293.4182572	96.7585616	10927.13038281
2767	2019-08-05 00:00:00	11640.5	10937.812	10937.812	11552.30215208	4209628.0629784	371.56372113	11329.49161499
2768	2019-08-05 04:00:00	11844.3883804	11518.29067286	11555.31329846	11676.93947499	2175632.4868733	186.77578114	11648.36508028
2769	2019-08-05 08:00:00	11772.28967108	11572.95831428	11670.27675803	11760.0	2510332.5012858	214.81832	11685.83992876
2770	2019-08-05 12:00:00	11800.37397807	11640.0	11760.0	11749.10538113	1454904.9869546	123.96936217	11736.00445696
2771	2019-08-05 16:00:00	11923.86475	11724.70575583	11749.17753894	11753.0192348	1971313.8106126	166.69792416	11825.6650198
2772	2019-08-05 20:00:00	11850.0	11704.82127173	11756.43890803	11816.22202379	1185456.7434476	100.80572122	11759.81610071
2773	2019-08-06 00:00:00	11833.34774165	11585.00000004	11820.62791282	11679.37312007	1297235.8924931	111.00327254	11686.4652979
2774	2019-08-06 04:00:00	12300.05713911	11646.03778003	11699.8999995	12169.72481346	2081407.362277	172.77529687	12046.90369505
2775	2019-08-06 08:00:00	12300.0	11616.34096	12180.38230369	11781.58107894	3616043.0285814	302.23584669	11964.30889381
2776	2019-08-06 12:00:00	11799.99999994	11570.41786554	11788.71659041	11712.50105939	1149793.4727876	98.25861676	11701.70627982
2777	2019-08-06 16:00:00	11820.504	11638.05227054	11712.60880657	11698.93186001	990608.49076478	84.47156555	11727.12361035
2778	2019-08-06 20:00:00	11735.00000003	11234.00000015	11700.99999998	11490.3412909	2138139.4090223	187.0721814	11429.48883698
2779	2019-08-07 00:00:00	11676.94206062	11405.95835199	11479.51093826	11632.82415324	939000.2975378	81.31799732	11547.26294897
2780	2019-08-07 04:00:00	11734.18666998	11527.08552527	11640.52652687	11545.31908756	811555.76325673	69.77823912	11630.49932889
2781	2019-08-07 08:00:00	11749.34559944	11472.32166255	11541.39072404	11739.07562581	777333.85127987	66.86054788	11626.19625365
2782	2019-08-07 12:00:00	12135.00000001	11621.51501999	11749.34559945	11666.1955643	4919474.3911709	412.81231558	11916.97583987
2783	2019-08-07 16:00:00	11812.6076958	11517.85714285	11661.96978435	11792.42523009	1004285.4412994	85.92679361	11687.68668196
2784	2019-08-07 20:00:00	12066.2	11612.53354947	11797.70132	11954.01386547	2581321.1755491	216.4106127	11927.88626834
2785	2019-08-08 00:00:00	12009.74905607	11863.77	11997.09107499	11941.00479997	478498.3208397	40.06498592	11943.05476096
2786	2019-08-08 04:00:00	11954.55675797	11773.54334716	11950.0	11912.10031939	509990.18637968	42.96081386	11871.05505127
2787	2019-08-08 08:00:00	11975.09331078	11794.93491537	11918.3838	11839.05954302	548090.13211552	46.13696004	11879.6325471
2788	2019-08-08 12:00:00	11913.06479999	11639.1	11829.3902439	11700.0	1400919.8322631	119.01534402	11770.91780726
2789	2019-08-08 16:00:00	11787.51402254	11532.28094249	11697.33553861	11610.8891283	1169207.4589469	100.50608943	11633.20019292
2790	2019-08-08 20:00:00	12079.60499462	11551.30458214	11610.8891283	11985.12904302	1519510.7643404	127.98023808	11873.01092056
2791	2019-08-09 00:00:00	12040.000001	11855.0314423	11999.0	11866.06906793	1004035.4783861	84.0395415	11947.17939276
2792	2019-08-09 04:00:00	11919.45609747	11816.04729182	11866.06906793	11885.86329987	318969.70816792	26.88038422	11866.26298037
2793	2019-08-09 08:00:00	11961.24015814	11689.48521651	11884.96329975	11700.00000002	2041693.6612853	173.14103127	11792.084443
2794	2019-08-09 12:00:00	11887.99999999	11697.4630411	11710.91194	11733.38957326	940873.89760887	79.8416531	11784.24871076
2795	2019-08-09 16:00:00	11900.0	11706.10321988	11739.22809101	11829.45847597	526087.93312427	44.48736717	11825.55782889
2796	2019-08-09 20:00:00	11964.34559944	11832.96717954	11832.96717954	11872.04837057	467191.5413768	39.30514339	11886.269864
2797	2019-08-10 00:00:00	11980.00000001	11766.64256398	11887.5954169	11819.1287554	817166.63186508	68.70761855	11893.39186993
2798	2019-08-10 04:00:00	11897.57592998	11798.35789018	11829.29024388	11833.39675098	129433.33002056	10.93554424	11836.02088564
2799	2019-08-10 08:00:00	11889.91069092	11335.18129609	11835.25714354	11399.29999999	2057528.7850109	178.45262884	11529.83174518
2800	2019-08-10 12:00:00	11505.61546293	11316.69156992	11399.29999996	11429.53190996	1565183.4095544	137.08976224	11417.21587359
2801	2019-08-10 16:00:00	11430.19300998	11270.0	11429.72190995	11330.52735597	1349132.8248761	119.11815595	11326.00495798
2802	2019-08-10 20:00:00	11395.00112826	11265.61815159	11331.40225333	11318.0	561677.58961931	49.58894452	11326.66958444
2803	2019-08-11 00:00:00	11458.82381792	11301.83920025	11321.12168998	11401.62780183	376182.34694448	32.96417411	11411.85414472
2804	2019-08-11 04:00:00	11426.4394699	11323.28228001	11399.70002924	11376.39999998	331720.70266886	29.18283441	11366.98025998
2805	2019-08-11 08:00:00	11480.0	11124.5	11370.67354267	11480.0	2128274.715465	188.97602292	11262.14152768
2806	2019-08-11 12:00:00	11473.28742341	11357.82843085	11463.08716723	11368.40525003	476536.43907803	41.78093265	11405.5960184
2807	2019-08-11 16:00:00	11441.11881049	11372.4208016	11385.39702058	11378.24000044	345448.24935586	30.28664028	11405.96137974
2808	2019-08-11 20:00:00	11603.20956648	11302.24912206	11389.99999674	11539.26500184	1196156.7276304	104.08118522	11492.53561152
2809	2019-08-12 00:00:00	11568.03446366	11409.99388004	11541.89093999	11449.2725	371394.09682622	32.30366897	11496.96330689
2810	2019-08-12 04:00:00	11471.56431106	11348.72172241	11447.36987412	11415.4608112	387486.82247562	34.02548152	11388.13633681
2811	2019-08-12 08:00:00	11402.70843464	11314.69196	11402.70843464	11336.82679915	311226.47189149	27.39781128	11359.53776419
2812	2019-08-12 12:00:00	11426.27100912	11250.0	11335.02679895	11401.56442139	395400.41804087	34.8542714	11344.38914252
2813	2019-08-12 16:00:00	11445.82111157	11385.11200002	11401.56442139	11430.74954504	258694.34062457	22.66629705	11413.17172601
2814	2019-08-12 20:00:00	11480.0	11384.3784841	11443.90000001	11387.0733912	397240.96406181	34.7082616	11445.14146631
2815	2019-08-13 00:00:00	11451.521168	11365.43046568	11391.387599	11392.85714285	173266.34356946	15.20257569	11397.17026263
2816	2019-08-13 04:00:00	11392.85714285	11310.0	11392.85714285	11359.49982013	401137.86451855	35.33700399	11351.77913306
2817	2019-08-13 08:00:00	11358.84720188	11222.0	11358.84720188	11285.7654303	931126.70160096	82.50523311	11285.66839341
2818	2019-08-13 12:00:00	11299.80186288	10933.99226285	11285.76543029	10963.07999994	1873780.1877423	169.15259681	11077.45445875
2819	2019-08-13 16:00:00	10994.29999997	10790.00000001	10964.0	10926.10480098	1123204.099917	103.01637663	10903.16061058
2820	2019-08-13 20:00:00	10981.96130999	10865.1	10943.99999999	10885.79242875	381332.43734822	34.94296186	10912.99698279
2821	2019-08-14 00:00:00	10896.03140608	10539.93749012	10896.03140608	10658.04865138	1402667.2346954	131.37472882	10676.84209356
2822	2019-08-14 04:00:00	10677.69603	10555.0	10656.69958159	10613.2300003	500746.6838436	47.13716946	10623.18101787
2823	2019-08-14 08:00:00	10625.62483926	10401.06304	10617.14	10568.0	1150461.847544	109.38353356	10517.68771862
2824	2019-08-14 12:00:00	10678.6317728	10470.0	10559.2375089	10514.68085236	1007450.2055305	95.34255707	10566.63715019
2825	2019-08-14 16:00:00	10617.66159332	10100.87523446	10514.68085236	10147.99999999	2643550.5332179	257.17970526	10279.00133311
2826	2019-08-14 20:00:00	10275.40790997	9953.0	10143.89835236	10052.17796145	1992996.2347895	197.40669003	10095.89003537
2827	2019-08-15 00:00:00	10227.10586227	9830.315	10054.59980013	9850.54329303	1387698.3088204	137.60664207	10084.5299903
2828	2019-08-15 04:00:00	9912.4894776	9523.4400982	9849.70477002	9865.98597614	3323910.8817469	341.62961592	9729.57474074
2829	2019-08-15 08:00:00	10204.0398073	9814.61331721	9865.98597615	10158.62739455	2838136.4819656	283.25228543	10019.81847262
2830	2019-08-15 12:00:00	10171.47202213	9921.64495858	10171.47202213	10091.40000007	1695853.619566	169.09284164	10029.1272127
2831	2019-08-15 16:00:00	10168.59999994	9981.65295085	10100.0	10112.0	854300.35358899	84.80290428	10073.95160392
2832	2019-08-15 20:00:00	10445.99999999	10097.49766243	10115.72407585	10311.39375692	2372365.5467236	229.3884224	10342.13288492
2833	2019-08-16 00:00:00	10412.698922	10251.76452877	10305.65100999	10323.96111011	909295.69892388	87.95764941	10337.88084405
2834	2019-08-16 04:00:00	10325.89523383	9750.0	10325.89523383	9943.73876998	2695468.1915076	267.88698662	10061.96017774
2835	2019-08-16 08:00:00	10215.06758663	9813.80371309	9932.31736936	10149.99999995	1360060.9614551	135.89537055	10008.14785632
2836	2019-08-16 12:00:00	10448.0	10013.57228263	10142.83187368	10375.0	1653198.3900965	161.57623641	10231.69264755
2837	2019-08-16 16:00:00	10520.0	10312.01619986	10375.0	10436.14507056	2437202.858022	234.09489555	10411.17471739
2838	2019-08-16 20:00:00	10499.85320999	10267.45935659	10459.6440122	10349.64220512	869348.07215898	83.86872776	10365.58077578
2839	2019-08-17 00:00:00	10427.04068	10206.3532838	10346.04220416	10296.78649638	495255.43431793	48.05883646	10305.18986305
2840	2019-08-17 04:00:00	10386.4079022	10267.09783998	10296.25593922	10368.73999944	282824.38181016	27.33833172	10345.34165094
2841	2019-08-17 08:00:00	10459.70000002	10317.11934624	10362.65839945	10332.29817617	616821.30681345	59.35522803	10392.0299405
2842	2019-08-17 12:00:00	10365.0	10252.41192816	10328.67605253	10311.70611478	300295.93548076	29.10691757	10316.99542758
2843	2019-08-17 16:00:00	10345.62109138	10001.00000001	10311.86196751	10173.0	1137152.2437991	111.77684787	10173.41484814
2844	2019-08-17 20:00:00	10244.64910708	10060.7348176	10158.24192273	10214.13066121	385634.14560251	38.04762084	10135.56530181
2845	2019-08-18 00:00:00	10258.34206579	10109.0303273	10214.02298649	10113.86607691	82384.43865096	8.10224407	10168.10132343
2846	2019-08-18 04:00:00	10196.39251287	10082.94992633	10122.86791963	10139.10660077	178785.3370473	17.61626816	10148.87690306
2847	2019-08-18 08:00:00	10429.97602162	10097.497662	10146.9799999	10390.95	921585.24316327	89.60001146	10285.54827333
2848	2019-08-18 12:00:00	10449.0	10368.09555561	10387.03374003	10387.56845547	297847.37639562	28.61628125	10408.31873972
2849	2019-08-18 16:00:00	10457.67618276	10340.41817998	10391.31343984	10366.26601916	1554251.9504782	149.19712865	10417.43875731
2850	2019-08-18 20:00:00	10429.0	10286.05600001	10353.76112352	10314.99999992	518095.64446392	50.04694602	10352.19300408
2851	2019-08-19 00:00:00	10423.82009439	10260.95659381	10302.23008702	10411.24999928	313732.48489965	30.3341916	10342.53653555
2852	2019-08-19 04:00:00	10730.86729433	10346.07890537	10409.0	10705.59999999	1606367.6060383	151.80726376	10581.62545224
2853	2019-08-19 08:00:00	10778.98	10650.0	10711.0	10665.05254728	1141181.6401207	106.60465524	10704.80118857
2854	2019-08-19 12:00:00	10739.99999999	10622.690196	10667.66935911	10707.57667912	763817.32640107	71.46447001	10688.07095741
2855	2019-08-19 16:00:00	10796.24325	10626.25195116	10706.40952764	10676.4	1327931.6820447	123.90174732	10717.6186839
2856	2019-08-19 20:00:00	10929.8	10630.0	10684.7527698	10915.76304202	1198600.9761781	111.08643826	10789.80472281
2857	2019-08-20 00:00:00	10942.17	10781.85529097	10914.69999999	10785.5	1526084.2732755	140.25225722	10880.99616736
2858	2019-08-20 04:00:00	10820.42857142	10730.21474665	10782.89440006	10809.49999994	340714.11545279	31.59105984	10785.14355575
2859	2019-08-20 08:00:00	10811.0	10519.8244101	10810.30000003	10693.23671649	2271361.5210264	213.09018924	10659.15577402
2860	2019-08-20 12:00:00	10737.67433622	10573.81439996	10697.56335308	10737.67433622	764654.56855553	71.82293167	10646.38480741
2861	2019-08-20 16:00:00	10794.99999999	10712.18045843	10737.06475395	10738.62596555	282238.80812467	26.24851476	10752.56298138
2862	2019-08-20 20:00:00	10835.22577752	10655.98717723	10729.90123807	10747.1349111	744155.69478144	69.16822783	10758.63468138
2863	2019-08-21 00:00:00	10799.53171858	10236.86319239	10763.86594711	10317.78609884	2320818.03683	222.01244956	10453.54907542
2864	2019-08-21 04:00:00	10328.60536462	10126.0	10323.19616996	10142.61	2434054.215206	238.7188624	10196.32127404
2865	2019-08-21 08:00:00	10256.40882183	10100.0	10139.50384199	10183.99999992	874170.50173	86.01900365	10162.52763501
2866	2019-08-21 12:00:00	10183.99999997	9932.02044565	10183.99999997	9990.0	4918717.5440241	490.71016224	10023.67165491
2867	2019-08-21 16:00:00	10175.0	9886.05320926	9990.0	10107.41479512	1177597.5393223	117.27720738	10041.14580855
2868	2019-08-21 20:00:00	10189.3526621	9988.34673	10117.65213464	10134.36772855	680131.89301355	67.33419577	10100.83933187
2869	2019-08-22 00:00:00	10160.99999995	9775.0	10134.52	9877.79654298	1604244.381338	162.42364994	9876.91374951
2870	2019-08-22 04:00:00	10043.30168	9873.01735539	9873.22409281	9977.66528135	858166.49115944	86.08813163	9968.46458287
2871	2019-08-22 08:00:00	10062.0	9891.26302723	9966.18999968	9969.6194707	676810.73453276	67.83543319	9977.24496926
2872	2019-08-22 12:00:00	10174.83368717	9955.0	9972.18075799	10102.12421484	1149441.6563035	113.78401665	10101.96062808
2873	2019-08-22 16:00:00	10229.23754879	10067.26188274	10110.94999992	10170.88567867	1318912.8508513	129.53484261	10181.91572457
2874	2019-08-22 20:00:00	10203.66	10098.47782225	10168.10000001	10103.61402433	401305.34927416	39.53422947	10150.83270001
2875	2019-08-23 00:00:00	10150.0	10029.59444478	10101.00000001	10142.86691229	726660.56749128	72.0856629	10080.51446373
2876	2019-08-23 04:00:00	10219.35160678	10097.95918367	10143.0	10200.0	199721.93906828	19.65378797	10162.0074142
2877	2019-08-23 08:00:00	10203.21795775	10067.87234691	10203.21795775	10116.13291026	577889.55020227	57.02637424	10133.72422679
2878	2019-08-23 12:00:00	10420.50844618	10099.38615572	10108.54662824	10386.75208	2280612.5115295	220.37063366	10348.98558692
2879	2019-08-23 16:00:00	10441.70679653	10360.95400008	10386.75207001	10390.0451	322484.55660041	31.04945415	10386.15864364
2880	2019-08-23 20:00:00	10435.16602455	10260.55556428	10399.79999995	10383.75091678	1006476.2886631	97.21328391	10353.27938921
2881	2019-08-24 00:00:00	10400.0	10280.82891289	10389.9	10320.59999996	221315.14094192	21.36278629	10359.84435445
2882	2019-08-24 04:00:00	10358.09588433	10245.0	10341.28767687	10295.49999988	309069.01284	30.01906405	10295.75779995
2883	2019-08-24 08:00:00	10295.0	9895.15483671	10295.0	10004.50000007	3226200.7991171	321.96867255	10020.23201066
2884	2019-08-24 12:00:00	10022.15402	9945.2412	10004.07299434	9993.77191363	1368135.2528158	137.22343815	9970.12807185
2885	2019-08-24 16:00:00	10130.00000001	9952.20622259	9993.77191363	10100.0	268791.26961248	26.69813988	10067.79014645
2886	2019-08-24 20:00:00	10196.29251289	9969.55994323	10108.10101037	10120.02	501469.04305	49.62363765	10105.44705704
2887	2019-08-25 00:00:00	10150.89704307	10032.0	10137.71826091	10105.25	418646.4034971	41.34515848	10125.6451514
2888	2019-08-25 04:00:00	10122.63217498	10015.0	10106.9731176	10088.04544881	106350.36825145	10.55647987	10074.41586221
2889	2019-08-25 08:00:00	10150.89704307	10052.9957856	10100.55804674	10106.77616812	241492.69680234	23.88820577	10109.28569217
2890	2019-08-25 12:00:00	10280.20202161	9955.43841006	10096.56836779	10068.30999981	3088418.9726655	304.01638413	10158.72543022
2891	2019-08-25 16:00:00	10138.12969685	9970.20408163	10067.18548644	10075.38505726	1745558.6324731	173.71191276	10048.58333973
2892	2019-08-25 20:00:00	10157.0	9915.69389319	10076.30695996	10136.97951002	1398858.8329596	139.79854575	10006.24738587
2893	2019-08-26 00:00:00	10600.0	10136.97951002	10136.97951002	10283.86999998	6123271.9688739	589.68032031	10384.05345739
2894	2019-08-26 04:00:00	10391.08477255	10266.79477947	10288.53953457	10330.61679895	469503.60163853	45.47468982	10324.50366339
2895	2019-08-26 08:00:00	10414.95152619	10294.04369078	10333.58908846	10383.18402884	372748.94433385	36.03960253	10342.7595802
2896	2019-08-26 12:00:00	10400.82040811	10299.08514213	10380.84652284	10345.28122945	387196.92463525	37.41452326	10348.84026035
2897	2019-08-26 16:00:00	10388.17424199	10250.0	10342.2	10341.19999976	1085117.1935016	105.16453612	10318.28060614
2898	2019-08-26 20:00:00	10412.72614673	10201.0	10337.64192987	10373.47386427	491948.76201177	47.7549525	10301.52342862
2899	2019-08-27 00:00:00	10390.88999994	10107.77665285	10374.17641559	10193.60006176	661494.67510533	64.45451066	10262.96946996
2900	2019-08-27 04:00:00	10250.04416917	10136.91405872	10194.10006195	10181.87707328	276864.78491099	27.12986858	10205.16498613
2901	2019-08-27 08:00:00	10210.15462881	10102.93999881	10179.27443784	10130.68154747	456230.44758948	45.02471257	10132.88972983
2902	2019-08-27 12:00:00	10200.19164575	10059.71709492	10127.88154747	10190.5076984	563301.52116143	55.62963822	10125.92458239
2903	2019-08-27 16:00:00	10234.24062636	10140.0	10189.20443263	10165.97274662	346051.60881402	33.97628562	10185.09241075
2904	2019-08-27 20:00:00	10199.99999999	10120.48575978	10161.20484049	10182.12413899	216944.16173245	21.34383843	10164.25243491
2905	2019-08-28 00:00:00	10182.12413899	10080.0	10182.12413899	10087.75552503	281026.41679107	27.77673882	10117.32941769
2906	2019-08-28 04:00:00	10210.79450515	10065.0	10088.00840955	10158.29954985	437636.91056348	43.14964818	10142.30541898
2907	2019-08-28 08:00:00	10164.90999999	10109.55727961	10158.59999999	10147.50318823	222631.75532176	21.97472888	10131.26289464
2908	2019-08-28 12:00:00	10290.0	10146.93026564	10147.50318823	10245.0	708337.7726801	69.35931467	10212.58321323
2909	2019-08-28 16:00:00	10265.42500103	9627.19994825	10248.23381196	9686.98	9354403.4513879	942.8827492	9921.06755513
2910	2019-08-28 20:00:00	9752.79292009	9651.83419811	9691.48288997	9740.09698812	997606.54096724	102.80132379	9704.21881925
2911	2019-08-29 00:00:00	9740.0	9540.0	9740.0	9599.67837391	792851.10187799	82.26632308	9637.61442342
2912	2019-08-29 04:00:00	9640.58205381	9336.28458356	9598.75000001	9387.41323044	1357715.8283905	143.13879059	9485.31018596
2913	2019-08-29 08:00:00	9495.43054782	9390.60000009	9390.60000009	9468.27297671	668762.41791167	70.79915085	9445.91015404
2914	2019-08-29 12:00:00	9585.0	9389.33172785	9468.05579815	9500.94652916	1959145.2069068	205.99449453	9510.66780389
2915	2019-08-29 16:00:00	9551.71169001	9444.99999997	9507.75587583	9502.73000013	640050.70687347	67.37627754	9499.64483409
2916	2019-08-29 20:00:00	9542.07097302	9459.90266099	9512.5311744	9485.98999998	192211.36613726	20.21809287	9506.89896288
2917	2019-08-30 00:00:00	9532.32730365	9350.0	9498.1731896	9468.92220883	428666.4730669	45.40799163	9440.3310448
2918	2019-08-30 04:00:00	9545.66110364	9456.09942621	9467.32692967	9484.65237962	310254.45372708	32.67757167	9494.41582931
2919	2019-08-30 08:00:00	9626.0	9477.26736002	9477.26736002	9575.8933963	609265.01295262	63.7505588	9557.01447047
2920	2019-08-30 12:00:00	9610.01890475	9557.28899564	9576.66233959	9590.8000001	205565.31882213	21.45650194	9580.56068025
2921	2019-08-30 16:00:00	9596.959028	9459.11662969	9593.15440003	9561.67990696	302979.41968233	31.77656015	9534.68274262
2922	2019-08-30 20:00:00	9682.99105978	9560.97759181	9572.26156862	9579.88337486	414198.18464295	43.09458175	9611.37497622
2923	2019-08-31 00:00:00	9649.48286022	9568.93223825	9586.09999999	9616.03658197	135622.39214188	14.09342026	9623.0999743
2924	2019-08-31 04:00:00	9617.0	9587.00000001	9615.34393434	9587.27252403	45806.05987064	4.76946023	9604.03434806
2925	2019-08-31 08:00:00	9589.75595075	9533.3896976	9589.75595075	9555.81324179	286406.36975984	29.93140788	9568.75703635
2926	2019-08-31 12:00:00	9609.8001	9549.61000001	9550.22531323	9591.91800001	161249.66607781	16.83676171	9577.23752674
2927	2019-08-31 16:00:00	9613.85489049	9560.69999999	9594.86890394	9572.46697342	132705.93326466	13.84795649	9583.06977354
2928	2019-08-31 20:00:00	9688.8800001	9400.0	9568.9923813	9591.20000001	641629.33171899	67.32485823	9530.34805549
2929	2019-09-01 00:00:00	9635.44989004	9588.39466403	9588.39466403	9618.61780514	63165.31139233	6.56815354	9616.90542214
2930	2019-09-01 04:00:00	9627.95019694	9604.45069986	9620.53640082	9605.75779196	89579.68698644	9.31949881	9612.07129404
2931	2019-09-01 08:00:00	9608.50181519	9552.11000001	9608.35779217	9571.21586446	219563.76195215	22.92442321	9577.72241163
2932	2019-09-01 12:00:00	9646.10569655	9555.09886775	9571.80063963	9607.36942873	179484.74832213	18.71600169	9589.90874733
2933	2019-09-01 16:00:00	9631.3576682	9542.08835999	9601.0	9616.68789152	429657.62998437	44.77138814	9596.70110385
2934	2019-09-01 20:00:00	9800.0	9604.55154696	9624.50309228	9724.72622572	661703.36889481	68.05514754	9723.04657051
2935	2019-09-02 00:00:00	9770.47173412	9731.47325296	9738.39999845	9750.96388935	283076.59782726	29.02898569	9751.51529062
2936	2019-09-02 04:00:00	9770.0	9729.01915875	9742.99328799	9742.46104716	325352.40964231	33.35569898	9754.02763519
2937	2019-09-02 08:00:00	9840.39736061	9733.50353	9743.20146723	9822.70000001	508148.37977513	51.96738439	9778.21735189
2938	2019-09-02 12:00:00	9948.99999999	9789.99999999	9822.97056117	9876.2322468	1078752.6431331	109.20064567	9878.62879852
2939	2019-09-02 16:00:00	10173.67864696	9876.2322468	9876.2322468	10165.14240494	1494397.1939811	148.94971243	10032.89747661
2940	2019-09-02 20:00:00	10421.736	10120.23407593	10170.62492791	10346.19101013	7183653.9844249	700.39725675	10256.54214832
2941	2019-09-03 00:00:00	10474.92462884	10282.88066017	10351.97424552	10390.0	698193.48594226	67.1924049	10390.95842724
2942	2019-09-03 04:00:00	10410.47618538	10352.47156953	10384.60000026	10365.40095959	666798.82037343	64.27079381	10374.83405517
2943	2019-09-03 08:00:00	10460.0	10272.3765655	10368.17584279	10402.20000014	930389.50358883	89.71468857	10370.53707055
2944	2019-09-03 12:00:00	10739.0	10402.98776949	10415.45899553	10650.0	4882428.7369711	459.84817983	10617.47974902
2945	2019-09-03 16:00:00	10700.0	10591.50000001	10653.54	10642.8153621	414650.86574702	39.00661399	10630.27069853
2946	2019-09-03 20:00:00	10700.05479978	10150.55732752	10649.62717761	10568.00600024	2556404.9964287	243.99057933	10477.47418547
2947	2019-09-04 00:00:00	10624.34512224	10422.48755045	10568.0060016	10608.36381084	1730773.0115362	163.98768188	10554.2867104
2948	2019-09-04 04:00:00	10625.62483954	10534.17775042	10603.00000019	10561.65692028	313391.23347284	29.62011319	10580.35232554
2949	2019-09-04 08:00:00	10577.39926798	10469.29497834	10573.7699997	10514.60000001	415033.99014126	39.44975709	10520.57150046
2950	2019-09-04 12:00:00	10532.751416	10376.45321424	10516.20000019	10406.90000004	972596.99002378	93.38730811	10414.65922626
2951	2019-09-04 16:00:00	10690.0	10406.91264986	10406.91264986	10681.50769064	849008.02813569	80.21473345	10584.19060464
2952	2019-09-04 20:00:00	10785.93478377	10483.64	10680.99826227	10558.40000161	2305967.5579728	217.44879708	10604.64619229
2953	2019-09-05 00:00:00	10568.00999971	10493.7015748	10568.00999971	10544.99999999	190974.96216085	18.15020102	10521.91994735
2954	2019-09-05 04:00:00	10620.94668	10522.0	10545.0	10555.0	180589.90807711	17.08661076	10569.08889736
2955	2019-09-05 08:00:00	10631.12999998	10455.55	10543.06562733	10560.13673645	520958.9964838	49.32254689	10562.28904086
2956	2019-09-05 12:00:00	10589.1137501	10522.56686301	10560.13673644	10545.206396	288217.94989889	27.32031801	10549.58254122
2957	2019-09-05 16:00:00	10601.0	10470.17851937	10528.57553198	10520.01303561	684216.74808851	64.97228292	10530.90206066
2958	2019-09-05 20:00:00	10593.80764463	10500.0	10538.86834457	10567.44674386	365654.68406989	34.65600918	10550.97493109
2959	2019-09-06 00:00:00	10695.00000001	10556.06694094	10562.6609414	10659.1170611	525406.92973108	49.38180104	10639.68746918
2960	2019-09-06 04:00:00	10775.46554509	10641.93356093	10641.93356094	10716.06707586	934306.04246719	87.21122973	10713.13918356
2961	2019-09-06 08:00:00	10876.35534745	10676.52868289	10716.06707586	10826.17453004	631112.2284774	58.50308234	10787.67482385
2962	2019-09-06 12:00:00	10900.0	10723.81069709	10823.52460919	10845.62491883	1463223.0361521	135.05842668	10834.00030728
2963	2019-09-06 16:00:00	10855.69779939	10210.0	10839.29025413	10381.74414666	2403420.0300283	229.82528753	10457.5960977
2964	2019-09-06 20:00:00	10417.56609667	10200.0	10376.34010421	10301.65941387	1661069.5952497	160.97685102	10318.68610129
2965	2019-09-07 00:00:00	10378.58209999	10301.89063622	10314.80132287	10327.2	191770.24649686	18.53008794	10349.12770612
2966	2019-09-07 04:00:00	10397.0974275	10311.70611479	10328.77553467	10364.73850424	199038.30168131	19.22449423	10353.36999247
2967	2019-09-07 08:00:00	10414.9769	10330.81626203	10365.2385043	10411.12777488	317940.48771186	30.62822823	10380.63597163
2968	2019-09-07 12:00:00	10459.64401219	10372.60000016	10412.7673731	10459.40000011	291899.71793966	28.03527762	10411.87185289
2969	2019-09-07 16:00:00	10545.02922053	10355.00000001	10459.6440122	10456.7943395	916479.22523192	87.37085008	10489.53082627
2970	2019-09-07 20:00:00	10529.99999987	10451.90515836	10461.17468008	10464.38604994	132440.51541668	12.64411644	10474.47767862
2971	2019-09-08 00:00:00	10545.02922053	10458.70651567	10458.70651567	10540.06770017	246581.75858549	23.48527401	10499.42012516
2972	2019-09-08 04:00:00	10574.55673853	10507.077	10541.91496012	10517.41594925	144911.16297931	13.74556878	10542.39117337
2973	2019-09-08 08:00:00	10523.71556901	10224.36623503	10517.34997857	10384.60987997	860330.97158532	82.80814606	10389.44853278
2974	2019-09-08 12:00:00	10412.12846798	10360.00000001	10385.65005967	10383.6	723325.56461928	69.60002322	10392.60521987
2975	2019-09-08 16:00:00	10420.0	10321.74066261	10383.60000001	10340.51167217	284474.74630536	27.41631199	10376.11281959
2976	2019-09-08 20:00:00	10415.82551262	10328.865289	10341.09394606	10394.75521409	342781.58042046	33.05159229	10371.10640276
2977	2019-09-09 00:00:00	10400.19905457	10266.021395	10380.44850145	10296.96691025	174844.62102571	16.94276741	10319.72031455
2978	2019-09-09 04:00:00	10326.64090563	10100.0	10301.59999999	10145.99724301	1238716.2157531	121.09582455	10229.22318218
2979	2019-09-09 08:00:00	10523.91053171	10100.0	10145.997243	10420.10027883	1979394.0080431	193.56837229	10225.81315648
2980	2019-09-09 12:00:00	10417.95914255	10291.321263	10417.95914255	10324.0	426728.04184489	41.24698807	10345.67763155
2981	2019-09-09 16:00:00	10320.05503389	10169.14602199	10320.05503389	10313.13146066	483529.74680739	47.16631092	10251.59138749
2982	2019-09-09 20:00:00	10360.59999999	10217.80028183	10299.50703034	10309.55288085	247584.15657843	24.0585341	10290.90781463
2983	2019-09-10 00:00:00	10378.06337277	10271.77125711	10298.0	10310.3036701	206695.95340731	19.98836946	10340.81113124
2984	2019-09-10 04:00:00	10329.94773949	10128.00000001	10323.44772799	10265.216643	2973176.1956701	292.00396347	10181.97205386
2985	2019-09-10 08:00:00	10280.82891286	10209.06528187	10267.0166432	10255.197004	213369.23201841	20.81283162	10251.81176276
2986	2019-09-10 12:00:00	10264.16474971	10175.96494734	10249.20000001	10179.23426497	438745.68921563	42.9351655	10218.79580773
2987	2019-09-10 16:00:00	10239.17439588	9965.53034342	10179.96064791	10030.9	3127307.0108059	310.69482759	10065.52646873
2988	2019-09-10 20:00:00	10132.52329677	10000.0	10029.9	10114.97397512	467907.33350396	46.48947803	10064.80075345
2989	2019-09-11 00:00:00	10277.32291145	10055.7781497	10092.70863565	10112.6496	1049756.4471968	103.2658929	10165.5679113
2990	2019-09-11 04:00:00	10105.30924183	9900.0	10102.89999988	10055.9	774401.09791066	77.56971793	9983.29139999
2991	2019-09-11 08:00:00	10133.50954626	9991.51872785	10055.9	10067.46188276	424675.28806914	42.14803516	10075.80273806
2992	2019-09-11 12:00:00	10104.99999998	9981.43328254	10067.26188274	9990.0	442178.05830371	44.14977661	10015.4087349
2993	2019-09-11 16:00:00	10120.0	9933.0	9990.0	10087.59999991	657179.93997411	65.41732769	10045.96126409
2994	2019-09-11 20:00:00	10190.0	10055.93266964	10072.15762032	10158.13444378	491596.41118656	48.56690345	10122.04559618
2995	2019-09-12 00:00:00	10205.46	10092.67250265	10163.97700702	10101.77476907	293554.25474847	28.96846232	10133.58084063
2996	2019-09-12 04:00:00	10123.09999999	10050.0	10104.43016628	10082.89999954	419464.63827175	41.57627902	10089.03750309
2997	2019-09-12 08:00:00	10185.0	10081.70000037	10081.70000037	10162.10000033	320822.76196293	31.60855986	10149.86963607
2998	2019-09-12 12:00:00	10363.48482009	10164.0	10164.0	10315.53620055	1347686.7518217	131.0957379	10280.17213534
2999	2019-09-12 16:00:00	10349.99999996	10242.36481104	10334.13199995	10304.09784532	475667.61419097	46.19684473	10296.53901626
3000	2019-09-12 20:00:00	10444.44	10304.09784529	10304.09784529	10394.18689557	864118.72373828	83.11749284	10396.35213013
3001	2019-09-13 00:00:00	10434.60633276	10321.70059893	10394.18689557	10362.2	517717.59545492	49.80231002	10395.45344878
3002	2019-09-13 04:00:00	10395.69742704	10268.19261601	10359.8	10289.72092554	301751.61166977	29.22788877	10324.09881002
3003	2019-09-13 08:00:00	10327.6294	10251.36337851	10289.72092554	10300.17043849	196577.43011715	19.10957084	10286.85739533
3004	2019-09-13 12:00:00	10337.12970002	10274.86373508	10304.1575889	10300.8	290675.61202442	28.20937532	10304.22009445
3005	2019-09-13 16:00:00	10311.19999997	10195.0	10286.4200703	10203.62981978	854240.53542179	83.48760297	10231.94468439
3006	2019-09-13 20:00:00	10365.525	10154.0	10205.70000026	10344.79375393	515675.37882096	50.23739301	10264.77187457
3007	2019-09-14 00:00:00	10353.1297888	10276.68670025	10353.1297888	10288.58855023	293803.49338111	28.44801867	10327.73131898
3008	2019-09-14 04:00:00	10332.79999998	10265.0	10284.78294779	10320.47191431	123762.74749187	11.99935977	10314.11257468
3009	2019-09-14 08:00:00	10343.5	10290.79999979	10326.61919581	10291.19999996	157476.24981373	15.27164268	10311.67721203
3010	2019-09-14 12:00:00	10395.70343006	10216.13594058	10291.69999977	10362.09999986	627856.85247694	60.80364063	10325.97466157
3011	2019-09-14 16:00:00	10395.70343006	10324.63995811	10350.97000112	10370.0	524746.00677066	50.57179481	10376.25832229
3012	2019-09-14 20:00:00	10400.0	10319.99999997	10371.12431991	10336.60000037	2058656.187944	198.2747169	10382.84769803
3013	2019-09-15 00:00:00	10355.90001595	10292.29999996	10336.60000037	10293.40999863	460344.92633884	44.52503978	10339.0121292
3014	2019-09-15 04:00:00	10327.17947425	10260.0	10300.0	10292.01567596	327051.33243181	31.76738527	10295.19205474
3015	2019-09-15 08:00:00	10319.20322999	10265.60675202	10292.0156763	10281.21031444	752732.91173195	73.18457103	10285.40443891
3016	2019-09-15 12:00:00	10315.634722	10250.32746781	10287.04293644	10306.19645374	544005.03430903	52.90639903	10282.4052342
3017	2019-09-15 16:00:00	10330.0	10285.20000003	10306.09645368	10304.68786065	414174.81859927	40.18798173	10305.93726706
3018	2019-09-15 20:00:00	10318.09999999	10273.05488649	10304.68786064	10295.88087366	226360.12541297	21.97827151	10299.26877143
3019	2019-09-16 00:00:00	10350.00000002	10301.10403943	10303.58090827	10303.1	330454.25298267	31.98768826	10330.67004707
3020	2019-09-16 04:00:00	10323.23764291	10287.57810936	10302.84388292	10302.20000049	745446.65418092	72.30978167	10309.07073655
3021	2019-09-16 08:00:00	10321.4296337	10277.33921144	10302.4558452	10277.33921144	259132.0123521	25.14600414	10305.09702095
3022	2019-09-16 12:00:00	10288.11294566	10113.9156	10288.11294566	10130.73702432	3149808.4844952	310.17076938	10155.07841306
3023	2019-09-16 16:00:00	10160.632628	10082.30314434	10130.0	10131.22359716	678879.69307537	66.94425502	10140.97016797
3024	2019-09-16 20:00:00	10320.4581213	10125.50000006	10129.81107893	10258.19999998	673852.28764458	65.79163465	10242.21834932
3025	2019-09-17 00:00:00	10258.19999997	10177.0	10258.19999997	10223.38243999	214726.59034616	21.01941064	10215.63325555
3026	2019-09-17 04:00:00	10225.24035324	10166.42143292	10225.15573316	10193.24453794	291956.34656441	28.6448516	10192.27994759
3027	2019-09-17 08:00:00	10201.42472333	10140.0	10197.72472268	10163.44999977	337598.76656277	33.2102377	10165.50286729
3028	2019-09-17 12:00:00	10242.0	10149.2857921	10158.0	10209.97826567	356782.59225621	34.9941159	10195.5023889
3029	2019-09-17 16:00:00	10263.99999999	10205.02127821	10207.61432295	10248.09172569	889641.47577314	86.86760236	10241.34949743
3030	2019-09-17 20:00:00	10268.03967019	10174.93	10248.09172569	10187.80747155	373487.88066933	36.50197978	10231.98968714
3031	2019-09-18 00:00:00	10257.88999983	10191.60000004	10191.60000004	10203.55511381	276109.8855838	27.02609318	10216.41876777
3032	2019-09-18 04:00:00	10227.05909736	10189.11404003	10210.10012847	10198.30611269	310918.66886789	30.45993364	10207.46376346
3033	2019-09-18 08:00:00	10200.15194291	10148.00851916	10198.30611269	10165.46350534	590157.42511219	58.00306908	10174.58962901
3034	2019-09-18 12:00:00	10199.91	10090.86864049	10162.36767898	10178.06287502	320188.05822955	31.49370671	10166.73144186
3035	2019-09-18 16:00:00	10210.65133992	10130.55502712	10176.60000117	10181.32217418	294873.30320857	28.94472812	10187.46149509
3036	2019-09-18 20:00:00	10216.67979999	10138.18439	10179.9	10164.35519547	130059.84887107	12.7711999	10183.83941128
3037	2019-09-19 00:00:00	10176.99899924	9700.0	10153.15811	9820.63024009	5459568.0885274	553.86747164	9857.17408599
3038	2019-09-19 04:00:00	9920.90756848	9791.1410049	9822.27734669	9875.2	1320766.7768351	134.05385618	9852.50864444
3039	2019-09-19 08:00:00	9890.96265687	9825.0	9874.32559847	9858.94	377222.25966664	38.25047499	9861.89739513
3040	2019-09-19 12:00:00	9889.15543603	9850.17393939	9860.43349952	9879.98865926	282724.05281923	28.64046281	9871.49036992
3041	2019-09-19 16:00:00	10100.0	9877.85579691	9880.80676827	10082.41358154	1400154.8356727	139.69741532	10022.76837023
3042	2019-09-19 20:00:00	10265.82954118	10087.23240787	10087.23240787	10243.92000013	3619684.8905645	353.52047151	10238.96826993
3043	2019-09-20 00:00:00	10265.82954118	10152.73000001	10244.3316609	10224.88	515570.94148802	50.50612125	10208.08822233
3044	2019-09-20 04:00:00	10220.33847938	10140.01000001	10220.33847938	10152.06	329588.27003957	32.39943629	10172.65445884
3045	2019-09-20 08:00:00	10174.93	10125.00000001	10157.39999965	10174.93	335316.51135694	33.05492	10144.22395688
3046	2019-09-20 12:00:00	10227.69342703	10145.5516833	10171.205	10179.9	421656.2026468	41.41094059	10182.24161632
3047	2019-09-20 16:00:00	10193.93497357	10069.08423204	10178.36999991	10157.63682368	407828.70162362	40.23829866	10135.33661225
3048	2019-09-20 20:00:00	10181.43954	10088.83556589	10170.09999999	10163.24200001	158141.67218341	15.59362753	10141.4293678
3049	2019-09-21 00:00:00	10173.26576661	10117.50597	10166.7	10133.50260977	165480.67452505	16.30970324	10146.14871221
3050	2019-09-21 04:00:00	10123.20599198	9976.66325	10123.20599198	10075.99732525	531009.59323452	52.76451302	10063.76374654
3051	2019-09-21 08:00:00	10083.05180794	9988.0	10077.11532612	10051.25999992	517795.77633723	51.65026355	10025.0364809
3052	2019-09-21 12:00:00	10065.22448	9902.000002	10050.0	10039.56559994	2886885.0501803	288.3476409	10011.82129033
3053	2019-09-21 16:00:00	10054.9	9967.7905	10050.0083959	10010.62713486	625046.96465301	62.51231197	9998.78175923
3054	2019-09-21 20:00:00	10028.56249999	9948.47081699	10010.62713485	9984.52967214	237561.84894845	23.79954758	9981.78003804
3055	2019-09-22 00:00:00	10007.40297108	9869.0	9989.7	9881.1748309	578450.49952565	58.26324409	9928.22333463
3056	2019-09-22 04:00:00	10050.20118999	9861.98417983	9875.09999977	10034.3878698	462791.29441234	46.49207483	9954.19748644
3057	2019-09-22 08:00:00	10087.0	9984.8174	10034.3878698	10002.29994009	462968.90973987	46.17451955	10026.50193768
3058	2019-09-22 12:00:00	10053.76848531	9922.08795	10007.24439996	9988.904	565834.05802318	56.6426924	9989.533231
3059	2019-09-22 16:00:00	10029.0099999	9961.63363997	9995.19753	9992.7	384461.06962209	38.46831536	9994.2268338
3060	2019-09-22 20:00:00	10065.237	9992.66115762	9992.66115762	10028.28475599	255165.62693601	25.44644531	10027.5548835
3061	2019-09-23 00:00:00	10045.0434798	9890.0	10030.64091866	9964.62805012	3600863.7180104	362.18872944	9941.95408448
3062	2019-09-23 04:00:00	9978.60454	9879.15346	9963.94229415	9898.15555346	589108.15444634	59.30995022	9932.70357269
3063	2019-09-23 08:00:00	9965.20000004	9900.00000001	9900.00000002	9922.8	288915.5212753	29.06395203	9940.68256708
3064	2019-09-23 12:00:00	9950.0	9708.10000003	9921.69999969	9868.19641996	1919693.76335	195.03907801	9842.61094205
3065	2019-09-23 16:00:00	9880.52701746	9787.64418999	9875.0	9808.419511	3510517.9110203	357.4670809	9820.53480891
3066	2019-09-23 20:00:00	9832.0	9645.776	9808.0	9697.199	3984331.853134	408.54816347	9752.41650652
3067	2019-09-24 00:00:00	9783.39810866	9612.33919331	9704.0	9721.95521785	578735.13394327	59.66904251	9699.08531457
3068	2019-09-24 04:00:00	9781.36098	9688.68325403	9718.83119948	9754.8	356687.04787606	36.57095708	9753.28720809
3069	2019-09-24 08:00:00	9766.54261998	9680.47421809	9754.8	9727.0	2102052.9069927	216.52613291	9708.07947632
3070	2019-09-24 12:00:00	9727.0	9417.0	9727.0	9520.53915222	2640004.3320072	276.2522287	9556.49966854
3071	2019-09-24 16:00:00	9605.7165658	7906.6	9522.33232809	8330.0	10027084.783019	1161.23339033	8634.85744254
3072	2019-09-24 20:00:00	8769.71585	8121.60241995	8330.0	8501.53413007	4124000.2391608	482.37365975	8549.38937026
3073	2019-09-25 00:00:00	8720.0	8501.53413008	8503.31429997	8558.99926081	1526869.3062417	176.7444509	8638.85286619
3074	2019-09-25 04:00:00	8586.29318017	8323.51	8558.99926081	8328.89999998	2046747.4778164	241.05773904	8490.69391411
3075	2019-09-25 08:00:00	8450.4	8220.92969954	8338.68999966	8315.10312004	1658550.4392307	199.07098406	8331.45245683
3076	2019-09-25 12:00:00	8442.225	8250.00000013	8315.10312	8300.0	925016.73861357	110.59921038	8363.68302662
3077	2019-09-25 16:00:00	8405.01933999	8243.0432	8307.29999998	8351.2691	780324.02526878	93.50935873	8344.87623342
3078	2019-09-25 20:00:00	8619.9	8326.79235963	8345.80298	8433.3339948	2052959.4056876	243.12179491	8444.16028784
3079	2019-09-26 00:00:00	8447.03729	8320.0	8436.4312666	8362.5364464	701423.55820271	83.60590466	8389.64139022
3080	2019-09-26 04:00:00	8433.02381875	8344.4872761	8358.4000001	8380.45139	383953.17263761	45.7216692	8397.61932046
3081	2019-09-26 08:00:00	8459.22999999	8367.73461619	8380.0913897	8398.9120857	609857.91931715	72.40999751	8422.28891435
3082	2019-09-26 12:00:00	8432.4203462	7900.0	8392.26443964	7951.50882303	6386723.3732223	785.02529025	8135.6912351
3083	2019-09-26 16:00:00	8155.78622024	7766.6	7928.56626985	8120.0	4594072.0947761	580.14888252	7918.78125287
3084	2019-09-26 20:00:00	8136.87114116	8002.91000003	8120.76346865	8037.41157048	3409906.7064769	421.9774446	8080.77955377
3085	2019-09-27 00:00:00	8070.0	7938.8	8047.99999999	8002.11906581	1782255.4142939	222.32534732	8016.4292366
3086	2019-09-27 04:00:00	8080.444818	7954.92756082	8028.526093	8055.9342451	518157.24512469	64.56993029	8024.74530787
3087	2019-09-27 08:00:00	8125.20682874	7952.0	8061.8467784	7991.73541598	752357.6033528	93.64290462	8034.32578694
3088	2019-09-27 12:00:00	8088.60113692	7866.6	7986.80356419	7977.69962293	1260517.4715204	158.47201882	7954.19583158
3089	2019-09-27 16:00:00	8059.21704181	7946.49836502	7982.22765185	7999.34808855	582085.45002036	72.67189329	8009.77411855
3090	2019-09-27 20:00:00	8260.0	7992.31	7999.34808855	8166.6136	2471461.465752	302.35829426	8173.94962423
3091	2019-09-28 00:00:00	8200.0	8102.43000001	8166.61360001	8141.0	313924.81694336	38.47502211	8159.18483544
3092	2019-09-28 04:00:00	8200.0	7700.98129344	8157.11446284	8182.65622443	1954048.6640395	245.54911002	7957.87312721
3093	2019-09-28 08:00:00	8230.0	8126.92000001	8189.13031768	8139.59137136	204984.18057449	25.05548738	8181.20906872
3094	2019-09-28 12:00:00	8136.31150759	8006.18979996	8136.31150759	8048.55469835	405383.81511584	50.25211838	8066.99952528
3095	2019-09-28 16:00:00	8179.30507095	8032.04855137	8064.72285866	8146.49244129	523059.97213231	64.25596694	8140.25524852
3096	2019-09-28 20:00:00	8309.49	8069.96999991	8146.53527624	8205.90000002	1787473.9982641	218.4259437	8183.43264534
3097	2019-09-29 00:00:00	8217.85405642	8138.16238683	8192.46544036	8139.29999987	151842.358473	18.56375702	8179.5058139
3098	2019-09-29 04:00:00	8136.36344397	8046.87730001	8130.89989994	8079.99999999	208020.17759377	25.73575924	8082.92367261
3099	2019-09-29 08:00:00	8112.4603651	8036.82000001	8080.0	8083.49732961	252693.78741611	31.34212611	8062.43285887
3100	2019-09-29 12:00:00	8082.29732912	7894.00000001	8071.65814839	7954.23416095	1289529.7934829	161.70357892	7974.65215114
3101	2019-09-29 16:00:00	8023.93358136	7927.29	7950.76051093	7959.67989955	740612.1526803	92.78461248	7982.05793918
3102	2019-09-29 20:00:00	8120.79086618	7919.16798559	7936.37858914	8049.34563487	432050.30208292	53.7576107	8037.00715967
3103	2019-09-30 00:00:00	8047.55479429	7963.01056562	8047.21952532	7985.10755165	2514473.0511485	314.9518348	7983.6748776
3104	2019-09-30 04:00:00	7985.10755165	7723.0	7985.10755165	7811.61564989	1831653.0215655	233.06886597	7858.84898844
3105	2019-09-30 08:00:00	8090.9	7779.1643227	7800.0	8032.16290151	1955822.9630145	245.42857417	7969.01081966
3106	2019-09-30 12:00:00	8298.30235253	7996.234059	8034.38000628	8269.99999999	2770795.8586884	340.32144411	8141.70222489
3107	2019-09-30 16:00:00	8315.42	8193.30000002	8270.0	8252.44965947	561581.89885009	68.05210585	8252.2339586
3108	2019-09-30 20:00:00	8281.75679901	8135.0	8261.54	8280.47096847	424514.25804818	51.6632542	8216.94770532
3109	2019-10-01 00:00:00	8490.05999999	8173.85142	8281.75679901	8402.55	1003412.8922893	120.15426504	8351.03849168
3110	2019-10-01 04:00:00	8459.99999999	8347.27212179	8399.46225179	8411.80953181	436435.22678155	51.96601453	8398.47409367
3111	2019-10-01 08:00:00	8410.00614583	8288.62692514	8405.55906034	8353.03578881	722966.146994	86.82942152	8326.28081977
3112	2019-10-01 12:00:00	8416.19926227	8279.20818177	8361.81363963	8362.5762	873937.47757179	104.73643666	8344.15897123
3113	2019-10-01 16:00:00	8482.92397999	8235.59292	8360.0	8306.01226502	1256609.4444259	150.947476	8324.81256212
3114	2019-10-01 20:00:00	8404.09103623	8273.17163087	8306.03226671	8299.89999999	452510.34601089	54.30300279	8333.06304921
3115	2019-10-02 00:00:00	8328.67177845	8203.85	8300.0	8241.14811318	429455.00851769	52.03592596	8253.04826607
3116	2019-10-02 04:00:00	8254.59999985	8155.67956077	8233.90066989	8204.27094825	777999.71351936	94.90032397	8198.07226122
3117	2019-10-02 08:00:00	8278.47999997	8202.68426668	8203.85	8270.0	317786.82641421	38.53624336	8246.44020034
3118	2019-10-02 12:00:00	8290.83948	8193.85775047	8276.49999999	8233.9869664	571018.15452484	69.24010078	8246.9284142
3119	2019-10-02 16:00:00	8268.73637997	8188.03140005	8227.72769706	8256.24897151	553596.31927454	67.30444653	8225.25624704
3120	2019-10-02 20:00:00	8369.398171	8216.44	8252.38103754	8357.89978089	1039239.9852448	125.14975967	8303.9710822
3121	2019-10-03 00:00:00	8392.03072904	8311.10715387	8362.88157415	8325.20766315	578668.21726455	69.35608197	8343.43868378
3122	2019-10-03 04:00:00	8366.28834	8240.50905163	8325.354362	8256.27966126	960365.54201339	115.68021039	8301.90002918
3123	2019-10-03 08:00:00	8290.03322893	8168.10000011	8247.41988338	8223.07999999	980675.48518037	119.11128725	8233.27081607
3124	2019-10-03 12:00:00	8242.10999999	8050.0	8212.47508527	8119.43127945	2362774.5901597	290.21472151	8141.47048732
3125	2019-10-03 16:00:00	8203.74321367	8090.0	8118.03325999	8145.17893976	583758.80291947	71.59744304	8153.34707684
3126	2019-10-03 20:00:00	8274.0	8113.01853808	8150.49990435	8214.26248971	556502.06305863	67.92171651	8193.28620731
3127	2019-10-04 00:00:00	8223.60000001	8030.0	8223.60000001	8113.88336297	688149.94852582	84.79314649	8115.63171095
3128	2019-10-04 04:00:00	8142.94259426	8008.0	8094.16668922	8138.25778999	939020.68748783	116.20452374	8080.75845299
3129	2019-10-04 08:00:00	8173.91826	8089.28134	8135.30714097	8150.68813308	571017.32194199	70.19191827	8135.08643182
3130	2019-10-04 12:00:00	8178.34999972	8123.69000005	8164.30000001	8147.40435365	349434.99116813	42.9062887	8144.14394149
3131	2019-10-04 16:00:00	8202.5297	8128.81744526	8133.60000001	8177.60889088	935975.24653248	114.53390932	8172.03614274
3132	2019-10-04 20:00:00	8214.914692	8128.4113658	8181.0121181	8135.75597232	592168.92260473	72.40851725	8178.16667285
3133	2019-10-05 00:00:00	8143.1258762	8095.05	8135.75597232	8128.77192361	305588.15290326	37.65951734	8114.49998533
3134	2019-10-05 04:00:00	8141.90349457	8095.05000001	8132.84345241	8107.22273663	155552.8236921	19.16770939	8115.35799751
3135	2019-10-05 08:00:00	8107.22273663	8067.36494012	8107.22273663	8083.50880988	412902.10123564	51.06451804	8085.8904986
3136	2019-10-05 12:00:00	8090.71475999	8015.0	8081.2999992	8083.1	465992.38169692	57.85108853	8055.03221353
3137	2019-10-05 16:00:00	8099.00369997	8033.09026001	8090.51469996	8074.51885224	315907.73451644	39.17597779	8063.81237527
3138	2019-10-05 20:00:00	8180.0	8056.3216471	8069.23	8123.70530665	895082.04016149	110.34797307	8111.4497644
3139	2019-10-06 00:00:00	8154.40999993	8012.9921	8126.92	8040.49247861	1338120.2795185	165.86622527	8067.46688387
3140	2019-10-06 04:00:00	8079.07033056	7909.99999997	8042.34328074	7967.28999996	1095243.4063326	137.24251848	7980.35053905
3141	2019-10-06 08:00:00	7968.69999925	7864.60612158	7956.78322558	7938.90000002	687391.9396258	86.80281962	7919.0047355
3142	2019-10-06 12:00:00	8049.99999999	7865.17399278	7939.80000001	8009.59546614	3001967.9316005	379.30536421	7914.38301394
3143	2019-10-06 16:00:00	8024.3307425	7800.0	8009.59546614	7894.4149347	2838040.7748468	361.14052682	7858.54968933
3144	2019-10-06 20:00:00	7922.72775126	7800.0	7889.28949458	7862.0	1099078.2398127	139.88596542	7856.95860562
3145	2019-10-07 00:00:00	7898.5	7771.1272	7862.0	7859.04145356	1273023.74748	162.73387197	7822.73371898
3146	2019-10-07 04:00:00	7882.81870859	7806.48171845	7868.70639343	7856.3227263	281676.76158863	35.88780745	7848.8150044
3147	2019-10-07 08:00:00	8056.0	7862.75918128	7862.75918128	7986.31841632	1175339.7051426	147.64035366	7960.82965128
3148	2019-10-07 12:00:00	8211.1111	7983.89999988	7983.89999988	8171.98718657	1872190.3073823	230.30397676	8129.21397937
3149	2019-10-07 16:00:00	8293.21419929	8140.0	8176.47439115	8211.99999999	1707070.0179776	207.47130515	8227.98129477
3150	2019-10-07 20:00:00	8239.65908606	8159.99443312	8210.81621472	8188.96999999	618250.14818027	75.4352588	8195.77155318
3151	2019-10-08 00:00:00	8299.0	8187.69445095	8188.97	8244.51000022	708378.74524092	85.87419751	8249.02899568
3152	2019-10-08 04:00:00	8270.87404872	8190.0	8254.9871255	8202.01027304	484608.93628884	58.91138869	8226.06540203
3153	2019-10-08 08:00:00	8200.28	8127.89000001	8198.00000001	8177.21730321	841512.41775932	103.12285953	8160.2897902
3154	2019-10-08 12:00:00	8236.27361701	8136.01200356	8165.80000016	8182.58209299	1310903.1879248	160.17706283	8184.08806332
3155	2019-10-08 16:00:00	8208.29285976	8160.74	8179.2773955	8165.10649814	671570.71541916	82.14411991	8175.51781131
3156	2019-10-08 20:00:00	8209.22156	8107.7216428	8167.22341928	8168.29932128	968918.67372446	118.64121046	8166.7969331
3157	2019-10-09 00:00:00	8199.31588855	8120.98145854	8168.29932128	8120.98145854	935918.24589225	114.62244531	8165.22665662
3158	2019-10-09 04:00:00	8187.72044107	8118.03235814	8120.25953932	8176.03030509	316533.4227226	38.82496756	8152.83160851
3159	2019-10-09 08:00:00	8230.5999999	8156.48390121	8176.03030508	8187.671626	826543.40170508	100.87728377	8193.55330373
3160	2019-10-09 12:00:00	8650.0	8160.30000001	8184.87021298	8552.44694521	3752300.0728954	445.57506993	8421.25227851
3161	2019-10-09 16:00:00	8677.59062	8500.00000001	8556.56246154	8578.21991595	2083684.8123855	242.83570186	8580.63619321
3162	2019-10-09 20:00:00	8612.49677995	8520.79999988	8584.19486036	8557.6500005	1020217.7209186	118.94503098	8577.22018745
3163	2019-10-10 00:00:00	8583.74344587	8480.00000002	8559.87075082	8541.65513888	984537.10756675	115.3851251	8532.61723912
3164	2019-10-10 04:00:00	8642.0	8537.00001	8546.3102037	8612.27513286	1008491.5331477	117.46179057	8585.69861955
3165	2019-10-10 08:00:00	8616.85584093	8464.99999999	8616.11936379	8529.30334412	1879198.2742399	220.42286851	8525.42336892
3166	2019-10-10 12:00:00	8546.56354	8422.22442288	8527.52000001	8534.2901774	1264898.9660125	149.29957361	8472.22088735
3167	2019-10-10 16:00:00	8567.27036568	8487.97351815	8535.55702415	8551.45569538	959593.20800578	112.6206035	8520.58307435
3168	2019-10-10 20:00:00	8580.70932459	8519.33051282	8550.12208127	8556.34174685	754871.20621166	88.30723334	8548.23753004
3169	2019-10-11 00:00:00	8567.10735781	8482.75862068	8558.54461617	8549.13136537	746580.26904145	87.6121973	8521.41930061
3170	2019-10-11 04:00:00	8770.0	8363.28587597	8553.04356498	8390.74347092	6303112.1637904	739.31063044	8525.66148012
3171	2019-10-11 08:00:00	8398.99999996	8280.0	8392.49110345	8301.91474494	2096913.5936653	251.63285247	8333.22665574
3172	2019-10-11 12:00:00	8354.63920487	8278.48000001	8299.99999999	8344.33462004	1397706.5745549	167.82955243	8328.1314543
3173	2019-10-11 16:00:00	8366.17910419	8283.68786	8341.99375079	8340.51	1363938.3208516	163.81578037	8326.04965022
3174	2019-10-11 20:00:00	8356.83985332	8220.0	8340.64925011	8235.8500005	872439.78223008	105.26808793	8287.78976977
3175	2019-10-12 00:00:00	8327.05662581	8245.16979005	8245.16979005	8314.4499988	583473.60344167	70.43598419	8283.74317689
3176	2019-10-12 04:00:00	8354.33705999	8308.33240309	8313.68802037	8335.25480001	324702.11855522	38.97294312	8331.47544324
3177	2019-10-12 08:00:00	8362.87962999	8295.89999998	8335.55480001	8317.13723691	574875.06101394	69.12825582	8316.06488829
3178	2019-10-12 12:00:00	8398.918224	8308.47843489	8318.73693027	8373.57428677	839580.82198985	100.70873742	8336.72274619
3179	2019-10-12 16:00:00	8390.58745915	8293.40679066	8373.60000001	8303.97320393	969197.17527749	116.36289514	8329.09128044
3180	2019-10-12 20:00:00	8345.3267959	8295.32872073	8315.99999939	8301.78354408	493529.75477175	59.28154511	8325.18372886
3181	2019-10-13 00:00:00	8360.1094028	8281.46072227	8291.30138248	8331.80660657	242167.33661557	29.08031478	8327.53491314
3182	2019-10-13 04:00:00	8351.97390889	8309.49000001	8332.60000223	8326.49999954	194769.08973095	23.39106025	8326.64649012
3183	2019-10-13 08:00:00	8373.58212176	8318.57021264	8319.40000288	8352.32872487	350829.21781125	42.05589378	8341.97507836
3184	2019-10-13 12:00:00	8432.22999999	8345.57374351	8354.02006433	8411.80017055	886747.04746101	105.58627488	8398.31738044
3185	2019-10-13 16:00:00	8456.08461	8398.24280622	8411.70017052	8425.78850691	547025.63508031	64.89093764	8429.92342189
3186	2019-10-13 20:00:00	8431.51522814	8162.62400001	8431.51522813	8281.87357591	1209805.5687501	146.39619541	8263.91399969
3187	2019-10-14 00:00:00	8306.15974445	8247.46	8278.48	8286.47285606	789697.77272225	95.34094981	8282.88132534
3188	2019-10-14 04:00:00	8328.52407783	8275.43284569	8290.99999985	8301.21429281	878480.24199651	105.79582671	8303.54343186
3189	2019-10-14 08:00:00	8323.65745995	8278.99999996	8303.07108432	8283.66749539	727503.57156959	87.62592867	8302.37787618
3190	2019-10-14 12:00:00	8290.77498745	8245.24025472	8278.48	8252.96172774	694085.71854716	83.98324509	8264.57369923
3191	2019-10-14 16:00:00	8384.05283992	8208.2828211	8252.90141288	8322.00000023	1517250.9742527	182.49899994	8313.74952603
3192	2019-10-14 20:00:00	8350.0	8244.07609776	8337.68634566	8345.08962667	655639.66625991	78.85021329	8315.00181043
3193	2019-10-15 00:00:00	8384.8989	8310.00000001	8345.08962666	8310.31701032	263758.55104427	31.5808879	8351.84089438
3194	2019-10-15 04:00:00	8340.50999997	8277.76362018	8310.31701032	8280.00000029	537119.19683663	64.63866831	8309.56470607
3195	2019-10-15 08:00:00	8314.59	8259.7114552	8282.49063073	8289.88789887	593465.17085476	71.63808223	8284.21354091
3196	2019-10-15 12:00:00	8349.0	8233.00000002	8290.43179171	8309.49	712739.67349816	86.07629641	8280.32458672
3197	2019-10-15 16:00:00	8309.79118996	8100.0	8309.49000002	8168.72875386	1569645.622387	191.96486539	8176.7338997
3198	2019-10-15 20:00:00	8175.89174999	8128.32277722	8172.53446014	8163.15567182	381254.7963997	46.77179147	8151.38322516
3199	2019-10-16 00:00:00	8179.99999992	8146.45956532	8160.95567154	8165.94906306	314284.76998657	38.50977848	8161.16795244
3200	2019-10-16 04:00:00	8177.71694443	8126.92277719	8166.39999999	8138.08784974	509994.19799214	62.52719599	8156.35804416
3201	2019-10-16 08:00:00	8160.65307049	8002.24705	8137.78784937	8054.5478194	1601312.8848512	197.5883106	8104.28957051
3202	2019-10-16 12:00:00	8054.24781935	7935.85341091	8054.24781935	7951.79000008	1394615.0653234	174.76287462	7980.04191883
3203	2019-10-16 16:00:00	8011.12626443	7921.5981865	7951.19	7960.1150887	1266031.8778372	158.84351848	7970.3087035
3204	2019-10-16 20:00:00	8022.81180033	7960.1150886	7960.1150886	8000.03045398	628800.77810564	78.60567362	7999.43247284
3205	2019-10-17 00:00:00	7990.3	7954.84687635	7990.17114799	7970.1798737	349826.23956563	43.86677402	7974.74278382
3206	2019-10-17 04:00:00	7986.12654845	7934.82663091	7972.99007866	7977.79999999	420813.08255721	52.84502258	7963.15456049
3207	2019-10-17 08:00:00	8112.55502	7973.3411726	7977.39999983	8070.41785524	1496671.8629795	185.78673236	8055.85976978
3208	2019-10-17 12:00:00	8087.39274521	8019.58909145	8066.54225142	8071.30295866	1113104.7705447	138.15379995	8056.99713614
3209	2019-10-17 16:00:00	8117.18819994	8044.8546915	8074.96862006	8050.25549612	695277.83994151	86.05436577	8079.51849647
3210	2019-10-17 20:00:00	8072.70975594	8035.50000002	8057.75062867	8072.70975588	511172.61922857	63.43592373	8058.09372941
3211	2019-10-18 00:00:00	8113.83999974	8048.55797156	8070.8303962	8063.6	459758.93907197	56.94284449	8074.04236984
3212	2019-10-18 04:00:00	8072.67946458	7858.97181408	8062.6857773	7914.99999946	2053728.6768695	258.47802439	7945.46724703
3213	2019-10-18 08:00:00	7936.99999998	7818.0	7912.57224011	7922.89219446	1198724.7421534	152.15549428	7878.28758879
3214	2019-10-18 12:00:00	7964.51734965	7894.57734314	7922.11537833	7915.70000054	964001.01892236	121.67506441	7922.7491976
3215	2019-10-18 16:00:00	7981.8814759	7904.5113001	7919.64081934	7941.00003495	1589688.9477309	200.20454951	7940.32379195
3216	2019-10-18 20:00:00	7975.0	7915.27645381	7948.30996935	7949.72534466	588818.94881583	74.10257404	7945.99858971
3217	2019-10-19 00:00:00	7960.80502312	7901.70932951	7948.16	7942.41627297	313962.662999	39.64076428	7920.19701692
3218	2019-10-19 04:00:00	7961.21237972	7915.8811066	7942.41627297	7940.41488812	102687.52281856	12.92749418	7943.34318691
3219	2019-10-19 08:00:00	7991.02861106	7922.23230003	7931.70000001	7945.32168003	433386.59935584	54.48111963	7954.80346768
3220	2019-10-19 12:00:00	8089.66149787	7877.00000001	7945.12168001	7992.09999873	818460.31557776	102.52988386	7982.65134773
3221	2019-10-19 16:00:00	8002.69999963	7955.76142545	7992.09999865	7974.50661325	702597.72753412	88.04750442	7979.75742938
3222	2019-10-19 20:00:00	7980.59999926	7899.0	7974.9066135	7952.26047833	459974.48335781	57.9863218	7932.46526214
3223	2019-10-20 00:00:00	7953.54367503	7873.92836958	7953.54367503	7907.79998705	400713.68764562	50.67357932	7907.74389776
3224	2019-10-20 04:00:00	7940.1742855	7901.75	7909.59999707	7909.65764216	164726.27324114	20.79405979	7921.7947291
3225	2019-10-20 08:00:00	7976.67665032	7888.83497953	7916.62408219	7939.10224164	325103.57837152	41.01194102	7927.0468621
3226	2019-10-20 12:00:00	8036.82	7939.10224167	7947.16712558	8029.39714806	616775.17192966	77.28838142	7980.17969321
3227	2019-10-20 16:00:00	8239.54784187	8001.03768708	8019.20000007	8228.17810539	848204.62942256	104.21027766	8139.35677428
3228	2019-10-20 20:00:00	8293.43406172	8169.13130122	8237.48563027	8221.11725194	651060.80694834	79.14214233	8226.47438874
3229	2019-10-21 00:00:00	8252.0	8180.55739368	8225.95659995	8217.66468615	371317.25196463	45.19805937	8215.33617018
3230	2019-10-21 04:00:00	8245.0	8200.0	8217.66468614	8216.29725039	804059.43899531	97.74095727	8226.43302719
3231	2019-10-21 08:00:00	8272.61219998	8190.75769486	8214.5	8223.92000027	239566.97398164	29.14598816	8219.55229881
3232	2019-10-21 12:00:00	8338.26944733	8115.71276396	8230.89999984	8190.00000001	1067232.8971846	129.91934903	8214.58008489
3233	2019-10-21 16:00:00	8198.56839851	8148.01205279	8191.34946839	8185.89999768	715250.19548818	87.54259951	8170.3102203
3234	2019-10-21 20:00:00	8227.80114083	8181.00000005	8181.00000005	8199.04394432	442722.28120432	54.03395475	8193.40881585
3235	2019-10-22 00:00:00	8205.08579717	8161.18853724	8181.0011008	8201.09999985	403212.71627856	49.29533143	8179.53150089
3236	2019-10-22 04:00:00	8220.84527625	8184.45323077	8201.39999989	8209.89999999	674843.3794357	82.26863012	8202.92471688
3237	2019-10-22 08:00:00	8276.32074801	8203.9908596	8209.89999999	8275.89361503	455047.59312343	55.20636527	8242.66533212
3238	2019-10-22 12:00:00	8293.62418282	8148.87662785	8275.89361504	8207.99999999	804285.39943612	97.87073837	8217.83316271
3239	2019-10-22 16:00:00	8215.78947368	8160.5263158	8198.50000001	8163.00000029	544736.5737584	66.49607755	8192.01062421
3240	2019-10-22 20:00:00	8162.00000001	7995.0	8162.00000001	8022.14757244	1168648.4542291	144.98013865	8060.74863157
3241	2019-10-23 00:00:00	8046.86041112	7944.28227859	8022.0	7959.72574463	1209123.2018735	150.87400317	8014.12553832
3242	2019-10-23 04:00:00	7984.33999939	7928.52322252	7957.24006283	7961.04074854	1026273.4390525	128.94798716	7958.81705217
3243	2019-10-23 08:00:00	8010.75525424	7950.0	7961.04074854	7958.65527908	730703.81430427	91.45578848	7989.69454474
3244	2019-10-23 12:00:00	7962.96889435	7430.00000001	7962.96889434	7446.10242481	5128586.698957	676.36226062	7582.6032846
3245	2019-10-23 16:00:00	7536.25063822	7305.76084001	7431.72000034	7484.9809136	3430983.4810018	459.71029846	7463.36006066
3246	2019-10-23 20:00:00	7494.49999991	7400.0	7480.88436001	7465.12909912	1050834.8684651	141.23547166	7440.30416802
3247	2019-10-24 00:00:00	7497.36628144	7401.7431009	7464.20356194	7411.1882792	805222.01255883	108.17259668	7443.86320817
3248	2019-10-24 04:00:00	7437.86891798	7343.79989326	7411.18827923	7416.70500629	937133.85561698	126.55065175	7405.2076592
3249	2019-10-24 08:00:00	7475.44942508	7390.29999911	7422.72091061	7426.29999996	909902.24235607	122.39935047	7433.88129807
3250	2019-10-24 12:00:00	7497.93007915	7412.5268586	7425.63633357	7434.10631741	2007521.4362308	269.51866265	7448.54332717
3251	2019-10-24 16:00:00	7469.87251543	7411.13131061	7433.38833532	7467.39851338	1259495.6566062	169.26859033	7440.81140009
3252	2019-10-24 20:00:00	7465.30000049	7411.45691337	7465.30000049	7415.0	342858.58568814	46.06225359	7443.37410713
3253	2019-10-25 00:00:00	7452.90394577	7411.13131061	7415.00000001	7431.7102602	172588.41688855	23.23323728	7428.51350453
3254	2019-10-25 04:00:00	7464.85894599	7382.21400002	7440.50001627	7457.40000024	554319.81287278	74.59426069	7431.13220434
3255	2019-10-25 08:00:00	7640.98933133	7441.07000005	7460.7	7575.33725438	1199410.9538183	159.21056333	7533.48853701
3256	2019-10-25 12:00:00	8400.0	7575.33725437	7575.33725437	8262.99979998	3586929.8247245	452.89322023	7920.03426967
3257	2019-10-25 16:00:00	8750.60000015	8250.0	8250.00000002	8629.04543979	5464636.6674227	643.32319873	8494.38770156
3258	2019-10-25 20:00:00	8694.34559945	8549.85569116	8633.87134318	8656.9899841	1255246.477585	145.76958746	8611.16848484
